:100000000C944E740C94537C0C947E7C0C94A97CC0
:100010000C94D47C0C94FF7C0C942A7D0C94557D1C
:100020000C94807D0C94EC740C94EC740C94EC7433
:100030000D94DD420C94EC740C94EC740C94EC7400
:100040000C94EC740C94DB7D0C94EC740C94EC74B8
:100050000C94EC740C9413CD0C94EC740C94EC7420
:100060000C94EC740C948C7E0C944B7E0C94307E2F
:100070000C94EC740C94EC740C94EC740C94EC7480
:100080000C94EC740C94EC740C94EC740C94EC7470
:100090000C94457F0C94047F0C94E97E0C94B18FF2
:1000A0000C94EC740C94EC740C94EC740C94EC7450
:1000B0000C94EC740C94EC740C94EC740C94EC7440
:1000C0000C94EC740C94EC740C94EC74028A028A18
:1000D000068A1A8A118B028A028A2E8AF989118B62
:1000E000118BF689018B0D8B7C8C848C8E8CA78C6C
:1000F000F78C0B8D1F8D338D3B8D7F8D058ED68DAF
:10010000F78D028E1EE920E92AE92EE938E92CE96B
:100110003BE971EB2EEA6FEADEEA10EB6FEA4DEB9A
:10012000F9EC7DEC99ECBEECD5EC99ECEAEC0D9495
:10013000D81B0D94FF1C0D9420200D947E200D944F
:10014000A1400D94941E0D94B8390D944C3E0D941D
:10015000D2040D949B1D0D94713A0D94B21E25731B
:10016000202F202573202F2025640D0A0049502FB1
:100170004D41432F54544C0D0A0061727000646E5F
:1001800073203C686F73746E616D653E0D0A0049A3
:1001900050207A75202573203D2025730D0A0064B8
:1001A0006E73003C2F7072653E003C7072653E00BD
:1001B00065656D656D203C70726F746563743E7C1F
:1001C0003C756E70726F746563743E203C6164644C
:1001D000205B6E616D652076616C5D3E203C6465E0
:1001E0006C205B6E616D655D3E203C7072696E7463
:1001F0003E203C636C65616E3E0D0A00636C656178
:100200006E007072696E740064656C0061646400F5
:10021000756E70726F7465637465740D0A00575261
:100220004954455F50524F54454354004F46460091
:10023000756E70726F746563740057524954455FF0
:1002400050524F54454354004F4E0070726F7465C6
:1002500063740065656D656D2E6367690065656D26
:10026000656D00666F6F2E6367690053657474690E
:100270006E67732073617665642C207265626F6FA0
:1002800074206E656365737361727920746F207476
:10029000616B6520656666656374210D0A003C74B8
:1002A000723E3C746420616C69676E3D22726967BE
:1002B0006874223E48617264776172652D4D4143D6
:1002C0003C2F74643E3C74643E3C696E70757420CF
:1002D0006E616D653D224D41432220747970653D0C
:1002E0002274657874222073697A653D2231372241
:1002F0002076616C75653D22257322206D61786CD6
:10030000656E6774683D223137223E3C2F74643E2F
:100310003C2F74723E3C74723E3C74643E3C2F74BD
:10032000643E3C74643E3C696E70757420747970F0
:10033000653D227375626D6974222076616C756506
:100340003D222053617665206368616E6765732086
:10035000223E3C2F74643E3C2F74723E3C2F7461ED
:10036000626C653E3C2F666F726D3E004D414300EE
:100370003C74723E3C746420616C69676E3D22720D
:1003800069676874223E444E532D536572766572D8
:100390003C2F74643E3C74643E3C696E70757420FE
:1003A0006E616D653D22444E532220747970653D27
:1003B0002274657874222073697A653D2231352272
:1003C0002076616C75653D22257322206D61786C05
:1003D000656E6774683D223135223E3C2F74643E61
:1003E0003C2F74723E00444E53003C74723E3C7489
:1003F0006420616C69676E3D227269676874223E91
:10040000476174657761793C2F74643E3C74643E47
:100410003C696E707574206E616D653D2247415474
:10042000452220747970653D2274657874222073AA
:10043000697A653D223135222076616C75653D22F1
:10044000257322206D61786C656E6774683D22317A
:1004500035223E3C2F74643E3C2F74723E0047416F
:100460005445003C74723E3C746420616C69676E54
:100470003D227269676874223E4E65746D61736BCC
:100480003C2F74643E3C74643E3C696E707574200D
:100490006E616D653D224D41534B2220747970652C
:1004A0003D2274657874222073697A653D22313566
:1004B000222076616C75653D22257322206D61785E
:1004C0006C656E6774683D223135223E3C2F746442
:1004D0003E3C2F74723E004D41534B003C74723EC3
:1004E0003C746420616C69676E3D22726967687450
:1004F000223E495020616464726573733C2F7464BA
:100500003E3C74643E3C696E707574206E616D652E
:100510003D2249502220747970653D2274657874BB
:10052000222073697A653D223135222076616C750F
:10053000653D22257322206D61786C656E67746855
:100540003D223135223E3C2F74643E3C2F74723E76
:10055000004950003E3C2F74643E3C2F74723E00B4
:10056000636865636B6564006F6E004448435000C8
:100570003C74723E3C746420616C69676E3D22720B
:1005800069676874223E4448435020616374697609
:10059000653C2F74643E3C74643E3C696E707574B7
:1005A00020747970653D22636865636B626F7822A1
:1005B000206E616D653D2244484350222076616C77
:1005C00075653D226F6E22200044484350003C6612
:1005D0006F726D20616374696F6E3D226E65747712
:1005E0006F726B2E636769223E3C7461626C65209A
:1005F000626F726465723D2230222063656C6C709C
:10060000616464696E673D2235222063656C6C739A
:10061000706163696E673D2230223E00636F6E66D3
:100620006967003C2F7072653E0D0A007374617437
:1006300073006966636F6E666967003C7072653E41
:100640000D0A000D0A48572D4164723A20253032B8
:10065000783A253032783A253032783A2530327877
:100660003A253032783A253032780D0A0D0A0044A6
:100670004E533A25730D0A00476174657761793AE4
:1006800025730D0A004E65746D61736B3A25730D09
:100690000A0049503A25730D0A006E6574776F722F
:1006A0006B2E636769006966636F6E666967004DEC
:1006B000414300444E530047415445004D41534B84
:1006C0000049500044484350006E7470203C6E74E2
:1006D000707365727665723E0D0A004665686C65DA
:1006E000720D0A004E657565205A6569743A2025B9
:1006F0003032643A253032643A253032640D0A00D3
:10070000486F6C65205A65697420766F6E2025737A
:100710000D0A004665686C65720D0A006E74700003
:100720005554435A4F4E45005265736574007265C7
:100730007365740072657365740072657365740027
:100740003C666F726D20616374696F6E3D227265E5
:100750007365742E63676922206D6574686F643DEC
:100760002267657422206163636570742D6368611C
:10077000727365743D2249534F2D383835392D3108
:10078000223E3C703E3C696E7075742074797065D1
:100790003D227375626D697422206E616D653D2224
:1007A0007265736574222076616C75653D22726591
:1007B000736574223E3C2F703E3C2F666F726D3E17
:1007C0000072657365742E63676900726573657482
:1007D000003C2F424F44593E3C2F48544D4C3E0D57
:1007E0000A0D0A003C48544D4C3E3C484541443EAD
:1007F0003C6D65746120687474702D6571756976DF
:100800003D22726566726573682220636F6E74653F
:100810006E743D223630303B20223E3C5449544CCD
:10082000453E53747265616D696E673C2F5449543F
:100830004C453E3C2F484541443E3C424F445920A4
:100840006267636F6C6F723D2223323238423232FC
:100850002220746578743D22234646464646462249
:100860003E5A6569743A20253032643A2530326444
:100870003A253032642E2530326420282025752F09
:1008800025752F2530347520290050485354415484
:1008900032207C203078253034580D0A00504853DF
:1008A00054415431207C203078253034580D0A00D2
:1008B0005265762E494420207C2020203078253037
:1008C00032580D0A002D2D2D2D2D2D2D2D2B2D2D9A
:1008D0002D2D2D2D2D2D0D0A005265672E20202047
:1008E000207C20576572740D0A00454E4332384A09
:1008F00036303A0D0A005443502D54582045727238
:100900006F72733A202564205443502D525820456D
:1009100072726F72733A2025642028756E736F723D
:100920007465642025642C206F6C647365712025C8
:1009300064290D0A0D0A0045746865726E65743A83
:1009400020256C6420427974657320696E20256CC3
:1009500064205061636B6574656E204C6F636B45FA
:1009600072726F727320256C640D0A007374617467
:10097000732E636769007374617473003E200051C5
:10098000756974696E670D0A007175697400556E3A
:10099000642C206C6F73206765687427732E2E2E6D
:1009A00021212120282268656C70222068696C66EC
:1009B00074203A2D29290D0A3E200074656C6E655D
:1009C000740054656C6E65742D5365727665722083
:1009D000506F72742025642E0D0A006F6666006FDA
:1009E0006E003A202575003A202575003C62723E63
:1009F000003A20256C75003A20256C75003C627227
:100A00003E003A202573003A202573003C62723E76
:100A100000223E3C2F74643E3C2F74723E3C2F7487
:100A200061626C653E3C2F666F726D3E003C747275
:100A30003E3C74643E3C2F74643E3C74643E3C69AE
:100A40006E70757420747970653D227375626D697E
:100A500074222076616C75653D22003C2F73656CB5
:100A60006563743E3C2F74643E003C2F6F70746964
:100A70006F6E3E003C6F7074696F6E2076616C75AE
:100A8000653D222564223E003C6F7074696F6E20C4
:100A900073656C65637465642076616C75653D2271
:100AA0002564223E00222073697A653D2231223E70
:100AB000003A3C2F74643E3C74643E3C73656C6544
:100AC0006374206E616D653D22003C74723E3C741F
:100AD0006420616C69676E3D227269676874223EAA
:100AE000003E3C2F74643E3C2F74723E00206368CD
:100AF00065636B6564002220747970653D226368CC
:100B000065636B626F78222076616C75653D22317A
:100B100022002220747970653D2274657874222049
:100B200073697A653D222564222076616C75653D86
:100B300022257322206D61786C656E6774683D2292
:100B40002564223E3C2F74643E3C2F74723E00228A
:100B500020747970653D2274657874222073697AF7
:100B6000653D222564222076616C75653D22256CE9
:100B70007522206D61786C656E6774683D2225640E
:100B8000223E3C2F74643E3C2F74723E003A3C2F50
:100B900074643E3C74643E3C696E707574206E6192
:100BA0006D653D22003C74723E3C746420616C694A
:100BB000676E3D227269676874223E00223E3C7473
:100BC00061626C6520626F726465723D2230222022
:100BD00063656C6C70616464696E673D22352220C8
:100BE00063656C6C73706163696E673D2230223E91
:100BF000003C666F726D20616374696F6E3D220008
:100C00006F6E00206B6F6E6E7465206E6963687422
:100C10002076657262756E64656E207765726465B4
:100C20006E2E0D0A0021204E54502D5365727665AC
:100C30007220002056657262696E64756E67206569
:100C400072666F6C6772656963682C205A65697497
:100C50006B6F7272656B7475723A202564207365D0
:100C60006B756E64656E2E0D0A004E54502D5365E3
:100C70007276657220003C62723E253032752E25F8
:100C80003032752E2530347520253032643A2530C7
:100C900032643A25303264003C62723E003C2F617F
:100CA0003E003C6120687265663D226E74702E6362
:100CB0006769223E006E74702E63676900300041E0
:100CC00055544F445354005554435A4F4E45004ECB
:100CD0005450534552564552004E54500069746565
:100CE0006C65786366672D656D61696C2E636769F5
:100CF000003A202573003A202573003C62723E00C2
:100D000030003C2F613E003C6120687265663D22E8
:100D10006974656C65786366672D656D61696C2EB5
:100D2000636769223E006974656C65786366672D48
:100D3000656D61696C2E63676900515549540D0AF0
:100D4000000D0A2E0D0A00515549540D0A00202BA2
:100D500054582B0D0A0D0A003E0D0A436F6E746540
:100D60006E742D547970653A20746578742F706CA8
:100D700061696E3B20636861727365743D75732DA4
:100D800061736369690D0A5375626A6563743A2019
:100D9000003E0D0A546F3A3C0046726F6D3A3C00BB
:100DA000444154410D0A003E0D0A00524350542064
:100DB000544F3A3C003E0D0A004D41494C204652EA
:100DC0004F4D3A3C000D0A000D0A00415554482091
:100DD0004C4F47494E0D0A0045484C4F2069546519
:100DE0006C6578206D61696C20636C69656E740D4B
:100DF0000A006954656C657820534D54503A20219F
:100E0000204665686C65726D656C64756E673A2026
:100E1000006954656C657820534D54503A20212068
:100E2000436C69656E742D536F636B6574207A75BE
:100E30006D20534D54502D536572766572206B6F43
:100E40006E6E7465206E696368742067656F656691
:100E5000666E65742077657264656E0D0A00206E9B
:100E60006963687420676566756E64656E0D0A0057
:100E70006954656C657820534D54503A20212049BF
:100E800050207A7520486F73746E616D652000691B
:100E900054656C657820504F503A202120416262A1
:100EA000727563680D0A0044454C4520310D0A00F7
:100EB000515549540D0A000D0A000D0A0A0A0A008C
:100EC00044454C4520310D0A002E0D0A005155496C
:100ED000540D0A00515549540D0A00535441540D04
:100EE0000A000D0A005041535320000D0A005553CB
:100EF000455220006954656C657820504F503A2067
:100F000021204665686C65726D656C64756E673A24
:100F100020005245545220310D0A006954656C6519
:100F20007820504F503A20436C69656E742D536F92
:100F3000636B657420232564207A756D2053657278
:100F4000766572206572666F6C677265696368208A
:100F500067656F6566666E65740D0A006954656C39
:100F6000657820504F503A202120436C69656E749B
:100F70002D536F636B6574207A756D20536572769F
:100F80006572206B6F6E6E7465206E696368742085
:100F900067656F6566666E65742077657264656EF9
:100FA0000D0A00206E6963687420676566756E645B
:100FB000656E0D0A006954656C657820504F503A93
:100FC0002021204950207A7520486F73746E616D1E
:100FD000652000202E2E2E69676E6F72696572651E
:100FE0006E0D0A00202E2E2E647275636B2028472A
:100FF00065732E202575290D0A006954656C657886
:1010000020504F503A205A65696C6556657261727E
:1010100062656974656E3A2000746578742F706C2F
:1010200061696E00636F6E74656E742D747970659E
:10103000002B74782B002B54582B007375626A6553
:101040006374006461746500746F0066726F6D0094
:101050003A00454D41494C4E535400454D41494C91
:1010600046494C5445524B454E4E554E4700454D12
:1010700041494C4142465254414B5400454D41492F
:101080004C5041535300454D41494C41445200534B
:101090004D545053455256455200504F50534552AF
:1010A0005645520023350D3920232C2E0A2934238E
:1010B00038303A3D332B173F2736232F2D32072365
:1010C0003731282323740D6F20686E6D0A6C7267A8
:1010D00069706376657A64627379667861776A238A
:1010E00075716B236973702E6367690049535020D3
:1010F000667573652023256420766572696679209C
:101100006661696C65642E3C62723E002F00466128
:10111000696C65643A202564206E6F6D696E616C40
:101120002073697A652C20256420627974657320A8
:101130007772697474656E20746F20666C61736871
:101140002C202564206661696C65642E00537563EC
:10115000636573733A202564206279746573207720
:1011600072697474656E20746F20666C6173682C8C
:10117000206E6F206661696C757265732E0046651E
:10118000686C65724279746573203D2025640D0A90
:1011900000476573616D744279746573203D202545
:1011A000640D0A00566572696679206661696C652E
:1011B000643A202530347820697320253032782035
:1011C00073686F756C6420626520253032782E203C
:1011D00000466C61736852656164206661696C6584
:1011E000642E0046696C654765743A204265656EF9
:1011F000646967756E672064757263682047656708
:10120000656E7374656C6C652E0D0A0046696C65BD
:101210004765743A2054696D656F7574206265691D
:101220006D20456D7066616E672E0D0A0053657204
:101230007665722074696D656F75743F2000466134
:10124000696C65643A206E6F7468696E67207072AD
:101250006F6772616D6D65642E0049535020707226
:101260006F6772616D20656E61626C652066616991
:101270006C65642E20436865636B20636F6E6E65DA
:101280006374696F6E20746F207461726765742077
:10129000626F6172642E0046696C65736572766573
:1012A00072206572726F7220636F64652025642EF0
:1012B0000046696C652073697A653A2025640D0AD9
:1012C0000048656164657220436F64653A20256457
:1012D0000D0A00536F636B6574206F70656E206636
:1012E00061696C656420636F64652025642E003C31
:1012F000703E436C69636B203C6120687265663D9B
:10130000226973702E636769223E686572653C2F9F
:10131000613E20616674657220616C6C204C4544AE
:10132000206F6E2065746865726E657420696E74D6
:1013300065726661636520626F6172642077656EB5
:1013400074206F666620616761696E2E003C703E96
:101350004C6F6164696E672062696E6172792064A6
:101360006174612066726F6D2025732E002E626994
:101370006E003C703E526561642066726F6D202580
:10138000733A205369676E61747572652025303237
:1013900058202530325820253032582C204675737D
:1013A00065732025303258202530325820253032C0
:1013B00058003C703E496E76616C696420736967C1
:1013C0006E6174757265202F206675736573206673
:1013D0006F726D617420696E2066696C652025737B
:1013E0003A20257320706F736974696F6E202564CD
:1013F0002E003C703E41637475616C2063686970B7
:10140000207369676E6174757265206669747320F4
:101410006E6F7420746F20616C6C6F7765642073DD
:1014200069676E616C747572657320696E202573CF
:101430002E004465636F6465206572726F722025AB
:10144000640D0A0020746F20706F732025640D0AEC
:10145000006675736520636F64652066726F6D202A
:10146000706F732025640020746F20706F732025C7
:10147000640D0A007369676E617475726520636F2D
:1014800064652066726F6D20706F73202564003C68
:101490003C3C0D0A0042756666657220636F6E748F
:1014A000656E743A203E3E3E003C703E4572726F5F
:1014B000722072656164696E672025732028636FEE
:1014C0006465202564292E002072656164696E6759
:1014D0002025642062797465730D0A005265616489
:1014E00020737461727420617420706F732025649E
:1014F000003C703E446F776E6C6F616420257320F2
:1015000066696C65736572766572206572726F725A
:1015100020636F64652025642E003C703E446F7725
:101520006E6C6F616420257320736F636B6574202C
:101530006F70656E206661696C656420636F6465B9
:101540002025642E002E7478740050726F677261CB
:101550006D6D206964656E7469747920257300452A
:1015600072726F723A206E6F2073657276657220A8
:1015700070617468207370656369666965642E20A4
:1015800000696E7465726E616C204572726F723A9A
:1015900020696E76616C696420706172616D65743A
:1015A00065722E20436C69636B203C612068726514
:1015B000663D226973702E636769223E68657265B5
:1015C0003C2F613E20746F20636F6E74696E756589
:1015D0002E003C6269673E5369676E61747572657F
:1015E00020726561646F7574206661696C65642E34
:1015F00020436865636B20636F6E6E656374696F0B
:101600006E20746F2074617267657420626F6172FE
:10161000642E3C2F6269673E0069746C78005478D0
:101620005032004E6F206964656E7469666963614B
:1016300074696F6E206F6E20636F6E6E6563746584
:10164000642074617267657420666F756E642E2005
:1016500053656C6563742070726F6772616D206D85
:10166000616E75616C6C792E20003C6269673E4941
:1016700053502070726F6772616D20656E61626C8D
:1016800065206661696C65642E20436865636B2024
:10169000636F6E6E656374696F6E20746F20746122
:1016A0007267657420626F6172642E3C2F62696795
:1016B0003E003C68333E4265666F7265207374611C
:1016C00072742070726F6772616D6D696E672061F0
:1016D0006374696F6E20636F6E6E656374207461EE
:1016E0007267657420626F61726420627920737022
:1016F000656369616C206361626C653C2F68333E91
:101700003C703E003C703E526573756C74206F6691
:10171000206C617374206F7065726174696F6E3ACA
:101720003C703E3C6269673E25733C2F6269673EB0
:101730000053746172742070726F6772616D6D69AD
:101740006E67005768617420746F2070726F6772E3
:10175000616D20286C6561766520656D70747920F7
:10176000666F72206175746F2D646574656374694A
:101770006F6E29005061746820746F2073657276F3
:10178000657220666F722062696E617269657300AE
:101790006973702E63676900487474705265616480
:1017A0004865616465723A20526573203D20256466
:1017B0000D0A00436F6E74656E742D4C656E677410
:1017C000683A00485454502F003C3C2076657261C2
:1017D000726265697465742E0D0A004874747052E3
:1017E0006561644865616465723A205A65696C6533
:1017F000203E3E00487474705265616448656164BF
:1018000065723A2054696D656F75740D0A004874ED
:101810007470526561644865616465723A20476519
:1018200074536F636B657444617461282920466545
:10183000686C65720D0A000D0A0D0A0047455420B8
:101840002F257320485454502F312E300D0A5573D4
:1018500065722D4167656E743A20576765742F3144
:101860002E31312E340D0A4163636570743A202A9B
:101870002F2A0D0A486F73743A2000487474704719
:1018800065743A20436F6E6E656374206661696C9F
:1018900065642E0D0A00487474704765743A2049D7
:1018A00050206E6F7420666F756E642E0D0A0048AE
:1018B0007474704765743A20696E76616C6964204F
:1018C000706174682E0D0A003C703E436C69636B56
:1018D000203C6120687265663D226973702E6367E3
:1018E00069223E686572653C2F613E20746F2063FB
:1018F0006F6E74696E75652E0070726F6769640033
:101900007365727670617468001E78F977C9779B89
:101910007775774C772477F776C176987673764A21
:1019200076EE75A17555750075E874D074B174952F
:101930007467743C741474E773BD739A737073485E
:1019400073DC727D723472E171CE71BE71AC719BC9
:10195000717F7166714B7133711A710371ED70D5BE
:1019600070C170AD709D708C70697049702B700C77
:10197000700370FD6FF26FE76FD46FC26FAD6F9A37
:101980006F816F6B6F4F6F366F166F006FE26EC2B5
:101990006EA46E846E676E496E416E396E316E292B
:1019A0006E016ED76DB46D8F6D736D4F6D2A6D04C2
:1019B0006DE66CCC6CB16C936C726C516C2E6C0CD3
:1019C0006CFF6BF36BE66BD86BBF6BAB6B9A6B7E8C
:1019D0006B716B666B5A6B4D6B476B426B3D6B3734
:1019E0006B216B0A6BF36ADF6A806A226AC06960E6
:1019F00069B06810686F67BF66A066846665664AEE
:101A00006625660566E165C4659C65806557652A3F
:101A100065206519650D65FE64E064C864B764A35C
:101A2000647E64646443641A64EA63B9638D6360CA
:101A30006353634663336325630363E762B8629469
:101A4000625B623D621162D761946168613361F8E3
:101A500060EE60E160D260C360B860B160A3609A7C
:101A6000608C60846079606C6041602D600B60F117
:101A70005FC05F995F695F405FFF5EC05E7E5E3FF3
:101A80005E255EEA5DD25DB65DB25DAC5DA85DA22D
:101A90005D8E5D705D545D375D245DF95CD65CB331
:101AA0005C8A5C5A5C2C5CFF5BD05BA25B745B4322
:101AB0005B0C5BDB5AA75A715A495A285A085AE4F8
:101AC00059C159A1597C595D593E5926590759E7C1
:101AD00058E158DA58D358CC58BA58A35889586F97
:101AE000586B58655861585B583258175813580F3F
:101AF00058DF57BC578E5767573D5725570957EC46
:101B000056C556A45688566C563E560D56E455B7E3
:101B1000559B5585556A554B5525550855E354B485
:101B200054B054AC54A554A15497548C548054725E
:101B300054615452543D54285416540554EE53D90C
:101B400053C253B353A2538E5383537A536F536389
:101B50005340532A531053F652D552B352955276EE
:101B600052FA518A512251B4503750C14F4E4FE072
:101B70004EBF4EAB4E894E694E2D4EF44DB64D784C
:101B80004D484D194DF54CCB4CA84C844C604C3A0B
:101B90004C0B4CE44BB64B944B774B5B4B434B2B72
:101BA0004BE54AA84A7D4A3A4AEE49B84981493745
:101BB000491849F448D648BA488E486548454822ED
:101BC00048FC47CF47AA47824768474E4735471BDF
:101BD0004711470A470247F946DA46C346AC4690E2
:101BE000468946804675466C465A464F46444632BC
:101BF00046204614460746FA45DE45CF45BF45AA6E
:101C00004578454E4526451445F144CF44B24497A6
:101C100044624439441544FA43D543A84387435F9B
:101C200043C4403D3EB73B38396938BC370A375169
:101C300036A03512357F34F633EC33E533DE33D757
:101C400033D233CD33C833C333BB33B333A933A318
:101C5000339E33993393338D33833377336C3363CC
:101C6000335D3357335033493340333933303324C2
:101C70003320331B33163311330B330533FF32F963
:101C800032EF32E732DC32D532CF32C932C332BD25
:101C900032B532AD32A5329D32973291328B3285D8
:101CA00032793274326C326732573253324A3240B0
:101CB000321A32F931D731B9319331723154313965
:101CC000312F31243115310731F830E930D930C99D
:101CD00030C030B730AE30A5308930703054303E2F
:101CE000301F300A30F22FD62FAF2F8F2F6F2F4E8D
:101CF0002F032FD22E9B2E5A2E422E322E212E0A09
:101D00002EED2DD92DC32DAB2D6D2D3A2D092DDEA8
:101D10002CAF2C862C572C282C052CE82BC92BAB50
:101D20002B802B562B2C2B042BE52AC72AA62A8C7A
:101D30002A752A622A492A3C2A192AFD29DF29C341
:101D40002970292729E0289B2883286928502832D0
:101D5000280328E127BD2793277B2764274D2735B4
:101D600027232711270027ED26DC26CB26BA26A716
:101D7000269A2688267A266D265A26472632262136
:101D8000260D26F925E325D125BC25AA25922580F7
:101D900025612546252A250D25D724A22476243B16
:101DA000241424ED23C623A0237E23632347232C5E
:101DB00023BA225322F02191217B2161214A212F34
:101DC000211421F920DE20C620B02097207E206734
:101DD00020482035201D200420E11FB41F941F6ED1
:101DE0001F521F421F261F121FF91EE31EC81EB2DC
:101DF0001EA91EA01E941E8B1E6A1E3D1E211E01C2
:101E00001E5A6F6D657274696A64206175746F6DB6
:101E100061746973636820696E7374656C6C656E58
:101E2000005573617265206F726120736F6C61720F
:101E300065206175746F6D617469636F00557365BA
:101E4000206461796C6967687420736176696E6774
:101E50002074696D6520286575726F7065616E20EC
:101E60007374616E646172642900536F6D6D657285
:101E70007A656974206175746F6D617469736368E4
:101E800020756D7374656C6C656E0054696A647A54
:101E90006F6E65005A6F6E61206F726172696F00BC
:101EA00054696D657A6F6E65005A6569747A6F6EF4
:101EB000650054696A6420686F7374207365727674
:101EC0006572206E61616D004E6F6D6520686F7385
:101ED00074207365727665722064656C2074656D1C
:101EE000706F0054696D6520736572766572206845
:101EF0006F7374206E616D6500486F73746E616DF1
:101F00006520646573205A656974736572766572BD
:101F100073004765627275696B2074696A64207327
:101F20006572766572005574696C697A7A6172655A
:101F3000207365727665722064656C2074656D70BF
:101F40006F005573652074696D65207365727665E1
:101F500072005568727A65697420766F6D205365DA
:101F60007276657220616266726167656E004265B5
:101F7000726963687420766F6E206465206D616994
:101F80006C2D75697467616E67732D736572766504
:101F9000723A20004D657373616767696F207365DE
:101FA000727665722D7573636974612D654D616913
:101FB0006C3A20004D6573736167652066726F6DC2
:101FC000207468652053657276657220666F722092
:101FD0006F7574676F696E6720656D61696C3A2013
:101FE000004D656C64756E6720766F6D20654D6180
:101FF000696C2D41757367616E672D5365727665E7
:10200000723A200076657262696E64696E67206E4E
:10201000696574206D6F67656C696A6B00636F6ECC
:102020006E657373696F6E6520696D706F73736928
:1020300062696C650020636F6E6E656374696F6EB4
:10204000206661696C656400206B6F6E6E7465203C
:102050006E696368742076657262756E64656E2061
:1020600077657264656E0049502061647265732003
:102070006E696574206765766F6E64656E00496E83
:10208000646972697A7A6F204950206E6F6E20748D
:10209000726F7661746F00206E6F2049502061640A
:1020A00064726573732077617320666F756E640068
:1020B000204950206E696368742065726D6974747C
:1020C000656C6261720053657276657220766F6F1F
:1020D0007220696E67616E67206D61696C0053657F
:1020E0007276657220706572206D61696C20696E10
:1020F00020656E747261746100736572766572201A
:10210000666F7220696E636F6D696E6720656D61C1
:10211000696C200053657276657220667565722061
:10212000654D61696C2D456D7066616E6720005369
:10213000657276657220766F6F722075697467615B
:10214000616E6465206D61696C00536572766572BD
:102150002070657220757363697461206D61696CAC
:102160000053657276657220666F72206F757467B2
:102170006F696E6720656D61696C00654D61696CA2
:102180002D41757367616E672D5365727665722098
:10219000003C62723E3C623E436F6E6669677572D8
:1021A00061746965206E69657420636F6D706C651C
:1021B00065742C20706F6C6C696E67206973206F7A
:1021C00070206E756C2067657A65742C20654D6192
:1021D000696C7320776F7264656E206E6965742018
:1021E00075697467657072696E742E3C2F623E006B
:1021F0003C62723E3C623E436F6E66696775726117
:102200007A696F6E65206E6F6E20636F6D706C659E
:10221000746174612C20706F6C6C696E6720652727
:1022200020696D706F737461746F2061207A6572BC
:102230006F2C20654D61696C206E6F6E207361722A
:10224000616E6E6F207374616D706174652E3C2FCA
:10225000623E003C62723E3C623E436F6E6669675E
:1022600075726174696F6E206E6F7420636F6D702C
:102270006C6574652C20706F6C6C696E672070657E
:1022800072696F642073657420746F207A65726F51
:102290002C20696E636F6D696E6720654D61696C96
:1022A0002077696C6C206E6F742062652070726993
:1022B0006E7465642E3C2F623E003C62723E3C624E
:1022C0003E4B6F6E66696775726174696F6E736499
:1022D0006174656E20756E766F6C6C7374266175B3
:1022E0006D6C3B6E6469672C204162667261676544
:1022F00074616B7420617566204E756C6C20676527
:102300007365747A742C20654D61696C2041626636
:1023100072616765206973742061757367657363A3
:1023200068616C7465742E3C2F623E005370656367
:1023300069616C65207072696E74657220766F6F6A
:1023400072206D61696C005374616D70616E7465AB
:10235000207370656369616C6520706572206D61C2
:10236000696C007370656369616C207072696E746A
:10237000657220666F7220656D61696C73005370C1
:10238000657A69656C6C657220447275636B657201
:1023900020662675756D6C3B7220654D61696C0019
:1023A000416C6C65656E206D61696C206D65742093
:1023B0002B74782B20696E20686574206F6E6465BD
:1023C0007277657270005374616D706120736F6C09
:1023D0006F206D61696C20636F6E202B74782B20E9
:1023E0006E656C6C276F67676574746F00507269F7
:1023F0006E74206F6E6C7920656D61696C732077E7
:10240000697468202B74782B20696E207375626A5A
:10241000656374004E757220654D61696C73206D43
:102420006974202B54582B20696D205375626A659E
:10243000637420647275636B656E00506F6C6C69B9
:102440006E6720706572696F6465206D61696C2DBF
:102450007365727665722028696E206D696E757479
:10246000656E3B2030203D20756974676573636835
:10247000616B656C6400506F6C6C696E67206D6198
:10248000696C2D7365727665722028696E204D69BE
:102490006E7574693B2030203D207370656E746FDB
:1024A0002900506F6C6C696E6720706572696F648B
:1024B00020666F7220656D61696C20717565727937
:1024C0002028696E206D696E757465733B2030201D
:1024D0003D206F6666290054616B7420646573202B
:1024E000654D61696C2D4162727566732028696E55
:1024F000204D696E7574656E3B2030203D206175FE
:10250000736765736368616C7465742900506173E7
:1025100073776F6F726420766F72206465206D61CF
:10252000696C2D7365727665720050617373776F95
:1025300072642070657220696C206D61696C2D7306
:1025400065727665720050617373776F726420668E
:102550006F7220656D61696C207365727665727348
:10256000004B656E6E776F727420662675756D6CA4
:102570003B7220654D61696C2D5365727665720002
:10258000456967656E20656D61696C20616464658D
:10259000730050726F7072696F20696E646972693E
:1025A0007A7A6F20654D61696C004F776E20656D9A
:1025B00061696C2061646472657373004569676565
:1025C0006E6520654D61696C2D416472657373653C
:1025D00000534D54502073657276657220616472A9
:1025E000657300496E646972697A7A6F20534D543D
:1025F000502D53657276657200534D5450207365AB
:1026000072766572206164647265737300534D5411
:10261000502D5365727665722041647265737365DF
:1026200000504F5020736572766572206164726548
:102630007300696E646972697A7A6F20504F502D09
:1026400053657276657200504F50207365727665DF
:1026500072206164647265737300504F502D53652E
:10266000727665722041647265737365000D0A7439
:102670006578743A2020200D0A000D0A7465737481
:102680006F3A2020200D0A000D0A626F64792074D1
:102690006578743A2020200D0A000D0A746578745C
:1026A0003A2020200D0A000D0A6F6E64657277656E
:1026B00072703A202020202020000D0A6F67676585
:1026C00074746F3A202020202020000D0A73756258
:1026D0006A6563743A202020202020000D0A62657C
:1026E00074726566663A202020202020000D0A655D
:1026F0006D61696C2061616E3A20202020202000ED
:102700000D0A656D61696C20613A2020202020202F
:10271000000D0A656D61696C20746F3A20202020DD
:102720002020000D0A656D61696C20616E3A2020E1
:1027300020202020000D0A2F2F2F656D61696C204D
:102740006F6E7476616E67656E3A0D0A000D0A2F22
:102750002F2F656D61696C20726963657675746F82
:102760003A0D0A000D0A2F2F2F656D61696C2072DA
:10277000656365697665643A0D0A000D0A2F2F2F8F
:10278000656D61696C20656D7066616E67656E3A36
:102790000D0A0041626F6E6E6565206C696A737424
:1027A00020766F6C2C206E696574732069732077B6
:1027B00065676765736368726576656E00537061FF
:1027C0007A696F20656C656E636F206573617572E1
:1027D00069746F2C206E6F6E2073616C7661746FFC
:1027E000006469726563746F7279206F7574206F0D
:1027F000662073706163652C206E6F742073617640
:102800006564005275666E756D6D65726E2D5665E8
:10281000727A656963686E697320766F6C6C2C20C0
:102820006E69636874206765737065696368657253
:102830007400466F757420696E20646520746F653E
:102840006765766F6567646520454550524F4D005A
:102850004572726F726520454550524F4D20616739
:102860006769756E7469766F004572726F72206960
:102870006E206469726563746F72792045455052A9
:102880004F4D004665686C657220696D205A7573FE
:1028900061747A2D454550524F4D003C62723E5452
:1028A00065727567206E616172203C612068726597
:1028B000663D226974656C65782D746C6E76657200
:1028C0007A2E6367693F7370723D6E6C223E61625F
:1028D0006F6E6E6565206C696A73743C2F613E0093
:1028E0003C62723E496E64696574726F2061203C7F
:1028F0006120687265663D226974656C65782D7427
:102900006C6E7665727A2E6367693F7370723D698B
:1029100074223E656C656E636F206162626F6E61EA
:1029200074693C2F613E003C62723E6261636B20C1
:10293000746F203C6120687265663D226974656C25
:1029400065782D746C6E7665727A2E6367693F7355
:1029500070723D656E223E73756273637269626563
:1029600072206469726563746F72793C2F613E00F6
:102970003C62723E5A75722675756D6C3B636B20B6
:102980007A756D203C6120687265663D22697465C8
:102990006C65782D746C6E7665727A2E6367693F0C
:1029A0007370723D6465223E5465696C6E65686D36
:1029B00065722D5665727A656963686E69733C2F1E
:1029C000613E00466F75743A20696E76616C696489
:1029D00065206367692D63616C6C3A20257300453F
:1029E00072726F72653A20696E76616C69646F20ED
:1029F0006367692D63616C6C3A20257300457272C0
:102A00006F723A20696E76616C6964206367692D24
:102A100063616C6C3A202573004665686C65723A98
:102A200020756E6775656C746967657220434749E8
:102A30002D4175667275663A20257300616C6C6570
:102A4000732067657769737400636F6D706C65746C
:102A5000616D656E74652063616E63656C6C617435
:102A60006F00636F6D706C6574656C7920636C6565
:102A700061726564006B6F6D706C6574742067655E
:102A80006C266F756D6C3B73636874004C61646594
:102A90006E2069732067656C756B7420282564202F
:102AA0006279746529004361726963616D656E7452
:102AB0006F20636F6D706C657461746F202825647E
:102AC000206279746529006C6F6164656420737598
:102AD000636365737366756C6C7920282564206266
:102AE00079746529004572666F6C67726569636801
:102AF0002067656C6164656E2028256420427974C6
:102B0000657329003C623E466F75742062696A20D5
:102B10006C6164656E2028636F6465732025642092
:102B20002F2025303258293C2F623E003C623E4522
:102B300072726F7265206361726963616E646F2087
:102B400028636F646573202564202F202530325858
:102B5000293C2F623E003C623E4572726F722061DA
:102B600074206C6F6164696E672028636F6465739D
:102B7000202564202F2025303258293C2F623E002A
:102B80003C623E4665686C6572206265696D204CEA
:102B90006164656E2028436F646573202564202F6F
:102BA0002025303258293C2F623E007765677363D9
:102BB0006872696A76656E2067656C756B7420282B
:102BC00025642062797465290073616C7661746F85
:102BD00020636F6E20737563636573736F202825A0
:102BE0006420627974652900736176656420737569
:102BF000636365737366756C6C7920282564206245
:102C000079746529004572666F6C677265696368DF
:102C10002067657370656963686572742028256430
:102C200020427974657329003C623E466F757420BA
:102C300062696A2077656773636872696A76656E30
:102C40002028636F646573202564202F202530328F
:102C500058293C2F623E003C623E4572726F72659D
:102C600020616C2073616C766174616767696F20A5
:102C700028636F646573202564202F202530325827
:102C8000293C2F623E003C623E4572726F722061A9
:102C90007420736176696E672028636F64657320A2
:102CA0002564202F2025303258293C2F623E003CDD
:102CB000623E4665686C6572206265696D2053707E
:102CC0006569636865726E2028436F6465732025AB
:102CD00064202F2025303258293C2F623E003C6270
:102CE0003E4F756465206E756D6D657220256C6450
:102CF000206973206E696574206765776973742134
:102D00003C2F623E3C62723E003C623E4E756D65F9
:102D1000726F20707265636564656E746520256CE2
:102D200064206E6F6E2063616E63656C6C61746F9E
:102D3000213C2F623E3C62723E003C623E466F7216
:102D40006D6572206E756D62657220256C642063FE
:102D50006F756C64206E6F742062652064656C65AD
:102D6000746564213C2F623E3C62723E003C623ED0
:102D7000416C7465204E756D6D657220256C642004
:102D80006B6F6E6E7465206E696368742067656C26
:102D9000266F756D6C3B736368742077657264652C
:102DA0006E213C2F623E3C62723E004461746120A1
:102DB0006E69657420766572616E646572643C62EA
:102DC000723E00566F6365206E6F6E2063616D62A8
:102DD000696174613C62723E00456E74727920755F
:102DE0006E6368616E6765643C62723E0045696E41
:102DF0007472616720756E7665722661756D6C3BC5
:102E00006E646572743C62723E0044617461207746
:102E100065676765736368726576656E3C62723E6E
:102E200000566F63652073616C766174613C6272F9
:102E30003E00456E7472792073617665643C6272FF
:102E40003E0045696E7472616720676573706569DD
:102E500063686572743C62723E003C623E4E756D02
:102E60006D657220726565647320696E20676562A6
:102E70007275696B2C20766572616E646572696E1D
:102E800067206E69657420646F6F726765766F6521
:102E900072643C2F623E3C62723E003C623E4E7564
:102EA0006D65726F206769612720696E2075736F89
:102EB0002C2063616D6269616D656E746F206E6F49
:102EC0006E2073616C7661746F3C2F623E3C62725F
:102ED0003E003C623E4E756D62657220616C7265AB
:102EE00061647920757365642C206368616E676521
:102EF000206E6F742073617665643C2F623E3C6285
:102F0000723E003C623E5275666E756D6D65722054
:102F1000697374206265726569747320766572677F
:102F20006562656E2C202641756D6C3B6E64657222
:102F3000756E67206E696368742067657370656974
:102F400063686572743C2F623E3C62723E003C6274
:102F5000723E5461616C20766572616E6465726464
:102F600020696E204E656465726C616E6473003C0E
:102F700062723E4C696E6775612063616D62696162
:102F8000746F20696E204974616C69616E6F003CDA
:102F900062723E4C616E6775616765206368616E41
:102FA00067656420746F20456E676C697368003CC8
:102FB00062723E5370726163686520676526617551
:102FC0006D6C3B6E64657274206E6163682044654D
:102FD0007574736368003C623E6765656E20766554
:102FE00072616E646572696E673C2F623E3C62720C
:102FF0003E003C623E6E6F6E2063616D626961747B
:103000006F3C2F623E3C62723E003C623E756E63D6
:1030100068616E6765643C2F623E3C62723E003CB4
:10302000623E6B65696E65202641756D6C3B6E6412
:103030006572756E673C2F623E3C62723E004F6E59
:1030400062656B656E6420547970653C2F623E3C0E
:1030500062723E003C623E5469706F2073636F6E13
:103060006F73636975746F3C2F623E3C62723E0001
:103070003C623E5479706520756E6B6E6F776E2181
:103080003C2F623E3C62723E003C623E556E626581
:103090006B616E6E74657220547970213C2F623EB4
:1030A0003C62723E003A20495020257320003A20AD
:1030B000495020257320003A2049502025732000D4
:1030C0003A20495020257320003A20486F7374201D
:1030D0006E61616D20257320003A204E6F6D652072
:1030E000686F737420257320003A20486F73746EE4
:1030F000616D6520257320003A20486F73746E61FE
:103100006D652025732000766F6F726D616C696745
:1031100020256C6400707265636564656E7465205B
:10312000256C6400666F726D657220256C640065A5
:1031300068656D2E20256C640044617461206C69A3
:103140006A73743C62723E4E756D6265723A2025F8
:103150006C642000566F636520656C656E636F3A22
:10316000203C62723E4E756D6265723A20256C6439
:1031700020004469726563746F727920656E7472A1
:10318000793A3C62723E4E756D6265723A20256CEA
:103190006420005465696C6E65686D657265696E62
:1031A000747261673A3C62723E5275666E756D6DFF
:1031B00065723A20256C6420003C623E4E756D6D50
:1031C00065722030206D6167206E696574213C2F27
:1031D000623E3C62723E003C623E4E756D65726FAF
:1031E0002030206E6F6E207065726D6573736F2175
:1031F0003C2F623E3C62723E003C623E4E756D6208
:1032000065722030206E6F7420616C6C6F7765641E
:10321000213C2F623E3C62723E003C623E5275662B
:103220006E756D6D65722030206E696368742065FF
:10323000726C61756274213C2F623E3C62723E008A
:10324000746F65766F6567656E0061676769756E37
:103250006769006164640048696E7A7566267575F1
:103260006D6C3B67656E00656469740065646974C4
:103270006172650065646974002641756D6C3B6E12
:103280006465726E00654D61696C00654D61696CC5
:1032900000654D61696C00654D61696C00692D5474
:1032A000656C657800692D54656C657800692D54EE
:1032B000656C657800692D54656C657800415343F1
:1032C0004949004153434949004153434949004159
:1032D00073636969006765776973740063616E631E
:1032E000656C6C61746F0064656C6574656400671F
:1032F000656C6F65736368740044796E495000446F
:10330000796E49500044796E49500044796E4950B5
:103310000054797065005469706F005479706500CD
:10332000547970004765626C6F6B6B656572640001
:10333000426C6F6363617461006C6F636B65640002
:103340006765737065727274004C6F6B61616C00BD
:103350004C6F63616C65006C6F63616C004C6F6BEC
:10336000616C00457874656E7369650045737465BA
:103370006E73696F6E650044697265637420646979
:10338000616C0044757263687761686C00506F6FA0
:10339000727400506F72746100506F727400506FDD
:1033A000727400416472657300496E646972697A6F
:1033B0007A6F00416464726573730041647265736F
:1033C0007365004E61616D004E6F6D65004E616DFD
:1033D00065004E616D65004E756D6D6572004E75D0
:1033E0006D65726F004E756D626572005275666E26
:1033F000756D6D6572004C696A7374206973206C19
:103400006565673C703E3C6120687265663D226977
:1034100074656C65782D746C6E7665727A2E636750
:10342000693F6C6F6164223E6865727374656C20DD
:103430006C61617473746520646174613C2F613EDA
:103440003C62723E3C6120687265663D226974652B
:103450006C65782D746C6E7665727A2E6367693F41
:10346000656469743D30223E4E69657577652064F8
:103470006174613C2F613E3C2F666F726D3E004C63
:10348000697374612076756F74613C703E3C612095
:10349000687265663D226974656C65782D746C6E22
:1034A0007665727A2E6367693F6C6F6164223E7243
:1034B000697072697374696E6120646174692073E4
:1034C000616C7661746920756C74696D693C2F61FB
:1034D0003E3C62723E3C6120687265663D226974C2
:1034E000656C65782D746C6E7665727A2E6367698B
:1034F0003F656469743D30223E61676769756E6738
:103500006920766F63653C2F613E3C2F666F726D5C
:103510003E004E6F20656E74726965732079657424
:103520003C703E3C6120687265663D226974656C42
:1035300065782D746C6E7665727A2E6367693F6C60
:103540006F6164223E726573746F7265206C617383
:103550007420736176656420656E74726965733C6E
:103560002F613E3C62723E3C6120687265663D227E
:103570006974656C65782D746C6E7665727A2E63ED
:1035800067693F656469743D30223E61646420650B
:103590006E7472793C2F613E3C2F666F726D3E00F7
:1035A0004E6F6368206B65696E652045696E747245
:1035B0002661756D6C3B676520766F7268616E641D
:1035C000656E3C703E3C6120687265663D226974A0
:1035D000656C65782D746C6E7665727A2E6367699A
:1035E0003F6C6F6164223E676573706569636865EF
:1035F00072746520446174656E20776965646572D4
:103600006865727374656C6C656E3C2F613E3C62DC
:10361000723E3C6120687265663D226974656C6526
:10362000782D746C6E7665727A2E6367693F656477
:1036300069743D30223E48696E7A75662675756DEF
:103640006C3B67656E3C2F613E3C2F666F726D3E32
:10365000003C6120687265663D226974656C65781E
:103660002D746C6E7665727A2E6367693F7361762E
:1036700065223E6E69657420766C7563687469674F
:10368000206F70736C61616E3C2F613E3C62723ED4
:103690003C6120687265663D226974656C65782DB1
:1036A000746C6E7665727A2E6367693F6C6F6164C5
:1036B000223E616E6E756C65657220616C6C652072
:1036C000766572616E646572696E67656E3C2F61C6
:1036D0003E3C62723E3C6120687265663D226974C0
:1036E000656C65782D746C6E7665727A2E63676989
:1036F0003F636C656172223E77697320616C6C6513
:10370000733C2F613E3C62723E003C6120687265F2
:10371000663D226974656C65782D746C6E76657291
:103720007A2E6367693F73617665223E73616C76BA
:1037300061206E6F6E2D766F6C6174696C653C2FC5
:10374000613E3C62723E3C6120687265663D226962
:1037500074656C65782D746C6E7665727A2E63670D
:10376000693F6C6F6164223E616E6E756C6C6120A6
:1037700063616D6269616D656E74693C2F613E3C89
:1037800062723E3C6120687265663D226974656CB8
:1037900065782D746C6E7665727A2E6367693F6307
:1037A0006C656172223E656C696D696E612074752D
:1037B0007474693C2F613E3C62723E003C6120683B
:1037C0007265663D226974656C65782D746C6E76E1
:1037D00065727A2E6367693F73617665223E736115
:1037E0007665206E6F6E2D766F6C6174696C653CCA
:1037F0002F613E3C62723E3C6120687265663D22EC
:103800006974656C65782D746C6E7665727A2E635A
:1038100067693F6C6F6164223E64697363617264BF
:1038200020616C6C206368616E6765733C2F613E3C
:103830003C62723E3C6120687265663D2269746537
:103840006C65782D746C6E7665727A2E6367693F4D
:10385000636C656172223E636C65617220616C6CA1
:103860003C2F613E3C62723E003C6120687265669E
:103870003D226974656C65782D746C6E7665727A1C
:103880002E6367693F73617665223E6E6963687473
:10389000666C2675756D6C3B636874696720737020
:1038A0006569636865726E3C2F613E3C62723E3CA6
:1038B0006120687265663D226974656C65782D7457
:1038C0006C6E7665727A2E6367693F6C6F616422F5
:1038D0003E616C6C65202641756D6C3B6E64657253
:1038E000756E67656E2076657277657266656E3C8B
:1038F0002F613E3C62723E3C6120687265663D22EB
:103900006974656C65782D746C6E7665727A2E6359
:1039100067693F636C656172223E6B6F6D706C65A9
:103920007474206C266F756D6C3B736368656E3CB8
:103930002F613E3C62723E003C7461626C652062A5
:103940006F726465723D2231222063656C6C706118
:103950006464696E673D2232222063656C6C73700B
:103960006163696E673D2230223E3C74723E3C7456
:103970006820616C69676E3D226C656674223E4EFC
:10398000756D6D65723C62723E736F7274203C613E
:1039900020687265663D226974656C65782D746C6B
:1039A0006E7665727A2E6367693F736F72743D6ECF
:1039B000756D6D6572223E312D393C2F613E203C84
:1039C0006120687265663D226974656C65782D7446
:1039D0006C6E7665727A2E6367693F736F72743DA1
:1039E0006E756D6D6572266162223E392D313C2FF8
:1039F000613E3C2F74683E3C746820616C69676E60
:103A00003D226C656674223E4E61616D3C62723E81
:103A1000736F7274203C6120687265663D22697420
:103A2000656C65782D746C6E7665727A2E63676945
:103A30003F736F72743D6E616D65223E412D5A3C3D
:103A40002F613E203C6120687265663D2269746585
:103A50006C65782D746C6E7665727A2E6367693F3B
:103A6000736F72743D6E616D65266162223E5A2DE0
:103A7000413C2F613E3C2F74683E3C746820616C71
:103A800069676E3D2263656E746572223E53706590
:103A9000636961616C3C2F74683E3C746820616CA2
:103AA00069676E3D226C656674223E547970653C90
:103AB0002F74683E3C746820616C69676E3D226CAF
:103AC000656674223E41647265733C2F74683E3CA7
:103AD000746820616C69676E3D2263656E746572FF
:103AE000223E506F6F72743C2F74683E3C746820A5
:103AF000616C69676E3D2263656E746572223E4536
:103B00007874656E7369653C2F74683E3C746820F8
:103B1000616C69676E3D2263656E746572223E4713
:103B200065627275696B3C62723E736F7274203CA1
:103B30006120687265663D226974656C65782D74D4
:103B40006C6E7665727A2E6367693F736F72743D2F
:103B5000646174756D223E6F703C2F613E203C6144
:103B600020687265663D226974656C65782D746C99
:103B70006E7665727A2E6367693F736F72743D6407
:103B80006174756D266162223E6E6565723C2F61BF
:103B90003E3C2F74683E3C746820616C69676E3DE2
:103BA000226C656674223E41637469653C2F7468BB
:103BB0003E3C2F74723E003C7461626C6520626F03
:103BC000726465723D2231222063656C6C706164A1
:103BD00064696E673D2232222063656C6C7370618C
:103BE00063696E673D2230223E3C74723E3C7468CD
:103BF00020616C69676E3D226C656674223E4E756D
:103C00006D65726F3C62723E736F7274203C61200E
:103C1000687265663D226974656C65782D746C6E9A
:103C20007665727A2E6367693F736F72743D6E7545
:103C30006D6D6572223E312D393C2F613E203C6115
:103C400020687265663D226974656C65782D746CB8
:103C50006E7665727A2E6367693F736F72743D6E1C
:103C6000756D6D6572266162223E392D313C2F6182
:103C70003E3C2F74683E3C746820616C69676E3D01
:103C8000226C656674223E4E6F6D653C62723E73B7
:103C90006F7274203C6120687265663D22697465AC
:103CA0006C65782D746C6E7665727A2E6367693FE9
:103CB000736F72743D6E616D65223E412D5A3C2FCB
:103CC000613E203C6120687265663D226974656CC6
:103CD00065782D746C6E7665727A2E6367693F73B2
:103CE0006F72743D6E616D65266162223E5A2D4190
:103CF0003C2F613E3C2F74683E3C746820616C69C7
:103D0000676E3D2263656E746572223E5370656313
:103D100069616C653C2F74683E3C746820616C6915
:103D2000676E3D226C656674223E5469706F3C2F4D
:103D300074683E3C746820616C69676E3D226C65F6
:103D40006674223E496E646972697A7A6F3C2F7498
:103D5000683E3C746820616C69676E3D2263656EE5
:103D6000746572223E506F7274613C2F74683E3CE1
:103D7000746820616C69676E3D2263656E7465725C
:103D8000223E457374656E73696F6E653C2F74686F
:103D90003E3C746820616C69676E3D2263656E7499
:103DA0006572223E5574696C697A7A6F3C62723E24
:103DB000736F7274203C6120687265663D2269747D
:103DC000656C65782D746C6E7665727A2E636769A2
:103DD0003F736F72743D646174756D223E73753C00
:103DE0002F613E203C6120687265663D22697465E2
:103DF0006C65782D746C6E7665727A2E6367693F98
:103E0000736F72743D646174756D266162223E67E2
:103E100069753C2F613E3C2F74683E3C746820619C
:103E20006C69676E3D226C656674223E417A696FEB
:103E30006E653C2F74683E3C2F74723E003C74618A
:103E4000626C6520626F726465723D22312220636C
:103E5000656C6C70616464696E673D223222206318
:103E6000656C6C73706163696E673D2230223E3C05
:103E700074723E3C746820616C69676E3D226C65AB
:103E80006674223E4E756D6265723C62723E736F5F
:103E90007274203C6120687265663D226974656CAD
:103EA00065782D746C6E7665727A2E6367693F73E0
:103EB0006F72743D6E756D6D6572223E312D393CA9
:103EC0002F613E203C6120687265663D2269746501
:103ED0006C65782D746C6E7665727A2E6367693FB7
:103EE000736F72743D6E756D6D6572266162223EF0
:103EF000392D313C2F613E3C2F74683E3C74682064
:103F0000616C69676E3D226C656674223E4E616D20
:103F1000653C62723E736F7274203C61206872650A
:103F2000663D226974656C65782D746C6E76657279
:103F30007A2E6367693F736F72743D6E616D65229F
:103F40003E412D5A3C2F613E203C612068726566DF
:103F50003D226974656C65782D746C6E7665727A35
:103F60002E6367693F736F72743D6E616D65266184
:103F700062223E5A2D413C2F613E3C2F74683E3CEC
:103F8000746820616C69676E3D2263656E7465724A
:103F9000223E5370656369616C733C2F74683E3CCC
:103FA000746820616C69676E3D226C656674223EA0
:103FB000547970653C2F74683E3C746820616C696C
:103FC000676E3D226C656674223E4164647265735F
:103FD000733C2F74683E3C746820616C69676E3D69
:103FE0002263656E746572223E506F72743C2F744A
:103FF000683E3C746820616C69676E3D2263656E43
:10400000746572223E446972656374206469616CF0
:104010003C2F74683E3C746820616C69676E3D2279
:1040200063656E746572223E4368616E6765643CC9
:1040300062723E736F7274203C6120687265663DE7
:10404000226974656C65782D746C6E7665727A2E53
:104050006367693F736F72743D646174756D223E6E
:104060006173632E3C2F613E203C6120687265665F
:104070003D226974656C65782D746C6E7665727A14
:104080002E6367693F736F72743D646174756D264A
:104090006162223E646573632E3C2F613E3C2F7447
:1040A000683E3C746820616C69676E3D226C656691
:1040B00074223E416374696F6E3C2F74683E3C2FDE
:1040C00074723E003C7461626C6520626F7264655C
:1040D000723D2231222063656C6C70616464696E8C
:1040E000673D2232222063656C6C73706163696E78
:1040F000673D2230223E3C74723E3C746820616C05
:1041000069676E3D226C656674223E5275666E75F7
:104110006D6D65723C62723E736F72746965726533
:10412000203C6120687265663D226974656C657823
:104130002D746C6E7665727A2E6367693F736F7249
:10414000743D6E756D6D6572223E312D393C2F6167
:104150003E203C6120687265663D226974656C652D
:10416000782D746C6E7665727A2E6367693F736F13
:1041700072743D6E756D6D6572266162223E392DD9
:10418000313C2F613E3C2F74683E3C746820616C6A
:1041900069676E3D226C656674223E4E616D653CBA
:1041A00062723E736F727469657265203C6120684B
:1041B0007265663D226974656C65782D746C6E76E7
:1041C00065727A2E6367693F736F72743D6E616DBD
:1041D00065223E412D5A3C2F613E203C6120687291
:1041E00065663D226974656C65782D746C6E7665C4
:1041F000727A2E6367693F736F72743D6E616D658D
:10420000266162223E5A2D413C2F613E3C2F74684C
:104210003E3C746820616C69676E3D2263656E7414
:104220006572223E4265736F6E642E3C2F74683E49
:104230003C746820616C69676E3D226C656674220F
:104240003E5479703C2F74683E3C746820616C6900
:10425000676E3D226C656674223E416472657373BD
:10426000653C2F74683E3C746820616C69676E3DE4
:104270002263656E746572223E506F72743C2F74B7
:10428000683E3C746820616C69676E3D2263656EB0
:10429000746572223E44757263687761686C3C2F66
:1042A00074683E3C746820616C69676E3D2263658A
:1042B0006E746572223E6C65747A74653C62723EFF
:1042C00056657277656E64756E673C62723E736F99
:1042D000727469657265203C6120687265663D2272
:1042E0006974656C65782D746C6E7665727A2E6370
:1042F00067693F736F72743D646174756D223E61CE
:1043000075663C2F613E203C6120687265663D22E7
:104310006974656C65782D746C6E7665727A2E633F
:1043200067693F736F72743D646174756D26616275
:10433000223E61623C2F613E3C2F74683E3C7468B3
:1043400020616C69676E3D226C656674223E416B2C
:1043500074696F6E3C2F74683E3C2F74723E007619
:10436000697375616C6973656572207072697665D1
:10437000272061626F6E6E6565206C696A737420B8
:1043800067656865656C0076697375616C697A7AD2
:104390006120656C656E636F207072697661746F01
:1043A00020696E7465726F0073686F7720636F6D3C
:1043B000706C657465206469726563746F727920CE
:1043C00077697468207072697661746520656E74AF
:1043D00072696573007A6569676520766F6C6C73C6
:1043E000742661756D6C3B6E6469676573205665F4
:1043F000727A656963686E6973003C68333E416236
:104400006F6E6E6565206C696A73743C2F68333E0D
:104410003C62723E003C68333E5075626C696320BA
:10442000656C656E636F206162626F6E6174693C7A
:104430002F68333E3C62723E003C68333E507562EA
:104440006C6963207375627363726962657220645C
:1044500069726563746F72793C2F68333E3C627297
:104460003E003C68333E264F756D6C3B6666656E5C
:10447000746C6963686573205465696C6E65686DFA
:1044800065727665727A656963686E69733C2F68D8
:10449000333E3C62723E003C68333E41626F6E6E5A
:1044A0006565206C696A73743C2F68333E3C6272A8
:1044B0003E003C68333E456C656E636F206162620E
:1044C0006F6E6174693C2F68333E3C62723E003C03
:1044D00068333E5375627363726962657220646902
:1044E000726563746F72793C2F68333E3C62723E32
:1044F000003C68333E5465696C6E65686D65727624
:1045000065727A656963686E69733C2F68333E3CF7
:1045100062723E00202667743B2667743B266774F0
:104520003B20293A20004572726F726520646174E5
:104530006920287665646920646F706F202667742F
:104540003B2667743B2667743B20293A2000696E3E
:1045500076616C696420656E747279202873656574
:10456000206166746572202667743B2667743B265B
:1045700067743B20293A20006665686C6572686143
:1045800066746520416E676162652028736965689D
:10459000652068696E746572202667743B266774AF
:1045A0003B2667743B20293A200042657665737488
:1045B000696720766572616E646572696E67004333
:1045C0006F6E6665726D612063616D62696F005325
:1045D00075626D6974206368616E67657300456913
:1045E0006E7374656C6C756E67202655756D6C3BCB
:1045F0006265726E65686D656E00766572616E6487
:1046000065726420696E002063616D626961746F18
:1046100020696E00206368616E67656420746F00B6
:104620002067652661756D6C3B6E646572742069E8
:104630006E00206765656E20766572616E646572D6
:10464000696E670020696E7661726961746F00201F
:10465000756E6368616E6765640020756E7665725D
:104660002661756D6C3B6E6465727400766F6C6765
:10467000656E646500636F6E74696E756172650066
:10468000636F6E74696E7565007765697465720035
:104690004465206E696575776520706172616D652E
:1046A00074657273207A696A6E3A20005061726193
:1046B0006D65747269206E756F766920736F6E6FA9
:1046C0003A2000546865206E6577207365747469BC
:1046D0006E6773206172653A2000446965206E65DB
:1046E00075656E2045696E7374656C6C756E676573
:1046F0006E2073696E643A20002B2B2B65696E6403
:1047000065002B2B2B66696E65002B2B2B656E6469
:10471000002B2B2B666572746967004E756D6D6595
:10472000722025732073746174757320253032589C
:104730003C62723E004E756D65726F20257320736A
:104740007461746F20253032583C62723E004E75A1
:104750006D626572202573207374617475732025F2
:104760003032583C62723E004E756D6D6572202588
:10477000732053746174757320253032583C627213
:104780003E005374617475732076616E20616C6CA9
:104790006520766F6F7268616E64656E65206D6FFF
:1047A00064756C656E203C503E00537461746F20DC
:1047B0006469207475747469206D6F64756C692008
:1047C000636F6C6C65676174693A203C703E00539E
:1047D0007461747573206F6620616C6C20636F6EFA
:1047E0006E656374656420686172647761726520C8
:1047F0006D6F64756C65733A3C703E005374617400
:1048000075732064657220616E67657363686C6F91
:104810007373656E656E204D6F64756C653A3C70A0
:104820003E0050494E20766F6F722064652073659C
:10483000727665722073796E6368726F6E697365E4
:1048400072696E670050494E207065722073796EF0
:1048500063726F6E697A7A617A696F6E65207365CB
:10486000727665720050494E20666F7220646972DC
:104870006563746F727920736572766572207379DF
:104880006E6368726F6E69736174696F6E004765FD
:104890006865696D7A61686C20662675756D6C3B1C
:1048A00072205365727665722D53796E6368726FEC
:1048B0006E6973696572756E670041647265732015
:1048C00076616E2064652041626F6E6E65652D7342
:1048D000657276657200496E646972697A7A6F20D2
:1048E00064656C207365727665722D6162626F6EAD
:1048F00061746900537562736372696265722064E2
:1049000069726563746F727920736572766572205F
:1049100061646472657373004164726573736520CA
:10492000646573205465696C6E65686D65722D539E
:104930006572766572730044796E616D6973636840
:104940006520495020656E2076617374652073651B
:10495000727665722076657262696E64696E672030
:104960006B756E6E656E206E6965742067656C6927
:104970006A6B74696A646967206265737461616EE9
:104980000049502064696E616D69636F2065206322
:104990006F6E6E657373696F6E6520666973736F92
:1049A000206E6F6E20706F73736F6E6F20636F6514
:1049B000736973746572650052656D6F7465206309
:1049C0006F6E6E656374696F6E2073657276657263
:1049D00020616E642064796E616D696320495020A6
:1049E000617265206578636C7573697665005665DC
:1049F0007262696E64756E677362722675756D6C2E
:104A00003B636B656E73657276657220756E6420AC
:104A100044796E616D6973636865204950206E69E1
:104A20006368742067656D65696E73616D20766576
:104A30007277656E646261722E0047656272756995
:104A40006B207065726D616E656E74652073657242
:104A50007665722076657262696E64696E67206140
:104A60006C73206572206765656E207661737420B3
:104A700049502061647265732069732E005573611B
:104A800020636F6E6E657373696F6E6520706572FB
:104A90006D616E656E7465207365206E6F6E204962
:104AA0005020666973736F00557365207065726D71
:104AB000616E656E742073657276657220636F6EC9
:104AC0006E656374696F6E2064756520746F206E07
:104AD0006F6E2D7075626C6963204950206164644B
:104AE00072657373005374616E6476657262696E89
:104AF00064756E67207A756D2053657276657220D5
:104B0000776567656E206E696368742D266F756DB5
:104B10006C3B6666656E746C6963686572204950AB
:104B20002076657277656E64656E005075626C699B
:104B3000656B6520696E7465726E657420706F6F49
:104B4000727400506F72746120696E7465726E6564
:104B50007420707562626C69636F005075626C6975
:104B60006320696E7465726E657420706F72742054
:104B70006E756D62657200266F756D6C3B6666655D
:104B80006E746C6963686520506F72742D4E756D1C
:104B90006D65720056657262696E64696E677374E2
:104BA0006573742D506572696F6465202830203DEF
:104BB000207569742900506572696F646F2064699B
:104BC00020746573742064656C20636F6C6C65671A
:104BD000616D656E746F202830203D207370656EA6
:104BE000746F29004C6F6F706261636B2074657322
:104BF0007420706572696F6420283020746F207390
:104C00007769746368206F66662900566572626909
:104C10006E64756E6773746573742D506572696F19
:104C2000646520283020662675756D6C3B72206B9C
:104C300065696E2054657374290044796E616D69ED
:104C40007363686520495020616B7475616C69738A
:104C50006572696E6720697320616B7469656600AF
:104C6000416767696F726E616D656E746F20495040
:104C70002064696E616D69636F20652720617474BB
:104C800069766F0044796E616D6963207570646147
:104C90007465206F66204950206164647265737387
:104CA000206163746976650044796E616D69736330
:104CB00068652049502D416B7475616C6973696535
:104CC00072756E6720616B7469760050494E20766C
:104CD0006F6F722061616E6D656C64696E672062D2
:104CE000696A2064652061626F6E6E656520736518
:104CF000727665720050494E207065722061636360
:104D0000656465726520616C2073657276657220DA
:104D10006162626F6E6174690050494E20666F7205
:104D2000207369676E20696E2061742073756273E9
:104D3000637269626572206469726563746F727907
:104D4000207365727665720047656865696D7A6182
:104D5000686C207A757220416E6D656C64756E6743
:104D6000206265696D205275666E756D6D65726E37
:104D70002D536572766572003C6269673E3C623E07
:104D8000266C743B3D3D3D206D6F65742074656EEF
:104D90006D696E737465203520746F2039206369E6
:104DA0006A66657273207A696A6E213C2F623E3CA6
:104DB0002F6269673E003C6269673E3C623E266C3A
:104DC000743B3D3D3D206465766520617665726586
:104DD00020616C6D656E6F20352066696E6F206195
:104DE0002039206369667265213C2F623E3C2F6248
:104DF00069673E003C6269673E3C623E266C743BDC
:104E00003D3D3D206D75737420686176652066694F
:104E1000766520746F206E696E65206469676974B9
:104E200073213C2F623E3C2F6269673E003C626901
:104E3000673E3C623E266C743B3D3D3D206D757384
:104E4000732066FC6E6620626973206E65756E2045
:104E50005A69666665726E20686162656E213C2FD4
:104E6000623E3C2F6269673E00656967656E206E31
:104E7000756D6D657220696E2068657420692D748A
:104E8000656C6578206E65740050726F7072696F22
:104E9000206E756D65726F206E656C6C6120726539
:104EA000746520692D74656C657800537562736351
:104EB00072696265722773206E756D626572006536
:104EC0006967656E65205275666E756D6D657220D9
:104ED000696D20692D74656C65782D4E65747A0056
:104EE0004B6F6E66696775726174696520697320BE
:104EF0006E75206765626C6F6B6B656572642E20E2
:104F00004F7068656666696E6720646F6F722070A7
:104F1000617373776F6F726420696E676176652065
:104F20006F66206465206472756B6B6E6F70206FA6
:104F3000702064652065746865726E65746B61616C
:104F40007274203278206472756B6B656E00436FEB
:104F50006E66696775726174696F6E65206527207A
:104F6000626C6F63636174612061646573736F2E3B
:104F7000205065722073626C6F6363617265206498
:104F8000696769746172652070617373776F7264A9
:104F9000206F207072656D692070756C73616E741E
:104FA000652073756C6C612073636865646120654E
:104FB000746865726E6574203220766F6C74652E2D
:104FC00000436F6E66696775726174696F6E2070F9
:104FD0006167657320617265206C6F636B65642027
:104FE000616761696E2E20466F7220756E6C6F630B
:104FF0006B696E6720656E7465722070617373777C
:105000006F7264206F72207075736820627574749B
:105010006F6E2061742065746865726E65742069B6
:105020006E74657266616365206D6F64756C652072
:1050300074776963652E004B6F6E66696775726180
:1050400074696F6E7373656974656E2073696E64DD
:10505000206E756E2067657370657272742E205AAB
:10506000757220467265696761626520776965645B
:105070006572206461732050617373776F7274205E
:1050800065696E676562656E206F64657220546144
:105090007374652064657220426175677275707003
:1050A00065203220782064722675756D6C3B636BC9
:1050B000656E2E004B6965732070617373776F6F37
:1050C000726420656572737420696E203C6120688B
:1050D0007265663D226974656C65786366672D69E3
:1050E0006E7465726E2E6367693F7370723D6E6C8D
:1050F00022207461726765743D226D61696E223E83
:10510000506172616D657465727320696E206C6F99
:105110006B61616C207379737465656D3C2F613EC2
:10512000210053656C657A696F6E652070617373D9
:10513000776F726420696E203C6120687265663DFD
:10514000226974656C65786366672D696E74657233
:105150006E2E6367693F7370723D697422207461BB
:10516000726765743D226D61696E223E50617261A5
:105170006D657472692073697374656D61206C6FFD
:1051800063616C653C2F613E210046697273742037
:1051900073656C6563742070617373776F726420DC
:1051A000696E203C6120687265663D226974656C99
:1051B00065786366672D696E7465726E2E636769C4
:1051C0003F7370723D656E22207461726765743D35
:1051D000226D61696E223E53657474696E67732037
:1051E000666F7220746865206C6F63616C207379E0
:1051F0007374656D3C2F613E21007A756E26617572
:105200006D6C3B636873742050617373776F727455
:1052100020696E203C6120687265663D2269746574
:105220006C65786366672D696E7465726E2E636750
:10523000693F7370723D64652220746172676574A2
:105240003D226D61696E223E45696E7374656C6CBA
:10525000756E67656E20696D206C6F6B616C656E35
:105260002053797374656D3C2F613E2065696E67CC
:105270006562656E210050617373776F6F72642091
:10528000766572616E646572656E20616C73206E06
:105290006F6469670043616D62696F207061737349
:1052A000776F7264207365206E65636573736172D6
:1052B000696F003C62723E50617373776F72642055
:1052C0006368616E676564206966206E65636573F7
:1052D00073617279003C62723E4B656E6E776F72DD
:1052E00074206767662E2067652661756D6C3B6E5E
:1052F000646572742E00566572616E646572696EC3
:1053000067206E696574206D6F67656C696A6B00F4
:1053100043616D6269616D656E746F206E6F6E20A2
:10532000706F73736962696C650020636F756C647C
:10533000206E6F74206265206368616E676564002B
:10534000206B6F6E6E7465206E696368742067658C
:105350002661756D6C3B6E6465727420776572644E
:10536000656E004E696575776520746578740054C4
:10537000657374206E756F766F006E657720746547
:105380007874006E65756572205465787400526596
:1053900067656C20746520766572616E6465726500
:1053A0006E00526967612064612063616D626961AA
:1053B0007265006C696E6520746F206368616E674A
:1053C00065007A75202661756D6C3B6E6465726E42
:1053D0006465205A65696C65004C6F6B61616C2077
:1053E000656E2062696A2062656C6C6572006C6F24
:1053F00063616C6D656E7465206520636869616DBD
:10540000616E7465006C6F63616C20616E64206313
:10541000616C6C6572006C6F6B616C20756E6420E2
:10542000416E727566657200616C6C65656E2062B6
:10543000696A2064652062656C6C657200736F6CCC
:105440006F2064616C6C6120636869616D616E746A
:1054500065006F6E6C792061742063616C6C65729D
:10546000006E7572206265696D20416E72756665A9
:105470007200616C6C65656E206C6F6B61616C00B5
:10548000736F6C6F206C6F63616C65006F6E6C790D
:10549000206C6F63616C006E7572206C6F6B616C59
:1054A00000756974007370656E746F006F666600D6
:1054B00061757300446174756D207072696E74203B
:1054C0006175746F6D6174697363682062696A20C5
:1054D0006B6F6D656E64652076657262696E646976
:1054E0006E67005374616D70612064617461206146
:1054F00075746F6D617469636120616C6C612063A8
:105500006869616D617461005072696E74206461D4
:105510007465206F6E20696E636F6D696E672063BE
:10552000616C6C7300446174756D20626569204123
:105530006E727566656E206175746F6D61746973E6
:10554000636820647275636B656E0053797374656C
:10555000656D62657269636874656E20696E206C42
:10556000616E676520766F726D004D65737361675C
:1055700067692064692073697374656D61206C7557
:105580006E676869006C6F6E672073657276696319
:1055900065206D65737361676573004469656E733B
:1055A000746D656C64756E67656E20696E204C6104
:1055B0006E67666F726D00496E7465726E6520610C
:1055C000626F6E6E6565206C696A7374207A6963B8
:1055D000686261617220766F6F72206965646572BE
:1055E00065656E00456C656E636F20696E746572EB
:1055F0006E6F206162626F6E617469207669736993
:1056000062696C652061207475747469004C6F6305
:10561000616C20737562736372696265722064697C
:10562000726563746F72792076697369626C652044
:10563000666F72206576657279626F647900546571
:10564000696C6E65686D65722D5665727A65696301
:10565000686E697320662675756D6C3B7220616C8F
:105660006C65207369636874626172005061737362
:10567000776F6F726420766F6F72206B6F6E6669E2
:10568000677572617469650050617373776F7264D6
:105690002070657220636F6E6669677572617A69E2
:1056A0006F6E650050617373776F726420666F72FE
:1056B00020636F6E66696775726174696F6E2070C2
:1056C000616765730050617373776F72742066262B
:1056D00075756D6C3B72204B6F6E66696775726194
:1056E00074696F6E7373656974656E0066696C7456
:1056F0006572206E697665617520766F6F722062C3
:10570000657269636874656E006C6976656C6C6F50
:105710002066696C7472616767696F206D65737369
:1057200061676769004D6573736167652066696CC1
:10573000746572696E67206C6576656C004C657681
:10574000656C20662675756D6C3B722044727563BE
:105750006B6175736761626520766F6E204D656C55
:1057600064756E67656E0050726F746F636F6C2046
:1057700064696570746520766F6F7220646520615E
:10578000626F6E6E65652073657276657200507229
:105790006F666F6E64697461272064692070726F30
:1057A000746F636F6C6C6F2064656C2073657276C8
:1057B0006572206162626F6E617469004C6F676729
:1057C000696E67206C6576656C20666F722064690F
:1057D000726563746F7279207365727665720054B6
:1057E00069656665206465722050726F746F6B6FB7
:1057F0006C6C696572756E6720662675756D6C3B9D
:1058000072205465696C6E2D536572766572003F27
:105810003F3F003F3F3F004F7574707574206D6FC0
:105820006465206F662073657269616C20706F72A9
:105830007400417573676162652D4D6F64757320E7
:10584000616E2073657269656C6C65722053636864
:105850006E6974747374656C6C65006E6F6F6974D7
:10586000006D6169006E65766572006E6965006144
:105870006C6C65656E206D657420646972656B740F
:1058800065206F70726F657000736F6C6F20636F4F
:105890006E20636869616D61746520646972657406
:1058A0007465006F6E6C7920776974682064697222
:1058B0006563742063616C6C73006E7572206D6932
:1058C000742044757263687761686C00616C7469F8
:1058D0006A640073656D70726500616C77617973DD
:1058E00000696D6D657200616363657074656572F2
:1058F000206F70726F657020696E20415343494973
:105900002D6D6F647573004163636574746120630A
:105910006869616D61746520696E206D6F646F20C8
:1059200041534349490061636365707420415343A7
:105930004949206D6F64652063616C6C7300416E32
:105940007275666520696D2041534349492D4D6F3D
:1059500064757320616E6E65686D656E0074696A4A
:10596000642061616E20616E64657265206D6F6494
:10597000756C656E207A656E64656E007472617315
:105980006D657474657265206C276F726172696FE2
:1059900020616420616C747269206D6F64756C693C
:1059A0000042726F6164636173742074696D652075
:1059B000746F206F74686572206D6F64756C6573A9
:1059C000005568727A65697420616E20616E646545
:1059D0007265204D6F64756C6520766572746569BB
:1059E0006C656E004175746F6D6174697363686591
:1059F00020726567656C65696E64652061616E2003
:105A0000706F7369746965004461206361706F2011
:105A10006175746F6D617469636F20616C20706F64
:105A200073697A696F6E65004175746F6D61746931
:105A300063206C696E6520627265616B2061742001
:105A4000706F736974696F6E004175746F6D617406
:105A5000697363686572205A65696C656E756D62FD
:105A60007275636820616E20506F736974696F6E20
:105A7000004765627275696B206E6965757720698C
:105A80006E7465726E206275732070726F746F63CE
:105A90006F6C202876616E2061662076657273696E
:105AA000652034353029005573617265206E756F3D
:105AB000766F20696E7465726E6F206275732070E8
:105AC000726F746F636F6C202864616C20766572EE
:105AD00073696F6E65203435302900557365206E0B
:105AE000657720696E7465726E616C2062757320D3
:105AF00070726F746F636F6C202866726F6D2076A2
:105B0000657273696F6E2034353029004E65756596
:105B10007320696E7465726E65732042757370725E
:105B20006F746F6B6F6C6C2076657277656E6465F1
:105B30006E202861622056657273696F6E2034355D
:105B40003029004261756472617465732076616EFC
:105B5000206D6F64756C656E2028766F6F7262655C
:105B6000656C643A2037302D37393A37352C2A3A6C
:105B70003530290042617564726174657320646513
:105B800069206D6F64756C6920286573656D706937
:105B90006F3A2037302D37393A37352C2A3A35309D
:105BA0002900426175647261746573206F66206DAF
:105BB0006F64756C657320286578616D706C653AEB
:105BC0002037302D37393A37352C2A3A35302900ED
:105BD00042617564726174656E20646572204D6FF8
:105BE00064756C652028426569737069656C3A203C
:105BF00037302D37393A37352C2A3A35302900429B
:105C000065736368696B6261726520657874656E3F
:105C10007369657320286D6574206B6F6D6D6127E6
:105C20007320736368656964656E290045737465E4
:105C30006E73696F6E6920646973706F6E696269F3
:105C40006C692028736570617261726520636F6E84
:105C500020766972676F6C6129005365636F6E64AB
:105C60006172792063616C6C206E756D6265727310
:105C7000206C69737420287365706172617465208B
:105C8000627920636F6D6D61290065726C61756268
:105C900074652044757263687761686C656E20284E
:105CA0006D6974204B6F6D6D61207472656E6E65E9
:105CB0006E29006F6F6B2062696A20766572626977
:105CC0006E64696E67656E2061616E2065787465CB
:105CD0006E7369657300616E63686520706572201C
:105CE000636869616D61746520616C6C65206573C2
:105CF00074656E73696F6E6900616C736F20666F97
:105D000072206469726563742063616C6C732074C3
:105D10006F207365636F6E64617279207072696E53
:105D200074657200617563682062656920447572EC
:105D300063687761686C00616C6C65656E20626990
:105D40006A206465207072696D616972652074658E
:105D50006C657800736F6C6F2074656C657363722B
:105D60006976656E7465207072696D6172696F0025
:105D70006F6E6C792063616C6C7320746F2070722D
:105D8000696D617279207072696E746572006E75EA
:105D900072206265692048617570747374656C6CFB
:105DA00065004E6F6F6974004D6169006E657665C0
:105DB00072006E696500446F6F7276657262696E1B
:105DC00064656E2077616E6E6565722062657A65C6
:105DD0007400496E6F6C74726F207175616E646FC0
:105DE000206F6363757061746F00466F72776172C4
:105DF000642063616C6C7320746F20616C746572D5
:105E00006E61746976652074656C657072696E7414
:105E100065722069662063616C6C6564206973201B
:105E200062757379005765697465726C656974751C
:105E30006E67206265692062657365747A740049D3
:105E40006E7465726E65206E756D6D65722076611B
:105E50006E206465207072696D6169726520746579
:105E60006C657820766F6F72206B6F6D656E646500
:105E70002076657262696E64696E67656E006E7524
:105E80006D65726F20696E7465726E6F2064656CEB
:105E90002074656C657363726976656E74652070D5
:105EA00072696D6172696F207065722063686961E3
:105EB0006D61746520696E2061727269766F2E0063
:105EC000496E7465726E616C2063616C6C206E75D6
:105ED0006D626572206F66207072696D61727920E3
:105EE00074656C657072696E74657220666F72207D
:105EF000696E636F6D696E672063616C6C730069B6
:105F00006E7465726E652044757263687761686C43
:105F1000206465722048617570747374656C6C657B
:105F200020662675756D6C3B72206B6F6D6D656EAE
:105F300064652056657262696E64756E67656E0091
:105F4000566F6F726B6575722074656C657820761C
:105F50006F6F72206B6F6D656E646520766572621F
:105F6000696E64696E67656E0054656C6573637213
:105F70006976656E74652070726566657269746FA6
:105F80002070657220636869616D61746520696E57
:105F900020656E7472617461005072696D6172790E
:105FA0002074656C657072696E74657220666F72BC
:105FB00020696E636F6D696E672063616C6C73003E
:105FC00066657374652048617570747374656C6C74
:105FD0006520662675756D6C3B72206B6F6D6D6507
:105FE0006E64652056657262696E64756E67656E73
:105FF000004E756D6D657220766F6F72206465203E
:1060000062756974656E6C696A6E00507265666966
:1060100073736F2070657220636F6C6C6567616D60
:10602000656E74692065737465726E69004F75746E
:1060300073696465206C696E65206E756D6265724A
:10604000004E65747A2D566F727761686C206626F3
:1060500075756D6C3B7220676568656E646520566A
:10606000657262696E64756E67656E00416B74750A
:10607000616C69736572656E00416767696F726E06
:10608000617265005265667265736800416B747574
:10609000616C6973696572656E00205A656E64652E
:1060A0006E200020547261736D6574746572652092
:1060B000002053656E64200020416273656E646544
:1060C0006E20005465787420696E676576656E3A57
:1060D000200044696769746120746573746F3A20A5
:1060E00000456E74657220746578743A20004569C5
:1060F0006E676162653A200048657420696E746558
:1061000072666163652069732067656465616B749D
:106110006976656572642C2070726F6265657220A5
:10612000686574206C61746572206E6F67206565A8
:106130006E73004C27696E74657266616363696192
:106140002065272064697361747469766174612CB9
:106150002070726F76612070697527207461726497
:106160006920707265676F00496E7465726661635D
:10617000652069732064652D616374697661746557
:10618000642E2054727920616761696E206C61749D
:1061900065722E005363686E6974747374656C6CF9
:1061A0006520697374206465616B746976696572D2
:1061B000742E2042697474652073702661756D6C4D
:1061C0003B746572207769656465722076657273C9
:1061D000756368656E2E0045722062657374616137
:1061E000742072656564732065656E20616E6465F8
:1061F00072652076657262696E64696E672C2077BD
:1062000061636874206576656E20612E752E622E3E
:106210000045736973746520756E27616C74612025
:10622000636F6E6E657373696F6E652C206173703A
:1062300065747461726520707265676F00436F6E7C
:106240006E656374696F6E20627573792C20706C53
:106250006561736520776169742E004573206265FE
:10626000737465687420626572656974732065690A
:106270006E6520616E646572652056657262696E36
:1062800064756E672C20626974746520776172741E
:10629000656E2E005465787420696E676576656E4C
:1062A000206F6D2064652074656C657820746520AE
:1062B0007374617274656E004469676974617265B4
:1062C00020696C20746573746F207065722061762C
:1062D0007669617265206C612074656C65736372A8
:1062E0006976656E746500456E74657220746578B4
:1062F0007420746F207374617274207072696E748C
:106300006572005465787465696E676162652073B3
:10631000746172746574204665726E736368726529
:10632000696265720047656472756B746520746597
:10633000787400537065636368696F2064692073C3
:1063400074616D7061007072696E7465642074654B
:10635000787400447275636B7370696567656C006F
:106360006E6965742067656F6F726C6F6F666465C8
:1063700020746F6567616E6720746F742064652098
:106380006B6F6E66696775726174696500616363DE
:106390006573736F206E6F6E206175746F72697AAA
:1063A0007A61746F20616C6C6120636F6E666967DF
:1063B0007572617A696F6E6500756E617574686F6C
:1063C00072697365642061636365737320746F2001
:1063D0006C6F636B656420636F6E6669677572616D
:1063E00074696F6E207061676500756E6175746F9A
:1063F000726973696572746572205A75677269662D
:106400006620617566204B6F6E6669677572617490
:10641000696F6E73736569746500506167696E6159
:10642000206765626C6F6B6B6565726420646F6F6B
:106430007220616E64657265206765627275696B52
:10644000657200506167696E6120626C6F636361A1
:10645000746120646120616C747261207574656E72
:106460007465210050616765206C6F636B65642003
:106470006279206F74686572207573657200536568
:1064800069746520676573706572727420766F6ECB
:1064900020616E646572656D20416E77656E64651E
:1064A00072210050617373776F6F7264206973207B
:1064B000666F7574212E0050617373776F7264205C
:1064C000657272617461210057726F6E672070612E
:1064D0007373776F726420656E74657265642100F2
:1064E00046616C7363686573204B656E6E776F727F
:1064F000742065696E6765676562656E2100567216
:10650000696A6765736368616B656C6400416363A6
:106510006573736962696C6500556E6C6F636B00BF
:1065200046726569676562656E00506167696E6194
:10653000206765626C6F6B6B656572642C205061BF
:106540007373776F6F726420696E676576656E200E
:10655000612E752E622E00506167696E6120626C3B
:106560006F63636174612C20507265676F2064698A
:106570006769746172652050617373776F7264002C
:1065800050616765206C6F636B65642120456E7494
:1065900065722070617373776F72640053656974FC
:1065A0006520676573706572727421204269747426
:1065B00065204B656E6E776F72742065696E6765D6
:1065C00062656E00496E7465726E652061626F6E01
:1065D0006E6565206C696A737420697320766F6CD0
:1065E00000656C656E636F20696E7465726E6F20F6
:1065F0006465676C69206162626F6E61746F2070A0
:1066000069656E6F00696E7465726E616C20646995
:10661000726563746F7279206F7574206F66207372
:106620007061636500696E7465726E657320527582
:10663000666E756D6D65726E2D5665727A656963ED
:10664000686E697320766F6C6C0041626F6E6E6568
:1066500065206E756D6D6572206E6965742062656A
:106660006B656E64004E756D65726F206162626F5E
:106670006E61746F206E6F6E20636F6E6F736369EF
:1066800075746F0073756273637269626572206EF0
:10669000756D626572206E6F74206B6E6F776E0021
:1066A0006765776165686C7465204E756D6D6572A0
:1066B000206E696368742062656B616E6E74005051
:1066C000494E20766F6F72206865742061616E6D2F
:1066D000656C64656E2062696A2064652061626F22
:1066E0006E6E6565207365727665722069732066CB
:1066F0006F75742E20720A6E65656D206B6F6E74F7
:10670000616B74206F70206D657420646520736503
:106710007665722061646D696E6973747261746FFD
:10672000722E0D0A64796E616D6973636865206904
:106730007020616B7475616C69736572696E672036
:10674000656E2072656D6F74652073657276657213
:106750002076657262696E64696E67206973207560
:106760006974676573636861616B656C642E005062
:10677000494E20706572206C276163636573736F87
:1067800020616C20736572766572206162626F6E43
:1067900061746920652720736261676C6961746F39
:1067A0002E0D0A636F6E746174746F206C27616DB7
:1067B0006D696E6973747261746F72652064656C63
:1067C000207365727665722E0D0A6C2761676769A2
:1067D0006F726E616D656E746F206175746F6D613F
:1067E0007469636F2064656C6C272069702065276D
:1067F000207365727665722072656D6F746F2065A7
:1068000027206469736162696C697461746F2E001A
:1068100050494E20666F72207369676E20696E2042
:106820006174207375627363726962657220646952
:10683000726563746F727920736572766572207702
:10684000726F6E672E0D0A706C6561636520636FF1
:106850006E746163742061207365727665722D6158
:10686000646D696E6973747261746F722E0D0A645F
:10687000796E616D696320697020757064617465FB
:1068800020616E642072656D6F746520636F6E6E3B
:10689000656374696F6E20736572766572207377B5
:1068A000697463686564206F6666206E6F772E007A
:1068B00067656865696D7A61686C206675657220C8
:1068C000616E6D656C64756E67206265696D2072BE
:1068D00075666E756D6D65726E2D73657276657217
:1068E0002066616C7363682E0D0A6269747465209A
:1068F000626569207365727665722D61646D696E7B
:106900006973747261746F72206D656C64656E2E4C
:106910000D0A64796E616D69736368652069702022
:10692000616B7475616C6973696572756E672075EA
:106930006E642072656D6F74652D73657276657215
:1069400020616E62696E64756E672077757264652A
:106950006E2061626765736368616C7465742E0094
:10696000466F75742062696A204175746F2D626587
:106970006C6C656E2C206B6F6E74726F6C656572DB
:10698000206465206B6F6E666967757261746965F6
:106990002076616E20646520726F757465722E209A
:1069A0000D0A4175746F2D62656C6C656E2069739C
:1069B000207569746765736368616B656C642E002C
:1069C0004572726F7265204175746F2D63686961DD
:1069D0006D61746F2C20636F6E74726F6C6C6120CC
:1069E000636F6E6669677572617A696F6E65206440
:1069F000656C20726F757465722E0D0A4175746F27
:106A00002D636869616D617461206527207374610D
:106A1000746120646973706162696C697461746126
:106A20002E004C6F6F706261636B2063616C6C2031
:106A30006661696C656420636F6E7374616E746CFB
:106A4000792E20436865636B20726F7574657220C0
:106A5000636F6E66696775726174696F6E2E0D0A79
:106A60004C6F6F706261636B2D5465737420776136
:106A700073207377697463686564206F66662E009F
:106A800053656C6273742D416E727566206D656816
:106A9000726661636820766572736167742C205238
:106AA0006F757465722D4B6F6E6669677572617470
:106AB000696F6E207072756566656E2E0D0A53657E
:106AC0006C6273742D416E727566207775726465A1
:106AD0002061626765736368616C7465742E000D74
:106AE0000A2F2F2F696E7465726E2062657269635A
:106AF0006874000D0A2F2F2F6D65737361676769C6
:106B00006F20696E7465726E61000D0A2F2F2F69F8
:106B10006E7465726E616C206D657373616765205C
:106B2000000D0A2F2F2F696E7465726E65206D65DA
:106B30006C64756E672000446174756D0044617407
:106B400061004461746500446174756D00696E7420
:106B500065726E652049503A20004950206C6F6381
:106B6000616C653A20006C6F63616C2049503A207B
:106B700000696E7465726E652049503A2000676541
:106B8000656E2070617373656E6465206461746105
:106B9000206765766F6E64656E0064617461206E57
:106BA0006F6E2074726F7661746F006E6F206D610E
:106BB000746368696E6720656E7472790D0A006B84
:106BC00065696E2070617373656E646572206569B6
:106BD0006E747261670D0A0065696E6465202B2B07
:106BE0002B2B0D0A0A0066696E65202B2B2B2B0DB3
:106BF0000A0A00656E64202B2B2B2B0D0A0A0065F8
:106C00006E6465202B2B2B2B0D0A0A002020206E92
:106C1000756D6D6572202D206E61616D202D207661
:106C2000657262696E64696E673A200D0A00202001
:106C3000206E756D65726F202D206E6F6D65202D35
:106C400020636F6E6E657373696F6E653A200D0A0F
:106C5000002020206E756D626572202D206E616DA2
:106C600065202D20636F6E6E656374696F6E3A0DDB
:106C70000A002020206E756D6D6572202D206E61DA
:106C80006D65202D2076657262696E64756E673A57
:106C90000D0A006C6F6B61616C20776567676573C7
:106CA0006368726576656E20646174656E3A0D0A7C
:106CB00000646174692073616C76617469206C6F23
:106CC00063616C6D656E74653A0D0A006C6F63618B
:106CD0006C6C792073746F72656420656E74726970
:106CE00065733A0D0A006C6F6B616C20766F726889
:106CF000616E64656E652065696E74726165676555
:106D00003A0D0A00666F75742062696A20686574BE
:106D100020616E74776F6F72642076616E20646597
:106D2000207365727665722E20006572726F7265CF
:106D3000206E656C6C61206C6120726973706F737A
:106D400074612064616C207365727665722E0065D3
:106D500072726F7220696E207375627363726962FA
:106D600065722073657276657220616E73776572E5
:106D70002E20006665686C65722062656920736507
:106D8000727665722D616266726167652E2000748D
:106D9000656E6D696E7374652033206C65747465FF
:106DA000727320696E676576656E20202020202032
:106DB0000D0A0A0064696769746120616C6D656E13
:106DC0006F203320636172617474657269202020C2
:106DD0002020200D0A0A00656E74657220617420FF
:106DE0006C65617374207468726565206368617294
:106DF0006163746572732E2020202020200D0A0A02
:106E0000006D696E64657374656E732033207A65F6
:106E1000696368656E2065696E676562656E2E20C0
:106E200020202020200D0A0A000D0A6D6F6D0D0A2A
:106E3000000D0A6D6F6D0D0A000D0A6D6F6D0D0A64
:106E4000000D0A6D6F6D0D0A000D0A7A6F656B6596
:106E50006E206162626F6E65657320766F6F723A45
:106E6000202020202020000D0A7269636572636172
:106E7000206162626F6E617469207065723A2020D1
:106E8000202020000D0A73656172636820737562AB
:106E9000736372696265727320666F723A20202094
:106EA000202020000D0A7465696C6E65686D65723E
:106EB0007375636865206E6163683A202020202026
:106EC00020004C6F63616C65206161756E736C7539
:106ED0006974696E67206F6E64657262726F6B654C
:106EE0006E00436F6E6E657373696F6E65206C6FB5
:106EF00063616C6520696E746572726F74746F0083
:106F00004C6F7374206C6F63616C20636F6E6E6581
:106F10006374696F6E00496E7465726E65205665A4
:106F20007262696E64756E6720756E7465726272E6
:106F30006F6368656E004C6F63616C652061616EA4
:106F4000736C756974696E672062657A6574004355
:106F50006F6E6E657373696F6E65206C6F63616CC5
:106F600065206F6363757061746F004C6F63616C53
:106F700020636F6E6E656374696F6E2062757379DE
:106F800000416E7363686C75737320696E7465720B
:106F90006E2062657365747A74005370656369610D
:106FA000616C20626572696368743A20004D657394
:106FB00073616767696F207370656369616C653AB7
:106FC00020007370656369616C206D657373616720
:106FD000653A2000736F6E7374696765206D656C28
:106FE00064756E673A20006166676562726F6B65F3
:106FF0006E00696E746572726F74746F0062726590
:10700000616B0067657472656E6E740041626F6ECD
:107010006E656520616273656E74202F20676564FC
:1070200065616B74697665657264004162626F6E5A
:1070300061746F20617373656E7465202F206465C1
:10704000617474697661746F0053756273637269F9
:1070500062657220616273656E74202F20646561C1
:107060006374697661746564005465696C6E656803
:107070006D6572206162776573656E64202F206193
:10708000626765736368616C7465740061626F6EDA
:107090006E656520676573746F6F7264004162622C
:1070A0006F6E61746F2067756173746F00537562E2
:1070B000736372696265722064657261696C65648C
:1070C000005465696C6E65686D65722067657374E0
:1070D0006F6572740061626F6E6E6565206E6965C2
:1070E0007420746F656765737461616E00416262DC
:1070F0006F6E61746F206E6F6E207065726D657358
:10710000736F0053756273637269626572206E6F8C
:107110007420616C6C6F776564005465696C6E6592
:10712000686D6572206E696368742065726C617544
:1071300062740061626F6E6E6565206E69657420B1
:1071400062657265696B62616172004162626F6E55
:1071500061746F206E6F6E207261676769756E670C
:107160006962696C65005375627363726962657206
:10717000206E6F7420617661696C61626C65005489
:1071800065696C6E65686D6572206E6963687420F0
:10719000657272656963686261720041626F6E6EEA
:1071A00065652069732062657A6574004162626F6B
:1071B0006E61746F206F6363757061746F005375D7
:1071C00062736372696265722062757379005465D7
:1071D000696C6E65686D65722062657365747A743A
:1071E0000053657276657220766F6F722064652039
:1071F00074696A64206973206E69657420626573BE
:107200006368696B626161722C2067656C69657681
:10721000652068657420696E7465726661636520B7
:107220006E69657577206F70207465207374617264
:1072300074656E0053657276657220706572206C9D
:10724000276F726172696F206E6F6E206469737050
:107250006F6E6962696C652C20726961767669610E
:107260007265206C27696E7465726661636369611B
:1072700020706572206661766F72652E0074696D8C
:107280006520736572766572206E6F742061766119
:10729000696C61626C652E207375627363726962DA
:1072A000657220736572766572206E6F74207374D8
:1072B00061727465642C20706C6561736520726501
:1072C0007374617274207468697320696E74657276
:1072D0006661636520616761696E2E005A65697435
:1072E0002D53657276657220776172206E696368CE
:1072F0007420766572667565676261722C207465AC
:10730000696C6E65686D65722D7365727665722045
:107310006E69636874206765737461727465742E36
:10732000206269747465206469657365207363689D
:107330006E6974747374656C6C65206E657520730A
:1073400074617274656E2E004D61696C20697320E2
:107350006E696574206265736368696B62616172EE
:1073600020696E2064657A652076657273696500B0
:107370004D61696C206E6F6E20652720737570708B
:107380006F727461746F20696E2071756573746FAC
:107390002076657273696F6E65004D61696C206E51
:1073A0006F7420737570706F7274656420696E20DD
:1073B000746869732076657273696F6E004D6169D8
:1073C0006C20696E206469657365722056657273FE
:1073D000696F6E206E6963687420756E7465727370
:1073E000747565747A74004765656E20766572629F
:1073F000696E64696E67206D6574206465207569C7
:10740000746761616E6465206D61696C2D7365726E
:10741000766572004E6F20436F6E6E657373696F91
:107420006E6520616C206D61696C2D736572766587
:107430007220696E20757363697461004E6F2063FA
:107440006F6E6E656374696F6E20746F2073657202
:1074500076657220666F72206F7574676F696E67EC
:10746000206D61696C73004B65696E6520566572AD
:1074700062696E64756E67207A756D204D61696C06
:107480002D5365727665722066756572204175733D
:1074900067616E6700536572766572206973207745
:1074A000656572206265736368696B626161722EE3
:1074B00000536572766572206E756F76616D656ECC
:1074C000746520646973706F6E6962696C652E0003
:1074D00073657276657220617661696C61626C6554
:1074E00020616761696E2E00736572766572207720
:1074F00069656465722065727265696368742E00DF
:107500004765656E2073657276657220766F6F725F
:107510002061626F6E6E656573202F2076657262E2
:10752000696E64696E67656E2062657265696B621B
:107530006161723A2056657262696E64696E676550
:107540006E207A696A6E206E696574206D6F67655A
:107550006C696A6B006E6F2073657276657220705D
:107560006572206162626F6E617469202F20636FA3
:107570006E6E657373696F6E6920646973706F6E88
:107580006962696C653A20436F6E6E657373696FEB
:107590006E69206E6F6E20706F73736962696C65BF
:1075A000006E6F2073756273637269626572206426
:1075B00069726563746F7279202F20636F6E6E65D8
:1075C0006374696F6E20736572766572206176618F
:1075D000696C61626C653A20436F6E6E65637469B5
:1075E0006F6E73206D6179206661696C2E006B652A
:1075F000696E207465696C6E65686D65722D202FEB
:107600002076657262696E64756E67732D7365723C
:1076100076657220657272656963686261723A208C
:1076200076657262696E64756E677376657273757E
:10763000636865206B6F656E6E656E206665686C4D
:107640007363686C6167656E2E0054696D656F7554
:107650007420696E2061667761636874696E672063
:1076600076616E2068657261616E736C75697469AC
:107670006E670074696D656F757420696E20617442
:10768000746573612064692072652D636F6C6C652D
:1076900067616D656E746F0054696D656F757420F8
:1076A0007768696C652077616974696E6720666FB9
:1076B000722061207265636F6E6E656374696F6EB0
:1076C000005A65697475656265727363687265698D
:1076D00074756E67206265692057696564657261BB
:1076E00075666E61686D65206465722056657262AC
:1076F000696E64756E67004D656572766F75646955
:10770000676520666F7574656E2062696A207A65A8
:107710006E64656E206F7020686574206E65747786
:1077200065726B004572726F7269206D756C746959
:10773000706C6920747261736D657474656E646FCA
:107740002073756C6C612072657465004D756C7486
:1077500069706C65206572726F7273207768696CEE
:10776000652073656E64696E67206F6E206E657448
:10777000776F726B004D656872666163686520465D
:1077800065686C6572206265696D2053656E64651D
:107790006E20696E73204E65747A00496E6B6F6D52
:1077A000656E64652076657262696E64696E6720D5
:1077B0006765616E6E756C65657264207765676577
:1077C0006E732062657A657400436869616D6174E7
:1077D0006120696E20656E74726174612063656EEC
:1077E00063656C6C617461207065726368652720E5
:1077F0006F6363757061746F00696E636F6D696E3E
:10780000672063616C6C2063616E63656C6C65649A
:1078100020626563617573652062757379006B6FB3
:107820006D6D656E64657220416E72756620616271
:10783000676577696573656E20776567656E206239
:10784000657365747A74004142434445464748492C
:107850004A4B4C4D4E4F5051525354555657585910
:107860005A6162636465666768696A6B6C6D6E6FA6
:10787000707172737475767778797A303132333407
:1078800035363738392B2F004D4350636F6E66699C
:1078900067000D0A000A00256300436F6E66696782
:1078A000206973742025642062797465732067727F
:1078B0006F73732C2025642062797465207765725C
:1078C00064656E2062656E75747A742E204F6666EC
:1078D0007365742025640D0A0D0A004F4646005753
:1078E000524954455F50524F54454354002530325D
:1078F000783A253032783A253032783A2530327865
:107900003A253032783A25303278004448435020C6
:107910006D736720747970652035332076616C75DE
:10792000652025750D0A0044484350206D7367207B
:10793000747970652035332076616C756520257506
:107940000D0A0025642E25642E25642E2564002052
:107950006665686C67657363686C6167656E0D0A60
:1079600000206665686C67657363686C6167656E47
:107970000D0A00205A6569743A20253032643A2590
:107980003032643A253032642E253032640D0A00DC
:107990004E5450534552564552005554435A4F4E3B
:1079A0004500207C2D3E204E54502D536572766547
:1079B00072205A65697420616B7475616C697369B2
:1079C0006572656E3A006F6E004E545000207C2048
:1079D0002020444E53202020203A2025730D0A00F9
:1079E000207C202020476174657761793A202573D7
:1079F0000D0A00207C2020204E65746D61736B3A67
:107A00002025730D0A00207C2020204950202020B2
:107A100020203A2025730D0A006F6E004448435021
:107A2000004448435000207C2D3E205443502028E1
:107A3000487572726963616E2D656E67696E65293E
:107A400020696E697469616C6973696572740D0A85
:107A500000207C2D3E205544502028546F726E61CA
:107A6000646F2D656E67696E652920696E6974693A
:107A7000616C6973696572740D0A002D2B2D3E20AF
:107A800041525020696E697469616C6973696572ED
:107A9000740D0A00204C696E6B2072656164790D6B
:107AA0000A002046756C6C6475706C65783A004508
:107AB0004E4332386A363020285265762E3A2025D9
:107AC000642920696E697469616C6973696572748F
:107AD00020282048572D4164643A20253032783AD6
:107AE000253032783A253032783A253032783A25C6
:107AF0003032783A253032782029004D4143004D0C
:107B0000414300207C2D3E20566572737563686585
:107B100020444843502D436F6E666967207A752074
:107B2000686F6C656E2E2000444843502D436F6E85
:107B3000666967204665686C67657363686C616732
:107B4000656E0D0A00444843502D436F6E666967A9
:107B5000206765686F6C740D0A0047415445004406
:107B60004E53004D41534B004950005544502D5346
:107B70006F636B65742067657363686C6F7373659F
:107B80006E2E0D0A0054696D656F7574206265690B
:107B90006D2077617274656E2061756620416E7428
:107BA000776F72742E0D0A0046616C73636865739B
:107BB00020466F726D61742064657220416E747727
:107BC0006F72742E0D0A00416E74776F72742065A7
:107BD0007268616C74656E2E0D0A0057617274656F
:107BE0002061756620416E74776F72742E00554463
:107BF000502D5061636B657420676573656E6465B5
:107C0000742E0D0A005544502D536F636B6574201C
:107C100061756667656D61636874207A7572202589
:107C2000732E0D0A004F6566666E65206E6575657C
:107C30007320536F636B65742E0D0A000D0A0043A9
:107C40006F6D6D616E64733A0D0A0D0A0068656CA4
:107C500070002820256C6420427974652075656267
:107C6000657274726167656E20285344290D0A009D
:107C70004854545020736F636B657420636C6F734A
:107C8000656420627920636C69656E740D0A004832
:107C90005454502F312E312032303020446F6375D0
:107CA0006D656E7420666F6C6C6F77730D0A436F31
:107CB0006E74656E742D4C656E6774683A20256C21
:107CC000640D0A436F6E74656E742D547970653A55
:107CD00020257325730D0A43616368652D436F6E1C
:107CE00074726F6C3A206D61782D6167653D333633
:107CF00030300D0A436F6E6E656374696F6E3A20A3
:107D0000636C6F73650D0A0D0A00746578742F003B
:107D100068746D0068746D6C002820256C642042C6
:107D200079746520756562657274726167656E202D
:107D300028464C415348290D0A000D0A436F6E74C2
:107D4000656E742D4C656E6774683A2025640D0A63
:107D500043616368652D436F6E74726F6C3A206D7A
:107D600061782D6167653D333630300D0A436F6EA3
:107D70006E656374696F6E3A20636C6F73650D0A8C
:107D80000D0A0062696E00746578742F68746D6CFA
:107D9000006A70656700706E6700485454502F3158
:107DA0002E312032303020446F63756D656E742043
:107DB000666F6C6C6F77730D0A436F6E74656E74CB
:107DC0002D547970653A20000D0A002066726F6D9F
:107DD0002000687474702D726571756573743A2033
:107DE00000687474702D7365727665723A2025731D
:107DF00020002320726F626F74732E747874207A5F
:107E0000756D20692D74656C6578205765622D4904
:107E10006E746572666163650D0A557365722D61D6
:107E200067656E743A202A0D0A446973616C6C6F41
:107E3000773A202F0D0A00726F626F74732E747878
:107E400074003C48544D4C3E3C484541443E3C2F18
:107E5000484541443E3C6672616D657365742072AD
:107E60006F77733D222A2C363022207363726F6C39
:107E70006C696E673D226E6F22206672616D65626D
:107E80006F726465723D22322220626F7264657285
:107E90003D223222206672616D6573706163696E86
:107EA000673D22322220626F72646572636F6C6F6D
:107EB000723D2223303030303030223E3C667261D9
:107EC0006D65207372633D226974656C65782D6DF4
:107ED00073672D6F75742E6367693F7370723D6EA3
:107EE0006C22206E616D653D224D73674F75742263
:107EF000207363726F6C6C696E673D226175746F7D
:107F0000223E3C6672616D65207372633D22697426
:107F1000656C65782D6D73672D696E2E6367693F9B
:107F20007370723D6E6C22206E616D653D224D73E3
:107F300067496E22207363726F6C6C696E673D22B5
:107F40006E6F223E3C6E6F6672616D65733E3C6281
:107F50006F64793E3C703E55772062726F7773652F
:107F600072207374616174206765656E206672614A
:107F70006D657320746F65213C2F703E3C2F626FDE
:107F800064793E3C2F6E6F6672616D65733E3C2F67
:107F90006672616D657365743E3C2F48544D4C3E6E
:107FA0000D0A0D0A006974656C65782D6D73672D77
:107FB0006E6C2E68746D6C003C48544D4C3E3C48D1
:107FC0004541443E3C2F484541443E3C6672616D0C
:107FD0006573657420726F77733D222A2C363022C8
:107FE000207363726F6C6C696E673D226E6F222026
:107FF0006672616D65626F726465723D2232222025
:10800000626F726465723D223222206672616D6514
:1080100073706163696E673D22322220626F726401
:108020006572636F6C6F723D2223303030303030B8
:10803000223E3C6672616D65207372633D226974F5
:10804000656C65782D6D73672D6F75742E63676928
:108050003F7370723D697422206E616D653D224DE3
:1080600073674F757422207363726F6C6C696E67EF
:108070003D226175746F223E3C6672616D652073AE
:1080800072633D226974656C65782D6D73672D6927
:108090006E2E6367693F7370723D697422206E6152
:1080A0006D653D224D7367496E22207363726F6C5C
:1080B0006C696E673D226E6F223E3C6E6F66726128
:1080C0006D65733E3C626F64793E3C703E53756FE4
:1080D0002062726F77736572206E6F6E2073757099
:1080E000706F727461204672616D6573213C2F70F0
:1080F0003E3C2F626F64793E3C2F6E6F6672616DFD
:1081000065733E3C2F6672616D657365743E3C2FEE
:1081100048544D4C3E0D0A0D0A006974656C657833
:108120002D6D73672D69742E68746D6C003C485416
:108130004D4C3E3C484541443E3C2F484541443E21
:108140003C6672616D6573657420726F77733D2252
:108150002A2C363022207363726F6C6C696E673D17
:10816000226E6F22206672616D65626F7264657245
:108170003D22322220626F726465723D22322220DB
:108180006672616D6573706163696E673D2232224C
:1081900020626F72646572636F6C6F723D22233070
:1081A0003030303030223E3C6672616D6520737233
:1081B000633D226974656C65782D6D73672D6F75ED
:1081C000742E6367693F7370723D656E22206E6125
:1081D0006D653D224D73674F757422207363726F16
:1081E0006C6C696E673D226175746F223E3C6672ED
:1081F000616D65207372633D226974656C65782DCD
:108200006D73672D696E2E6367693F7370723D658C
:108210006E22206E616D653D224D7367496E22208E
:108220007363726F6C6C696E673D226E6F223E3CA9
:108230006E6F6672616D65733E3C626F64793E3C41
:10824000703E4968722042726F7773657220756E56
:108250007465727374C3BC747A74206B65696E65DF
:10826000204672616D6573213C2F703E3C2F626F1A
:1082700064793E3C2F6E6F6672616D65733E3C2F74
:108280006672616D657365743E3C2F48544D4C3E7B
:108290000D0A0D0A006974656C65782D6D73672D84
:1082A000656E2E68746D6C003C48544D4C3E3C48E5
:1082B0004541443E3C2F484541443E3C6672616D19
:1082C0006573657420726F77733D222A2C363022D5
:1082D000207363726F6C6C696E673D226E6F222033
:1082E0006672616D65626F726465723D2232222032
:1082F000626F726465723D223222206672616D6522
:1083000073706163696E673D22322220626F72640E
:108310006572636F6C6F723D2223303030303030C5
:10832000223E3C6672616D65207372633D22697402
:10833000656C65782D6D73672D6F75742E63676935
:108340003F7370723D646522206E616D653D224D04
:1083500073674F757422207363726F6C6C696E67FC
:108360003D226175746F223E3C6672616D652073BB
:1083700072633D226974656C65782D6D73672D6934
:108380006E2E6367693F7370723D646522206E6173
:108390006D653D224D7367496E22207363726F6C69
:1083A0006C696E673D226E6F223E3C6E6F66726135
:1083B0006D65733E3C626F64793E3C703E49687205
:1083C0002042726F7773657220756E746572737474
:1083D000C3BC747A74206B65696E65204672616DEA
:1083E0006573213C2F703E3C2F626F64793E3C2FB9
:1083F0006E6F6672616D65733E3C2F6672616D656E
:108400007365743E3C2F48544D4C3E0D0A0D0A00D6
:108410006974656C65782D6D73672D64652E68745D
:108420006D6C003C48544D4C3E3C484541443E3CFC
:108430006C696E6B2072656C3D227374796C657328
:10844000686565742220747970653D22746578745E
:108450002F6373732220687265663D227374796C92
:10846000652E637373223E3C2F484541443E3C4297
:108470004F4459206267636F6C6F723D2223433013
:1084800046464330223E3C6120687265663D226963
:1084900074656C65782D6D656E752D6E6C2E6874C7
:1084A0006D6C223E74657275673C2F613E202F20F3
:1084B0003C6120687265663D226974656C6578630D
:1084C00066672D696E746B6F6E662E6367693F73A6
:1084D00070723D6E6C22207461726765743D226D0E
:1084E00061696E223E4C6F6B616C65206D6F6475C7
:1084F000756C206B6F6E6669677572617469653C37
:108500002F613E202F203C6120687265663D226904
:1085100074656C65786366672D696E7462657472E4
:108520002E6367693F7370723D6E6C2220746172B6
:108530006765743D226D61696E223E4C6F6B616CA4
:10854000652062656472696A6673696E7374656CCE
:108550006C696E67656E3C2F613E202F203C612068
:10856000687265663D226974656C65786366672D1F
:1085700065787465726E2E6367693F7370723D6EC5
:108580006C22207461726765743D226D61696E2290
:108590003E506172616D657465727320692D54651A
:1085A0006C6578206E65743C2F613E202F203C6105
:1085B00020687265663D226974656C65782D63720A
:1085C00065646974732E6367693F7370723D6E6C86
:1085D00022207461726765743D226D61696E223E6E
:1085E000496D7072657373756D3C2F613E202F204D
:1085F0003C6120687265663D226974656C657863CC
:1086000066672D656D61696C2E6367693F73707273
:108610003D6E6C22207461726765743D226D6169E4
:108620006E223E654D61696C20506172616D6574AA
:108630006572733C2F613E202F203C61206872657B
:10864000663D226E6574776F726B2D6E6C2E68744A
:108650006D6C223E4E65747765726B3C2F613E20D7
:108660002F203C6120687265663D227379737465C2
:108670006D2D6E6C2E68746D6C223E53797374652B
:108680006D3C2F613E202F203C6120687265663D65
:10869000226974656C65786366672D7370657272A4
:1086A000656E2E6367693F7370723D6E6C22207435
:1086B00061726765743D226D61696E223E426C6F26
:1086C0006B6B6572656E3C2F613E3C2F424F445987
:1086D0003E3C2F48544D4C3E0D0A0D0A006974650E
:1086E0006C65786366672D6D656E752D6E6C2E6892
:1086F000746D6C003C48544D4C3E3C484541443EF2
:108700003C6C696E6B2072656C3D227374796C658C
:1087100073686565742220747970653D227465788C
:10872000742F6373732220687265663D22737479B7
:108730006C652E637373223E3C2F484541443E3C9A
:10874000424F4459206267636F6C6F723D2223432E
:108750003046464330223E3C6120687265663D22C9
:108760006974656C65782D6D656E752D69742E68FC
:10877000746D6C223E696E64696574726F3C2F6122
:108780003E202F203C6120687265663D2269746539
:108790006C65786366672D696E746B6F6E662E63A9
:1087A00067693F7370723D697422207461726765F6
:1087B000743D226D61696E223E436F6E6669677516
:1087C00072617A696F6E65206D6F64756C6F206C75
:1087D0006F63616C653C2F613E202F203C612068F7
:1087E0007265663D226974656C65786366672D699C
:1087F0006E74626574722E6367693F7370723D694F
:108800007422207461726765743D226D61696E2205
:108810003E506172616D657472692066756E7A6929
:108820006F6E616D656E746F206C6F63616C653C1B
:108830002F613E202F203C6120687265663D2269D1
:1088400074656C65786366672D65787465726E2EE5
:108850006367693F7370723D697422207461726747
:1088600065743D226D61696E223E506172616D6575
:10887000747269207265746520692D54656C657821
:108880003C2F613E202F203C6120687265663D22AE
:108890006974656C65782D637265646974732E63A1
:1088A00067693F7370723D697422207461726765F5
:1088B000743D226D61696E223E496D7072657373FD
:1088C000756D3C2F613E202F203C612068726566EB
:1088D0003D226974656C65786366672D656D6169B5
:1088E0006C2E6367693F7370723D697422207461F6
:1088F000726765743D226D61696E223E50617261DE
:108900006D65746920654D61696C3C2F613E202F57
:10891000203C6120687265663D226E6574776F72D7
:108920006B2D69742E68746D6C223E526574653CC3
:108930002F613E202F203C6120687265663D2273C6
:10894000797374656D2D69742E68746D6C223E5355
:10895000697374656D613C2F613E202F203C61205E
:10896000687265663D226974656C65786366672D1B
:108970007370657272656E2E6367693F7370723DC6
:10898000697422207461726765743D226D61696E3D
:10899000223E426C6F63636172653C2F613E3C2FE7
:1089A000424F44593E3C2F48544D4C3E0D0A0D0A4F
:1089B000006974656C65786366672D6D656E752DED
:1089C00069742E68746D6C003C48544D4C3E3C48B4
:1089D0004541443E3C6C696E6B2072656C3D227370
:1089E00074796C6573686565742220747970653D6F
:1089F00022746578742F6373732220687265663DF4
:108A0000227374796C652E637373223E3C2F484544
:108A100041443E3C424F4459206267636F6C6F7221
:108A20003D2223433046464330223E3C612068725B
:108A300065663D226974656C65782D6D656E752D72
:108A4000656E2E68746D6C223E6261636B3C2F61B3
:108A50003E202F203C6120687265663D2269746566
:108A60006C65786366672D696E746B6F6E662E63D6
:108A700067693F7370723D656E222074617267652D
:108A8000743D226D61696E223E6C6F63616C206D76
:108A90006F64756C6520636F6E666967757261746B
:108AA000696F6E3C2F613E202F203C61206872650B
:108AB000663D226974656C65786366672D696E74BE
:108AC000626574722E6367693F7370723D656E22D2
:108AD000207461726765743D226D61696E223E6C1F
:108AE0006F63616C2066756E6374696F6E616C692B
:108AF00074793C2F613E202F203C612068726566AE
:108B00003D226974656C65786366672D6578746568
:108B1000726E2E6367693F7370723D656E222074BA
:108B200061726765743D226D61696E223E692D54E4
:108B3000656C6578206E6574776F726B20736574F1
:108B400074696E67733C2F613E202F203C61206862
:108B50007265663D226974656C65782D6372656423
:108B60006974732E6367693F7370723D656E22206E
:108B70007461726765743D226D61696E223E637235
:108B800065646974733C2F613E202F203C6120682E
:108B90007265663D226974656C65786366672D65EC
:108BA0006D61696C2E6367693F7370723D656E22FB
:108BB000207461726765743D226D61696E223E6545
:108BC0004D61696C2073657474696E67733C2F61C5
:108BD0003E202F203C6120687265663D226E6574E0
:108BE000776F726B2D656E2E68746D6C223E4E65CC
:108BF00074776F726B3C2F613E202F203C612068A0
:108C00007265663D2273797374656D2D656E2E688D
:108C1000746D6C223E53797374656D3C2F613E20F8
:108C20002F203C6120687265663D226974656C6521
:108C3000786366672D7370657272656E2E636769FF
:108C40003F7370723D656E22207461726765743D7A
:108C5000226D61696E223E6C6F636B3C2F613E3CFE
:108C60002F424F44593E3C2F48544D4C3E0D0A0D67
:108C70000A006974656C65786366672D6D656E754D
:108C80002D656E2E68746D6C003C48544D4C3E3C16
:108C9000484541443E3C6C696E6B2072656C3D22D8
:108CA0007374796C65736865657422207479706576
:108CB0003D22746578742F63737322206872656631
:108CC0003D227374796C652E637373223E3C2F488A
:108CD0004541443E3C424F4459206267636F6C6F8C
:108CE000723D2223433046464330223E3C61206899
:108CF0007265663D226974656C65782D6D656E756B
:108D00002D64652E68746D6C223E7A7572267575B9
:108D10006D6C3B636B3C2F613E202F203C612068D3
:108D20007265663D226974656C65786366672D6956
:108D30006E746B6F6E662E6367693F7370723D640D
:108D40006522207461726765743D226D61696E22CF
:108D50003E4C6F6B616C65204765722661756D6C6A
:108D60003B74652D4B6F6E66696775726174696FD0
:108D70006E3C2F613E202F203C6120687265663D6D
:108D8000226974656C65786366672D696E746265C7
:108D900074722E6367693F7370723D64652220743C
:108DA00061726765743D226D61696E223E4C6F6B26
:108DB000616C6520426574726965627365696E7382
:108DC00074656C6C756E67656E3C2F613E202F205C
:108DD0003C6120687265663D226974656C657863E4
:108DE00066672D65787465726E2E6367693F737070
:108DF000723D646522207461726765743D226D6105
:108E0000696E223E45696E7374656C6C756E67653C
:108E10006E20696D20692D54656C65782D4E6574E2
:108E20007A3C2F613E202F203C6120687265663DB0
:108E3000226974656C65782D637265646974732E3C
:108E40006367693F7370723D646522207461726765
:108E500065743D226D61696E223E496D7072657365
:108E600073756D3C2F613E202F203C612068726538
:108E7000663D226974656C65786366672D656D6112
:108E8000696C2E6367693F7370723D64652220745C
:108E900061726765743D226D61696E223E654D6148
:108EA000696C2D45696E7374656C6C756E67656E63
:108EB0003C2F613E202F203C6120687265663D2278
:108EC0006E6574776F726B2D64652E68746D6C229D
:108ED0003E4E65747A7765726B3C2F613E202F2081
:108EE0003C6120687265663D2273797374656D2DEF
:108EF00064652E68746D6C223E53797374656D3CA5
:108F00002F613E202F203C6120687265663D2269FA
:108F100074656C65786366672D7370657272656ED3
:108F20002E6367693F7370723D64652220746172BD
:108F30006765743D226D61696E223E537065727281
:108F4000656E3C2F613E3C2F424F44593E3C2F48BA
:108F5000544D4C3E0D0A0D0A006974656C657863CA
:108F600066672D6D656E752D64652E68746D6C0079
:108F70003C48544D4C3E3C484541443E3C6C696E37
:108F80006B2072656C3D227374796C6573686565DE
:108F9000742220747970653D22746578742F637330
:108FA000732220687265663D227374796C652E6346
:108FB0007373223E3C2F484541443E3C424F445946
:108FC000206267636F6C6F723D22234330464643D5
:108FD00030223E3C6120687265663D226D61696E9B
:108FE0006D656E752E68746D6C223E746572756762
:108FF0003C2F613E202F203C6120687265663D2237
:109000006974656C65782D6D73672D6E6C2E687450
:109010006D6C22207461726765743D226D61696EAA
:10902000223E42657269636874207665727A656E65
:1090300064656E3C2F613E202F203C612068726584
:10904000663D226974656C65782D746C6E76657208
:109050007A2E6367693F7370723D6E6C2220746173
:10906000726765743D226D61696E223E41626F6E6A
:109070006E6565206C696A73743C2F613E202F20F9
:109080003C6120687265663D226974656C65786331
:1090900066672D6D656E752D6E6C2E68746D6C2215
:1090A0003E506172616D657465727320692D5465FF
:1090B0006C65783C2F613E202F203C6120687265F2
:1090C000663D226974656C65782D64656275672EEE
:1090D00063676922207461726765743D226D6169FE
:1090E0006E223E44656275672D496E666F27733C3C
:1090F0002F613E202F203C6120687265663D226909
:1091000074656C65782D747769746C6E6C697374B2
:10911000652E6367693F7370723D6E6C22207461C7
:10912000726765743D226D61696E223E4B616172AA
:1091300074656E204C696A73743C2F613E202F2049
:109140003C6120687265663D2273646469722E63B7
:10915000676922207461726765743D226D61696E72
:10916000223E5344204B616172743C2F613E3C2F80
:10917000424F44593E3C2F48544D4C3E0D0A0D0A77
:10918000006974656C65782D6D656E752D6E6C2E3D
:1091900068746D6C003C48544D4C3E3C484541441D
:1091A0003E3C6C696E6B2072656C3D227374796C09
:1091B0006573686565742220747970653D227465F5
:1091C00078742F6373732220687265663D2273740E
:1091D000796C652E637373223E3C2F484541443EB3
:1091E0003C424F4459206267636F6C6F723D22238B
:1091F000433046464330223E3C6120687265663DFE
:10920000226D61696E6D656E752E68746D6C223E9F
:10921000696E64696574726F3C2F613E202F203C3B
:109220006120687265663D226974656C65782D6D94
:1092300073672D69742E68746D6C22207461726777
:1092400065743D226D61696E223E547261736D6575
:109250007474657265206D657373616767696F3CCF
:109260002F613E202F203C6120687265663D226997
:1092700074656C65782D746C6E7665727A2E636792
:10928000693F7370723D69742220746172676574FE
:109290003D226D61696E223E456C656E636F206193
:1092A00062626F6E6174693C2F613E202F203C61C9
:1092B00020687265663D226974656C6578636667CF
:1092C0002D6D656E752D69742E68746D6C223E501F
:1092D0006172616D6574726920692D54656C657881
:1092E0003C2F613E202F203C6120687265663D2244
:1092F0006974656C65782D64656275672E6367694E
:1093000022207461726765743D226D61696E223E30
:1093100044656275672D496E666F3C2F613E202F54
:10932000203C6120687265663D226974656C6578D1
:109330002D747769746C6E6C697374652E636769DC
:109340003F7370723D697422207461726765743D69
:10935000226D61696E223E456C656E636F205363BA
:10936000686564653C2F613E202F203C6120687257
:1093700065663D2273646469722E63676922207496
:1093800061726765743D226D61696E223E53636848
:109390006564612053443C2F613E3C2F424F445949
:1093A0003E3C2F48544D4C3E0D0A0D0A0069746531
:1093B0006C65782D6D656E752D69742E68746D6C95
:1093C000003C48544D4C3E3C484541443E3C6C6951
:1093D0006E6B2072656C3D227374796C6573686581
:1093E00065742220747970653D22746578742F63EA
:1093F00073732220687265663D227374796C652EE2
:10940000637373223E3C2F484541443E3C424F44E7
:1094100059206267636F6C6F723D2223433046466A
:109420004330223E3C6120687265663D226D616971
:109430006E6D656E752E68746D6C223E6261636B35
:109440003C2F613E202F203C6120687265663D22E2
:109450006974656C65782D6D73672D656E2E687403
:109460006D6C22207461726765743D226D61696E56
:10947000223E53656E64206D6573736167653C2F92
:10948000613E202F203C6120687265663D22697430
:10949000656C65782D746C6E7665727A2E6367697B
:1094A0003F7370723D656E22207461726765743D12
:1094B000226D61696E223E537562736372696265E3
:1094C00072206469726563746F72793C2F613E200B
:1094D0002F203C6120687265663D226974656C6569
:1094E000786366672D6D656E752D656E2E68746D7B
:1094F0006C223E692D54656C6578207365747469BF
:109500006E67733C2F613E202F203C61206872659E
:10951000663D226974656C65782D64656275672E99
:1095200063676922207461726765743D226D6169A9
:109530006E223E646562756720696E666F3C2F61BE
:109540003E202F203C6120687265663D226974656B
:109550006C65782D747769746C6E6C697374652EA4
:109560006367693F7370723D656E22207461726734
:1095700065743D226D61696E223E6C697374206F63
:1095800066206D6F64756C65733C2F613E202F20E3
:109590003C6120687265663D2273646469722E6363
:1095A000676922207461726765743D226D61696E1E
:1095B000223E534420636172643C2F613E3C2F4243
:1095C0004F44593E3C2F48544D4C3E0D0A0D0A0065
:1095D0006974656C65782D6D656E752D656E2E6888
:1095E000746D6C003C48544D4C3E3C484541443EF3
:1095F0003C6C696E6B2072656C3D227374796C658E
:1096000073686565742220747970653D227465788D
:10961000742F6373732220687265663D22737479B8
:109620006C652E637373223E3C2F484541443E3C9B
:10963000424F4459206267636F6C6F723D2223432F
:109640003046464330223E3C6120687265663D22CA
:109650006D61696E6D656E752E68746D6C223E7AF3
:1096600075722675756D6C3B636B3C2F613E202FC8
:10967000203C6120687265663D226974656C65787E
:109680002D6D73672D64652E68746D6C2220746176
:10969000726765743D226D61696E223E4E6163683A
:1096A00072696368742073656E64656E3C2F613EF9
:1096B000202F203C6120687265663D226974656CCC
:1096C00065782D746C6E7665727A2E6367693F7368
:1096D00070723D646522207461726765743D226D0D
:1096E00061696E223E5465696C6E65686D65722DA8
:1096F0005665727A656963686E69733C2F613E20B6
:109700002F203C6120687265663D226974656C6536
:10971000786366672D6D656E752D64652E68746D52
:109720006C223E692D54656C65782D45696E7374A5
:10973000656C6C756E67656E3C2F613E202F203C1A
:109740006120687265663D226974656C65782D6478
:10975000656275672E63676922207461726765743C
:109760003D226D61696E223E44656275672D496ECA
:10977000666F733C2F613E202F203C61206872652C
:10978000663D226974656C65782D747769746C6EBA
:109790006C697374652E6367693F7370723D6465AD
:1097A00022207461726765743D226D61696E223E8C
:1097B0004D6F64756C2D4C697374653C2F613E2050
:1097C0002F203C6120687265663D22736464697273
:1097D0002E63676922207461726765743D226D6132
:1097E000696E223E53442D4B617274653C2F613E7D
:1097F0003C2F424F44593E3C2F48544D4C3E0D0A9D
:109800000D0A006974656C65782D6D656E752D6443
:10981000652E68746D6C00406368617273657420B6
:109820002249534F2D383835392D31220D0A202049
:1098300020613A6C696E6B207B20746578742D64AE
:1098400065636F726174696F6E3A6E6F6E653B200F
:10985000666F6E742D7765696768743A626F6C64C1
:109860003B20636F6C6F723A233030303041303BB5
:10987000207D200D0A202020613A76697369746585
:1098800064207B20746578742D6465636F726174E5
:10989000696F6E3A6E6F6E653B20666F6E742D77E2
:1098A00065696768743A626F6C643B20636F6C6FC4
:1098B000723A234130303041303B207D200D0A2068
:1098C0002020613A686F766572207B207465787419
:1098D0002D6465636F726174696F6E3A6E6F6E6549
:1098E0003B20666F6E742D7765696768743A626FA6
:1098F0006C643B206261636B67726F756E642D638D
:109900006F6C6F723A234646434343433B207D20AE
:109910000D0A202020613A616374697665207B20FE
:10992000746578742D6465636F726174696F6E3AE3
:109930006E6F6E653B20666F6E742D776569676824
:10994000743A626F6C643B206261636B67726F751F
:109950006E642D636F6C6F723A23464646464343EE
:109960003B207D200D0A202020613A666F637573CD
:10997000207B20746578742D6465636F72617469EF
:109980006F6E3A6E6F6E653B20666F6E742D7765F5
:10999000696768743A626F6C643B206261636B67ED
:1099A000726F756E642D636F6C6F723A234343431D
:1099B0004346463B207D200D0A2020207072652002
:1099C0007B206F766572666C6F773A207363726F77
:1099D0006C6C3B207D0D0A007374796C652E63738B
:1099E00073003C48544D4C3E3C424F44593E3C7001
:1099F00072653E3C703E202057656C636F6D65203C
:109A0000746F0D0A5F5F5F5F5F5F5F5F5F5F5F5FE8
:109A10005F5F5F5F5F5F5F5F5F5F5F5F5F5F5F5F56
:109A20005F5F5F5F5F5F5F5F5F5F5F5F5F5F5F5F46
:109A30005F5F0D0A202020202020202020202020D1
:109A40002020202020202020202020202020202016
:109A50002020202020202020202020202020202006
:109A600020200D0A20204F4F4F2020202020204F63
:109A70004F4F4F4F20204F4F4F4F4F20204F202010
:109A8000202020204F4F4F4F4F20204F2020204F8D
:109A900020200D0A2020204F2020202020202020C0
:109AA000204F202020204F2020202020204F202029
:109AB000202020204F202020202020204F204F2019
:109AC00020200D0A202E2E2E2E2E2E2E2E2E2E2E25
:109AD0002E2E2E2E2E2E2E2E2E2E2E2E2E2E2E2EA6
:109AE0002E2E2E2E2E2E2E2E2E2E2E2E2E2E2E2E96
:109AF0002E2E0D0A2020204F2020204F4F4F2020B7
:109B0000204F202020204F4F4F202020204F20206A
:109B1000202020204F4F4F2020202020204F202089
:109B200020200D0A2020204F20202020202020202F
:109B3000204F202020204F2020202020204F202098
:109B4000202020204F202020202020204F204F2088
:109B500020200D0A20204F4F4F20202020202020A1
:109B6000204F202020204F4F4F4F4F20204F4F4F4E
:109B70004F4F20204F4F4F4F4F20204F2020204F3E
:109B800020200D0A5F5F5F5F5F5F5F5F5F5F5F5F0A
:109B90005F5F5F5F5F5F5F5F5F5F5F5F5F5F5F5FD5
:109BA0005F5F5F5F5F5F5F5F5F5F5F5F5F5F5F5FC5
:109BB0005F5F0D0A4275696C64203936372049545D
:109BC000413220617420446174653A204A616E20FC
:109BD000203820323032332030393A35363A343971
:109BE0000D0A4D6F64756C65733A20416E7363683E
:109BF0006C75737320456D61696C0D0A0D0A627591
:109C0000696C64206F6E204156522D6C696263202E
:109C100076657273696F6E3A20322E302E302F3295
:109C2000303135303230382077697468206176728F
:109C30002D67636320352E342E300D0A0D0A2863FC
:109C400029323030362D32303232202020536F66A8
:109C500074776172653A204672656420536F6E6E48
:109C6000656E7265696E0D0A6261736564206F6E60
:109C7000204F70656E4D4350206279204469726BAD
:109C80002042726F73737769636B0D0A3C2F707299
:109C9000653E3C2F703E3C62723E3C703E4F75729A
:109CA00020686F6D65706167653A203C612068725D
:109CB00065663D22687474703A2F2F7777772E6926
:109CC0002D74656C65782E6E65742F222074617218
:109CD0006765743D22626C616E6B223E7777772EEA
:109CE000692D74656C65782E6E65743C2F613E3C01
:109CF000703E546869732070726F6A656374206F78
:109D00006E203C6120687265663D22687474703A0A
:109D10002F2F736F75726365666F7267652E6E6540
:109D2000742F70726F6A656374732F6974656C65E4
:109D3000782F22207461726765743D225F626C61C6
:109D40006E6B223E536F75726365466F7267652E48
:109D50006E65743C2F613E3C2F424F44593E3C2F70
:109D600048544D4C3E0D0A00696E666F2E68746D46
:109D70006C003C48544D4C3E3C484541443E3C6C94
:109D8000696E6B2072656C3D227374796C657368C3
:109D90006565742220747970653D22746578742F2E
:109DA0006373732220687265663D227374796C65F3
:109DB0002E637373223E3C2F484541443E3C424F44
:109DC0004459206267636F6C6F723D2223433046B3
:109DD000464330223E3C6120687265663D226974CC
:109DE000656C65786366672D6D656E752D6E6C2E7E
:109DF00068746D6C223E74657275673C2F613E20FD
:109E00002F203C6120687265663D2272657365741F
:109E10002E6367693F7370723D6E6C2220746172AD
:109E20006765743D226D61696E223E52657365748B
:109E30003C2F613E202F203C6120687265663D22E8
:109E40006E74702E6367693F7370723D6E6C222072
:109E50007461726765743D226D61696E223E4E5475
:109E6000503C2F613E202F203C6120687265663D8A
:109E70002265656D656D2E6367693F7370723D6E17
:109E80006C22207461726765743D226D61696E2277
:109E90003E4545676568657567656E3C2F613E3C6C
:109EA0002F424F44593E3C2F48544D4C3E0D0A0D15
:109EB0000A0073797374656D2D6E6C2E68746D6C09
:109EC000003C48544D4C3E3C484541443E3C6C6946
:109ED0006E6B2072656C3D227374796C6573686576
:109EE00065742220747970653D22746578742F63DF
:109EF00073732220687265663D227374796C652ED7
:109F0000637373223E3C2F484541443E3C424F44DC
:109F100059206267636F6C6F723D2223433046465F
:109F20004330223E3C6120687265663D226974655B
:109F30006C65786366672D6D656E752D69742E6826
:109F4000746D6C223E696E64696574726F3C2F613A
:109F50003E202F203C6120687265663D2272657349
:109F600065742E6367693F7370723D697422207453
:109F700061726765743D226D61696E223E5269703F
:109F800072697374696E6F3C2F613E202F203C61B3
:109F900020687265663D226E74702E6367693F7338
:109FA00070723D697422207461726765743D226D20
:109FB00061696E223E4E54503C2F613E202F203C62
:109FC0006120687265663D2265656D656D2E63670B
:109FD000693F7370723D69742220746172676574A1
:109FE0003D226D61696E223E45456D656D6F7269FA
:109FF000613C2F613E3C2F424F44593E3C2F485418
:10A000004D4C3E0D0A0D0A0073797374656D2D6910
:10A01000742E68746D6C003C48544D4C3E3C484571
:10A0200041443E3C6C696E6B2072656C3D227374DA
:10A03000796C6573686565742220747970653D225A
:10A04000746578742F6373732220687265663D228D
:10A050007374796C652E637373223E3C2F484541BF
:10A06000443E3C424F4459206267636F6C6F723DBF
:10A070002223433046464330223E3C6120687265CD
:10A08000663D226974656C65786366672D6D656EE3
:10A09000752D656E2E68746D6C223E6261636B3C3B
:10A0A0002F613E202F203C6120687265663D227240
:10A0B000657365742E6367693F7370723D656E22C8
:10A0C000207461726765743D226D61696E223E5233
:10A0D000657365743C2F613E202F203C61206872BF
:10A0E00065663D226E74702E6367693F7370723DC2
:10A0F000656E22207461726765743D226D61696EC0
:10A10000223E4E54503C2F613E202F203C6120685F
:10A110007265663D2265656D656D2E6367693F7387
:10A1200070723D656E22207461726765743D226DA8
:10A1300061696E223E45456D656D3C2F613E3C2F49
:10A14000424F44593E3C2F48544D4C3E0D0A0D0A97
:10A150000073797374656D2D656E2E68746D6C0077
:10A160003C48544D4C3E3C484541443E3C6C696E35
:10A170006B2072656C3D227374796C6573686565DC
:10A18000742220747970653D22746578742F63732E
:10A19000732220687265663D227374796C652E6344
:10A1A0007373223E3C2F484541443E3C424F445944
:10A1B000206267636F6C6F723D22234330464643D3
:10A1C00030223E3C6120687265663D226974656C90
:10A1D00065786366672D6D656E752D64652E687490
:10A1E0006D6C223E7A75722675756D6C3B636B3CA7
:10A1F0002F613E202F203C6120687265663D2272EF
:10A20000657365742E6367693F7370723D64652280
:10A21000207461726765743D226D61696E223E52E1
:10A22000657365743C2F613E202F203C612068726D
:10A2300065663D226E74702E6367693F7370723D70
:10A24000646522207461726765743D226D61696E78
:10A25000223E4E54503C2F613E202F203C6120680E
:10A260007265663D2265656D656D2E6367693F7336
:10A2700070723D646522207461726765743D226D61
:10A2800061696E223E45456D656D3C2F613E3C2FF8
:10A29000424F44593E3C2F48544D4C3E0D0A0D0A46
:10A2A0000073797374656D2D64652E68746D6C0030
:10A2B0003C48544D4C3E3C484541443E3C6C696EE4
:10A2C0006B2072656C3D227374796C65736865658B
:10A2D000742220747970653D22746578742F6373DD
:10A2E000732220687265663D227374796C652E63F3
:10A2F0007373223E3C2F484541443E3C424F4459F3
:10A30000206267636F6C6F723D2223433046464381
:10A3100030223E3C6120687265663D226974656C3E
:10A3200065786366672D6D656E752D6E6C2E68742D
:10A330006D6C223E74657275673C2F613E202F2044
:10A340003C6120687265663D226E6574776F726B42
:10A350002E6367693F7370723D6E6C222074617268
:10A360006765743D226D61696E223E496E666F2796
:10A37000733C2F613E202F203C6120687265663D52
:10A38000226E6574776F726B2E6367693F737072AC
:10A390003D6E6C26636F6E6669672220746172671A
:10A3A00065743D226D61696E223E436F6E6669671A
:10A3B0007572617469653C2F613E3C2F424F445970
:10A3C0003E3C2F48544D4C3E0D0A0D0A006E6574FC
:10A3D000776F726B2D6E6C2E68746D6C003C4854F8
:10A3E0004D4C3E3C484541443E3C6C696E6B20728E
:10A3F000656C3D227374796C6573686565742220A1
:10A40000747970653D22746578742F6373732220AC
:10A41000687265663D227374796C652E637373226E
:10A420003E3C2F484541443E3C424F4459206267E0
:10A43000636F6C6F723D2223433046464330223EA9
:10A440003C6120687265663D226974656C6578635D
:10A4500066672D6D656E752D69742E68746D6C223E
:10A460003E696E64696574726F3C2F613E202F20D7
:10A470003C6120687265663D226E6574776F726B11
:10A480002E6367693F7370723D6974222074617234
:10A490006765743D226D61696E223E496E666F3C50
:10A4A0002F613E202F203C6120687265663D226E40
:10A4B0006574776F726B2E6367693F7370723D6965
:10A4C0007426636F6E6669672220746172676574B3
:10A4D0003D226D61696E223E436F6E6669677572DB
:10A4E000617A696F6E653C2F613E3C2F424F445943
:10A4F0003E3C2F48544D4C3E0D0A0D0A006E6574CB
:10A50000776F726B2D69742E68746D6C003C4854C3
:10A510004D4C3E3C484541443E3C6C696E6B20725C
:10A52000656C3D227374796C65736865657422206F
:10A53000747970653D22746578742F63737322207B
:10A54000687265663D227374796C652E637373223D
:10A550003E3C2F484541443E3C424F4459206267AF
:10A56000636F6C6F723D2223433046464330223E78
:10A570003C6120687265663D226974656C6578632C
:10A5800066672D6D656E752D656E2E68746D6C2217
:10A590003E6261636B3C2F613E202F203C6120684E
:10A5A0007265663D226E6574776F726B2E636769A4
:10A5B0003F7370723D656E22207461726765743DF1
:10A5C000226D61696E223E496E666F733C2F613E5B
:10A5D000202F203C6120687265663D226E6574778D
:10A5E0006F726B2E6367693F7370723D656E266391
:10A5F0006F6E66696722207461726765743D226DB3
:10A6000061696E223E436F6E666967757261746937
:10A610006F6E3C2F613E3C2F424F44593E3C2F48C9
:10A62000544D4C3E0D0A0D0A006E6574776F726BC7
:10A630002D656E2E68746D6C003C48544D4C3E3C4C
:10A64000484541443E3C6C696E6B2072656C3D220E
:10A650007374796C657368656574222074797065AC
:10A660003D22746578742F63737322206872656667
:10A670003D227374796C652E637373223E3C2F48C0
:10A680004541443E3C424F4459206267636F6C6FC2
:10A69000723D2223433046464330223E3C612068CF
:10A6A0007265663D226974656C65786366672D6DB9
:10A6B000656E752D64652E68746D6C223E7A7572B8
:10A6C0002675756D6C3B636B3C2F613E202F203CE3
:10A6D0006120687265663D226E6574776F726B2EBD
:10A6E0006367693F7370723D6465222074617267AD
:10A6F00065743D226D61696E223E496E666F733CE2
:10A700002F613E202F203C6120687265663D226EDD
:10A710006574776F726B2E6367693F7370723D6407
:10A720006526636F6E66696722207461726765745F
:10A730003D226D61696E223E4B6F6E666967757270
:10A740006174696F6E3C2F613E3C2F424F44593E0D
:10A750003C2F48544D4C3E0D0A0D0A006E6574772F
:10A760006F726B2D64652E68746D6C003C48544D9F
:10A770004C3E3C484541443E3C6C696E6B207265E2
:10A780006C3D227374796C657368656574222074FE
:10A790007970653D22746578742F63737322206825
:10A7A0007265663D227374796C652E637373223E05
:10A7B0003C2F484541443E3C424F44592062676328
:10A7C0006F6C6F723D2223433046464330223E3C3D
:10A7D0006120687265663D22696E666F2E68746DD1
:10A7E0006C22207461726765743D226D61696E220E
:10A7F0003E496E666F3C2F613E202F203C612068F1
:10A800007265663D226974656C65782D6D656E753F
:10A810002D64652E68746D6C223E692D54656C65DF
:10A8200078202844657574736368293C2F613E2045
:10A830002F203C6120687265663D226974656C65F5
:10A84000782D6D656E752D656E2E68746D6C223E6B
:10A85000692D54656C65782028456E676C6973684E
:10A86000293C2F613E202F203C6120687265663DA7
:10A87000226974656C65782D6D656E752D69742E11
:10A8800068746D6C223E692D54656C65782028498A
:10A8900074616C69616E6F293C2F613E202F203CF2
:10A8A0006120687265663D226974656C65782D6DFE
:10A8B000656E752D6E6C2E68746D6C223E692D541C
:10A8C000656C657820284E656465726C616E647392
:10A8D000293C2F613E202F203C6120687265663D37
:10A8E000226974656C65782D637265646974732E72
:10A8F00063676922207461726765743D226D6169C6
:10A900006E223E496D7072657373756D202F2063E2
:10A910007265646974733C2F613E3C2F424F445909
:10A920003E3C2F48544D4C3E0D0A0D0A006D6169A6
:10A930006E6D656E752E68746D6C0089504E470D96
:10A940000A1A0A0000000D4948445200000225007E
:10A9500000003F0403000000CD91A50C0000003072
:10A96000504C5445FFFF66C0C0C0FF00000000000F
:10A9700000000000000000000000000000000000D7
:10A9800000000000000000000000000000000000C7
:10A9900000000000C3145A130000000970485973E6
:10A9A00000000B1300000B1301009A9C180000021A
:10A9B0007F4944415478DAED5B5B72C3200CB47379
:10A9C00002ABF73F6CE33CA8C9EAB124D30969574D
:10A9D0003F558C84F10E428BA0CB227990932010AE
:10A9E00026C2E4594CD6EDFCD7968372914EB93409
:10A9F000A1B036AD2978C5E23E093A5C466D826168
:10AA00002498AC66DB62663FCAB58FA3726972DEBA
:10AA100043DAB4A6E015D8E1ED57FDC18CCDEDCDFC
:10AA200007E3DC6B3A4CB6E36718F1A9C64D9373A4
:10AA3000CFCDB8F03AEDD6B61B6D4DB9BBFD28E6CB
:10AA40007642DBB426FF15D86133263ED5C869F2BD
:10AA5000300C613288896247987C202653E41D09B6
:10AA6000CFD990DB18C98890CE55EE051B4C781DC8
:10AA7000E385542DA7A061ECB4A91E4CEC384030FE
:10AA8000AC2AF760AA770A36D15E18327EECDCBDBC
:10AA900026C5A42DB690AF9D2785172EADC11A7B74
:10AAA000F78AF809E6F1351E0CF29380E70C4C1397
:10AAB0008EC3305E484B0ABA254C3C4C143B183BC5
:10AAC000C2E443307973DE9188C70A932731D9A352
:10AAD00068DD034CCA55F1D6D8F72A9705707DA7D3
:10AAE000224C3C4C1432183B4EADE09F2BCA3BCA63
:10AAF000C5AFD7D9FA529511352BCBBDB009CB7460
:10AB0000D861500034D72629A6255E479B74BFD351
:10AB10006F7CB0DA5CEC89D00B9B9CED5267DC2734
:10AB2000856E0BD3EF6EBA0C126C6A12AFA3CD7C9C
:10AB300098F49BD67606815BDD6E17DC9E249BDF46
:10AB4000C4ABB3496B4A5D5926384A4BEA4EE88597
:10AB50004DC5215D52EC42F7EAB02FF1EA6C8489D1
:10AB600087896207634798CC8FC90C7947F20A67D7
:10AB7000634E4219D265041B2C0E37939359FA8405
:10AB800037247803B1C354A41363BF58EDC4971F8F
:10AB900029556D9971C73AB6DBF37C98042B6A711D
:10ABA00006D1DB24F758708D051B9E9F30A77E0CC5
:10ABB000C1A8384C721C397C3D2C61500999112672
:10ABC0001E268A1D8C1D61323F2633E41D09C5D91E
:10ABD00082625AC2EB98FF535808363824C317DBF9
:10ABE00098F104B1136C6A92F862EE8B06900CDC5B
:10ABF000D4F142A6681ABA96F0073019BE88527985
:10AC000065FCC42F1C251C86B9931F8FDE9E9E26D3
:10AC10008397B898F10813C50E1F3BC2447987C9C2
:10AC20003B1261224C848930F93D4C4CF2205FDFAD
:10AC3000827D01B9877BC8E30000000049454E448E
:10AC4000AE4260826C6F6368737472656966656E2C
:10AC50002D68672E706E67003C48544D4C3E3C4258
:10AC60004F445920746578743D222330303030438E
:10AC70003022207374796C653D226261636B677268
:10AC80006F756E642D696D6167653A75726C286CBD
:10AC90006F6368737472656966656E2D68672E7080
:10ACA0006E6729223E3C7370616E207374796C6507
:10ACB0003D22666F6E743A20626F6C64203430708F
:10ACC000782027436F7572696572204E6577272C4F
:10ACD000274C756369646120436F6E736F6C6527E1
:10ACE0002C6D6F6E6F73706163653B20223E3C621A
:10ACF0003E692D54656C6578202D20546F49502095
:10AD00002D2065746865726E657420696E74657255
:10AD1000666163653C2F623E3C2F7370616E3E3C02
:10AD20002F424F44593E3C2F48544D4C3E0D0A0D86
:10AD30000A00686561646C696E652E68746D6C00EC
:10AD40003C48544D4C3E3C484541443E3C5449549B
:10AD50004C453E692D54656C65783C2F5449544CE4
:10AD6000453E3C2F484541443E3C6672616D6573EB
:10AD7000657420726F77733D2236342C34302C2A60
:10AD80002C343022207363726F6C6C696E673D22C5
:10AD90006E6F22206672616D65626F726465723DCE
:10ADA00022322220626F726465723D223222206656
:10ADB00072616D6573706163696E673D2232222036
:10ADC000626F72646572636F6C6F723D2223303004
:10ADD00030303030223E3C6672616D6520737263A4
:10ADE0003D22686561646C696E652E68746D6C22C5
:10ADF000206E616D653D224E617669676174696F91
:10AE00006E3122207363726F6C6C696E673D2261D4
:10AE100075746F223E3C6672616D65207372633D8E
:10AE2000226D61696E6D656E752E68746D6C222081
:10AE30006E616D653D224E617669676174696F6E02
:10AE40003222207363726F6C6C696E673D2261758C
:10AE5000746F223E3C6672616D65207372633D22A1
:10AE6000696E666F2E68746D6C22206E616D653D33
:10AE7000226D61696E223E3C6672616D652073725F
:10AE8000633D2273746174732E63676922206E615F
:10AE90006D653D2275706461746522207363726F05
:10AEA0006C6C696E673D226175746F223E3C6E6FFB
:10AEB0006672616D65733E3C626F64793E3C703EC4
:10AEC0004968722042726F7773657220756E74657F
:10AED0007273742675756D6C3B747A74206B65693A
:10AEE0006E65204672616D6573213C2F703E3C2F6C
:10AEF000626F64793E3C2F6E6F6672616D65733E62
:10AF00003C2F6672616D657365743E3C2F48544DED
:10AF10004C3E0D0A0D0A00696E6465782E68746DEA
:10AF20006C00696E6465782E68746D6C00485454CA
:10AF3000502F312E30203430330D0A436F6E74653C
:10AF40006E742D547970653A20746578742F687426
:10AF50006D6C0D0A4B6565702D416C6976653A2004
:10AF6000636C6F73650D0A0D0A3C48544D4C3E3CB2
:10AF7000424F44593E3430332046696C65206E6F31
:10AF80007420666F756E64213C2F424F44593E3CDD
:10AF90002F48544D4C3E0D0A0D0A00504F5354009B
:10AFA00047455400687474706400485454502D53DD
:10AFB000657276657220506F72742025642E0D0ABA
:10AFC000003C2F424F44593E3C2F48544D4C3E0DBF
:10AFD0000A0D0A003C48544D4C3E3C484541443E15
:10AFE0003C6D65746120687474702D657175697647
:10AFF0003D22657870697265732220636F6E746597
:10B000006E743D2230223E3C212D2D20456E616222
:10B010006C6520494539205374616E6461726473B4
:10B02000206D6F6465202D2D3E3C6D657461206838
:10B030007474702D65717569763D22582D55412DBA
:10B04000436F6D70617469626C652220636F6E740A
:10B05000656E743D2249453D3922203E3C2F4845CE
:10B0600041443E3C424F44593E00485454502F31D5
:10B070002E312032303020446F63756D656E742040
:10B08000666F6C6C6F77730D0A436F6E74656E74C8
:10B090002D547970653A20746578742F68746D6CDE
:10B0A0000D0A43616368652D436F6E74726F6C3A6D
:10B0B000206E6F2D63616368650D0A436F6E6E6568
:10B0C0006374696F6E3A20636C6F73650D0A0D0AC5
:10B0D000000C0D0E0F544852454144005348454C56
:10B0E0004C0046696C6573797374656D004D4D4312
:10B0F0002F534400455854494E5400436F6E6669BF
:10B1000067004C45445F636F726500434C4F434B8F
:10B11000005354444F5554005541525400695465EE
:10B120006C65782E2E2E0D0A00204572726F720DFE
:10B130000A0020496E697469616C6973696572748B
:10B140000D0A00202530325800253032643A25306F
:10B1500032643A253032642C253032643A2000665D
:10B1600061745F77726974655F66696C6520766586
:10B170007273616774006661745F77726974655F8A
:10B1800066696C652076657273616774000D0A2BC1
:10B190002B2B2B2B2B20253032752E253032752E64
:10B1A00025303475202B2B2B2B2B2B0D0A006661A1
:10B1B000745F6F70656E5F66696C65206465722090
:10B1C0006E6575656E20446174656920766572737D
:10B1D000616774206675657220006661745F6372D2
:10B1E000656174655F66696C652076657273616719
:10B1F00074206675657220006661745F6F70656E9D
:10B200005F64697220646573204861757074766547
:10B21000727A656963686E697320766572736167B7
:10B2200074006661745F6765745F6469725F656E00
:10B230007472795F6F665F706174682064657320F3
:10B2400048617570747665727A656963686E697352
:10B2500020766572736167740070726F745F253059
:10B2600034752D253032752D253032755F253032FD
:10B27000642D253032642E747874006661745F73B7
:10B2800065656B5F66696C6520766572736167746E
:10B29000006954656C65783A205465696C6E656820
:10B2A0006D65722D5665727A656963686E69732083
:10B2B00061757320454550524F4D2067656C616440
:10B2C000656E2E0D0A00202F20253032580D0A0001
:10B2D0006954656C65783A202120456570726F6D00
:10B2E000204C6164656665686C6572202564006940
:10B2F00054656C65783A202A205465696C6E6568DF
:10B300006D65722D5665727A656963686E69732022
:10B310007769726420756E76657261656E646572B8
:10B32000742075656265726E6F6D6D656E2E0D0AA7
:10B33000006974656C65782D746C6E7665727A2E12
:10B34000636769003C2F7461626C653E003C2F743A
:10B3500061626C653E3C2F666F726D3E003C2F66ED
:10B360006F726D3E003C2F613E3C2F74643E3C2F5B
:10B3700074723E3C2F7461626C653E003C74723E98
:10B380003C74643E26233136303B3C2F74643E3C93
:10B3900074643E26233136303B3C2F74643E3C744B
:10B3A000643E26233136303B3C2F74643E3C74644B
:10B3B0003E26233136303B3C2F74643E3C74643E61
:10B3C00026233136303B3C2F74643E3C74643E2669
:10B3D000233136303B3C2F74643E3C74643E26235C
:10B3E0003136303B3C2F74643E3C74643E2623313E
:10B3F00036303B3C2F74643E3C74643E3C612068B4
:10B400007265663D226974656C65782D746C6E7624
:10B4100065727A2E6367693F656469743D30223EC8
:10B42000003C74643E26233136303B3C2F74643E2E
:10B430003C2F74723E003C2F613E3C2F74643E3CB6
:10B440002F74723E003C74643E3C612068726566F5
:10B450003D226974656C65782D746C6E7665727AC0
:10B460002E6367693F656469743D256C64223E0004
:10B470003C746420616C69676E3D2263656E74651F
:10B4800072223E253032752E253032752E2530340D
:10B490007520253032643A253032643A25303264E2
:10B4A0003C2F74643E003C2F74643E3C74643E2622
:10B4B000233136303B3C2F74643E3C74643E26237B
:10B4C0003136303B3C2F74643E3C74643E2623315D
:10B4D00036303B3C2F74643E003C2F74643E3C7419
:10B4E0006420616C69676E3D226C656674223E253E
:10B4F000733C2F74643E3C746420616C69676E3DDC
:10B500002263656E746572223E26233136303B3CE1
:10B510002F74643E3C74643E26233136303B3C2F0E
:10B5200074643E003C2F74643E3C746420616C691A
:10B53000676E3D226C656674223E25733C2F7464F1
:10B540003E3C746420616C69676E3D2263656E7475
:10B550006572223E25753C2F74643E3C74643E2621
:10B56000233136303B3C2F74643E003C2F74643EE4
:10B570003C746420616C69676E3D226C6566742260
:10B580003E3C6120687265663D22687474703A2F93
:10B590002F257322207461726765743D225F626C8F
:10B5A000616E6B223E25733C2F613E3C2F74643EDE
:10B5B0003C746420616C69676E3D2263656E7465DE
:10B5C00072223E25753C2F74643E3C746420616C8D
:10B5D00069676E3D2263656E746572223E25733C19
:10B5E0002F74643E003C2F74643E3C746420616C94
:10B5F00069676E3D226C656674223E002000200063
:10B6000020003C746420616C69676E3D226C656645
:10B6100074223E25733C2F74643E3C74643E2623A2
:10B620003136303B003C74723E3C746420616C697E
:10B63000676E3D226C656674223E256C643C2F74F7
:10B64000643E003C2F613E3C62723E003C612068DB
:10B650007265663D226974656C65782D746C6E76D2
:10B6600065727A2E6367693F616C6C657A6569679C
:10B67000656E223E003C666F726D20616374696F77
:10B680006E3D226974656C65782D746C6E7665729A
:10B690007A2E636769223E003C62723E6172676384
:10B6A000203D2025642C206172677631203D2025C5
:10B6B0007300636C656172006C6F61640073617626
:10B6C00065003C2F623E3C62723E003C623E0020C0
:10B6D00025733C62723E003A20002025753C627260
:10B6E0003E0020257320282575293C62723E0020EB
:10B6F000257520003C62723E003C62723E003C6256
:10B70000723E003A2025733C62723E003C62723EFB
:10B7100000616C746E756D6D65720064757263683E
:10B720007761686C00706F72740061647265737326
:10B73000650074797065006C6F636B006C6F63619A
:10B740006C003C696E707574206E616D653D2261A0
:10B750006C746E756D6D65722220747970653D2212
:10B7600068696464656E222076616C75653D22258A
:10B770006C64223E006974656C65782D746C6E761D
:10B7800065727A2E63676900656469740064617428
:10B79000756D006E616D65006E756D6D6572006131
:10B7A0006200616C6C657A656967656E00736F72C3
:10B7B00074006954656C65783A205465696C6E65EF
:10B7C000686D65722D5665727A656963686E697316
:10B7D00020507275656673756D6D6520616B74754B
:10B7E000616C6973696572742061756620253038F3
:10B7F0006C582E0D0A006954656C65783A205465C2
:10B80000696C6E65686D65722D4C69737465205046
:10B810006C61747A6D616E67656C2045696E7472D7
:10B8200061672025756C2067656C6F65736368744C
:10B830002E0D0A00454550524F4D4F4B002E2E2ED7
:10B84000546C6E42756368206F6B0D0A002E2E2EAD
:10B85000456D61696C206F6B0D0A006954656C65FC
:10B8600078006954656C657820506F727420257576
:10B870002E0D0A002E2E2E436769206F6B0D0A00D5
:10B880006E74702E6367690073646469722E6367F7
:10B8900069006D656D64756D702E686578006974FA
:10B8A000656C65782D637265646974732E6367696E
:10B8B000006974656C65782D64656275672E6367D1
:10B8C00069006974656C65786366672D737065726D
:10B8D00072656E2E636769006974656C657863666E
:10B8E000672D65787465726E2E636769006974658B
:10B8F0006C65786366672D696E74626574722E6319
:10B900006769006974656C65786366672D696E7434
:10B910006B6F6E662E636769006974656C65782D60
:10B92000747769746C6E6C697374652E63676900F3
:10B930006974656C65782D6D73672D6F75742E63F2
:10B940006769006974656C65782D6D73672D696E24
:10B950002E636769006974656C65785F696E6974E8
:10B96000323A0D0A0044484350002E2E2E54696D81
:10B9700065722D43616C6C6261636B2D46756E6BF5
:10B9800074696F6E206F6B0D0A002E2E2E436F6E42
:10B99000666967206F6B0D0A002A3A3530002E2E3B
:10B9A0002E53656E64655075666665722C20456D14
:10B9B0007066507566666572206F6B0D0A0069745B
:10B9C000656C65785F696E6974313A0D0A0058528A
:10B9D000414D57414954004E65757374617274202E
:10B9E0003936372052657365742D466C6167732054
:10B9F000253032580D0A00253032580D0A00253006
:10BA00003258003A253032582530345825303258D3
:10BA100000637572004572726F72207265616469AD
:10BA20006E67206469726563746F727921003C618E
:10BA30002068726566203D2225732F2573223E25DE
:10BA4000733C2F613E20256C64203C736D616C6CEF
:10BA50003E3C612068726566203D227364646972B1
:10BA60002E6367693F6469723D25732664656C3D8A
:10BA700025732F2573223E64656C6574653C2F61C8
:10BA80003E3C2F736D616C6C3E3C62723E003C61CB
:10BA90002068726566203D222573223E25733C2F67
:10BAA000613E20256C64203C736D616C6C3E3C6192
:10BAB0002068726566203D2273646469722E636734
:10BAC000693F64656C3D2573223E64656C657465F1
:10BAD0003C2F613E3C2F736D616C6C3E3C62723E4C
:10BAE000003C612068726566203D2273646469725F
:10BAF0002E6367693F6469723D25732F2573223E6B
:10BB000025733C2F613E204449523C62723E003C0A
:10BB1000612068726566203D2273646469722E63D9
:10BB200067693F6469723D2573223E25733C2F612E
:10BB30003E204449523C62723E003C2F623E202827
:10BB4000256C752066726565293C62723E003C6218
:10BB50003E436F6E74656E74206F662025733A00E5
:10BB6000646972003C623E436F6E74656E74206F50
:10BB700066202F3A006469720046696C652025735F
:10BB8000204E4F5420666F756E643C703E004669CF
:10BB90006C65202573204E4F542064656C65746578
:10BBA000643C703E0046696C652025732064656CBA
:10BBB000657465643C703E0064656C0064656C008F
:10BBC0003C2F613E003C6120687265663D226974CD
:10BBD000656C65786366672D65787465726E2E6333
:10BBE0006769223E006974656C65786366672D65D8
:10BBF000787465726E2E636769003C2F613E003C6D
:10BC00006120687265663D226974656C657863665B
:10BC1000672D696E74626574722E636769223E00D7
:10BC20006974656C65786366672D696E74626574A6
:10BC3000722E636769003A202573002573266774A6
:10BC40003B2667743B2667743B256325733C2F6254
:10BC50003E003A203C623E003A202573003C62726E
:10BC60003E003C62723E003A202573003C62723E08
:10BC7000003A202573003A202573003C62723E0092
:10BC80003A202573003A202573003C62723E003C46
:10BC90002F613E003C6120687265663D22697465D3
:10BCA0006C65786366672D696E746B6F6E662E6364
:10BCB0006769223E006974656C65786366672D6903
:10BCC0006E746B6F6E662E636769003C2F613E3C3D
:10BCD0002F666F726D3E0020223E3C6120687265C7
:10BCE000663D226974656C65782D6D73672D6F757F
:10BCF000742E63676922207461726765743D224DFA
:10BD000073674F7574223E003C696E707574206EC7
:10BD1000616D653D2245696E6761626522207479B7
:10BD200070653D2274657874222073697A653D22BE
:10BD30003635222076616C75653D2222206D617852
:10BD40006C656E6774683D223635223E3C696E70C4
:10BD5000757420747970653D227375626D69742203
:10BD60002076616C75653D22003C666F726D2061C6
:10BD70006374696F6E3D226974656C65782D6D73AF
:10BD8000672D696E2E636769223E0048544D4C2D25
:10BD9000436861742D41626272756368202D2D3E87
:10BDA00020417573736368616C74756E6720696E8A
:10BDB0007465726E0D0A00260048544D4C2D436880
:10BDC0006174206265676F6E6E656E2028416E77C4
:10BDD00061686C20257529202D3E20000D0A004841
:10BDE000544D4C2D436861742045696E67616265EE
:10BDF0003A20000D0A0045696E676162650044697A
:10BE000072656B74647275636B2041627275662033
:10BE1000447275636B7370696567656C2028626531
:10BE20006C656774290D0A00446972656B746472ED
:10BE300075636B20416272756620447275636B7323
:10BE400070696567656C2028617573290D0A00208B
:10BE5000282575290D0A00446972656B7464727532
:10BE6000636B20416272756620447275636B7370F8
:10BE7000696567656C3A003C62723E3C7072653E73
:10BE80002573266C743B266C743B266C743B2573BF
:10BE900025733C2F7072653E003C48544D4C3E3C2F
:10BEA000484541443E3C6D65746120687474702D52
:10BEB00065717569763D22657870697265732220B7
:10BEC000636F6E74656E743D2231223E3C6D657405
:10BED0006120687474702D65717569763D22707289
:10BEE00061676D612220636F6E74656E743D226EB2
:10BEF0006F2D6361636865223E3C6D6574612068E7
:10BF00007474702D65717569763D2272656672650F
:10BF100073682220636F6E74656E743D2231303B0E
:10BF20002055524C3D6974656C65782D6D73672D95
:10BF30006F75742E636769223E3C2F484541443E2D
:10BF40003C424F44593E0025733C62723E0025320C
:10BF5000643A2000494D50524553535F006974655F
:10BF60006C65782D637265646974732E636769000C
:10BF7000696E76616C6964206C696E65206E722EE4
:10BF80002025643C62723E005B25645D202D2D3EC1
:10BF90002025733A202564003C62723E3C61206893
:10BFA0007265663D226974656C65782D646562759D
:10BFB000672E6367693F7265736574223E537461CF
:10BFC00074697374696B2D446174656E207A75723F
:10BFD0002675756D6C3B636B7365747A656E3C2F6B
:10BFE000613E3C62723E45746865726E65743A20CB
:10BFF000256C6420427974657320696E20256C6419
:10C000002050616B6574656E204C6F636B45727276
:10C010006F727320256C640020256C75003C627281
:10C020003E20564343205B6D565D203D003C6272CE
:10C030003E53797374656D53746172745A65697493
:10C04000203D20253032752E253032752E25303496
:10C050007520253032643A253032643A2530326416
:10C060002C205265736574466C6167203D20253035
:10C070003258003C62723E584D435241203D2025CB
:10C08000303258003C62723E44656275675F4C6FA7
:10C09000776573745350203D2025303258003C6240
:10C0A000723E4E54505570646174654469666653BF
:10C0B00065636F6E6473203D202564003C62723EB0
:10C0C0005A6569745365727665724162667261671A
:10C0D0006554696D6572456E6465203D2025750067
:10C0E0003C62723E4C616E6754696D657256616C5C
:10C0F00028265A6569745365727665724162667264
:10C1000061676554696D657229203D202575003C85
:10C1100062723E4E65747A456967656E6549502066
:10C120003D2025303258003C62723E4E65747A5094
:10C130006F7274203D202575003C62723E5443505E
:10C140005F736F636B65745B25645D3A20636C6F2E
:10C15000736564003C62723E5443505F736F636B5F
:10C1600065745B25645D3A20436F6E6E6563746928
:10C170006F6E53746174653D25752C2053656E6434
:10C1800053746174653D25752C20536F757263651A
:10C19000506F72743D25752C2044657374696E610F
:10C1A00074696F6E506F72743D25752C20536F75D6
:10C1B00072636549503D256C582C2054696D656F3C
:10C1C0007574636F756E7465723D2564003C6272B0
:10C1D0003E54696D65723043616C6C6261636B5F84
:10C1E0004D6178203D202575003C62723E54696D9A
:10C1F000657230436E745F4D6178203D2025750077
:10C200003C62723E54696D657230436E745F4D6975
:10C210006E203D202575003C62723E54696D65724A
:10C220003043616C6C6261636B436F756E74203D6B
:10C23000202575003C62723E4954656C65785468EF
:10C2400072656164436F756E74203D202575003CF6
:10C2500062723E547769497372436F756E74203D04
:10C26000202575003C62723E46616C73636865729E
:10C27000436F6465203D202575003C62723E4B751E
:10C28000727A54696D657256616C28266954656CC2
:10C290006578546872656164436865636B54696D61
:10C2A000657229203D202575003C62723E4B7572F7
:10C2B0007A54696D657256616C28266954656C659F
:10C2C00078536F636B65744C6562656E737A6569EC
:10C2D0006368656E54696D657229203D202575007F
:10C2E0003C62723E4275734B6F6C6C6973696F6E22
:10C2F0005A6165686C6572203D202575003C62724C
:10C300003E5477695761746368646F67436F756EF5
:10C3100074203D202575003C62723E5477694C655F
:10C3200062656E737A65696368656E5A6165686C8B
:10C330006572203D202575003C62723E4B75727A15
:10C3400054696D657256616C282642757351756922
:10C35000747454696D657229203D202575003C6216
:10C36000723E4C616E6754696D657256616C282629
:10C370004265696465527568696754696D657229BB
:10C38000203D202575003C62723E4B75727A5469DF
:10C390006D657256616C28265363687265696250D8
:10C3A0006175736554696D657229203D202575009E
:10C3B0003C62723E4B75727A54696D657256616C5F
:10C3C00028265761686C506175736554696D657294
:10C3D00029203D202575003C62723E5761686C7AC9
:10C3E00069666665726E203D202575003C62723E6E
:10C3F0005761686C6E756D6D6572203D2025750006
:10C400002025303258003C62723E50756666657277
:10C41000416E7A61686C282653656E646550756656
:10C4200066657229203D202575003C62723E536589
:10C4300072556D53656E64446174656E203D2025B0
:10C4400075003C62723E536572556D53656E644271
:10C4500069744E72203D202575003C62723E536522
:10C4600072556D5469636B5A6165686C657253658A
:10C470006E64203D202575003C62723E53656E64FB
:10C48000654D61726B203D202575002025303258A6
:10C49000003C62723E507566666572416E7A6168F4
:10C4A0006C2826456D706650756666657229203D5C
:10C4B000202575003C62723E536572556D456D7066
:10C4C000664665686C6572203D202575003C627289
:10C4D0003E536572556D456D7066446174656E209E
:10C4E0003D202575003C62723E536572556D456D69
:10C4F00070664D61726B5A6165686C203D202575D0
:10C50000003C62723E536572556D456D70664269BE
:10C51000744E72203D202575003C62723E53657258
:10C52000556D5469636B5A6165686C6572456D70D1
:10C5300066203D202575003C62723E427573456D54
:10C5400070664D61726B203D202575003C62723E25
:10C55000536572556D5469636B7350726F426974A1
:10C56000203D202575003C62723E4275735665720F
:10C5700062506172746E6572203D202575003C62C8
:10C58000723E5465696C6E65686D6572536572764E
:10C5900065724665686C65725A6165686C6572287B
:10C5A000257329203D2025642C2053706572726507
:10C5B0002D54696D6572202564003C62723E416BAA
:10C5C00074546C6E53657276657254616249203D95
:10C5D000202575003C62723E5465696C6E65686D1D
:10C5E0006572536572766572416C6C654E696368FD
:10C5F0007445727265696368626172203D202575B9
:10C60000003C62723E5465696C6E65686D6572537C
:10C610006572766572536F636B6574203D20256487
:10C62000003C62723E53656C627374416E72756653
:10C630005A656974556562657277616368756E677E
:10C640003A20003C62723E46616C736368476568DD
:10C6500065696D7A61686C5A6165686C6572203DC8
:10C66000202575003C62723E53656C627374416EA6
:10C67000727566456D7066616E6750727565667736
:10C68000657274203D202575003C62723E53656CD6
:10C69000627374416E72756653656E64655072752F
:10C6A000656677657274203D202575003C62723E98
:10C6B00053656C627374416E727566536F636B651C
:10C6C0007448616E646C65203D202564003C627294
:10C6D0003E53656C627374416E727566456E647A22
:10C6E000656974203D202575003C62723E4B757271
:10C6F0007A54696D657256616C282653656C627355
:10C7000074416E72756654696D657229203D2025ED
:10C7100075003C62723E53656C627374416E727553
:10C72000664665686C65725A6165686C6572203D25
:10C73000202575003C62723E53656C627374416ED5
:10C740007275665068617365203D202575003C62F6
:10C75000723E44796E4950416B7475616C697369BE
:10C760006572756E67456E647A656974203D202533
:10C7700075003C62723E4C616E6754696D6572561D
:10C78000616C282644796E4950416B7475616C69FF
:10C7900073696572756E6754696D657229203D20F5
:10C7A0002575003C62723E44796E49505F50686165
:10C7B0007365203D202575003C62723E52656D6FA9
:10C7C000746553657276657241646472657373490A
:10C7D0006E646578203D202575003C62723E4B7585
:10C7E000727A54696D657256616C282652656D6F58
:10C7F0007465536572766572436865636B54696DE1
:10C80000657229203D202575003C62723E52656D9F
:10C810006F74655365727665725265636F6E6E658F
:10C82000637454696D6572456E64203D2025750002
:10C830003C62723E4B75727A54696D657256616CDA
:10C84000282652656D6F7465536572766572416313
:10C8500074696F6E54696D657229203D20257500DD
:10C860003C62723E52656D6F746553657276657297
:10C87000536F636B657442756655736564203D2024
:10C880002575003C62723E52656D6F74655365722A
:10C890007665724C696E6B536F636B657448616E3D
:10C8A000646C65203D202575003C62723E52656DCA
:10C8B0006F74655365727665724C696E6B53746103
:10C8C000747573203D202575003C62723E52656D83
:10C8D0006F7465536572766572416374697665201D
:10C8E0003D202575003C62723E536F636B65744159
:10C8F0006E7A61686C5A65696368656E456D7066CD
:10C90000616E67656E203D202575003C62723E5366
:10C910006F636B6574416E7A61686C5A65696368B0
:10C92000656E517569747469657274203D20257552
:10C93000003C62723E536F636B6574416E7A61684E
:10C940006C5A65696368656E476573656E64657486
:10C95000203D202575003C62723E50726F746F6BF3
:10C960006F6C6C5068617365203D202575003C62DA
:10C97000723E536F636B65744F7574427566557381
:10C980006564203D202575003C62723E536F636BE9
:10C990006574496E42756655736564203D20257542
:10C9A000003C62723E4B75727A54696D65725661D5
:10C9B0006C28266954656C6578536F636B657441A8
:10C9C00062627275636854696D657229203D202525
:10C9D00075003C62723E6954656C6578536F636B99
:10C9E000657441626261754765706C616E74203D6B
:10C9F000202575003C62723E6954656C6578536F02
:10CA0000636B657450726F7456657273696F6E20D4
:10CA10003D202575003C62723E6954656C65785313
:10CA20006F636B657450726F746F6B6F6C6C203DCD
:10CA3000202575003C62723E6954656C6578536FC1
:10CA4000636B6574506F7274203D202575003C62E5
:10CA5000723E6954656C6578536F636B65744950B9
:10CA6000203D2025303258003C62723E6954656C8E
:10CA70006578536F636B657448616E646C65203DC7
:10CA8000202564003C62723E6954656C6578536F82
:10CA9000636B65744D6F6465203D202575003C62B5
:10CAA000723E537461747573203D202530325800F6
:10CAB0003C62723E4D6F647573203D202575003CCD
:10CAC00062723E446961676E6F7365507566666534
:10CAD000724C6576656C203D202575004469616760
:10CAE0006E6F73655075666665723A202573004CEB
:10CAF00065747A74657220416E7275663A202530CD
:10CB000032752E253032752E253034752025303281
:10CB1000643A253032643A253032643C62723E0019
:10CB20007761746368646F677465737400726573AA
:10CB30006574006E6C00697400656E006465007356
:10CB40007072000D0A003A006367692D41756672C4
:10CB5000756620766F6E2000006B656E6E77000D37
:10CB60000A005A756772696666652070657220549E
:10CB700043503A00202025757820202D257573001C
:10CB80000D0A706F727420257520697020000D0ADF
:10CB90000020282D25752053656B756E64656E2900
:10CBA0000D0A002D3E25337520202049503A0020E3
:10CBB00053746174653A253375002020202000539A
:10CBC0006F636B65744368616E67653A2048616E98
:10CBD000646C653A25640052656D6F7465536572C7
:10CBE0007665722076657277657266652025752098
:10CBF000427974657320446174656E206175732099
:10CC000053656E64652D5075666665722062656950
:10CC10002067657363686C6F7373656E656D205311
:10CC20006F636B65740D0A00212052656D6F74652A
:10CC300053657276657220776972642077656765DF
:10CC40006E2053656E64656665686C657220676505
:10CC50007472656E6E742E0D0A00202D2D3E2052CA
:10CC600065732025640D0A0052656D6F7465536508
:10CC7000727665722053656E64756E673A2028255A
:10CC800075290025642F3130302073656B0D0A0043
:10CC90002A2052656D6F7465205365727665722027
:10CCA0005765636873656C2C206E657565205665E5
:10CCB000727A6F65676572756E67200020657266AF
:10CCC0006F6C6772656963682067656F6566666E1D
:10CCD00065740D0A0052656D6F7465205365727638
:10CCE00065722000206B6F6E6E7465206E696368DC
:10CCF000742067656F6566666E657420776572641B
:10CD0000656E0D0A00212052656D6F7465205365B4
:10CD100072766572200020756E62656B616E6E744E
:10CD20000D0A00212052656D6F746520536572767F
:10CD3000657220486F73746E616D65200052656D79
:10CD40006F74655365727665722073656E646520D5
:10CD5000456E64650D0A002A2052656D6F74655337
:10CD600065727665722068617420536F636B6574B9
:10CD700020554E4745504C414E54206765736368BB
:10CD80006C6F7373656E2E0D0A0052656D6F74655E
:10CD90005365727665722068617420536F636B65AA
:10CDA00074206B6F7272656B742067657363686C57
:10CDB0006F7373656E2E0D0A00202D2D3E2077694E
:10CDC000726420766572776F7266656E0D0A002157
:10CDD0002052656D6F746553657276657220556E6D
:10CDE0006775656C74696765732054656C656772F7
:10CDF000616D6D20656D7066616E67656E3A002AC3
:10CE00002052656D6F746553657276657220686136
:10CE10007420456E64652D42656665686C206765A3
:10CE200073636869636B740D0A0052656D6F746596
:10CE30005365727665722068617420566572626906
:10CE40006E64756E677377756E736368206765735C
:10CE5000636869636B742C20776972642061626710
:10CE60006577696573656E3A0D0A0052656D6F747A
:10CE700065536572766572206861742056657262CA
:10CE8000696E64756E677377756E73636820676526
:10CE900073636869636B742C207769726420616EB8
:10CEA00067656E6F6D6D656E3A0D0A00202D2D3E23
:10CEB00020427566557365642025750D0A0025644A
:10CEC000290052656D6F74655365727665722045F1
:10CED0006D7066616E673A202825642F006C696D5D
:10CEE000697469657274206175662025640D0A0095
:10CEF0002A2052656D6F74655365727665722045A0
:10CF00006D7066616E672064726F68656E646572CD
:10CF10002055656265726C6175663A20456D706674
:10CF2000616E6720766F6E20256420005275666EF4
:10CF3000756D6D65722D4162667261676500416253
:10CF4000667261676520626569205465696C6E650B
:10CF5000686D65722D5365727665726E0D0A0025D7
:10CF600034640D0A002534640053656E6442202544
:10CF70003464004665726E6B6F6E666967204B6540
:10CF80006E6E3D2564206F6B0D0A004475726368F8
:10CF90007761686C20696E20546162656C6C6520F5
:10CFA000676566756E64656E2025750D0A004475AB
:10CFB0007263687761686C20617573205461626583
:10CFC0006C6C6520756D67657365747A7420257562
:10CFD0000D0A0044757263687761686C2D416E6656
:10CFE000726167652025750D0A002534640D0A00FD
:10CFF00025346400456D706641202531366400207B
:10D000004B656E6E3D253032580D0A00204C656E22
:10D010003D2564004665726E6B6F6E666967202100
:10D020004665686C657220436F64653D25640066E3
:10D0300065726E6B6F6E666572720053656E6465C5
:10D040002050726F746F6B6F6C6C76657273696F62
:10D050006E2D566F727363686C61672025750D0ABB
:10D060000050726F746F6B6F6C6C76657273696F62
:10D070006E2D566F727363686C616720257520652D
:10D080006D7066616E67656E0D0A00517569747426
:10D09000756E677374656C656772616D6D2065721E
:10D0A00068616C74656E202D3E2045696E736368FF
:10D0B000616C742D4B646F2F5175697420616E2003
:10D0C0005457490D0A006F63630076657262756E8E
:10D0D00064656E206D69742025750D0A002120732A
:10D0E000706F6E74616E65203F3F3F20416E7761C7
:10D0F000686C20696E7465726E202575200041622F
:10D1000062617562656665686C20766F6E20476542
:10D1100067656E7374656C6C650D0A000D0A002AF4
:10D1200020416262617562656665686C20766F6E2B
:10D1300020476567656E7374656C6C653A0053656E
:10D140006E64656E42657363686C65756E6967656C
:10D150006E2045494E0D0A002A2076657273706173
:10D1600065746574652045696E736368616C747578
:10D170006E670D0A0053656E64656E426573636881
:10D180006C65756E6967656E204155530D0A002503
:10D1900034640D0A0025346400456D706642202514
:10D1A000313664006E61002A41736369692D416EF6
:10D1B000727566206162676577696573656E2028A0
:10D1C0004173636969456D70664D6F6475733D2584
:10D1D00075290D0A006E61002534640D0A0025349E
:10D1E000640053656E6441202534640048545450F3
:10D1F000002A206954656C65782D426C696E6473F1
:10D200006F636B65742073656C62737420676574FB
:10D2100072656E6E740D0A002A206954656C65781B
:10D220002D426C696E64736F636B657420777572E1
:10D23000646520766F6E20476567656E7374656CF4
:10D240006C652067657472656E6E740D0A0021202E
:10D250005A4549545545424552534348524549540D
:10D26000554E47206265692057696564657261752E
:10D27000666E61686D6520646572205665726269CC
:10D280006E64756E670D0A0021204D6568726661D7
:10D29000636865204645484C4552206265696D20AB
:10D2A00053656E64656E20696E73204E65747A2CCA
:10D2B00020536F636B6574207769726420766F7298
:10D2C0007565626572676568656E6420676573631E
:10D2D000686C6F7373656E0D0A0021204D6568726E
:10D2E0006661636865204645484C45522062656921
:10D2F0006D2053656E64656E20696E73204E657493
:10D300007A20616265722056657262696E64756E1C
:10D3100067736162626175206765706C616E740D20
:10D320000A002F253032580D0A002053756D416ECA
:10D330007A202575002C20526573742025750020F5
:10D340002D2D3E2052657320256400536F636B655D
:10D35000742053656E64756E673A20282575290020
:10D360005769656465722D4F6566666E756E6720D8
:10D3700064657320536F636B657420232564206597
:10D3800072666F6C6772656963682E0D0A002120F2
:10D390005769656465722D4F6566666E756E6720A8
:10D3A00064657320536F636B657420564552534117
:10D3B00047542E0D0A00202D2D3E204275665573D0
:10D3C00065642025750D0A0025642900536F636B81
:10D3D000657420456D7066616E673A202825642F5C
:10D3E000006C696D697469657274206175662025C9
:10D3F000640D0A002A20536F636B657420456D70BD
:10D4000066616E672064726F68656E646572205530
:10D41000656265726C6175663A20456D7066616E15
:10D420006720766F6E2025642000536F636B6574F0
:10D43000207769726420616B746976206765736315
:10D44000686C6F7373656E0D0A00536F636B657460
:10D4500020777572646520766F6E20476567656E0C
:10D460007374656C6C652065727761727465742085
:10D4700067657363686C6F7373656E0D0A002120B6
:10D48000536F636B657420777572646520766F6E79
:10D4900020476567656E7374656C6C6520474554FD
:10D4A00052454E4E540D0A00536F636B65742077DE
:10D4B0007572646520766F6E20476567656E73745C
:10D4C000656C6C6520657277617274657420676540
:10D4D0007363686C6F7373656E0D0A002120536F60
:10D4E000636B657420777572646520766F6E204774
:10D4F0006567656E7374656C6C6520554E45525753
:10D5000041525445542067657363686C6F7373654B
:10D510006E0D0A002A20536F636B6574496E427565
:10D52000662067656C6F65736368742C2064612086
:10D530006E7572206E6F6368206175662047727524
:10D540006E647374656C6C756E6720676577617265
:10D5500074657420776972640D0A00206D6F6475BC
:10D56000732025640020200004036F63630004031C
:10D57000616273002021202E2E2E4162776569732F
:10D58000756E6720617566206265726569747320C7
:10D59000626573746568656E64656D20426C696E62
:10D5A000642D536F636B65742E0D0A00202A202EA4
:10D5B0002E2E4142474557494553454E2C20617513
:10D5C0006620426C696E642D536F636B65742067CF
:10D5D000656C6567740D0A002C2056657262696E71
:10D5E00064756E672062657374656874002C2061D1
:10D5F0006E64657265206B6F6D6D656E6465205637
:10D60000657262696E64756E6720626573746568C1
:10D61000742100202E2E2E5769656465727665721E
:10D6200062696E64756E67206F6B0D0A002C206155
:10D630006E6465727765697469672062656C656799
:10D640007400202E2E2E6E6575206F6B0D0A002043
:10D650002F204D414320005365727665722D536F24
:10D66000636B6574202325642067656F6566666E4D
:10D67000657420766F6E20495020000D0A00253019
:10D6800032752E253032752E253034752020253008
:10D6900032643A253032640D0A0021536F636B65A2
:10D6A00074207A756D205465696C6E65686D65725D
:10D6B0002D5365727665722067657363686C6F734E
:10D6C00073656E2C2044796E49505F5068617365B4
:10D6D00020776172206E6F63682027616B746976B2
:10D6E000272E0D0A00536F636B6574207A756D20C9
:10D6F0005465696C6E65686D65722D5365727665EB
:10D700007220777572646520766F6E204765676555
:10D710006E7374656C6C652067657363686C6F739A
:10D7200073656E0D0A002120756E657277617274E3
:10D7300065746520416E74776F7274206465732020
:10D740005465696C6E65686D65722D53657276659A
:10D7500072730D0A002A2055727361636865206434
:10D760006572204665686C65726D656C64756E6780
:10D7700020756E6B6C61720D0A000D0A0021204647
:10D7800065686C65726D656C64756E672064657341
:10D79000205465696C6E65686D65722D536572768F
:10D7A0006572733A2000546C6E5365727665722010
:10D7B0006D656C646574204C697374656E656E6428
:10D7C000650D0A000D0A0044796E616D6973636826
:10D7D000652049502D416B7475616C697369657280
:10D7E000756E673A206E6575652049502000447952
:10D7F0006E616D69736368652049502D416B747566
:10D80000616C6973696572756E673A2062657374DD
:10D810006568656E64652049502067696C7420777F
:10D8200065697465720D0A002120446174656E7328
:10D8300061747A20766F6D205465696C6E65686DD1
:10D8400065722D536572766572206D6974204E7213
:10D8500020256C64206B6F6E6E7465206E69636842
:10D860007420676573706569636865727420776595
:10D870007264656E0D0A002120696D206C6F6B610A
:10D880006C656E2054656C65666F6E6275636820AA
:10D89000616C732027507269766174272067656B0D
:10D8A000656E6E7A656963686E65740D0A00212085
:10D8B0005465696C6E65686D65722D536572766529
:10D8C00072206D656C64657420414E44455245205C
:10D8D0004E756D6D657220616C7320616E67656653
:10D8E000726167740D0A000D0A005465696C6E65FB
:10D8F000686D65722D536572766572206D656C6416
:10D9000065742045696E7472616720676566756E1F
:10D9100064656E3A20005465696C6E65686D657269
:10D920002D536572766572206D656C646574202771
:10D930006E6963687420676566756E64656E270D31
:10D940000A000D0A00256429005465696C6E65683B
:10D950006D65722D53657276657220456D706661D6
:10D960006E673A202825642F00202D3E20766572B0
:10D97000776F7266656E2C20536F636B65742067DA
:10D98000657363686C6F7373656E0D0A00212054B4
:10D9900065696C6E65686D65722D5365727665722A
:10D9A00020456D7066616E672055454245524C4179
:10D9B0005546207A75207669656C652044617465EA
:10D9C0006E20282564206279746529002A20536519
:10D9D0006C6273742D416E7275662D536F636B6547
:10D9E000742064757263682054696D656F75742066
:10D9F00067657363686C6F7373656E210D0A002130
:10DA00002053656C6273742D416E727566204B45B0
:10DA1000494E204563686F20656D7066616E67656D
:10DA20006E2E0D0A00212053656C6273742D416EB9
:10DA3000727566204142474542524F4348454E2049
:10DA4000776567656E204D6F6475732D57656368E4
:10DA500073656C2E0D0A00212053656C6273742D62
:10DA6000416E7275662046414C53434845204461DF
:10DA700074656E20656D7066616E67656E2E0D0A49
:10DA80000053656C6273742D416E72756620626519
:10DA900073746165746967742049502041647265CC
:10DAA0007373652E0D0A002A2053656C6273742D02
:10DAB000416E727566206572666F6C677265696328
:10DAC0006820616267657363686C6F7373656E2E3F
:10DAD0000D0A00212053656C6273742D416E7275BE
:10DAE0006620446174656E2D53656E64756E6720A3
:10DAF000564552534147542E0D0A0053656C6273CC
:10DB0000742D416E72756620446174656E20756572
:10DB100062657220536F636B6574202325642067F0
:10DB20006573656E6465742E0D0A00212053656C63
:10DB30006273742D416E727566206F6566666E65E0
:10DB40006E2064657320536F636B65742056455275
:10DB5000534147542E0D0A0053656C627374616B18
:10DB60007475616C6973696572756E67004772756B
:10DB70006E647374656C6C756E672065727265692E
:10DB80006368742028536F636B65742067657363E3
:10DB9000686C6F7373656E2C2054574920676573EA
:10DBA00063686C6F7373656E290D0A005265737438
:10DBB00065206765647275636B74202D2D3E20416E
:10DBC0007573736368616C74756E6720696E7465D4
:10DBD000726E0D0A0048544D4C2D436861742D52ED
:10DBE000756865202D2D3E20417573736368616CE7
:10DBF00074756E6720696E7465726E0D0A000D0A89
:10DC0000004D656C64756E6773647275636B202D6F
:10DC10003E20000D0A00446961676E6F736564728F
:10DC200075636B3A20000D0A0A0A003A20002A2088
:10DC30005461737465206765647275636B74202D1D
:10DC40002D3E2052657374652D447275636B20619F
:10DC500062676562726F6368656E0D0A0072797241
:10DC6000797279727972797279727972797279725C
:10DC7000797279727972797279727972797279724C
:10DC80007972797279727972797279727972790DA1
:10DC90000A003A20253032752E253032752E253077
:10DCA000347520253032753A253032753A253032B8
:10DCB000750D0A000D0A002A204162626175207705
:10DCC0006567656E203130204D696E7574656E2014
:10DCD00046756E6B7374696C6C652E0D0A00646515
:10DCE0007200212054696D656F7574206265696DDD
:10DCF0002057617274656E206175662064696520C5
:10DD000045696E736368616C747175697474756E5E
:10DD1000670D0A002A2054696D656F75742062656D
:10DD2000696D2057617274656E2061756620646943
:10DD300065205363686C7573737175697474756E5F
:10DD4000670D0A002A2031352053656B756E6465B6
:10DD50006E206E69636874206765776165686C74AE
:10DD60002C20416262727563680D0A000D0A00285A
:10DD7000256429200025396C64202D202573202D51
:10DD800020004E616D656E7375636865000D0A0055
:10DD90003E206C656E203D2025640D0A00537461A1
:10DDA000727465204E616D656E737375636865206E
:10DDB00066756572203C006F6363002120416E77B9
:10DDC00061686C20696E7465726E20616E202575C5
:10DDD00020564552534147540D0A007665726275CC
:10DDE0006E64656E206D69742025750D0A00416EA4
:10DDF0007761686C20696E7465726E2025752000ED
:10DE0000416E6765727566656E6572206861742023
:10DE10006765616E74776F72746574202D3E20455E
:10DE2000696E736368616C742D4B646F2F517569F3
:10DE30007420616E205457490D0A002120494C4C32
:10DE40004547414C45532050726F746F6B6F6C6C3B
:10DE50000D0A000D0A002A204672656D6470726F0B
:10DE6000746F6B6F6C6C2065726B616E6E743A00D0
:10DE700021205457492D54696D656F7574202D3ECE
:10DE8000204162736368616C74756E670D0A00549B
:10DE9000574920417573736368616C74756E6720B0
:10DEA000696E7465726E0D0A0021205363686C758B
:10DEB00073737175697474756E67206F686E652011
:10DEC000417566666F72646572756E670D0A0054FF
:10DED000574920417573736368616C74756E672070
:10DEE0007175697474696572740D0A005465696CA2
:10DEF0006E65686D657220256C7520696D20656999
:10DF000067656E656E2054656C65666F6E627563DD
:10DF10006820676566756E64656E2E0D0A004E6139
:10DF20006D656E7373756368652067657374617280
:10DF3000746574202D3E2045696E736368616C744E
:10DF40002D4B646F2F5175697420616E20545749B1
:10DF50000D0A00545749205761686C7A69666665F6
:10DF60007220257520696E7465726E202F2067659A
:10DF700068656E640D0A00545749205761686C61EA
:10DF80007566666F72646572756E6720696E74651A
:10DF9000726E202F206B6F6D6D656E640D0A0054DC
:10DFA00057492045696E736368616C747175697453
:10DFB00074756E67206675657220676568656E6446
:10DFC000202F204D6F647573202564207565626570
:10DFD000722054574920657268616C74656E0D0A31
:10DFE000005457492045696E736368616C7471759C
:10DFF000697474756E67206675657220652D4D6154
:10E00000696C2D447275636B0D0A005457492045A5
:10E01000696E736368616C747175697474756E6729
:10E020002066756572204D656C64756E67736472E9
:10E0300075636B0D0A005457492045696E73636818
:10E04000616C747175697474756E67206E61636854
:10E0500020426567696E6E2048544D4C2D436861BF
:10E06000740D0A005457492045696E736368616CEA
:10E07000747175697474756E6720696E7465726EFB
:10E08000202F206B6F6D6D656E640D0A005457492B
:10E090002045696E736368616C746B6F6D6D616E42
:10E0A000646F20696E7465726E202F2067656865E5
:10E0B0006E640D0A00545749205265736572766983
:10E0C0006572756E6720696E7465726E202F2067A9
:10E0D0006568656E6420766F6E2025750D0A0021D7
:10E0E0002045696E736368616C74756E6720257571
:10E0F00020696E7465726E20564552534147540D27
:10E100000A0045696E736368616C74756E672025DB
:10E110007520696E7465726E0D0A00426175646FD8
:10E12000744D6F6465203D2025640D0A00417363C2
:10E1300069692D566572617262656974756E673AB8
:10E14000202575205A65696368656E2061757320A6
:10E15000417363696948696C6650756666657220CB
:10E1600076657261726265697465742C000D0A00CF
:10E17000202020202020676577616E64656C742004
:10E18000696E3A200020282B2575290D0A0041735D
:10E190006369692D566572617262656974756E672F
:10E1A0003A20000D0A000D0D0D0A00626B0061623D
:10E1B0007300646572006E61006E63006F636300DC
:10E1C0000D0A005761686C416262727563684D6543
:10E1D0006C64756E670020756E6420566572736995
:10E1E0006F6E2025750D0A002D3E2073656E6465E7
:10E1F0002044757263687761686C20257500436CF4
:10E2000069656E742D536F636B65742023256420DC
:10E210006954656C6578206572666F6C67726569B4
:10E2200063682067656F6566666E65742000436C81
:10E2300069656E742D536F636B65742023256420AC
:10E240004173636969206572666F6C6772656963A3
:10E25000682067656F6566666E6574202D3E204593
:10E26000696E736368616C742D4B646F2F517569AF
:10E270007420616E205457490D0A002120436C69B7
:10E28000656E742D536F636B6574206B6F6E6E7467
:10E2900065206E6963687420657273746D616C6962
:10E2A000672067656F6566666E6574207765726462
:10E2B000656E0D0A002A205465696C6E65686D658F
:10E2C00072206973742047454C4F45534348540DA1
:10E2D0000A00436C69656E742D536F636B6574201F
:10E2E00023256420534D5450206572666F6C67720D
:10E2F000656963682067656F6566666E6574202D65
:10E300003E2045696E736368616C742D4B646F2F9A
:10E310005175697420616E205457490D0A00206EB2
:10E320006963687420676566756E64656E0D0A00C2
:10E3300021204950207A7520486F73746E616D6595
:10E34000200020506F72742025750D0A00203D209A
:10E350000056657262696E64756E67736175666298
:10E360006175207A7520486F73746E616D65200049
:10E3700020506F72742025750D0A0056657262690F
:10E380006E64756E6773617566626175207A75205B
:10E3900049502000204665686C65727A6165686C3A
:10E3A00065722076657272696E6765727420617538
:10E3B000662025640D0A005465696C6E65686D659C
:10E3C000722D5365727665722000204665686C6513
:10E3D000727A6165686C6572206572686F656874D1
:10E3E000206175662025640D0A005465696C6E65B0
:10E3F000686D65722D5365727665722000292E0D49
:10E400000A00204950206E696368742062656B6160
:10E410006E6E7420284F6566666E756E6720667531
:10E420006572200021205465696C6E65686D6572A7
:10E430002D53657276657220002E0D0A0020474527
:10E44000534348454954455254206675657220002F
:10E45000212056657262696E64756E6773766572A7
:10E460007375636820616E205465696C6E65686DB4
:10E4700065722D53657276657220002E0D0A00209C
:10E48000536F636B6574202325642068657267652C
:10E490007374656C6C7420667565722000566572C5
:10E4A00062696E64756E6720616E205465696C6E7A
:10E4B00065686D65722D5365727665722000212046
:10E4C000696E7465726E65722056657262696E64FB
:10E4D000756E6773706172746E6572202575206940
:10E4E0007374205343484F4E20465245492E0D0A1F
:10E4F000002120696E7465726E65722056657262C5
:10E50000696E64756E6773706172746E65722025D2
:10E5100075204E49434854204D454852204552529B
:10E52000454943484241522E0D0A005765636873BE
:10E53000656C206E616368204D6F64757320507543
:10E5400066666572447275636B556E645363686C7E
:10E550007573732028766F6E202564290D0A005785
:10E5600065636873656C206E616368204D6F6475C8
:10E570007320527568652028766F6E202564290DFA
:10E580000A00496E7465726E6556657262696E64E2
:10E59000756E674265656E64656E2061757367654B
:10E5A00068656E6420766F6E204D6F6475732025EC
:10E5B000640D0A002C20536572556D5469636B73AA
:10E5C00050726F426974203D2025750D0A00536515
:10E5D0007269656C6C556D7365747A496E69743ACD
:10E5E0002042757356657262506172746E65722056
:10E5F0003D202575003C3C3C20400D0A003C3C3C45
:10E600003C3C2028776562290D0A003C3C3C3C3CA0
:10E610000D0A003E3E3E3E3E0D0A006E61636820DC
:10E6200025642E0D0A004D6F64757357656368731A
:10E63000656C20766F6E2025642000212052657362
:10E64000657420776567656E206E696368742D4117
:10E65000756672756620766F6E206974656C657874
:10E660005F74687265616428290D0A006954656CDD
:10E67000657828253575293A2000202E2E2E6765CD
:10E680007370656963686572740D0A0025303275B0
:10E690002E253032752E2530347520253032753ACE
:10E6A000253032753A253032752000202E2E2E6905
:10E6B000676E6F72696572742C20766F726865720E
:10E6C000696765204D656C64756E67206E6F636861
:10E6D000206E69636874206765647275636B740D7E
:10E6E0000A00284E554C4C2900446961676E6F73CF
:10E6F0006561757367616265204C6576656C202580
:10E70000643A200053756D6D652F416E7A203D206F
:10E71000256C752F257520204D6178203D202575AD
:10E720002020416E7A55656265724772656E7A6522
:10E73000203D202575005255464E525345525633C2
:10E74000005255464E525345525632005255464E8F
:10E750005253455256310052454D53455256414B46
:10E760005449560053454C425354414E5045520073
:10E7700052454D53455256504F5254004E45545AEF
:10E78000504F52540044594E4950414B5449560041
:10E7900050494E004E45545A5255464E52005A4525
:10E7A000495452554E4453454E44005A45494C45F0
:10E7B0004E4C41454E4745004153434949454D5014
:10E7C00046004155544F444154554D005457494E0D
:10E7D0004555004241554454414200445552434836
:10E7E0005741484C54414200414C5445524E4245D9
:10E7F00049424553004D454C445255434B00464514
:10E800005354454850535400454947454E454E558D
:10E810004D4D45520048415550545354454C4C457C
:10E82000004C414E474449454E53544D454C4400DD
:10E8300050524F544C4556454C00544C4E42554353
:10E84000484F4646454E00434647504153530053B8
:10E850005052414348450054455854005A45494C8C
:10E860004500656565656565733A292E292D292959
:10E87000202B2700616F75414F5573283A282E28A9
:10E880002D28202B2700E4F6FCC4D6DCDF5B5D3CA2
:10E890003E7B7D405F23220039363700112484B748
:10E8A0008BBD8DB78EBB8EB78ABD14BE0FB6F894E4
:10E8B000A89580916000886180936000109260004C
:10E8C0000FBE11241FBEC0E0D0E2DEBFCDBF00E00E
:10E8D0000CBF85E88093740080E880937500579A98
:10E8E0005F9884B1806F84B985B1806785B92F98AE
:10E8F0000FB6F894A89580916000886180936000BD
:10E90000109260000FBE8091C7E19091C8E18B3BEF
:10E910009B4B91F0A0E0B3EFE0E0F5E181918D93A6
:10E92000E11582E2F807D1F72AB58EB390E0922B79
:10E930009093C8E18093C7E1C0E0D2E288815F9AFA
:10E9400088835F98CE010E9478CD8993CF3F2FEFC7
:10E95000D207A1F72E9800E010E0C0E0D2E2F880E4
:10E96000CE010E9478CDF81611F00F5F1F4F5F9A0D
:10E9700088815F988993CF3F8FEFD80781F7011582
:10E98000110569F0F8940FB6F894A895809160008D
:10E99000886180936000109260000FBEFFCF2D98B9
:10E9A0008BB5809343E213E2A0E0B2E2E0E4FEE93B
:10E9B00002E00BBF02C007900D92A635B107D9F750
:10E9C0002BE8A6E5B3E201C01D92A13DB207E1F735
:10E9D0000F94F0470D941E4F0C9400000E943AC90A
:10E9E000DDC6BF92CF92DF92EF92FF920F931F93FB
:10E9F000CF93DF93CDB7DEB7E3970FB6F894DEBFC2
:10EA00000FBECDBF8DE691E09F938F930F94E64BA1
:10EA10000F900F9000E010E08EE5E82E81E0F82ED8
:10EA20009E012D5C3F4FAE01475D5F4FBE01615DB2
:10EA30007F4FC8010E94E2B4813021F5DBA8DD20C0
:10EA400009F1BE016F5F7F4FCE0189960E9422B50A
:10EA5000C82EB92E6FA578A989A99AA9AE014B5ED7
:10EA60005F4F0E941CBC1F92DF92BF92CF929F9378
:10EA70008F93FF92EF920F94E64B0FB6F894DEBFA0
:10EA80000FBECDBF0F5F1F4F0430110549F680E068
:10EA900090E0E3960FB6F894DEBF0FBECDBFDF91D6
:10EAA000CF911F910F91FF90EF90DF90CF90BF908B
:10EAB00008956AE771E081EF94E70C9456C20895D7
:10EAC0000F931F93CF93DF93CDB7DEB764970FB645
:10EAD000F894DEBF0FBECDBF8B010297F1F4FB01AE
:10EAE000828193810E9496B8AE014F5F5F4F0E9472
:10EAF0001CBC9F938F93F80183818F9382818F93A6
:10EB00008FE891E09F938F930F94E64B0F900F90B7
:10EB10000F900F900F900F9008C08EE791E09F9399
:10EB20008F930F94E64B0F900F9080E090E06496E7
:10EB30000FB6F894DEBF0FBECDBFDF91CF911F910E
:10EB40000F9108956FE971E080E695E70C9456C245
:10EB5000EF92FF920F931F93CF93DF93CDB7DEB762
:10EB6000A0970FB6F894DEBF0FBECDBF8B01029702
:10EB70004CF480EB91E09F938F930F94E64B0F90B2
:10EB80000F9087C06BE472E0F801828193810F944B
:10EB90001F4A892BA1F468E472E0CE0101960F941C
:10EBA000284ABE016F5F7F4F8AE392E00E9419A45A
:10EBB00081E090E00E94B2A4E12CF12C03C0EE248D
:10EBC000EA94FE2C60E372E0F801828193810F9455
:10EBD0001F4A892BD9F480E090E00E94B2A46CE235
:10EBE00072E0CE0101960F94284ABE016F5F7F4FFD
:10EBF0008EE192E00E9419A480E192E09F938F93AE
:10EC00000F94E64B0F900F90E12CF12C6CE072E02A
:10EC1000F801828193810F941F4A892B59F4F801DE
:10EC200066817781848195810E945DA3019711F4AB
:10EC3000E12CF12C68E072E0F801828193810F945D
:10EC40001F4A892B49F4F801848195810E94EBA227
:10EC5000019711F4E12CF12C62E072E0F80182815D
:10EC600093810F941F4A892B21F40E94CAA0E12CA2
:10EC7000F12C6CEF71E0F801828193810F941F4AAF
:10EC8000892B19F40E9472A004C0EF20E09409F4CB
:10EC900070CF80E090E0A0960FB6F894DEBF0FBE74
:10ECA000CDBFDF91CF911F910F91FF90EF9008950D
:10ECB0000F9445208823B1F00E94CFC98AEA91E0E1
:10ECC0009F938F930F94E64B0E94CAA083EA91E032
:10ECD0009F938F930F94E64B0F900F900F900F9090
:10ECE0000C94D8C908956DE572E088EA95E70E9412
:10ECF00056C263E572E088E596E70C9472C9089500
:10ED000063E672E08FE796E70C9472C9CF93DF93C6
:10ED1000CDB7DEB760970FB6F894DEBF0FBECDBF9C
:10ED200060911D2270911E2280911F2290912022BD
:10ED3000AE014F5F5F4F0E941CBC9F938F9382E98F
:10ED400096E09F938F930F94E64B609119227091F8
:10ED50001A2280911B2290911C22AE014F5F5F4FBF
:10ED60000E941CBC9F938F9385E896E09F938F939E
:10ED70000F94E64B60911522709116228091172214
:10ED800090911822AE014F5F5F4F0E941CBC9F9371
:10ED90008F9388E796E09F938F930F94E64B609153
:10EDA0001122709112228091132290911422AE01AF
:10EDB0004F5F5F4F0E941CBC9F938F938FE696E03E
:10EDC0009F938F930F94E64BEAE0F2E285811F92C6
:10EDD0008F9384811F928F9383811F928F9382815F
:10EDE0001F928F9381811F928F9380811F928F93A7
:10EDF00083E496E09F938F930F94E64B0FB6F894BD
:10EE0000DEBF0FBECDBF80E090E060960FB6F894F5
:10EE1000DEBF0FBECDBFDF91CF9108950F931F933B
:10EE2000CF93DF93CDB7DEB7A0970FB6F894DEBFD0
:10EE30000FBECDBF8C010F944520882309F48FC1EC
:10EE40000E94CFC9F801EA5FFF4E80819181892B32
:10EE5000A9F48BE396E09F938F930F94E64B82E3A4
:10EE600096E00E944DC38CE296E00E944DC383E27F
:10EE700096E09F938F930F94E64BC9C06CE176E0C8
:10EE8000C8010E9408C8892B09F4C6C08EEC95E021
:10EE90009F938F930F94E64B8E010F5F1F4FB80126
:10EEA00089EC95E00E9472A380E795E09F938F9391
:10EEB0000F94E64B8BE695E00E9481A40F900F9093
:10EEC0000F900F90019639F068E675E0C8010F9435
:10EED0001F4A892B41F480E695E09F938F930F940E
:10EEE000E64B0F900F9084E595E09F938F930F94DE
:10EEF000E64BB80181E595E00E9472A30F900F9058
:10EF0000019759F060911D2270911E2280911F225D
:10EF100090912022A8010E941CBC1F930F938CED9E
:10EF200094E09F938F930F94E64BB80187ED94E0A4
:10EF30000E9472A30F900F900F900F90019759F0BD
:10EF40006091192270911A2280911B2290911C22AB
:10EF5000A8010E941CBC1F930F9383E694E09F932B
:10EF60008F930F94E64BB8018EE594E00E9472A354
:10EF70000F900F900F900F90019759F0609115220C
:10EF8000709116228091172290911822A8010E9458
:10EF90001CBC1F930F938AEE93E09F938F930F9463
:10EFA000E64BB80186EE93E00E9472A30F900F909B
:10EFB0000F900F90019759F06091112270911222D9
:10EFC0008091132290911422A8010E941CBC1F93CF
:10EFD0000F9380E793E09F938F930F94E64BB801D4
:10EFE0008CE693E00E9472A30F900F900F900F9009
:10EFF000019729F0B8018AE092E20E9422B51F939E
:10F000000F938EE992E09F938F930F94E64B0F90AE
:10F010000F900F900F90A1C064EC76E0C8010E94A1
:10F0200008C8892B79F064EC76E0C8010E94D4C747
:10F030008D5E974FFC01EE0FFF1FE00FF11F608107
:10F04000718102C063E472E284EC96E00E9419A42C
:10F0500061EC76E0C8010E9408C8892B91F061EC50
:10F0600076E0C8010E94D4C78D5E974FFC01EE0F79
:10F07000FF1FE00FF11F6081718181EC96E00E941B
:10F0800019A46CEB76E0C8010E9408C8892B91F0A6
:10F090006CEB76E0C8010E94D4C78D5E974FFC01EF
:10F0A000EE0FFF1FE00FF11F608171818CEB96E086
:10F0B0000E9419A467EB76E0C8010E9408C8892B5A
:10F0C00091F067EB76E0C8010E94D4C78D5E974F40
:10F0D000FC01EE0FFF1FE00FF11F6081718187EBD4
:10F0E00096E00E9419A463EB76E0C8010E9408C86C
:10F0F000892B91F063EB76E0C8010E94D4C78D5E46
:10F10000974FFC01EE0FFF1FE00FF11F608171812F
:10F1100083EB96E00E9419A46FEA76E0C8010E9492
:10F1200008C8892B91F06FEA76E0C8010E94D4C725
:10F130008D5E974F880F991FF801E80FF91F6081C6
:10F1400071818FEA96E00E9419A48BE692E09F936A
:10F150008F930F94E64B0F900F900E94D8C9A09602
:10F160000FB6F894DEBF0FBECDBFDF91CF911F91D8
:10F170000F91089566EA76E086E896E70E9456C207
:10F180006AE976E08EE097E70C9472C9CF92DF923D
:10F19000EF92FF920F931F93CF93DF93CDB7DEB71C
:10F1A000A7970FB6F894DEBF0FBECDBF8B010297B5
:10F1B00009F061C0FB01828193810E94B0BB6B01A9
:10F1C0007C01672B682B692B79F4F801828193818C
:10F1D0000E9496B86B017C016F3F7F4F8F4F9F4F0E
:10F1E00019F483E197E049C0F80183818F9382810C
:10F1F0008F9380E097E09F938F930F94E64B80E28C
:10F2000097E00E9481A40F900F900F900F900196AD
:10F2100041F0BE016F5F7F4F80E297E00E9472A3D2
:10F2200001C01982CE0101960F94CD499B0140E0A7
:10F2300050E0C701B6010E9456BE0196C9F0CE014A
:10F2400045960E948FD22E899F89888D1F922F9379
:10F250001F929F931F928F9384EE96E09F938F93BC
:10F260000F94E64B0FB6F894DEBF0FBECDBF0BC0B8
:10F270008BED96E002C089EC96E09F938F930F94FC
:10F28000E64B0F900F9080E090E0A7960FB6F894B1
:10F29000DEBF0FBECDBFDF91CF911F910F91FF90C9
:10F2A000EF90DF90CF9008956CE177E086EC98E7DF
:10F2B0000C9456C20E946CE480E090E00895CF93D5
:10F2C000DF93EC010F944520882309F44EC00E947F
:10F2D000CFC9FE01EA5FFF4E80819181892B61F4E5
:10F2E00080E497E09F938F930F94E64B0F900F90DD
:10F2F000DF91CF910C94D8C96AE377E0CE010E94E8
:10F3000008C8892B91F16EE277E0CE010E94D4C744
:10F310008D5E974FFC01EE0FFF1FEC0FFD1F64E3A6
:10F3200077E0808191810F941F4A892BF1F488E264
:10F3300097E09F938F930F94E64B0E94D8C90E9449
:10F34000B3C3C65BDF4E888199810E9445D981E0B5
:10F350000E9451CD82E00E9451CD83E00E9451CDA8
:10F360000E946CE40F900F90FFCFDF91CF91089532
:10F370006BEC77E08AE599E70E9456C261EC77E092
:10F380008FE599E70C9472C9FF920F931F93CF9367
:10F39000DF938091F1258F938091F0258F93809159
:10F3A000EF258F938091EE258F9380912A478F933D
:10F3B000809129478F93809128478F938091274789
:10F3C0008F9380912E478F9380912D478F938091BB
:10F3D0002C478F9380912B478F9387E399E09F93DE
:10F3E0008F930F94E64B80914C3A8F9380914B3AD8
:10F3F0008F9380914A3A8F938091493A8F9380916D
:10F400004E3A8F9380914D3A8F938091503A8F93DB
:10F4100080914F3A8F9386EF98E09F938F930F944C
:10F42000E64B0E9413BA82E70E9485CAF82E81E05B
:10F430000E94AECA182F092F81E10E94AECAEC01CA
:10F440000E943ABA8AEE98E09F938F930F94E64B0E
:10F4500089ED98E09F938F930F94E64B85EC98E0AD
:10F460009F938F930F94E64B1F92FF9280EB98E04F
:10F470009F938F930F94E64B8DB79EB782960FB6EE
:10F48000F8949EBF0FBE8DBF0F931F938DE998E038
:10F490009F938F930F94E64BDF93CF938AE898E086
:10F4A0009F938F930F94E64B8DB79EB708960FB638
:10F4B000F8949EBF0FBE8DBF80E090E0DF91CF91AA
:10F4C0001F910F91FF9008950F931F93CF93DF9398
:10F4D000CDB7DEB763970FB6F894DEBF0FBECDBFD2
:10F4E0008C01CE0101960E948FD28091562390917B
:10F4F00057230196909357238093562388859985A7
:10F500007F816E8159814A813B812C819F938F93AA
:10F510001F927F931F926F931F925F931F924F933F
:10F520001F923F931F922F9384EE97E09F938F93A8
:10F530000F94E64BF801E65BFF4E81818F9380814B
:10F540008F93809157238F93809156238F9380912F
:10F550002A478F93809129478F93809128478F93D3
:10F56000809127478F9381ED97E09F938F930F941E
:10F57000E64B0FB6F894DEBF0FBECDBF63960FB655
:10F58000F894DEBF0FBECDBFDF91CF911F910F91D9
:10F59000089566E779E084EC99E70E9456C26CE62C
:10F5A00079E084E69AE70C9472C983DAF2DFE2DD4F
:10F5B0009ADBDEDE84DAA4DB77DEC4CA0F931F9306
:10F5C000CF93DF93CDB7DEB727970FB6F894DEBFA2
:10F5D0000FBECDBF80915823909159238F3F2FEFBD
:10F5E000920789F587E190E00E9403D9909359230F
:10F5F00080935823019609F4C6C0CE0101960E945B
:10F6000012C4609158237091592382E00E9401C472
:10F610008EE899E09F938F930F94E64BCE0101966D
:10F620000E9421C41092DD231092DC231092DB2370
:10F630001092DA2310925A238091582390915923E3
:10F640000E94A6E19EC00E9433D9803139F08FEF2D
:10F650009FEF909359238093582395C08091DC238A
:10F660009091DD23892B89F580915823909159231E
:10F670000E94BEE11816190644F580915823909116
:10F6800059230E94D3E18A3079F387FDEDCF209191
:10F69000DA233091DB23203831057CF4A9014F5F58
:10F6A0005F4F5093DB234093DA23F901E85AFC4D76
:10F6B0008283FA01E85AFC4D12828D30A9F681E06E
:10F6C00090E09093DD238093DC238091DC23909164
:10F6D000DD23019709F057C0CE0101960E9412C4A4
:10F6E000609158237091592382E00E9401C444E044
:10F6F00050E060EE73E28AE593E20E9477C28C01EB
:10F700009093DF238093DE2369E879E08091E02302
:10F710009091E1230F941F4A892BD1F48FE799E050
:10F720009F938F930F94E64B0E94B3C360E070E009
:10F7300081E00E9401C480915823909159230E9436
:10F7400045D98FEF9FEF909359238093582319C089
:10F7500060EE73E2C8010E94E1C28CE799E09F93DA
:10F760008F930F94E64BCE0101960E9421C4109214
:10F77000DD231092DC231092DB231092DA23109207
:10F780005A230F900F9027960FB6F894DEBF0FBE46
:10F79000CDBFDF91CF911F910F91089587E190E048
:10F7A0000E94D4D81F9287E18F9382EC99E09F93B7
:10F7B0008F930F94E64B0F900F900F900F906BEB81
:10F7C00079E08EED9AE70C949CC410926900109237
:10F7D0006A0008958830910564F45DB321E030E05B
:10F7E000B90102C0660F771F8A95E2F7CB01852B1E
:10F7F0008DBB0895883091050CF040C064307105D0
:10F800000CF03EC0FC01EE0FFF1F84309105C4F4E4
:10F81000A091690023E030E00E2E01C0220F0A946F
:10F82000EAF720952A2320936900209169000E2E83
:10F8300001C0660F0A94EAF7622B6093690017C053
:10F84000A0916A0023E030E00E2E01C0220F0A943E
:10F85000EAF720952A2320936A0020916A000E2E51
:10F8600001C0660F0A94EAF7622B60936A00E452C3
:10F87000FF4B51834083AEDF80E008958EEF089503
:10F880008FEF0895883091056CF44DB321E030E09E
:10F89000B90102C0660F771F8A95E2F7CB01809508
:10F8A00084238DBB08951F920F920FB60F921124DF
:10F8B0000BB60F922F933F934F935F936F937F936A
:10F8C0008F939F93AF93BF93EF93FF93E091DC40AF
:10F8D000F091DD401995FF91EF91BF91AF919F910C
:10F8E0008F917F916F915F914F913F912F910F90E9
:10F8F0000BBE0F900FBE0F901F9018951F920F9286
:10F900000FB60F9211240BB60F922F933F934F9384
:10F910005F936F937F938F939F93AF93BF93EF9377
:10F92000FF93E091DE40F091DF401995FF91EF9158
:10F93000BF91AF919F918F917F916F915F914F9107
:10F940003F912F910F900BBE0F900FBE0F901F9005
:10F9500018951F920F920FB60F9211240BB60F92AB
:10F960002F933F934F935F936F937F938F939F93C7
:10F97000AF93BF93EF93FF93E091E040F091E140AC
:10F980001995FF91EF91BF91AF919F918F917F91C9
:10F990006F915F914F913F912F910F900BBE0F9000
:10F9A0000FBE0F901F9018951F920F920FB60F92D7
:10F9B00011240BB60F922F933F934F935F936F9346
:10F9C0007F938F939F93AF93BF93EF93FF93E091B8
:10F9D000E240F091E3401995FF91EF91BF91AF9113
:10F9E0009F918F917F916F915F914F913F912F9157
:10F9F0000F900BBE0F900FBE0F901F9018951F9287
:10FA00000F920FB60F9211240BB60F922F933F93C4
:10FA10004F935F936F937F938F939F93AF93BF9316
:10FA2000EF93FF93E091E440F091E5401995FF9149
:10FA3000EF91BF91AF919F918F917F916F915F9166
:10FA40004F913F912F910F900BBE0F900FBE0F90D3
:10FA50001F9018951F920F920FB60F9211240BB69C
:10FA60000F922F933F934F935F936F937F938F9357
:10FA70009F93AF93BF93EF93FF93E091E640F09194
:10FA8000E7401995FF91EF91BF91AF919F918F91B1
:10FA90007F916F915F914F913F912F910F900BBE8E
:10FAA0000F900FBE0F901F9018951F920F920FB6D8
:10FAB0000F9211240BB60F922F933F934F935F93A6
:10FAC0006F937F938F939F93AF93BF93EF93FF9326
:10FAD000E091E840F091E9401995FF91EF91BF91D5
:10FAE000AF919F918F917F916F915F914F913F91D6
:10FAF0002F910F900BBE0F900FBE0F901F90189577
:10FB00001F920F920FB60F9211240BB60F922F93E4
:10FB10003F934F935F936F937F938F939F93AF9395
:10FB2000BF93EF93FF93E091EA40F091EB4019957A
:10FB3000FF91EF91BF91AF919F918F917F916F91C5
:10FB40005F914F913F912F910F900BBE0F900FBE81
:10FB50000F901F901895CF93DF93EB011092ED401B
:10FB60001092EC402AE02093810023E0880F991F37
:10FB70002A95E1F79C0140E050E060E074E284EFF8
:10FB800090E00F943F482C1B3D0B3093890020934D
:10FB9000880082E080936F00DF91CF910895EFE6B7
:10FBA000F0E080818D7F80830895EFE6F0E0808132
:10FBB0008260808308951F920F920FB60F921124D6
:10FBC0000BB60F922F933F934F935F936F937F9357
:10FBD0008F939F93AF93BF93EF93FF93E091EC408C
:10FBE000F091ED40309709F01995FF91EF91BF9199
:10FBF000AF919F918F917F916F915F914F913F91C5
:10FC00002F910F900BBE0F900FBE0F901F90189565
:10FC10002091EC403091ED402817390731F0232B2B
:10FC200031F49093ED408093EC4081E0089580E0C2
:10FC30000895AC019091840020E030E0241735074E
:10FC400049F0809184009817C9F3909184002F5F48
:10FC50003F4FF4CF089580918400909185000895DE
:10FC60001F920F920FB60F9211240BB60F928F9323
:10FC7000EF93FF93E1ECF0E080818F7B8083109223
:10FC8000E823FF91EF918F910F900BBE0F900FBE65
:10FC90000F901F9018951F920F920FB60F9211247C
:10FCA0000BB60F922F933F934F935F936F937F9376
:10FCB0008F939F93AF93BF93EF93FF938091EE4009
:10FCC0009091EF400E94BE9E892B49F08091EE40BA
:10FCD0009091EF400E940EA08093C6000AC08091D0
:10FCE000C10080648093C1008091C1008F7D8093AA
:10FCF000C100FF91EF91BF91AF919F918F917F9143
:10FD00006F915F914F913F912F910F900BBE0F908C
:10FD10000FBE0F901F9018951F920F920FB60F9263
:10FD200011240BB60F922F933F934F935F936F93D2
:10FD30007F938F939F93AF93BF93CF93EF93FF9353
:10FD4000C091C6008091F0409091F1400E94BE9E0B
:10FD50008F3F910509F03CF46C2F8091F040909119
:10FD6000F1400E94569FFF91EF91CF91BF91AF91CB
:10FD70009F918F917F916F915F914F913F912F91C3
:10FD80000F900BBE0F900FBE0F901F90189560E064
:10FD900071E082EF92E40E94979E9093F3438093E8
:10FDA000F24360E071E086EF93E40E94979E9093A7
:10FDB000F5438093F4431092E9231092CD0087E637
:10FDC0008093CC0088E98093C90086E08093CA00C4
:10FDD00008951F920F920FB60F9211240BB60F9237
:10FDE0008F93EF93FF93E9ECF0E080818F7B80832A
:10FDF0001092E923FF91EF918F910F900BBE0F901E
:10FE00000FBE0F901F9018951F920F920FB60F9272
:10FE100011240BB60F922F933F934F935F936F93E1
:10FE20007F938F939F93AF93BF93EF93FF938091B3
:10FE3000F4439091F5430E94BE9E892B49F0809136
:10FE4000F4439091F5430E940EA08093CE000AC027
:10FE50008091C90080648093C9008091C9008F7D22
:10FE60008093C900FF91EF91BF91AF919F918F91C6
:10FE70007F916F915F914F913F912F910F900BBEAA
:10FE80000F900FBE0F901F9018951F920F920FB6F4
:10FE90000F9211240BB60F922F933F934F935F93C2
:10FEA0006F937F938F939F93AF93BF93CF93EF9372
:10FEB000FF93C091CE008091F2439091F3430E9452
:10FEC000BE9E8F3F910509F03CF46C2F8091F24368
:10FED0009091F3430E94569FFF91EF91CF91BF9174
:10FEE000AF919F918F917F916F915F914F913F91D2
:10FEF0002F910F900BBE0F900FBE0F901F90189573
:10FF0000CF93DF93C82FDFB7F8948091F44390919B
:10FF1000F5430E94BE9E892B31F58091E923813003
:10FF200091F46C2F8091F4439091F5430E94569F79
:10FF30008091C9008F7B8093C9008091C900806245
:10FF40008093C90024C0C093CE008091C900806412
:10FF50008093C9008091C9008F7D8093C90081E0A2
:10FF60008093E92314C0F8948091F4439091F54371
:10FF70000E94BE9E8F3F910519F014F0DFBFF3CFB2
:10FF80006C2F8091F4439091F5430E94569FDFBF00
:10FF9000DF91CF910895CF93CFB7F8948091F2433A
:10FFA0009091F3430E94BE9E892B39F08091F243D9
:10FFB0009091F3430E940EA001C080E0CFBFCF918B
:10FFC0000895CF93CFB7F8948091F2439091F34383
:10FFD0000E94BE9ECFBFCF910895CF93CFB7F89424
:10FFE0008091F4439091F5430E94BE9ECFBFCF9184
:10FFF00008952AE0AC01249FC001259F900D112493
:020000021000EC
:10000000FC01E95BFD4D0190F081E02D19942AE09F
:10001000AC01249FC001259F900D1124FC01E95BD8
:10002000FD4D0280F381E02D862F19942AE0AC016A
:10003000249FC001259F900D1124FC01E95BFD4D1B
:100040000480F581E02D19942AE0AC01249FC001C1
:10005000259F900D1124FC01E95BFD4D0680F78181
:10006000E02D1994BACF1F93CF93DF93162F6AEE2A
:1000700073E20E9472A3EC01019799F460E07CE0C6
:100080008AEE93E20F941F4A892B49F08AEE93E29D
:100090000F94B04931E0892B09F430E0C32F8C2F45
:1000A00001C0812FDF91CF911F910895CF93DF93EE
:1000B000EC0181EF9BE09F938F930F94E64BDF93CE
:1000C000CF930F94E64B8CEB9BE09F938F930F9411
:1000D000E64B0F900F900F900F900F900F90DF91C5
:1000E000CF9108950F931F93CF93DF93182F092F6C
:1000F000EB0185EA9BE09F938F930F94E64B0F9360
:100100001F930F94E64B8DE89BE09F938F930F9482
:10011000E64BDF93CF930F94E64B8DB79EB70896CF
:100120000FB6F8949EBF0FBE8DBFDF91CF911F9188
:100130000F910895EF92FF920F931F93CF93DF9348
:10014000EA01F22EE32ECEDFDF93CF93EF92FF9200
:100150001F930F93DF93CF938FE49BE09F938F9335
:100160000F94E64B8DB79EB70A960FB6F8949EBFD4
:100170000FBE8DBFDF91CF911F910F91FF90EF9038
:1001800008950F931F93CF93DF93EA01122F032F4C
:10019000A9DFDF93CF930F931F93DF93CF9382E178
:1001A0009BE09F938F930F94E64B8DB79EB7089675
:1001B0000FB6F8949EBF0FBE8DBFDF91CF911F91F8
:1001C0000F910895CF93C42F8DDF86EF9AE09F9310
:1001D0008F930F94E64B0F900F90CC2341F08DEE50
:1001E0009AE09F938F930F94E64B0F900F9081EEC0
:1001F0009AE09F938F930F94E64B0F900F90CF91BF
:1002000008957F928F929F92AF92BF92CF92DF928A
:10021000EF92FF920F931F93CF93DF93182FD92E56
:10022000EB01742E79018AEC9AE09F938F930F94DF
:10023000E64BDF921F930F94E64B81EB9AE09F937E
:100240008F930F94E64BDF93CF930F94E64B85EAA1
:100250009AE09F938F930F94E64B8DB79EB70A96C3
:100260000FB6F8949EBF0FBE8DBFC0E0D0E010E087
:1002700084E7C82E8AE0D82E98E8A92E9AE0B92EF5
:100280002AE6822E2AE0922E171531F1101305C0AE
:10029000DF93CF93BF92AF9204C0DF93CF93DF92EF
:1002A000CF920F94E64B0F900F900F900F90F701A5
:1002B00081818F9380818F930F94E64BF2E0EF0E54
:1002C000F11C9F928F920F94E64B1F5F21960F9027
:1002D0000F900F900F90D8CF8BE59AE09F938F935C
:1002E0000F94E64B0F900F90DF91CF911F910F91DC
:1002F000FF90EF90DF90CF90BF90AF909F908F9046
:100300007F900895CF93DF93EC018DE29AE09F9365
:100310008F930F94E64BDF93CF930F94E64B81E1DD
:100320009AE09F938F930F94E64B0F900F900F904E
:100330000F900F900F90DF91CF9108959F92AF9201
:10034000BF92CF92DF92EF92FF920F931F93CF93C2
:10035000DF935C01F62E972E6A01E901BA010E9433
:1003600008C8892B09F471C02197B601C5010E9404
:10037000D4C78D5E974FFC01EE0FFF1FEA0DFB1DEA
:1003800060817181AE018AEE93E20F94584B9AEE30
:10039000A92E93E2B92EC651DC4D18828CE09AE06A
:1003A0009F938F930F94E64B9F92FF920F94E64B8F
:1003B000B801C5010F942A4B0F900F900F900F902A
:1003C0006E2D892BB9F48CE590E00E94A39B9F933E
:1003D0008F930F94E64BBF92AF9287E09AE09F9382
:1003E0008F930F94E64B0F900F900F900F900F90FC
:1003F0000F902BC08DE590E00E94A39B9F938F935D
:100400000F94E64BBF92AF9282E09AE09F938F9356
:100410000F94E64B6AEE73E2C6010E9419A40F9096
:100420000F900F900F900F900F906AEE73E2C8013B
:10043000DF91CF911F910F91FF90EF90DF90CF90C0
:10044000BF90AF909F900D94334BDF91CF911F9150
:100450000F91FF90EF90DF90CF90BF90AF909F9063
:1004600008952F923F924F925F926F927F928F9258
:100470009F92AF92BF92CF92DF92EF92FF920F9333
:100480001F93CF93DF9300D01F92CDB7DEB73C010F
:100490006B837C835A834983180129011A8DBA0121
:1004A0000E9408C8892B09F478C069817A81C30148
:1004B0000E94D4C78D5E974F880F991FF301E80FF4
:1004C000F91F608171814AE050E08AEE93E20F9457
:1004D000584B1092F4238AEE93E20F94CD496C1599
:1004E0007D058E059F0548F06B017C0186169706F9
:1004F000A806B90610F4750164012AE04AEE53E239
:10050000C701B6010F94994B8DEF99E09F938F939C
:100510000F94E64B8C818F939B819F930F94E64BB6
:100520000F900F900F900F90612FC214D304E4042A
:10053000F50499F48CE590E00E94A39B9F938F9320
:100540000F94E64BFF92EF92DF92CF9287EF99E004
:100550009F938F930F94E64B18C08DE590E00E9417
:10056000A39B9F938F930F94E64BFF92EF92DF92A2
:10057000CF9281EF99E09F938F930F94E64B6AEEB1
:1005800073E289819A810E9419A40FB6F894DEBFA4
:100590000FBECDBFB601C70102C0B101C2010F90AD
:1005A0000F900F900F90DF91CF911F910F91FF90BF
:1005B000EF90DF90CF90BF90AF909F908F907F9003
:1005C0006F905F904F903F902F900895CF92DF9261
:1005D000EF92FF920F931F93CF93DF93EC01D62EF0
:1005E000C72E7A01122FBA010E9408C8892BE9F0A0
:1005F000B701CE010E94D4C78D5E974FFC01EE0F6C
:10060000FF1FEC0FFD1F6081718142E050E08AEE18
:1006100093E20F94584B1092EC238AEE93E20F94DE
:10062000B049C1E0892B39F405C080E38093EA2307
:100630001092EB23C0E08CEE99E09F938F930F9480
:10064000E64BCF92DF920F94E64B0F900F900F90F6
:100650000F90602FC11317C08CE590E00E94A39B00
:100660009F938F930F94E64B1F92CF9387EE99E061
:100670009F938F930F94E64B0F900F900F900F90D6
:100680000F900F9026C08DE590E00E94A39B9F9352
:100690008F930F94E64B1F92CF9382EE99E09F9336
:1006A0008F930F94E64B0F900F900F900F900F9039
:1006B0000F90CC2319F06FED79E002C06BED79E07B
:1006C0008AEE93E20F94284A6AEE73E2C7010E9411
:1006D00019A48C2FDF91CF911F910F91FF90EF9074
:1006E000DF90CF900895CF93DF93CDB7DEB7EB9730
:1006F0000FB6F894DEBF0FBECDBFCE0189960E9423
:100700008FD2BE016F5F7F4F87EC9CE00E9472A387
:10071000019729F4CE0101960F94B0498AAB8FEB73
:100720009CE00E9481A4892B29F061E08FEB9CE082
:100730009ADC8BAFCE0189960E94A3D2EB960FB6BE
:10074000F894DEBF0FBECDBFDF91CF910895CF9259
:10075000DF92EF92FF921F93CF93DF93CDB7DEB777
:10076000EB970FB6F894DEBF0FBECDBF60E089ED0A
:100770009CE079DC882309F461C0BE016F5F7F4F84
:100780008FEC9CE00E9472A3019709F057C0CE0144
:1007900089960E948FD2CFA8D8ACE9ACFAAC1AA93E
:1007A000CE0101960E94B0BB212F110F330BAE0179
:1007B0004F5F5F4F0E9456BE019649F1CE01899668
:1007C0000E948FD282E00E94A3E48823A1F08AE6EF
:1007D0009CE00E9472E7CE0101960E9441E74FA97A
:1007E00058AD69AD7AAD4C195D096E097F0983E397
:1007F0009CE00E9489E78FA998ADA9ADBAAD8C198C
:100800009D099093F7448093F64481E018C081E0FD
:100810000E94A3E4882361F085E29CE00E9472E7D5
:10082000CE0101960E9441E783E09CE00E9472E7BE
:100830008FE097E29093F7448093F64480E0EB9644
:100840000FB6F894DEBF0FBECDBFDF91CF911F91E1
:10085000FF90EF90DF90CF900895BF92CF92DF92FC
:10086000EF92FF920F931F93CF93DF93CDB7DEB735
:10087000E7970FB6F894DEBF0FBECDBF6C0169EEEF
:1008800074E20F94301B41E06091E924C6010F949B
:100890003C1A882309F40CC160E089ED9CE0E3DB9D
:1008A00011E0811101C010E061E08FEB9CE0DBDB27
:1008B000FF24F394811101C0F12C8FEC9CE00E9485
:1008C00081A4019641F0BE016F5F7F4F8FEC9CE0E9
:1008D0000E9472A301C0198287EC9CE00E9481A44F
:1008E000019641F0BE016C5C7F4F87EC9CE00E945A
:1008F00072A306C06DEB7CE0CE01C4960F94284A2B
:100900000E94CFC9F601EA5FFF4E80819181892B59
:1009100009F03BC085EB9CE0C9DB6091E9248BE9E1
:1009200090E00E94A39B412F69ED7CE04BDC60913D
:10093000E9248CE990E00E94A39B9E012F5F3F4F2A
:100940004FE150E06FEC7CE01CDC6091E9248DE924
:1009500090E00E94A39B9E012C5C3F4F43E050E03F
:1009600067EC7CE00EDC6091E9248EE990E00E9467
:10097000A39B4F2D6FEB7CE025DC6091E9248EE595
:1009800090E00E94A39BBEDC91C06091E9248AE5BF
:1009900090E00E94A39B9F938F930F94E64B82EA73
:1009A0009CE09F938F930F94E64B6091E9248BE535
:1009B00090E00E94A39B9F938F930F94E64B8DE949
:1009C0009CE09F938F930F94E64B0091E924602F56
:1009D0008BE990E00E94A39B212F49ED5CE0BC01D4
:1009E000C601F4DDB82EE090E9246E2D8CE990E08C
:1009F0000E94A39B8E010F5F1F4F20E230E04FEC5F
:100A00005CE0BC01C6019ADCE090E9246E2D8DE922
:100A100090E00E94A39B0D5C1F4F24E030E047EC68
:100A20005CE0BC01C6018ADC0091E924602F8EE9FC
:100A300090E00E94A39B2F2D4FEB5CE0BC01C60110
:100A4000C5DD8091E9240F94403A88E99CE09F93AA
:100A50008F930F94E64B0FB6F894DEBF0FBECDBF59
:100A6000BB2021F140DE73DECE0181960E948FD241
:100A70006AA15BA14CA188A599A53FA12EA11F92B7
:100A80006F931F925F931F924F939F938F931F9229
:100A90003F931F922F9386E79CE09F938F930F9431
:100AA000E64B0FB6F894DEBF0FBECDBF0E94D8C98B
:100AB000E7960FB6F894DEBF0FBECDBFDF91CF91A2
:100AC0001F910F91FF90EF90DF90CF90BF9008950E
:100AD0002F923F924F925F926F927F928F929F924E
:100AE000AF92BF92CF92DF92EF92FF920F931F933C
:100AF000CF93DF93CDB7DEB7AD970FB6F894DEBFD7
:100B00000FBECDBF3C016AEE74E20F94301B41E092
:100B10006091EA24C3010F943C1A882309F4C1C1EF
:100B20000E94CFC9F301EA5FFF4E80819181892B3A
:100B300009F072C086E29DE0B9DA6091EA248EE89D
:100B400090E00E94A39B29E935E248E250E06AE97F
:100B500070E117DB6091EA248FE890E00E94A39B8C
:100B600021E735E248E250E06FE870E10ADB60918E
:100B7000EA2480E990E00E94A39B29E435E248E260
:100B800050E066E870E1FDDA6091EA2481E990E0E6
:100B90000E94A39B21E235E248E250E06CE770E15D
:100BA000F0DA40902025512C612C712C6091EA24C0
:100BB00082E990E00E94A39B9301820142E050E011
:100BC0006EE670E1B7DA10911F256091EA2483E99F
:100BD00090E00E94A39B412F6BE570E1F3DABE0128
:100BE0006F5F7F4F80911E250F9452206091EA2401
:100BF00084E990E00E94A39B9E012F5F3F4F42E05B
:100C000050E062E570E1BDDA6091EA248EE590E0A3
:100C10000E94A39B77DB43C16091EA248AE590E0C0
:100C20000E94A39B9F938F930F94E64B87E09DE0D8
:100C30009F938F930F94E64B6091EA248BE590E0AD
:100C40000E94A39B9F938F930F94E64B82E09DE0BD
:100C50009F938F930F94E64BE090EA246E2D8EE8DD
:100C600090E00E94A39B09E915E228E230E04AE9FE
:100C700050E1BC01C30162DBE090EA246E2D8FE8F5
:100C800090E00E94A39B01E715E228E230E04FE8E4
:100C900050E1BC01C30152DBE090EA246E2D80E9F3
:100CA00090E00E94A39B09E415E228E230E046E8C8
:100CB00050E1BC01C30142DBE090EA246E2D81E9E2
:100CC00090E00E94A39B01E215E228E230E04CE7AD
:100CD00050E1BC01C30132DB20902025312C412C96
:100CE000512C1091EA24612F82E990E00E94A39B8D
:100CF0001F933AEF832E912CA12CB12CC12CD12C17
:100D00007601920181014EE650E1BC01C301A9DBED
:100D1000609320250FB6F894DEBF0FBECDBF6623CB
:100D200029F180919925882341F0809149258823D4
:100D300021F080912125811119C06091EA2485E973
:100D400090E00E94A39B9F938F930F94E64B60E0EB
:100D50007DE0CE0101960F94284ABE016F5F7F4F60
:100D60008EE690E10E9419A40F900F9010911F251C
:100D70000091EA24602F83E990E00E94A39B212F39
:100D80004BE550E1BC01C30121DC91E0811101C0C0
:100D900090E090931F2562E570E1C3010E9408C8AE
:100DA000892B09F476C062E570E1C3010E94D4C7C3
:100DB0008D5E974F880F991FF301E80FF91F60812F
:100DC000718142E050E08E010F5F1F4FC8010F9408
:100DD000584B1B82C8010F94B049009719F4298120
:100DE000203361F4F80101900020E9F73197BF0149
:100DF000601B710B0E94FD91782E01C0712CB8010F
:100E0000872D0F9452208BEF9CE09F938F930F942C
:100E1000E64B6091EA2484E990E00E94A39B9F93B3
:100E20008F930F94E64B0F900F900F900F9080913F
:100E30001E2578120FC06091EA248CE590E00E9494
:100E4000A39B9F938F930F94E64B1F930F9386EF73
:100E50009CE015C0B80182E590E10E9419A470924F
:100E60001E256091EA248DE590E00E94A39B9F934C
:100E70008F930F94E64B1F930F9381EF9CE09F930A
:100E80008F930F94E64B0F900F900F900F900F9051
:100E90000F908091EA240F94403A1092EE240E9421
:100EA000D8C9AD960FB6F894DEBF0FBECDBFDF91A7
:100EB000CF911F910F91FF90EF90DF90CF90BF9057
:100EC000AF909F908F907F906F905F904F903F90EA
:100ED0002F9008958FB7F8942091438930914489D9
:100EE0003093F5242093F4248FBF08958FB7F8949E
:100EF0002091B0853091B1853093F3242093F22472
:100F00008FBF0895DF92EF92FF920F931F93CF93BD
:100F1000DF93EC018091ED24882309F490C060E513
:100F200070E1CE010F946E4A8C0188818D3031F4CE
:100F300089818A3019F41092ED2481C001151105C0
:100F400009F44EC07801EC1AFD0AA7016BE470E1C8
:100F5000CE010F94384A892B09F471C0A70168E4C7
:100F600070E1CE010F94384A892B09F468C0A701BB
:100F700063E470E1CE010F94384A892B09F45FC015
:100F8000A7016BE370E1CE010F94384A892BC9F4B5
:100F900080911F25882309F452C066E370E1C801DF
:100FA0000F946E4A892B09F04AC061E370E1C801D1
:100FB0000F946E4A892B09F042C081E08093EC24A3
:100FC0003EC0A70164E270E1CE010F94384A892B3C
:100FD00039F469E170E1C8010F946E4A892B69F315
:100FE00000E083E00E94A3E4182F882331F18AEF08
:100FF0009FE00E9472E7FE0101900020E9F731971F
:10100000BF016C1B7D0BCE010E94FBE7002381F02A
:10101000E6E4F9E801900020E9F73197AF01465482
:10102000594860E070E084EE9FE00E9489E753C079
:1010300083ED9FE00E9472E74EC011E04CC0E6E4F1
:10104000F9E801900020E9F73197CF0186549948DB
:10105000FE0101900020E9F73197EC1BFD0BE80F32
:10106000F91FE115F24010F010E035C07E01F701E4
:1010700081918F01882341F18D3321F5F801808121
:101080008133B8F091819133C8F00E9430C4D82EDA
:10109000F80181810E9430C4F0E1DF9E800D1124AF
:1010A000F7018083B7016D5F7F4FC8010F94334B09
:1010B00009C0803218F4F701108206C0F80181815E
:1010C0008032C8F37801D3CFBE0186E499E80F944B
:1010D000144B01E086CF812FDF91CF911F910F91AB
:1010E000FF90EF90DF900895CF93DF932FB7F894A0
:1010F0008091B0859091B1854091F2245091F32474
:10110000841B950B2FBF2091F0243091F12482177E
:10111000930708F4DDC080912025882309F4D8C006
:101120008091B385811106C08091C58B9091C68B4B
:10113000019621F0DBDE82E190E09EC0D7DE82E105
:1011400090E09093F1248093F02489E995E20E9445
:10115000B0BB611571058105910521F489E995E21E
:101160000E9496B86F3F2FEF720782079207B9F57A
:1011700085EB9FE00E9472E789E995E20E9441E7D2
:1011800083EA9FE00E9472E78091EE248F3F19F07E
:101190008F5F8093EE248091EE24833009F066C047
:1011A0006091418987E990E00E94A39B61E00F94E0
:1011B000EC0A882309F45AC0E5E7F8E8019000201A
:1011C000E9F7AF014459584869E975E285E798E8BD
:1011D0000F943A4B6091418988E990E040C04EE617
:1011E00050E00E9431E2EC019093C68B8093C58B56
:1011F000CF3F8FEFD80709F044C08CE59FE00E94F5
:1012000072E7D093C68BC093C58B109258838091A0
:10121000EE248F3F19F08F5F8093EE248091EE24AF
:10122000833021F56091418987E990E00E94A39B7A
:1012300061E00F94EC0A8823C9F0E5E7F8E8019033
:101240000020E9F7AF014459584869E975E285E79C
:1012500098E80F943A4B6091418989E990E00E94A7
:10126000A39BBC0185E798E80F94094A809120254B
:1012700026E0829FC00111249093F1248093F024F2
:1012800027C082E00E94A3E4882361F04091C58BCF
:101290005091C68B052E000C660B770B8BE19FE0FF
:1012A0000E9489E71092EE240F94970F81E08093BB
:1012B00058831092578383E08093428980934C8BAC
:1012C0001092EF2407DE83E3DF91CF910D94910B11
:1012D000DF91CF910895AF92BF92CF92DF92EF92BC
:1012E000FF920F931F93CF93DF9380913E8890914D
:1012F0003F88892B09F0B0C180914C8B8B3069F508
:101300008091B385843309F4A7C1853331F56091A9
:1013100041898AE890E00E94A39BBC0186E499E899
:101320000F94284A81E08093ED241092EC2462E12E
:101330007FE084EB95E80F94284AE4EBF5E8019010
:101340000020E9F73197E45BF548F0933F88E0939C
:101350003E888CE080934C8B7FC1C0915B83D091A1
:101360005C83209709F478C1FE01E455FC471082A4
:101370006AE070E08CEA93E80F941F4B892B29F404
:10138000CF3FD10509F008F467C18091AC838B325F
:1013900019F481E08093EF248091EF24811114C02F
:1013A00081E00E94A3E4882341F084EF9EE00E9444
:1013B00072E78CEA93E80E9441E780914C8B8D3074
:1013C00018F48DE080934C8B1092B485E0914C8B97
:1013D0008E2F90E0FC013197EE30F10508F021C12D
:1013E0008827EA59FF4F8F4F0D946148C0E0D0E045
:1013F00091C020915B8330915C83ECEAF3E880E05C
:1014000090E038C081E08093578326C16EEE7EE085
:1014100084EB95E80F94284A69E475E284EB95E83B
:101420000F94144B6BEE7EE084EB95E80F94094A21
:1014300084E0F1C065EE7EE084EB95E80F94284AE5
:1014400061E275E284EB95E80F94144B62EE7EE066
:1014500084EB95E80F94094A88E0DDC06BED7EE0EF
:1014600084EB95E80F94284A89E0D5C04191403239
:1014700029F0019682179307C9F706C084559C4747
:101480000F94B049892B71F48091202526E0829F2A
:10149000C00111249093F1248093F02427DD64EDA2
:1014A0007EE0B1C080911E2561E086950F9483197E
:1014B000882329F084E30F94910B8BE014C0809172
:1014C0002025E6E08E9FC00111249093F1248093A3
:1014D000F0246DEC7EE084EB95E80F94284A81E0DF
:1014E000809357838EE080934C8B00DD96C067EB32
:1014F0007EE0C6010F946E4A7C01009761F15C01A9
:1015000092E0A90EB11C8091EC248823B9F1E50189
:10151000CC5AD34800915B8310915C83C017D107EC
:10152000C0F5CE0184559C476C0169EC7EE00F94B8
:101530001F4A892BE1F660EC7EE084EB95E80F947E
:10154000284A8DE080934C8B6AEB7EE086E499E834
:101550000F94094A09C0CE01CF960817190790F1D8
:101560008091EC24882329F0C0915B83D0915C8327
:1015700010C0C601C7DC8111F7CF09C0F701128185
:101580001282C601BFDCF70112838111C0CF81E056
:1015900001C080E02097C9F000915B8310915C83CB
:1015A000C017D10790F40C1B1D0BBE0164557C477E
:1015B000A8018CEA93E80F94C44A10935C830093CB
:1015C0005B832FC0209779F780E060915B837091F7
:1015D0005C83C617D70708F5882319F16D3EF1E043
:1015E0007F07F8F06C577C4748E250E080E795E8C9
:1015F0000F94C44A8CEE91E090935C8380935B835C
:1016000010C060EB7EE084EB95E80F94284A81E0FF
:10161000809357838EE080934C8B10925C83109262
:101620005B83E4EBF5E801900020E9F73197E45B98
:10163000F548F0933F88E0933E88EF2B11F010922D
:10164000EF24DF91CF911F910F91FF90EF90DF90EA
:10165000CF90BF90AF903ECCDF91CF911F910F9173
:10166000FF90EF90DF90CF90BF90AF900895809162
:101670005883813001F5809142898330E1F4809173
:101680004C8B8D30C1F010925C8310925B83109272
:10169000468967EA7EE084EB95E80F94284A81E06A
:1016A0000E94A3E4882321F08FE89EE00E9472E765
:1016B0008DE080934C8B0895CF93DF9347E250E009
:1016C000BC0186EF94E20F94584B10921D2581E7E0
:1016D00095E20E94B0BB611571058105910521F469
:1016E00081E795E20E9496B86F3F2FEF720782075D
:1016F000920791F580E79EE00E9472E781E795E20C
:101700000E9441E78EE59EE00E9472E76091418968
:1017100086E990E00E94A39B61E00F94EC0A882385
:10172000C9F0E5E7F8E801900020E9F7AF01445976
:10173000584861E775E285E798E80F943A4B609165
:10174000418988E990E00E94A39BBC0185E798E865
:101750000F94094A80E043C049E150E00E9431E221
:10176000EC019093C68B8093C58BCF3F8FEFD8074A
:1017700041F581E19EE00E9472E7D093C68BC09351
:10178000C58B109258836091418986E990E00E9450
:10179000A39B61E00F94EC0A8823E1F2E5E7F8E807
:1017A00001900020E9F7AF014459584861E775E21C
:1017B00085E798E80F943A4B6091418989E990E078
:1017C000C2CF0F94970F81E0809358831092578374
:1017D00094E09093428980934C8B7CDB81E0DF9195
:1017E000CF910895CF93DF9380913E8890913F8869
:1017F000892B09F019C280914C8B8C3009F46AC096
:101800008A3009F467C0853009F464C020915B8395
:1018100030915C832115310509F406C2F901E555C3
:10182000FC4790819A3009F0FFC1823031F08091FD
:10183000AC83843308F44AC011C02FB7F894809168
:101840004389909144894091F4245091F524841B5C
:10185000950B2FBF883C910550F7E6C1E0915B8363
:10186000F0915C83E455FC47108281E00E94A3E480
:10187000882341F082EF9DE00E9472E78CEA93E8B2
:101880000E9441E7609141898AE990E00E94A39B10
:1018900062E00F94EC0A882371F0E5E7F8E8019024
:1018A0000020E9F7AF014A5858486CEA73E885E729
:1018B00098E80F943A4B81E00F94D80F81E0809321
:1018C000578310925C8310925B83AEC110925C834D
:1018D00010925B831092B485E0914C8B8E2F90E038
:1018E000FC013197EE30F10508F08FC18827EC58E4
:1018F000FF4F8F4F0D94614868ED7DE084EB95E8D4
:101900000F94284A82E007C06BEC7DE084EB95E8F9
:101910000F94284A83E080934C8B77C1E9E4F5E289
:1019200001900020E9F731979F012954354249E49D
:1019300055E266EF71E084EB95E80E94FC9D68EC4F
:101940007DE084EB95E80F94094A84E0E4CFE1E27E
:10195000F5E201900020E9F731979F0121523542CD
:1019600041E255E266EF71E084EB95E80E94FC9D50
:1019700065EC7DE084EB95E80F94094A8091F624AC
:101980008F3399F5609141898BE890E00E94A39B89
:10199000BC0186E499E80F94284A81E498E87ED552
:1019A00085E080934C8B1092F6242FC18A30C9F0C9
:1019B000811120C081E498E875D5811126C1FE010E
:1019C00001900020E9F73197E65FF442B79708F0FD
:1019D0001CC181E498E8A8D56DE378E8DCD18D30AE
:1019E00029F78091F624882329F386E094CFC6EF67
:1019F000D4E2E0CF8332F1F28F3209F480E4FE01C9
:101A000001900020E9F71082FE0101900020E9F723
:101A100031978083CFCF69EB7DE084EB95E80F941D
:101A2000284A69E475E284EB95E80F94144B65EB62
:101A30007DE084EB95E80F94094A87E06CCF6BEA70
:101A40007DE084EB95E80F94284A66EF74E284EB1E
:101A500095E80F94144B67EA7DE084EB95E80F94CA
:101A6000094A88E058CF60EA7DE084EB95E80F945E
:101A7000284A89E050CF69E97DE084EB95E80F942E
:101A8000284A69E475E284EB95E80F94144B61E908
:101A90007DE084EB95E80F94094A66EF74E284EBED
:101AA00095E80F94144B68E57DE084EB95E80F947E
:101AB000094A609141898CE890E00E94A39BBC0197
:101AC00086E499E80F94284A8AE080934C8B81E061
:101AD0008093EB249AC080913E8890913F88833F09
:101AE000914008F052C081E498E81ED56DE378E893
:101AF00052D18D3051F08A3041F0811132C081E4F1
:101B000098E8D0D4882339F340C08091EB24811128
:101B1000F6CF80913E8890913F886EE47DE08C54B2
:101B20009A470F94284AE4EBF5E801900020E9F782
:101B30003197E45BF548F0933F88E0933E888CE072
:101B400080934C8B609141898DE890E00E94A39B2B
:101B5000BC0186E499E80F94284A81E498E89ED471
:101B600014C0833261F220913E8830913F88A901F0
:101B70004F5F5F4F50933F8840933E88F901EC548C
:101B8000FA4780831092EB24BACFE0913E88F0911F
:101B90003F8829C0233F81E0380720F581E498E899
:101BA000C3D46DE378E8F7D081110AC081E498E8E6
:101BB00079D420913E8830913F88882359F312C010
:101BC0008332A1F320913E8830913F88A9014F5F75
:101BD0005F4F50933F8840933E88F901EC54FA4799
:101BE0008083E4CFF901EC54FA4710820EC067E419
:101BF0007DE084EB95E80F94284A81E08093578339
:101C00008EE089CE81E080935783E4EBF5E8019084
:101C10000020E9F73197E45BF548F0933F88E093C3
:101C20003E88DF91CF9156C9DF91CF910895809181
:101C30004C8B8C3011F08A3051F461E47DE084EB00
:101C400095E80F94284A8DE080934C8B0CC06AE392
:101C50007DE084EB95E80F94284A8EE080934C8BCE
:101C600081E080935783E4EBF5E801900020E9F7E9
:101C70003197E45BF548F0933F88E0933E88089500
:101C8000EF92FF920F931F93CF93DF93CDB7DEB701
:101C9000A8970FB6F894DEBF0FBECDBF1092EE240A
:101CA00069E975E28AE990E10E9472A3019711F057
:101CB0001092992561E775E28FE890E10E9472A386
:101CC000019711F01092712569E475E286E890E1C0
:101CD0000E9472A3019711F01092492561E275E20A
:101CE0008CE790E10E9472A3019711F010922125D8
:101CF0008E010F5F1F4FB8018EE690E10E9472A324
:101D0000019731F4C8010F94B0498093202502C097
:101D10001092202560E08BE590E10E94338091E0F5
:101D2000811101C090E090931F25B80182E590E1F8
:101D30000E9472A3019719F489818D3219F41092CF
:101D40001E250FC0F80101900020E9F731977F01AF
:101D5000E01AF10AC8010F94B0496E2D4ED380935A
:101D60001E258CE090E09093F1248093F024BED85F
:101D70006DED7CE088E695E80E9472C9A8960FB6E2
:101D8000F894DEBF0FBECDBFDF91CF911F910F91B1
:101D9000FF90EF900895FB018B3119F482E080836E
:101DA00003C08F3119F4108280E008959081292FAB
:101DB0002E7F20839670E82FF0E0923019F4EC55D6
:101DC000FF4E02C0EC53FF4E84910895667062305E
:101DD00019F0E4ECF0E102C0E4EAF0E19FEB980FC7
:101DE0009A3108F4805E90E02491821731F03196A8
:101DF0009F5F9032C9F78FEF0895892F0895CF9292
:101E0000DF92EF92FF920F931F93CF93C82F7B0126
:101E10006A0189018FEFF9018083CF3039F48BE1BA
:101E2000F601808383E0F701808327C0CE3039F448
:101E30008FE1F601808381E0F70180831FC0FB0101
:101E4000608160FD08C060E08C2FC0DFF8018083F6
:101E50008F3F71F709C0C731B1F38C2FB7DFF6019F
:101E600080838F3F51F4EFCF62E08C2FAFDFF8011A
:101E700080838F3FA1F680E001C081E0CF911F9168
:101E80000F91FF90EF90DF90CF9008958A3989F0FD
:101E900028F4833941F0863931F011C08C3949F08A
:101EA000893AC9F10CC081E0809311451092184520
:101EB000089581E080931145809318450895E0913D
:101EC000C42591E09E0F9093C425F0E0EB53FA4DAA
:101ED00080838091C425843148F08091C32581118D
:101EE00002C083E10CC01092C4250BC09091C425A0
:101EF0008091C325981305C08091C425815080939B
:101F0000C42580910E45806480930E4580910E45D6
:101F10008F7780930E4508955FB7F89440910E45F2
:101F200021E030E0B90102C0660F771F8A95E2F721
:101F3000CB018095842380930E455FBF08954FB7F2
:101F4000F89450910E4521E030E0B90102C0660FCF
:101F5000771F8A95E2F7CB01852B80930E454FBF03
:101F600008951F920F920FB60F9211240BB60F9285
:101F70002F933F934F935F936F937F938F939F9391
:101F8000AF93BF93EF93FF938091F8449091F944FE
:101F900001969093F9448093F8448091B900887F2A
:101FA000803609F4CAC0B0F5883209F48DC090F4C7
:101FB000803109F475C038F4882309F4A9C0883049
:101FC00009F459C035C1883109F46EC0803209F472
:101FD00072C02EC1803409F429C160F4803309F441
:101FE00073C0883309F024C1809116458F5F8093B8
:101FF0001645D8C0803509F47EC0883509F47BC009
:10200000883409F015C185E08093FA4481E080931B
:1020100017457FC0883909F4E8C0C0F4883709F44F
:10202000C3C038F4883609F483C0803709F4C1C0CE
:10203000FFC0883809F494C0803909F4C5C08038DD
:1020400009F0F6C08091BB0021DFF0C0803B09F4AD
:10205000E1C038F4803A09F487C0883A09F4DFC057
:10206000E7C0803C09F4DEC0883C09F4DBC0883B53
:1020700009F0DEC0D4C08091FA44843029F4109273
:10208000BB001092C12509C08091FA44813041F013
:102090008091144581608093BB0010921945C8C09F
:1020A000809114458E7FF7CF8091FA448430B1F04F
:1020B0008091FD441DC085E08093FA448091FA44EC
:1020C000843021F181E031C08091FA448430D9F428
:1020D0009091C1258091FC449817A8F4E091C12506
:1020E00081E08E0F8093C125F0E0E250FB4B8081B0
:1020F0008093BB009DC08091BB008093C2258091DE
:10210000FA44823051F085E08093FA4410921745EA
:1021100081E08093194585E58CC08091C22587FDBB
:1021200041C085E08093FA4483E080931745F0CF67
:10213000809116458F5F80931645A89510921045A3
:1021400010920F45109219451092C1258091BB0045
:10215000909112459150869589238093134566C0CE
:102160008091BB0093DE5EC081E080931945909121
:10217000C1258091FC44891720F48091C12580936A
:10218000FC448091FA44833069F08091FA448130B4
:1021900049F08091FA44823029F08091FA448430E9
:1021A00009F046C085E645C0809116458F5F809353
:1021B00016451092104510920F4510921945109235
:1021C000C1251092FC4434C08091BB009091C12580
:1021D000903170F5E091C12591E09E0F9093C1255B
:1021E000F0E0E250FB4B808323C08091BB009091D4
:1021F000C125903150F4E091C12591E09E0F90935C
:10220000C125F0E0E250FB4B80838091C125809393
:10221000FC4408C0809116458F5F809316458091DD
:102220000E4539CF81E080931945ABCF85E001C0E1
:1022300085E480688093BC00FF91EF91BF91AF91DE
:102240009F918F917F916F915F914F913F912F91CE
:102250000F900BBE0F900FBE0F901F90189580919E
:10226000FA44882321F08091FA448530C1F708951B
:10227000CF93C82FF4DF9FB7F894C093FD44C7FFF6
:1022800002C081E001C082E08093FA448091194548
:10229000882349F08091BC0084FDFCCF8091BC0074
:1022A00080628093BC009FBFCF910895D8DF9FB715
:1022B000F89484E08093FA4480911945882349F08A
:1022C0008091BC0084FDFCCF8091BC008062809333
:1022D000BC009FBF0895CF93DF93D82FC0DFC0917C
:1022E0001445D093144583E08093FA4480911945B6
:1022F000882349F08091BC0084FDFCCF8091BC0014
:1023000080628093BC00ABDFC09314458091174579
:10231000811104C08091C22590E002C08FEF9FEF31
:10232000DF91CF910895CF939EEF980F9B3DE8F4F6
:1023300080FD1BC0C82FCFDF97FF17C09FB7F89451
:10234000C093BA008091FB44882329F08091BA00A1
:1023500081608093BA008091BC0080648093BC004F
:10236000C09315459FBF81E00EC09FB7F8941092AF
:10237000BA008091BC008F7B8093BC008FEF80936C
:1023800015459FBF80E0CF91089581E08093194566
:102390001092FA4410921745109216451092C325D8
:1023A0001092C4251092F9441092F84410921045EE
:1023B00010920F451092FD448093B90080E4809301
:1023C000B800809115458E7F8093BA001092FC442E
:1023D0001092C1258091FB44882329F08091BA0096
:1023E00081608093BA0084E88093BC00809112459C
:1023F0008150880F8093BD000895613031F48A3098
:1024000080F4882351F08C5906C0623051F488233F
:1024100031F0843630F4880F08958CED089588ECFF
:1024200008958FEF0895FB019EEF980F9B3D10F0EC
:1024300010820DC08695853630F091E090838E36FF
:1024400031F08456089592E09083843609F480E058
:1024500008953091C3252091C4253217D9F0E09119
:10246000C32521E02E0F2093C325F0E0EB53FA4D56
:102470002081FC0120838091C325843110F01092CB
:10248000C3259091C3258091C425981305C086E08B
:1024900043DD02C080E0089581E00895FC0112AAA6
:1024A00013AA0895FC0123A992A981E0291380E0D1
:1024B0000895FC0192A9913310F49F5F01C090E050
:1024C00083A9891789F092A9913320F49F5F9133F2
:1024D00021F001C090E09F5F01C090E023A981E05E
:1024E000291719F080E001C081E081700895FC0196
:1024F00082A9813310F48F5F01C080E093A989170E
:1025000089F09FB7F89482A9DF01A80FB11D6C93E1
:1025100082A9813310F48F5F01C080E082AB9FBF3E
:1025200081E0089580E00895FC012FB7F89483A915
:10253000DF01A80FB11D8C9193A9913310F49F5F17
:1025400001C090E093AB2FBF0895FC0192A983A92D
:10255000981728F092A983A9981B892F089582A91A
:1025600093A98E5C891B0895FC019FB7F894209174
:10257000438930914489318320839FBF0895859892
:102580008D980895FCDF8FE493ECA0E0B0E0019714
:10259000A109B109000001F0D1F7C8950000089524
:1025A0000F931F93CF93DF934FE453EC60E070E001
:1025B000DB01CA010197A109B109000001F0D1F7BF
:1025C000C8950000859A8D98DB01CA010197A10981
:1025D000B109000001F0D1F7C8950000C0E20FE892
:1025E00011E06CEA82E090E00E94A1CD63E582E018
:1025F00090E00E94A1CD60E082E090E00E94A1CD39
:10260000D82F60E082E090E00E94A1CDD335B9F0F0
:10261000C8010197F1F7000000C08E9AC801019728
:10262000F1F7000000C08E98C8010197F1F7000093
:1026300000C0C15009F0D5CFA5DF80E001C081E026
:10264000DF91CF911F910F9108950F931F93CF9317
:10265000DF93EC018B0180FD02C060E201C068E203
:1026600082E090E00E94A1CD6D2F669582E090E01F
:102670000E94A1CDBE017695679582E090E00E9410
:10268000A1CD60E082E090E00E94A1CDF8018083BE
:1026900081E0DF91CF911F910F910895CF92DF924A
:1026A000EF92FF920F931F93CF93DF938C016B01F7
:1026B0007A01E901BC01C9010F94334B64E270E077
:1026C000C8010F941F4B892BA9F46CE071E1CE0176
:1026D0000F94094AB601CE010F94144BB701CE01F5
:1026E000DF91CF911F910F91FF90EF90DF90CF90EE
:1026F0000D94094A64E270E0CE010F941F4BFC0177
:102700001082B601CE010F94144BB701CE010F9485
:10271000094A64E270E0C8010F941F4BBC016F5F6F
:102720007F4FCE01DF91CF911F910F91FF90EF90DE
:10273000DF90CF900D94144BCF92DF92EF92FF92E7
:102740000F931F93CF93DF93CDB7DEB727970FB6C5
:10275000F894DEBF0FBECDBFD82EC92E6FE270E059
:102760000F941F4B8C01009731F48FEA98E10E947F
:1027700072E78DEF1DC0FC0110828D2D9C2D0E94F3
:10278000B0BB611571058105910521F48D2D9C2D3E
:102790000E9496B86F3FFFEF7F078F079F0751F4A6
:1027A00086E998E10E9472E78FE2F80180838FEF5B
:1027B0009FEF39C040E550E00E9431E27C01019674
:1027C00049F48BE798E10E9472E78FE2F801808379
:1027D0008EEFEECFCE0101960E9412C4B70182E0C7
:1027E0000E9401C4C80101969F938F938CE398E1E6
:1027F0009F938F930F94E64BCF92DF920F94D34B1E
:1028000087E398E19F938F930F94E64BCE01019657
:102810000E9421C48FE2F80180830FB6F894DEBFD6
:102820000FBECDBFC70127960FB6F894DEBF0FBE0F
:10283000CDBFDF91CF911F910F91FF90EF90DF906F
:10284000CF9008956F927F928F929F92AF92BF9296
:10285000CF92DF92EF92FF920F931F93CF93DF936C
:10286000CDB7DEB7C254D1090FB6F894DEBF0FBEA4
:10287000CDBF5C017B016115710519F0FB0111826F
:10288000108200E010E0CE018F5B9F4F6DDED12CF7
:10289000C5010E94BEE1181619065CF5CE018F5BDA
:1028A0009F4F62DE8D2C912C66246394712C6C0EEC
:1028B0007D1E680C791CA30161E070E0C5010E94D7
:1028C00009E1019759F081E00E94A3E4882309F40B
:1028D00094C08EE098E10E9472E78FC0F30180817E
:1028E0008A3019F18D30A1F2FEE3FD1588F2D39400
:1028F000CFCF2FB7F8948091438990914489239644
:102900004EAD5FAD2397841B950B2FBF893E93403F
:1029100008F4BECF81E00E94A3E4882309F46FC0CD
:1029200084EF97E10E9472E76AC0F301108284E0AD
:102930000E94A3E4882369F08BED97E10E9472E77F
:10294000B401CE0101960E94FBE789EC97E10E9459
:1029500072E780E020E0C82ED12CE1E0F0E0EC0F3F
:10296000FD1FEC0DFD1D9081992321F0903229F07F
:10297000222321F0811104C032C021E08F5FEBCF10
:1029800045E050E063EC77E1CE0101960F94604A98
:10299000892B51F481E090E08C0F9D1F8C0D9D1DC3
:1029A0000F94B0498C016FCF4FE050E063EB77E1BB
:1029B000CE0101960F94604A892B09F064CFE1148F
:1029C000F10409F460CF81E090E08C0F9D1F8C0D25
:1029D0009D1D0F94B049F7019183808354CF82E00D
:1029E0000E94A3E4882339F0A80160E070E088E940
:1029F00097E10E9489E7C80104C08EEF01C08FEF04
:102A00009FEFCE5BDF4F0FB6F894DEBF0FBECDBF9A
:102A1000DF91CF911F910F91FF90EF90DF90CF90BA
:102A2000BF90AF909F908F907F906F9008952F925E
:102A30003F924F925F926F927F928F929F92AF924E
:102A4000BF92CF92DF92EF92FF920F931F93CF939B
:102A5000DF93CDB7DEB7CE54D1400FB6F894DEBFCA
:102A60000FBECDBF6C010F944520882309F443C6E7
:102A70007E0127EFE21A2EEFF20AF7011082F6012B
:102A8000EA5FFF4E80819181892B09F046C0BE012B
:102A90006F5F7F4F80E099E10E9472A3019709F078
:102AA00019820E94CFC980E997E10E9456809E0159
:102AB0002F5F3F4F47E750E060E079E184E797E11F
:102AC0000E94C180970141E350E069EF78E183E41F
:102AD00097E10E94C18081E397E10E9482818AE1AF
:102AE00095E420911A45222369F09F938F9384E007
:102AF00097E19F938F930F94E64B0F900F900F9059
:102B00000F9008C082EB96E19F938F930F94E64B52
:102B10000F900F900E94D8C9EEC569EF78E1C60109
:102B20000E9408C8892B09F489C510921A4583E0D0
:102B30000E9451CD69EF78E1C6010E94D4C78D5E35
:102B4000974FFC01EE0FFF1FEC0DFD1D60817181A1
:102B500041E350E0C7010F94584BF70111AA80815F
:102B6000811171C01DDD882309F442C000E01FEF10
:102B7000A12CB12CBE016F5F7F4FC50166DD982E81
:102B8000811102C0FFDC34C08981173228F4F701BB
:102B9000E10FF11D80831F5F8F3599F4113009F427
:102BA0005AC50F5F0330C8F01F3F99F0011708F4B2
:102BB000101BF701E10FF11D1082E4DC91102BC016
:102BC00017C080528F3538F489ED810F883D18F099
:102BD00003C010E001C01FEF00E0FFEFAF1ABF0A13
:102BE000A11420E2B20631F6F7011082CBDC13C04B
:102BF0000E94CFC98AE696E19F938F930F94E64B8C
:102C000088EC98E19F938F930F94E64B0E94D8C96C
:102C1000F701108214C0F7018081811114C00E9455
:102C2000CFC983E296E19F938F930F94E64B88EC94
:102C300098E19F938F930F94E64B0E94D8C90F9011
:102C40000F900F900F9044E050E06EE176E1C701E5
:102C50000F94604A892B39F444E050E069E176E151
:102C6000C7010F94004A9CDC882309F4F9C45E0173
:102C7000FFEBAF1AFEEFBF0A10E060E382E090E0E6
:102C80000E94A1CD60E082E090E00E94A1CD612F82
:102C900082E090E00E94A1CD60E082E090E00E949E
:102CA000A1CDF50181935F011F5F133031F76ADC1D
:102CB00083E00E945ACDF7018081882309F41BC567
:102CC0008BEB97E851DC80E00E945ACD0E94CFC97F
:102CD00010921A4560E079E1C6010E9408C8892B6C
:102CE00099F48FE595E19F938F930F94E64B88ECD1
:102CF00098E19F938F930F94E64B0E94D8C90F9051
:102D00000F900F900F90F7C4CE0101965C01BC01AB
:102D100080E099E10E9472A30197B1F460E079E14B
:102D2000C6010E94D4C78D5E974FFC01EE0FFF1FB6
:102D3000EC0DFD1D60817181C5010F942A4B11E0DE
:102D4000892B19F410E001C011E0FF92EF928AE4A0
:102D500095E19F938F930F94E64B60E079E1C60174
:102D60000E94D4C78D5E974FFC01EE0FFF1FEC0D44
:102D7000FD1D950145E455E1B701808191818EDC0F
:102D8000C501DADC4C010F900F900F900F9097FF68
:102D900007C09F928F93BF92AF928AE195E110C0D6
:102DA00060E070E04FDD3C01883C9105D9F0C40142
:102DB0000E9445D97F926F92BF92AF9281EF94E1CA
:102DC0009F938F930F94E64B88EC98E19F938F939A
:102DD0000F94E64B0E94D8C90FB6F894DEBF0FBE21
:102DE000CDBF89C4112391F060E079E1C6010E9452
:102DF000D4C78D5E974FFC01EE0FFF1FEC0DFD1D3C
:102E00006081718180E099E10E9419A4512C8E01AA
:102E100007531F4F852D90E0A801480F591F6FE3FE
:102E200070E0681B790BC4010E9409E13C01452D4B
:102E300050E060E070E08CED94E10E9489E7A3012E
:102E4000072C000C660B770B88EC94E10E9489E755
:102E500077FE0BC0C4010E9445D91F9288EC8F9366
:102E6000BF92AF9289EA94E1ABCF560CC55BDE4FBF
:102E70005882CB54D140852D90E0C45BDE4F9983BE
:102E80008883CC54D140FC01E00FF11F108285E90A
:102E900094E10E9472E7C8010E9441E78FE894E143
:102EA0000E9472E7312C232D30E0F801E20FF31F6E
:102EB00090819150903210F43394F5CF532CF80157
:102EC000E50DF11DC75BDE4FF983E883C954D1409E
:102ED0004080F0E2F41510F45394F1CFC75BDE4F5D
:102EE000E881F981C954D140108243E050E0BE012D
:102EF000625C7E4FC801820F931F0E9444C4682EFB
:102F0000712CC75BDE4FE881F981C954D140408202
:102F1000432D50E060E070E084E794E10E9489E78F
:102F2000452D50E060E070E087E694E10E9489E77B
:102F30006114710409F04DC033243394350C232DF2
:102F400030E0F801E20FF31F90819150903210F4BD
:102F50003394F5CF232C822D90E0C75BDE4F99830D
:102F60008883C954D1402C01400E511EF201F081DA
:102F7000C25BDE4FF883CE54D140F13210F023947F
:102F8000EACFF201108243E050E0BE01655C7E4F63
:102F9000C801820F931F0E9444C4682E712CC25B2B
:102FA000DE4F2881CE54D140F2012083432D50E0E2
:102FB00060E070E081E594E10E9489E7422D50E0F5
:102FC00060E070E084E494E10E9489E76114710498
:102FD00091F1A301770C660B770B82E394E10E94D9
:102FE00089E7C4010E9445D9F801E30DF11D8081F4
:102FF0008B3269F4BF92AF9282EF93E19F938F93EC
:103000000F94E64B0F900F900F900F9011C01F92EE
:103010003F921F930F93BF92AF9282EB93E19F93E6
:103020008F930F94E64B0FB6F894DEBF0FBECDBF63
:1030300088EC98E107C3C45BDE4F48815981CC54CA
:10304000D140C75BDE4FE881F981C954D1404E1BA6
:103050005F0BB201C8010F94C44AC55BDE4F5880B4
:10306000CB54D1405218CF5BDE4F9881C154D14030
:10307000C25CDE4F8881CE53D1409813CBCECE5B5D
:10308000DE4F9881C254D140C15CDE4F8881CF535E
:10309000D1409813BFCECD5BDE4F9881C354D14051
:1030A000C05CDE4F8881C054D1409813B3CEC401B8
:1030B0000E9445D9C35CDE4F8881CD53D1401F9219
:1030C0008F93C45CDE4F8881CC53D1401F928F9385
:1030D000C55CDE4F8881CB53D1401F928F93C05C7B
:1030E000DE4F8881C054D1401F928F93C15CDE4F68
:1030F0008881CF53D1401F928F93C25CDE4F88816D
:10310000CE53D1401F928F93BF92AF9282E793E14B
:103110009F938F930F94E64B60E079E1C6010E9484
:10312000D4C78D5E974FFC01EE0FFF1FEC0DFD1D08
:1031300095014DE653E1B70180819181AFDABF92ED
:10314000AF928DE493E19F938F930F94E64B83E0CE
:103150000E9451CD8FEE92E19F938F930F94E64B97
:103160000E94D8C90E94B3C3F601E65BFF4E80817E
:1031700091810E9445D9C501DFDA7C010FB6F89430
:10318000DEBF0FBECDBF97FF05C0FF928F9383EDCB
:1031900092E124C0BE016C5B7E4F54DB6C01AC013C
:1031A000990F660B770B81EC92E10E9489E7CC5B6B
:1031B000DE4F48815981C454D14060E070E081EB1A
:1031C00092E10E9489E798ECC916D104C9F0C701C1
:1031D0000E9445D9DF92CF9287E992E19F938F9326
:1031E0008AE195E49F938F930F940D4C83E00E94A6
:1031F0005ACD0F900F900F900F900F900F907BC2B1
:103200008BEB97E8B1D980E00E945ACD81E00E9413
:1032100051CDC6D9811107C06AE572E18AE195E412
:103220000F94284A3CC2FE01E55CFE4F6F012F015E
:10323000F3E04F0E511C612C712C2FE3822E2CE9F0
:10324000922E3CEEA32E30E1B32EF60181916F0158
:10325000882309F44CC0C55CDE4F3880CB53D14085
:103260006CEA82E090E00E94A1CD60EA82E090E00A
:103270000E94A1CD60E082E090E00E94A1CD632D8C
:1032800082E090E00E94A1CDC4010197F1F7000017
:1032900000C060E582E090E00E94A1CD60E082E0A5
:1032A00090E00E94A1CD60E082E090E00E94A1CD7C
:1032B00060E082E090E00E94A1CD3816C1F0EAE122
:1032C000F5E401900020E9F71F921F92BF92AF92A0
:1032D000CF0101979F938F930F940D4CFFEF6F1ABF
:1032E0007F0A0F900F900F900F900F900F90C414C3
:1032F000D50409F0AACF6114710409F0C8C16CEAC1
:1033000082E090E00E94A1CD60E882E090E00E941F
:10331000A1CD60E082E090E00E94A1CD60E082E07B
:1033200090E00E94A1CD8FE39CE9A0E0B0E001977E
:10333000A109B109000001F0D1F7C895000081E0B2
:103340000E945ACDCE018A5B9E4F0ED9A12CB12C82
:10335000C12CD12C8BEB97E807D980E00E945ACD85
:10336000C7010E94BEE14C0182E0C6FC03C00E947E
:1033700051CD02C00E945ACD2FB7F8948091438955
:1033800090914489CA5BDE4F48815981C654D1402F
:10339000841B950B2FBF853F914048F06DE272E191
:1033A0008AE195E40F94284A8CE092E136C0181423
:1033B0001904CCF480E490E08A199B0988159905DA
:1033C00008F44C01A8014A0D5B1DB401C7010E941D
:1033D00009E11816190614F4A80EB91ECE018A5B6D
:1033E0009E4FC2D866C1C7010E9433D9811161C105
:1033F0002FB7F8948091438990914489CA5BDE4F3E
:1034000048815981C654D140841B950B2FBF8D3202
:10341000914008F44EC183EE91E10E9472E7A1143D
:10342000B10409F461C1F1E0C75BDE4FF883C95410
:10343000D14081E00E9451CD4D2C46944801512C41
:103440001601201A310A50FE02C068E401C060E48F
:1034500082E090E00E94A1CD642D82E090E00E9485
:10346000A1CDB101680D791D7695679582E090E058
:103470000E94A1CDF40161914F0182E090E00E9491
:10348000A1CD5394F0E45F12DECF6CE482E090E0D3
:103490000E94A1CD642D82E090E00E94A1CDB601F2
:1034A0007695679582E090E00E94A1CD60E082E091
:1034B00090E00E94A1CD8FE39CE90197F1F7000015
:1034C00000C0212C822C912C8A149B0408F03FC050
:1034D00024014C0C5D1CBE01685B7E4FC201B5D857
:1034E00081110DC061ED71E18AE195E40F94284AE4
:1034F00021E0C75BDE4F2883C954D14028C0C85B98
:10350000DE4F8881C854D140F801E80DF91D908143
:103510009817D9F061147104A9F41F929F931F9218
:103520008F935F924F9284EA91E19F938F938AE108
:1035300095E49F938F930F940D4C0FB6F894DEBFD4
:103540000FBECDBF9FEF691A790A2394BBCF81E0EC
:103550000E945ACDCA0CDB1CCC5BDE4FA880B98020
:10356000C454D140CA14DB0459F0A12CB12CC75B60
:10357000DE4FE881C954D140EE2309F4EBCE560169
:1035800001D8C7010E9445D9A50160E070E081E93A
:1035900091E10E9489E7A30160E070E08EE791E18C
:1035A0000E9489E76114710419F5CC5BDE4F8881B4
:1035B0009981C454D140009719F08A159B05C1F434
:1035C000EAE1F5E401900020E9F7BF92AF922DE423
:1035D00031E13F932F93CF0101979F938F930F94E6
:1035E0000D4C0F900F900F900F900F900F9024C0E4
:1035F000EAE1F5E401900020E9F77F926F92BF9233
:10360000AF92CB5BDE4F2881C554D1402F93CC5B6A
:10361000DE4F2881C454D1402F932EE031E13F93F7
:103620002F93CF0101979F938F930F940D4C0FB65B
:10363000F894DEBF0FBECDBF82E035C00E94CFC977
:1036400081E895E19F938F930F94E64B0E94D8C930
:103650000F900F9050C010E0033008F4BECAA9CA02
:103660000E94CFC982ED95E19F938F930F94E64B13
:1036700088EC98E19F938F930F94E64B0E94D8C9F2
:10368000F70110820F900F900F900F9011CB6EE307
:1036900072E18AE195E40F94094A0E94C292C7013F
:1036A0000E9445D981E00E945ACD83E00E945ACD04
:1036B00022C0C75BDE4F1882C954D140F0E4AF1678
:1036C000B10409F4B6CECC5BDE4F88819981C45435
:1036D000D14096012A0D3B1D2817390708F447CF22
:1036E000892B09F444CFA5CE21E0C75BDE4F2883A8
:1036F000C954D140E8CFC25BDE4F0FB6F894DEBFAD
:103700000FBECDBFDF91CF911F910F91FF90EF9032
:10371000DF90CF90BF90AF909F908F907F906F90F1
:103720005F904F903F902F9008950E94BF9282E04B
:1037300090E00E9491CD10921A4564EE70E187E10D
:1037400095E90C9472C9880F991F880F991FFC0185
:10375000E60FF11DEE0FFF1FE75FF64E8591949186
:1037600008950E942B7E9C018091D9259091DA25A5
:10377000281739072CF49091DB259F5F9093DB2568
:103780003093DA252093D9258091DB2508951F9366
:10379000CF93DF93D82F162FC091DC25C11122C003
:1037A000882311F09B9801C09B9A8091DE2590E0C0
:1037B0000E94197EDD2331F093990CC084E0809340
:1037C00046463EC0939B06C081E1809346469B9847
:1037D0009C9836C09C981092DB258091DE2590E065
:1037E0000E94197E949B11C01092DC258091DE25E9
:1037F00090E00E94197E9C9A8091DE2590E00E94C4
:10380000197E949917C0C1E01BC0112351F081E0CB
:103810008093DC25A6DF853690F083E180934646D1
:103820000DC09499E1CF9DDF8536D8F383E1809375
:10383000464605C082E1809346469C989B98C0E02E
:103840008C2FDF91CF911F910895EF92FF920F93EC
:103850001F93CF93DF937C01C62F8091DC258111CC
:103860000CC09B988091DE2590E00E94197E9C9868
:103870008091DD2590E00E94197E949B0CC01092EF
:10388000DC258091DE2590E00E94197E06E010E0A4
:10389000D2E0C0E02EC0CC2371F081E08093DC2523
:1038A00060DF853608F447C083E18093464643C015
:1038B00058DF8536C8F7949BFBCFE1CF81E090E0DD
:1038C0000E94197E939B19C0CF5F98010E5F1F4F16
:1038D0008C2F0C2E000C990B97FF03C091958195AE
:1038E0009109AC01440F551F840F951F8217930750
:1038F00034F4DF5FD53611F702C0C150E6CF81E066
:103900001C160CF080E0F70180838091DE25D8172B
:1039100028F490E08D1B91090E94197E9C9A809159
:10392000DE2590E00E94197E949B07C082E180937F
:1039300046469C989B9880E001C081E0DF91CF9142
:103940001F910F91FF90EF9008951092DC25109237
:10395000DB25949910C09B989C98949907C001DF2F
:103960008536D8F383E18093464627C08091DE25D3
:1039700090E00E94197E9B9A8091DE2590E00E9443
:10398000197E939B06C081E1809346469B989C9844
:1039900014C08091DE2590E00E94197E9C9A80914F
:1039A000DE2590E0880F991F0E94197E949B07C026
:1039B00082E1809346469C989B9880E0089581E040
:1039C0000895CF93DF93D82FC091DC25C11117C084
:1039D000939B0EC09B9A8091DE2590E00E94197EF9
:1039E000939B07C081E1809346469B989C9836C084
:1039F0009B9A9C988091DE2590E00E94197E949B72
:103A00000EC01092DC258091DE2590E00E94197E88
:103A10009B988091DE2590E00E94197E15C0DD23E1
:103A200069F081E08093DC259CDE8536B0F083E18F
:103A30008093464612C095DE8536C8F7949BFBCF2F
:103A4000E0CF8FDE853698F7939BFBCF8091DE2504
:103A500090E00E94197EC1E001C0C0E08C2FDF9190
:103A6000CF910895CF93DF939C9A8091DE2590E0CB
:103A7000880F991F0E94197E9B988091DE2590E007
:103A8000880F991F0E94197EDFEFC0E09C9A8091F9
:103A9000DE2590E0880F991F0E94197E9C988091E6
:103AA000DE2590E0880F991F0E94197E939BC0E04D
:103AB000CF5FCB3010F4D15049F79B9A8091DE252F
:103AC00024E0829FC00111240E94197E9C9880915D
:103AD000DE2524E0829FC00111240E94197E9B985C
:103AE0008091DE2524E0829FC0011124DF91CF91D7
:103AF0000C94197EEF92FF920F931F93CF93DF9355
:103B0000E82EEB01642F881F8827881F40DE811173
:103B100002C080E01AC007E010E080E4F82E81E0E7
:103B20009E2D9F2109F480E060E031DE882389F337
:103B3000F6940150110999F760E0CE0186DE8823E2
:103B400041F3288191E092279883DF91CF911F91D3
:103B50000F91FF90EF900895CF92DF92EF92FF9236
:103B60000F931F93CF93DF931F92CDB7DEB76C01F6
:103B7000E62E642FCE01019668DE811102C080E03E
:103B80001EC08981811180E8F601808307E010E082
:103B900080E4F82E60E0CE01019657DE882379F3A9
:103BA0008981882321F0F60180818F298083F69412
:103BB0000150110979F760E081E08E25E8DD0F9072
:103BC000DF91CF911F910F91FF90EF90DF90CF90F9
:103BD00008951092DC251092DB2510924646A3989A
:103BE0009B98A4989C989B989C9885E08093DE2550
:103BF00084E08093DD2536CF4F925F926F927F9263
:103C00008F929F92AF92BF92EF92FF920F931F936A
:103C1000CF93DF93EC018B01E52F2F3F8FE3380724
:103C20000CF063C0C901029663E070E00F942C4869
:103C3000660F771F660F771F601771070CF055C06E
:103C4000042F1E2FDE0180E090E0812C912C540186
:103C50002115310509F43CC0BA2CA92C982C8824D4
:103C6000F80141918F01840E911CA11CB11C2150BF
:103C7000310908962401350156E0440C551C661C98
:103C8000771C5A95D1F77D01FFEFEF1AFF0AB301B8
:103C9000A201082E04C076956795579547950A941A
:103CA000D2F74F73552766277727FA01E95BF74864
:103CB000E491EC9306978730910514F0D701E3CF98
:103CC0002115310519F418161906C4F3D701C0CF10
:103CD0002DE3CD018C1B9D0B83709927892B11F04F
:103CE0002D93F7CF1C92CE0102C080E090E0DF91CF
:103CF000CF911F910F91FF90EF90BF90AF909F9049
:103D00008F907F906F905F904F9008958091DF2506
:103D100081110CC081E08093DF25E7E4F6E4118295
:103D200010823B9686E4E73FF807C9F70895E7E479
:103D3000F6E420E030E040815181452BB1F44BE0C6
:103D4000429FF001439FF00D1124E95BF94B9183F1
:103D50008083738362831782168215821482118690
:103D600010868FEF8287C90108952F5F3F4F3B96E2
:103D70002031310501F78FEF9FEF089580319105D4
:103D800074F42BE0289FF001299FF00D1124E95BCA
:103D9000F94B82858F3F19F48085918508958FEFC7
:103DA0009FEF0895AF92BF92CF92DF92EF92FF9272
:103DB0000F931F93CF93DF937C018B0140970CF0FF
:103DC00068C08BE08E9DE0018F9DD00D1124C95BF2
:103DD000D94B8A858F3F09F05CC0EA81FB818885D9
:103DE00099859F01281B390B2617370708F451C006
:103DF000BA012C813D81A801420F531F4E175F0766
:103E000058F0FB019B01200F311F5E01DE0114966B
:103E1000AE014E5F5F4F2AC0E881F981A801CF0152
:103E2000820F931F0F94954A8C819D81800F911F63
:103E30009D838C831EC06191E501C880D9808D91DE
:103E40009C9111978C0D9D1DEC0168838D919C9127
:103E50001197019611969C938E93EA01688179815E
:103E60008617970719F411961C921E922E173F077A
:103E700011F78BE08E9DF0018F9DF00D1124E95B11
:103E8000F94B80859185800F911F91878087C801AC
:103E900002C08FEF9FEFDF91CF911F910F91FF90A5
:103EA000EF90DF90CF90BF90AF9008958031910553
:103EB000B4F52BE0289FF001299FF00D1124E95B58
:103EC000F94B22852F3F59F5408551852281338159
:103ED0004217530720F5A081B18124813581A20FBB
:103EE000B31F6C93248135812F5F3F4F358324832B
:103EF000428153812417350711F4158214822BE077
:103F0000289FF001299FF00D1124E95BF94B808572
:103F1000918501969187808780E090E008958FEFEA
:103F20009FEF0895CF92DF92EF92FF920F931F932E
:103F3000CF93DF93803191050CF063C02BE0289F75
:103F4000E001299FD00D1124C95BD94B2A852F3F51
:103F500009F057C0288539852617370708F454C05B
:103F60009A018B017C016E817F81A801460F571F4A
:103F70008A819B814817590738F06901FE013696FE
:103F8000AE014E5F5F4F27C088819981680F791F0E
:103F9000A801C9010F94954A8E819F81800F911FBE
:103FA0009F838E831EC06881798180819181860F75
:103FB000971FDC018C91D6018D936D0180819181D9
:103FC000019691838083DA016D917C918617970722
:103FD00011F411821082C601821B930B8017910786
:103FE00014F38BE08E9DF0018F9DF00D1124E95BA1
:103FF000F94B80859185801B910B91878087C80143
:1040000004C08FEF9FEF01C0CB01DF91CF911F91D3
:104010000F91FF90EF90DF90CF900895BC014097F3
:1040200084F58BE0869FF001879FF00D1124E95BFA
:10403000F94B82858F3F29F5408551854115510502
:1040400001F126813781A081B181A20FB31F9C911C
:104050002F5F3F4F37832683A281B3812A173B0707
:1040600011F4178216828BE0869FF001879FF00D76
:104070001124E95BF94B4150510951874087892F41
:10408000089580E0089580319105A4F42BE0289FE5
:10409000F001299FF00D1124E95BF94B82858F3FD8
:1040A00049F417821682158214821186108680E0E8
:1040B00090E008958FEF9FEF0895803191057CF493
:1040C0002BE0289FF001299FF00D1124E95BF94BAB
:1040D0008281938120853185821B930B08958FEF18
:1040E0009FEF08950F931F93CF93DF934AE050E023
:1040F00068E878E780EE95E20F94004A83EF9FE04E
:104100009093EB258093EA2500EE15E2C0E0D0E025
:10411000F80161918F01CE010F94104F2196CC30A0
:10412000D105B1F78DE090E09093072280930622AD
:10413000809106229091072260E0DF91CF911F913C
:104140000F910D94104F0F931F93CF93DF93809196
:104150000822909109228F3F2FEF9207B1F0009132
:10416000EA251091EB25C0E0D0E0C017D10764F438
:1041700080910622909107228C0F9D1F0F94084F6B
:10418000882311F02196F1CFCE01DF91CF911F91BD
:104190000F910895CF92DF92EF92FF920F931F93AA
:1041A000CF93DF93D0DF8C0180910622909107227C
:1041B0009F938F931F930F938091EB258F93809103
:1041C000EA258F938AE998E79F938F930F94E64BA4
:1041D0008DB79EB708960FB6F8949EBF0FBE8DBFE1
:1041E000C0E0D0E087E9E82E88E7F82E95E9C92EEF
:1041F00098E7D92EC017D107F4F580910622909147
:1042000007228C0F9D1F0F94084F863281F48091F6
:104210000622909107228C0F9D1F0F94084F8D301E
:1042200041F121960C171D0791F7E80122C08091FA
:104230000622909107228C0F9D1F0F94084F1F920A
:104240008F93FF92EF920F94E64B8091062290910C
:1042500007228C0F9D1F0F94084F0F900F900F9007
:104260000F908D3031F4DF92CF920F94E64B0F9088
:104270000F902196BFCF82E998E79F938F930F9479
:10428000E64B0F900F90DF91CF911F910F91FF9010
:10429000EF90DF90CF9008954F925F926F927F9250
:1042A0008F929F92AF92BF92CF92DF92EF92FF9246
:1042B0000F931F93CF93DF93CDB7DEB76E970FB6F3
:1042C000F894DEBF0FBECDBF4C013DDF5C01E12C99
:1042D000F12CCE0101966C01EA14FB041CF08FEF67
:1042E0009FEF50C03601870123014C185D08809173
:1042F000062290910722800F911F0F94084FF3011F
:1043000081933F018D3359F4F601E40DF51D1082C0
:10431000B401C6010F942A4B892B01F532C08823C2
:1043200099F30F5F1F4FA016B106F1F6850119C072
:104330008091062290910722800F911F0F94084FC1
:104340008D3079F08091062290910722800F911F85
:104350000F94084F882329F00F5F1F4F0A151B0584
:104360003CF38091062290910722800F911F0F94B9
:10437000084F882309F4B3CF7801FFEFEF1AFF0A43
:10438000ABCFC7016E960FB6F894DEBF0FBECDBFA0
:10439000DF91CF911F910F91FF90EF90DF90CF9021
:1043A000BF90AF909F908F907F906F905F904F9055
:1043B00008954F925F926F927F928F929F92AF92E9
:1043C000BF92CF92DF92EF92FF920F931F93CF9302
:1043D000DF93CDB7DEB76E970FB6F894DEBF0FBE92
:1043E000CDBF4C016B01AFDE5C01C40155DF8C0118
:1043F0000F3F8FEF180751F1FE0131967F013F010A
:1044000004C08823A9F00F5F1F4F23014E185F08D7
:104410000A151B058CF48091062290910722800FCB
:10442000911F0F94084FF30181933F018D3349F79A
:10443000F701E40DF51D108280910622909107226C
:10444000800F911F0F94084F8D3319F08FEF9FEF5E
:1044500028C0B401C7010F942A4B892BB9F70F5F0D
:104460001F4F46017401EC18FD080A151B056CF47A
:104470008091062290910722800F911F0F94084F80
:10448000F40181934F018D3039F4F601EE0DFF1DDB
:10449000108281E090E005C08823B9F30F5F1F4FC1
:1044A000E1CF6E960FB6F894DEBF0FBECDBFDF91A1
:1044B000CF911F910F91FF90EF90DF90CF90BF9021
:1044C000AF909F908F907F906F905F904F900895E6
:1044D000CF92DF92EF92FF920F931F93CF93DF93D0
:1044E0008C01EB01D9DE019609F06AC08091EC25C0
:1044F0009091ED258130910509F464C024DE009788
:1045000071F07C013FEFE31AF30A2091062230910B
:1045100007226DE0820F931F0F94104FC7016801AF
:10452000F80101900020E9F73197E01BF10B9C01A5
:104530002F5F3F4F79019601201B310B2E173F074C
:1045400068F4F60161916F012091062230910722F3
:10455000820F931F0F94104FC701E2CF20910622C4
:10456000309107226DE3820F931F0F94104F8E013D
:10457000FE0101900020E9F73197EC1BFD0BC8010B
:104580008C1B9D0B8E179F0778F4F80161918F01AA
:1045900080910622909107228E0D9F1D0F94104F3F
:1045A000FFEFEF1AFF0AE4CF8091062290910722D5
:1045B00060E08E0D9F1D0F94104F81E090E002C0CF
:1045C0008FEF9FEFDF91CF911F910F91FF90EF90B1
:1045D000DF90CF9008958F929F92AF92BF92CF922B
:1045E000DF92EF92FF921F93CF93DF932091EC2500
:1045F0003091ED252130310509F452C07C01A3DD55
:104600005C01C70149DE4C018FEF8816980609F45A
:1046100045C0E4011DE06E01C818D908CA15DB05C4
:104620007CF480910622909107228C0F9D1F0F949D
:10463000084F182F8D3021F0882311F02196EBCFF1
:10464000C7012ADEEC011D30E1F48FEFC81AD80A49
:104650008091062290910722CA15DB05BCF48C0DCF
:104660009D1D8C0F9D1F0F94084F209106223091A5
:104670000722682FC9018C0F9D1F0F94104F2196A0
:10468000E7CF8091062290910722019760E08C0F7E
:104690009D1F0F94104F21E030E002C02FEF3FEF3D
:1046A000C901DF91CF911F91FF90EF90DF90CF90E4
:1046B000BF90AF909F908F9008950F931F93CF93CB
:1046C000DF93EC018B01E8DD019611F0CE0183DF71
:1046D000B801CE01FDDE81E090E0DF91CF911F9126
:1046E0000F910895AF92BF92CF92DF92EF92FF9217
:1046F0000F931F93CF93DF93CDB7DEB77C015B01A0
:10470000CDB6DEB60F942F4A01962DB73EB7281BC3
:10471000390B0FB6F8943EBF0FBE2DBF0DB71EB7B5
:104720000F5F1F4FB701C8010F94284AB501C80198
:1047300040DE0FB6F894DEBE0FBECDBEDF91CF9146
:104740001F910F91FF90EF90DF90CF90BF90AF90AF
:1047500008950F931F93CF93DF93CDB7DEB7A09744
:104760000FB6F894DEBF0FBECDBF00E010E04AE008
:1047700050E0B80180EE95E20F94F84E4AE050E028
:1047800061E572E280EE95E20F94884A892BA9F4E4
:104790004CE050E0B80180EE95E20F94F84E109393
:1047A00009220093082280910822909109220D96F7
:1047B000909307228093062206C00F5F1F4F033F8E
:1047C0002FE01207A1F680910822909109228F3FD5
:1047D0002FEF9207E9F0BE016F5F7F4F8FED98E7F3
:1047E00081DF019699F06BED78E7CE0101960F9489
:1047F0001F4A009729F41092ED251092EC2508C06D
:1048000081E090E09093ED258093EC2580E090E0AE
:10481000A0960FB6F894DEBF0FBECDBFDF91CF914B
:104820001F910F91089595DF019611F45BDC91CFF4
:104830000895AF92BF92CF92DF92EF92FF920F93C3
:104840001F93CF93DF93CDB7DEB77C015B01CDB66D
:10485000DEB60F942F4A01962DB73EB7281B390BB1
:104860000FB6F8943EBF0FBE2DBF0DB71EB70F5F3A
:104870001F4FB701C8010F94284AB501C8011DDFB9
:104880000FB6F894DEBE0FBECDBEDF91CF911F9163
:104890000F91FF90EF90DF90CF90BF90AF90089571
:1048A000CF92DF92EF92FF920F931F93CF93DF93FC
:1048B000CDB7DEB77C01CDB6DEB60F942F4A019698
:1048C0002DB73EB7281B390B0FB6F8943EBF0FBE6D
:1048D0002DBF0DB71EB70F5F1F4FB701C8010F9453
:1048E000284AC80178DE0FB6F894DEBE0FBECDBEF2
:1048F000DF91CF911F910F91FF90EF90DF90CF90BC
:104900000895CF92DF92EF92FF920F931F93CF9370
:10491000DF93CDB7DEB77C01CDB6DEB60F942F4A5C
:1049200001962DB73EB7281B390B0FB6F8943EBF42
:104930000FBE2DBF0DB71EB70F5F1F4FB701C801C8
:104940000F94284AC801A8DC0FB6F894DEBE0FBE4B
:10495000CDBEDF91CF911F910F91FF90EF90DF902F
:10496000CF9008959093ED258093EC2508954F9274
:104970005F926F927F928F929F92AF92BF92EF92CF
:10498000FF920F931F93CF93DF931F921F92CDB788
:10499000DEB77C018B01009709F447C062307105D6
:1049A00008F443C0DC0116964D905D906D907C90AC
:1049B0001997000F111F53014201800E911EA11C77
:1049C000B11CD701ED91FC910190F081E02D22E026
:1049D00030E0AE014F5F5F4FC501B40119958823E8
:1049E00029F109811A8101151105E9F0C8014096E4
:1049F0000897D8F0083FBFEF1B0710F000E010E069
:104A00001A821982D701ED91FC910480F581E02D85
:104A100022E030E0AE014F5F5F4FC501B401199550
:104A20000115110531F681E001C080E00F900F9073
:104A3000DF91CF911F910F91FF90EF90BF90AF90BA
:104A40009F908F907F906F905F904F9008952F92DE
:104A50003F924F925F926F927F928F929F92AF920E
:104A6000BF92CF92DF92EF92FF920F931F93CF935B
:104A7000DF93CDB7DEB72A970FB6F894DEBF0FBE2F
:104A8000CDBF6C014B015A01009709F482C0DC01D3
:104A9000ED91FC9111978081918198878F8324807B
:104AA000358016968D919D910D90BC91A02D8B8394
:104AB0009C83AD83BE83F60182859385A485B585ED
:104AC000B695A795979587959A87898742E0E42EB2
:104AD000F12C00E010E0A985BA85EA16FB0688F5FE
:104AE000C701880F991F4B805C806D807E80480EC7
:104AF000591E611C711C22E030E0AE014F5F5F4F18
:104B0000C301B201EF81F8851995882309F441C0EA
:104B100089819A81892BE9F40115110529F48FEF18
:104B20009FEF9A83898302C01A83098322E030E0D1
:104B3000AE014F5F5F4FC301B201F10119958111C1
:104B400003C0AB2851F022C0F1E0AF1AB1088701D1
:104B500021F08FEFE81AF80ABECFB2E08B1691046D
:104B6000D8F01A830983880C991C6B817C818D8114
:104B70009E81680D791D811D911D22E030E0AE01FE
:104B80004F5F5F4FF1011995811106C0B801C60151
:104B9000EEDE80E090E001C0C8012A960FB6F894DE
:104BA000DEBF0FBECDBFDF91CF911F910F91FF9060
:104BB000EF90DF90CF90BF90AF909F908F907F90BD
:104BC0006F905F904F903F902F90089580E190E01C
:104BD00008950F931F93FC01892B99F062307105A2
:104BE00080F09B0122503109A089B1890F9470484F
:104BF0000289138924893589600F711F821F931FD1
:104C000003C060E070E0CB011F910F9108954F92B7
:104C10005F926F927F92AF92BF92CF92DF92FF929C
:104C20000F931F93CF93DF93CDB7DEB72E970FB6B9
:104C3000F894DEBF0FBECDBF8C015901D901CD90D4
:104C4000DC90119712968D919C91139780961396F4
:104C50009C938E931297F8018081853E09F4CDC014
:104C6000882309F4CAC0D6019B964D905D906D9043
:104C70007C909E9745284628472829F4F60143A7AB
:104C800054A765A776A7C114D10409F4B8C00115CB
:104C9000110509F4B4C0D8018C91882309F4B0C07F
:104CA0001B969C919F3069F58F7390E001974DE0C2
:104CB000489F9001499F300D1124E6E3F2E2DE01A6
:104CC000119601900D924A95E1F7C20ED31EAE01E6
:104CD000425F5F4FFE0131962E1B3F0BC9018E0FC5
:104CE0009F1F4F9708F089C08191B801680F711D0F
:104CF000DB018C91D6018D936D01E417F50771F7F7
:104D00007CC0F6018081811151C0D8019601A801B3
:104D1000FA0190819032B1F0F9019083F801F484A6
:104D2000F3FE09C0FA01F0807FEB7F0D7A3118F4B1
:104D3000905EF90190838F5F4F5F5F4F2F5F3F4F12
:104D4000883031F7F6019081953011F495EE90831B
:104D5000F8019085903231F191E0980F9601280F7B
:104D6000311D4EE2F90140838C5F18963C911897F3
:104D70003032B9F0A601490F511DFA013083F80114
:104D8000248524FF09C018962C91189721542A31A4
:104D900018F4305EFA0130839F5F11969813E5CFC7
:104DA00001C0892FD601A80FB11D1C92D8011B96F6
:104DB0008C911B97F60180A35A968D919C915B97DD
:104DC00096A385A35C968D919D910D90BC91A02D8D
:104DD00087A390A7A1A7B2A7D80156968D919C91C1
:104DE000579792A381A358968D919C91599794A31C
:104DF00083A381E0F501848302C081E001C080E0EB
:104E00002E960FB6F894DEBF0FBECDBFDF91CF91C7
:104E10001F910F91FF90DF90CF90BF90AF907F9048
:104E20006F905F904F900895D90112964D915C91CB
:104E30001397FC019F01281B390B2417350768F4D1
:104E400021913191232BB1F72D913C9111972F5F37
:104E50003F4F11963C932E93EDCF81E008952F9212
:104E60003F924F925F926F927F928F929F92AF92FA
:104E7000BF92CF92DF92EF92FF920F931F93CF9347
:104E8000DF93CDB7DEB7A5970FB6F894DEBF0FBEA0
:104E9000CDBF009711F480E059C161157105D9F3B8
:104EA0006B013C019E012F5D3F4F79018E010E5D2C
:104EB0001F4F2E5F3F4FAE014C5D5F4FBE016B5DDC
:104EC0007F4FCE0101960F94C346A980BA803CEB78
:104ED000A31A37E0B30ABA2CAA24BB0C8DA140E276
:104EE000849FC0011124A82AB92A8CA1A82AD6011E
:104EF0009496BC92AE9293978BA0912C982C882478
:104F0000990C990C990C8AA1B0E28B9FC0011124D5
:104F1000882A992A89A18695882AF60192A281A2D7
:104F2000D301ED91FC9124803580F60143A454A473
:104F300065A476A401900020E9F731978F010C1940
:104F40001D09E02EC80199270C966DE070E00F94C2
:104F50002C48F62E4BE050E060E270E0CE01019666
:104F60000F94D54A6EE270E0C6010F94674B00972C
:104F7000D9F0DC0111962C912223B1F0BC016F5FB6
:104F80007F4FFB0101900020E9F73197E61BF70BFB
:104F90000150E02EEE1AE43008F0E3E04E2F50E02E
:104FA000CE0109960F94954AB8E0BE1598F04E2DA3
:104FB00050E0B601CE0101960F94954AF60180812A
:104FC0008E3219F581818E3209F4828181111DC0E2
:104FD000F12C1BC088E0F601DE01119601900D92C4
:104FE0008A95E1F7D60195968C91982F92959F70AE
:104FF000803A10F4905D01C09F599F838F708A3072
:1050000010F4805D01C08F5988878981853E11F435
:1050100085E089838E01045F1F4F85E1F8011192BD
:105020008A95E9F7D60190968C9190978C87988E07
:105030008F8ABA8EA98E95968D919C9196979C8F0A
:105040008B8F97968D919D910D90BC91A02D8D8FFA
:105050009E8FAF8FB8A3B0E2FB9EC0011124A301C5
:105060009201280F391F411D511DCA01B90120E2CB
:1050700030E0AE014F5F5F4FF1011995882309F4CD
:105080000ACFE980FE013296E0FAE794E7F88191D1
:10509000E80E0E171F07C1F71F2D0DE0FF2DF0645E
:1050A000BF2E8FE0A82E112309F44FC040E250E03C
:1050B0006FEF70E0CE0101960F94D54A812F90E0FA
:1050C0000197089FF001099FF00D1124EC0DFD1DC3
:1050D00081E091E0980FBF01408121E030E02C0F8A
:1050E0003D1F280F311DD9014C938E5F21E030E028
:1050F0002C0F3D1F290F311DD9011C928B3021F03F
:105100008A3119F48CE101C08EE03196DB019C916B
:10511000992311F08F31E8F21983F11201C0B9829D
:10512000AC86EE861D861B8E1C8E20E230E0AE0122
:105130004F5F5F4FC301B201F1011995F0E24F0ECD
:10514000511C611C711C1150AECF81E0A5960FB6A9
:10515000F894DEBF0FBECDBFDF91CF911F910F91AD
:10516000FF90EF90DF90CF90BF90AF909F908F9087
:105170007F906F905F904F903F902F900895CF93C6
:10518000DF931F921F92CDB7DEB7009739F16230DF
:10519000710520F1FC019B01220F331F868197814D
:1051A000A085B185BC01CD01620F731F811D911DCA
:1051B0000190F081E02D0190F081E02D22E030E0BF
:1051C000AE014F5F5F4F1995882341F089819A8125
:1051D0009C01215031092F3E3F4F10F080E090E0BC
:1051E0000F900F90DF91CF910895EF92FF920F9360
:1051F0001F93CF93DF93CDB7DEB760970FB6F894C8
:10520000DEBF0FBECDBF62307105C8F08C01E1DC9E
:10521000AE014F5F5F4F20E1DA011D922A95E9F759
:10522000F801208931890190F081E02D0680F78115
:10523000E02DE12CF12C06EE15EA199501C080E075
:1052400060960FB6F894DEBF0FBECDBFDF91CF9151
:105250001F910F91FF90EF9008954F925F926F9280
:105260007F928F929F92AF92BF92CF92DF92EF92F6
:10527000FF920F931F93CF93DF9300D01F921F9243
:10528000CDB7DEB7FC019B01892B09F4AAC04115FB
:10529000510509F4A6C0DA010D900020E9F7CD010F
:1052A000841B950B0B966DE070E00F9418488824D2
:1052B0008394860ED901AD90BC90A114B10469F419
:1052C000C688D788E08CF18C228933894489558936
:1052D0002A833B834C835D8307C01A821B821C8216
:1052E0001D82C12CD12C76018F0126013701912C12
:1052F0008A819B81AC81BD81C816D906EA06FB066E
:1053000009F044C0A114B10409F46BC0CD28CE2823
:10531000CF2829F1B501C80132DF0097F9F441E047
:1053200050E0B501C80193DBAC01009709F459C006
:105330009C0122503109F801A089B1890F9470486D
:10534000C288D388E488F5882B013C014C0C5D1C95
:105350006E1C7F1CBA01C80148DF40C05C01B5016A
:10536000C80137DC6B017C01D80150968D919C916E
:105370005197A7019601280F391F411D511D2A83FE
:105380003B834C835D8326013701912CD801ED913D
:10539000FC910190F081E02D21E030E0AE014F5F03
:1053A0005F4FC701B60119958823D9F08981853EE1
:1053B00011F0811109C09394981480F4B0E2CB0EDF
:1053C000D11CE11CF11C94CF26013701E0E24E0E06
:1053D000511C611C711C7301620189CFB201C301B0
:1053E00004C060E070E080E090E00F900F900F90BC
:1053F0000F900F90DF91CF911F910F91FF90EF9041
:10540000DF90CF90BF90AF909F908F907F906F90E4
:105410005F904F9008952F923F924F925F926F92BC
:105420007F928F929F92AF92BF92CF92DF92EF9234
:10543000FF920F931F93CF93DF93CDB7DEB7A8975B
:105440000FB6F894DEBF0FBECDBF009709F433C18D
:10545000DC0114962D913C911597232B09F42BC157
:1054600016962D913C911797232B09F424C19B8FFD
:105470008A8F8AE190E00F948F488C01892B09F480
:105480001AC18AE1F80111928A95E9F7EA8DFB8D3C
:10549000D801ED93FC93C184D284E384F484A70102
:1054A000960169E0220F331F441F551F6A95D1F7FB
:1054B0002C8F3D8F4E8F5F8FCA01B901655F7F4F83
:1054C0008F4F9F4F0190F081E02D29E130E0AE0138
:1054D0004F5F5F4F1995882309F4EAC089859A8543
:1054E000CE88DF88E88CF98CC114D104E104F10482
:1054F00031F4009709F4DCC06C01E12CF12CAC858F
:10550000BD85109709F4D4C029803A80EC81FD81D3
:10551000F9A3E8A3FB81FAA32E814F8158855CA3F0
:105520004BA330E00F9470486DA37EA38FA398A780
:105530004601570188A199A1881A990AA108B108C2
:105540002DA13EA14FA158A5821A930AA40AB50A1B
:105550002BA13CA145E0220F331F4A95E1F7C10181
:105560000197820F931FB1010F941848A501940170
:10557000261B370B41095109CA01B9012F2F30E011
:1055800040E050E00F943F4849015A0135EF83163F
:105590003FE09306A104B10408F48AC045EF8416E5
:1055A0004FEF9406A104B10430F486E0AA8DBB8DC0
:1055B00018968C9304C08BE0EA8DFB8D808788E180
:1055C000F8013296DF011D928A95E9F72101612CDD
:1055D000712CA7019601C301B2010F940948F8018B
:1055E000628373838483958328A139A1D1010F94A9
:1055F0007048CC8CDD8CEE8CFF8CC60ED71EE81E5E
:10560000F91EC682D782E086F186A50194012E5F3D
:105610003F4F4F4F5F4FEA8DFB8D8085863029F0DD
:1056200064E070E080E090E004C062E070E080E060
:1056300090E00F940948D8011A966D937D938D934D
:105640009C931D971F963C922E921E97BAA1B29DD5
:10565000C001B39D900D1124F801918B808B2DA179
:105660003EA14FA158A5C301B2010F940948C60E2F
:10567000D71EE81EF91EC68AD78AE08EF18EEBA1EE
:10568000FCA1CF01A0E0B0E025E0880F991FAA1F80
:10569000BB1F2A95D1F7C80ED91EEA1EFB1ED801E2
:1056A0005296CD92DD92ED92FC925597C80105C0BD
:1056B000C8010F94274980E090E0A8960FB6F894AF
:1056C000DEBF0FBECDBFDF91CF911F910F91FF9035
:1056D000EF90DF90CF90BF90AF909F908F907F9092
:1056E0006F905F904F903F902F900895EF92FF92B0
:1056F0000F931F93CF93DF93009729F161157105E5
:1057000011F1FB0120A124FD1EC08B017C0187E368
:1057100090E00F948F48EC010097A9F0DC011296FD
:105720008FE2F80101900D928A95E1F7F982E88203
:1057300019AA1AAA1BAA1CAAF80185A196A19EABB8
:105740008DABCE0102C080E090E0DF91CF911F9140
:105750000F91FF90EF9008952F923F924F925F929A
:105760006F927F928F929F92AF92BF92CF92DF9271
:10577000EF92FF920F931F93CF93DF9300D000D04F
:10578000CDB7DEB79E838D837C836B831A01892B13
:1057900019F48FEF9FEFC8C08B819C81892BC9F3CF
:1057A000452BB9F3AD81BE81D1964D905D906D9042
:1057B0007C90D49799968D919D910D90BC91A02D40
:1057C000B301A201420D531D611D711D8417950780
:1057D000A607B70728F41C012418350809F4A2C04D
:1057E000AD81BE81ED91FC911197808991899A8359
:1057F0008983D5960D911C91D6970115110591F5C8
:1058000097960D911C9198970115110561F481E00F
:1058100090E045284628472811F480E090E09195D3
:105820008195910981C04114510461047104D1F042
:1058300073016201E981FA814F01A12CB12CC814D6
:10584000D904EA04FB0470F0C818D908EA08FB0878
:10585000B801AD81BE818D919C9191DC8C01892B29
:1058600071F797CF89819A81019748225922610166
:10587000AD81BE81AD90BC90B801C501AAD9298186
:105880003A812419350976012C153D0508F4790172
:10589000640D751D811D911DD501ED91FC91019047
:1058A000F081E02D97014B815C811995882351F19E
:1058B000EB81FC81EE0DFF1DFC83EB83CE18DF082E
:1058C000ED81FE8181A992A9A3A9B4A98E0D9F1D86
:1058D000A11DB11D81AB92ABA3ABB4ABE40CF51C25
:1058E00089819A81E816F90698F0B8018081918142
:1058F00046DC8C01892B51F4AD81BE81D6961C9279
:105900001E92D597C1018C199D090EC0412C512CB6
:10591000ED81FE8116AB05ABC114D10409F0A8CF0F
:10592000C10102C080E090E026960FB6F894DEBF79
:105930000FBECDBFDF91CF911F910F91FF90EF90E0
:10594000DF90CF90BF90AF909F908F907F906F909F
:105950005F904F903F902F9008952F923F924F92DB
:105960005F926F927F928F929F92AF92BF92CF92EF
:10597000DF92EF92FF920F931F93CF93DF9300D0AC
:105980001F92CDB7DEB79C838B835B015A8349831B
:10599000892B19F48FEF9FEF07C1672BD9F389810A
:1059A0009A81892BB9F3AB81BC81D1964D915D91E0
:1059B0006D917C91D49799968D919D910D90BC910C
:1059C000A02D84179507A607B70720F3EB81FC816C
:1059D00080819181DC0150962D903C90519705A9D2
:1059E00016A94101B1E08B1A910884229522011574
:1059F000110509F04BC007A110A50115110589F487
:105A0000452B462B472B31F641E050E060E070E03B
:105A10001ED88C01EB81FC8190A787A3892B09F408
:105A2000B9CFAB81BC81D196CD90DD90ED90FC904B
:105A3000D497C114D104E104F10441F12101612C96
:105A4000712CC414D504E604F70400F1C418D50879
:105A5000E608F708B801EB81FC81808191818FDB3A
:105A6000009791F4C114D104E104F10409F092CF3C
:105A700041E050E0B801AB81BC818D919C910E94C6
:105A800027A5009709F486CF8C01DBCFE980FA8047
:105A9000EB81FC8160807180B801C3019AD89101CB
:105AA0002819390967012E153F0508F46901680DA9
:105AB000791D811D911DD301ED91FC910480F5812B
:105AC000E02D9601A5011995882309F441C0AC0C7D
:105AD000BD1CEC18FD08EB81FC8181A992A9A3A94A
:105AE000B4A98C0D9D1DA11DB11D81AB92ABA3ABC3
:105AF000B4ABC80CD91CC214D30400F1B801808126
:105B000091813DDB0097B9F4E114F10439F4AB81E4
:105B1000BC81D6961C921E92D5971AC041E050E0E7
:105B2000B801EB81FC81808191810E9427A58C01C5
:105B3000892B11F4ECCF8C01812C912CAB81BC8191
:105B4000D6961C930E93D597E114F10409F0A0CFDB
:105B5000EB81FC8181A992A9A3A9B4A981A492A4F3
:105B6000A3A4B4A488169906AA06BB06C8F481A704
:105B700092A7A3A7B4A7BF016E5F7F4F80819181D9
:105B80006ED981110DC0AB81BC81D196ED90FC9096
:105B9000D297E818F908FD0181AA92AAA3AAB4AA8B
:105BA00089819A818E199F090F900F900F900F9005
:105BB000DF91CF911F910F91FF90EF90DF90CF90E9
:105BC000BF90AF909F908F907F906F905F904F901D
:105BD0003F902F9008952F923F924F925F926F9235
:105BE0007F928F929F92AF92BF92CF92DF92EF926D
:105BF000FF920F931F93CF93DF931F921F92CDB706
:105C0000DEB7009711F480E0BCC06A017B011C0183
:105C1000DC0197960D911C9198970115110529F4B7
:105C2000452B462B472B09F49BC0D101ED91FC91EC
:105C30008088918826013701A12CB12C8414950409
:105C4000A604B70468F4B801F1018081918197DA64
:105C5000009749F0481859086A087B088C01EECF74
:105C60000115110509F5D301C201880D991DAA1D61
:105C7000BB1DBC01CD016150710981099109A501CC
:105C800094010F943F48A901B801D1018D919C91D5
:105C90000E9427A5009709F4B6CF0115110521F43C
:105CA000F10190A787A38C01D1019996CD92DD9245
:105CB000ED92FC929C97C114D104E104F10421F40B
:105CC00098961C921E929797B1016E5F7F4FF101DB
:105CD00080819181C4D8882309F495CFC114D1045F
:105CE000E104F10429F4B801D1018D919C9136C0F1
:105CF00084149504A604B70498F1F101A080B18042
:105D0000A114B10469F10230110550F1B801C501C7
:105D100036DA4C018FEF9FEF9A838983000F111FB2
:105D2000F50186819781A085B185BC01CD01600F09
:105D3000711F811D911D0190F081E02D0480F5817E
:105D4000E02D22E030E0AE014F5F5F4F19958823D0
:105D500039F08114910421F0B401C5010E94B7A467
:105D6000F10181A992A9A3A9B4A9C816D906EA0686
:105D7000FB0630F4C1AAD2AAE3AAF4AA16AA15AA6D
:105D800081E00F900F90DF91CF911F910F91FF90C5
:105D9000EF90DF90CF90BF90AF909F908F907F90CB
:105DA0006F905F904F903F902F900895CF92DF9229
:105DB000EF92FF920F931F93CF93DF93EC01FB01C0
:105DC000892BD1F13097C1F1413069F038F0423080
:105DD00099F5C9A4DAA4EBA4FCA409C0C080D180C1
:105DE000E280F3800CC0C9A8DAA8EBA8FCA88081E7
:105DF0009181A281B381C80ED91EEA1EFB1E8F01BC
:105E000089A59AA5ABA5BCA58C159D05AE05BF05BA
:105E100068F0C9AADAAAEBAAFCAA1EAA1DAAF80170
:105E2000C082D182E282F38281E007C0B701A6017D
:105E3000CE01D1DE8111EDCF80E0DF91CF911F91B6
:105E40000F91FF90EF90DF90CF900895EF92FF9227
:105E50000F931F93CF93DF93009719F1611571058D
:105E600001F1FB0120A124FF1CC08B017C0185E313
:105E700090E00F948F48EC01009799F0DC011296A6
:105E80008FE2F80101900D928A95E1F7F982E8829C
:105E9000F80185A196A19AAB89AB1CAA1BAACE01D9
:105EA00002C080E090E0DF91CF911F910F91FF90B1
:105EB000EF900895009711F00D9427490895FACFB7
:105EC0002F923F924F925F926F927F928F929F920A
:105ED000AF92BF92CF92DF92EF92FF920F931F93F8
:105EE000CF93DF93CDB7DEB7A9970FB6F894DEBF97
:105EF0000FBECDBFFC01892B09F486C06115710569
:105F000009F482C060807180D30150964D905C90FE
:105F10005197A1A8B2A883A894A88FE2DB011D9293
:105F20008A95E9F71E01B1E22B0E311C85E0D10103
:105F30001D928A95E9F77AA369A3A114B10459F4D3
:105F4000D30152964D905C90539756968D919C91AB
:105F50005797481A590A79A768A7FFA3EEA38DA1FE
:105F6000811142C08201081919096401E12CF12C48
:105F7000A114B10441F4F30186899789A08DB18DF4
:105F8000BC01CD0104C0B501C3010E94E9A56C0D9F
:105F90007D1D8E1D9F1D1CA21BA2D301ED91FC91A6
:105FA0000280F381E02D610127E0E22E26EAF22E45
:105FB00020E230E0AE014F5F5F4F1995882321F159
:105FC0008BA19CA1880E991E8414950440F2B50102
:105FD000C301D5D85C01812C912C892B09F0BFCF4E
:105FE000EEA1FFA1A7A0B0A4AEA1BFA1D296BC9282
:105FF000AE92D197D4969C928E92D39781E0E8A5E9
:10600000F9A59081911101C080E0A9960FB6F8948E
:10601000DEBF0FBECDBFDF91CF911F910F91FF90DB
:10602000EF90DF90CF90BF90AF909F908F907F9038
:106030006F905F904F903F902F9008958F929F9216
:10604000AF92BF92CF92DF92EF92FF920F931F9386
:10605000CF93DF935C01EB018A01892B09F465C0C2
:10606000209709F462C08881882309F45EC0452B1B
:1060700009F45BC08F3209F421968FE2F801119286
:106080008A95E9F780E1F80180A38881811102C037
:1060900081E04CC0B801C501D9DE6C01892B09F43F
:1060A00044C06FE270E0CE010F941F4B009741F0A7
:1060B000E82EEC1A4C012FEF821A920AF12C16C02E
:1060C000FE0101900020E9F73197EC1BFD0BEE2E4D
:1060D0004E018E0E911CF2CFF80101900020E9F7DD
:1060E0003197E01BF10BEE15FF0531F0B801C60149
:1060F000E7DE8111F1CF16C0A701B801CE010F94E0
:106100004A4B892B99F7C601D5DECE0DDF1D88815C
:10611000882309F4BDCFF80180A184FF06C0E40103
:10612000C12CD12CC601C6DEB0CF80E0DF91CF916B
:106130001F910F91FF90EF90DF90CF90BF90AF90A5
:106140009F908F900895FC01892B41F087A190A525
:1061500092AB81AB14AA13AA81E0089580E0089560
:10616000CF92DF92EF92FF920F931F93CF93DF9323
:10617000009709F43DC061157105D1F1FB01208143
:106180002223B1F1EA017B018C01209789F1BE0144
:10619000C80196DE882349F0BE01C7010F942A4B3F
:1061A000892BA9F7C801CFDF23C0F801C080D180B7
:1061B0008FE2FE0111928A95E9F74FE150E0B701B5
:1061C000CE010F94584BB801695D7F4FAE01C601F7
:1061D00044D86BA77CA78DA79EA7672B682B692B3C
:1061E00039F0BE01C6010E942FA791E0811101C0C4
:1061F00090E0892FDF91CF911F910F91FF90EF9049
:10620000DF90CF9008959F92AF92BF92CF92DF928E
:10621000EF92FF920F931F93CF93DF93CDB7DEB72B
:106220002C970FB6F894DEBF0FBECDBF009711F4C8
:1062300080E04DC061157105D9F3DB019B96CD90CF
:10624000DD90ED90FC909E97C114D104E104F1041F
:1062500079F35B018C0185EE982ED801ED91FC91CC
:106260000190F081E02D2CE030E0AE014F5F5F4FF8
:10627000C701B60119958823D9F29982D801ED9109
:10628000FC910480F581E02D2CE030E0AE014F5F01
:106290005F4FC701B6011995882351F28C858F3065
:1062A00031F4B0E2CB0ED11CE11CF11CD6CFF501CC
:1062B00065A176A16115710549F0C8010E94B7A4D6
:1062C00091E0811101C090E0892F01C081E02C96FE
:1062D0000FB6F894DEBF0FBECDBFDF91CF911F91F7
:1062E0000F91FF90EF90DF90CF90BF90AF909F9075
:1062F00008952F923F924F925F926F927F928F926A
:106300009F92AF92BF92CF92DF92EF92FF920F9344
:106310001F93CF93DF93CDB7DEB7A6970FB6F89450
:10632000DEBF0FBECDBF009721F460E070E0CB016F
:1063300056C09EA38DA31AA219A280E290E09CA34E
:106340008BA3ADA1BEA116968D909D90AD90BC90F3
:1063500019971A964D905D906D907C901D97411401
:1063600051046104710499F1BEEF4B16BFEF5B0657
:106370006104710410F4120104C09EEF292E33242D
:106380003A94ADA1BEA1ED91FC910280F381E02D84
:10639000CE0181966C0184E1E82E87EAF82E810116
:1063A00020E230E0AE014F5F5F4FC501B4011995A7
:1063B000882309F4BACFC101A0E0B0E0880E991E8D
:1063C000AA1EBB1E481A590A6A0A7B0AC8CF29A10D
:1063D0003AA1EDA1FEA1A089B1890F947048A696BB
:1063E0000FB6F894DEBF0FBECDBFDF91CF911F91E6
:1063F0000F91FF90EF90DF90CF90BF90AF909F9064
:106400008F907F906F905F904F903F902F90089566
:106410000F93CF93DF93CDB7DEB7AF970FB6F89456
:10642000DEBF0FBECDBF00E027E931ED47EF50EDF5
:1064300065EA70ED8DEA9FEC38D09093FA46809330
:10644000F946892B69F08091F9469091FA460E94AD
:106450000BAA9093F8468093F7460097A1F410C0DA
:106460000FEF27E931ED47EF50ED65EA70ED8DEA6A
:106470009FEC1BD09093FA468093F946892B19F72D
:106480008FEF9FEF08C0AE014F5F5F4F6BE572E289
:10649000D5DD80E090E0AF960FB6F894DEBF0FBE7A
:1064A000CDBFDF91CF910F9108958F929F92AF92C0
:1064B000BF92CF92DF92EF92FF920F93CF93DF9331
:1064C000CDB7DEB760970FB6F894DEBF0FBECDBF75
:1064D000009719F480E090E04FC061157105D1F389
:1064E0000430C4F759014A016B017C0107FF08C061
:1064F00081E190E00F948F48FC01892BC1F4EACF31
:1065000080E10802B001112462547E4F072E000C76
:10651000880B990B20E130E0AE014F5F5F4FF70130
:1065200019958823B9F28D818111E2CFD3CF81E112
:10653000DF011D928A95E9F7F182E082D382C2825F
:1065400095828482B782A68207FD13C08D818087E1
:1065500089859A85AB85BC8581879287A387B48717
:106560008D859E85AF85B88985879687A787B08BEF
:1065700002C08FEF8087CF0160960FB6F894DEBF20
:106580000FBECDBFDF91CF910F91FF90EF90DF90C5
:10659000CF90BF90AF909F908F900895DB01FC014A
:1065A00040E050E0BA01A230B10584F0208130E033
:1065B000322F22278181280F311D20953095420FDF
:1065C000531F611D711D12973296EDCF119751F433
:1065D000808190E0982F882780959095480F591FCB
:1065E000611D711DDB01CA01AA27BB27AB0166270C
:1065F0007727480F591F6A1F7B1FDB01CA01AA2793
:10660000BB27AB0166277727840F951FA61FB71FEF
:1066100008958927982789270895EBEFF6E4828566
:10662000882311F0815082873B9687E4E732F80790
:10663000B1F70895EBEFF6E41286158A10A213A6BF
:1066400062E08DE093EB0C94EAD1EF92FF920F930E
:106650001F93CF93DF938C01EB018C899D8923D607
:106660008130910539F0029709F082C0EBEFF6E432
:106670002EE170C04EA15FA168A579A580911D2271
:1066800090911E22A0911F22B091202248175907F5
:106690006A077B0709F06CC082E090E004D69D8B0E
:1066A0008C8BFE017696CE014C96DF012D911996CA
:1066B0002C931997A817B907C9F72AE0E22E22E20E
:1066C000F22E9701D9014D919D014193E817F907E9
:1066D000C9F74C8D5D8D6E8D7F8D4EA35FA368A72E
:1066E00079A740911D2250911E2260911F22709126
:1066F00020224C8F5D8F6E8F7F8FFE01CE0106961C
:1067000026812193D7012D917D0125838E179F0727
:10671000B9F7BE01C801DF91CF911F910F91FF9092
:10672000EF9031C62287BE016A5E7F4F80E090E025
:10673000DB013D91BD01AF01480F591FDA011496ED
:106740003C9301968630910599F73B96B7E4E73282
:10675000FB0771F040815181628173818C8D9D8D29
:10676000AE8DBF8D481759076A077B0771F7DACFDF
:10677000DF91CF911F910F91FF90EF9008952F928D
:106780003F924F925F926F927F928F929F92AF92C1
:10679000BF92CF92DF92EF92FF920F931F93CF930E
:1067A000DF93CDB7DEB71B012C01742E652E8DB69D
:1067B0009EB6ABEFB6E4FD0180E090E02285222397
:1067C00001F1408151816281738142155305640555
:1067D0007505B9F4E72DF62D2BE0289FA001299F20
:1067E000500D112480E090E0DC01A40FB51FA550EE
:1067F000B94B14962C912193019686309105A1F7FF
:10680000B1C001963B9684309105C1F6C12CD12CC4
:106810001A968C911A9781110DC08BE08C9DF00116
:106820008D9DF00D1124E550F94B2082318242827A
:1068300053820AC08FEFC81AD80A1B9694E0C91673
:10684000D10431F7C12CD12CADB7BEB79A970FB692
:10685000F894BEBF0FBEADBF0DB71EB70F5F1F4F81
:1068600081E090E020D5F8019787868780E098E066
:106870001AD5D80151969C938E93509786E05296E4
:106880008C93529784E053968C9381E090E00BD5E3
:10689000F801958B848B10A211A212A213A214A24C
:1068A00015A226A237A240A651A68AE0E82E82E2CF
:1068B000F82E76969801245E3F4FC701DC014D917A
:1068C000CD014193E217F307C9F740911D22509182
:1068D0001E2260911F2270912022F801448F558F53
:1068E000668F778FC80106963FEF3193D7012D91C0
:1068F0007D012583E817F907C1F786E098E0D3D436
:10690000F80195878487B8018AE290E03CD50E941F
:1069100022D27C01FF2441E064E670E0C7010E94BE
:1069200046D28BE08C9D50018D9DB00C1124C50189
:106930008B5F984B6C01D6018C918823B1F0E72DC9
:10694000F62D80E090E0DC01AA0DBB1DA550B94BEF
:1069500014962C912193019686309105A1F7C701D9
:106960000E9482D280E090E015C0C7010E9467D2E9
:10697000892B31F4C7010E9482D281E090E00AC0E5
:10698000C7010E9467D2C297B1F6B8018AE290E0CF
:10699000FAD4D1CF0FB6F8949EBE0FBE8DBEDF9154
:1069A000CF911F910F91FF90EF90DF90CF90BF900C
:1069B000AF909F908F907F906F905F904F903F909F
:1069C0002F900895CF92DF92EF92FF92CF93DF93B3
:1069D000843091057CF5EBE0E89FE001E99FD00D64
:1069E0001124FE01E550F94BC080D180E280F38094
:1069F000FB01C082D182E282F382FA0140E050E0E2
:106A0000DA01AC0FBD1FA550B94B14966C91619380
:106A10004F5F5F4F4630510599F74BE0489FF001BB
:106A2000499FF00D1124E550F94B8285F9018083CF
:106A300081E001C080E0DF91CF91FF90EF90DF9087
:106A4000CF900895CF93DF93FC01D62FC72F858178
:106A50001F928F9384811F928F9383811F928F93B4
:106A600082811F928F9381811F928F9380811F92C9
:106A70008F938DEE98E79F938F937F936F930F94EF
:106A80000D4C8DB79EB740960FB6F8949EBF0FBEC3
:106A90008DBF8D2F9C2FDF91CF910895E0E0F0E026
:106AA000D901AE0FBF1F9C919F3F59F03196D9017C
:106AB000AE0FBF1F9C91E90FF11D3196E036F10535
:106AC0007CF3D901AE0FBF1F8533B9F130F48233A7
:106AD00009F43FC08333E9F162C0873309F44DC044
:106AE000B8F18D3309F05BC08C9387E011968C93DD
:106AF000119781E012968C93129780910A22139637
:106B00008C93139780910B2214968C9314978091F9
:106B10000C2215968C93159780910D2216968C93C6
:106B2000169780910E2217968C9380910F22DF0189
:106B30001896A20FB31F399631C08C9381E011963D
:106B40008C93DF011296A20FB31F33964C9327C08C
:106B500086E38C9384E011968C93119712964C9354
:106B6000129713965C93139714966C93DF01159606
:106B7000A20FB31F36967C9312C08C9383E01196BC
:106B80008C93119791E012969C93129713968C9385
:106B9000DF011496A20FB31F359686E08C93D901BE
:106BA000AE0FBF1F8FEF8C93CF0101960895AF9268
:106BB000BF92CF92DF92EF92FF920F931F93CF93EA
:106BC000DF93AC0190E020E030E05A018CE0A80EA9
:106BD000B11C8A01005F1F4F7A0184E1E80EF11CAD
:106BE0006A0188E0C80ED11C4C5F5F4FFB01E20FC9
:106BF000F31F80818F3F09F443C02F5F3F4FEB01AC
:106C0000C20FD31F863001F158F48130B1F08330C8
:106C100071F5F9013196E60FF71F84E0DA011AC029
:106C2000853321F18633D9F0833309F5F9013196A3
:106C3000E60FF71F84E0D7010DC0F9013196E60F8A
:106C4000F71F84E0D60106C0F9013196E60FF71F61
:106C500084E0D50101900D928A95E1F708C0F90111
:106C60003196E60FF71F84E0D801F4CF998188812F
:106C7000280F311D2F5F3F4F203631050CF4B6CF62
:106C8000892FDF91CF911F910F91FF90EF90DF90AF
:106C9000CF90BF90AF900895CF93DF93EC0181E048
:106CA0008883898386E08A831B82DE01149684E0D0
:106CB000ECE0F2E201900D928A95E1F719861886D0
:106CC0001B861A861C861D861E861F86188A198AB0
:106CD0001A8A1B8A1C8A1D8A1E8A1F8A188E198E80
:106CE0001A8E1B8EAAE0B2E2FE017C96CE0182963D
:106CF0002D912193E817F907D9F7DE019C96FE0143
:106D0000E459FF4F1D92AE17BF07E1F7DE01A45112
:106D1000BF4F1192AE17BF07E1F743E652E863E5B4
:106D200073E64D935D936D937C931397FE01E05151
:106D3000FF4FC05BDE4FDF011192CE17DF07E1F797
:106D40008FEF8C93DF91CF910895CF92DF92EF92E6
:106D5000FF920F931F93CF93DF936C017B01EA01A6
:106D6000CB019ADF870100511F4F980143E050E0AB
:106D700060E070E085E392DE488959896A897B8901
:106D8000980186E38BDE4C895D896E897F89980145
:106D900083E384DE488159816A817B81980182E3A3
:106DA0007DDE980140E050E0BA018DE377DE980186
:106DB00040E050E0BA0187E371DEA70160E571E0D1
:106DC000C6010E9419C10E9422D27C018FEFE816F1
:106DD000F80609F45FC041E068EE73E0C7010E9465
:106DE00046D2C6010E944FBF8097A9F4C7010E94F6
:106DF00082D2B801CE01DBDE8530C9F01F928F93BD
:106E000087E299E79F938F930F94E64B0F900F9033
:106E10000F900F903FC0C7010E9467D2892B09F7DE
:106E2000C7010E9482D2C6010E9491BF33C08881EF
:106E30009981AA81BB8180931D2290931E22A093E9
:106E40001F22B093202288859985AA85BB858093CF
:106E5000192290931A22A0931B22B0931C228C819A
:106E60009D81AE81BF818093152290931622A093BD
:106E70001722B09318228C859D85AE85BF8580939F
:106E8000112290931222A0931322B093142280E037
:106E900090E002C08FEF9FEFDF91CF911F910F9194
:106EA000FF90EF90DF90CF900895AF92BF92CF9276
:106EB000DF92EF92FF920F931F93CF93DF937C01AA
:106EC0006B015A01CB01E8DE860100511F4F98018A
:106ED00041E050E060E070E085E3E0DD98014FEFD5
:106EE0005FEF6FE070E083E3D9DD980140E050E0B0
:106EF000BA018DE3D3DD980140E050E0BA0187E3A9
:106F0000CDDDA60160E571E0C7010E9419C10E94B4
:106F100022D2EC01CF3F8FEFD807C9F141E068EEF4
:106F200073E0CE010E9446D2C701B9D78097A9F479
:106F3000CE010E9482D2B801C50139DE8230C1F093
:106F40001F928F938BE099E79F938F930F94E64B5B
:106F50000F900F900F900F901AC0CE010E9467D231
:106F6000892B11F7CE010E9482D2C701DAD70FC058
:106F7000F60180899189A289B389F5018083918383
:106F8000A283B383C701B3D780E090E002C08FEF44
:106F90009FEFDF91CF911F910F91FF90EF90DF90C6
:106FA000CF90BF90AF9008954F925F926F927F9273
:106FB0009F92AF92BF92CF92DF92EF92FF920F9388
:106FC0001F93CF93DF93CDB7DEB7ADB6BEB640907B
:106FD0001D2250901E2260901F227090202210923D
:106FE0001D2210921E2210921F22109220228DB775
:106FF0009EB748970FB6F8949EBF0FBE8DBF0196FF
:107000006C01815591400FB6F8949EBF0FBE8DBFA5
:1070100001967C018C0120E531E043E450E06FEF04
:107020007FEFCB010E949FC18C010F3F9FEF19079B
:1070300071F08AE0982EA601B701C80136DF9A9454
:10704000992019F00196B9F30DC0019659F44092B8
:107050001D2250921E2260921F22709220228FEFDA
:107060009FEF15C0A601B701C8016FDE8F3F2FEF5C
:10707000920749F440921D2250921E2260921F22D4
:107080007092202204C0C8014CD780E090E00FB677
:10709000F894BEBE0FBEADBEDF91CF911F910F9190
:1070A000FF90EF90DF90CF90BF90AF909F907F9038
:1070B0006F905F904F9008951F93CF93DF93FC01E3
:1070C00001900020E9F731979F01281B390BA90196
:1070D00041505109DB01A20FB31FFC01E20FF31F66
:1070E00080E090E0ED0157FD0DC012911E3221F4B9
:1070F0008C9380E090E002C01C93019641505109AE
:107100001197F1CFA90137FF02C040E050E0F9012B
:10711000E41BF50BAF01FB01E40FF51F808319821F
:10712000C9010196DF91CF911F9108956F927F92CF
:107130008F929F92AF92BF92CF92DF92EF92FF9287
:107140000F931F93CF93DF93CDB7DEB78C016DB64E
:107150007EB68DB79EB7825D91090FB6F8949EBF3B
:107160000FBE8DBFEDB7FEB731967F018DEC9AE172
:10717000EDB7FEB79283818380E091E094D0F70170
:107180009383828381E090E08ED0F701958384839E
:10719000178216821186108613861286B701645FE5
:1071A0007F4FC80189DF6C01F701E80FF91F1586D1
:1071B00081E086871786808B609111227091122260
:1071C0008091132290911422870122ED30E045E353
:1071D00050E00E949FC15C018F3FFFEF9F0779F154
:1071E00086010F5E1F4FA701B8010E9419C10E94BE
:1071F00022D24C018F3F2FEF920709F141E068EC5A
:1072000070E00E9446D2C5014AD6809771F4C4014D
:107210000E9482D2C50185D6F70182819381F9D976
:107220008F709927892B59F40EC0C4010E9467D230
:10723000892B49F7C4010E9482D2C50172D66FEF33
:107240007FEFCB011CC0F5E0CF0ED11C0E0D1F1D32
:10725000F80182819381DDD9F801019761F082857F
:107260009385D7D9FCE0CF0ED11CC80ED91E86015C
:10727000045F1F4FEBCF64857585868597850FB6B4
:10728000F8947EBE0FBE6DBEDF91CF911F910F911E
:10729000FF90EF90DF90CF90BF90AF909F908F9036
:1072A0007F906F90089589279827892708956927E7
:1072B0009627692778278727782708950F931F93A4
:1072C000CF93DF93CDB7DEB7CE5ED5400FB6F8943F
:1072D000DEBF0FBECDBFBE016F5F7F4F8EEE95E06C
:1072E0000E946ACB8C01892B09F441C08091274709
:1072F00090912847A0912947B0912A470196A11D56
:10730000B11D8093274790932847A0932947B093B6
:107310002A4740912B4750912C4760912D477091FF
:107320002E47C801012E000CAA0BBB0B840F951F22
:10733000A61FB71F80932B4790932C47A0932D47F0
:10734000B0932E478D859E85AEDF811528E092078C
:1073500049F08630984059F4BE016F5F7F4FC801F5
:1073600074D905C0BE016F5F7F4FC80152D1C251B1
:10737000DA4F0FB6F894DEBF0FBECDBFDF91CF91CD
:107380001F910F910895CF92DF92EF92FF929B0190
:1073900040912747509128476091294770912A478B
:1073A0004F5F5F4F6F4F7F4F409327475093284762
:1073B0006093294770932A47AC01092E000C660B95
:1073C000770BC0902B47D0902C47E0902D47F09042
:1073D0002E474C0D5D1D6E1D7F1D40932B47509316
:1073E0002C4760932D4770932E47B901FF90EF9083
:1073F000DF90CF900C943BCBCF93DF9328E030E02D
:10740000EB013D872C87AAE0B2E2FB012D91268398
:10741000EC012991CE012193D2E2A031BD07B1F751
:10742000DF91CF910895CF938091F225823069F456
:10743000CFB7F89481E08093F2250E94BDD584E017
:1074400090E00E94427CCFBF13C08091EE259091C6
:10745000EF25A091F025B091F1250196A11DB11D58
:107460008093EE259093EF25A093F025B093F1251E
:10747000CF910895CF938091F225813069F4CFB7F1
:10748000F89482E08093F22584E090E00E94EA7B09
:107490000E94C0D5CFBF13C08091EE259091EF25FB
:1074A000A091F025B091F1250196A11DB11D809309
:1074B000EE259093EF25A093F025B093F125CF9181
:1074C0000895CF93DF93CDB7DEB7CE5ED5400FB62C
:1074D000F894DEBF0FBECDBF0E94E1CA8AE092E2FF
:1074E0000E9497CABE016F5F7F4F8EEE95E00E94AB
:1074F0006ACB892BB9F74EE559EB60E070E084E088
:1075000090E00E94FA7B81E08093F2251092EE25B4
:107510001092EF251092F0251092F125ABDFC251A9
:10752000DA4F0FB6F894DEBF0FBECDBFDF91CF911B
:107530000895EF92FF920F931F93CF93DF937C01F7
:10754000FB0126852F70F4E02F9F90011124890103
:10755000025F1F4F060F171FF8019081992309F44E
:1075600044C0983009F04EC0EB018A8D9B8DAC8DE4
:10757000BD8D8E8F9F8FA8A3B9A380911D2290915E
:107580001E22A0911F22B09120228A8F9B8FAC8F48
:10759000BD8F198E188EB901CE010E960E94CEB203
:1075A00082DE998F888FF801108211829281983F34
:1075B00018F083818F5F8383985FF8019283FE01C7
:1075C000AAE0B2E2CE010696268121932D91258371
:1075D000E817F907C9F7BE01C7010497DF91CF91FA
:1075E0001F910F91FF90EF90CECEF801848195818D
:1075F0008D319C4A39F480911022813019F482E057
:1076000080931022DF91CF911F910F91FF90EF9007
:107610000895EF92FF920F931F93CF93DF938C0106
:10762000EB01EC88FD888FEF9FE33DDE8E219F21EB
:10763000892B09F046C08F898630F9F08131C1F17C
:10764000813009F03EC04E8D5F8D68A179A1809197
:107650001D2290911E22A0911F22B0912022481736
:1076600059076A077B0769F5BE01C801DF91CF9111
:107670001F910F91FF90EF905CCF4E8D5F8D68A1B1
:1076800079A180911D2290911E22A0911F22B0917C
:107690002022481759076A077B0799F4BE01C801E1
:1076A000DF91CF911F910F91FF90EF900C94A2DA90
:1076B000BE01C801DF91CF911F910F91FF90EF9014
:1076C000E4C4DF91CF911F910F91FF90EF90089547
:1076D000BF92CF92DF92EF92FF920F931F93CF93BF
:1076E000DF936B017C01B42EE80185E48E871F8651
:1076F000C9014496D8DD998B888B8CEA9DE19B8BE0
:107700008A8B80E490E09D8B8C8B8E8BBF8A198E48
:10771000188E80911D2290911E22A0911F22B0915F
:1077200020228A8F9B8FAC8FBD8FCE8EDF8EE8A2FA
:10773000F9A26E856F7084E0689FB0011124C801C2
:107740000E960E94CEB2AFDD998F888FDF91CF91D8
:107750001F910F91FF90EF90DF90CF90BF90089511
:107760006F927F928F929F92AF92BF92CF92DF9251
:10777000EF92FF920F931F93CF93DF936C01FC0165
:1077800001900020E9F731973F01681A790A60E01B
:1077900070E0CB01E12CF12CC0E0D0E0C615D7059C
:1077A00030F524E0E216F104A8F58824962EA72EE1
:1077B000B82E86010C0F1D1FC8010F94B049092E69
:1077C000000CAA0BBB0BBC01CD01682979298A29C1
:1077D0009B29F80121912E3221F42FEFE21AF20AAF
:1077E00004C02196C615D705A8F32196D7CF23E06C
:1077F000E216F10479F4DF91CF911F910F91FF9080
:10780000EF90DF90CF90BF90AF909F908F907F9040
:107810006F904DCD60E070E0CB01DF91CF911F9173
:107820000F91FF90EF90DF90CF90BF90AF909F901F
:107830008F907F906F900895CF93DF93D42FC52FB3
:107840001F929F931F928F931F927F931F926F930C
:1078500083E499E79F938F935F934F930F940D4C1D
:107860008DB79EB70C960FB6F8949EBF0FBE8DBF16
:107870008D2F9C2FDF91CF910895CF92DF92EF92C1
:10788000FF920F931F93CF93DF93CDB7DEB7E397AC
:107890000FB6F894DEBF0FBECDBF8FEF9AE70E9400
:1078A00081A4019671F0BE016F5F7F4F8BEF9AE765
:1078B0000E9472A34CE050E06AE072E2CE010196B1
:1078C000E3D7FFDDC0900F22D0900E22E0900D2272
:1078D000F0900C2200910B2210910A220E94DDCA26
:1078E0001F92CF921F92DF921F92EF921F92FF92F0
:1078F0001F920F931F921F939F938F938FEA9AE784
:107900009F938F930F94E64B0E9400CC82EA9AE7F4
:107910009F938F930F94E64B0FB6F894DEBF0FBE84
:10792000CDBF0E94F6CB8111FCCF84E99AE79F93EB
:107930008F930F94E64B0E941AB38BE79AE79F93BD
:107940008F930F94E64B17D381E59AE79F938F931C
:107950000F94E64B0E9405DA86E29AE79F938F9395
:107960000F94E64B81E29AE70E9481A40FB6F89447
:10797000DEBF0FBECDBF0196B9F483E09BE79F93B6
:107980008F930F94E64B10DB0F900F90892B19F417
:1079900085E49BE702C088E29BE79F938F930F9457
:1079A000E64B0F900F90BAC0BE016F5F7F4F8CE126
:1079B0009AE70E9472A369E17AE7CE0101960F94DB
:1079C0001F4A892B09F05AC083E09BE79F938F934E
:1079D0000F94E64BE9DA0F900F90892BC9F288E2F9
:1079E0009BE79F938F930F94E64BBE016F5F7F4F92
:1079F00088E69BE70E9472A3CE010196B1DE6093F8
:107A00001D2270931E2280931F2290932022BE017C
:107A10006F5F7F4F83E69BE70E9472A3CE010196C2
:107A20009FDE6093192270931A2280931B229093F9
:107A30001C22BE016F5F7F4F8AE59BE70E9472A305
:107A4000CE0101968DDE60931522709316228093ED
:107A5000172290931822BE016F5F7F4F8FE59BE73F
:107A60000E9472A3CE0101967BDE60931122709377
:107A70001222809313229093142293CFBE016F5F42
:107A80007F4F88E69BE70E9472A3019659F0CE01D2
:107A9000019666DE60931D2270931E2280931F2242
:107AA00090932022BE016F5F7F4F83E69BE70E9489
:107AB00072A3019659F0CE01019652DE609319220D
:107AC00070931A2280931B2290931C22BE016F5F39
:107AD0007F4F8AE59BE70E9472A3019659F0CE0181
:107AE00001963EDE60931522709316228093172232
:107AF00090931822BE016F5F7F4F8FE59BE70E9436
:107B000072A3019659F0CE0101962ADE60931122EC
:107B100070931222809313229093142260911D225D
:107B200070911E2280911F2290912022AE014F5F02
:107B30005F4F82DE9F938F9386E09AE79F938F93A8
:107B40000F94E64B6091192270911A2280911B22AA
:107B500090911C22AE014F5F5F4F6EDE9F938F931B
:107B600083EF99E79F938F930F94E64B60911522D3
:107B7000709116228091172290911822AE014F5FCA
:107B80005F4F5ADE9F938F9380EE99E79F938F9379
:107B90000F94E64B60911122709112228091132272
:107BA00090911422AE014F5F5F4F46DE9F938F93FB
:107BB0008DEC99E79F938F930F94E64BBE016F5F17
:107BC0007F4F89EC99E70E9472A30FB6F894DEBF4D
:107BD0000FBECDBF019609F457C066EC79E7CE0120
:107BE00001960F941F4A892B09F04EC082EA99E74B
:107BF0009F938F930F94E64BBE016F5F7F4F8AE98F
:107C000099E70E9472A30F900F900196A9F1CE01FF
:107C100001960F94B0498C01BE016F5F7F4F80E9E0
:107C200099E70E9472A3CE0101969ADD9801AE01F8
:107C30004F5F5F4F3BD0892BE1F4CE0181960E94CC
:107C40008FD239A12AA19BA18CA11F923F931F9291
:107C50002F931F929F931F928F9383E799E79F9390
:107C60008F930F94E64B0FB6F894DEBF0FBECDBFD7
:107C70000BC081E699E702C08FE499E79F938F9349
:107C80000F94E64B0F900F9082E00E9451CDE39647
:107C90000FB6F894DEBF0FBECDBFDF91CF911F911D
:107CA0000F91FF90EF90DF90CF9008954F925F92E9
:107CB0006F927F92AF92BF92CF92DF92EF92FF923C
:107CC0000F931F93CF93DF93CDB7DEB7C156D10982
:107CD0000FB6F894DEBF0FBECDBF2B013C018A0169
:107CE000590185E29CE79F938F930F94E64B0F9089
:107CF0000F90411451046104710481F401151105C0
:107D000019F48FEF9FEFB5C0C80110DA2B013C01C9
:107D10008FEF481658066806780699F3FE013196EB
:107D20006F018F0120E330E04BE750E0C301B20167
:107D300006D37C01019629F3AE014F5C5F4FC3016E
:107D4000B2017ADD9F938F9385E09CE79F938F9399
:107D50000F94E64B80E3F60111928A95E9F78BE1E7
:107D60008983A60160E370E0C70163D28EEE9BE7D2
:107D70009F938F930F94E64B0E9422D26C010F9039
:107D80000F900F900F900F900F908F3FFFEF9F0776
:107D900009F4B7CF41E06CED75E00E9446D28BED5F
:107DA0009BE79F938F930F94E64B0F900F90C70123
:107DB00076D0809709F03FC0C6010E9467D2892B18
:107DC000D1F1C70180D0C0979CF169A57AA58BA598
:107DD0009CA50F9469482B013C01CE01815B9F4F0C
:107DE0000E948FD2A1964CAE5DAE6EAE7FAEA197D3
:107DF000C5010C96499720F46996AFAE699703C008
:107E000069961FAE6997CE01815B9F4F0E94C4D2D5
:107E1000CE01815B9F4F0E94A3D287EC9BE79F938B
:107E20008F930F94E64B0F900F9000E010E013C07B
:107E300088EA9BE708C0C6010E9467D2892B09F037
:107E4000B6CF85E89BE79F938F930F94E64B0F90F7
:107E50000F900FEF1FEFC6010E9482D2C70161D0C1
:107E60008BE69BE79F938F930F94E64BC8010F908F
:107E70000F90CF59DF4F0FB6F894DEBF0FBECDBFC6
:107E8000DF91CF911F910F91FF90EF90DF90CF90F6
:107E9000BF90AF907F906F905F904F900895883023
:107EA000910574F42FB7F89438E1389FF001399FA9
:107EB000F00D1124E15DF84B808191812FBF089571
:107EC0008FEF9FEF08958830910574F42FB7F894E1
:107ED00038E1389FF001399FF00D1124E15DF84B36
:107EE000828993892FBF08958FEF9FEF089588307F
:107EF0009105A4F42FB7F89438E1389FF001399F29
:107F0000F00D1124E15DF84B138A128A80E190E0B4
:107F1000918380832FBF80E090E008958FEF9FEFE3
:107F200008958830910524F52FB7F89438E1389FEB
:107F3000F001399FF00D1124E15DF84B80819181B2
:107F4000892B91F011821082128213821482158281
:107F50001186108617821682138A128A118A108A55
:107F6000158A148A178A168A2FBF80E090E0089538
:107F70008FEF9FEF0895CF93DF93C0E0D0E0CE0165
:107F8000D0DF2196C830D105D1F7DF91CF91089588
:107F90009F92AF92BF92CF92DF92EF92FF920F9398
:107FA0001F93CF93DF937C01FC0186858F7097012F
:107FB00044E0849F200D311D1124F9013E966F018C
:107FC0009FB6F8940FE217E4C0E0D0E0F801A68075
:107FD000B780F6018281938166D9A816B90609F0A7
:107FE0003DC0F801A084B184F601808191815BD904
:107FF000A816B906E1F1F80180859185892B71F504
:1080000082819381A481B581892B8A2B8B2B31F5B9
:1080100088E18C9F80018D9F100D11249801215DB6
:10802000384B5901F701828D938DA48DB58DF901DF
:1080300082839383A483B583F6018081918133D9B0
:10804000F50191878087D801A75CB84BF701369678
:1080500086E001900D928A95E1F709C02196085EAD
:108060001F4FC830D10509F0B1CFCFEFDFEF9FBE72
:10807000CE01DF91CF911F910F91FF90EF90DF9094
:10808000CF90BF90AF909F9008958F929F92AF92A4
:10809000BF92CF92DF92EF92FF920F931F93CF93F5
:1080A000DF938B01FB01C685CB0172DF6C0101966A
:1080B00009F478C0CF70C80124E0C29F800D911DE3
:1080C0001124FC013E967F0184819581ECD80897AC
:1080D00009F468C0F801C685CF70F4E0CF9FE001D5
:1080E00011244E0126E1820E911C28E12C9DC00135
:1080F0002D9D900D1124EC01C15DD84BAE88BF8839
:10810000A114B104C9F0F70184819581CCD8BC01D8
:1081100068507109C801880D991DF501199580E114
:1081200090E099838883198618861A821B821C82A4
:108130001D821B8A1A8A36C088819981409791F5E1
:10814000F70184819581AFD84889598908978417A8
:10815000950738F4F70184819581A5D8AC01485082
:10816000510988E18C9DF0018D9DF00D1124E15D98
:10817000F84B538B428B80E290E091838083B8016F
:10818000680D791D84899589DF91CF911F910F9199
:10819000FF90EF90DF90CF90BF90AF909F908F9027
:1081A0000D94954ADF91CF911F910F91FF90EF9021
:1081B000DF90CF90BF90AF909F908F900895EF92F7
:1081C000FF920F931F93CF93DF938830910544F56F
:1081D000EA017B012E852F7034E0239FC00DD11D55
:1081E00011242E9628E1289F8001299F100D11242B
:1081F000015D184BF8018085918555D89B838A8352
:10820000F801868197814FD8998388831F821E82C7
:10821000C701089648D89D838C8380E090E002C017
:108220008FEF9FEFDF91CF911F910F91FF90EF9014
:1082300008954F925F926F927F928F929F92AF922A
:10824000BF92CF92DF92EF92FF920F931F93CF9343
:10825000DF93CDB7DEB75C016B013A014DB65EB678
:1082600088E0A816B1040CF03FC0DDD846019AE2C0
:10827000890E911CEDB7FEB7E819F9090FB6F8940D
:10828000FEBF0FBEEDBF8DB79EB701967C0185E4A2
:10829000F70186878DB79EB78B96A601B3010F9421
:1082A000954A9601285F3F4F88E18A9D30018B9D5A
:1082B000700C1124F301E15DF84B628173818481BC
:1082C0009581870141E104DAA701B601C50177DF95
:1082D000B701C301875C984B8FD8B701C40153D84D
:1082E000C9D880E090E002C08FEF9FEF0FB6F894FE
:1082F0005EBE0FBE4DBEDF91CF911F910F91FF90DB
:10830000EF90DF90CF90BF90AF909F908F907F9035
:108310006F905F904F9008952FB7F894EFE2F7E4D5
:1083200080E090E040815181452B39F001967896AC
:1083300088309105B9F78FEF9FEF2FBF08957F9297
:108340008F929F92AF92BF92CF92DF92EF92FF9265
:108350000F931F93CF93DF934B015C01EA016901F7
:108360007FB6F894D9DF7C018FEFE816F80609F4A0
:108370007DC088E18E9DF0018F9DF00D1124E15D9F
:10838000F84B80E190E091838083D187C087C3342C
:10839000D10529F484E490E09783868304C0C095D6
:1083A000D095D783C68388E18E9DA0018F9D500D07
:1083B0001124FA01E15DF84B82829382A482B58296
:1083C000138A128AD18AC08A158B048B178A168A5F
:1083D0008FEF88169806A806B80659F180911922E1
:1083E00090911A22A0911B22B0911C2200911D2273
:1083F00010911E2220911F2230912022082519253C
:108400002A253B25082319232A233B23012B022B52
:10841000032BE9F480959095A095B0959501840182
:10842000082319232A233B2380179107A207B307A8
:1084300041F48FEF82878387848785878687878744
:1084400015C07FBE475C584BC501B4010BC07FBE51
:10845000475C584B6091152270911622809117222B
:10846000909118220E94BFB37FB6F8947FBEC701D7
:10847000DF91CF911F910F91FF90EF90DF90CF9000
:10848000BF90AF909F908F907F90089580E090E094
:10849000FC01EE0FFF1FEE0FFF1FE151F84B1182A1
:1084A000108201968031910599F7089520E030E01F
:1084B000F901EE0FFF1FEE0FFF1FE151F84B408156
:1084C00051814817590781F040815181452B39F47A
:1084D000918380837383628380E090E008952F5FAF
:1084E0003F4F2031310521F78FEF9FEF0895AF9275
:1084F000BF92CF92DF92EF92FF920F931F93CF9391
:10850000DF937B016A01DC010D900020E9F71197F0
:10851000A81BB90BEB019983888370E020E030E061
:10852000E0E0F0E0EA17FB076CF0C9010196DF918B
:10853000CF911F910F91FF90EF90DF90CF90BF9060
:10854000AF9008952C153D0584F78C010E0F1F1F69
:10855000E80158815D3061F018F4552351F02FC0C7
:10856000EF0121965E015032C9F0523221F027C04E
:108570001882FD0124C0E801188271110DC0A90103
:10858000440F551F4E0D5F1DB501680F791FEA019D
:108590007983688371E013C070E011C071110FC05E
:1085A000E80118822F5F3F4FA901440F551F4E0D60
:1085B0005F1D8501080F191FEA0119830883319691
:1085C000B1CFAF92BF92CF92DF92EF92FF920F9313
:1085D0001F93CF93DF937C018B01FB01A080B180BF
:1085E0006DE47CE7C5010F941F4A892B21F58FE3C9
:1085F0009CE79F938F930F94E64BCFEED7E40F90B9
:108600000F900CE31CE78A819B81009761F09F9398
:108610008F930F94E64B1F930F930F94E64B0F909D
:108620000F900F900F902496F8E4CF32DF0759F7A0
:108630008FEF9FEF27C09FEEC92E97E4D92EC0E0A1
:10864000D0E0F601628173816115710589F3C5017E
:108650000F941F4A892B71F4CC0FDD1FCC0FDD1F47
:10866000C151D84BE881F981B801C701199580E063
:1086700090E008C02196F4E0CF0ED11CC031D105A6
:1086800001F7D6CFDF91CF911F910F91FF90EF901F
:10869000DF90CF90BF90AF900895CF93DF93CDB789
:1086A000DEB7C854D1090FB6F894DEBF0FBECDBFF8
:1086B000BC01CE0101960F94284A44E050E0BE016F
:1086C0006F5B7F4FCE01019612DFBE016F5B7F4F64
:1086D00078DFC85BDF4F0FB6F894DEBF0FBECDBFAB
:1086E000DF91CF91089580912F48813019F0823029
:1086F00089F021C080913048909131480E942480B7
:1087000018161906C4F480913048909131480E949F
:1087100016800FC080913048909131480E94BEE190
:108720001816190644F480913048909131480E94FF
:10873000D3E190E008958FEF9FEF0895EBECFBE815
:1087400081E292E291838083938382839583848301
:10875000EFE2F8E48FEF808383EF95E294838383E5
:1087600016821582089580912F488230C9F4809135
:10877000344890913548892B79F060913448709154
:10878000354880913048909131484091324850911D
:10879000334820E00E9460E010923548109234483F
:1087A0000895CF93C82F80912F48813019F08230DF
:1087B00049F023C080913048909131486C2F0E943D
:1087C00007801BC0809134489091354881159240B4
:1087D00009F4C9DF20913248309133488091344800
:1087E00090913548AC014F5F5F4F509335484093AF
:1087F0003448F901E80FF91FC08380E090E0CF9181
:1088000008951F93CF93DF93182FEB01ACDFEFE2B6
:10881000F8E41083D283C18316821582DF91CF9151
:108820001F910895CF93DF93EC019DDF87E0EFE286
:10883000F8E4DE0101900D928A95E1F7DF91CF9186
:108840000895CF93DF93EC018EDF87E0FE01AFE266
:10885000B8E401900D928A95E1F7DF91CF910895E8
:10886000982F80ED890F8A3070F08FE9890F86305C
:1088700010F489EA05C08FEB890F863018F489EC73
:10888000890F08958FEF0895AF92BF92CF92DF9234
:10889000EF92FF920F931F93CF93DF937C016B01B5
:1088A0008A01000F111FA12CB12CF70180818823B0
:1088B00001F1A016B10624F5E501D595C795A0FCF8
:1088C00006C0CC0DDD1DCCDF8295807F05C0C8DFE2
:1088D000CC0DDD1D9881890F88838FEFA81AB80A07
:1088E000F70131967F0181918A33E1F38D32D1F323
:1088F000DCCF81E00A151B0509F480E0819501C0F9
:108900008FEFDF91CF911F910F91FF90EF90DF904C
:10891000CF90BF90AF90089580E090E0FC01EE0F03
:10892000FF1FEE0FFF1FEA5CF74B118210820196CA
:108930008031910599F7089520E030E0F901EE0FBC
:10894000FF1FEE0FFF1FEA5CF74B40815181481774
:10895000590781F040815181452B39F491838083FF
:108960007383628380E090E008952F5F3F4F203152
:10897000310521F78FEF9FEF0895E091F327F091F4
:10898000F427EE0FFF1FEE0FFF1FEA5CF74B80810D
:108990009181892B21F41092F4271092F327E09112
:1089A000F327F091F427EE0FFF1FEE0FFF1FEA5C95
:1089B000F74B0190F081E02D19958091F32790916C
:1089C000F42701969093F4278093F32708954F920C
:1089D0005F926F927F928F929F92AF92BF92CF924F
:1089E000DF92EF92FF920F931F93CF93DF93CDB758
:1089F000DEB7CB56D4400FB6F894DEBF0FBECDBF66
:108A00008C01CE01815A9B4F0DDF60E070E081E068
:108A1000F8DEF80181818F9380818F9381EE9DE74D
:108A20009F938F930F94E64B9EDECE01815A9B4F0E
:108A300008DF82ED9DE70E9472E7F8018081918155
:108A40000E9441E78BEC9DE70E9472E7F801EA5B28
:108A5000FF4E60817181828193810E94C1E788EC21
:108A60009DE70E9472E78DE5E82E82E2F82E0F90D6
:108A70000F900F900F90C12CD12CF701A580B680DC
:108A8000F80180819181A114B10409F475C0F70146
:108A9000608171810F941F4AF7E0EF0EF11C892B62
:108AA00009F066C08AE99DE79F938F930F94E64B88
:108AB0000F900F9087E08C9DF0018D9DF00D11249B
:108AC000E35AFD4D8481813031F040F0823049F429
:108AD00086E99DE708C081E99DE705C087E89DE735
:108AE00002C083E89DE79F938F930F94E64B0F900E
:108AF0000F90BF92AF928AE39DE79F938F930F945D
:108B0000E64B31DE87E08C9DF0018D9DF00D112448
:108B1000E35AFD4D42815381F801E65BFF4E21E0AF
:108B2000B501808191810E9460E0CE01815A9B4F06
:108B300079DE60E070E081E064DEC501BB0CAA0B69
:108B4000BB0BBF93AF939F938F9389E19DE79F9357
:108B50008F930F94E64B07DECE01815A9B4F71DE57
:108B60000FB6F894DEBF0FBECDBF81E090E020C10C
:108B70003FEFC31AD30A81CFFC0101900020E9F72F
:108B80009F01215031096901812C912C919581958A
:108B900091099601280F391F232BB9F0F601208186
:108BA0002F3249F411926F01F80160817181AE0199
:108BB000405D5B4F0FC02E3221F44601FFEF8F1A4C
:108BC0009F0A21E0C21AD108E4CFAE01405D5B4F9D
:108BD0006BE572E28091F7469091F8460E941EB0D4
:108BE000BE01605D7B4F8091F7469091F8460E94F0
:108BF00026AF7C01892B71F4412C512C32010FEFEF
:108C00001FEFB5C0B601CE018F5F9B4F0F942A4B6B
:108C1000892B49F0BE016F5F7B4FC7010E9460AF97
:108C20008111F0CFE9CFC85DDB4F488059806A8061
:108C30007B80C852D440C7010E94A3B041145104A4
:108C400061047104C9F2BE016F5F7B4F8091F746EA
:108C50009091F8460E9476AB5C01892B09F482C0A2
:108C60006E013AE9C31A3BEFD30AF601108264E1C0
:108C70007DE7C4010F941F4A892B39F060E17DE73D
:108C8000C4010F941F4A892B29F46AE07DE7C601CD
:108C90000F94284A9F928F92DF92CF927F926F9289
:108CA0005F924F928FE89CE79F938F930F94E64BD0
:108CB0005ADD0FB6F894DEBF0FBECDBF412C512C4C
:108CC0003201480136EB831A3FEE930AF4018081AA
:108CD00091810E9433D981111FC08FEF9FEFF40162
:108CE00091838083F801EE5FFF4E1082CE01815A9E
:108CF0009B4F98DD60E070E081E083DD80E79CE7DA
:108D00009F938F930F94E64B2EDDCE01815A9B4F9C
:108D100098DD0F900F9026C040E054E0BE016F5FD9
:108D20007F4FC5010E94ACAB6C0101960297D0F059
:108D300020E0AE014F5F5F4FB601F4018081918169
:108D40000E9460E0092E000CAA0BBB0B480E591EB6
:108D50006A1E7B1EC114F4E0DF060CF0B7CF01E001
:108D600010E002C00FEF1FEFC5010E945FAFC70107
:108D70000E945AAFCE01815A9B4F54DD60E070E0F3
:108D800081E03FDD7F926F925F924F9282E59CE798
:108D90009F938F930F94E64BE6DCCE01815A9B4F55
:108DA00050DD0F900F900F900F900F900F90C80113
:108DB000C559DB4F0FB6F894DEBF0FBECDBFDF91B4
:108DC000CF911F910F91FF90EF90DF90CF90BF90C8
:108DD000AF909F908F907F906F905F904F9008958D
:108DE000EF92FF920F931F93CF93DF93EC018C01CF
:108DF0008881F8018823C9F080838881853289F4CD
:108E00007E01F2E0EF0EF11C89812ADD8295807FE0
:108E1000F80180838A8124DDF8019081892B808389
:108E2000E7010F5F1F4F2196E3CF1082DF91CF91B3
:108E30001F910F91FF90EF900895DF92EF92FF92B4
:108E40000F931F93CF93DF93DC01FC01329620E058
:108E500030E08191B9016F5F7F4F8F3239F0882305
:108E600029F09B0161157041A1F796C02D5F3F4F1E
:108E7000AD01420F531F11965C934E939B01C0E0CE
:108E8000D0E02115F0E13F07CCF4FD01E20FF31F24
:108E90008F010E5F1F4F92819F3341F41282E901CF
:108EA0002396CA0FDB1F2F5F3F4F05C09F7D19F42C
:108EB000F801108203C02F5F3F4FE3CF8D017D018A
:108EC0008AEFE81A8FEEF80AF70111821082FD018D
:108ED000E60FF71F8281811105C062E27FEACA01B5
:108EE0000F94284A209709F457C081E090E0F701D9
:108EF00091838083F801EA5DFF4ED183C083D8015E
:108F0000A85FBF4E1196DC93CE9388818823B1F081
:108F1000863291F41992F701808191819C012F5F33
:108F20003F4F31832083FC01EC5FF74FEE0FFF1FB3
:108F3000E00FF11FD183C0832196E7CFED0100E060
:108F400010E080E2D82EF70180819181081719077F
:108F50001CF59E01E881F981FF8FEE8F80818823C7
:108F600049F08D3399F4DF011D92BF8FAE8F81815F
:108F700081110BC02296F9018081918131DF8C8DA6
:108F80009D8D2EDF0F5F1F4FDECFFD0180818B3265
:108F900009F4D0823196E2CFDF91CF911F910F91EA
:108FA000FF90EF90DF900895AF92BF92CF92DF9243
:108FB000EF92FF920F931F93CF93DF935B01FC011E
:108FC000EA5FFF4EC080D1808C01085F1F4EC0E079
:108FD000D0E0EE24EA94FF24FA94CC15DD0564F485
:108FE000B501F801819191918F010F941F4A892B4E
:108FF00009F47E012196F1CFC701DF91CF911F9136
:109000000F91FF90EF90DF90CF90BF90AF900895B9
:10901000AF92BF92CF92DF92EF92FF920F931F9386
:10902000CF93DF936B01FC01EA5FFF4EE080F1809C
:10903000EC01C85FDF4E00E010E0A12CB12C0E1552
:109040001F056CF4B601899199910F941F4A892BE1
:1090500019F4AA24AA94BA2C0F5F1F4FF0CFC501B0
:10906000DF91CF911F910F91FF90EF90DF90CF9004
:10907000BF90AF900895FF920F931F93CF93DF930C
:10908000CDB7DEB727970FB6F894DEBF0FBECDBFC2
:1090900080913F38909140388F3F2FEF9207C1F574
:1090A00080E590E00E9403D99093403880933F3848
:1090B0008F3F2FEF920709F4D1C021E02093F737BB
:1090C00010923A38109239381092F7271092F627FA
:1090D0001092F5271092FC371092FB371092F83758
:1090E00022E338E0829FF001839FF00D929FF00D04
:1090F0001124EA51F64B86819781A085B185809332
:109100003B3890933C38A0933D38B0933E38A6C08E
:109110000E9433D9803159F08FEF9FEF9093403800
:1091200080933F381092F7371092F83797C08091AC
:10913000F737813009F065C012E001E083E0F82ED6
:1091400080913F38909140380E94BEE11816190670
:109150000CF084C080913F38909140380E94D3E158
:109160008A3071F39091F8372091393830913A383C
:10917000911110C0A9014F5F5F4F50933A3840934F
:109180003938F901EB50F84D8283FA01EB50F84D74
:10919000128206C02F5F3F4F30933A382093393800
:1091A0008D3071F691111CC043E050E060EA7FEA17
:1091B00087EF97E20F94F349892B31F40093F83746
:1091C00085EF97E23ADE0CC044E050E06BE97FEABD
:1091D00087EF97E20F94F349892B11F41093F83736
:1091E0008091F837882341F08091393890913A384E
:1091F000019711F4F092F73710923A3810923938FB
:109200009FCF833059F5CE0101960CDB60913F383A
:109210007091403882E0F5DA85EF97E284D00197CB
:1092200069F085EF97E2D3DB019741F08DE29FEA89
:109230009F938F930F94E64B0F900F9094DACE018B
:109240000196FFDA80913F38909140380E9445D9CD
:109250008FEF9FEF9093403880933F3827960FB65B
:10926000F894DEBF0FBECDBFDF91CF911F910F915C
:10927000FF9008950F931F93CF93DF9323D080E542
:1092800090E00E94D4D8CFE3D8E30FEF1FEF19830B
:1092900008831F9280E58F938AEA9FEA9F938F93BA
:1092A0000F94E64B64EA7FEA8BE398EC45DB198385
:1092B00008830F900F900F900F90DF91CF911F9127
:1092C0000F91089580E090E0FC01EE0FFF1FEE0F7C
:1092D000FF1FEA58F74B1182108201968E319105DB
:1092E00099F7089520E030E0F901EE0FFF1FEE0F2F
:1092F000FF1FEA58F74B408151814817590781F009
:1093000040815181452B39F491838083738362833B
:1093100080E090E008952F5F3F4F2E31310521F717
:109320008FEF9FEF0895EF92FF920F931F93CF93CC
:10933000DF937C0106E718E4C0E0D0E0F801628129
:1093400073816115710511F1F701808191810F948D
:109350001F4A892BA9F48AE690EB9F938F930F9471
:10936000E64BCC0FDD1FCC0FDD1FCA58D74BE88171
:10937000F981C70119950F900F9081E090E008C026
:1093800021960C5F1F4FCE31D105C1F68FEF9FEFB5
:10939000DF91CF911F910F91FF90EF90089584ED91
:1093A0009FEA9F938F930F94E64B0F900F90089531
:1093B00081EC9FEA9F938F930F94E64B0F900F9051
:1093C0000895CF93DF93C62FDFB7F89473986F712A
:1093D000682B81E090E0B5D360E081E090E0B1D30C
:1093E000C7FF04C060E081E090E0ABD393E09A95C2
:1093F00001F0E9F7C895739ADFBFDF91CF91089527
:10940000CF93DF93D42FCFB7F89473986F71682BF5
:1094100081E090E096D36D2F81E090E092D383E0DD
:109420008A9501F0E9F7C895739ACFBFDF91CF9184
:109430000895EF92FF920F931F93CF937C018B01BE
:10944000CFB7F89473986AE381E090E07AD3A701EC
:10945000B80181E090E087D383E08A9501F0E9F7D5
:10946000C895739ACFBFCF911F910F91FF90EF9046
:109470000895DF92EF92FF920F931F93CF93DF93A4
:109480008C01D62EE72EFFB6F89473986AE781E038
:1094900090E057D3CD2DDE2D0C0F1D1FC017D10727
:1094A00029F0699181E090E04CD3F8CF83E08A9570
:1094B00001F0E9F7C895739AFFBEDF91CF911F9134
:1094C0000F91FF90EF90DF9008951F93CF93DF935C
:1094D000182F1076C12FD0E08091F04890E0C81787
:1094E000D90779F043E06FE180EA8ADFAE0185E0D9
:1094F000559547958A95E1F76FE180E881DF1093F4
:10950000F048DF91CF911F910895CF93C82FDDDFF1
:109510006C2F80E0CF9155CFCF93DF93C82FD62FFC
:10952000D4DF4D2F6C2F80E4DF91CF9169CFCF93A3
:10953000DF93EC01688184EEEFDF698185EEECDF7B
:109540006A8182EEE9DF6B8183EEE6DF6C8180EE7B
:10955000E3DF6D8181EEDF91CF91DECFCF93DF939B
:10956000682F84EDD9DF61E082EDD6DF8AEECDDFB2
:1095700080FDFCCF60E082EDCFDF88EDC6DFC82F35
:10958000D0E089EDC2DF9E01382BC901DF91CF9178
:109590000895CF93DF93D62FC72F682F84EDBCDFBC
:1095A0006D2F86EDB9DF6C2F87EDB6DF8AEEADDF6C
:1095B00080FDFCCFDF91CF91089582E7A6DF90E098
:1095C000089581E090E0ADD26B9A739A4FEF60E01E
:1095D0008FEF16DF8DE199DF80FFFCCF1092EF480F
:1095E0001092EE4860E088E097DF60E089E094DF69
:1095F00060E08CE091DF60E08DE08EDF6EEF8AE06E
:109600008BDF67E18BE088DF60E084E085DF68E185
:1096100085E082DF61EA88E37FDF6DE080EC7CDF5C
:1096200060E081EC79DF63E088EC76DF42E362ECB6
:1096300080E8E6DE62E186EC6FDF6CE087EC6CDFF1
:1096400062E184EC69DF6EEE8AEC66DF65E08BEC4C
:1096500063DF60E071E080E19CDF8FE136DF40ECAA
:109660006BE180E8CDDE44E06FE180E8C9DE66E7CB
:1096700074E084E18ECF0F931F93CF93DF93EC01BF
:109680008B018FE142DF83FDFCCF60E082E044DFAD
:1096900068E183E041DF6C2F86E03EDFCE01985E1B
:1096A000692F87E039DF40E060E08AE7A9DEB80192
:1096B000CE01DFDE40E86FE180E8A2DE40E86FE146
:1096C00080EA9EDE48E06FE180E8DF91CF911F9154
:1096D0000F9196CEEF92FF920F931F93CF93DF934C
:1096E0007C01EB018CE111DF86FF3BC06091EE480D
:1096F00080E012DF6091EF4881E00EDF60E08AE3F6
:1097000060DE90E09093EF488093EE4860E08AE35B
:1097100058DE2091EE483091EF48382B3093EF48D7
:109720002093EE4860E08AE34CDE082F10E060E012
:109730008AE347DE182B60E08AE343DE60E08AE3D9
:1097400040DEE016F10694F46091EE488CE0E4DE31
:109750006091EF488DE0E0DE40E46EE180E850DEAD
:109760003CC089E3D2DE8111C1CF37C0BE01C80140
:1097700060DE89E0CADEE82EF12CFE2CEE2488E0C3
:10978000C4DEE82A8BE0C1DEC82FD0E0DC2FCC2776
:109790008AE0BBDEC82B6091EE487091EF48CB01A8
:1097A00001978E159F0518F0C817D90728F46C2F5C
:1097B0008CE0B2DE6D2F09C061508CE0ADDE80918F
:1097C000EE489091EF480197692F8DE0A5DE40E4C7
:1097D0006EE180E815DEC80102C080E090E0DF9114
:1097E000CF911F910F91FF90EF90089581E0B6DE29
:1097F000969587959695879521E0822781700895A3
:109800004CE06FE180EAFCDD80E0A8DEBC017E7FF9
:1098100080E0BFDE82EC79DE682F70E06E7F82EC44
:109820007BDE65E184EC78DE62E186EC75DE6CE07F
:1098300087EC72DE44E06FE180E8E2CD85B18360C1
:1098400085B984B1876084B9239880E58CBD81E0B7
:109850008DBD08958EBD0DB407FEFDCF8EB5089564
:10986000FC0121912EBD9F01281B390B26173707BC
:1098700028F421910DB407FEFDCFF4CF0DB407FEFF
:10988000FDCF08951EBC680F791F8617970749F012
:109890000DB407FEFDCF1EBC2EB5FC012193CF01F8
:1098A000F4CF0DB407FEFDCF0895E4ECF0E0118293
:1098B00010826A9A80EC8093C20088E18093C10094
:1098C0001182108208959091C00095FFFCCF809383
:1098D000C6008091C00087FFFCCF8091C60008952C
:1098E000FC0121912093C6009F01281B390B2617EC
:1098F000370734F421913091C00035FFFCCFF2CF0F
:109900008091C00087FFFCCF0895FC014FEF9F01BD
:10991000281B390B2617370774F42091C00025FF48
:10992000FCCF4093C6002091C00027FFFCCF2091C0
:10993000C6002193ECCF8091C00085FFFCCF089535
:109940008E9880B3806580BB87980895282F98E013
:1099500080E0880F27FF02C08C9A01C08C9835E305
:109960003A95F1F700008E9A35E33A95F1F7000049
:109970007F9981608E98220F915059F70895680F52
:10998000791F68177907B9F0FC013191CF0128E000
:1099900037FF02C08C9A01C08C98F5E3FA95F1F775
:1099A00000008E9A45E34A95F1F70000330F8E9838
:1099B000215071F7E6CF08958C98FC01680F791F4C
:1099C00090E06E177F0791F088E0990F25E32A95C4
:1099D000F1F700008E9A25E32A95F1F700007F99B0
:1099E00091608E98815089F79193EBCF0895CF9332
:1099F0001092F2481092F148C2E0C4BD092E000C4A
:109A0000AA0BBB0B2227382F492F5A2F60E074E294
:109A100084EF90E00F943F4827BD84E085BDC0935C
:109A20006E00CF9108951F920F920FB60F921124DE
:109A30000BB60F922F933F934F935F936F937F9348
:109A40008F939F93AF93BF93EF93FF93E091F14870
:109A5000F091F248309709F01995FF91EF91BF917D
:109A6000AF919F918F917F916F915F914F913F91B6
:109A70002F910F900BBE0F900FBE0F901F90189557
:109A80002091F1483091F2482817390731F0232B03
:109A900031F49093F2488093F1488FEF089580E07D
:109AA0000895843030F4E82FF0E0EF52FF448491C1
:109AB0003EC10895843030F4E82FF0E0EF52FF44C7
:109AC000849198C108950F931F93CF9301ED10EBEC
:109AD000C0E0F801649181E059D08C2FEBDF0F5F7B
:109AE0001F4FCF5FC430A9F7CF911F910F910895F9
:109AF00040E09C01230F832F942F6DE070E00F94C2
:109B0000184890E0981740F427FF03C0220F216007
:109B100001C0220F9F5FF6CF883008F02095822F7A
:109B200008958330910564F42AE0289FF001299F6D
:109B3000F00D1124EF5DFC4D0190F081E02D1994A2
:109B40000895833091056CF42AE0289FF001299F45
:109B5000F00D1124EF5DFC4D0280F381E02D862F86
:109B6000199480E008959B018330910574F46AE0B4
:109B7000689FF001699FF00D1124EF5DFC4D068098
:109B8000F781E02DBA01C90119940895962F9770B5
:109B9000669566956695623009F44DC028F4662393
:109BA00061F0613049F1C0C0643009F482C008F44A
:109BB00061C0653009F49BC0B7C0813061F441B128
:109BC00021E030E0B90102C0660F771F9A95E2F7F5
:109BD000CB01842B0FC0823009F0A6C041B121E037
:109BE00030E0B90102C0660F771F9A95E2F7CB010A
:109BF0008095842381B998C0813061F444B121E01B
:109C000030E0B90102C0660F771F9A95E2F7CB01E9
:109C1000842B0FC0823009F087C044B121E030E0CE
:109C2000B90102C0660F771F9A95E2F7CB018095C4
:109C3000842384B979C0813061F447B121E030E0F8
:109C4000B90102C0660F771F9A95E2F7CB01842B0A
:109C50000FC0823009F068C047B121E030E0B9019F
:109C600002C0660F771F9A95E2F7CB018095842397
:109C700087B95AC0813061F44AB121E030E0B901BE
:109C800002C0660F771F9A95E2F7CB01842B0FC0B5
:109C9000823009F049C04AB121E030E0B90102C088
:109CA000660F771F9A95E2F7CB01809584238AB9D6
:109CB0003BC0813061F44DB121E030E0B90102C018
:109CC000660F771F9A95E2F7CB01842B0EC0823086
:109CD00059F54DB121E030E0B90102C0660F771FA0
:109CE0009A95E2F7CB01809584238DB91DC0813010
:109CF00061F440B321E030E0B90102C0660F771F84
:109D00009A95E2F7CB01842B0EC0823069F440B300
:109D100021E030E0B90102C0660F771F9A95E2F7A3
:109D2000CB018095842380BB8FEF90E00895982F1E
:109D30009770869586958695823099F190F4882360
:109D400019F1813009F053C045B121E030E0B9018B
:109D500002C0660F771F9A95E2F7CB01842B85B975
:109D600046C08430C1F150F1853009F040C041B3A4
:109D700021E030E0B90102C0660F771F9A95E2F743
:109D8000CB01842B81BB33C042B121E030E0B9016B
:109D900002C0660F771F9A95E2F7CB01842B82B938
:109DA00026C048B121E030E0B90102C0660F771F3C
:109DB0009A95E2F7CB01842B88B919C04BB121E009
:109DC00030E0B90102C0660F771F9A95E2F7CB0128
:109DD000842B8BB90CC04EB121E030E0B90102C038
:109DE000660F771F9A95E2F7CB01842B8EB98FEF20
:109DF00090E00895982F9770869586958695823085
:109E0000B1F198F4882329F1813009F059C045B1A6
:109E100021E030E0B90102C0660F771F9A95E2F7A2
:109E2000CB018095842385B94BC08430E1F168F182
:109E3000853009F045C041B321E030E0B90102C0EE
:109E4000660F771F9A95E2F7CB018095842381BB3B
:109E500037C042B121E030E0B90102C0660F771F80
:109E60009A95E2F7CB018095842382B929C048B145
:109E700021E030E0B90102C0660F771F9A95E2F742
:109E8000CB018095842388B91BC04BB121E030E021
:109E9000B90102C0660F771F9A95E2F7CB01809552
:109EA00084238BB90DC04EB121E030E0B90102C06E
:109EB000660F771F9A95E2F7CB01809584238EB9C0
:109EC0008FEF90E008956FEF81E090E03ACE682F39
:109ED00081E090E036CEFF920F931F93CF93DF93F4
:109EE000C82FD42F152F062FF72EEDDF8C2F80646F
:109EF000EEDF8F2DECDF802FEADF812FE8DF8D2F63
:109F0000E6DFCC2321F0C83031F487E801C085E9D1
:109F1000DEDFCAE004C08FEFFBCFC15019F0D3DF02
:109F20008F3FD9F3DF91CF911F910F91FF9008954B
:109F300080914138811105C00E9413BA81E080935D
:109F400041382A9808952A9A80914138813021F425
:109F5000109241380C943ABA08952F923F924F9242
:109F60005F926F927F928F929F92AF92BF92CF92A9
:109F7000DF92EF92FF920F931F93CF93DF936B01CA
:109F80007C018A0149018114910409F45EC0160123
:109F900081E0382226013701421853086108710810
:109FA00080E092E082199309E4018815990508F48C
:109FB000EC018091433890914438A0914538B0919C
:109FC0004638481659066A067B0679F1B1DFB301B7
:109FD000A20181E180DF882319F0B5DF80E036C07F
:109FE00072DF8E3FE9F787E4A82E88E3B82E6BDF97
:109FF000F50181935F01F7E4AF16FAE3BF06B9F705
:10A0000040924338509244386092453870924638B6
:10A01000B101695B774CAE01C8010F94954A0C0FF2
:10A020001D1F51DF50DF8FDF09C0B101695B774C25
:10A03000AE01C8010F94954A0C0F1D1F8C1A9D0A82
:10A04000CC0EDD1EE11CF11C9ECF81E0DF91CF9193
:10A050001F910F91FF90EF90DF90CF90BF90AF9046
:10A060009F908F907F906F905F904F903F902F9038
:10A0700008950F931F93CF93229A5ADF64DF81E0F4
:10A0800090E04FDD10924238C4E61DDFC150E9F781
:10A090004FDF00E010E140E050E0BA0180E01BDF5C
:10A0A000813029F001501109B1F74DDF49C040E07E
:10A0B00050E0BA0187E30FDF40E050E0BA0189E2E7
:10A0C0000ADF82FD05C0809142388160809342386A
:10A0D00000E010E880914238837040E050E0BA011F
:10A0E00039F087E3F8DE40E050E0BA0189E201C0D0
:10A0F00081E0F1DE80FF04C00150110959F7D5CF8E
:10A1000040E052E060E070E080E1E5DE8111CDCF1B
:10A110001ADF8FEF9FEFDC01809343389093443830
:10A12000A0934538B093463820E032E047E458E346
:10A1300060E070E0CB0111DF882309F4B6CFC1E005
:10A140008C2FCF911F910F9108952F923F924F9294
:10A150005F926F927F928F929F92AF92BF92CF92B7
:10A16000DF92EF92FF920F931F93CF93DF932B0118
:10A170003C015A01E90147011601452B11F480E029
:10A1800023C02097E1F302171307C8F3EF28B9F3B0
:10A190006901E12CF12C9E01A501C301B201DDDEB4
:10A1A000882369F39101B301A201C501F401199556
:10A1B000882349F04C0C5D1C6E1C7F1C0C1B1D0B76
:10A1C0000C171D0740F781E0DF91CF911F910F9190
:10A1D000FF90EF90DF90CF90BF90AF909F908F90C7
:10A1E0007F906F905F904F903F902F9008952F92A7
:10A1F0003F924F925F926F927F928F929F92AF9217
:10A20000BF92CF92DF92EF92FF920F931F93CF9363
:10A21000DF934B015C017A018901212C92E0392EF8
:10A220000115110509F46FC0640181E0D8222401F1
:10A2300035014C185D0861087108C1018C199D0930
:10A24000E8018017910708F4EC0180914338909160
:10A250004438A0914538B0914638481659066A06E8
:10A260007B06D1F0C114D10469F4C115E2E0DE0728
:10A2700049F4409243385092443860924538709285
:10A2800046380AC020E032E047E458E3C301B20197
:10A2900064DE8111EECF38C0F7E4EF16F8E3FF0675
:10A2A00039F0AE01B701C601895B974C0F94954A0E
:10A2B0003FDEB301A20188E10EDE882319F043DE00
:10A2C00080E022C08EEF03DE87E4C82E88E3D82E1C
:10A2D000F60181916F01FBDDF7E4CF16FAE3DF06AB
:10A2E000B9F78FEFF4DD8FEFF2DDEDDD8F3FE9F7AA
:10A2F000EADD29DEEC0EFD1E8C0E9D1EA11CB11C9C
:10A300000C1B1D0B8DCF81E0DF91CF911F910F9121
:10A31000FF90EF90DF90CF90BF90AF909F908F9085
:10A320007F906F905F904F903F902F9008954F9245
:10A330005F926F927F928F929F92AF92BF92CF92D5
:10A34000DF92EF92FF920F931F93CF93DF932B0136
:10A350003C016A0159014801452B11F480E029C0F4
:10A36000012BE1F38901A114B104F9F49701B301C0
:10A37000A201C601F4011995EC01009711F481E0E6
:10A3800018C0A114B10419F00817190738F39E0179
:10A39000A601C301B2012BDF882301F34C0E5D1E21
:10A3A000611C711C0C1B1D0BDECF01151105F1F694
:10A3B000E6CFDF91CF911F910F91FF90EF90DF904B
:10A3C000CF90BF90AF909F908F907F906F905F9055
:10A3D0004F9008951F93CF93DF93EC01162F0E94A7
:10A3E000CF7D80E090E0FC01EE0FFF1FEE0FFF1F1E
:10A3F000ED56F64B208131812C173D07A1F00196D7
:10A400008031910581F780E090E0FC01EE0FFF1FA5
:10A41000EE0FFF1FED56F64B20813181232B39F4CF
:10A42000D183C08312830E94D57D80E007C001964E
:10A430008031910551F70E94D57D8FEFDF91CF914B
:10A440001F910895CF93DF930E94CF7DC0E0D0E0AD
:10A4500085E08C9FF0018D9FF00D1124ED50F74B9E
:10A460009481963041F410821182128213820E94EC
:10A47000D57DCE0108C02196C032D10551F70E948A
:10A48000D57D8FEF9FEFDF91CF910895FF920F93CE
:10A490001F93CF93DF938C01EB01F42E0E94CF7DAD
:10A4A000CE01A0E0B0E025E0209FF001219FF00D5B
:10A4B0001124ED50F74B80839183A283B383F48200
:10A4C000DF91CF911F910F91FF900C94D57DCF928A
:10A4D000DF92EF92FF927C010E94CF7D85E08E9DFE
:10A4E000F0018F9DF00D1124ED50F74BC080D1800D
:10A4F000E280F3800E94D57DC601FF90EF90DF904F
:10A50000CF90089525E0AC01249FC001259F900DB8
:10A510001124FC01ED50F74B86E084830895CF931E
:10A52000DF93EC010E94CF7D83E1E3EDF9E4DE01EE
:10A5300001900D928A95E1F70E94D57D80E090E030
:10A54000DF91CF910895CF93DF93EC010E94CF7DEF
:10A5500083E1FE01A3EDB9E401900D928A95E1F744
:10A560000E94D57D80E090E0DF91CF910895613029
:10A5700011F4845E0895673008F0615060FD02C0F8
:10A580008FE108958EE108954F925F926F927F92CE
:10A590008F929F92AF92BF92CF92DF92EF92FF92F3
:10A5A0000F931F93CF93DF9300D000D0CDB7DEB7CA
:10A5B0009E838D83DC011E968D919D910D90BC91A3
:10A5C000A02D89839A83AB83BC83ED81FE81A18515
:10A5D000C684D784E088F1880A2E000CBB0B20E1EA
:10A5E0003EE00F947F48C60ED71EE81EF91EC686B1
:10A5F000D786E08AF18A8CE697E090878783668524
:10A6000077858089918920E8C22E21E5D22EEE241B
:10A61000E394F12CA70196010F943F482B013C01D4
:10A62000ED81FE816685778580899189A7019601F4
:10A630000F943F4869017A0189013CE3832E912CF4
:10A64000A12CB12CC301B201A50194010F943F4884
:10A65000AD81BE8111966C93C301B20120E13EE051
:10A6600040E050E00F943F48722EA50194010F94F2
:10A670003F48ED81FE8122837382C601019667E027
:10A6800070E00F941848848324E630E0E0E9F1E0BC
:10A69000AD81BE8117968D919C91189783709927F3
:10A6A000892BB9F417968D919C911897B9010F9445
:10A6B0001848892B59F4AD81BE8117968D919C91D4
:10A6C0001897BF010F941848892B19F48EE691E072
:10A6D00002C08DE691E00817190788F1AD81BE81AF
:10A6E00017968D919C91189783709927892BB9F4AF
:10A6F00017968D919C911897B9010F941848892B42
:10A7000059F4AD81BE8117968D919C911897BF0128
:10A710000F941848892B19F48EE691E002C08DE65B
:10A7200091E0081B190BAD81BE8117968D919C910C
:10A730001897019618969C938E931797A9CFED8141
:10A74000FE81168284E6E82EF12C90E9C92EDD24E4
:10A75000D394ED81FE81268187819085837099272E
:10A76000892B99F487819085B7010F941848892B1C
:10A7700071F487819085B6010F941848AC0191E07F
:10A78000452B09F090E0892F03C080E001C081E0F3
:10A79000622FEDDE90E0AD81BE810817190790F1C0
:10A7A00016962C91169717968D919C9118978370F9
:10A7B0009927892BB9F417968D919C911897B70119
:10A7C0000F941848892B81F4ED81FE818781908553
:10A7D000B6010F941848AC0191E0452B09F090E0C8
:10A7E000892F03C080E001C081E0622FC0DE081B1A
:10A7F0001109AD81BE8116968C9116978F5F1696C2
:10A800008C93A7CF16968C9116978F5F16968C9384
:10A8100016970F5F15960C93159716968C911697B1
:10A82000833028F016968C9121E08B3008F020E0E0
:10A83000ED81FE818581348190E0831B91094997E8
:10A840006CF08481811103C08381823038F0AD8146
:10A85000BE8116968C918A3039F466C0ED81FE81F6
:10A860008681833009F460C0222309F45DC0AD8184
:10A87000BE8152968C915297882309F455C0139645
:10A880008C9113978F5F13968C93139713968C91DB
:10A890001397883109F048C013961C9213971496A9
:10A8A0008C9114978F5F14968C93149714968C91B7
:10A8B0001497873011F414961C92ED81FE81158156
:10A8C000268121508781908583709927892BA9F44F
:10A8D0008781908564E670E00F941848892B79F49D
:10A8E0008781908560E971E00F941848AC0191E090
:10A8F000452B09F090E0892F03C080E001C081E082
:10A90000622F35DE18130BC0AD81BE8115961C92E7
:10A91000159716968C9116978F5F16968C93ED81EE
:10A92000FE8185818F5F858389819A81AB81BC811E
:10A93000ED81FE8186879787A08BB18B26960FB617
:10A94000F894DEBF0FBECDBFDF91CF911F910F9165
:10A95000FF90EF90DF90CF90BF90AF909F908F903F
:10A960007F906F905F904F90089580E090E026E098
:10A97000FC01EE0FFF1FEE0FFF1FED56F64B11828D
:10A980001082228301968031910591F780E090E05A
:10A9900035E026E0389FF001399FF00D1124ED508D
:10A9A000F74B108211821282138224830196803227
:10A9B000910581F71092DD491092DE491092DF492E
:10A9C0001092E0491092E1491092E2491092E34955
:10A9D0001092E4491092DC4981E08093E54983EDCF
:10A9E00099E4D2DD60E070E084E690E00E94AB7D07
:10A9F0008CEF94ED0C94087E0F931F93CF93DF930D
:10AA00008091D3498F5F8093D3498091D349843615
:10AA100009F04EC01092D3498091D4498F5F809342
:10AA2000D4498091DD499091DE49A091DF49B091F0
:10AA3000E0490196A11DB11D8093DD499093DE4947
:10AA4000A093DF49B093E0498091E1499091E249B8
:10AA5000A091E349B091E4490196A11DB11D8093F5
:10AA6000E1499093E249A093E349B093E44980918E
:10AA7000D4498C33F9F41092D4498091D5498F5F31
:10AA80008093D5498091D5498C33B1F41092D54942
:10AA90008091D6498F5F8093D64983ED99E474DD28
:10AAA0008091D649883151F41092D649C5E007C04B
:10AAB000C1E005C0C2E003C0C3E001C0C4E000E0E3
:10AAC00010E0D1E0F801EE0FFF1FEE0FFF1FED5673
:10AAD000F64B8281C81748F0C23010F0D38305C00E
:10AAE00013820190F081E02D19950F5F1F4F003107
:10AAF000110541F780E090E0FC01EE0FFF1FEE0F23
:10AB0000FF1FED56F64BDF0113962381213049F4E8
:10AB10001C920190F081E02D199580E090E025E0F5
:10AB200005C001968031910539F7F7CF289FF001D4
:10AB3000299FF00D1124ED50F74B3481C317A0F07D
:10AB40004081518162817381452B462B472B61F0F7
:10AB500040815181628173814150510961097109BC
:10AB60004083518362837383019680329105F1F6AD
:10AB7000DF91CF911F910F91089510922F22089588
:10AB800081E080932F22089520E030E082E398E076
:10AB9000289FF001299FF00D389FF00D1124EA51F4
:10ABA000F64B4081411104C046895789452B41F03D
:10ABB0002F5F3F4F2630310559F78FEF9FEF0895F4
:10ABC000C90108958F929F92AF92BF92CF92DF9268
:10ABD000EF92FF920F931F93CF93DF937C01FC01C1
:10ABE00086858F708701F4E08F9F000D111D112461
:10ABF000025F1F4F812C912C82E3C82E88E0D82E53
:10AC00008C9CE0018D9CD00D9C9CD00D1124CA51D0
:10AC1000D64B888181110AC08FEF881A980A96E076
:10AC20008916910469F78FEF9FEF23C0AA80BB803C
:10AC3000F801808191810E9453B9A816B90661F785
:10AC4000AC80BD80F801828193810E9453B9A8161F
:10AC5000B90611F74E815F8168857985F701828D8C
:10AC6000938DA48DB58D481759076A077B07A1F608
:10AC7000C401DF91CF911F910F91FF90EF90DF9072
:10AC8000CF90BF90AF909F908F900895AF92BF925A
:10AC9000CF92DF92EF92FF920F931F93CF93DF93A8
:10ACA0007C01FC01C68570DF5C01019609F478C067
:10ACB000CF70870184E0C89F000D111D1124025F31
:10ACC0001F4FF801808191810E9453B922E338E03F
:10ACD000A29E6001A39ED00CB29ED00C1124E6016E
:10ACE000CA51D64B9B838A83F801828193810E944B
:10ACF00053B99D838C83F701828D938DA48DB58D7F
:10AD00008E839F83A887B987F801648175818681C6
:10AD100097810E9457B9DC01CB0180959095A09551
:10AD2000B0958A879B87AC87BD87F8016481758160
:10AD3000868197810E9457B96E877F87888B998B10
:10AD400019828EE190E09F8B8E8B1A8E1B8E1C8E4B
:10AD50001D8E6AE070E080E090E00E9457B96E8F2F
:10AD60007F8F88A399A388A599A50E9443A0F80185
:10AD7000868597850E9453B99B8B8A8B1D8A1C8A76
:10AD8000D601A85FB54BF701369686E001900D928B
:10AD90008A95E1F788A599A50E9443A0198E188E7F
:10ADA000C501DF91CF911F910F91FF90EF90DF9040
:10ADB000CF90BF90AF9008955F926F927F928F92E5
:10ADC0009F92AF92BF92CF92DF92EF92FF920F933A
:10ADD0001F93CF93DF936C01562E7A015901E8013E
:10ADE00082E398E0C89E4001C99E900CD89E900CCA
:10ADF000112484010A51164BF80186819781A085A0
:10AE0000B1858E8B9F8BA88FB98F80911D229091D9
:10AE10001E22A0911F22B09120228A8F9B8FAC8F7F
:10AE2000BD8F1E8E86E08F8F3A01F4E26F0E711C8B
:10AE3000C3010E9453B999A388A3D80114968D9198
:10AE40009C9115970E9453B99BA38AA3F801828114
:10AE500093810E9453B99DA38CA3D8011A966D913A
:10AE60007D918D919C911D970E9457B96EA37FA3F0
:10AE700088A799A7F80166857785808991890E94BE
:10AE800057B96AA77BA78CA79DA780E98EA75FA665
:10AE9000C5010E9453B999AB88AB1BAA1AAA1DAA77
:10AEA0001CAAD8015E966D917D918D919C91919790
:10AEB0000E9457B96F5F7F4F8F4F9F4F0E9457B9C6
:10AEC000F801668F778F80A391A3CE018296FE0151
:10AED000F69620E1DF011D922A95E9F7F80120811D
:10AEE000213019F522E02EAB24E02FAB28AF19AEAC
:10AEF000428D538D648D758D452B462B472BB1F1BB
:10AF000028E02AAF2AE02BAFF401EC5FF54B24E0F8
:10AF1000DE01DC9601900D922A95E1F7DC015E9648
:10AF2000F401E050F64B84E01DC0F801828D938D52
:10AF3000A48DB58D892B8A2B8B2BC1F088E08EAB2D
:10AF40008AE08FABF401EC5FF54B84E0DE01D8962C
:10AF500001900D928A95E1F7F401E050F64B84E000
:10AF6000DE01DC9601900D928A95E1F7B701605DF4
:10AF70007F4FCE0146960E94CEB20E9453B99BAB42
:10AF80008AAB82E398E0C89E5001C99EB00CD89E5F
:10AF9000B00C1124F501EA51F64B6681778180856A
:10AFA00091858E01930146E00E9468BBBE01C501F8
:10AFB000885F954B0E94FCB9BE01C7018A5B9F4F19
:10AFC000DF91CF911F910F91FF90EF90DF90CF9085
:10AFD000BF90AF909F908F907F906F905F900C94F8
:10AFE000C3B97F928F929F92AF92BF92CF92DF921E
:10AFF000EF92FF920F931F93CF93DF93CDB7DEB7FE
:10B00000C654D1090FB6F894DEBF0FBECDBF8091F4
:10B010002F22813009F061C0C12CD12C82E3A82EEF
:10B0200088E0B82E812C98E0992E21E7722ECA9CD8
:10B03000C001CB9C900DDA9C900D11249C012A51EB
:10B04000364B7901F90186899789892B91F18081A5
:10B05000882379F1868997890197978B868B8689D2
:10B0600097890A97A9F480A591A50E94BE9E940194
:10B07000281B390B8E010F5F1F4F40E050E061E14C
:10B08000C6019ADEF70180818131F8F470821DC01B
:10B09000F90186899789892BC1F48E010F5F1F4FB3
:10B0A00020E030E040E050E064E0C60185DEF701DA
:10B0B00009C0CA9CF001CB9CF00DDA9CF00D112464
:10B0C000EA51F64B178A168A1082FFEFCF1ADF0A71
:10B0D00026E0C216D10409F0AACFCA5BDF4F0FB633
:10B0E000F894DEBF0FBECDBFDF91CF911F910F91BE
:10B0F000FF90EF90DF90CF90BF90AF909F908F9098
:10B100007F900895CF92DF92EF92FF920F931F935B
:10B11000CF93DF93EB018A01FA0126852F7064E05B
:10B12000269F400D511D1124FA013E966F0122E326
:10B1300038E0AC01429FC001439F900D529F900D9B
:10B140001124FC01EA51F64B7F0180A591A50E94D4
:10B150005DA08C179D07ECF0F80146854F70F60155
:10B160002485F70180A591A5F4E04F9FA00111244B
:10B17000425F5F4F207F30E03595279535952795C5
:10B18000420F531F400F511FBE010E94D29ECE019D
:10B1900002C08FEF9FEFDF91CF911F910F91FF9032
:10B1A000EF90DF90CF90089520E030E0F901EE0FAE
:10B1B000FF1FEE5EF44840815181452B29F49183B5
:10B1C000808380E090E008952F5F3F4F2430310569
:10B1D00069F78FEF9FEF089520E030E0F901EE0F5F
:10B1E000FF1FEE5EF448408151814817590741F036
:10B1F0002F5F3F4F2430310589F78FEF9FEF089580
:10B2000080E090E008950F931F93CF93BC0120E05E
:10B2100030E04EE150E08FEF9FEFA2E3B8E0C0E1F5
:10B220002A9FF0012B9FF00D3A9FF00D1124EA5157
:10B23000F64B048115810617170761F410811F3042
:10B2400049F4068917890417150720F44689578998
:10B25000C083C9012F5F3F4F2630310509F7CF91D9
:10B260001F910F9108958630910568F422E338E02C
:10B27000829FF001839FF00D929FF00D1124EA51FF
:10B28000F64B808108958FEF0895AF92BF92CF92D1
:10B29000DF92EF92FF920F931F93CF93DF93CDB77F
:10B2A000DEB7C654D1090FB6F894DEBF0FBECDBFCE
:10B2B0008630910508F097C022E338E0829FA00114
:10B2C000839F500D929F500D11249A012A51364BA5
:10B2D0006901F9012081203109F085C07C01B2D8D3
:10B2E0008C018F3FFFEF9F0709F47DC041E068ECC0
:10B2F00070E0CCD856012FEFA21AB20AF501808176
:10B30000811137C0C801E3D8892B99F1C801FAD857
:10B310000E9413BAF60180A591A50E94BE9E20E06E
:10B3200038E0281B390B8E010F5F1F4F40E050E0C3
:10B3300061E1C70141DD81E7F60180830E943ABAED
:10B3400081D88C018F3FFFEF9F0709F44CC041E08B
:10B3500068EC70E09BD822E338E0E29EC001E39EF7
:10B36000900DF29E900D11249C012A51364B6901DB
:10B3700018C0C801ACD8892B09F0C0CF82E398E08F
:10B38000E89EF001E99EF00DF89EF00D1124EA51BF
:10B39000F64B178A168A1082C801B4D824C00E94BE
:10B3A0003ABA0E9413BAF6018081811104C0C80123
:10B3B0008ED8892BA1F4C8018AD8892B81F782E322
:10B3C00098E0E89EF001E99EF00DF89EF00D112442
:10B3D000EA51F64B178A168A1082118E108EC80118
:10B3E00091D80E943ABACA5BDF4F0FB6F894DEBF1D
:10B3F0000FBECDBFDF91CF911F910F91FF90EF90C6
:10B40000DF90CF90BF90AF900895CF92DF92EF92F0
:10B41000FF920F931F93CF93DF9362E081EF97ED3D
:10B420000E94EAD110921B7B10921A7BA2E2BBE72A
:10B43000E2E2FFE78DEC2FE7A232B20711F08D9325
:10B44000FACF85E59FE7EA32F90711F08193FACF49
:10B4500081E080932F2206EE19E4C0E0D0E082E381
:10B46000E82E88E0F82E9CEDD92E25E5C22E60E06E
:10B4700078E0C8018A960E94979ECE9DF001CF9DEC
:10B48000F00DDE9DF00D1124EA51F64B91A780A737
:10B49000178A168A1082CE01F8DE80E090E0F8016B
:10B4A000E80FF91FD2A60196811528E09207B9F797
:10B4B00080E090E0FC01E65DF74FE00FF11FC082F5
:10B4C000019688309105B1F721960E5C174FC63072
:10B4D000D10569F6DF91CF911F910F91FF90EF9009
:10B4E000DF90CF90089522E338E0FC01E29FC00195
:10B4F000E39F900DF29F900D11248050964B4115C3
:10B500005105F9F0FB013081313071F0D0F021812B
:10B510006E5F7F4F383069F434E0FB01DC0101904D
:10B520000D923A95E1F705C06F5F7F4F4150510989
:10B53000E6CF30E0F90132976E0F7F1F421B530BAD
:10B54000DECF08952F923F924F925F926F927F923B
:10B550008F929F92AF92BF92CF92DF92EF92FF9223
:10B560000F931F93CF93DF93CDB7DEB72A970FB614
:10B57000F894DEBF0FBECDBF6B01DB011E968C9130
:10B580008F70FB0124E0829FE00DF11D11243E9697
:10B590001F01CB0117DB7C01D1011D968C911D97FA
:10B5A00083711D968C93BFEFEB16FB0679F0F101CA
:10B5B0000485007F10E015950795159507950451B2
:10B5C00011098585823009F08AC00BC0D10112961D
:10B5D0008D919C9113970E9453B9FEDD019639F726
:10B5E00042C4C60153DB7C01019609F43CC422E34A
:10B5F00038E0E29EC001E39E900DF29E900D112472
:10B600009C012A51364B5901D90114964D915C91F8
:10B61000159716966D917D918D919C9119970F9428
:10B62000C319811102C0F501FDC3A801B1016C5E0F
:10B630007F4FC70158DFD5018C91813110F481E033
:10B640008C93F101868597850E9453B922E338E0F7
:10B65000E29EA001E39E500DF29E500D11244A512E
:10B66000564B5A834983DA0153969C938E93529793
:10B67000FA0186859785A089B1890196A11DB11D22
:10B6800086879787A08BB18B860120E038E040E069
:10B6900050E062E1C70190DBE981FA818285938500
:10B6A000A485B5850196A11DB11D82879387A487C6
:10B6B000B5878081813110F484E0808382E398E053
:10B6C000E89EF001E99EF00DF89EF00D1124EA517C
:10B6D000F64B11828EE190E0978B868BC4C3FFEF0F
:10B6E000EF16FF0609F4BFC382E398E0E89EF0017D
:10B6F000E99EF00DF89EF00D1124EA51F64B808181
:10B70000813120F48EE190E0978B868BA801B10106
:10B710006C5E7F4FC701E7DED1011D968C911D97AE
:10B72000823109F04DC018966D917D918D919C915B
:10B730001B970E9457B922E338E0E29E8001E39E06
:10B74000100DF29E100D11240A51164BF80162875C
:10B75000738784879587D10114966D917D918D9122
:10B760009C9117970E9457B9F80166877787808B5D
:10B77000918B86859785A089B1890196A11DB11D00
:10B7800086879787A08BB18BD1011E968D919C9156
:10B790001F970E9453B9F801938B828B808180316F
:10B7A00010F480E1808382E398E0E89EF001E99E56
:10B7B000F00DF89EF00D1124EA51F64B118253C39F
:10B7C000D60150968D919C9151970E9409B3F60134
:10B7D00046854F70D1011C962C91207F30E0359525
:10B7E000279535952795B4E04B9F200D311D1124E9
:10B7F0008C01021B130B2801612C712C22E338E011
:10B80000E29EC001E39E900DF29E900D1124FC017A
:10B81000EA51F64B5F0180A591A50E945DA0092E1B
:10B82000000CAA0BBB0B84159505A605B7050CF4F7
:10B830001AC3411451046104710409F47EC1D50195
:10B840001E962D913D914D915C91519729833A839C
:10B850004B835C83F10164817581868197810E94AD
:10B8600057B929813A814B815C81261737074807F0
:10B87000590709F0BDC0A601B801C70143DC019614
:10B88000A1F0D10114966D917D918D919C911797A6
:10B890000E9457B9DC01CB01840D951DA61DB71D73
:10B8A000F50186879787A08BB18B82E398E0E89EAD
:10B8B000D001E99EB00DF89EB00D1124AA51B64BEF
:10B8C0005896ED91FC915997309731F098966D917B
:10B8D0007C919997C701199522E338E0E29EC00157
:10B8E000E39E900DF29E900D11249C012A51364B3F
:10B8F0005901D90198968D919C9199970E94BE9E6D
:10B90000812C38E0932E9401281B390B860140E0EE
:10B9100050E060E1C70150DA80911C7B90911D7B63
:10B920008E159F0509F05FC060911A7B70911B7B9B
:10B930006115710509F457C0D5011E962D913D91F1
:10B940004D915C915197CB01A0E0B0E0280F391FD9
:10B950004A1F5B1F2F83388749875A8720911E7B98
:10B9600030911F7B4091207B5091217B820F931F50
:10B97000A41FB51F2F81388549855A852817390797
:10B980004A075B0739F5D50198968D919C91999757
:10B9900042E25BE70E94D29E80911E7B90911F7BCA
:10B9A000A091207BB091217B480E591E6A1E7B1E00
:10B9B000F50146865786608A718A80A591A50E9406
:10B9C000BE9E9401281B390B40E050E060E1C701A6
:10B9D000F3D909C080914D3A90914E3A01969093D7
:10B9E0004E3A80934D3A10921B7B10921A7BA5C061
:10B9F000F50186859785A089B189A3019201280F59
:10BA0000391F4A1F5B1F29833A834B835C83D10113
:10BA100014966D917D918D919C9117970E9457B9C5
:10BA2000460E571E681E791E29813A814B815C8122
:10BA3000421653066406750680F5D5011E964D9094
:10BA40005D906D907C905197F10184819581A681E4
:10BA5000B781F50186879787A08BB18B80A591A5CB
:10BA60000E94BE9E20E038E0281B390B860140E092
:10BA700050E060E1C701A0D9D5011E964D925D92BC
:10BA80006D927C92519780914B3A90914C3A0196ED
:10BA900090934C3A80934B3A50C080911A7B90918E
:10BAA0001B7B892B09F040C0F60166856F70A62EBE
:10BAB000D1011C96BC901C9714966D917D918D912F
:10BAC0009C9117970E9457B960931E7B70931F7BC0
:10BAD0008093207B9093217BF0921D7BE0921C7BD6
:10BAE000B4E0AB9EB0011124625F7F4F8B2D807F4D
:10BAF00090E09595879595958795680F791F6C0DC2
:10BB00007D1DA80182E29BE70F94954A10931B7B51
:10BB100000931A7B8091493A90914A3A019690930A
:10BB20004A3A8093493A09C080914D3A90914E3AF1
:10BB3000019690934E3A80934D3AF101858581307C
:10BB400009F0ABC022E338E0E29EC001E39E900D15
:10BB5000F29E900D11249C012A51364B5901D901B6
:10BB60008C91823721F564817581868197810E944D
:10BB700057B9DC01CB010196A11DB11DF5018687E6
:10BB80009787A08BB18B80A591A50E94BE9E20E0D7
:10BB900038E0281B390B860140E050E060E1C70126
:10BBA0000BD9D50157961C921E9256971C9222E3F0
:10BBB00038E0E29EC001E39E900DF29E900D1124AC
:10BBC000FC01EA51F64B5F018081813741F5D101DB
:10BBD00014966D917D918D919C9117970E9457B904
:10BBE000DC01CB010196A11DB11DF5018687978768
:10BBF000A08BB18B80A591A50E94BE9E20E038E06D
:10BC0000281B390B860140E050E060E1C701D4D821
:10BC1000D50157961C921E9256971C9227C0808180
:10BC2000803121F5D10118966D917D918D919C9176
:10BC30001B970E9457B9DC01CB010196A11DB11DD4
:10BC4000F50182879387A487B58780A591A50E9477
:10BC5000BE9E20E038E0281B390B860140E050E012
:10BC600061E1C701A9D882E7D5018C9382E398E00E
:10BC7000E89EF001E99EF00DF89EF00D1124EA51C6
:10BC8000F64B82859385A485B5850196A11DB11DCE
:10BC900082879387A487B587E6C0F10185858131C6
:10BCA00009F0A4C022E338E0E29EC001E39E900DBB
:10BCB000F29E900D11249C012A51364B5901D90155
:10BCC0008C91823721F564817581868197810E94EC
:10BCD00057B9DC01CB010196A11DB11DF501868785
:10BCE0009787A08BB18B80A591A50E94BE9E20E076
:10BCF00038E0281B390B860140E050E060E1C701C5
:10BD00005BD8D50157961C921E9256971C9222E33F
:10BD100038E0E29EC001E39E900DF29E900D11244A
:10BD2000FC01EA51F64B5F0180818137B1F5D10109
:10BD300014966D917D918D919C9117970E9457B9A2
:10BD4000DC01CB010196A11DB11DF5018687978706
:10BD5000A08BB18BD10118966D917D918D919C91A5
:10BD60001B970E9457B9F50162877387848795876F
:10BD700080A591A50E94BE9E20E038E0281B390BCB
:10BD8000860140E050E060E1C70116D8D501579622
:10BD90001C921E9256971C9266C08081803109F0D9
:10BDA00062C0D10114966D917D918D919C911797F0
:10BDB0000E9457B9DC01CB010196A11DB11DF5010F
:10BDC00086879787A08BB18B80A591A50E94BE9E88
:10BDD00020E038E0281B390B860140E050E061E1AB
:10BDE000C7010E94DCD682E7D50125C0F101858517
:10BDF0008031C9F582E398E0E89E8001E99E100D4C
:10BE0000F89E100D11240A51164BD8018C918430E4
:10BE100029F48FE08C9311961C9225C0F801808143
:10BE2000823721F4178A168A10821DC0D8018081BA
:10BE3000813719F482E78C9316C0F801C284D38449
:10BE4000E484F584D10118966D917D918D919C913A
:10BE50001B970E9457B9C616D706E806F90619F4CB
:10BE6000F801158A148A2A960FB6F894DEBF0FBE21
:10BE7000CDBFDF91CF911F910F91FF90EF90DF9099
:10BE8000CF90BF90AF909F908F907F906F905F907A
:10BE90004F903F902F9008954F925F926F927F92B4
:10BEA0008F929F92AF92BF92CF92DF92EF92FF92CA
:10BEB0000F931F93CF93DF93CDB7DEB7C654D44013
:10BEC0000FB6F894DEBF0FBECDBF6C017B015801E9
:10BED000069708F0DBC082E398E0C89EF001C99E97
:10BEE000F00DD89EF00D1124EA51F64B808180317F
:10BEF00009F0CCC0222349F0213009F0C7C0DE018F
:10BF0000A95BBF4F80E090E00DC0DE01A95BBF4F91
:10BF1000FA01CF01841B950B8E159F056CF481915E
:10BF20008D93F7CF8E159F053CF4FA01E80FF91FAA
:10BF3000E491ED930196F6CF2701F7FE02C0412C64
:10BF4000512C0E9413BA22E338E0C29EC001C39E66
:10BF5000900DD29E900D1124FC01EA51F64B4F0139
:10BF600080A591A50E94BE9E612C28E0722E9301AF
:10BF7000281B390B8E010F5F1F4FA70168E1C60117
:10BF80000E94DCD6F40180A591A50E94BE9E93017B
:10BF9000281B390B40E050E060E1C6010E94DCD66E
:10BFA000F40182859385A485B585052C000C66086F
:10BFB0007708840D951DA61DB71D82879387A487DA
:10BFC000B587F58AE48A0E943ABA0E9422D28C018F
:10BFD000019609F45BC01A141B04A4F041E06CE064
:10BFE00070E0C8010E9446D222E338E0C29EC00140
:10BFF000C39E900DD29E900D11249C012650364B6D
:10C0000059010AC033E0A316B10474F741E068ECAB
:10C0100070E0E7CF0E943ABA0E9413BAC8010E94AA
:10C0200067D2892B39F5C8010E9482D282E398E059
:10C03000C89EF001C99EF00DD89EF00D1124EA5162
:10C04000F64B82859385A485B58584199509A60943
:10C05000B70982879387A487B58780914F3A9091DB
:10C06000503A01969093503A80934F3AEE24EA94D6
:10C07000FE2C08C0F50180819181892B59F6C801F9
:10C080000E9482D20E943ABAC70102C08FEF9FEF8E
:10C09000CA5BDB4F0FB6F894DEBF0FBECDBFDF919A
:10C0A000CF911F910F91FF90EF90DF90CF90BF90B5
:10C0B000AF909F908F907F906F905F904F9008957A
:10C0C0003F924F925F926F927F928F929F92AF9228
:10C0D000BF92CF92DF92EF92FF920F931F93CF9375
:10C0E000DF938630910508F080C0A2E3B8E08A9F14
:10C0F000F0018B9FF00D9A9FF00D1124EA51F64B41
:10C100003081303109F071C0FB0177FF02C0E1508E
:10C11000FC4F322E2A01EB017C016F2E6594659451
:10C120007F2E770C77084A01C12CD12CA12CB12C81
:10C13000A614B7041CF5C12CD12C81E090E0009727
:10C1400031F42FEFA21AB20A8CEF981AF1CF23E044
:10C15000C216D104B4F721E0231588F38601232DFC
:10C16000A40160E074E0C70197DE019621F48FEF2F
:10C17000C81AD80AE2CF80E090E0E1CF77FE02C093
:10C18000612C712C83E0C816D10419F4C7017DD845
:10C190002CC0CE019370892B11F4CE0128C0762CCF
:10C1A0006624770C770C460C571CCE0160E074E0D7
:10C1B0000F942C486C01A12CB12C83E0A816B1047B
:10C1C0007CF421E02315C8F38501232DA201B601DB
:10C1D000C70162DE019621F48FEFA81AB80AEDCFED
:10C1E00023E0A216B104C9F6D1CF8FEF9FEFDF9104
:10C1F000CF911F910F91FF90EF90DF90CF90BF9064
:10C20000AF909F908F907F906F905F904F903F90F6
:10C2100008958F929F92AF92BF92CF92DF92EF924A
:10C22000FF920F931F93CF93DF93CDB7DEB7C65422
:10C23000D1090FB6F894DEBF0FBECDBF6C017B01F4
:10C240005A01069708F06CC082E398E0C89E80010E
:10C25000C99E100DD89E100D11240A51164BF801DD
:10C2600080A591A50E94BE9E009709F45BC00E9424
:10C2700013BAF80180A591A50E94BE9EF801E816A8
:10C28000F9063CF480A591A5A501B7010E94929FF3
:10C290001BC080A591A50E94BE9E7C014501085D42
:10C2A0001F4FC4018A199B098E159F054CF4F80194
:10C2B000808191810E940EA0F40181934F01F1CF02
:10C2C000F7FE02C0E12CF12C82E398E0C89E8001C9
:10C2D000C99E100DD89E100D11240A51164BF8015D
:10C2E00080818031C9F480A591A50E94BE9E8115F0
:10C2F000944094F4F80180A591A50E94BE9E20E090
:10C3000038E0281B390B8E010F5F1F4F40E050E0D3
:10C3100060E1C6010E94DCD60E943ABAC70102C0A1
:10C320008FEF9FEFCA5BDF4F0FB6F894DEBF0FBEF3
:10C33000CDBFDF91CF911F910F91FF90EF90DF90D4
:10C34000CF90BF90AF909F908F90089586309105C9
:10C3500090F422E338E0829FF001839FF00D929FDA
:10C36000F00D1124EA51F64B8081803121F480A533
:10C3700091A50C9443A08FEF9FEF0895863091050F
:10C3800078F422E338E0829FF001839FF00D929FC2
:10C39000F00D1124EA51F64B80A591A50C94BE9E98
:10C3A0008FEF9FEF0895DF92EF92FF920F931F930D
:10C3B000CF93DF93CDB7DEB7C654D1090FB6F8944B
:10C3C000DEBF0FBECDBF8630910510F080E03AC0D1
:10C3D0007C0182E398E0E89E8001E99E100DF89EC2
:10C3E000100D11240A51164BF80180A591A50E9449
:10C3F000BE9E892B59F30E9413BAF80180A591A51E
:10C400000E940EA0D82EF80180818031C1F480A551
:10C4100091A50E94BE9E892B91F4F80180A591A55B
:10C420000E94BE9E20E038E0281B390B8E010F5F72
:10C430001F4F40E050E060E1C7010E94DCD60E943F
:10C440003ABA8D2DCA5BDF4F0FB6F894DEBF0FBE30
:10C45000CDBFDF91CF911F910F91FF90EF90DF90B3
:10C4600008958F929F92AF92BF92CF92DF92EF92F8
:10C47000FF920F931F93CF93DF93CDB7DEB7C955CC
:10C48000D1090FB6F894DEBF0FBECDBF4B015C01E2
:10C490008A010E94C4D56C01019619F48FEF9FEFB9
:10C4A00036C18091192290911A22A0911B22B0913D
:10C4B0001C2240911D2250911E2260911F227091DA
:10C4C0002022482559256A257B25482359236A239C
:10C4D0007B23452B462B472B09F04AC0809590952E
:10C4E000A095B095B501A401482359236A237B2365
:10C4F00084179507A607B70769F582E398E0C89EF9
:10C50000F001C99EF00DD89EF00D1124EA51F64BB2
:10C510008FEF82A383A384A385A386A387A30E940E
:10C5200013BACE01895B9F4F0E948FD282E398E0BD
:10C53000C89EF001C99EF00DD89EF00D1124EA515D
:10C54000F64B81E080838091473A9091483A62E3CC
:10C5500078E039C082E398E0C89EA001C99E500DE2
:10C56000D89E500D1124485F554BC501B40113C02E
:10C5700082E398E0C89EA001C99E500DD89E500D40
:10C580001124485F554B60911522709116228091BD
:10C590001722909118220E94BFB3019709F0BFCFD4
:10C5A0007DCF20E030E140E050E0469FF001479F22
:10C5B000F00D569FF00D1124EA51F64B82819381C4
:10C5C0002817390749F49C01305121155EEE3507D3
:10C5D00040F72F5F3F4EE7CF8481958128173907B9
:10C5E00091F34F5F5F4F46305105F9F63093483A6B
:10C5F0002093473A42E358E0C49EC001C59E900D87
:10C60000D49E900D1124AC014A51564B7A01FA0187
:10C61000358324831383028386829782A086B18622
:10C6200087E899EAABECBDEE82879387A487B5874C
:10C6300016861786108A118A11828EE190E0978BF8
:10C64000868B80A591A50E9443A0F701138A128AC8
:10C65000158A148A118E108E80A591A50E94BE9E07
:10C6600020E038E0281B390B8E010F5F1F4F40E0A0
:10C6700050E062E0C6010E94DCD60E943ABA0E94F5
:10C6800022D28C01019609F409CF41E064EF71E0F8
:10C69000C8010E9446D20E9413BAF70180818031FE
:10C6A000A1F4C8010E9467D2892B79F0C8010E94C9
:10C6B00082D28E010F5F1F4F20E038E040E050E053
:10C6C00060E1C6010E94DCD61FC0C8010E9467D28B
:10C6D000892BB9F482E398E0C89EF001C99EF00D61
:10C6E000D89EF00D1124EA51F64B178A168A108253
:10C6F000118E108EC8010E9482D2CC24CA94DC2CE8
:10C7000003C00E943ABAC7CF0E943ABAC601C75ABC
:10C71000DF4F0FB6F894DEBF0FBECDBFDF91CF91D4
:10C720001F910F91FF90EF90DF90CF90BF90AF904F
:10C730009F908F900895CF93DF93109268008BB3F2
:10C740008BBB10926E0085B385BB10926F0086B3D1
:10C7500086BB1092700087B387BB1092C100809196
:10C76000C0008093C0001092C9008091C8008093DF
:10C77000C80080E88093BC001CBC78940E94869E10
:10C7800080E090E00E94F97F0E949EC360E070E02C
:10C7900081E00E9401C48DE191EB9F938F930F94F0
:10C7A000E64B88E191EB9F938F930F94E64BC2E3A6
:10C7B000D1EBDF93CF930F94E64B81E191EB9F9305
:10C7C0008F930F94E64BDF93CF930F94E64B0E9429
:10C7D000B5D48BE091EB9F938F930F94E64BDF934F
:10C7E000CF930F94E64B0E9463CD82E091EB9F9331
:10C7F0008F930F94E64BDF93CF930F94E64B0E94F9
:10C8000013A48BEF90EB9F938F930F94E64BDF93E2
:10C81000CF930F94E64B0E94E57B84EF90EB9F93C0
:10C820008F930F94E64BDF93CF930F94E64B8DEEEF
:10C8300090EB9F938F930F94E64B0E9439D02DB7C6
:10C840003EB7245E3F4F0FB6F8943EBF0FBE2DBFDC
:10C85000811105C089E291EB9F938F9314C0DF9300
:10C86000CF930F94E64B82EE90EB9F938F930F94B0
:10C87000E64B0E9408B20F900F900F900F90892BFB
:10C8800049F7DF93CF930F94E64B0F900F900E94E0
:10C8900046C28CED90EB9F938F930F94E64BC2E3CF
:10C8A000D1EBDF93CF930F94E64B0E948CC485EDC0
:10C8B00090EB9F938F930F94E64BDF93CF930F945E
:10C8C000E64B8DB79EB708960FB6F8949EBF0FBE85
:10C8D0008DBFDF91CF91089580916E00887F809306
:10C8E0006E0080916F00897F80936F008091C100FE
:10C8F0008F718093C1008091C9008F718093C900AE
:10C900008091BC008A7F8093BC000FB6F894A895F4
:10C9100080916000886180936000109260000FBE7B
:10C920009CE088E10FB6F894A895809360000FBE54
:10C9300090936000FFCF9091567F9A5081E09A309B
:10C9400008F080E00895CF93DF93D82FC091567FF1
:10C95000CA3018F48C17D0F00CC0EDDF882369F0D2
:10C960008D2F90E02C2F30E02A5031098217930749
:10C970006CF081E0DA3058F009C09BEE9C0F9930E2
:10C9800038F4DC1718F081E0DE3108F080E08170C7
:10C99000DF91CF910895CF92DF92FF920F931F9373
:10C9A000CF93DF93CDB7DEB7C959D1090FB6F8944D
:10C9B000DEBF0FBECDBF9091577F992309F43BC1D5
:10C9C000182F8091F7469091F846892B21F0F0902E
:10C9D0002C7FFF20B1F1111104C08091663A8111C2
:10C9E0002AC197E5C92E9FE7D92E8091577F8823CA
:10C9F00009F421C180E090E00E943280049724F085
:10CA00001111F3CFF12C9FC16091577F80E090E02E
:10CA10000E94078081E09091577F9A3009F080E072
:10CA200080936B3AF60101900020E9F73197AF014E
:10CA300047555F4768E57FE787E59FE70F94C44A5E
:10CA4000D4CF1123F9F2CE0189579F4F0E948FD284
:10CA500080912E7F882309F4F1C0AE014F5F5F4FB4
:10CA60006EE27FE78091F7469091F8460E941EB0F3
:10CA7000882309F4E3C0BE016F5F7F4F8091F746C2
:10CA80009091F8460E9476AB8C01009709F4D6C0CD
:10CA900018AA19AA1AAA1BAA42E0BE01605D7F4F1C
:10CAA0000E94D6AE8823B1F0E7E5FFE701900020B1
:10CAB000E9F73197E755FF4788A999A9AAA9BBA922
:10CAC0008E0F9F1FA11DB11D813A9648A140B1054F
:10CAD00058F005C061E08BE792EB0F94EC0AC801B7
:10CAE0000E945FAF00E010E00115110549F4A6C0F7
:10CAF0001092673A1092683A1092693A10926A3A24
:10CB0000CB56DF4F488159816A817B81C559D0401E
:10CB10008091673A9091683AA091693AB0916A3AE7
:10CB20008C549F4FAF4FBF4F481759076A077B0779
:10CB300008F442C0C257DF4F88819981CE58D04057
:10CB4000C357DF4F3881CD58D040C457DF4F2881BD
:10CB5000CC58D0409F938F931F923F931F922F9357
:10CB60008DE891EB9F938F936E013FE5C30ED11C2F
:10CB7000DF92CF920F940D4CF60101900020E9F75F
:10CB80003197AF014C195D09B601C8010E94ADACE7
:10CB90000FB6F894DEBF0FBECDBF1816190664F0AD
:10CBA00061E086E791EB0F94EC0A81E080932C7FA3
:10CBB000C8010E945FAFC7C087E5C82E8FE7D82E97
:10CBC000F60101900020E9F73197AF0147555F4723
:10CBD000B601C8010E94ADAC181619065CF061E000
:10CBE0008FE591EB0F94EC0AC8010E945FAF1092A1
:10CBF0002E7FA9C0C8010E945FAFCB56DF4F88814E
:10CC00009981AA81BB81C559D0408093673A90939E
:10CC1000683AA093693AB0936A3AF601019000200D
:10CC2000E9F7329781E090819A3009F080E08093B3
:10CC30006B3A1092577FFF24F39485C0C757DF4F9C
:10CC40005881C958D040C657DF4F4881CA58D04094
:10CC5000C457DF4F3881CC58D040C357DF4F2881AD
:10CC6000CD58D040C257DF4F88819981CE58D040EF
:10CC70001F925F931F924F931F923F931F922F9388
:10CC80009F938F9389E592EB9F938F938EE29FE71B
:10CC90009F938F930F940D4CAE01405D5F4F6BE5FA
:10CCA00072E28091F7469091F8460E941EB00FB64E
:10CCB000F894DEBF0FBECDBF811104C061E082E2F7
:10CCC00092EB0FC0BE01605D7F4F8091F74690915F
:10CCD000F8460E9426AF8C01009749F461E088EF86
:10CCE00091EB0F94EC0A81E080932C7F2CC0AE0175
:10CCF0004F5F5F4F6EE27FE70E94B0B0D82EC80151
:10CD00000E945AAFD1100EC061E08AED91EB0F94F2
:10CD1000EC0A882341F36EE27FE785E798E80F94F9
:10CD2000144BE1CFBE016F5F7F4F8091F74690912A
:10CD3000F8460E9476AB8C01892B09F0D9CE61E0D0
:10CD40008EEA91EBE4CF8F2DC756DF4F0FB6F894E4
:10CD5000DEBF0FBECDBFDF91CF911F910F91FF902E
:10CD6000DF90CF9008951F93CF93DF93CDB7DEB7B9
:10CD700063970FB6F894DEBF0FBECDBF2091653A22
:10CD8000211102C01092663A10922D7F009709F48B
:10CD900063C0813022E092070CF05EC02091577F83
:10CDA000222351F0E7E5FFE701900020E9F73297F1
:10CDB00011E020812A3009F010E01170A7E5BFE7EB
:10CDC000FD0101900020E9F73197E755FF47E80F93
:10CDD000F91FCF0141968115944060F4111105C0EF
:10CDE00080916B3A882359F00CC0E35BFF4FE1154B
:10CDF000F440B0F381E0CFDD8111F2CF2EC01123DA
:10CE000049F1CE0101960E948FD21FB7F894598143
:10CE10004A813B812C81E7E5FFE701900020E9F79B
:10CE20001F925F931F924F931F923F931F922F93D6
:10CE300029E431EB3F932F93CF0101979F938F9379
:10CE40000F940D4C10926B3A1FBF0FB6F894DEBFD3
:10CE50000FBECDBF81E001C080E063960FB6F894AD
:10CE6000DEBF0FBECDBFDF91CF911F91089580919E
:10CE70002D7F882311F081E08ECD81E080932D7F7E
:10CE800008951F93CF93DF930097A1F0EC01FC016D
:10CE900001900020E9F7CF0101978C1B9D0B63DF08
:10CEA000882341F01FB7F894BE0187E59FE70F94F0
:10CEB000144B1FBFDF91CF911F910895CF93C82FBF
:10CEC00081E090E050DF882359F08FB7F894E7E5D0
:10CED000FFE701900020E9F73197C08311828FBFEF
:10CEE000CF9108951F93CF93DF93009771F0EC01DA
:10CEF0000F942F4A38DF882341F01FB7F894BE0102
:10CF000087E59FE70F94094A1FBFDF91CF911F91DB
:10CF10000895DF92EF92FF920F931F93CF93DF93C9
:10CF2000009739F1E72EF62E052F142FEC010F9400
:10CF30002F4A0A9618DF8823E1F0DFB6F894E7E578
:10CF4000FFE701900020E9F7EF92FF920F931F9304
:10CF5000DF93CF93CF0101979F938F930F940D4C45
:10CF6000DFBE8DB79EB708960FB6F8949EBF0FBE72
:10CF70008DBFDF91CF911F910F91FF90EF90DF90C8
:10CF80000895CF92DF92EF92FF92CF936B017C01D5
:10CF90008FE090E0E8DE882371F0CFB7F89441E5A8
:10CFA0005AE3C701B6010E941CBCBC0187E59FE79C
:10CFB0000F94144BCFBFCF91FF90EF90DF90CF90A5
:10CFC00008950F931F93CF938C0181E190E0CBDE06
:10CFD000882369F0CFB7F89461E57AE3C8010E942D
:10CFE00022B5BC0187E59FE70F94144BCFBFCF91CB
:10CFF0001F910F910895CF92DF92EF92FF920F93BE
:10D000001F93CF93DF93EC017C01E60EF71EFC012A
:10D0100000E010E0EE15FF0539F0819180528F3568
:10D02000C8F70F5F1F4FF6CF6B01D694C794C01699
:10D03000D10678F4C8019695879596958795800FC7
:10D04000911F601B710B9B01220F331F620F731F17
:10D0500003C0CB01880F991F860F971F84DE80E0E5
:10D06000CE15DF05F9F0C016D10670F49881905204
:10D070009F3550F4811104C080E220DF87E21EDF7B
:10D0800088811CDF81E00CC0882311F087E216DF65
:10D09000488150E060E070E083E491EB3ADF80E0AB
:10D0A0002196DECF882351F087E2DF91CF911F9147
:10D0B0000F91FF90EF90DF90CF9000CFDF91CF9155
:10D0C0001F910F91FF90EF90DF90CF90089581E036
:10D0D00062DC81E08093663A1092653A089580910F
:10D0E000663A8093653A08951092653A08951092D1
:10D0F000663A1092653A08958091663A882329F03D
:10D100001092577F81E080936B3A81E08093663A7A
:10D110001092653A0895CF93C1E0C093567FC093B3
:10D120002B7F1092577F10922E7FC0932D7F1092ED
:10D130002C7F63E087E397EE0E94EAD1C0936B3ABD
:10D140001092673A1092683A1092693A10926A3ACD
:10D150001092663A1092653ACF9108958F929F92FD
:10D16000AF92BF92CF92DF92EF92FF92FC0180804C
:10D170009180A280B380FB01C080D180E280F380E7
:10D18000F0E0811481EE980685EFA80685E0B806E8
:10D1900050F4AAE0B0E0A50194010F9485484B013A
:10D1A0005C01FF5FEECFE0E0C11481EED80685EFB1
:10D1B000E80685E0F80650F4AAE0B0E0A701960181
:10D1C0000F9485486B017C01EF5FEECF8C149D04BA
:10D1D000AE04BF0470F08C149D04AE04BF0439F497
:10D1E000EF1738F081E0FE1305C080E003C081E056
:10D1F00001C08FEFFF90EF90DF90CF90BF90AF9086
:10D200009F908F900895CF93DF93DC01FC013496BB
:10D21000EF0109900020E9F721979E012E1B3F0B9B
:10D220009E964C919E9750E04730510580F5FA014B
:10D230008827EE57FF4F8F4F0D9461488DE019C03E
:10D240009F96FD0101900020E9F73197EA1BFB0B47
:10D250002F5E1AC084E10DC086E10BC09F96FD01D0
:10D2600001900020E9F73197EA1BFB0B205F0CC00F
:10D2700083E1820F0DC09F96FD0101900020E9F728
:10D280003197EA1BFB0B225F822F8E0F01C08FEFBD
:10D29000DF91CF9108950F931F93FC013896DF0122
:10D2A0000D900020E9F71197AE1BBF0BA80FB91F17
:10D2B00019960D911D912D913C911C97DB011896AB
:10D2C000FD0101900020E9F73197EA1BFB0BE60F07
:10D2D000F71F418552856385748504171507260756
:10D2E000370740F081E0041715072607370719F4C0
:10D2F00080E001C08FEF1F910F9108954F925F92D0
:10D300006F927F928F929F92AF92BF92CF92DF9255
:10D31000EF92FF920F931F93CF93DF93CDB7DEB7BA
:10D3200063970FB6F894DEBF0FBECDBF7C015B01E3
:10D33000442EDB014D915D916D917C91FC018081CA
:10D340009181A281B381F50180839183A283B3830C
:10D35000481759076A077B0759F4C70154DF55245A
:10D360005394D50114969C91981304C0512C02C07B
:10D3700055245394C70147DFF5018483D7019C9658
:10D380008D919C919D97511008C0552453942581EF
:10D3900036812817390709F4512CF50196838583C6
:10D3A000D7019E968C91511006C0552453949781B5
:10D3B000981301C0512CF50187834501F8E08F0EC9
:10D3C000911CC70104966C01511009C0BC01C40135
:10D3D0000F942A4B55245394892B09F4512CB601F0
:10D3E000C4010F94334BF60101900020E9F78F013F
:10D3F0000C191D09080D191DD701A05ABF4F3D0179
:10D40000511012C055245394F8014081518162811A
:10D4100073818D919D910D90BC91A02D4817590756
:10D420006A077B0709F4512CF30180819181A28165
:10D43000B381F80181939193A193B1936F01D701C7
:10D440009E968C9190E08730910508F042C1FC01D6
:10D450008827E757FF4F8F4F0D946148F701BF961C
:10D460004F01511009C0BF01C6010F942A4B55242A
:10D470005394892B09F4512CB401C6010F94334BFA
:10D48000F40101900020E9F7E819F909EC0DFD1D00
:10D49000D701A55ABF4F51100BC05524539420817A
:10D4A00031818D919C9111972817390709F4512CDE
:10D4B0008D919C9191838083D701A35ABF4F5110C6
:10D4C00007C05524539492818C91981301C0512C1C
:10D4D0008C9182836F0183E0C80ED11C02C1F701D9
:10D4E000E95AFF4F511013C055245394D801149694
:10D4F0004D915D916D917C91179780819181A28171
:10D50000B381481759076A077B0709F4512C8081BA
:10D510009181A281B381F80184839583A683B78327
:10D52000F701E55AFF4F51100DC055245394D8010F
:10D5300018962D913C911997808191812817390770
:10D5400009F4512C80819181F80191878087F7013E
:10D55000E35AFF4F511009C055245394D8011A962D
:10D560009C918081981301C0512C8081F8018287A1
:10D57000D7019E968C91853029F06801BBE0CB0ED7
:10D58000D11CAFC0F701E25AFF4F51100DC0552416
:10D590005394D8011B962D913C911C9780819181C9
:10D5A0002817390709F4512C80819181F80194875B
:10D5B00083876801FDE0CF0ED11C93C0C7018F9611
:10D5C0004C01511009C0BC01C6010F942A4B5524CF
:10D5D0005394892B09F4512CB401C6010F94334B99
:10D5E000F40101900020E9F7CF0188199909D601CB
:10D5F000A80FB91FF701E55AFF4F51100BC0552472
:10D6000053942D913C91119780819181281739076E
:10D6100009F4512C808191818D939D936D0161C09E
:10D62000F701E95AFF4F511013C055245394D80104
:10D6300014964D915D916D917C91179780819181A8
:10D64000A281B381481759076A077B0709F4512C57
:10D6500080819181A281B381F80184839583A6831F
:10D66000B783F701E55AFF4F51100DC0552453946D
:10D67000D80118962D913C91199780819181281796
:10D68000390709F4512C80819181F80191878087B5
:10D690006801FAE0CF0ED11C24C0C7018F964C015F
:10D6A000511009C0BC01C6010F942A4B5524539454
:10D6B000892B09F4512CB401C6010F94334BF401AA
:10D6C00001900020E9F7CF0188199909C80ED91EE9
:10D6D00008C0F80131971082D7019E961C925524FC
:10D6E0005394C70190DD90E0CA18DB08C816D9062C
:10D6F000E9F75520C1F04420B1F0CE0101960E9417
:10D700008FD28F859889A989BA89F3018083918303
:10D71000A283B3838F859889A989BA89F801808308
:10D720009183A283B383852D63960FB6F894DEBFF1
:10D730000FBECDBFDF91CF911F910F91FF90EF9062
:10D74000DF90CF90BF90AF909F908F907F906F9021
:10D750005F904F900895EF92FF920F931F93CF9396
:10D76000DF931F92CDB7DEB7F82E00E117E2EE246B
:10D77000E394E9820E94A59C811105C00E94329D1C
:10D780008FEF9FEF16C040E0BE016F5F7F4F8F2D80
:10D790000E947A9D882391F38981811108C00E949B
:10D7A000E19C0150110929F780E090E002C081E07E
:10D7B00090E00F90DF91CF911F910F91FF90EF902C
:10D7C0000895685F7F4F08960D94DC4A0895CF93C3
:10D7D000DF93EFB7F89480916F3A9091703AA091EF
:10D7E000713AB091723A27EB82272DE1922721EC12
:10D7F000A22724E0B227880F991FAA1FBB1F811DF3
:10D8000020916D3A30916E3AE901C952D44748816E
:10D8100050E0BC016F70772702C0440F551F6A9516
:10D82000E2F7052E000C660B770B84279527A627B9
:10D83000B72780936F3A9093703AA093713AB09360
:10D84000723A2F5F3F4F30936E3A20936D3AEFBF9D
:10D8500080E0DF91CF91089524E6FC0111922A9592
:10D86000E9F70895EF92FF920F931F93CF93DF9301
:10D87000EC018B01F1DFF80180819181A281B381FC
:10D8800088839983AA83BB83858196819DA78CA772
:10D8900087818EA7085F1F4F7E01F4E0EF0EF11C19
:10D8A000B801C7010F94334BD7010D900020E9F761
:10D8B000AE19BF09A00FB11FFD01419151916191B6
:10D8C00071918F01FE01E05AFF4F408351836283C3
:10D8D00073839E01225A3F4FF901118210829EA547
:10D8E000492F50E04730510508F082C0FA018827DF
:10D8F000E057FF4F8F4F0D9461487E01FFE2EF0E1E
:10D90000F11CB801C7010F94334BF70101900020BF
:10D91000E9F7EE19FF09E00FF11F80819181DE0127
:10D92000A55ABF4F8D939C938281C35ADF4F888342
:10D9300060C014964D915D916D917C911797FE0199
:10D94000E95AFF4F408351836283738318964D9148
:10D950005C9119973496518340831A968C911A974B
:10D96000C35ADF4F8883953009F043C01B968D91D1
:10D970009C911C97F901918380833BC07E01FFE25B
:10D98000EF0EF11CB801C7010F94334BF701019062
:10D990000020E9F73197EE19FF09E00FF11F8181AF
:10D9A0009281FE01E55AFF4F12C014964D915D9190
:10D9B0006D917C911797FE01E95AFF4F4083518387
:10D9C0006283738318968D919C91199734969183F5
:10D9D00080830AC0B801CE018F960F94334BFE01AD
:10D9E000E55AFF4F11821082C35ADF4F188201C0DF
:10D9F0001EA6DF91CF911F910F91FF90EF90089598
:10DA00003F924F925F926F927F928F929F92AF92CE
:10DA1000BF92CF92DF92EF92FF920F931F93CF931B
:10DA2000DF93CDB7DEB7C456D1090FB6F894DEBF89
:10DA30000FBECDBF1092733A20EF35E55901A81AF9
:10DA4000B90A37ED832E3BE8932E3324339480912B
:10DA5000D58B9091D68B8A159B0508F45AC000E0AF
:10DA600010E027EDE22E2BE8F22E9C0129523447DC
:10DA70006901EC14FD0408F5B701CE010196F2DE50
:10DA80008DA580FD15C00115110559F0A5968CAD29
:10DA90009DADAEADBFADA59784159505A605B7059F
:10DAA00038F4A5964CAC5DAC6EAC7FACA597870105
:10DAB000F7018481E80EF11CDCCF0115110539F165
:10DAC00082E00E94A3E4882341F0F8014081518163
:10DAD0006281738186EF97EB1CDAF801648170E054
:10DAE0004091D58B5091D68B461B570B5093D68BBC
:10DAF0004093D58BC401801B910B480F591F600FB9
:10DB0000711FC8010F94C44A3092733AA0CF80E0CD
:10DB100001C081E0CC59DF4F0FB6F894DEBF0FBED5
:10DB2000CDBFDF91CF911F910F91FF90EF90DF90CC
:10DB3000CF90BF90AF909F908F907F906F905F90AD
:10DB40004F903F9008959F92AF92BF92CF92DF92F5
:10DB5000EF92FF920F931F93CF93DF936C01962E5A
:10DB6000C7EDDBE88091D58B9091D68B8952944795
:10DB7000C817D90708F048C08C817E01E80EF11C57
:10DB80008E018091D58B9091D68B89529447E8165F
:10DB9000F90668F4B801C701F601911037C019956C
:10DBA00087FD8701F7018481E80EF11CEACFE016BA
:10DBB000F10631F1F801E480F12CC70121DF88235F
:10DBC00049F18091733A8111CBCF8091D58B90919F
:10DBD000D68B9C01295234475901A701B801C901CC
:10DBE0000F94C44AA8014C1B5D0BBE01CE018E0DE3
:10DBF0009F1D0F94C44AA701B501CE010F94C44ADA
:10DC00008C81C80FD11DAECF81E004C019951816C4
:10DC100044F2C8CFDF91CF911F910F91FF90EF9009
:10DC2000DF90CF90BF90AF909F9008950F931F9378
:10DC30002091D58B3091D68BA90149525447E7EDFD
:10DC4000FBE8E417F50768F4008111812281338134
:10DC5000061717072807390739F02481E20FF11D4D
:10DC6000F0CF80E090E001C0CF011F910F910895A7
:10DC7000FF920F931F93CF93DF93F42E8901D6DF8A
:10DC8000EC01009779F00115110519F0BC01C801EC
:10DC9000E9DD81E0F11004C09F81911101C080E0B5
:10DCA000817001C080E0DF91CF911F910F91FF90B3
:10DCB00008955F926F927F928F929F92AF92BF92E0
:10DCC000CF92DF92EF92FF920F931F93CF93DF9348
:10DCD000CDB7DEB7C456D1090FB6F894DEBF0FBE7C
:10DCE000CDBF5C01562E3C0180E6680E711CF5012B
:10DCF000608171818281938199DF7C01C50183DA22
:10DD0000082FE114F104E9F410E0C80179DE811173
:10DD100002C08FEF72C041E0511040E06091D58B9E
:10DD20007091D68B69527447C501E8DA8091D58B22
:10DD30009091D68B080F191F1093D68B0093D58B1B
:10DD400054C0F1E05F1220C0B701CE0101968ADD18
:10DD5000A5964CAD5DAD6EAD7FADA597F30180810D
:10DD60009181A281B38184179507A607B70750F068
:10DD70002DA520FD07C0481759076A077B0721F426
:10DD800080E03BC082E039C0F701C4800C1579F116
:10DD900010E0D12C48018C189D08C40131DE882385
:10DDA00009F4B7CF8091733A8111A1CF6090D58BE0
:10DDB0007090D68BA301495254474E195F094C19F4
:10DDC0005D09B7016C0D7D1DC701800F911F0F9478
:10DDD000C44A860C971C9092D68B8092D58B41E0DA
:10DDE000511040E0B701C50189DA81E006C041E089
:10DDF000511040E0B701C50181DACC59DF4F0FB6B1
:10DE0000F894DEBF0FBECDBFDF91CF911F910F9170
:10DE1000FF90EF90DF90CF90BF90AF909F908F904A
:10DE20007F906F905F90089527ED3BE8FC01318370
:10DE300020832091D58B3091D68B29523447275D92
:10DE40003B4861F058F0DC0112968AE0E7EDFBE810
:10DE500001900D928A95E1F781E0089580E00895A0
:10DE6000AF92BF92CF92DF92EF92FF920F931F93E8
:10DE7000CF93DF93EC017B016C0182E0C80ED11CD3
:10DE800087EDA82E8BE8B82E688179810091D58B1B
:10DE90001091D68B095214476017710740F54AE07C
:10DEA00050E0C6010F94884A892B11F0B982A882EC
:10DEB00068817981C701D6DCE881F9818481E80F26
:10DEC000F11DF983E883E017F10730F48AE0D60109
:10DED00001900D928A95E1F7F70180819181A281ED
:10DEE000B381892B8A2B8B2B79F281E001C080E0F2
:10DEF000DF91CF911F910F91FF90EF90DF90CF9026
:10DF0000BF90AF9008952F923F924F925F926F9281
:10DF10007F928F929F92AF92BF92CF92DF92EF92B9
:10DF2000FF920F931F93CF93DF93CDB7DEB7CD58FA
:10DF3000D1090FB6F894DEBF0FBECDBF182F062F44
:10DF400085E796EB9F938F930F94E64B0F900F907E
:10DF500080915E83612F811102C0002369F080E609
:10DF600090E00E94A39B9F938F930F94E64B0F909A
:10DF70000F90011126C00AC081E690E00E94A39B89
:10DF80009F938F930F94E64B0F900F908CE496EB3A
:10DF90009F938F930F94E64B612F82E690E00E944F
:10DFA000A39B9F938F930F94E64B83E496EB9F93F1
:10DFB0008F930F94E64B0F900F900F900F900F9050
:10DFC0000F90612F83E690E00E94A39B9F938F9315
:10DFD0000F94E64BCE0101963FDCCE018B599F4F4B
:10DFE0000E948FD2E7964CAC5DAC6EAC7FACE797ED
:10DFF000CE0188589F4F18DF0F900F90882309F4A7
:10E00000CDC15E0135E0A30EB11C85EE282E85EB57
:10E01000382E91E2892E94EB992E7E0180E3E80E52
:10E02000F11C6E0194E8C90ED11C20E8421A2AE3C3
:10E03000520A29E0620A7108BE016F5F7F4FCE016C
:10E0400088589F4F0DDF882309F473C180915E8348
:10E05000811105C08DA580FF02C0002369F38FA543
:10E0600081110BC0A5968CAD9DADAEADBFADA59792
:10E0700084159505A605B705F8F28C818F938B81E1
:10E080008F938A818F9389818F9325E236EB3F931B
:10E090002F930F94E64BBF92AF9222E036EB3F9363
:10E0A0002F930F94E64B8DA50FB6F894DEBF0FBEED
:10E0B000CDBF80FF13C0612F8BE690E00E94A39B31
:10E0C0009F938F930F94E64B80E096EB9F938F93F3
:10E0D0000F94E64B0F900F900F900F908DA581FF3E
:10E0E00013C0612F8CE690E00E94A39B9F938F93B7
:10E0F0000F94E64B8EEF95EB9F938F930F94E64B27
:10E100000F900F900F900F908FA5853099F4612F8D
:10E110008EE690E00E94A39B9F938F930F94E64B13
:10E120008CEF95EB9F938F930F94E64B0F900F908E
:10E130000F900F903F922F920F94E64B0F900F90FD
:10E140008FA5833009F45CC028F4813059F1823006
:10E1500001F175C08530E9F008F449C0863009F056
:10E160006EC0612F82E790E00E94A39B9F938F93E4
:10E170000F94E64BFF92EF9289ED94EB9F938F9370
:10E180000F94E64B0F900F900F900F900F900F9001
:10E1900069C06C966CAD7DAD8EAD9FAD6C97A701DF
:10E1A0000E941CBC6F968FAD6F97B601880F0F94BD
:10E1B0005220612F81E790E00E94A39B9F938F9351
:10E1C0000F94E64BDF92CF926E968FAD6E978F9342
:10E1D0006D968FAD6D978F93FF92EF92FF92EF92B6
:10E1E0008BE695EB9F938F930F94E64B22C06C9632
:10E1F0006CAD7DAD8EAD9FAD6C97A7010E941CBC30
:10E20000612F80E790E00E94A39B9F938F930F94D0
:10E21000E64B6E968FAD6E978F936D968FAD6D9723
:10E220008F93FF92EF9284E295EB9F938F930F94DD
:10E23000E64B0FB6F894DEBF0FBECDBF13C0612F03
:10E240008FE690E00E94A39B9F938F930F94E64BE1
:10E2500086EA94EB9F938F930F94E64B0F900F9069
:10E260000F900F90A5968CAD9DADAEADBFADA597AF
:10E27000E7968CAF9DAFAEAFBFAFE797CE018B599E
:10E280009F4F0E94C4D2A7966FADA797A8965FAD87
:10E29000A897A9964FADA997AE968EAD9FADAE97B4
:10E2A000AC963FADAC97AB962FADAB971F926F93EB
:10E2B0001F925F931F924F939F938F931F923F9351
:10E2C0001F922F9380E794EB9F938F930F94E64BCD
:10E2D0000FB6F894DEBF0FBECDBF002319F18C81BD
:10E2E0008F938B818F938A818F9389818F9385E41C
:10E2F00094EB9F938F930F94E64B612F83E790E00D
:10E300000E94A39B9F938F930F94E64B86E394EB1D
:10E310009F938F930F94E64B0FB6F894DEBF0FBE1A
:10E32000CDBF8ACE9F928F920F94E64B0F900F90A5
:10E3300083CE002351F18CE793EB9F938F930F943F
:10E34000E64B612F84E790E00E94A39B9F938F93FD
:10E350000F94E64B85E693EB9F938F930F94E64BD8
:10E36000612F84E690E00E94A39B9F938F930F946C
:10E37000E64B8DE593EB9F938F930F94E64B0FB68F
:10E38000F894DEBF0FBECDBF1CC08DE493EB9F930E
:10E390008F930F94E64B0F900F9013C084E493EB90
:10E3A0009F938F930F94E64B612F85E690E00E9438
:10E3B000A39B9F938F930F94E64B0F900F900F901A
:10E3C0000F90C357DF4F0FB6F894DEBF0FBECDBF1F
:10E3D000DF91CF911F910F91FF90EF90DF90CF9041
:10E3E000BF90AF909F908F907F906F905F904F9075
:10E3F0003F902F900895FC018081882351F0CB013C
:10E40000BF0104960F94EF4A21E0892B19F420E014
:10E4100001C021E0822F089520916D3A30916E3A2B
:10E420008091D58B9091D68B28173907B0F08091C9
:10E430006F3A9091703AA091713AB091723A4091CE
:10E44000D18B5091D28B6091D38B7091D48B481724
:10E4500059076A077B0729F41DC0B9D9882351F1F0
:10E46000E6CF8093D18B9093D28BA093D38BB09334
:10E47000D48B82E00E94A3E4882361F04091D18B89
:10E480005091D28B6091D38B7091D48B82EB97EBB0
:10E490000E9489E78FEE9EEBADEABEED80936F3A66
:10E4A0009093703AA093713AB093723A10926E3A88
:10E4B00010926D3A08950F931F93CF93DF9300D07E
:10E4C000CDB7DEB780EA47D997FF03C08D5E924093
:10E4D000B9C040E0BE016D5F7F4F80E00E947A9D31
:10E4E000811105C00E94329D88E09DEFABC08B81F9
:10E4F0008823C1F340E0BE016D5F7F4F80E00E9442
:10E500007A9D882379F38B81882361F380E00E94D0
:10E51000E19C882339F381EA1ED997FF03C081501B
:10E52000934090C040E061E0CE0102960E94AC9D15
:10E53000811105C00E94329D84EF9CEF83C040E0B2
:10E5400061E0CE0101960E94AC9D882399F3098178
:10E5500010E0102F00278A81082B40E061E0CE01F7
:10E5600002960E94AC9D811105C00E94329D87EEEB
:10E570009CEF68C040E061E0CE0101960E94AC9D36
:10E58000882399F3898190E0982F88272A81822B0C
:10E59000980147E8242745E43427220F331F8217C8
:10E5A000930731F080E00E94E19C8EED9CEF4AC021
:10E5B0000115110561F440E060E0CE0102960E9471
:10E5C000AC9D80E00E94E19C80E090E03BC0109315
:10E5D000D68B0093D58B07ED1BE8C801875D9B4860
:10E5E0002091D58B3091D68B2150310940E0821794
:10E5F000930788F461E0C8010E94AC9D0F5F1F4F34
:10E600008111EBCF0E94329D1092D68B1092D58B48
:10E6100084EC9CEF17C060E0895294470E94AC9D47
:10E62000811109C00E94329D1092D68B1092D58B19
:10E6300089EB9CEF07C080E00E94E19C8091D58B24
:10E640009091D68B0F900F900F90DF91CF911F91EB
:10E650000F9108958F929F92AF92BF92CF92DF92C7
:10E66000EF92FF920F931F93CF93DF93CDB7DEB757
:10E67000C556D1090FB6F894DEBF0FBECDBF80EAF4
:10E680006AD897FF03C0875693406AC140E0BE0135
:10E690006B597F4F80E00E947A9D811105C00E94D6
:10E6A000329D8AE89CEF5CC1A6968FADA697882321
:10E6B000B1F340E0BE016B597F4F80E00E947A9D2C
:10E6C000882369F3A6968FADA697882341F340E08F
:10E6D000BE016B597F4F80E00E947A9D8823F9F23A
:10E6E000A6968FADA6978823D1F240E0BE016B5964
:10E6F0007F4F80E00E947A9D882389F2A6968FAD95
:10E70000A697882361F240E0BE016B597F4F8FEFDF
:10E710000E947A9D882319F2A6968FADA69788232A
:10E7200009F4BDCF40E0BE016B597F4F8FEF0E94CF
:10E730007A9D882309F4B3CFA6968FADA697882338
:10E7400009F4ADCFBB24B394E12CF12C04E010E02C
:10E750008091D58B9091D68BE816F90608F07BC096
:10E76000C701895294476C01BC01CE0101967AD849
:10E7700089819A81AB81BC81892B8A2B8B2B09F4EF
:10E7800063C08FA5882309F45FC0CE0101960E9463
:10E7900003E9A82E4701801A910A7401E00EF11EC8
:10E7A000AA20B1F2B11029C080EA0E94ABEB97FF1A
:10E7B00003C08B589340D4C040E0BE016B597F4FDB
:10E7C000812F0E947A9D811105C00E94329D8AE6A8
:10E7D0009CEFC6C0A6968FADA6978823B1F340E004
:10E7E000BE016B597F4F802F0E947A9D882369F369
:10E7F000A6968FADA697882341F340E0BE016B59E2
:10E800007F4FF60181916F010E947A9D811105C0B1
:10E810000E94329D8DE59CEFA3C00F5F1F4FC80182
:10E820008F739927892B51F480E00E94E19C81111C
:10E8300008C00E94329D8FE49CEF92C0BB24B39429
:10E8400001C0B12CAA94A9CFCE0101960E9403E980
:10E85000E80EF11C7DCFBB2051F080E00E94E19CCE
:10E86000811105C00E94329D8AE39CEF79C080EA45
:10E870000E94ABEB97FF03C0875D934071C040E0FF
:10E88000BE016B597F4F80E00E947A9D811105C0C7
:10E890000E94329D8BE19CEF63C0A6968FADA69738
:10E8A0008823B1F340E0BE016B597F4F80E00E94A6
:10E8B0007A9D882369F3A6968FADA697882341F3A6
:10E8C0000450110940E0BE016B597F4F802F0E9418
:10E8D0007A9D8823E9F2A6968FADA6978823C1F288
:10E8E00040E0BE016B597F4F812F0E947A9D8823A3
:10E8F00079F2A6968FADA697882351F27801F7E8B2
:10E90000EF26F5E4FF26EE0CFF1C40E0BE016B593C
:10E910007F4F8E2D0E947A9D882309F4B9CFA69649
:10E920008FADA697882309F4B3CF40E0BE016B59A1
:10E930007F4F8F2D0E947A9D882309F4A9CFA69638
:10E940008FADA697882309F4A3CF80E00E94E19CB5
:10E95000811105C00E94329D82E19CEF01C0C80177
:10E96000CB59DF4F0FB6F894DEBF0FBECDBFDF919E
:10E97000CF911F910F91FF90EF90DF90CF90BF90BC
:10E98000AF909F908F9008952F923F924F925F92F9
:10E990006F927F928F929F92AF92BF92CF92DF92AF
:10E9A000EF92FF920F931F93CF93DF93CDB7DEB714
:10E9B000C657D1090FB6F894DEBF0FBECDBF8C018C
:10E9C0006CE67AE30F94301B78012AEFE21A2FEEFF
:10E9D000F20AF70180819181892B29F480915E836D
:10E9E000811111C007C06DEA77EBC8010E9408C809
:10E9F000892BA1F741E060916C3AC8010F943C1A51
:10EA0000882309F4DEC50E94CFC9F7018081918176
:10EA1000892B09F459C062EA77EBC8010E9408C843
:10EA2000892B09F051C06DEA77EBC8010E9408C834
:10EA3000892B09F454C06FE977EBC8010E9408C81C
:10EA4000FF24F394892B09F4F12C6DEA77EBC801CC
:10EA50000E94D4C78D5E974FFC01EE0FFF1FE00FA1
:10EA6000F11FC080D18068E977EBC6010F941F4A7F
:10EA7000892B21F46F2D8EEA98EE15C063E977EBB0
:10EA8000C6010F941F4A892B21F46F2D81EE9BEE56
:10EA90000AC06DE877EBC6010F941F4A892B59F421
:10EAA0006F2D8BE499EE4FD881110EC060916C3AB6
:10EAB0008FE190E07CC460916C3A86E890E00E941F
:10EAC000A39B0E5F1F4FD4C440E060916C3AC80115
:10EAD0000F943C1A682F80916C3A15DA39C568E8B2
:10EAE00077EBC8010E9408C8892B09F429C168E89E
:10EAF00077EBC8010E94D4C78D5E974F880F991F8E
:10EB0000F801E80FF91F808191810F94CD49698345
:10EB10007A838B839C83611571058105910591F43E
:10EB20001D8218AA81E08FA786E890E06E969FAFBD
:10EB30008EAF6E976F961FAE6F9781E090E09EA7A5
:10EB40008DA707C09E012F5F3F4F41E091D88823DA
:10EB500039F385E797EB0E945680C980DA80EB8015
:10EB6000FC8060916C3A86E690E00E94A39B97013E
:10EB700086014AE050E068E977EB0E949A808C8138
:10EB80008F938B818F938A818F9389818F9382E476
:10EB900097EB9F938F930F94E64B60916C3A87E6C7
:10EBA00090E00E94A39B9E012B5F3F4F47E250E005
:10EBB00063E977EB0E94C1801DA5117060916C3AEA
:10EBC0008BE690E00E94A39B412F6CE377EB0E94C1
:10EBD000E2804DA55EA556954795142F1170609162
:10EBE0006C3A8CE690E00E94A39B412F67E377EBA1
:10EBF0000E94E28060916C3A8FE690E00E94A39BB5
:10EC0000E1969FAF8EAFE19760916C3A81E790E01B
:10EC10000E94A39BE3969FAF8EAFE39760916C3AFF
:10EC200080E790E00E94A39BE5969FAF8EAFE597AB
:10EC300060916C3A82E790E00E94A39BE7969FAFB9
:10EC40008EAFE797EFA5E1500F900F900F900F90C8
:10EC50000F900F90E63028F4F0E0EF5BFC4D008160
:10EC600001C000E060916C3A8DE690E00E94A39BA9
:10EC70009E0121593F4F44E062E377EB0E940181FE
:10EC80008FA5823019F08450823058F46C966CADA8
:10EC90007DAD8EAD9FAD6C97AE01405D5F4F0E9424
:10ECA0001CBC60916C3A88E690E00E94A39B9E0198
:10ECB000205D3F4F47E250E06AE277EB0E94C1805F
:10ECC0006E96CEACDFAC6E97E12CF12C60916C3A75
:10ECD00089E690E00E94A39B9701860145E050E001
:10ECE00065E277EB0E949A806F968FAD6F97BE01B9
:10ECF0006B597F4F880F0F94522060916C3A8AE6CF
:10ED000090E00E94A39B9E012B593F4F42E050E0B0
:10ED10006BE177EB0E94C18089819A81AB81BC81D4
:10ED200060916C3A892B8A2B8B2B19F484E790E045
:10ED300002C083E790E00E94A39B0E948281FCC3F3
:10ED400068E977EBC8010E9408C8892B09F438C329
:10ED500061E177EBC8010E94D4C78D5E974FFC013B
:10ED6000EE0FFF1FE00FF11F808191810F94CD49BD
:10ED70004B015C0168E977EBC8010E94D4C78D5E46
:10ED8000974FFC01EE0FFF1FE00FF11F8081918173
:10ED90000F94CD496B017C0162E377EBC8010E94BF
:10EDA000D4C78D5E974FFC01EE0FFF1FE00FF11FE0
:10EDB000808191810F94B049782EC114D104E1046F
:10EDC000F10431F41FA6A1961FAE1EAEA1970AC092
:10EDD0009E012F5F3F4F41E0C701B6010E9438EE10
:10EDE000882381F3C982DA82EB82FC8263E977EBC4
:10EDF000C8010E94D4C78D5E974FFC01EE0FFF1F24
:10EE0000E00FF11F608171816E01F5E0CF0ED11C22
:10EE100047E250E0C6010F94584B1EA61DA66AE2B9
:10EE200077EBC8010E94D4C78D5E974FFC01EE0FAF
:10EE3000FF1FE00FF11F608171817E0120E3E20E70
:10EE4000F11C47E250E0C7010F94584B68961FAE83
:10EE5000689729803A804B805C8060916C3A2114DD
:10EE600031044104510461F485E790E00E94A39BC2
:10EE70009F938F930F94E64B0F900F90D12C60C00F
:10EE800086E790E00E94A39B5F924F923F922F9261
:10EE90009F938F930F94E64B0F900F900F900F90CE
:10EEA0000F900F9081149104A104B10469F4609152
:10EEB0006C3A84E790E00E94A39B9F938F930F94FA
:10EEC000E64B0F900F901DC089819A81AB81BC8168
:10EED00088169906AA06BB06A1F060916C3A87E7EE
:10EEE00090E00E94A39BBF92AF929F928F929F93BC
:10EEF0008F930F94E64B0F900F900F900F900F9001
:10EF00000F908CE097EB9F938F930F94E64B60915B
:10EF10006C3A87E690E00E94A39B9F938F930F9497
:10EF2000E64BDF92CF9283E097EB9F938F930F9402
:10EF3000E64B0FB6F894DEBF0FBECDBFDD24D394F1
:10EF40006CE377EBC8010E9408C8892BB9F06CE329
:10EF500077EBC8010E94D4C78D5E974FFC01EE0F7E
:10EF6000FF1FE00FF11F808191810F94B049892B21
:10EF700029F08DA59EA581609EA78DA78DA580FFF8
:10EF800014C060916C3A8BE690E00E94A39B9F9323
:10EF90008F930F94E64B8EEF96EB9F938F930F9486
:10EFA000E64B0F900F900F900F9067E377EBC8013F
:10EFB0000E9408C8892BB9F067E377EBC8010E946B
:10EFC000D4C78D5E974FFC01EE0FFF1FE00FF11FBE
:10EFD000808191810F94B049892B29F08DA59EA540
:10EFE00082609EA78DA78DA581FF14C060916C3AA9
:10EFF0008CE690E00E94A39B9F938F930F94E64B27
:10F0000089EF96EB9F938F930F94E64B0F900F90A1
:10F010000F900F9088A9882311F0711016C01FA6B9
:10F0200060916C3A8FE690E00E94A39B9F938F9330
:10F030000F94E64B84EF96EB9F938F930F94E64BE0
:10F040000F900F900F900F9083C1C7010E94B0BB2B
:10F050006C966CAF7DAF8EAF9FAF6C97E1E07E1288
:10F06000C8C0611571058105910581F47FA6609185
:10F070006C3A81E790E00E94A39B9F938F930F943B
:10F08000E64B60916C3A88E790E01FC02FA52530D1
:10F0900049F449805A806B807C8084149504A604CE
:10F0A000B70411F022E02FA7A7010E941CBC6091B9
:10F0B0006C3A81E790E00E94A39B9F938F930F94FB
:10F0C000E64B60916C3A89E790E00E94A39BFF9227
:10F0D000EF929F938F930F94E64B0F900F900F90AA
:10F0E0000F900F900F9065E277EBC8010E94D4C794
:10F0F0008D5E974FFC01EE0FFF1FE00FF11F808127
:10F1000091810F94B0496E969FAF8EAF6E976BE171
:10F1100077EBC8010E94D4C78D5E974F880F991F67
:10F12000F801E80FF91F608171818E010B591F4FA3
:10F1300042E050E0C8010F94584BF80112828181DF
:10F14000803209F41182F8018081803219F48181C2
:10F1500080831182F80101900020E9F731977F0147
:10F16000E01AF10AC8010F94B0496E2D0E94FD917A
:10F1700086958E3621F06F968FAF6F9703C06F968E
:10F180001FAE6F976F968FAD6F97B801880F0F9472
:10F19000522060916C3A89E690E00E94A39B9F9375
:10F1A0008F930F94E64B6E968FAD6E978F936D96FF
:10F1B0008FAD6D978F938FEE96EB9F938F930F94F8
:10F1C000E64B60916C3A8AE690E00E94A39B9F9385
:10F1D0008F930F94E64B6F968FAD6F971F928F931F
:10F1E0001F930F9382EE96EB9F938F930F94E64BB2
:10F1F0009EC0E2E07E126DC061157105810591052A
:10F2000089F483E08FA760916C3A80E790E00E94D8
:10F21000A39B9F938F930F94E64B60916C3A88E782
:10F2200090E013C024E02FA7A7010E941CBC6091AE
:10F230006C3A80E790E00E94A39B9F938F930F947A
:10F24000E64B60916C3A89E790E00E94A39BFF92A5
:10F25000EF929F938F930F94E64B0F900F900F9028
:10F260000F900F900F9065E277EBC8010E94D4C712
:10F270008D5E974F880F991FF801E80FF91F808165
:10F2800091810F94B0496E969FAF8EAF6E976F9637
:10F290001FAE6F9760916C3A89E690E00E94A39B45
:10F2A0009F938F930F94E64B6E968FAD6E978F93CF
:10F2B0006D968FAD6D978F938AED96EB9F938F939D
:10F2C0000F94E64B0F900F900F900F900F900F90B0
:10F2D0003FC0F3E060916C3A7F122FC082E790E06C
:10F2E0000E94A39B9F938F930F94E64B87ED96EB21
:10F2F0009F938F930F94E64B60916C3A88E690E071
:10F300000E94A39B9F938F930F94E64BFF92EF92E3
:10F310008FEC96EB9F938F930F94E64B86E08FA72D
:10F320006E961FAE1EAE6E976F961FAE6F970FB69E
:10F33000F894DEBF0FBECDBF0BC08AE790E00E94FD
:10F34000A39B9F938F930F94E64B0F900F90D12C1C
:10F350008FA5853099F0A1961FAE1EAEA197DD2036
:10F3600009F4EAC081110DC081149104A104B10413
:10F3700041F460916C3A8BE790E019C0DD2009F40C
:10F38000DBC069817A818B819C8186169706A806ED
:10F39000B90609F4B3C020E030E040E00E9438EE46
:10F3A000882309F4ABC060916C3A8DE790E00E942D
:10F3B000A39B9F938F930F94E64B0F900F90BCC02D
:10F3C0006DEB76EBC8010E9408C8892B49F142D940
:10F3D0008C0197FF07C0F090464660916C3A81E837
:10F3E00090E02FC060916C3A82E890E00E94A39B6D
:10F3F0001F930F939F938F930F94E64B60E084E3EA
:10F4000098EB0E9433800F900F900F900F90811116
:10F4100093C06FE373E284E398EB0E9419A48CC05D
:10F4200068EB76EBC8010E9408C8892B61F143D8CC
:10F430008C0197FF17C0F090464660916C3A83E8C4
:10F4400090E00E94A39B1F92FF921F930F939F93A4
:10F450008F930F94E64B0F900F900F900F900F909B
:10F460000F906AC060916C3A84E890E00E94A39B80
:10F470001F930F939F938F930F94E64B0F900F90D2
:10F480000F900F9059C062EB76EBC8010E9408C83C
:10F4900060916C3A892B69F085E890E00E94A39B0B
:10F4A0009F938F930F94E64B1092D68B1092D58B2F
:10F4B00084CF86E890E00E94A39B98012E5F3F4F87
:10F4C0003F932F939F938F930F94E64BF801EA5D40
:10F4D000FF4E81818F9380818F93F70181818F937C
:10F4E00080818F9388E996EB9F938F930F94E64BDF
:10F4F0000FB6F894DEBF0FBECDBF1EC060E0CE01D8
:10F5000001960E9459EE87FD45C060916C3A8823B0
:10F5100011F18EE790E00E94A39B9F938F930F942D
:10F52000E64B0F900F9089819A81AB81BC81881640
:10F530009906AA06BB0691F460916C3A87E890E0C0
:10F540000E94A39B9F938F930F94E64B0F900F9075
:10F550000E94D8C936C08FE790E0DDCF81149104B6
:10F56000A104B10449F389829A82AB82BC821FA6AE
:10F5700060E0CE0101960E9459EE87FFDDCF6091D9
:10F580006C3A80E890E00E94A39BBF92AF929F925A
:10F590008F925DCF8BEC96EB9F938F930F94E64BFE
:10F5A00060916C3A89E890E00E94A39B9F938F93AF
:10F5B0000F94E64B82EC96EB9F938F930F94E64B60
:10F5C0004ACFCA58DF4F0FB6F894DEBF0FBECDBF8B
:10F5D000DF91CF911F910F91FF90EF90DF90CF902F
:10F5E000BF90AF909F908F907F906F905F904F9063
:10F5F0003F902F900895CF93DF930E94E99D61E3A0
:10F6000073EB84EC94EF0E9472C91B9B6DC0C09198
:10F61000D58BD091D68BC13F85E5D807A0F58FEE6D
:10F620009EEBADEABEED80936F3A9093703AA09353
:10F63000713AB093723A10926E3A10926D3A80918C
:10F640006D3A90916E3A8C179D07C0F040916F3AD9
:10F650005091703A6091713A7091723A8091D18B69
:10F660009091D28BA091D38BB091D48B481759072E
:10F670006A077B0741F48FEE92EB32C00E94E7EB02
:10F680008823E9F2E3CF1092D68B1092D58B0E949B
:10F690005BF297FF23C0AC01990F660B770B80EDEF
:10F6A00092EB0E9489E74091464650E060E070E0AE
:10F6B00086EC92EB0E9489E760E084E398EB0E947D
:10F6C00033808823A9F06091418988E890E00E9406
:10F6D000A39B61E0DF91CF910D94EC0A81E992EB5D
:10F6E000DF91CF910C9472E71092D68B1092D58B4C
:10F6F000DF91CF910895FC019FB7F8942091B085D8
:10F700003091B185318320839FBF0895FC019FB75D
:10F71000F8944091B0855091B185208131819FBF8F
:10F72000CA01821B930B0895FC019FB7F8942091A6
:10F73000438930914489318320839FBF0895FC0120
:10F740009FB7F89440914389509144892081318139
:10F750009FBFCA01821B930B08958091B3859FEFD1
:10F76000980F9230C8F08430B9F093EF980F923030
:10F7700098F0823189F09BEE980F923068F08931D1
:10F7800059F097ED980F943038F09CEC980F81E089
:10F79000923018F080E001C081E08170089590916E
:10F7A000483B911102C08093483B089593EF980F16
:10F7B0009330A0F099EF980F943080F0873171F07A
:10F7C000853061F08B3151F090EE980F9F3530F01D
:10F7D00091E0803A08F490E0892F01C081E08170C7
:10F7E0000895EF92FF920F931F93CF93DF931092A0
:10F7F000883C7C0110E0D0E0C0E001E0F70181919D
:10F800007F01803348F48E3220F5833231F18C321F
:10F8100001F18032E1F028C08A3330F5D11103C004
:10F8200010ED180F09C0110F912F990F990F190F93
:10F830001053180FD13009F4DF5F6D2F812F0E9414
:10F84000FD91EC2FF0E0E757F34C808319C0DD23E6
:10F85000B1F0CF5F10E0D0E013C0D1110EC0C111E4
:10F8600005C00093883CCACFD11107C0C93058F4F5
:10F87000EC2FF0E0E757F34C1082CF5FF7CF10E0AA
:10F88000C93009F0BBCFDF91CF911F910F91FF904D
:10F89000EF9008954091513B5091523B60E070E0F1
:10F8A0008CE696EE0C9489E7CF93DF93EC01F2DFC0
:10F8B000CE01DF91CF910C9472E70F931F93CF93FA
:10F8C0008C0182E00E94A3E4882351F0E3DFF80179
:10F8D000408150E060E070E083ED9FEC0E9489E79A
:10F8E000F8018081811102C0C1E041C0C091883C13
:10F8F000C1111FC09BE9980F9930D8F4E82FF0E0B0
:10F90000EC5DF34C90819923A1F09695F8019083DA
:10F9100082E00E94A3E4C82F882331F3BBDFF80103
:10F92000408150E060E070E08EEA9FEC0E9489E741
:10F930001EC0E9E8FCE391919695891314C082E01A
:10F940000E94A3E4882351F0A5DFF801408150E034
:10F9500060E070E08BE89FEC0E9489E7C091883CF2
:10F9600081E0C82704C09CE3E239F90721F78C2F16
:10F97000CF911F910F9108958091A83C9091A93C3F
:10F980009C0136952795820F931F803921E09207BD
:10F9900018F480E991E006C0813E2EE2920710F053
:10F9A00080EE9EE29093A93C8093A83C81E00E9467
:10F9B000A3E4882369F080E99CEC76DF4091A83CC1
:10F9C0005091A93C60E070E083E89CEC0E9489E7DC
:10F9D0008091A53C93E028E28F5F833008F080E0BF
:10F9E000289FF0011124E35BF4473081311102C0FC
:10F9F000915091F78093A53C08950F931F93CF9357
:10FA0000DF938C010F942F4AEC01DD27E0913E88B3
:10FA1000F0913F889F012E5F3F4FA9014C0F5D1F62
:10FA2000463F5140C8F4EC54FA4794E09083309339
:10FA30003F8820933E888183B801C9018C549A473E
:10FA40000F94284A80913E8890913F88C80FD91F13
:10FA5000D0933F88C0933E8881E080935783DF91A5
:10FA6000CF911F910F9108951F93CF93DF93182F7C
:10FA7000C6E3DFE309900020E9F72197C653DF438F
:10FA8000C43581E0D80744F0EC97AE0162E77FE32C
:10FA900086E39FE30F94C44ACA5CD04C1883198252
:10FAA000DF91CF911F910895CF93DF931F921F9203
:10FAB000CDB7DEB79E012F5F3F4FAE014E5F5F4F68
:10FAC0006DE378E80E94FF8E8823A9F06A8188E7B9
:10FAD00093E80E947792882341F069816F3F41F05B
:10FAE00088E793E80E94779205C080E090E002C02A
:10FAF00081E090E081700F900F90DF91CF91089599
:10FB0000CF93282F30E0220F331F225031092B3D95
:10FB10003105F8F4C82FCC0F8C2F0E946B9197FD04
:10FB200018C087FF02C085FF05C08091943C8230D9
:10FB300061F40FC0C11121C00CC0CE5FCD3D08F0F3
:10FB4000C2E08091963CC8130DC01092144580E02D
:10FB500031C08091963C811103C082E08093963C35
:10FB6000C091963C8C2F0E946B9197FD1DC087FF22
:10FB70001BC085FD19C084FD13C0C093144580913E
:10FB8000154586950E9438910E942F9190911745B6
:10FB900081E0911180E0109217451092FA440AC05A
:10FBA0008091963CC81749F38091943C8111C5CF50
:10FBB00010921445CF910895CF93DF936091AC3CA0
:10FBC0007091AD3C6115710509F46DC08091B23E34
:10FBD0009091B33E8F3F2FEF920709F44BC020E086
:10FBE0004EEA5CE30E9460E0EC0185E00E94A3E441
:10FBF0008823E9F04FDE4091AC3C5091AD3C60E091
:10FC000070E088E69CEC0E9489E76091AC3C7091C2
:10FC1000AD3C8EEA9CE30E94FBE7AE010D2E000C8A
:10FC2000660B770B8AE59CEC0E9489E709C084E0AB
:10FC30000E94A3E4882321F08091AE3C8111DACFA9
:10FC40008091AC3C9091AD3CC817D90719F188E27E
:10FC50009CEC2ADE8091B23E9091B33E0E9445D941
:10FC60008FEF9FEF9093B33E8093B23E1092B43EDD
:10FC700083DE10C082E00E94A3E4882359F00ADEEC
:10FC80004091AC3C5091AD3C60E070E087ED9BEC66
:10FC90000E9489E71092AD3C1092AC3C8AEA9CE34A
:10FCA000DF91CF9141CDDF91CF910895809158831D
:10FCB000882369F180914289823069F028F4882391
:10FCC00051F0813061F023C08330F9F08430F9F4D1
:10FCD0000E94178E1CC081E08093578318C08093C8
:10FCE000578380913E8890913F888E3F21E0920714
:10FCF00070F4FC01EC54FA4723E0208302969093C1
:10FD00003F8880933E88118202C00E94378B1092F8
:10FD100046891092CE3E1092CD3E0895AF92BF928A
:10FD2000CF92DF92EF92FF920F931F93CF93DF93C7
:10FD3000D82F162F072FC42F69011F928F937F93FF
:10FD40006F93E42EF12C1F924F9383E09AEB9F93D5
:10FD50008F930F94E64BC00FC10FCD0FC195860155
:10FD6000EC0CFD1C8DB79EB708960FB6F8949EBF9D
:10FD70000FBE8DBF8EEFC82E89EBD82E0E151F0536
:10FD800091F05801F80181918F011F928F93DF92BA
:10FD9000CF920F94E64BF5018081C81B0F900F9016
:10FDA0000F900F90EBCF1F92CF9387EF99EB9F931C
:10FDB0008F930F94E64B0F900F900F900F90DF9161
:10FDC000CF911F910F91FF90EF90DF90CF90BF9058
:10FDD000AF900895AF92BF92DF92EF92FF920F9390
:10FDE0001F93CF93DF93CDB7DEB760970FB6F8942C
:10FDF000DEBF0FBECDBFD82E00E015E1CE010196CB
:10FE00007C015E0191E1A90EB11CF701C8018E19B8
:10FE10009F09DC01AE0FBF1F3FB7DD2011F0F89442
:10FE20005F9A2C915F983FBF2193EA15FB0589F7F4
:10FE3000970140E1B80180E071DF003F8FEF1807C4
:10FE400019F0005F1F4FE1CF20E030E040E060E0BC
:10FE500070E081E063DF60960FB6F894DEBF0FBEFE
:10FE6000CDBFDF91CF911F910F91FF90EF90DF9069
:10FE7000BF90AF900895CF93C82F64E57FEB8DE7D7
:10FE80009AE30F94284AEDE7FAE301900020E9F79E
:10FE9000BF01615071094AE08C2F90E00F94724BC2
:10FEA0008DE79AE3CF910895809114458823F1F06E
:10FEB000809114450E946B9197FF09C0EBDC409143
:10FEC000144550E060E070E081EF94EE0AC087FFD7
:10FED0000AC0E0DC4091144550E060E070E08EEB39
:10FEE00094EE0C9489E78AEA0C9438910895CF93A4
:10FEF000DF93E6E4F9E8209146892A3209F053C0FD
:10FF000020914789C0EDC20FCA30A0F520914889E1
:10FF10002A3289F4882361F001900020E9F7AF01CB
:10FF20004954594869E479E886E499E80F94C44A49
:10FF300061E08C2F1CC0D0EDD20FDA30A0F52091FB
:10FF400049892A3281F5882361F001900020E9F780
:10FF5000AF014A5459486AE479E886E499E80F9475
:10FF6000C44A62E08D2F9AE0C99F800D11240E943F
:10FF7000FD9116C02D32B9F4209148892A3299F4A6
:10FF8000882361F001900020E9F7AF0149545948F6
:10FF900069E479E886E499E80F94C44A8091963C34
:10FFA000869590E009C081E090E0222311F080E086
:10FFB00090E0919581959109DF91CF9108959F925D
:10FFC000AF92BF92CF92DF92EF92FF920F931F9367
:10FFD000CF93DF93CDB7DEB763970FB6F894DEBF4C
:10FFE0000FBECDBF16B580914F3B181710F410937C
:10FFF0004F3B80914E3B811710F410934E3B809104
:020000022000DC
:10000000493B90914A3BA0914B3BB0914C3B0196B0
:10001000A11DB11D8093493B90934A3BA0934B3B5C
:10002000B0934C3B80913C888F5F80933C8880915B
:100030003C88893040F180914389909144890196B0
:10004000909344898093438910923C8880913F89A2
:100050009091408901969093408980933F89809147
:100060003F8990914089883E934068F01092408982
:1000700010923F898091B0859091B18501969093BF
:10008000B1858093B085E090D240F090D340E114E8
:10009000F10411F4A89506C084ED90E450DB8E15B0
:1000A0009F05C0F38091B3858336F9F08BEB97E819
:1000B00046DB8932934240F08BE396EEF5DB81E03C
:1000C0000E94CBE40E946CE48BEB97E838DBC3978B
:1000D00018F080E00E9451CD80910F45909110451D
:1000E00001969093104580930F458091B3858E3093
:1000F00069F0843059F0982F9B7F923139F097ED59
:10010000980F943018F0853309F05AC180913E89D8
:10011000882309F46FC080913E89883009F46AC051
:100120008091D94081508093D940833068F4809188
:100130001845882349F08091DA409091DB40019680
:100140009093DB408093DA408091D94081114EC07A
:1001500080913E89813051F48091DA409091DB406A
:10016000029704F582E080933E8938C080913E89F1
:100170008730D9F42091DA403091DB4081E02230A1
:1001800031050CF080E08093B88788E080933E8949
:100190008091B887811122C060913A8881E498E803
:1001A0000E94779210923E8919C080913A88880FF8
:1001B00080933A888091DA409091DB4002972CF04E
:1001C00080913A88816080933A8880913E898F5FE0
:1001D00080933E891092DB401092DA401092DB400F
:1001E0001092DA408091D7408093D9408EEC90E411
:1001F0009BDA4EC080911845811112C081E0809336
:100200003E8910923A881092B8871092DB40109283
:10021000DA408091D74086958F5F8093D94038C06F
:1002200080914589813081F4809140888F71A4E06C
:100230008A9FC00111248360809340881092D84027
:1002400082E08093458924C080914589811120C036
:1002500088E793E80E94529281111AC086EC9EE3CF
:100260006EDA87399105A0F080912C88811110C039
:1002700088E793E80E9494928093408801E000937D
:10028000458988E793E80E945292811100939A3C35
:1002900080914589823008F479C180914589883000
:1002A000D9F48091D8408F5F8093D84090E020911E
:1002B000D64030E04091983C411103C041E050E00D
:1002C00002C043E050E0241B350B821793070CF467
:1002D0005DC1109245895AC1909140888091D84063
:1002E0008F5F8093D8402091D740821760F0809133
:1002F0004088880F80934088809145898F5F8093E4
:1003000045891092D84097FD41C18091BD878823CF
:1003100091F083E90E9438911092BD8782E090E0CD
:100320009093D1408093D04083E00E9451CD82E0F1
:100330000E948C8F27C08091D0409091D140892B12
:1003400031F08091D0409091D140019717C08091B9
:10035000FA44882321F08091FA44853099F4809101
:100360001945882379F08091BD87811102C086E903
:1003700001C08AE90E94389182EC91E09093D140CB
:100380008093D04080911845882369F080E00E94D6
:100390009F8F8091B385843011F482E001C081E0A9
:1003A0000E945ACD31C080E00E948C8F8091B3852D
:1003B000843011F482E001C081E00E9451CD24C05C
:1003C000CCD9882309F18091D0409091D140892BDC
:1003D00031F08091D0409091D140019711C080912F
:1003E000FA44882321F08091FA44853069F48091A1
:1003F0001945882349F089EA0E94389182EC91E0FE
:100400009093D1408093D0408091FC3A8130F9F0B4
:1004100018F0823069F131C08AEF9AE31B9934C039
:100420008ED9059790F101E00093FC3A8AEF9AE3A8
:100430007BD90093823B10927E3B10927F3B1092BF
:10044000803B1092813B83E89BE355D91EC01B99EA
:100450000AC08AEF9AE373D980359105B0F082E043
:100460008093FC3A02C01092FC3A8093B2850DC092
:100470001B9B0BC01092FC3A08C082E08093FC3AB0
:100480001092B2858AEF9AE34FD986B5811B90917D
:100490004D3B981710F480934D3B8091B385833684
:1004A00089F42DB73EB780914A8B90914B8B2817DA
:1004B000390708F082C08DB79EB790934B8B80931D
:1004C0004A8B7BC00E949BE4882359F300E010E034
:1004D00082E3A82E88E0B82E9BE0992E0A9DC001E9
:1004E0000B9D900D1A9D900D1124FC01EA51F64BC5
:1004F0007F01908198012E583C476901D9018C9168
:100500009817E9F1CE0101960E948FD23FB7F89477
:100510008091503B90E0989EF001999EF00D11243F
:10052000E254F84700834F85588969897A89418365
:10053000528363837483D6012C912583D7012C9138
:10054000268316964D915D916D917C911997478305
:100550005087618772872091503B293028F4209181
:10056000503B2F5F2093503B3FBF989EF001999ED8
:10057000F00D1124E254F8478681F60180830F5F65
:100580001F4F0630110509F0A9CF8BCF8091BD8791
:100590008111D1CE8CE90E94389181E08093BD8792
:1005A00082E090E09093D1408093D04083E00E941D
:1005B0005ACD82E00E949F8FE5CE63960FB6F894E5
:1005C000DEBF0FBECDBFDF91CF911F910F91FF9086
:1005D000EF90DF90CF90BF90AF909F900895FC0177
:1005E00074836383128215821682178210861286A4
:1005F000118614861386168615860895CF93DF9389
:10060000EC0192D881E08A83DF91CF9108951F9306
:10061000CF93DF93FC011281111102C010E026C0BC
:10062000EC018DD81A824D815E816F817885480FEB
:10063000591F611D711D4D835E836F8378872985E6
:100640003A852F5F3F4F3A8729872D853E852817AA
:10065000390710F49E878D872B813C812817390735
:10066000E8F68B859C8501969C878B87812FDF918F
:10067000CF911F9108951F93CF93DF93DC01ED91EC
:10068000FC91119780E040E050E020E01AE0CE2F8E
:100690003F2F91919D3221F421111AC02FEFF7CFF6
:1006A0009B3219F4222391F013C0D0EDD90FDA3028
:1006B00078F4149FE001159FD00D1124AE01490F6D
:1006C000511D4053510981E02111E1CF21E0DFCFDD
:1006D000882369F0CC9311963C932403C001259F95
:1006E000900D1124FB019183808381E001C080E0A3
:1006F000DF91CF911F910895CF92DF92EF92FF92F9
:100700001F93CF93DF9300D01F92CDB7DEB7FC01CC
:10071000A081B181BC83AB838C918D3249F4DB0124
:100720001C928081918101969183808311E025C084
:100730007B016F01BE016F5F7F4FCE0103969BDF90
:10074000182F8823D1F089819A8184369105A0F4ED
:100750006B817C81F60120813181621B730B6330D8
:10076000710554F40E94FD91D7018C938B819C817B
:10077000F6019183808301C010E0812F0F900F90CC
:100780000F900F90DF91CF911F91FF90EF90DF902E
:10079000CF900895DC01ED91FC912081203229F465
:1007A0003196DC01ED93FC93F5CF0895EF92FF9223
:1007B0000F931F93CF93DF9300D01F921F92CDB75B
:1007C000DEB7E82E8B017C836B83CE010396E2DFDC
:1007D000EB81FC8180818A3249F4FF24F394E1109B
:1007E00001C0F12C3196FC83EB832EC0BE016B5F00
:1007F0007F4FCE01039680DF882309F43BC0CE01F2
:100800000396C8DFEB81FC8190818D81FF24F394F6
:100810009D32C1F4E81608F4F12C3196FC83EB8389
:10082000CE010396B7DFBE016B5F7F4FCE0103960B
:1008300063DF8823F9F081E09D819E1508F480E054
:10084000F82202C08E11F12CCE010396A3DFEB81BA
:10085000FC8180818A3321F53196FC83EB83CE01C4
:10086000039698DFBE016F5F7F4FCE01039603DFD3
:10087000811107C08B819C819801281B390BC9010C
:1008800019C0FF2019F089819A8114C0CE01039606
:1008900081DFEB81FC818081882351F08C3221F053
:1008A000C8018E1B9F0B06C03196FC83EB838DCF56
:1008B00081E090E00F900F900F900F900F90DF91DC
:1008C000CF911F910F91FF90EF90089510923E8964
:1008D00010924589809114456FE57CE367DF9C01A8
:1008E000029714F422E330E084E893E0B9010F9416
:1008F0002C486093D740B901660F771F8CE89AE0C7
:100900000F942C486093D64082E00E94A3E4882391
:10091000A9F00E944AFC40911445469550E060E0E1
:1009200070E08EEC95EE0E9489E74091D74050E050
:1009300060E070E084EB95EE0E9489E78091D740FB
:100940008093D9401092D84081E08093BD8708956C
:10095000FC0184858F9383858F9386858F9385850E
:100960008F9382858F9381858F9380858F938781E5
:100970008F9386818F9385818F9384E097EE9F93E9
:100980008F938DEF9AE39F938F930F940D4C8DB7B8
:100990009EB70E960FB6F8949EBF0FBE8DBF8DEF1B
:1009A0009AE308958F929F92AF92BF92CF92DF9277
:1009B000EF92FF920F931F93CF93DF93EC018C0183
:1009C0000A5F1F4EF80180819181892B89F16DE2C8
:1009D0007BECCE010E9408C8892BA1F0109275888B
:1009E0008FEF80934F3B10924E3B10924D3B1092F5
:1009F000483B64E670E089E59BE3F1DD1092F94441
:100A00001092F844F80180819181892B89F060E28D
:100A10007BECCE010E9408C8892B51F084ED90E454
:100A20000E9494FB80ED97E09093D3408093D24056
:100A30000E94CFC98091AA3B9091AB3BA091AC3B67
:100A4000B091AD3B892B8A2B8B2B69F18CE99BE311
:100A50000E94C4D260919D3B50919E3B40919F3B30
:100A60008091A33B9091A43B3091A23B2091A13B6C
:100A70001F926F931F925F931F924F939F938F9339
:100A80001F923F931F922F938FEE9AEC9F938F9319
:100A90000F94E64B2DB73EB7225F3F4F0FB6F89449
:100AA0003EBF0FBE2DBF85E798E89F938F938CEDD7
:100AB0009AEC9F938F930F94E64B8091583B1F9233
:100AC0008F938FEB9AEC9F938F930F94E64B8091CB
:100AD000B3851F928F9380EB9AEC9F938F930F9423
:100AE000E64B80910E451F928F938EE99AEC9F936F
:100AF0008F930F94E64B809158831F928F9384E8D5
:100B00009AEC9F938F930F94E64B8091C68B8F93B3
:100B10008091C58B8F9388E69AEC9F938F930F9467
:100B2000E64B8091C33E8F938091C23E8F9380911C
:100B3000C13E8F938091C03E8F938EE49AEC9F9339
:100B40008F930F94E64B8091BF3E8F938091BE3E72
:100B50008F9384E39AEC9F938F930F94E64B8DB71A
:100B60009EB782960FB6F8949EBF0FBE8DBF809140
:100B700042891F928F9385E19AEC9F938F930F94F4
:100B8000E64B8091B73E1F928F9384EF99EC9F9331
:100B90008F930F94E64B809157831F928F9382ED32
:100BA00099EC9F938F930F94E64B89E593E80E940D
:100BB0009FFB9F938F9381EA99EC9F938F930F9460
:100BC000E64B80915C838F9380915B838F9388E861
:100BD00099EC9F938F930F94E64B80913F888F936E
:100BE00080913E888F938EE699EC9F938F930F941C
:100BF000E64B80914C8B1F928F9386E599EC9F93E7
:100C00008F930F94E64B80919F3C8F9380919E3CF5
:100C10008F9381E399EC9F938F930F94E64BEDB7FD
:100C2000FEB7B0960FB6F894FEBF0FBEEDBF809131
:100C30009B3C1F928F938BE099EC9F938F930F9423
:100C4000E64B80919D3C8F9380919C3C8F9385EEE9
:100C500098EC9F938F930F94E64B8091B53E1F9233
:100C60008F9389EC98EC9F938F930F94E64B809130
:100C7000B43E1F928F9389EA98EC9F938F930F94C1
:100C8000E64B8091B33E8F938091B23E8F9383E881
:100C900098EC9F938F930F94E64B8091AD3C8F938C
:100CA0008091AC3C8F9380E698EC9F938F930F9448
:100CB000E64B8AEA9CE30E949FFB9F938F9380E31D
:100CC00098EC9F938F930F94E64B8091A93C8F9360
:100CD0008091A83C8F9389E098EC9F938F930F9419
:100CE000E64B2DB73EB7205E3F4F0FB6F8943EBFA0
:100CF0000FBE2DBF86EA9CE30E949FFB9F938F93BC
:100D00008AED97EC9F938F930F94E64B8091A53CCF
:100D10001F928F9388EB97EC9F938F930F94E64BE2
:100D20008091763B1F928F9383EA97EC9F938F93EA
:100D30000F94E64B89E79BE30E9486FB9F938F937A
:100D400082E797EC9F938F930F94E64B8091783BCB
:100D50008F938091773B8F938EE497EC9F938F9343
:100D60000F94E64B8091683B1F928F9384E397EC3E
:100D70009F938F930F94E64B8091693B1F928F93C3
:100D800082E197EC9F938F930F94E64B84E79BE36C
:100D90000E949FFB9F938F9389EE96EC9F938F9376
:100DA0000F94E64B8DB79EB780960FB6F8949EBF12
:100DB0000FBE8DBF8091713B8F938091703B8F935D
:100DC0008DEC96EC9F938F930F94E64B80916F3B45
:100DD0008F9380916E3B8F938CEA96EC9F938F93C9
:100DE0000F94E64B80916D3B8F9380916C3B8F937A
:100DF00089E896EC9F938F930F94E64B80916B3B21
:100E00008F9380916A3B8F9384E696EC9F938F93A8
:100E10000F94E64B8091B03B1F928F9383E496EC46
:100E20009F938F930F94E64B81E296EC9F938F9361
:100E30000F94E64B89E59BE38BDD9F938F930F9493
:100E4000D34B80917D3B8F9380917C3B8F9381E04E
:100E500096EC9F938F930F94E64B8091963B1F9255
:100E60008F9384ED95EC9F938F930F94E64BEDB7A2
:100E7000FEB7B0960FB6F894FEBF0FBEEDBF8091DF
:100E80007B3B1F928F938AEB95EC9F938F930F94EC
:100E9000E64B30E9E32E3BE3F32E07E91BE3CDE419
:100EA000DBE80F900F900F900F904EE7C42E45ECAB
:100EB000D42EC7010E9486FBF80121918F019F93D8
:100EC0008F931F922F93DF93CF93DF92CF920F9444
:100ED000E64B32E0E30EF11CA8968DB79EB708965C
:100EE0000FB6F8949EBF0FBE8DBF9BE30A3919075A
:100EF00001F7809114451F928F9386E695EC9F939E
:100F00008F930F94E64B8091D7401F928F938CE480
:100F100095EC9F938F930F94E64B809118451F9209
:100F20008F9387E395EC9F938F930F94E64B80917B
:100F3000D9401F928F9389E195EC9F938F930F94E3
:100F4000E64B80913E891F928F9381E095EC9F93B1
:100F50008F930F94E64B8091DA409091DB409F9302
:100F60008F9385EE94EC9F938F930F94E64B809133
:100F70003A881F928F938DEC94EC9F938F930F94EC
:100F8000E64B8091B8871F928F9384EB94EC9F93EC
:100F90008F930F94E64BEDB7FEB7B0960FB6F8946B
:100FA000FEBF0FBEEDBF81E498E80E94A5921F929C
:100FB0008F9381E994EC9F938F930F94E64BC091AC
:100FC0007488D0E00F900F900F900F900BE814EC06
:100FD0008091738890E0C817D907A9F0C233D10572
:100FE00010F0C0E0D0E0FE01EF5BF74780811F9278
:100FF0008F931F930F930F94E64B21960F900F90B2
:101000000F900F90E5CF8091BD871F928F9388E757
:1010100094EC9F938F930F94E64B8091D8401F924E
:101020008F938AE594EC9F938F930F94E64B809176
:1010300045891F928F9382E494EC9F938F930F9432
:10104000E64B809140881F928F938AE294EC9F93A5
:101050008F930F94E64B88E793E80E94A5921F9226
:101060008F9386E094EC9F938F930F94E64BC091FF
:10107000AB83D0E02DB73EB72C5E3F4F0FB6F89450
:101080003EBF0FBE2DBF00E014EC8091AA8390E01C
:10109000C817D907A9F0C233D10510F0C0E0D0E0DD
:1010A000FE01E858FC4780811F928F931F930F9396
:1010B0000F94E64B21960F900F900F900F90E5CF75
:1010C00080915D3C8F9380915C3C8F9380915B3CE1
:1010D0008F9380915A3C8F938CEE93EC9F938F93D8
:1010E0000F94E64B8091593C1F928F9387ED93ECC0
:1010F0009F938F930F94E64B82EF9BE30E949FFB9D
:101100009F938F9380EB93EC9F938F930F94E64B79
:101110008EEC90E40E949FFB9F938F9386E893EC64
:101120009F938F930F94E64B88EC9EE30E9486FB7F
:101130009F938F938EE593EC9F938F930F94E64B41
:101140008CEC90E40E949FFB9F938F9388E393EC39
:101150009F938F930F94E64B8091D0409091D14014
:101160009F938F9387E193EC9F938F930F94E64B1C
:1011700080910F45909110459F938F938DEF92EC46
:101180009F938F930F94E64B80911645EDB7FEB772
:10119000B2960FB6F894FEBF0FBEEDBF1F928F93AD
:1011A00080EE92EC9F938F930F94E64B8AEC90E441
:1011B0000E949FFB9F938F9389EA92EC9F938F935A
:1011C0000F94E64B8BEB97E80E949FFB9F938F93C6
:1011D0008AE792EC9F938F930F94E64B8091483B64
:1011E0001F928F9384E692EC9F938F930F94E64B1C
:1011F0008091F8449091F9449F938F938FE492ECFF
:101200009F938F930F94E64B8091523B8F938091E5
:10121000513B8F9384E392EC9F938F930F94E64B13
:101220008091493B90914A3BA0914B3BB0914C3B04
:10123000BF93AF939F938F9387E192EC9F938F938C
:101240000F94E64B80914F3B1F928F9380E092EC7E
:101250009F938F930F94E64B80914E3B2DB73EB7F3
:101260002E5D3F4F0FB6F8943EBF0FBE2DBF1F92AD
:101270008F9389EE91EC9F938F930F94E64B80911F
:101280004D3B1F928F938DEC91EC9F938F930F9416
:10129000E64B8DB79EB708960FB6F8949EBF0FBE6B
:1012A0008DBFC0E0D0E092E3C92E98E0D92E09E3CB
:1012B00011EC24E5E22E21ECF22ECC9DF001CD9D27
:1012C000F00DDC9DF00D1124EA51F64B808188234E
:1012D00051F14689578986809780A084B184248102
:1012E000358182819381718160815F934F93BF9239
:1012F000AF929F928F923F932F939F938F931F92C2
:101300007F931F926F93DF93CF93FF92EF920F948F
:10131000E64B2DB73EB72E5E3F4F0FB6F8943EBF5B
:101320000FBE2DBF0AC0DF93CF931F930F930F946F
:10133000E64B0F900F900F900F902196C630D1057D
:1013400009F0BBCF8091B63B8F938091B53B8F93D3
:1013500087E291EC9F938F930F94E64B8091B43B7F
:101360008F938091B33B8F938091B23B8F93809109
:10137000B13B8F938FE091EC9F938F930F94E64B4B
:1013800086E59BE30E9486FB9F938F9380EE90EC13
:101390009F938F930F94E64B8091553B8F93809151
:1013A000543B8F938CEB90EC9F938F930F94E64B71
:1013B0008091F7448F938091F6448F938EE990EC5F
:1013C0009F938F930F94E64B80914B8B8F938091DB
:1013D0004A8B8F9384E890EC9F938F930F94E64B06
:1013E000809174001F928F9383E790EC9F938F936B
:1013F0000F94E64B8FE593E80E94C4D2609160831E
:10140000509161834091628380916683909167835C
:101410003091658320916483709143E21F927F93A2
:101420001F926F931F925F931F924F939F938F937F
:101430001F923F931F922F938DE290EC9F938F9377
:101440000F94E64B87E880937A008EE580937C00CA
:1014500010927B00EDB7FEB7BE960FB6F894FEBFB4
:101460000FBEEDBF8DE190EC9F938F930F94E64BF1
:101470000F900F90CAE0C12C80E3D82E81E1E82EB6
:10148000F12C08E110EC80917A00806480937A005E
:1014900080917A0086FDFCCF209178003091790010
:1014A0002115310511F421E030E040E050E0C701A2
:1014B000B6010F943F485F934F933F932F931F9331
:1014C0000F930F94E64BC1500F900F900F900F9019
:1014D0000F900F90C1F68091F1258F938091F025A8
:1014E0008F938091EF258F938091EE258F9380913C
:1014F0002A478F93809129478F93809128478F9314
:10150000809127478F9380912E478F9380912D470D
:101510008F9380912C478F9380912B478F9388E9ED
:101520009FEB9F938F930F94E64B0E94D8C92DB7E2
:101530003EB7225F3F4F0FB6F8943EBF0FBE2DBFA0
:1015400081E0DF91CF911F910F91FF90EF90DF909D
:10155000CF90BF90AF909F908F900C94CBE4209150
:10156000D0403091D140E0910F45F091104560910D
:10157000F8447091F944A7E1A29FA001A39F500DE8
:101580001124AFE1AE9F9001AF9F300D11242427AD
:101590003527EFE2E69FA001E79F500D1124242795
:1015A00035276091513B7091523BE3E5E69FA001E6
:1015B000E79F500D11242427352760912B47709108
:1015C0002C47E5E6E69FA001E79F500D1124242754
:1015D0003527822393230895DF92EF92FF920F9392
:1015E0001F93CF93DF93CDB7DEB763970FB6F89411
:1015F000DEBF0FBECDBF7C01D62E0E944AFC4D2D12
:1016000050E060E070E089EE96EE0E9489E7E11418
:10161000F10419F482EE96EE01C0C7010E9472E750
:1016200080917588882351F08091583B8D1530F456
:101630008BEA96EE0E9472E780E050C0E114F1045C
:1016400029F4109275881092583B41C0CE01019642
:101650000E948FD26A815B814C81888599853F8108
:101660002E811F926F931F925F931F924F939F93B0
:101670008F931F923F931F922F938CE896EE9F9328
:101680008F9305E718E81F930F930F940D4CF80103
:1016900001900020E9F74DE359E84E1B5F0BB701BD
:1016A000C8010F94504A10923C89D092583B8091C7
:1016B000B38581500FB6F894DEBF0FBECDBF8A3020
:1016C00030F480911445869580935D8302C010921A
:1016D0005D838AE796EE0E9472E781E063960FB61B
:1016E000F894DEBF0FBECDBFDF91CF911F910F9158
:1016F000FF90EF90DF9008958091B03B833020F40D
:101700008F5F8093B03B0895609141898DE190E0B7
:101710000E94A39B61E060DF1092763B1092B53E81
:101720000895CF939091B385981709F420C3C82FDB
:101730001092104510920F4582E00E94A3E4882386
:10174000B9F00E946FE80E944AFC4091B38550E0D6
:1017500060E070E086E296EE0E9489E74C2F50E050
:1017600060E070E08BE196EE0E9489E70E9474E8E9
:10177000C63109F45AC208F0B8C0CC3009F4C2C16D
:1017800008F0A1C0C23009F44EC108F04FC0CC230C
:1017900009F41BC1C13009F0EAC287E00E948C8FB6
:1017A00085E00E948C8F85E00E948C8F81E00E94F2
:1017B0009F8F80E00E949F8F83E00E948C8F82E049
:1017C0000E948C8F84E00E948C8F81E00E9451CD1A
:1017D00082E00E945ACD83E00E945ACDC093184502
:1017E000C093BD8788E793E80E944E9281E498E811
:1017F0000E944E9210923D8869D81092983CC093F6
:101800004289109246891092CE3E1092CD3E10929F
:101810009D3C10929C3C10929F3C10929E3C1092DA
:101820009B3C1092993C10922C88ADC1C43009F4B5
:1018300010C1CB3009F09BC287E00E948C8F85E0FD
:101840000E948C8F85E00E948C8F81E00E948C8F9B
:1018500080E00E948C8F83E00E948C8F82E00E9447
:101860008C8F84E00E949F8F81E00E945ACD82E09D
:101870000E9451CD83E00E945ACD81E080931845AB
:101880008093BD8788E793E80E944E9281E498E8B0
:101890000E944E9210923D88109246891092CE3E40
:1018A0001092CD3E1092983C1092973C10929D3C25
:1018B00010929C3C10929F3C10929E3C10929B3C3C
:1018C0001092993C1CC1C23109F45AC138F4CD3090
:1018D00009F424C1CE3009F434C149C2C33109F43A
:1018E00057C1C53109F460C142C2CB3209F4FAC113
:1018F00098F5C03209F4DCC040F5C93109F454C18F
:10190000CF3109F034C287E00E948C8F85E00E94BD
:101910008C8F85E00E948C8F81E00E948C8F80E00C
:101920000E948C8F83E00E948C8F82E00E948C8FBB
:1019300084E00E948C8F81E00E945ACD82E00E9458
:101940005ACD83E00E9451CD10C2C93209F48CC136
:10195000CA3209F40AC20BC2C43309F4D4C170F507
:10196000CC3209F4C4C1C33309F001C287E00E943C
:101970008C8F85E00E948C8F85E00E948C8F81E0A7
:101980000E948C8F80E00E948C8F83E00E948C8F5D
:1019900082E00E948C8F84E00E948C8F81E00E9404
:1019A00051CD82E00E9451CD83E00E945ACD109229
:1019B00046891092CE3E1092CD3ED7C1C53309F470
:1019C000C3C1C33609F4D1C1D2C185E00E948C8F56
:1019D00084E00E948C8F83E00E948C8F81E00E94C3
:1019E0008C8F82E00E948C8F80E00E948C8F87E039
:1019F0000E949F8F85E00E949F8F81E00E945ACDB8
:101A000082E00E945ACD83E00E945ACD109246890E
:101A1000109239881092CE3E1092CD3E84E79BE31F
:101A20000E9494FB6CC010925A3C10925B3C109246
:101A30005C3C10925D3C1092593C85EF9BE30E9408
:101A40002CEC81E08093F43B0F94660482EF9BE3DF
:101A500062C085E00E949F8F81E00E949F8F80E09E
:101A60000E949F8F83E00E949F8F82E00E949F8F41
:101A700081E0809318458093BD870E9451CD82E01C
:101A80000E945ACD83E00E945ACD0F9466048EECDA
:101A900090E40E9494FB88EC9EE30E947BFB85E12E
:101AA0000E94A3E4882309F460C183E196EE59C142
:101AB00085E00E948C8F84E00E948C8F83E00E94DE
:101AC0008C8F81E00E948C8F82E00E948C8F80E05E
:101AD0000E948C8F87E00E948C8F85E00E948C8F03
:101AE00081E00E945ACD82E00E945ACD83E00E949C
:101AF00051CD109246891092CE3E1092CD3E10925A
:101B00002C8833C183E00E949F8F82E00E949F8FC8
:101B1000299A8AE99BE30E9494FB27C183E00E94F3
:101B20009F8F82E00E949F8F8CEC90E40E9494FB38
:101B300088EC9EE30E947BFB10922C880F94660435
:101B400014C181E00E949F8F80E00E949F8F85E0FA
:101B50000E949F8F81E0809318458093BD878EEC13
:101B600090E40E9494FB88EC9EE30E947BFB85E15D
:101B70000E94A3E4882309F4F8C08BE096EEF1C03C
:101B800085E00E948C8F88EC9EE30E947BFBEDC079
:101B900083E00E948C8F82E00E948C8F85E00E94FF
:101BA0008C8F8CEC90E4B7CF87E00E948C8F85E01F
:101BB0000E948C8F85E00E948C8F81E00E948C8F28
:101BC00080E00E948C8F83E00E949F8F82E00E94C1
:101BD0009F8F84E00E949F8F81E00E945ACD82E017
:101BE0000E9451CD83E00E945ACD88E793E80E947D
:101BF0004E9281E498E80E944E9210923D8881E0D6
:101C0000809318458093BD870F9466041092983C8A
:101C100010929D3C10929C3C10929F3C10929E3CD6
:101C200010929B3C1092993C8AC081E00E949F8F49
:101C300080E00E949F8F85E00E949F8F81E08093CB
:101C400018458093BD878AEC9EE30E9494FB88EC44
:101C50009EE30E947BFB85E10E94A3E4882309F4B4
:101C600084C08DEF95EE7DC085E00E949F8F81E05E
:101C70000E949F8F80E00E949F8F83E00E949F8F31
:101C800082E00E949F8F81E0809318458093BD87FA
:101C90000E9451CD82E00E945ACD83E00E945ACD2D
:101CA0000F9466048EEC90E40E9494FB1092C93B62
:101CB0006091418981E190E00E94A39BBC0186E490
:101CC00099E80F94094AE6E4F9E801900020E9F761
:101CD0003197E654F948FF27EA5BF6478EE08083A8
:101CE000118243C08DEB9BE30E9414EF3EC06091D4
:101CF000418986E190E00E94A39BBC0186E499E8BB
:101D00000F94094A32C084E00E949F8F83E00E94B2
:101D10009F8F83E00E9451CD88E793E80E944E9206
:101D200081E498E80E944E9210923D8881E0809371
:101D300018458093BD870F9466041092983C88ECF8
:101D40009EE30E947BFBDBCE81E00E949F8F85E0BB
:101D50000E949F8F85E10E94A3E4882331F085EFE4
:101D600095EE0E9472E710922A7FC093B385CF91BF
:101D700008950F931F93CF93DF93EC0182E00E94AD
:101D8000A3E48823A9F00E944AFC83EC91EE0E9410
:101D900072E7FE0101900020E9F73197BF016C1B4B
:101DA0007D0BCE010E94FBE780EC91EE0E9472E772
:101DB0008091933C882309F470C043E050E06CEBC1
:101DC00071EECE010F94604A892B29F4609141890C
:101DD00088E090E04CC042E050E069EB71EECE014B
:101DE0000F94604A892B61F46091418989E090E009
:101DF0000E94A39B62E0DF91CF911F910F91ECCBEA
:101E000042E050E066EB71EECE010F94604A892B00
:101E100029F4609141898AE090E0EACF43E050E004
:101E200062EB71EECE010F94604A892B29F4609128
:101E300041898BE090E0DCCF43E050E06EEA71EE48
:101E4000CE010F94604A892B29F4609141898CE07E
:101E500090E0CECF42E050E06BEA71EECE010F94FD
:101E6000604A60914189892B31F48DE090E00E94B5
:101E7000A39B63E0C0CF8EE090E00E94A39B62E052
:101E8000ABDB882309F44EC0BE0185E798E8DF91FB
:101E9000CF911F910F910D94144B06E419E8F801AE
:101EA00001900020E9F73197CF0186549948FE014F
:101EB00001900020E9F73197EC1BFD0BE80FF91FAB
:101EC000E63FF14078F566EA71EEC8010F94094AE1
:101ED000F80101900020E9F7CF01BE0101970F94AE
:101EE000334B63EA71EEC8010F94094A8091B385C0
:101EF0008230C1F48091923C882339F083EA0E94B9
:101F0000389181E080932C8807C085EA0E9438913F
:101F100086EC9EE30E9494FB82E1DF91CF911F91BA
:101F20000F91FFCBDF91CF911F910F9108951092E8
:101F30005C8310925B8310923F8810923E888AECFB
:101F400090E40C9494FB8091963C809314452091EE
:101F5000C58B3091C68B82E398E0289FF001299FC2
:101F6000F00D389FF00D1124EA51F64B86819781D0
:101F7000A085B1858093C03E9093C13EA093C23EA0
:101F8000B093C33E82E0809358831092578310929F
:101F9000B73E1092B63E1092428989E593E80E94BE
:101FA00094FB8AEB9EE30E9494FBC1DF8BE0B9CBEC
:101FB000CF93C82F82E00E94A3E4882359F00E94A7
:101FC0004AFC4091B38550E060E070E082E895EE15
:101FD0000E9489E78091B385873198F48531F8F4C0
:101FE000843009F441C028F48150823008F04FC099
:101FF00016C08B3008F44BC08E30E8F08E30A1F163
:1020000046C08D3228F4893250F4893141F03FC006
:102010008333E8F1853348F0853331F138C0CC2380
:10202000B1F10E9454FF83E130C0843311F40E9467
:1020300054FF80E22AC082E00E94A3E4882379F062
:102040000E946FE80E944AFC4091B38550E060E036
:1020500070E08FE595EE0E9489E70E9474E8809118
:10206000B3858D3031F7E3CF82E00E94A3E488236B
:1020700059F00E944AFC4091B38550E060E070E066
:102080008BE295EE0E9489E782E1CF914ACBCF9116
:1020900008952F923F924F925F926F927F928F920C
:1020A0009F92AF92BF92CF92DF92EF92FF920F93E7
:1020B0001F93CF93DF93CDB7DEB72B970FB6F8946E
:1020C000DEBF0FBECDBF612C712C00E010E05524A7
:1020D000539422242A94322CA0905B83B0905C838A
:1020E0000A151B0508F057C3980124553C47790190
:1020F000F901D080FDE0DF16F1F02AE0D216D9F028
:1021000080EE8D0D8F35B8F08D2D0E94D6FB882383
:1021100009F47DC080914289823009F078C0C50100
:1021200001970817190739F0F70181810E94D6FB42
:10213000882309F46CC0F2E0F0934289E6E4F9E800
:1021400001900020E9F73197E654F948EE3F21E08D
:10215000F2070CF013C3EA5BF64735E2D31203C073
:1021600087E0808307C090E4D91203C027E1208371
:1021700001C0D082118268013FEFC31AD30A809157
:102180009C3C90919D3C019690939D3C80939C3CFF
:102190008FEF681A780A109257838091B3858B303D
:1021A00009F0EAC28091AF3B8823E1F080E00E9411
:1021B00077FF97FDE1C281E00E9477FF8093973C13
:1021C0009091AF3B913011F4882361F087E99CE353
:1021D0000E945DFC882311F08CE017C085ED91ED25
:1021E0000E94FDFC82E00E94A3E4882359F00E9433
:1021F0004AFC4091AF3B50E060E070E087EA91ED2F
:102200000E9489E75092578380E28BDAB5C2D110E1
:1022100005C068019FEFC91AD90AAEC2E1E0DE121B
:102220001CC0D0924289109257838091B3858B3025
:1022300009F096C2F70182818093973C87E99CE37D
:102240000E945DFC882311F08CE005C084EA91EDCA
:102250000E94FDFC80E265DA83C2F2E0DF12A0C0DA
:1022600050924289F7014180842C912C6801F2E060
:10227000CF0ED11CC80CD91CAC14BD0408F477C017
:1022800088E793E80E94A5929401280F311D22331C
:1022900031050CF06CC08091567F833019F50E9497
:1022A0004AFC88E793E80E94A592482F50E060E03E
:1022B00070E089E991ED0E9489E7442D50E060E0EB
:1022C00070E085E991ED0E9489E780919C3CA40132
:1022D000480F511D052E000C660B770B8FE891ED12
:1022E0000E9489E780919C3C90919D3C880E991EAC
:1022F00090929D3C80929C3C4420C1F0F701628109
:1023000088E793E80E94779285E10E94A3E48823FE
:1023100041F06AE27FE7F70182810E94CB8E0E9442
:102320005EE74A94FFEFEF1AFF0AE6CF8091983CF0
:10233000882389F088E793E80E94A592893158F4B0
:1023400082E00E94A3E4882321F085E791ED0E94BA
:1023500054FC1092983C8091B3858B3009F00CC2EC
:102360008CE0DFD988E591ED0E9454FC05C2809194
:10237000983C811109C082E00E94A3E4882321F0E7
:102380008EE391ED0E9454FC81E08093983CA090F4
:102390005B83B0905C830A151B0508F0FCC1EEC19D
:1023A0008DEF8D0D823008F046C050924289F701C2
:1023B00091806801F2E0CF0ED11CC601890D911DFC
:1023C000A816B90620F4AA94AA949A2C901A092D5A
:1023D00010E09920A1F081E00E94A3E48823C9F0D5
:1023E0008FE191ED0E9454FCB8016E5F7F4FC701F1
:1023F0000E94FBE78CE191ED0E9472E70AC082E047
:102400000E94A3E4882381F08EEF90ED0E9454FC9B
:102410000BC08091B385823009F4FCC1843009F48B
:10242000F9C18E3009F4F6C1C00ED11E81E0C0DDC5
:1024300050925783A1C126E0D21258C050924289CF
:10244000F701D1808091B3858B3059F580E00E94EF
:1024500080FD882301F183EA0E9438918DE061D9E3
:1024600082E00E94A3E48823C9F10E944AFC4091C3
:10247000973C50E060E070E08DED90ED0E9489E7C0
:1024800040911445469550E060E070E08AEC90ED94
:102490000E9489E723C086EC90ED0E94FDFC80E25B
:1024A0001CC08230D9F40E94A3E4882321F08BE879
:1024B00090ED0E9454FC8091923C882331F083EA95
:1024C0000E94389150922C8807C085EA0E9438916A
:1024D00086EC9EE30E9494FB84E023D9DD2009F47E
:1024E000A9C0F701828180939B3CA4C037E0D3123E
:1024F00067C050924289F701D180DD2009F459C0AC
:10250000F28082E00E94A3E4882351F00E944AFCFA
:102510004F2D50E060E070E081E690ED0E9489E789
:102520008091B63EF81203C0F092B73E08C0F1E0C9
:10253000FF1518F45092B63E02C0F092B63E80915C
:10254000B73E811136C080913E8890913F88883F88
:1025500021E0920770F5FC01EC54FA4737E0308334
:1025600025E02183039690933F8880933E882091B5
:10257000B63E228368E978EE8C549A470F94284A35
:1025800080913E8890913F88049690933F888093F5
:102590003E8882E00E94A3E4882359F00E944AFC0E
:1025A0004091B63E50E060E070E08BE390ED0E9419
:1025B00089E70E5F1F4FC8018D0D911D6C01DCC0B6
:1025C00098E0D9123EC050924289F701D180F1E0E3
:1025D000FD1580F58091683B813061F5F7018281BE
:1025E00090E0982F88272381820F911D90936B3B59
:1025F00080936A3B8091C58B9091C68B0E9445D990
:102600003092C68B2092C58B109258831092C03E98
:102610001092C13E1092C23E1092C33E1092578358
:1026200010923F8810923E8810925C8310925B83D8
:1026300080E277D80E5F1F4F98012D0D311D690183
:102640009BC039E0D31288C0F7018180C80102968F
:102650006C01C80CD11CAC14BD0408F458C0FC01BA
:10266000E455FC47208131818091B73B9091B83B84
:102670002817390709F0E7C0F70194808FEE890D1C
:10268000833008F0E2C0E82EF12CF8E2FE9DC00194
:10269000FF9D900D11249C01235B34475901B80123
:1026A0006F547C4747E250E0C9010F94584BF70143
:1026B000EE0FFF1FEE0FFF1FE35DF7471082118241
:1026C00012821382F701EE0FFF1FE05DFD4DB50191
:1026D000808191810E9419A480913E8890913F88C9
:1026E000FC01EC54FA4736E0308322E02183128269
:1026F000049690933F8880933E8893820E944AFC80
:10270000492D50E060E070E083E79FEC22C011E0CB
:102710008FE290ED0E94FDFC0E944AFC412F50E0A8
:1027200060E070E084E190ED0E9489E7482D50E080
:1027300060E070E08CE090ED0E9489E723E02815CE
:1027400008F085C0F701448150E060E070E08FEF51
:102750009FEC0E9489E710C080914289813041F44A
:10276000F70181810E5F1F4F6801C80ED11C04C0A4
:102770006801FFEFCF1ADF0A8601AECCA01AB10ABA
:10278000A501B7018CEA93E80F94C44AB0925C8328
:10279000A0925B8304C010925C8310925B83809153
:1027A000567F833009F057C06114710409F453C097
:1027B0000E944AFC88E793E80E94A592E6E4F9E8C3
:1027C00001900020E9F73197AF0146545948EEECEB
:1027D000FEE301900020E9F73197EE5CFE434E0FD7
:1027E0005F1F480F511D60E070E084EF9FEC0E9476
:1027F00089E7A30160E070E080EF9FEC0E9489E729
:1028000040919C3C50E060E070E08AEE9FEC0E94BA
:1028100089E721C0892D8B3008F08AE0A82EB12CE1
:10282000A501B60164557C47CE0101960F94584B23
:10283000E1E0F0E0EC0FFD1FEA0DFB1D1082CE0180
:10284000019697DAF1CD12E063CF13E061CF40E05B
:1028500050E0BA017CCF2B960FB6F894DEBF0FBEC6
:10286000CDBFDF91CF911F910F91FF90EF90DF903F
:10287000CF90BF90AF909F908F907F906F905F9020
:102880004F903F902F90089528E2289FF001299FB4
:10289000F00D1124E35BF4472081222329F1FC0190
:1028A000E956F44C20812C30A0F0880F991F8057F6
:1028B000944C0E9486FB2091963B211103C048E373
:1028C00054E002C048E750E021E04817590778F08B
:1028D0000BC0263058F0880F991F8057944C0E94E7
:1028E00086FB21E04F9718F420E001C021E0822F01
:1028F00008950F931F93CF93DF938330910558F57D
:10290000EC01880F991F8057944C0E947BFB8E012D
:102910000956144CF80180818C3010F48E5F80834E
:102920008AEE93EE0E9454FC28E22C9FC0012D9F5A
:10293000900D1124835B94470E9441E7F801408188
:1029400050E060E070E08AEC93EEDF91CF911F9150
:102950000F910C9489E7DF91CF911F910F9108950A
:102960000F931F93CF93DF938330910528F58C014C
:102970000956144CF80120812223F1F0EC0121507A
:10298000208387EB93EE0E9454FC28E22C9FC00129
:102990002D9F900D1124835B94470E9441E7F8011D
:1029A000408150E060E070E084E993EEDF91CF91E8
:1029B0001F910F910C9489E7DF91CF911F910F9197
:1029C0000895AF92BF92CF92DF92EF92FF920F9352
:1029D0001F93CF93DF938C017B0156DF882309F48B
:1029E0009EC088E2809FE001819FD00D1124C35BCF
:1029F000D4478881882309F492C0C801880F991FA1
:102A00008057944C0E947BFBCE010E94B0BB6801B2
:102A1000CC0CDD1CCC0CDD1C9601235D3747590125
:102A2000F9016083718382839383672B682B692B01
:102A300041F4CE010E9496B8F501608371838283D0
:102A40009383F601E35DF747608171818281938111
:102A50006F3FFFEF7F078F079F0709F44CC043E2EA
:102A60005EE20E9431E26C01019679F182E00E94FF
:102A7000A3E48823B9F08DE994EE0E9454FCCE01C2
:102A80000E9441E7A6010D2C000C660B770B8FE727
:102A900094EE0E9489E7C7010E9472E78BE794EEEB
:102AA0000E9472E7C8015CDF8091963B882349F061
:102AB0006091418984E090E00E94A39B61E00F94C3
:102AC000EC0A1092963BC6012CC081E00E94A3E460
:102AD000882319F180E594EE0E9454FCCE010E94F7
:102AE00041E78DE394EE0E9472E7C7010E9472E70E
:102AF00089E394EE10C084E294EE0E9454FCCE016F
:102B00000E9441E782E094EE0E9472E7C7010E94B2
:102B100072E78DEF93EE0E9472E7C801EADE8FEF55
:102B20009FEFDF91CF911F910F91FF90EF90DF907A
:102B3000CF90BF90AF9008950F931F93CF93DF93E3
:102B400020917C3B30917D3B2F3F3F4F29F58C01FD
:102B5000C0E0D0E0B801CE0134DF90937D3B80939C
:102B60007C3B019619F0C0937B3B16C02196C33085
:102B7000D10581F78091963B811109C0609141890F
:102B800083E090E00E94A39B61E00F94EC0A81E057
:102B90008093963B80E001C081E0DF91CF911F914F
:102BA0000F910895CF93DF93CDB7DEB7C656D10905
:102BB0000FB6F894DEBF0FBECDBF81E08093F43B2B
:102BC00082E00E94A3E4882321F08EE39FEC0E9420
:102BD00054FC8CE29FECB0DF8823F1F083E0898322
:102BE00085E08A8380915A3C90915B3CA0915C3C4B
:102BF000B0915D3C8B839C83AD83BE8381E08F83EA
:102C000020E0AE014F5F5F4F67E070E080917C3B5A
:102C100090917D3B0E9460E0CA59DF4F0FB6F89457
:102C2000DEBF0FBECDBFDF91CF910895AF92BF92AF
:102C3000CF92DF92EF92FF921F93CF93DF93EC013D
:102C4000162F8EA5833009F449C030F4813009F481
:102C500045C0823039F0FEC0863020F0863009F45D
:102C6000BCC0F8C07E012BE5E20EF11CF7018081AB
:102C70009181892B39F4112319F087E493E279D8F3
:102C800081E0A5C182E00E94A3E49E01295A3F4F42
:102C900069018823A1F08BE793EE0E9454FCF601B2
:102CA00060817181828193810E94C1E7F701408137
:102CB000518160E070E080E793EE0E9489E7F601C1
:102CC00080819181A281B3818093C03E9093C13E67
:102CD000A093C23EB093C33EF7014DC06E01FBE529
:102CE000CF0ED11CF60180819181892B21F27E01CA
:102CF000FFE2EF0EF11CC7010E9496B85E0127E5C6
:102D0000A20EB11CF50160837183828393836F3FB0
:102D10007F4F8F4F9F4F09F44AC082E00E94A3E487
:102D20008823D9F081E593EE0E9454FCC7010E94EC
:102D300041E78DE493EE0E9472E7F50160817181B5
:102D4000828193810E94C1E7F6014081518160E058
:102D500070E082E493EE0E9489E7F5018081918121
:102D6000A281B3818093C03E9093C13EA093C23EA6
:102D7000B093C33EF601808191819093BF3E8093D2
:102D8000BE3E4091BE3E5091BF3E6091C03E7091AC
:102D9000C13E8091C23E9091C33E0E9431E2909329
:102DA000C68B8093C58B019609F077C064C081E023
:102DB0000E94A3E4882359F080E393EE0E9454FC20
:102DC000C7010E9441E78EE193EE0E9472E7112352
:102DD00009F456CF8BE493E252CFCE018F960E9436
:102DE0005C8B882349F182E00E94A3E4882371F080
:102DF0000E944AFC4091C58B5091C68B052E000C59
:102E0000660B770B82ED92EE0E9489E78091923CEF
:102E1000882339F083EA0E94389181E080932C88DE
:102E200007C085EA0E94389186EC9EE30E9494FBDD
:102E300084E00F94910BCAC06091418985E090E0D5
:102E40000E94A39B62E00F94EC0A112391F08EE4A0
:102E500093E20DC081E00E94A3E4882321F085EB7A
:102E600092EE0E9454FC112321F087E493E20F9428
:102E7000B90E82E0ACC081E00E94A3E4882321F077
:102E80008BE792EE0E9454FC8FEF9FEF9093C68BDE
:102E90008093C58B109258839ACF49D881E0809354
:102EA0005883109257831092B73E8093B63E89E5BF
:102EB00093E80E9494FB8AEB9EE30E9494FB62E0FD
:102EC00080E090E00F94EC0A8EA58350823060F58C
:102ED00082E00E94A3E4882371F00E944AFC4091A2
:102EE000C58B5091C68B052E000C660B770B8EE2BE
:102EF00092EE0E9489E78091923C882339F083EA20
:102F00000E94389181E080932C8807C085EA0E9456
:102F1000389186EC9EE30E9494FB84E00F94910B21
:102F200082E08093428952C082E00E94A3E4C35AA7
:102F3000DF4F8823F9F00E944AFC4091C58B5091E5
:102F4000C68B052E000C660B770B8EEF91EE0E9460
:102F500089E7488150E060E070E088EE91EE0E94E1
:102F600089E74091B63E50E060E070E086ED91EE7A
:102F70000E9489E711E01093428980913E889091E8
:102F80003F88FC01EC54FA4727E0208325E02183A9
:102F9000039690933F8880933E882091B63E22838B
:102FA00068E978EE8C549A470F94284A80913E88BD
:102FB00090913F88FC01EC54FA47148315830796DF
:102FC00090933F8880933E888881868380E0DF915C
:102FD000CF911F91FF90EF90DF90CF90BF90AF9077
:102FE0000895DF92EF92FF920F931F93CF93DF9399
:102FF0008091B3858E3061F0843051F0853341F09B
:10300000982F9B7F923121F08952843008F073C150
:1030100088E793E80E945292882309F46CC180915A
:103020004689882309F4EBC08091CE3E8111E7C028
:10303000D091CD3E10E000E0C0E0802F90E09C01F8
:103040002A5B36477901F9018081882309F465C03C
:10305000C23608F062C09091CC3E9D1708F45DC066
:1030600061E00E94E68E0F5F8F3F61F021E02C0F40
:10307000F7018081EC2FF0E0E253F14C80838D303A
:1030800049F443C063E0F70180810E94E68E8F3FE0
:1030900069F70AC08A3011F4C22F3FC0DF5F803267
:1030A000B9F18D32C1F534C0F7016081673141F467
:1030B00021E02C0FD0E0C253D14C6883118226C08E
:1030C00070E086E898EE0F94144A009719F121E019
:1030D0002C0F8658984EFC01EC58F741E491AC2F28
:1030E000B0E0A253B14CEC93FC01EE59F74184914E
:1030F000E22FF0E0E253F14C8083803211F4DF5F85
:103100000AC022E02C0FDE5F06C010E0D0E003C052
:10311000122F01C02C2FC22F90CF8091CC3E8D1743
:1031200058F582E0D82EDC0E1123C9F0E12EF12CE7
:103130001C1760F44C2F50E04E195F09B701625321
:10314000714CC7018053914C0F94C44AF701E2536C
:10315000F14C8DE080838AE08183CD2D0DC0E1E0CC
:10316000EC0FD0E0C253D14C8DE08883CD2DF0E040
:10317000E253F14C8AE08083D0E0FE01E253F14C4F
:10318000108284E00E94A3E410E0882339F18EE8E5
:1031900091EE0E9454FCB80186E499E80E94FBE796
:1031A000E6E4F9E801900020E9F73197AF014654D1
:1031B0005948401B510B60E070E085E891EE0E9499
:1031C00089E780E791EE0E9454FCBE018EEC9EE3FD
:1031D0000E94FBE78DE691EE0E9472E7E6E4F9E8D3
:1031E00001900020E9F7AF01401B510B46545948AC
:1031F000B8016A5B764786E499E80F94C44A8091E7
:10320000CE3E882309F477C0CEECDEE38E010E5C5F
:103210001E438881811119C084E00E94A3E48823A1
:1032200009F44EC00E944AFCA80160E070E08DE203
:1032300091EE0E9489E740913D8850E060E070E0A7
:103240008BE191EE0E9489E73BC088E793E80E94FA
:1032500059928111E1CF89918D3019F41092CD3EB0
:103260001FC09091CD3E9F5F9093CD3E8731C1F4BA
:10327000809146898111CACF88818D3059F4898126
:103280008A3021F68A818111C1CF87E10E9454FDE5
:103290001882BCCF8111BACF87E10E9454FDB6CF0E
:1032A0000E9454FD882309F4B1CF8091B385863103
:1032B00009F0ACCFFE01319780810E9434FDA6CF8A
:1032C00001151105C1F0EEECFEE301900020E9F7D5
:1032D000AF01401B510B4E5C5E43B8016253714C11
:1032E0008EEC9EE3DF91CF911F910F91FF90EF90B5
:1032F000DF900D94C44ADF91CF911F910F91FF9001
:10330000EF90DF9008951F93CF93DF93C82F162F70
:103310000E9480FDD82F882389F082E00E94A3E4D8
:10332000882341F04C2F50E060E070E082E091EEA5
:103330000E9489E783EA0E94389120C081E00E94C0
:10334000A3E4882341F04C2F50E060E070E08FED63
:1033500090EE0E9489E7111109C0609141898FE0C8
:1033600090E00E94A39B64E00F94EC0A10924689BF
:103370001092CE3E109239881092CD3E8D2FDF9163
:10338000CF911F9108958F929F92AF92BF92CF924B
:10339000DF92EF92FF921F93CF93DF93CDB7DEB70B
:1033A00063970FB6F894DEBF0FBECDBFEBECF1EE26
:1033B000A0E0B0E01AE0228533852115310521F423
:1033C000A117E8F41A2F1BC0C080D180E280F380DF
:1033D000C616D706E806F90691F4E480F580E416EF
:1033E000F50669F44CE04A9FF0014B9FF00D112463
:1033F000E553FE412F5F3F4F338722872AC0119646
:103400003C96AA30B105B9F61A3019F17A014B0190
:103410005C01CE0101960E948FD28CE0189FF001D2
:103420001124E553FE4180829182A282B382F5820B
:10343000E4828F859889A989BA8986839783A08732
:10344000B18781E090E09387828789EB97E80E94BB
:1034500094FB81E063960FB6F894DEBF0FBECDBF3C
:10346000DF91CF911F91FF90EF90DF90CF90BF90B1
:10347000AF909F908F900895EF92FF920F931F93BC
:10348000CF93DF932091853B222309F4C5C0F42E0E
:10349000062FEC011091823B112309F44EC083E802
:1034A0009BE30E9486FB4F9708F047C083E89BE3AD
:1034B0000E947BFB209709F4AFC040917E3B509166
:1034C0007F3B6091803B7091813BC65BDF4E2881E2
:1034D000398182E398E0289FF001299FF00D389F01
:1034E000F00D1124EA51F64B86819781A085B185B4
:1034F000411551056105710549F480937E3B909318
:103500007F3BA093803BB093813BA2C0841795077B
:10351000A607B70709F480C0FF2009F498C00E94ED
:10352000CFC9602F83E290E00E94A39B9F938F936B
:103530000F94E64B0E94D8C988C0209709F487C031
:10354000FF2009F484C07E018AEFE81A8FEEF80AA2
:10355000F70180819181892BF9F41092823B0E94BE
:10356000CFC988E59BEC0E945680602F80E290E0F6
:103570000E94A39B20E030E04AE050E069E57BEC4C
:103580000E94C180602F81E290E00E94A39B0E9474
:1035900082810E94D8C95BC069E57BECCE010E94A4
:1035A00008C8892BD1F269E57BECCE010E94D4C713
:1035B0008D5E974FFC01EE0FFF1FEC0FFD1F65E8BE
:1035C0007BE3808191810F942A4B892B39F581E02F
:1035D0008093823BC65BDF4E2881398182E398E08D
:1035E000289FF001299FF00D389FF00D1124EA511A
:1035F000F64B86819781A085B18580937E3B909321
:103600007F3BA093803BB093813B83E89BE30E9488
:103610007BFBF7011182108211E01AC00E94CFC912
:10362000602F82E290E00E94A39B9F938F930F9460
:10363000E64B0E94D8C91092823B602F84E290E052
:103640000E94A39B63E00F94EC0A0F900F9010E090
:10365000812FDF91CF911F910F91FF90EF900895EF
:10366000EF92FF920F931F93CF93DF93009711F484
:1036700080E097C08B01EC0182E00E94A3E49E01F0
:103680002A5F3F4E7901882309F440C088E49BEC0F
:103690000E9454FCFE01E65BFF4E2081318182E3F3
:1036A00098E0289FF001299FF00D389FF00D11241C
:1036B000EA51F64B66817781808591850E94C1E74A
:1036C00086E49BEC0E9472E7F70120813181CE01F4
:1036D00002962115310511F4FC010AC0F901EE5ED4
:1036E000F74FEE0FFF1FEC0FFD1F0190F081E02D53
:1036F00001900020E9F7BF0161507109681B790B47
:103700000E94FBE783E49BEC0E9472E7F701808153
:103710009181892B09F4ACCF6FE37BECCE010E9441
:1037200008C8892B09F4A4CF6FE37BECCE010E947B
:10373000D4C78D5E974F880F991FC80FD91F099066
:10374000D881C02D6CE37BECCE010F941F4A892BEE
:1037500019F4F80110821DC069E37BECCE010F94CF
:103760001F4A892B11F481E012C066E37BECCE0185
:103770000F941F4A892B11F482E009C063E37BECAC
:10378000CE010F941F4A892B09F072CF83E0F80114
:103790008083F70180819181019711F41182108259
:1037A00081E0DF91CF911F910F91FF90EF900895ED
:1037B0009F92AF92BF92CF92DF92EF92FF920F93C0
:1037C0001F93CF93DF93CDB7DEB7C05BD1090FB6A0
:1037D000F894DEBF0FBECDBF8C01FC01EA5FFF4E47
:1037E000E080F18061E97AE33BDF41E01E141F04D1
:1037F0000CF040E06091913AC8013EDE982E1982AB
:10380000CE55DF4F1882C25AD0400E94CFC99920AE
:1038100009F4F1C06CE578EEC8010E9408C89E0169
:103820002F5F3F4F7901892B09F475C06CE578EE65
:10383000C8010E94D4C78D5E974FFC01EE0FFF1F99
:10384000E00FF11F808191810F94B0495C018FEFEF
:103850008A0D6501DD248A3008F051C067E578EEF5
:10386000C8010E9408C8892BB9F067E578EEC80145
:103870000E94D4C78D5E974F880F991FF801E80FFB
:10388000F91F608171814FE450E0C7010F94584BDC
:1038900061961FAE619701C01982898181110AC0AA
:1038A0008A2D0E943BFFB7010E94D9A10197F9F030
:1038B00019821DC08D3221F48A81811101C01982C3
:1038C0008A2D0E943BFFB7010E945DA39F938F93B7
:1038D000FF92EF92DF92CF9288E89FEB9F938F93B6
:1038E0000F94E64B0FB6F894DEBF0FBECDBF4AE093
:1038F000BE016E557F4FC6010F94724B0CC0DF9214
:10390000CF9280E79FEB9F938F930F94E64B0F909E
:103910000F900F900F908DE59FEB0E945680609165
:10392000913A87E490E00E94A39B9E012E553F4F61
:1039300042E050E06CE578EE0E94C1806091913ADF
:1039400088E490E00E94A39B97014FE450E067E574
:1039500078EE0E94C1806091913A8EE590E00E94DD
:10396000A39B0E94828101E010E07E0192E5E90EB6
:10397000F11C8EE4A82E8FEBB82E97E4C92E9FEB96
:10398000D92E802F0E943BFFB7010E94D9A1019739
:1039900011F0F7011082992051F01F930F93BF92FD
:1039A000AF920F94E64B0F900F900F900F90FF92F5
:1039B000EF92DF92CF920F94E64B0F5F1F4F0F9065
:1039C0000F900F900F900B301105D9F60E94D8C9B7
:1039D000C055DF4F0FB6F894DEBF0FBECDBFDF91ED
:1039E000CF911F910F91FF90EF90DF90CF90BF90FC
:1039F000AF909F9008951E141F0444F3B4CFCF934B
:103A0000DF936CE77AE32CDE89E99EEB9F938F933B
:103A10000F94E64B8091B3850F900F9060917C3AA4
:103A2000863109F052C085E290E00E94A39B9F93EB
:103A30008F930F94E64B86E499E89F938F938EECD7
:103A40009EE39F938F93C6E3DFE3DF93CF9387E7F4
:103A50009EEB9F938F930F94E64B83E00E94A3E429
:103A60002DB73EB7265F3F4F0FB6F8943EBF0FBE4F
:103A70002DBF882309F457C087E59EEB0E9454FCB4
:103A800009900020E9F7CE0189973FE38633930739
:103A900010F486E39FE3FC0101900020E9F73197E1
:103AA000BF01681B790B0E94FBE7E6E3FFE301908F
:103AB0000020E9F73197AF0146535F4360E070E0C3
:103AC0008FE49EEB0E9489E72EC0811114C086E22C
:103AD00090E00E94A39B9F938F930F94E64B1092CC
:103AE000363F83E00E94A3E40F900F908823D9F023
:103AF00088E29EEB16C08F3119F488E290E002C094
:103B000087E290E00E94A39B9F938F930F94E64BD4
:103B10000F900F9083E00E94A3E4882321F08EEFA2
:103B20009DEB0E9454FC0E94D8C98AEC9EE3DF9171
:103B3000CF910C9494FBEF92FF920F931F93CF932E
:103B4000DF931F92CDB7DEB78C016BE77AE388DD98
:103B5000F801EA5FFF4E80819181892B09F49DC0B5
:103B600066EF7DEBC8010E9408C8892B09F495C057
:103B70008091B385882321F08551823008F08DC073
:103B800066EF7DEBC8010E94D4C78D5E974FFC01A4
:103B9000EE0FFF1FE00FF11FE080F18006E419E84F
:103BA000F80101900020E9F744E45BE84E1B5F0B4D
:103BB000B701C8010F943A4B1092438BF801019062
:103BC0000020E9F732978081803419F487E18083FF
:103BD00006C063EF7DEB86E499E80F94094A82E022
:103BE0000E94A3E4882359F08FED9DEB0E9454FCC2
:103BF000C7010E9441E78CED9DEB0E9472E788ECC3
:103C00009EE30E947BFB8AEC9EE30E9494FB109152
:103C1000B38511112DC080E00E9477FF1816190698
:103C20002CF481E00E9477FF898301C01982CE01C4
:103C300001960E945DFC811101C0198282E00E9400
:103C4000A3E4882351F00E944AFC498150E060E0DF
:103C500070E089EB9DEB0E9489E760E0898153DB8E
:103C6000882311F085E101C080E20F94910B15C00B
:103C700067EB7DEBC7010F941F4A892B71F4163156
:103C800061F482E00E94A3E4882321F08BE89DEB9D
:103C90000E9454FC81E00F94D80F0E94CFC989E69E
:103CA0009DEB9F938F930F94E64B60917B3A89E253
:103CB00090E00E94A39B9F938F930F94E64B88E024
:103CC0009DEB9F938F930F94E64B60917B3A8AE232
:103CD00090E00E94A39B9F938F930F94E64B87EDF8
:103CE0009CEB9F938F930F94E64B60917B3A8BE212
:103CF00090E00E94A39B9F938F930F94E64B8BECD5
:103D00009CEB9F938F930F94E64B0E94D8C90FB6FC
:103D1000F894DEBF0FBECDBF0F90DF91CF911F9102
:103D20000F91FF90EF90089568E77AE399DC0E9485
:103D3000CFC98091853B811105C06091783A8BE4B1
:103D400090E006C01092823B6091783A8CE490E05B
:103D50000E94A39B9F938F930F94E64B0F900F901D
:103D60000C94D8C94F925F926F927F928F929F92DC
:103D7000AF92BF92CF92DF92EF92FF920F931F9379
:103D8000CF93DF93CDB7DEB7CE55D1090FB6F894F8
:103D9000DEBF0FBECDBF8C0165E77AE361DC41E099
:103DA0006091753AC80168DB882309F431C10E942B
:103DB000CFC978018AEFE81A8FEEF80AF7018081FF
:103DC0009181892B09F448C06CEB7BEBC8010E9400
:103DD00008C8892BE1F168EB7BEBC8010E94D4C7CE
:103DE0008D5E974FFC01EE0FFF1FE00FF11FD0809B
:103DF000C180AE014F5F5F4F6D2D7C2D8091F746E6
:103E00009091F8460E941EB08823A9F0BE016F5F12
:103E10007F4F8091F7469091F8460E9403B1882326
:103E200029F0CF92DF9285EA9BEB09C0CF92DF9217
:103E30008EE89BEB04C0CF92DF9289E79BEB9F93C8
:103E40008F930F94E64B0F900F900F900F90F70108
:103E500080819181892BB1F4AE01405D5F4F6BE5AC
:103E600072E28091F7469091F8460E941EB084E677
:103E70009BEB9F938F930F94E64B0F900F9000E076
:103E800010E02BC065E77BEBC8010E9408C8892BB6
:103E900019F360E67BEBC8010E94D4C78D5E974F93
:103EA000880F991FF801E80FF91F00811181AE01F9
:103EB000405D5F4FB8018091F7469091F8460E94AF
:103EC0001EB01F930F938EE49BEB9F938F930F94E1
:103ED000E64B0F900F900F900F908091F7469091C6
:103EE000F8460E9479B19F938F937F936F938AE3F3
:103EF0009BEB9F938F930F94E64BBE01605D7F4FCA
:103F00008091F7469091F8460E9426AF6C010F9081
:103F10000F900F900F900F900F90892B09F46EC0A7
:103F2000FE0131967F018EE2482E8AEB582E9EE8E4
:103F3000692E9AEB792E21EEA22E2AEBB22E3FE0CB
:103F4000832E3BEB932EB701C6010E9460AF8823FE
:103F500009F450C089A184FF1DC00115110579F431
:103F6000FF92EF92FF92EF929F928F920F94E64B07
:103F70000F900F900F900F900F900F90E4CFFF9243
:103F8000EF92FF92EF921F930F93BF92AF920F9415
:103F9000E64B2AC03BA52AA599A588A501151105C0
:103FA00079F4FF92EF923F932F939F938F93FF9219
:103FB000EF92FF92EF927F926F920F94E64B14C0B4
:103FC000FF92EF921F930F931F930F933F932F93A3
:103FD0009F938F93FF92EF92FF92EF921F930F9315
:103FE0005F924F920F94E64B0FB6F894DEBF0FBE70
:103FF000CDBFA9CFC6010E945AAF08C085E19AEB98
:104000009F938F930F94E64B0F900F900E94D8C907
:10401000C25ADF4F0FB6F894DEBF0FBECDBFDF919F
:10402000CF911F910F91FF90EF90DF90CF90BF90B5
:10403000AF909F908F907F906F905F904F9008957A
:10404000CF93DF93EC0164E77AE30ADB41E0609110
:10405000743ACE0111DA8823A9F0FE01EA5FFF4E1F
:1040600080819181892B49F061E17AEBCE010E9438
:1040700008C8892B11F080E001C081E0DF91CF9169
:104080000C94EAFEDF91CF910895CF93DF93EC017A
:1040900062E97AE3E5DA41E06091923ACE01DF919C
:1040A000CF91EAC90F931F93CF93DF931F92CDB7A0
:1040B000DEB78B01BE016F5F7F4F0E941392998123
:1040C000911105C08DE2F8018083118211C04AE090
:1040D000B80190E00F94724B8981823048F0F8016A
:1040E0008181811105C012828081818380E3808378
:1040F0000F90DF91CF911F910F9108954F925F9292
:104100006F927F928F929F92AF92BF92CF92DF92E7
:10411000EF92FF920F931F93CF93DF93CDB7DEB74C
:10412000CA57D1090FB6F894DEBF0FBECDBF80913C
:10413000513B9091523B01969093523B8093513B5F
:104140008BEB97E80E9494FB80E00E945ACDCE0151
:1041500086589F4F0E942992882309F486C2EB96C5
:104160008FADEB97863A09F46FC168F4833A09F48E
:104170003FC028F49FEF980F9F3798F074C2853A9C
:1041800009F449C070C28C3A09F435C220F48A3A65
:1041900009F456C268C290E5980F9A3008F45FC1DE
:1041A00062C282E00E94A3E4882361F00E944AFC7C
:1041B000EB964FADEB9750E060E070E085EB90EE52
:1041C0000E9489E78091B385811111C281E00F942B
:1041D000910BEB968FADEB97880F809314458091F0
:1041E000953C811142C2809114458093963C3DC21A
:1041F00082E00E94A3E4882321F08DE890EE0E94E3
:1042000054FC8091B385813009F0F1C186EA0E94A7
:10421000389182E012C28091B3858D3009F0D0C010
:1042200082E00E94A3E4882321F084E690EE0E94BD
:1042300054FC8EE00F94910B81E080939A3CCE0168
:1042400089599F4F0E948FD2AA965FADAA97AB96CD
:104250004FADAB97E0968EAD9FADE097AE963FAD7C
:10426000AE97AD962FADAD971F925F931F924F9370
:104270009F938F931F923F931F922F938EE796EDFC
:104280009F938F938E010F5F1F4F1F930F930F9478
:104290000D4C80915E3C8D7F0FB6F894DEBF0FBE53
:1042A000CDBF813039F080915E3C8250823008F081
:1042B00073C04DC06FE188E793E80E9477926FE189
:1042C00088E793E80E9477926FE188E793E80E947D
:1042D000779262E088E793E80E94779268E088E747
:1042E00093E80E9477926BE188E793E80E947792C7
:1042F00085E10E94A3E4882321F08BE796ED0E94DC
:1043000072E7D12CF80101900020E9F73197E01B0A
:10431000F10BED2CF12CEE16FF0628F6E00EF11E47
:1043200063E0F70180810E94E68E8F3F71F0682F75
:1043300088E793E80E94779285E10E94A3E48823AE
:1043400021F0F70180810E945EE7D394DBCF37E054
:10435000F32E6FE181E498E80E947792FA94F110CD
:10436000F8CF62E081E498E80E94779268E081E407
:1043700098E80E9477926BE181E498E80E94779236
:10438000F80101900020E9F73197E01BF10B8F2D28
:1043900090E08E179F0720F083E080933D8865C1F1
:1043A000F801E80FF91F63E080810E94E68E8F3FDD
:1043B00029F0682F81E498E80E947792F394E0CF87
:1043C000853179F482E00E94A3E4882321F086E31A
:1043D00090EE0E9454FC8CE99BE30E948FD286E110
:1043E0002CC1893159F482E00E94A3E4882321F092
:1043F0008BE090EE0E9454FC82E11FC1843359F49B
:1044000082E00E94A3E4882321F081EE9FED0E94C8
:1044100054FC85E312C180912C88882399F082E0B6
:104420000E94A3E4882359F00E944AFC4091B3857E
:1044300050E060E070E08FE99FED0E9489E7109204
:104440002C8813C185EA0FC182E00E94A3E488236F
:1044500021F087E79FED0E9454FC86EA04C182E0C8
:104460000E94A3E4882381F00E944AFCEB964FADA2
:10447000EB9750E0405B5109052E000C660B770B63
:1044800083E59FED0E9489E78091B385823009F032
:10449000AEC0809158838111AAC0E091593CE111CE
:1044A00024C0EB968FADEB97803BF9F482E00E943D
:1044B000A3E4882321F08EE19FED0E9454FC10922A
:1044C00046898091923C882339F083EA0E94389192
:1044D00081E080932C8807C085EA0E94389186ECA1
:1044E0009EE30E9494FB89E2A8C020915A3C30913F
:1044F0005B3C40915C3C50915D3CAAE0B0E00F9485
:104500008548EB962FADEB9730E06901F0EBCF1AC1
:10451000D1080D2C000CEE08FF08C60ED71EE81EB1
:10452000F91EC0925A3CD0925B3CE0925C3CF09207
:104530005D3CEF5FE093593C82EF9BE30E9494FB6C
:104540001092F43B1092F13B25EF3BE340E0C701B2
:10455000B6010E9438EE882309F440C08091593C8E
:10456000853040F08091213C9091223C21E08227CF
:10457000817001C080E0182F117060E085EF9BE32F
:104580000E9459EE82E00E94A3E4882371F00E9409
:104590004AFC4091F53B5091F63B6091F73B70919E
:1045A000F83B8CEE9EED0E9489E711110F94D21515
:1045B0008091213C80FF0EC061E085EF9BE30F946A
:1045C0001616882379F081E00F94D80F81E080934C
:1045D000F43B08C081E08093F13B04C085EF9BE38E
:1045E0000E942CEC82EF9BE30E9494FB3EC0EB9672
:1045F0008FADEB9738C082E00E94A3E4882321F0BE
:104600008FEC9EED0E9454FC8091B385833171F054
:1046100081E00E94A3E4882321F089EA9EED0E94B4
:1046200054FCEB968FADEB970E94CFFB109246891E
:104630001092CE3E1092CD3E80E20F94910B15C0A9
:1046400082E00E94A3E4882321F08FE89EED0E947F
:1046500054FC8091B385882379F38CEA0E943891C9
:104660000E9456FEE9CF0E94CFFB0E94ADFB88233B
:1046700091F180910F459091104581319E4058F104
:1046800081E00E94A3E4882321F080E79EED0E9450
:1046900054FC6091418980E190E00E94A39B61E01D
:1046A0000F94EC0A81E00F94D80F81E08093578338
:1046B00080913E8890913F888E3F41E0940758F466
:1046C000FC01EC54FA4723E02083029690933F8844
:1046D00080933E88118286E890E00E9403D98C0185
:1046E0000F3F8FEF180709F4C4C082E00E94A3E4D3
:1046F000882351F10E946FE80E944AFCA801012E14
:10470000000C660B770B87E596ED0E9489E782E344
:1047100098E0089F7001099FF00C189FF00C11247D
:10472000F701EA51F64B66817781808591850E9479
:10473000C1E78FE496ED0E9472E7C701885F954B51
:104740000E94E1E70E9474E880915883811121C0A2
:104750008091B385811114C082E00E94A3E4882374
:1047600041F00E946FE882E496ED0E9472E70E9499
:1047700074E81093C68B0093C58B0F94A30F79C078
:1047800081E00E94A3E4882309F44AC08DE296EDFB
:1047900045C08230E1F58091C58B9091C68B019622
:1047A000B1F582E398E0089FF001099FF00D189F92
:1047B000F00D1124EA51F64B4681578160857185D1
:1047C0008091C03E9091C13EA091C23EB091C33E47
:1047D000481759076A077B0791F481E00E94A3E418
:1047E000882321F083E196ED0E9472E71093C68B37
:1047F0000093C58B8AEB9EE30E9494FB3AC081E054
:104800000E94A3E4882361F08DEE95ED07C081E05E
:104810000E94A3E4882321F088ED95ED0E9472E7C1
:1048200082E00E94A3E4882321F08CEA95ED0E94A7
:1048300072E78091C43E9091C53E8F3FFFEF9F0786
:1048400011F00D9430391093C53E0093C43E88EBAF
:104850009EE30E9494FB8091B38521E08F3111F09B
:104860000D943F394EE655ED65E070E0C8010E94B9
:1048700060E08091B385803299F480915B83909160
:104880005C83892B69F082E00E94A3E4882321F0F5
:1048900084E195ED0E9454FC10925C8310925B833E
:1048A0008091C58B9091C68B8F3F2FEF920709F4B3
:1048B00071C00E9433D981116DC080915B8390914A
:1048C0005C83892B09F066C080914289813021F098
:1048D00090F0823091F50FC08091578381110BC009
:1048E00081E00E94A3E4882309F43FC08CED94ED9D
:1048F0000E9454FC3AC082E00E94A3E4882341F065
:104900000E946FE888EA94ED0E9454FC0E9474E8CB
:10491000109258831092C03E1092C13E1092C23E37
:104920001092C33E1092578310923F8810923E8897
:1049300010925C8310925B8318C080915783811121
:1049400003C08EE794ED07C082E00E94A3E48823B1
:1049500021F08AE494ED0E9454FC8091B385833366
:10496000B9F680E20F94910BD3CF8091C58B9091D3
:10497000C68B0E9445D989E593E80E9494FB8CEB95
:104980009EE30E9494FB8FEF9FEF9093C68B8093E2
:10499000C58B02C38091C58B9091C68B019609F49B
:1049A000E3C0809157838823D9F18AEB9EE30E946C
:1049B0009FFB8739910568F180913E8890913F88EF
:1049C000892B39F580915B8390915C83892B09F564
:1049D00082E00E94A3E4882321F08AE294ED0E9401
:1049E00054FC8091C58B9091C68B0E9445D98FEF66
:1049F0009FEF9093C68B8093C58B10925883109233
:104A0000C03E1092C13E1092C23E1092C33E109220
:104A100057838091C58B9091C68B019609F4A4C0F1
:104A200080915B8390915C838115924008F09CC0DB
:104A300089E593E80E9494FB8091C58B9091C68B89
:104A40000E94BEE18C01181619060CF08DC08091F1
:104A50005B8390915C83800F911F8130924050F175
:104A600081E00E94A3E48823C1F00E944AFCA801CF
:104A7000110F660B770B84EF93ED0E9489E780910D
:104A80005B8390915C8340E052E0481B590B60E0EF
:104A900070E081EE93ED0E9489E780915B839091B5
:104AA0005C8340E052E08A01081B190B10161106C6
:104AB0000CF05AC040915B8350915C8344555C4735
:104AC000B8018091C58B9091C68B0E9409E17C0151
:104AD000E0915B83F0915C83E455FC4780818830F2
:104AE00011F00E9477E884E00E94A3E4882379F122
:104AF0000E946FE80E944AFCA801110F660B770B19
:104B00008CEC93ED0E9489E7A7010F2C000C660B3B
:104B1000770B88EC93ED0E9489E71E141F044CF478
:104B200080915B8390915C83B70184559C470E9480
:104B3000FBE740915B8350915C834E0D5F1D60E00D
:104B400070E086EB93ED0E9489E70E9474E81E14E2
:104B50001F0454F480915B8390915C83E80EF91EEE
:104B6000F0925C83E0925B8380915883882309F400
:104B70008BC080914289813049F58AEC90E40E9493
:104B80009FFB8039914010F180913E8890913F8841
:104B9000892BE1F48091993C811118C08091578351
:104BA000811114C08091C58B9091C68B019671F0D4
:104BB0001092B4851092B58582E090E090933F8882
:104BC00080933E888AEC90E40E9494FB8091588305
:104BD000813009F059C08091C58B9091C68B0196A8
:104BE00009F059C080913E8890913F88892B09F443
:104BF0003AC180915783811136C18CEB9EE30E94AC
:104C00009FFB893C910508F43FC04091BE3E509106
:104C1000BF3E6091C03E7091C13E8091C23E909176
:104C2000C33E0E9431E29093C68B8093C58B019660
:104C3000A1F481E00E94A3E4882321F08EE893EDA3
:104C40000E9454FC8FEF9FEF9093C68B8093C58B8F
:104C50008CEB9EE30E9494FB9FC181E00E94A3E441
:104C6000882371F00E944AFC4091C58B5091C68BFD
:104C7000052E000C660B770B80E693ED0E9489E70A
:104C80008AEB9EE30E9494FB8091C58B9091C68B2A
:104C9000019609F4E8C080913E8890913F88892B65
:104CA00009F4E1C08091993C81111EC0E0903E88DA
:104CB000F0903F8821E0E21624E0F20618F0E12CA3
:104CC00094E0F92E20E044EB55E8B7018091C58BC4
:104CD0009091C68B0E9460E08C0184E00E94A3E466
:104CE000882309F445C008C08CEB9EE30E949FFB1B
:104CF00087399105D8F6B7C00E944AFCA70160E049
:104D000070E08BE493ED0E9489E7B70184EB95E8AE
:104D10000E94FBE7A801012E000C660B770B8FE3C6
:104D200093ED0E9489E7101611067CF440913E88AD
:104D300050913F880417150740F4401B510B60E069
:104D400070E085E393ED0E9489E740919E3C50918D
:104D50009F3C60E070E08AE293ED0E9489E7409119
:104D60009E3C50E060E070E082E293ED0E9489E7B3
:104D7000101611060CF457C08091993C8F5F8093F8
:104D8000993C8A3008F44CC080915783882351F1B4
:104D900081E00E94A3E4882321F08AED92ED0E9435
:104DA00054FC8091C58B9091C68B0E9445D98FEFA2
:104DB0009FEF9093C68B8093C58B1092588310926F
:104DC000C03E1092C13E1092C23E1092C33E10925D
:104DD000578310923F8810923E8810925C83109205
:104DE0005B831EC081E00E94A3E4882321F088E851
:104DF00092ED0E9454FC6091418981E090E00E9414
:104E0000A39B62E00F94EC0A8091C58B9091C68BB6
:104E10000E9445D98FEF9FEF9093C68B8093C58BEF
:104E20008CEB9EE31EC0E0903E88F0903F880E150C
:104E30001F0578F4E01AF10AB8016C547A47A7010B
:104E400084EB95E80F94C44AF0923F88E0923E8844
:104E500004C010923F8810923E881092993C8AEBD1
:104E60009EE30E9494FB0E94ADFB8823D9F08091C1
:104E7000428982508330B0F42091C58B3091C68B2B
:104E800082E398E0289FF001299FF00D389FF00DF4
:104E90001124EA51F64B8081803121F48EE190E0BB
:104EA000978B868B80915883882399F18091C58B4D
:104EB0009091C68B019669F589E593E80E949FFB66
:104EC000883B9B4030F181E00E94A3E4882321F0DD
:104ED0008EE492ED0E9454FC6091418982E090E062
:104EE0000E94A39B62E00F94EC0A109258831092E8
:104EF00057831092C03E1092C13E1092C23E109253
:104F0000C33E10923F8810923E8810925C831092AC
:104F10005B838091C43E9091C53E8F3FEFEF9E072B
:104F2000D9F10E9433D9811115C082E00E94A3E417
:104F3000882321F088E192ED0E9454FC8091C43EC8
:104F40009091C53E0E9445D98FEF9FEF9093C53E4B
:104F50008093C43E8091C43E9091C53E0196E1F09D
:104F600088EB9EE30E949FFB8C329140A8F082E088
:104F70000E94A3E4882321F081EF91ED0E9454FC6C
:104F80008091C43E9091C53E0E9445D98FEF9FEF1E
:104F90009093C53E8093C43E8091B3858B3091F54C
:104FA00060915B8370915C836530710558F124E0FA
:104FB00030E04CEE51ED8CEA93E80F949E4A892B39
:104FC00009F182E00E94A3E4882391F00E944AFC48
:104FD00086E59EED0E9472E760915B8370915C8331
:104FE0008CEA93E80E94FBE783E59EED0E9472E75E
:104FF00010925C8310925B8381E08093578380E200
:105000000F94910B80915883811110C08091B385CA
:10501000843041F095EF980F943020F08353833023
:1050200008F0B5C180E00F94D80FB1C180914289DA
:10503000823081F030F4882369F0813009F49EC019
:105040009FC1833009F499C1843009F099C10E944D
:10505000F28B9DC180915B8390915C83892B11F0D1
:105060000F94491081E498E80E94A592082F10E05F
:105070000115110541F088EC9EE30E947BFB053190
:1050800011059CF407C088E793E80E9452928111B1
:105090007EC1F1CF012B09F47AC18EEC90E40E941D
:1050A0009FFB8035910508F472C110E000E485E2B1
:1050B000F82E2FC080913E8890913F88833F914089
:1050C00070F581E498E80E9494926DE378E80E947C
:1050D000CB8E20913E8830913F88F901EC54FA47FD
:1050E000873019F5F082F901EC54FA478081882362
:1050F00081F02F5F3F4F30933F8820933E8880910F
:105100009E3C90919F3C019690939F3C80939E3C47
:105110001F5F81E498E80E945292882359F280919F
:10512000567F833009F024C106C0873111F4008313
:10513000DACF8083D8CF112309F41AC10E944AFC28
:1051400040919E3C80919B3C481B50E060E070E0A9
:1051500082EE91ED0E9489E7412F50E060E070E01F
:105160008EED91ED0E9489E740919E3C50E060E019
:1051700070E088ED91ED0E9489E7FAC080915B8331
:1051800090915C83892B11F00F94491081E498E889
:105190000E94A592082F10E00115110541F088EC3E
:1051A0009EE30E947BFB0531110594F407C088E75C
:1051B00093E80E945292882391F397C0012B09F43F
:1051C00094C08EEC90E40E949FFB8035910548F0DE
:1051D00080913E8890913F88823F914008F085C041
:1051E00007C090919E3C80919B3C98137EC0F0CF6D
:1051F00081E498E80E94A592082F10E080913E88F3
:1052000090913F8823EF31E0281B390B2333310580
:1052100010F022E330E02017310708F48901809173
:10522000567F833001F50E944AFC40919E3C80915C
:105230009B3C481B50E060E070E089E69FEC0E94D8
:1052400089E7A80160E070E085E69FEC0E9489E7AD
:1052500080919E3CA801480F511D60E070E08FE5F1
:105260009FEC0E9489E780913E8890913F88FC01E5
:10527000EC54FA4722E02083029690933F88809373
:105280003E88018380919E3C90919F3C800F911FAE
:1052900090939F3C80939E3C0115110519F181E488
:1052A00098E80E949492F82E80913E8890913F88D1
:1052B0009C012F5F3F4F30933F8820933E88FC0135
:1052C000EC54FA47F08285E10E94A3E4882339F088
:1052D0006AE27FE78F2D0E94CB8E0E945EE701502D
:1052E0001109DACF81E080939A3C8091B3858E30AA
:1052F00019F0843009F04BC080919A3C882329F042
:1053000080915783882349F042C08AEC90E40E9440
:105310009FFB8F359140A0F73AC08091993C811155
:1053200036C080913E8890913F88823FF1E09F0790
:1053300070F52091C58B3091C68B2F3F3F4F39F1CF
:105340008C010C541A4726E0F801208321E02183C8
:10535000039690933F8880933E88F0909C3C88E72A
:1053600093E80E94A592F81AF801F28210929A3CF2
:105370008AEC90E40E9494FB0AC00E946B8907C0EB
:105380008BE39EED0E9454FC82E0809342898091E1
:10539000B385823021F588E793E80E94529281110B
:1053A0001EC082E00E94A3E4882321F080E09EEDED
:1053B0000E9454FC8091923C882339F083EA0E9439
:1053C000389181E080932C8807C085EA0E9438914B
:1053D00086EC9EE30E9494FB84E00F94910B8091F5
:1053E000B3858C3009F04BC08091973C0E9480FDC2
:1053F000882329F183EA0E9438918DE00F94910B64
:1054000082E00E94A3E48823A9F00E944AFC409114
:10541000973C50E060E070E08EEE9DED0E9489E7E1
:1054200040911445469550E060E070E08BED9DEDB5
:105430000E9489E78CE99BE30E948FD220C081E023
:105440000E94A3E4882359F00E944AFC4091973CB3
:1054500050E060E070E08BEB9DED0E9489E7609189
:1054600041898FE090E00E94A39B61E00F94EC0AD9
:1054700087EB9DED0E94FDFC80E20F94910B8091E3
:10548000B385893209F0C2C009EC1BE3F6E4EF2EC4
:10549000F9E8FF2EAEE0DA2EB0E2CB2E81E498E8F8
:1054A0000E9452928111B2C081E498E80E949492C5
:1054B0006DE378E80E94CB8EF80101900020E9F7B7
:1054C00031979F01295C3B43B22E8D3019F08A3011
:1054D00009F071C0BB2011F38DE99DED0E9454FCD1
:1054E00089EC9BE30E9441E74B2D50E060E070E0C7
:1054F00080E99DED0E9489E76DE87DED86E499E8FD
:105500000F94094AF2E0FB1568F06091418983E14C
:1055100090E00E94A39BBC0186E499E80F94094A9D
:1055200082E146C082E89DED0F949C15882349F1E5
:105530008AE0898389E28A8348E250E069EC7BE370
:10554000CE0104960F94584B81E08B8320E0AE018E
:105550004F5F5F4F6BE270E080917C3B90917D3BB1
:105560000E9460E08AE20F94910B6091418982E190
:1055700090E00E94A39BBC0186E499E80F94094A3D
:1055800045C06091418983E090E00E94A39BBC01EB
:1055900086E499E80F94094A6091418985E190E099
:1055A0000E94A39BBC0186E499E80F94094A8BE210
:1055B0000F94910B2BC0873171F4F70101900020FB
:1055C000E9F73197E654F948FF27EA5BF647D082BE
:1055D000C182128263CF803208F460CF833209F433
:1055E0005DCF46E2421708F459CF803219F42223E6
:1055F00009F454CFF901FF27E753F44C80832F5F60
:10560000E22FF0E0E753F44C108248CF8091B3854D
:105610008B52823008F0A4C006E419E87E0195E0C0
:10562000E90EF11C75E7C72E7DEDD72EEFE6AE2E05
:10563000EDEDBE2E80914689811192C0BE016F5F53
:105640007F4F8DEB9BE30E9430EF81111EC0809154
:10565000B385609141898B3259F488E190E00E94D2
:10566000A39BBC0186E499E80F94284A89E20AC00A
:1056700087E190E00E94A39BBC0186E499E80F9427
:10568000284A82E10F94910B6BC0BE016F5F7F4F80
:1056900089EC9BE30E94FBF1882361F28FA58823AC
:1056A00049F28CE20F94910BF80101900020E9F788
:1056B000FF92EF922C812F932B812F932A812F938E
:1056C00029812F93DF92CF92CF0101979F938F93E0
:1056D0000F940D4C0FB6F894DEBF0FBECDBF8FA553
:1056E000853028F4833050F5813098F109C0853039
:1056F00039F0863071F56091418982E790E022C0EF
:105700006F962FAD6F972223A1F0F8010190002032
:10571000E9F71F922F93BF92AF92CF0101979F930A
:105720008F930F940D4C0F900F900F900F900F9040
:105730000F906091418981E790E004C060914189B8
:1057400080E790E00E94A39BBC0186E499E80F9457
:10575000094A6CE67DED86E499E80F94094A6ACF20
:105760008091B385823089F48091F43B811112C01D
:105770008091593C853070F082EF9BE30E949FFB43
:10578000883C910510F00F94D2158091B38582303A
:1057900009F042C082EF9BE30E949FFB843F91404F
:1057A000E0F08091F13B8823C1F080915883811112
:1057B00014C08091233C882381F01092F13B60E07B
:1057C00085EF9BE30F941616823039F48EE493E252
:1057D0000F94B90E81E00F94D80F8091B385823079
:1057E000D9F482EF9BE30E949FFB8C3D9540A0F093
:1057F00080915883811110C081E00E94A3E4882326
:1058000021F084E49DED0E9454FC82E593E20F9424
:10581000B90E81E00F94D80F8091B385833199F44C
:105820008CEC90E40E949FFB8D32914060F081E00F
:105830000E94A3E4882321F084E19DED0E9454FCA2
:1058400080E20F94910B8091B3858D30B9F48CEC8C
:1058500090E40E949FFB893B9B4080F081E00E9486
:10586000A3E4882321F082EE9CED0E9454FC81E0A9
:105870000F94D80F8EED9CED0E94FDFC0E94ADFBB5
:105880008823B9F088EC9EE30E9486FBCD9788F0D0
:1058900081E00E94A3E4882321F087EB9CED0E9425
:1058A00054FC81E00F94D80F0E9456FE80E20F94C2
:1058B000910B8091B285882309F4B3C09091B38590
:1058C000923109F494C09F3109F480C09111A7C0AE
:1058D000813011F48FE17DC08091943C811103C02F
:1058E00081E08093943C6091418989E190E00E943D
:1058F000A39BBC0186E499E80F94284A06E419E8C2
:10590000F80101900020E9F7AF0141505109609181
:105910001D2270911E2280911F22909120220E94B0
:105920001CBC64EB7CEDC8010F94094ACE010196C2
:105930000E948FD2609141898AE190E00E94A39BEE
:10594000F80101900020E9F79F938F93CF01019711
:105950009F938F930F940D4C6A815B814C81888556
:1059600099853F812E81F80101900020E9F71F926F
:105970006F931F925F931F924F939F938F931F92EA
:105980003F931F922F9382E99CED9F938F938F01FA
:10599000015011091F930F930F940D4C0FB6F894FB
:1059A000DEBF0FBECDBF06E419E8F801019000206C
:1059B000E9F73197E654F948E93CF14080F56DE5A7
:1059C0007CED86E499E80F94094AEFCF813021F409
:1059D00080E20F94910B23C081E00E9451CD0E9480
:1059E0002AF381E00E945ACD0E946CE418C082E044
:1059F0000E94A3E4882321F08EE29CED0E9454FCD7
:105A00000E9454FF83E10F94910B109246891092EB
:105A1000CE3E1092CD3E88E793E80E944E921092BF
:105A2000B2858091B385811166C006E419E8809142
:105A30004689811160C080917588882309F45BC014
:105A40009091583B80913D89891708F44EC0809110
:105A50005D8380933988609141898BE190E00E9459
:105A6000A39BBC01C8010F94284AF80101900020B3
:105A7000E9F7BF0161507109809115450F945220DB
:105A80006BE27CEDC8010F94094AF80101900020F7
:105A9000E9F744E45BE84E1B5F0B65E778E8C80173
:105AA0000F943A4B1092408B66E27CEDC8010F9444
:105AB000094A82E00E94A3E48823B9F08091567FCE
:105AC000843098F486E19CED0E9454FCF80101902A
:105AD0000020E9F73197BF0166547948C8010E9458
:105AE000FBE783E19CED0E9472E7109275881092AB
:105AF000583B10925D838091B38581112EC08091B7
:105B00004689882351F182E00E94A3E48823A9F00A
:105B100081E09CED0E9454FCE6E4F9E8019000204D
:105B2000E9F73197BF016654794886E499E80E9405
:105B3000FBE78EEF9BED0E9472E761E08091398870
:105B40000F948319882331F089E10F94910B1092FF
:105B5000398803C080E20F94910B0F94F117809164
:105B6000B385863109F054C081E498E80E945292CE
:105B700081110FC081E498E80E9494926DE378E867
:105B80000E94CB8E0E9434FD88EC9EE30E947BFB3A
:105B9000EBCF8091468981113BC08091CE3E81112F
:105BA00037C080914589811133C088E793E80E940E
:105BB0005292882369F181E498E80E9452928823E6
:105BC00039F18091C58B9091C68B019631F080910F
:105BD0005B8390915C83892BD9F48AEC9EE30E94CD
:105BE0009FFB883B9B4050F082E00E94A3E4882307
:105BF00061F085ED9BED0E9454FC07C088EC9EE3AC
:105C00000E9486FB4E9780F703C081E00F94D80F67
:105C10008091B385823101F580914689811140C020
:105C20008091CE3E81113CC080914589811138C060
:105C300088E793E80E945292882371F082E00E94E4
:105C4000A3E4882321F08CEA9BED0E9454FC0E947F
:105C500054FF83E10F94910B8091B385803201F55D
:105C60008091C58B9091C68B0196D1F48091588319
:105C7000811116C082E00E94A3E4882341F00E94B3
:105C80006FE88DE69BED0E9454FC0E9474E8109230
:105C9000144580E00F94910B89E59BE30F94070373
:105CA0008091B23E9091B33E8F3F3FEF930709F44E
:105CB00092C00E94BEE18C01181619060CF08BC030
:105CC000E12C62E0F62E8091AC3C9091AD3CF70166
:105CD000E81BF90B0E171F0740F181E00E94A3E4B7
:105CE0008823B9F00E944AFCA801110F660B770BBC
:105CF00080EF9EEC0E9489E78091AC3C9091AD3C96
:105D0000A701481B590B60E070E08DED9EEC0E94EE
:105D100089E78091AC3C9091AD3C00E012E0081B1B
:105D2000190B101611060CF056C04091AC3C509166
:105D3000AD3C4255534CB8018091B23E9091B33E78
:105D40000E9409E17C0185E00E94A3E4882301F11F
:105D50000E944AFCA801110F660B770B82EC9EECA7
:105D60000E9489E7A7010F2C000C660B770B8EEBC6
:105D70009EEC0E9489E71E141F04A4F48091AC3CA1
:105D80009091AD3CB7018255934C0E94FBE70AC04D
:105D900084E00E94A3E4882389F08091AE3C8111C5
:105DA000D7CF0CC04091AC3C5091AD3C4E0D5F1D27
:105DB00060E070E08CEA9EEC0E9489E71E141F04EC
:105DC00054F48091AC3C9091AD3CE80EF91EF092F9
:105DD000AD3CE092AC3C0091AC3C1091AD3C011567
:105DE000110509F4FDC08091AE3C843009F49CC0DB
:105DF00038F4882309F486C0833009F497C0B8C00A
:105E0000823819F0833869F1B3C08091B43E813093
:105E100019F482E08093B43E86EA9CE30E9494FBEE
:105E20000230110530F00091AF3C10E00E5F1F4FC3
:105E300002C001E010E01092B03B8091A23C8823A8
:105E400059F06091418984E090E00E94A39B61E059
:105E50000F94EC0A1092A23C83EA9CE30E947BFB25
:105E6000A3C08091588381112DC08091B385811189
:105E700029C082E00E94A3E4882321F08BE69EECF7
:105E80000E9454FC84E88093AE3C1092AF3C82E0C8
:105E900090E09093AD3C8093AC3C0E94DCFD8091FF
:105EA000B23E9091B33E9093C68B8093C58B8FEF9B
:105EB0009FEF9093B33E8093B23E1092B43E0F9406
:105EC000A30F71C282E00E94A3E4882321F08AE23A
:105ED0009EEC0E9454FC84E08093AE3C83E080936F
:105EE000AF3C8FE68093B03C83E68093B13C8093D7
:105EF000B23C85E090E09093AD3C8093AC3C00E0F8
:105F000010E052C086EA9CE30E9494FB83EA9CE383
:105F10000E947BFB0230110508F444C00091AF3CA5
:105F200010E00E5F1F4F40C00F947C0B82E00E9478
:105F3000A3E4882321F08FEF9DEC0E9454FC009194
:105F4000AC3C1091AD3C8091B23E9091B33E0E942A
:105F500045D98FEF9FEF9093B33E8093B23E8AEA8C
:105F60009CE30E9494FB1092B43E0E94BCFC1CC0B7
:105F700081E00E94A3E4882381F08FEC9DEC0E94D5
:105F800054FC6091AC3C7091AD3C8EEA9CE30E9465
:105F9000FBE789EB9DEC0E9472E70091AC3C10910D
:105FA000AD3C02C001E010E04091AC3C5091AD3CF2
:105FB0000417150728F01092AD3C1092AC3C10C0AD
:105FC000101611066CF4401B510B5093AD3C4093DE
:105FD000AC3CB8016255734C8EEA9CE30F94C44A02
:105FE0008091B23E9091B33E8F3FFFEF9F0741F10A
:105FF0000E9433D9811124C082E00E94A3E4882347
:1060000079F08091B43E843029F48AE89DEC0E94B6
:1060100054FC06C087E59DEC0E9454FC0E94BCFC29
:106020008FEF9FEF9093B33E8093B23E1092B43EB9
:106030008AEA9CE30E9494FB1092AD3C1092AC3C27
:106040008091B43E823059F486EA9CE30E949FFB23
:106050008C3A9D4068F083E08093B43E10C081305C
:1060600039F486EA9CE30E949FFB843C994098F7B0
:106070008091AC3C9091AD3C892B09F094C19091FA
:10608000B3858091B43E911107C09091B53E99239C
:1060900019F0833009F06AC08B7F09F453C082E0A5
:1060A0000E94A3E4882321F08DE39DEC0E9454FC20
:1060B0008091B385882321F09091B53E91110FC056
:1060C00083E08093AE3C82E08093AF3C8EE6809389
:1060D000B03C83E68093B13C84E090E01EC08F31F9
:1060E00069F483E08093AE3C8093AF3C81E680937B
:1060F000B03C82E68093B13C83E70BC083E08093A1
:10610000AE3C8093AF3C8FE68093B03C83E68093B7
:10611000B13C8093B23C85E090E09093AD3C80939D
:10612000AC3C84E08093B43E8AEA9CE30E9494FBFA
:1061300086EA9CE30E9494FB8CE291E09093A93C58
:106140008093A83C8091B43E81110CC08AEA9CE304
:106150000E9494FB86EA9CE30E9494FB83EA9CE302
:106160000E947BFB8091B3858111E3C08091B53E95
:10617000882309F4DEC08091B43E8111DAC08AEA36
:106180009CE30E949FFB2091A83C3091A93C821780
:10619000930708F4E9C08091A23C811112C083EA00
:1061A0009CE30E9486FBCC9760F06091418983E07C
:1061B00090E00E94A39B61E00F94EC0A81E0809341
:1061C000A23C8091A53C18E2189FC0011124835B7A
:1061D00094470E94B0BB611571058105910549F492
:1061E0008091A53C189FC0011124835B94470E94B5
:1061F00096B86F3F4FEF74078407940701F581E06D
:106200000E94A3E4882391F083E29DEC0E9454FC59
:106210008091A53CE8E28E9FC0011124835B9447E6
:106220000E9441E786E19DEC0E9472E78FEF9FEFAD
:106230009093B33E8093B23E0E94BCFCB0C04091AC
:10624000A03C5091A13C0E9431E28C019093B33E5E
:106250008093B23E8AEA9CE30E9494FB0F3F1F4F5B
:1062600001F581E00E94A3E4882391F085E09DEC94
:106270000E9454FC8091A53C28E2829FC001112419
:10628000835B94470E9441E784EE9CEC0E9472E796
:106290008FEF9FEF9093B33E8093B23E0E94BCFC81
:1062A00082C082E00E94A3E4882391F085ED9CECFB
:1062B0000E9454FC8091A53C38E2839FC0011124C8
:1062C000835B94470E9441E78CEB9CEC0E9472E751
:1062D00081E88093AE3C86E08093AF3C8091B93BEF
:1062E0009091BA3BA091BB3BB091BC3B8093B03C3A
:1062F0009093B13CA093B23CB093B33C8091B73B38
:106300009091B83B9093B53C8093B43C88E090E08A
:106310009093AD3C8093AC3C81E08093B43E86EAA0
:106320009CE30E9494FB8CE291E09093A93C8093C3
:10633000A83C8091B43E8230B9F48091AC3C9091FD
:10634000AD3C892B89F48AEA9CE30E949FFB8C3D3B
:10635000954050F01092AE3C1092AF3C82E090E03D
:106360009093AD3C8093AC3C0E94DCFD8091B43EA8
:106370008430C9F48AEA9CE30E949FFB8D329140ED
:1063800090F08091B23E9091B33E0E9445D98FEF3C
:106390009FEF9093B33E8093B23E1092B43E8AEA50
:1063A0009CE30E9494FB8091763B882309F482C28F
:1063B0004091B93B5091BA3B6091BB3B7091BC3B63
:1063C000403157426105710508F474C2813009F00B
:1063D0006EC08091B385882319F08F3109F067C0B2
:1063E000C0907C3BD0907D3B2FEFC216D20609F0C7
:1063F0005EC088E59BED0F949C1581110EC08FE067
:1064000090E00F94AF0A2AE530E0281B390B309357
:10641000783B2093773B85E044C081E0898388E026
:106420008A838091B93B9091BA3BA091BB3BB091DC
:10643000BC3B8B839C83AD83BE838091B73B9091A3
:10644000B83B98878F838091B53B9091B63B9A87F4
:10645000898720E0AE014F5F5F4F6AE070E0809176
:106460007C3B90917D3B0E9460E07C010A8110E0C2
:106470000E5F1F4F8017910779F080917C3B9091C0
:106480007D3B0E9445D9D0927D3BC0927C3B809160
:106490007B3B90E00F947914E016F10609F0AFCF42
:1064A00082E08093763B89E79BE30E947BFB8091AF
:1064B000683B8111F9C080916E3B90916F3B0196D2
:1064C00009F0ACC18091723B9091733B892B09F428
:1064D000A5C18091763B8350823020F084E79BE316
:1064E0000E9494FB8091B385882331F08F3121F095
:1064F00084E79BE30E9494FB8091C58B9091C68BAF
:10650000019651F480917C3B90917D3B019621F462
:1065100080917588882321F084E79BE30E9494FB97
:1065200084E79BE30E949FFB2091703B3091713B7D
:106530002817390708F072C1C090B13BD090B23B28
:10654000E090B33BF090B43BC114D104E104F104FA
:1065500021F483E08093683BA7C08091493B9091F0
:106560004A3BA0914B3BB0914C3B2091513B309129
:10657000523B8227932790936D3B80936C3B892BF2
:1065800031F481E090E090936D3B80936C3B1092EE
:106590006B3B10926A3B89E59BE30F94FE024091AE
:1065A000B53B5091B63BC701B6010E9431E29093D2
:1065B0006F3B80936E3B8F3FFFEF9F07A9F481E015
:1065C0000E94A3E4882321F08BE29BED0E9454FCFF
:1065D0008FEF9FEF90936F3B80936E3B8091693B71
:1065E0008F5F8093693B46C028E0298322E02A839D
:1065F00020916C3B30916D3B3B832C8321E02093B9
:10660000683B20E0AE014F5F5F4F64E070E00E94A6
:1066100060E00497F1F483E00E94A3E4882361F131
:106620008091567F853010F40E9467E80E946FE8E1
:106630000E944AFC40916E3B50916F3B052E000C2E
:10664000660B770B8BEF9AED0E9489E70E9474E846
:1066500013C081E00E94A3E4882321F083ED9AED2A
:106660000E9454FC8091693B8F5F8093693B82E07C
:106670008093683B10925B3B84E79BE30E9494FB12
:106680008091723B9091733B24E6289F8001299F63
:10669000100D112487E090E00F94AF0A081B190B2E
:1066A0001093713B0093703B8091683B813009F0FF
:1066B000B5C080916A3B90916B3B009709F45CC038
:1066C00020916C3B30916D3B82179307A9F583E0D5
:1066D0000E94A3E4882371F00E946FE887EA9AED94
:1066E0000E9454FC0E9474E88091567F853010F41B
:1066F0000E947CE81092693B8091723B9091733BC1
:1067000024E6289F8001299F100D11248FE390E03B
:106710000F94AF0A081B190B1093713B0093703B49
:106720008091763B843001F581E89AED0E9454FC1B
:1067300083E08093763B18C081E00E94A3E4882325
:1067400021F087E59AED0E9454FC8091693B8F5FB0
:106750008093693B87E390E00F94AF0A8C509E4F83
:106760009093713B8093703B84E79BE30E9494FB82
:1067700082E08093683B52C08091B385882331F1D9
:106780008F3121F18B3011F181E00E94A3E4882345
:1067900021F085E29AED0E9454FC84E79BE30E947D
:1067A00094FB8091723B9091733B24E6289F80017B
:1067B000299F100D11248FE390E00F94AF0A081B5E
:1067C000190B1093713B0093703B23C084E79BE34C
:1067D0000E949FFB853F9140B8F181E00E94A3E4B5
:1067E000882321F08FEF99ED0E9454FC8091693B42
:1067F0008F5F8093693B84E79BE30E9494FB87E370
:1068000090E00F94AF0A88519C4F9093713B809316
:10681000703B82E08093683B10925B3B8091683BC9
:10682000823091F480916E3B90916F3B0E9445D9EC
:106830008FEF9FEF90936F3B80936E3B1092683B7E
:1068400084E79BE30E9494FB8091683B811120C008
:106850009091693B9330E0F08091763B833021F456
:1068600091E09093763B12C0983090F0843081F4A0
:106870001092733B1092723B609141898CE190E0E1
:106880000E94A39B61E00F94EC0A83E08093683B35
:1068900089E79BE30E9486FB2091773B3091783B10
:1068A0008217930738F08091763B823019F081E0AF
:1068B0008093763B80916E3B90916F3B8F3F3FEF93
:1068C000930799F10E9433D981112FC081E00E9472
:1068D000A3E4882321F08CEC99ED0E9454FC809174
:1068E0006E3B90916F3B0E9445D98FEF9FEF909345
:1068F0006F3B80936E3B1092683B84E79BE30E9462
:1069000094FB8091723B9091733B24E6289F800119
:10691000299F100D112487E090E00F94AF0A800F9B
:10692000911F9093713B8093703B80917C3B909141
:106930007D3B8F3F4FEF940709F4B6C20E94BEE142
:106940008C0180917C3B90917D3B0736110520F1B5
:1069500044E95AE366E670E00E9409E17C0181E0C7
:106960000E94A3E4882309F46CC20E944AFCA80197
:10697000110F660B770B8DE899ED0E9489E71E14C5
:106980001F042CF4B70184E99AE30E94FBE789E62F
:1069900099ED0E9472E755C20115110509F45DC217
:1069A00044E95AE3B8010E9409E17C0184E00E94B5
:1069B000A3E48823F9F00E944AFCA801110F660B9A
:1069C000770B89E499ED0E9489E7A7010F2C000C51
:1069D000660B770B85E499ED0E9489E71E141F046E
:1069E0002CF4B70184E99AE30E94FBE782E499ED75
:1069F0000E9472E78091943A853051F130F48230F0
:106A000009F441C1843041F0FAC1893009F49CC1D4
:106A10008F3F09F4A3C1F3C182E00E94A3E488235D
:106A200021F086E199ED0E9454FC8091933C8823EB
:106A300049F0609141898EE190E00E94A39B64E05F
:106A40000F94EC0A8091B3858A3209F0FAC1ACC187
:106A500082E00E94A3E4882391F08AEE98ED0E94E0
:106A600054FC6091ED3A7091EE3A8091EF3A90913A
:106A7000F03A0E94C1E787EE98ED0E9472E780919C
:106A8000B385823009F0CAC08091233C882309F184
:106A90000091F53B1091F63B2091F73B3091F83B8C
:106AA0004091963A5091973A6091983A7091993AFC
:106AB000041715072607370719F08EEA98ED06C068
:106AC0009091213C90FF05C087E798ED0E9454FC0F
:106AD000B4C1C090F63AD090F73AE090F83AF0900E
:106AE000F93A8090553C9090563CA090573CB0901D
:106AF000583C8C149D04AE04BF0410F0811162C098
:106B00008091963A9091973AA091983AB091993A9B
:106B10008093F53B9093F63BA093F73BB093F83B03
:106B20008091F93B811108C048E250E06AE97AE3BC
:106B300089EF9BE30F94584B8091C23A9091C33AEE
:106B40009093223C8093213C8091C43A8093233CD3
:106B500048E250E065EC7AE384E29CE30F94584B02
:106B60008091ED3A9091EE3AA091EF3AB091F03ADF
:106B700080934C3C90934D3CA0934E3CB0934F3C43
:106B80008091F13A9091F23A9093513C8093503C2D
:106B90008091F33A8093523C8C149D04AE04BF0460
:106BA00040F4C092553CD092563CE092573CF09253
:106BB000583C60E085EF9BE30E9459EE082F880F58
:106BC000110B02C000E010E080915883811141C098
:106BD0004091963A5091973A6091983A7091993ACB
:106BE00080915A3C90915B3CA0915C3CB0915D3CA3
:106BF000481759076A077B0761F561E085EF9BE35A
:106C00000F941616811106C063E080E090E00F94A7
:106C1000EC0A1FC081E00F94D80F1BC08A3209F024
:106C200010C160E086E99AE30E9459EE082F880FB0
:106C3000110B88E08093943A1092953A20E044E951
:106C40005AE362E070E080917C3B90917D3B0E9432
:106C500060E017FFF2C00E944AFC4091F53B509162
:106C6000F63B6091F73B7091F83B88E298ED0E940B
:106C700089E7609141898FE190E00E94A39B62E0E7
:106C80000F94EC0ADAC08091963A9091973AA091CD
:106C9000983AB091993A4091B13B5091B23B609192
:106CA000B33B7091B43B84179507A607B70751F41F
:106CB00082E00E94A3E4882331F18EEE97ED0E94DA
:106CC00054FC21C08093B13B9093B23BA093B33B63
:106CD000B093B43B81E00E94A3E4882391F087EC59
:106CE00097ED0E9454FC6091B13B7091B23B809152
:106CF000B33B9091B43B0E94C1E784EC97ED0E94B6
:106D000072E71092693B84E08093763B1092B03B2F
:106D100089E79BE30E947BFB8FE390E00F94AF0A2F
:106D200028E631E0281B390B3093783B2093773BE2
:106D300084E79BE30E9494FB8091683B833009F0D9
:106D40007CC01092683B79C086EA97ED0E9454FCA3
:106D50008091B3858A3209F074C03CC08DE797ED0D
:106D60000E9454FC86E99AE30E9441E78AE797ED86
:106D70000E9472E789E79BE30E947BFB8FE090E033
:106D80000F94AF0A2AE530E0281B390B3093783B8B
:106D90002093773B8091B3858A3201F566E97AE3E7
:106DA00086E499E80F94144B6091418984E190E066
:106DB0000E94A39BBC0186E499E80F94094A609164
:106DC000418985E190E00E94A39BBC0186E499E89B
:106DD0000F94094A8BE20F94910B2FC08091763B60
:106DE000823051F40F947C0B8091683B811125C057
:106DF00083E08093683B21C085E597ED67CE86E20E
:106E000097ED0E9454FC89E79BE30E947BFB8FE097
:106E100090E00F94AF0A2AE530E0281B390B30933D
:106E2000783B2093773B8091B3858A3209F4BCCFBD
:106E30008091683B8823E1F204C08091B3858A3257
:106E400061F080917C3B90917D3B0E9445D98FEF12
:106E50009FEF90937D3B80937C3B80917C3B909116
:106E60007D3B8F3FEFEF9E07F9F00E9433D98111F0
:106E700015C082E00E94A3E4882321F085EE96ED00
:106E80000E9454FC80917C3B90917D3B0E9445D9AF
:106E90008FEF9FEF90937D3B80937C3B80917C3B79
:106EA00090917D3B019601F58091763B8230E1F433
:106EB00081E00E94A3E4882321F08AE996ED0E94F4
:106EC00054FC84E08093763B89E79BE30E947BFB44
:106ED0008FE090E00F94AF0A2EE130E0281B390BD1
:106EE0003093783B2093773B8091683B882311F067
:106EF000833031F48091B385811102C00E9474887F
:106F000080E00E94CBE48091823B882341F083E8BB
:106F10009BE30E9486FB4F9710F01092823B80917A
:106F2000503B882309F470C0CE0101960E948FD295
:106F3000F12C5BE0E52E8091503BF81608F064C020
:106F4000CF2CD12CEC9C8001ED9C100D112402540F
:106F50001847F801408150E060E070E08FEB9BEC57
:106F60000E9489E7B12C4801F4018081B81630F401
:106F70008AEB9BEC0E9472E7B394F6CFF80145814F
:106F800050E060E070E08FEA9BEC0E9489E7F80136
:106F9000468150E060E070E083EA9BEC0E9489E764
:106FA000F80167817085818592850E94C1E7F801AB
:106FB00081819281A381B4814F85588969897A89B9
:106FC00084179507A607B70768F44F85588969891C
:106FD0007A89481B590B6A0B7B0B81E99BEC0E9459
:106FE00089E704C08EE89BEC0E9472E72FB7F89403
:106FF0008091503B90E00197C816D90614F010928A
:10700000503B2FBFF39497CF8091B3858111A2C0DD
:107010008091758881119EC089EB97E80E949FFB43
:10702000843F914008F496C0CE0189599F4F0E9439
:107030008FD20BEC11EE83E4682E82EE782E90E86E
:10704000C92E9BECD92E9E012F5F3F4F790124E77B
:10705000A22E2BECB22E35E7432E38E8532E46EC09
:10706000842E912CF80182859385892B09F46CC0BC
:1070700085818F9384818F93DF92CF92FF92EF92DD
:107080000F940D4CF70101900020E9F7AF0141503A
:107090005109F80160817181828193810E941CBC39
:1070A000E9968CAD9DADAEADBFADE997F70101900E
:1070B0000020E9F79F01F8014681578160857185BD
:1070C000841B950BA60BB70BBF93AF939F938F9326
:1070D00083858F9382858F93BF92AF92C901019769
:1070E0009F938F930F940D4C0FB6F894DEBF0FBE95
:1070F000CDBF8091758881112DC065E082E69BEC43
:107100000F94EC0A882331F1F20101900020E9F795
:10711000A4014E1B5F0B4A585747B70185E798E813
:107120000F943A4BF70101900020E9F73197BF0126
:107130006E197F09C7010E94FBE78FE59BEC0E9457
:1071400072E7F80113861286045F1F4F60167106FE
:1071500009F088CF0E940CF286E59BE30E9486FB33
:107160002091543B3091553B28173907A0F486E510
:107170009BE30E947BFB8AE590E09093553B8093D4
:10718000543B0E94A783882331F080EC91E29093D6
:10719000553B8093543BCE0101960E948FD2809143
:1071A000533B882309F44EC09B818091933A9817F2
:1071B00009F448C08091B3858F3111F0811142C02C
:1071C0008091683B882311F08330E1F58091C58B75
:1071D0009091C68B0196B1F580911945882391F164
:1071E0008091FA44882321F08091FA44853051F54A
:1071F0008B818093933A83E68093FE448CE6809360
:10720000FF448BE68093004588859985805D809357
:1072100001458F81809302458E81809303458C8147
:10722000809304458B81809305458D81882311F0DF
:107230008D8101C087E08093064589E08093FC44FE
:107240000E9456918AE99BE30E949FFB8D329140F8
:1072500008F029984D9B02C05C9A72C05C9870C07F
:107260000E9445D981E00E94A3E4882311F40D9483
:10727000232484E795ED0E9472E70D94232448E6C9
:1072800055ED65E070E0C8010E9460E08091B38533
:107290008B3011F40D9450246091418980E090E08E
:1072A0000E94A39B64E00F94EC0A882311F40D94D0
:1072B000392425E7E22E28E8F22EF701019000207C
:1072C000E9F73197E557F848E83AF10510F00D94E1
:1072D000392465E675EDC7010F94094AD7010D9071
:1072E0000020E9F782E398E0089FF001099FF00D84
:1072F000189FF00D1124EA51F64B66817781808545
:107300009185AD01415051090E941CBCF7010190CB
:107310000020E9F72091B3851F922F932BE535EDDF
:107320003F932F93CF0101979F938F930F940D4C11
:107330000F900F900F900F900F900F900D94392495
:10734000C658DF4F0FB6F894DEBF0FBECDBFDF913A
:10735000CF911F910F91FF90EF90DF90CF90BF9052
:10736000AF909F908F907F906F905F904F90089517
:10737000AF92BF92CF92DF92EF92FF920F931F9343
:10738000CF93DF93CDB7DEB72A970FB6F894DEBF61
:107390000FBECDBF66E77AE30F94301B0E94CFC9C2
:1073A0006091763A87E590E00E94A39B9F938F932C
:1073B0000F94E64B0F900F90FF24F394CE010196AB
:1073C0005C0181E0F81204C099E0C92ED12C03C001
:1073D00083E6C82ED12CE12C8E2D90E0C816D9065C
:1073E00064F16F2D8E2D0E94FD91182FB5010F9421
:1073F000522080911545181304C000910E4510E0ED
:1074000006C0812F0E946B918C0197FD14C0609182
:10741000763A88E590E00E94A39B1F930F93BF925A
:10742000AF929F938F930F94E64B0F900F900F9016
:107430000F900F900F90E394CFCFF39493E0F91255
:10744000C0CF6091763A89E590E00E94A39B9F931C
:107450008F930F94E64B0E94D8C90F900F902A96F5
:107460000FB6F894DEBF0FBECDBFDF91CF911F9155
:107470000F91FF90EF90DF90CF90BF90AF90089565
:107480001F93CF93DF9300D000D0CDB7DEB790919C
:1074900041899817E1F0182F4AE0BE016F5F7F4FD6
:1074A00090E00F94724BBE016F5F7F4F8FE498EEB8
:1074B0000E9419A410934189612F8CE790E00E94EB
:1074C000A39B9F938F930F94E64B0F900F9026965C
:1074D0000FB6F894DEBF0FBECDBFDF91CF911F91E5
:1074E00008952F923F924F925F926F927F928F9268
:1074F0009F92AF92BF92CF92DF92EF92FF920F9343
:107500001F93CF93DF93CDB7DEB7AF970FB6F89445
:10751000DEBF0FBECDBF3C016AE77AE30F94301B9C
:1075200041E060917A3AC3010F943C1A882309F430
:107530009AC360917A3A80E390E00E94A39B9BA754
:107540008AA760917A3A81E390E00E94A39B9DA76D
:107550008CA760917A3A82E390E00E94A39B9FA758
:107560008EA70E94CFC9F301EA5FFF4E808191810F
:10757000892B09F087C085EB9CEB0E945680BE01E9
:107580006F5F7F4F809115450F94522060917A3A3A
:107590008CE290E00E94A39B9E012F5F3F4F42E050
:1075A00050E068E078EE0E94C1801091953C6091B7
:1075B0007A3A8DE290E00E94A39B412F6EEF77EE26
:1075C0000E94E280BE016F5F7F4F8091963C0F94D6
:1075D000522060917A3A8EE290E00E94A39B9E0135
:1075E0002F5F3F4F42E050E065E178EE0E94C1809E
:1075F0000091943C60917A3A8FE290E00E94A39BC4
:107600009E01265D3F4F43E068EE77EE0E940181C8
:10761000BE016F5F7F4F8BED97EE0E9472A360916A
:107620007A3A83E390E00E94A39B9E012F5F3F4F35
:107630004FE150E06BED77EE0E94C18060917A3AA5
:1076400084E390E00E94A39B2FE53CE348E250E0F6
:1076500063ED77EE0E94C1801091923C60917A3A7E
:1076600085E390E00E94A39B412F6CEC77EE0E9493
:10767000E28060917A3A8EE590E00E94A39B0E949E
:107680008281EFC260917A3A8AE590E00E94A39BE2
:107690009F938F930F94E64B84E99CEB9F938F937A
:1076A0000F94E64B60917A3A8BE590E00E94A39BA1
:1076B0009F938F930F94E64B8FE89CEB9F938F9350
:1076C0000F94E64B68E078EEC3010E9408C80FB63D
:1076D000F894DEBF0FBECDBF892B09F484C068E0EB
:1076E00078EEC3010E94D4C78D5E974FFC01EE0F68
:1076F000FF1FE60DF71D6081718142E050E08E01B1
:107700000F5F1F4FC8010F94584B1B82F801019067
:107710000020E9F731977F01E01AF10AC8010F94C0
:10772000B0496E2D0E94FD91F82E8AE89CEB9F9344
:107730008F930F94E64B60917A3A8CE290E00E942E
:10774000A39B9F938F930F94E64B0F900F900F90F6
:107750000F9080911545F8120FC060917A3A8CE530
:1077600090E00E94A39B9F938F930F94E64B1F93EF
:107770000F9385E89CEB20C08091B385811127C0D1
:107780008F2D0E949391882311F1B8018F2D0F94B2
:107790005220B80188E098EE0E9419A460917A3ACC
:1077A0008DE590E00E94A39B9F938F930F94E64BEF
:1077B0001F930F9380E89CEB9F938F930F94E64B5E
:1077C0000F900F900F900F900F900F900CC0609142
:1077D0007A3A89E490E00E94A39B9F938F930F9441
:1077E000E64B0F900F9065E178EEC3010E9408C848
:1077F000892B09F470C065E178EEC3010E94D4C7FB
:107800008D5E974FFC01EE0FFF1FE60DF71D6081A7
:10781000718142E050E08E010F5F1F4FC8010F944D
:10782000584B1B82F80101900020E9F731977F0146
:10783000E01AF10AC8010F94B0496E2D0E94FD9123
:10784000F82E8BE79CEB9F938F930F94E64B609100
:107850007A3A8EE290E00E94A39B9F938F930F94BD
:10786000E64B0F900F900F900F908091963CF8127E
:107870000FC060917A3A8CE590E00E94A39B9F93A1
:107880008F930F94E64B1F930F9386E79CEB19C0E1
:10789000B8018F2D0F945220B80185E198EE0E9417
:1078A00019A4F092963C60917A3A8DE590E00E949E
:1078B000A39B9F938F930F94E64B1F930F9381E7A6
:1078C0009CEB9F938F930F94E64B0F900F900F902C
:1078D0000F900F900F901091953C00917A3A602F85
:1078E0008DE290E00E94A39B212F4EEF57EEBC014A
:1078F000C3010E94E68291E0811101C090E0909363
:10790000953C2090943C312C412C512C10917A3A8A
:10791000612F8FE290E00E94A39B1F9372E0872E5D
:10792000912CA12CB12CC12CD12C7601920181017A
:1079300048EE57EEBC01C3010E9431826093943C33
:107940006BED77EEC3010E9408C80F90892B09F4F4
:10795000B2C08E010F5F1F4FB8018BED97EE0E94F2
:1079600072A3019709F16BED77EEC3010E94D4C7B2
:107970008D5E974FFC01EE0FFF1FE60DF71D608136
:10798000718148E250E0C8010F94584B19A6C80114
:107990000E94F1FB8091883C8823D1F183E28983A6
:1079A000BE016E5F7F4F35C06BED77EEC3010E9465
:1079B000D4C78D5E974FFC01EE0FFF1FE60DF71D3C
:1079C00060817181C8010F942A4B892B61F682E690
:1079D0009CEB9F938F930F94E64B60917A3A83E3ED
:1079E00090E00E94A39B9F938F930F94E64B60912E
:1079F0007A3A8CE590E00E94A39B9F938F930F941B
:107A0000E64B0F900F900F900F900F900F9053C078
:107A1000B8018091893C0F9452202AE8E22E2CE391
:107A2000F22E32E9C32E3CE3D32E4CE2B42EF80101
:107A300001900020E9F73197E01BF10BFF27D801F7
:107A4000AE0FBF1FBC923196B8016E0F7F1FF701BA
:107A500081917F010F945220CE14DF0441F7B801C9
:107A60008BED97EE0E9419A48CE69CEB9F938F936D
:107A70000F94E64B60917A3A83E390E00E94A39BD7
:107A80009F938F930F94E64B60917A3A8DE590E047
:107A90000E94A39B9F938F930F94E64B1F930F938A
:107AA00087E69CEB9F938F930F94E64B0FB6F89469
:107AB000DEBF0FBECDBF63ED77EEC3010E9408C8E5
:107AC000892B09F4B5C08DE59CEB9F938F930F94A0
:107AD000E64B60917A3A84E390E00E94A39B9F93E7
:107AE0008F930F94E64B8E010F5F1F4FB80183ED0C
:107AF00097EE0E9472A30F900F900F900F90019736
:107B0000E1F163ED77EEC3010E94D4C78D5E974F1C
:107B1000FC01EE0FFF1FE60DF71D6081718148E249
:107B200050E0C8010F94584B19A6B80180E00F949B
:107B3000D6037C018130910509F048C060917A3A02
:107B40008DE590E00E94A39B9F938F930F94E64B4B
:107B50001F930F9388E59CEB9F938F930F94E64BB5
:107B600049E250E0B8018FE59CE30F94584BB8010F
:107B700083ED97EE0E9419A455C063ED77EEC30123
:107B80000E94D4C78D5E974FFC01EE0FFF1FE60DDC
:107B9000F71D60817181C8010F942A4B892B09F070
:107BA000B0CF60917A3A8CE590E00E94A39B9F93BE
:107BB0008F930F94E64B8FE59CE39F938F9386E31F
:107BC0009CEB9F938F930F94E64B2CC018161906CD
:107BD0007CF182E59CEB9F938F930F94E64B609131
:107BE0007A3A8FE590E00E94A39B9F938F930F9426
:107BF000E64BF801EE19FF0920811082CF010196B2
:107C00009F938F931F922F931F930F938BE39CEB64
:107C10009F938F930F94E64B0FB6F894DEBF0FBE81
:107C2000CDBF06C00F900F900F900F900F900F9048
:107C30001091923C00917A3A602F85E390E00E9487
:107C4000A39B212F4CEC57EEBC01C3010E94E6829E
:107C500091E0811101C090E09093923C80917A3A3A
:107C60000FDC0E94D8C9AF960FB6F894DEBF0FBEE6
:107C7000CDBFDF91CF911F910F91FF90EF90DF90DB
:107C8000CF90BF90AF909F908F907F906F905F90BC
:107C90004F903F902F9008952F923F924F925F9276
:107CA0006F927F928F929F92AF92BF92CF92DF920C
:107CB000EF92FF920F931F93CF93DF93CDB7DEB771
:107CC000E1970FB6F894DEBF0FBECDBF3C0169E768
:107CD0007AE30F94301B41E06091793AC3010F942D
:107CE0003C1A882309F414C26091793A83E490E045
:107CF0000E94A39B9DA38CA36091793A84E490E0B9
:107D00000E94A39B9FA38EA36091793A85E490E0A3
:107D10000E94A39B99A788A76091793A86E490E096
:107D20000E94A39B9BA78AA76091793A8BE390E07E
:107D30000E94A39B9DA78CA76091793A8AE390E06B
:107D40000E94A39B9FA78EA76091793A89E390E058
:107D50000E94A39B99AB88AB0E94CFC9F301EA5F55
:107D6000FF4E80819181892B09F0A0C080E29CEBBD
:107D70000E94568000915E3C6091793A82E490E0E6
:107D80000E94A39B9E012C5D3F4F44E062EC77EE86
:107D90000E9401810091AF3B6091793A88E390E0C5
:107DA0000E94A39B9E01245D3F4F43E068EB77EE6A
:107DB0000E9401818091CC3E4AE0BE016F5F7F4FFF
:107DC00090E00F94724B6091793A86E390E00E94C4
:107DD000A39B9E012F5F3F4F43E050E06BEA77EE9D
:107DE0000E94C1800091533B6091793A87E390E013
:107DF0000E94A39B402F6EE977EE0E94E2804090A4
:107E0000567F512C612C712C6091793A8CE390E073
:107E10000E94A39B9301820144E050E060E378EE6E
:107E20000E949A8040903D89512C612C712C609168
:107E3000793A8EE390E00E94A39B9301820142E095
:107E400050E065EF77EE0E949A806091793A8FE377
:107E500090E00E94A39B25E83BE34AE050E067E402
:107E600078EE0E94C18000915E836091793A80E44F
:107E700090E00E94A39B402F6AE378EE0E94E2808C
:107E80000091933C6091793A81E490E00E94A39B39
:107E9000402F61E278EE0E94E2806091793A8EE5AF
:107EA00090E00E94A39B0E94828130C16091793A48
:107EB0008AE590E00E94A39B9F938F930F94E64BDB
:107EC0008FEF9BEB9F938F930F94E64B6091793AE2
:107ED0008BE590E00E94A39B9F938F930F94E64BBA
:107EE0008AEF9BEB9F938F930F94E64B20905E3C21
:107EF000312C412C512C0091793A602F82E490E092
:107F00000E94A39B0F9343E0842E912CA12CB12CB3
:107F1000C12CD12C76019201810142EC57EEBC01BB
:107F2000C3010E94318260935E3C2090AF3B312CB4
:107F3000412C512C0091793A602F88E390E00E9407
:107F4000A39B0F9352E0852E912CA12CB12C920172
:107F5000810148EB57EEBC01C3010E94318260935E
:107F6000AF3B2090CC3E312C412C512C0091793AE2
:107F7000602F86E390E00E94A39B0F93812C912CAD
:107F800054018A947AE0C72ED12CE12CF12C920175
:107F900081014BEA57EEBC01C3010E94318260931C
:107FA000CC3E5090533B0091793A602F87E390E0AC
:107FB0000E94A39B252D4EE957EEBC01C3010E94F0
:107FC000E68291E00FB6F894DEBF0FBECDBF8111FF
:107FD00001C090E09093533B2090567F312C412C70
:107FE000512C0091793A602F8CE390E00E94A39B82
:107FF0000F93812C912C54018A94C12CD12C7601A1
:108000009201810140E358EEBC01C3010E9431821C
:108010006093567F20903D89312C412C512C00914A
:10802000793A602F8EE390E00E94A39B0F9339E092
:10803000832E912CA12CB12C9201810145EF57EE9A
:10804000BC01C3010E94318260933D8967E478EEF0
:10805000C3010E9408C80F900F90892B41F167E47B
:1080600078EEC3010E94D4C78D5E974FFC01EE0FDE
:10807000FF1FE60DF71D608171814AE050E085E841
:108080009BE30F94584B10928F3B65E87BE387E4AA
:1080900098EE0E9419A46091793A8AE490E00E94D7
:1080A000A39B9F938F930F94E64B0F900F9050904C
:1080B0005E830091793A602F80E490E00E94A39B58
:1080C000252D4AE358EEBC01C3010E94E68291E0EF
:1080D000811101C090E090935E835090933C009199
:1080E000793A602F81E490E00E94A39B252D41E224
:1080F00058EEBC01C3010E94E68291E0811101C0EB
:1081000090E09093933C8091793ABAD90E94D8C973
:10811000E1960FB6F894DEBF0FBECDBFDF91CF91D1
:108120001F910F91FF90EF90DF90CF90BF90AF9095
:108130009F908F907F906F905F904F903F902F9087
:1081400008952F923F924F925F926F927F928F92FB
:108150009F92AF92BF92CF92DF92EF92FF920F93D6
:108160001F93CF93DF93CDB7DEB7A8970FB6F894E0
:10817000DEBF0FBECDBF3C0167E77AE30F94301B33
:1081800041E06091773AC3010F943C1A882309F4C7
:10819000FBC10E94CFC9F301EA5FFF4E808191814C
:1081A000892B09F0ADC0BE016F5F7F4F84E697EE6B
:1081B0000E9472A3019729F4CE0101960F94B04951
:1081C00002C08DE290E09093733B8093723B85EE0A
:1081D0009BEB0E9456808090B93B9090BA3BA09058
:1081E000BB3BB090BC3B6091773A8DE490E00E943D
:1081F000A39B950184014AE050E064E977EE0E9478
:108200009A808090B73B9090B83BA12CB12C6091A4
:10821000773A8FE490E00E94A39B9501840146E0A9
:1082200050E060E977EE0E949A808090B53B909094
:10823000B63BA12CB12C6091773A82E590E00E9488
:10824000A39B9501840146E050E06CE777EE0E9425
:108250009A8011E08091763B811101C010E060911D
:10826000773A80E590E00E94A39B412F65E877EE86
:108270000E94E2808090723B9090733BA12CB12CC5
:108280006091773A81E590E00E94A39B950184017B
:1082900043E050E064E677EE0E949A801091B53E8C
:1082A0006091773A83E590E00E94A39B412F67E5B8
:1082B00077EE0E94E28070E3C72E72E2D72E0DE4C3
:1082C0001BE8F601A190B1906F016091773A85E5C6
:1082D00090E00E94A39B980148E250E0B5010E9403
:1082E000C180085D1F4FFBE8053C1F0751F76091F7
:1082F000773A8EE590E00E94A39B0E94828142C162
:108300006091773A8AE590E00E94A39B9F938F93B8
:108310000F94E64B85EC9BEB9F938F930F94E64B6A
:108320006091773A8BE590E00E94A39B9F938F9397
:108330000F94E64B80EC9BEB9F938F930F94E64B4F
:108340002090B93B3090BA3B4090BB3B5090BC3B37
:108350001091773A612F8DE490E00E94A39B1F93C8
:1083600088248A94982C5401C12CD12C7601920136
:10837000810144E957EEBC01C3010E943182609340
:10838000B93B7093BA3B8093BB3B9093BC3B0FB619
:10839000F894DEBF0FBECDBF6031774281059105F5
:1083A00060F46091773A8EE490E00E94A39B9F93E3
:1083B0008F930F94E64B0F900F902090B73B309027
:1083C000B83B412C512C1091773A612F8FE490E00B
:1083D0000E94A39B1F9388248A94982CA12CB12CD3
:1083E000C12CD12C76019201810140E957EEBC01EC
:1083F000C3010E9431827093B83B6093B73B2090D9
:10840000B53B3090B63B412C512C1091773A612FFF
:1084100082E590E00E94A39B1F93C12CD12C760192
:10842000C394920181014CE757EEBC01C3010E9445
:1084300031827093B63B6093B53B1092B03B11E034
:108440000F900F908091763B811101C010E0009158
:10845000773A602F80E590E00E94A39B212F45E8AA
:1084600057EEBC01C3010E94E682882321F083E01D
:108470008093763B02C01092763B2090723B309006
:10848000733B412C512C1091773A612F81E590E09C
:108490000E94A39B1F9388248A94982CA12CB12C12
:1084A000C12CD12C76019201810144E657EEBC012A
:1084B000C3010E9431827093733B6093723B1091B1
:1084C000B53E0091773A602F83E590E00E94A39B30
:1084D000212F47E557EEBC01C3010E94E6820F90B1
:1084E0008823A9F08091763B811104C081E08093BC
:1084F000B53E0FC06091773A84E590E00E94A39B5F
:108500009F938F930F94E64B0F900F9002C01092A1
:10851000B53E80E3882E82E2982E9DE4C92E9BE82A
:10852000D92E2DE2A22E28E8B22EF40141905190CE
:108530004F01E090773A6E2D85E590E00E94A39B75
:10854000860128E230E0A201BC01C3010E949E81A5
:10855000F50111921192119211925F01F8E2CF0E82
:10856000D11C25ECC2162BE8D206F9F68091773A99
:108570000F94403A8091683B833011F41092683B2D
:108580001092693B0E94D8C9A8960FB6F894DEBF36
:108590000FBECDBFDF91CF911F910F91FF90EF9054
:1085A000DF90CF90BF90AF909F908F907F906F9013
:1085B0005F904F903F902F9008951F920F920FB6AB
:1085C0000F9211240BB60F922F933F934F935F930B
:1085D0006F937F938F939F93AF93BF93EF93FF938B
:1085E000F894A89580E00E9451CD81E00E9451CD81
:1085F00082E00E9451CD8DB79EB79093CAE18093DF
:10860000C9E18BEB9BEB9093C8E18093C7E120918C
:10861000C9E13091CAE18FEF91E2821B930B609127
:10862000C9E17091CAE16F5F7F4FAC01919581956F
:1086300091097BD78091C9E19091CAE1892BD1F74B
:108640008091C9E19091CAE19EBF8DBF8091C9E13F
:108650009091CAE14FEF51E2481B590B8091C9E15B
:108660009091CAE166277727641B750B01965DD749
:10867000FF91EF91BF91AF919F918F917F916F91FA
:108680005F914F913F912F910F900BBE0F900FBEB6
:108690000F901F9018956F927F928F929F92AF923A
:1086A000BF92CF92DF92EF92FF920F931F93CF93DF
:1086B000DF93CDB7DEB7AA970FB6F894DEBF0FBE33
:1086C000CDBF83E68093B3851092D3401092D24001
:1086D00023982B9A549A55985D98219A0E948BE87A
:1086E000409143E250E060E070E087ED99EB0E943A
:1086F00089E7CE0101963C01BC018EEC99EB0E940A
:1087000072A3019741F4C3012BD68430910528F060
:1087100083E090E002C081E090E0982F9068880F9D
:10872000880F892B809374008EEB99EB9F938F9326
:108730000F94E64B109275881092583B0F94660484
:1087400088E793E80E944E9281E498E80E944E9256
:108750000F94970F109246891092363F8EE999EB4D
:108760009F938F930F94E64B1092503BB30188E098
:1087700098EE0E9472A30F900F900F900F900197A8
:1087800071F4F30101900020E9F731978F01061988
:108790001709C301E5D5602F0E94FD9101C08CED42
:1087A0008093154560E08EEF97EE0E94338091E054
:1087B000811101C090E09093953CB30188EE97EE53
:1087C0000E9472A3019719F4C301CAD501C081E0C8
:1087D0008093943CB30185E198EE0E9472A30197C7
:1087E00081F4F30101900020E9F731978F01061918
:1087F0001709C301B5D5602F0E94FD918093963C67
:1088000004C01092963C1092953CE9E8FCE311926A
:108810009CE3E239F907D9F71092883CB3018BED5C
:1088200097EE0E9472A3019719F4C3010E94F1FB15
:108830006FE57CE383ED97EE0E9472A3892B29F408
:1088400069E979EB8FE59CE303D660E08CEC97EE69
:108850000E94338091E0811101C090E09093923C9E
:10886000B30184E997EE0E9472A3019759F4C30102
:1088700094D56093B93B7093BA3B8093BB3B909384
:10888000BC3B08C01092B93B1092BA3B1092BB3B64
:108890001092BC3BB30180E997EE0E9472A301974E
:1088A00039F4C3015DD59093B83B8093B73B04C0C6
:1088B0001092B83B1092B73B1092B03BB3018CE7DB
:1088C00097EE0E9472A3019739F4C30166D57093A5
:1088D000B63B6093B53B06C086E890E09093B63B0C
:1088E0008093B53BB30180E797EE0E9472A3019796
:1088F00039F4C30152D57093A13C6093A03C06C0EB
:1089000083E591EC9093A13C8093A03C60E085E8E6
:1089100097EE0E943380882321F085E08093763B98
:1089200002C01092763B60E087E597EE0E943380AC
:10893000882341F08091763B811104C081E08093CF
:10894000B53E02C01092B53EB30184E697EE0E9498
:1089500072A3019719F4C30103D502C08DE290E020
:108960009093733B8093723BB30182EC97EE0E942D
:1089700072A3019719F4C301F3D401C083E080937B
:108980005E3CB30188EB97EE0E9472A3019719F445
:10899000C301E6D401C082E08093AF3BB3018BEA10
:1089A00097EE0E9472A3019719F4C301D9D401C0B4
:1089B00084E48093CC3E8091CC3E8A3018F48AE0E7
:1089C0008093CC3E80E3E82E82E2F82E0DE41BE893
:1089D0009DE2892E98E8992E27E9A22E2BE3B22E4C
:1089E00030E9C32E3BE3D32EB801F7018191919179
:1089F0007F010E9472A3019711F0F8011082F40127
:108A000011921192119211924F01F50111925F0191
:108A1000C6010E947BFB085D1F4FF2E0CF0ED11C08
:108A200026E3E21622E2F206F9F61092963B65E89A
:108A30007BE387E498EE0E9472A3019711F01092F5
:108A4000853B1092823B61E08AE398EE0E9433807E
:108A500091E0811101C090E090935E8360E081E23B
:108A600098EE0E94338091E0811101C090E09093D4
:108A7000933C61E08EE997EE0E94338091E0811192
:108A800001C090E09093533BB30185EF97EE0E94B5
:108A900072A3019719F4C30163D401C082E08093EB
:108AA0003D89B3018FE498EE0E9472A3019729F4E7
:108AB000C30156D48093418902C010924189B30109
:108AC00080E398EE0E9472A3019719F4C30148D481
:108AD00001C081E08093567F0FEF1FEF10937D3B25
:108AE00000937C3B10927B3B8AE899EB9F938F939A
:108AF0006DD681E0809312451093C68B0093C58B91
:108B0000109258831092C03E1092C13E1092C23E05
:108B10001092C33E1092578389E593E80E9494FB1C
:108B200010923F8810923E8810925C8310925B8373
:108B30001093C53E0093C43E88EB9EE30E9494FBD5
:108B40001092B13B1092B23B1092B33B1092B43BE7
:108B500083E08093683B1092693B10936F3B0093D6
:108B60006E3B64E670E089E59BE30F94EF0210939F
:108B7000B33E0093B23E1092B43E1092AD3C1092C0
:108B8000AC3C1092A53C1092A93C1092A83C83EA00
:108B90009CE30E947BFB1092A23C0F900F9080916F
:108BA00043E2883071F0EBECF1EE83E492EE138651
:108BB00012863C968E179F07D1F789EB97E80E94A3
:108BC00094FB0E94C59185EC8093BC0010924E3BB3
:108BD00010924D3B89E79BE30E947BFB83E090E092
:108BE0009093783B8093773B80EA80930E4584E8AE
:108BF00093E00E94F7CC8FED9FEF0E9440CD882339
:108C000009F4ACC08AE699EB9F938F93DFD50F9060
:108C10000F901B99A1C080E00E945ACD81E00E9474
:108C200051CD82E00E945ACD83E00E945ACDCE0100
:108C300089960E9494FBCE0189960E949FFB4597DE
:108C400018F41B99F8CFF3CF80E00E9451CD81E05A
:108C50000E945ACDCE0189960E9494FB10E0CE016D
:108C600089960E949FFB8D32914008F067C01B9946
:108C700037C0CE018996111107C00E9494FB82E093
:108C80000E9451CD11E0EBCF0E949FFB8D329140AD
:108C9000E0F080E00E945ACD81E00E9451CD82E058
:108CA0000E9451CD83E00E9451CD0E9472A0CE015E
:108CB00089960E9494FBCE0189960E949FFB85367F
:108CC0009105C8F30E946CE4CACFCE0189960E9438
:108CD0009FFB893C910518F283E00E9451CDBFCFE4
:108CE000112309F4BCCFCE0189960E949FFB4597C2
:108CF000E8F080E00E945ACD81E00E9451CD82E0F0
:108D00000E945ACD83E00E9451CD85E699EB0E94E6
:108D100050A4CE0189960E9494FBCE0189960E94B0
:108D20009FFB85369105C8F30E946CE4CE018996BD
:108D30000E9494FB82E00E945ACD90CF111197CFF0
:108D400080E00E945ACD81E00E945ACD82E00E94CC
:108D50005ACD83E00E9451CD1092B285AA960FB6EB
:108D6000F894DEBF0FBECDBFDF91CF911F910F9161
:108D7000FF90EF90DF90CF90BF90AF909F908F903B
:108D80007F906F9008956F927F928F929F92AF9293
:108D9000BF92CF92DF92EF92FF920F931F93CF93E8
:108DA000DF93CDB7DEB763970FB6F894DEBF0FBE83
:108DB000CDBF6C015B014A013901CE0101960E94D1
:108DC0008FD28E81F40180838F81F5018083888525
:108DD0009985F601918380838C81F30180838B8157
:108DE000F80180838A81F701808363960FB6F89437
:108DF000DEBF0FBECDBFDF91CF911F910F91FF90CE
:108E0000EF90DF90CF90BF90AF909F908F907F902A
:108E10006F9008958091A80180933B888091A7016D
:108E200080933B888091020080933B888091000072
:108E300080933B88089585E599EB9F938F93C6D4E3
:108E40008CEC9CEC9093CAE18093C9E18DED9DED93
:108E50009093C8E18093C7E11092AA3B1092AB3B7C
:108E60001092AC3B1092AD3B98E288E10FB6F894BB
:108E7000A895809360000FBE909360009FB7F89410
:108E800080916000886180936000809160008864B8
:108E9000809360009FBF8BEB97E80E9494FB63E494
:108EA00079EB89EA90E00E9472C960E379EB89E985
:108EB00090E00E9472C969E179EB83EA90E00E9438
:108EC00072C963E079EB8BEA90E00E9472C96DEEA3
:108ED00078EB85EA90E00E9472C968ED78EB8FE943
:108EE00090E00E9472C962EC78EB81EA90E00E9407
:108EF00072C961EB78EB87EA90E00E9472C96EE973
:108F000078EB87E990E00E9472C962E978EB8BE91F
:108F100090E00E9472C968E878EB8DEA90E00E94C8
:108F200072C90E94959B60E878EB8DE294E80E94FC
:108F300072C984E798EB9F938F9348D486E890E0BA
:108F40000E94D4D88FEF80934F3B1F9286E88F9377
:108F500082E698EB9F938F9339D46BE578EB8DE99C
:108F600090E00E949CC40E94408E8DE498EB9F93F9
:108F70008F932CD40E94FBFA8DE398EB9F938F93F1
:108F800025D48FEF9FEF90934B8B80934A8B8FE587
:108F900093E80E948FD286E59BE30E947BFB809141
:108FA0006683909167832DB73EB7245F3F4F0FB61E
:108FB000F8943EBF0FBE2DBF803D974018F088E566
:108FC00090E202C08AE590E09093553B8093543B39
:108FD0001092F7441092F6441DDF80E00D94910B3F
:108FE0000E949BE382E00E9451CD55DB0E943DBC74
:108FF0000E94EE7483E00E9451CD0E94D57A82E0F7
:109000000E945ACD18DF83E00E945ACD0E94BDC451
:10901000FDCFDB018F939F9378D0BF91AF91A29F3B
:10902000800D911DA39F900DB29F900D1124089566
:10903000AA1BBB1B51E107C0AA1FBB1FA617B7077E
:1090400010F0A61BB70B881F991F5A95A9F780959A
:109050009095BC01CD01089597FB072E16F400945E
:1090600006D077FD08D0E4DF07FC05D03EF49095EC
:1090700081959F4F0895709561957F4F0895A1E266
:109080001A2EAA1BBB1BFD010DC0AA1FBB1FEE1F82
:10909000FF1FA217B307E407F50720F0A21BB30BCD
:1090A000E40BF50B661F771F881F991F1A9469F749
:1090B00060957095809590959B01AC01BD01CF01A5
:1090C0000895EE0FFF1F881F8BBF0790F691E02DCC
:1090D000199469279627692778278727782708957D
:1090E000A29FB001B39FC001A39F700D811D1124E9
:1090F000911DB29F700D811D1124911D0895F0DF07
:10910000B7FF0895821B930B0895EADFA59F900D8A
:10911000B49F900DA49F800D911D112408950F936D
:109120001F93CF93DF938230910510F482E090E09B
:10913000E091C98BF091CA8B20E030E0A0E0B0E074
:10914000309719F1408151810281138148175907E5
:10915000C8F08417950769F4109731F012960C93B4
:10916000129713961C9327C00093C98B1093CA8B38
:1091700022C02115310519F04217530718F49A013E
:10918000BD01EF01DF01F801DBCF21153105F9F059
:10919000281B390B2430310580F48A819B816115AD
:1091A000710521F0FB019383828304C09093CA8BE5
:1091B0008093C98BFE01329644C0FE01E20FF31F7B
:1091C0008193919322503109398328833AC02091A9
:1091D000C78B3091C88B232B41F420910222309110
:1091E00003223093C88B2093C78B209100223091AB
:1091F00001222115310541F42DB73EB740910422DB
:1092000050910522241B350BE091C78BF091C88B40
:10921000E217F307A0F42E1B3F0B2817390778F04D
:10922000AC014E5F5F4F2417350748F04E0F5F1FAC
:109230005093C88B4093C78B8193919302C0E0E019
:10924000F0E0CF01DF91CF911F910F910895CF935F
:10925000DF93009709F481C0FC01329713821282D8
:10926000A091C98BB091CA8B109781F42081318174
:10927000820F931F2091C78B3091C88B2817390715
:1092800051F5F093C88BE093C78B67C0ED0120E0E8
:1092900030E0CE17DF0740F44A815B819E01411523
:1092A0005105F1F0EA01F5CFD383C28340815181AA
:1092B000840F951FC817D90759F488819981840FA5
:1092C000951F0296918380838A819B8193838283F9
:1092D0002115310529F4F093CA8BE093C98B3DC069
:1092E000E901FB83EA8349915991C40FD51FEC171B
:1092F000FD0761F480819181840F951F0296E90139
:1093000099838883828193819B838A83E0E0F0E064
:1093100012968D919C911397009719F0FD01DC0135
:10932000F7CF8D919C9111979D012E5F3F4F820F3A
:10933000931F2091C78B3091C88B2817390769F488
:10934000309729F41092CA8B1092C98B02C01382F5
:109350001282B093C88BA093C78BDF91CF910895F1
:10936000FC0188279927E89421912032E9F32930DC
:1093700010F02E30C8F32B3239F02D3231F46894CE
:1093800003C0CFD1820F911D219120532A30C8F301
:109390001EF4909581959F4F08951F93FC01992786
:1093A0008827BC01E89411911032E9F3193010F0CC
:1093B0001E30C8F31B3249F01D3241F4689405C0D9
:1093C0009BD1610F711D811D911D119110531A3098
:1093D000B8F33EF490958095709561957F4F8F4FCF
:1093E0009F4F1F910895FB01DC0104C08D910590F2
:1093F000801921F441505040C8F7881B990B0895FB
:10940000FB01DC0102C005900D9241505040D8F79D
:109410000895FB01DC010D900020E9F711970590FC
:109420000D920020E1F70895FC010590061621F049
:109430000020D9F7C00108953197CF010895FB01AD
:10944000DC018D91059080190110D9F3990B0895D5
:10945000FB01DC0105900D920020E1F70895FC016D
:1094600005900020E9F7809590958E0F9F1F089535
:10947000FB01DC014150504088F08D9181341CF09B
:109480008B350CF4805E659161341CF06B350CF407
:10949000605E861B611171F3990B0895881BFCCFE8
:1094A000FB01DC010D900020E9F71197415050407D
:1094B00028F0059000200D92C9F708951C92089598
:1094C000FB01DC014150504030F08D910590801936
:1094D00019F40020B9F7881B990B0895FB015591E9
:1094E0005523A9F0BF01DC014D9145174111E1F76A
:1094F00059F4CD010590002049F04D9140154111DE
:10950000C9F3FB014111EFCF81E090E0019708958D
:10951000FB01DC0104C08D910190801921F44150C0
:109520005040C8F7881B990B0895FB01DC0102C06D
:1095300001900D9241505040D8F708952115310502
:1095400011F11F930F93240F351F680F791FFA0134
:109550001591AF01DC01A617B70780F40D91011733
:10956000D1F7CD01FA01E217F30750F4A617B707B8
:1095700028F40D9105900015B1F3ECCF81E090E057
:1095800001970F911F9108956817790768F4FB01FF
:10959000DC01E40FF51FA40FB51F02C002900E926C
:1095A00041505040D8F70895C0CFDC0101C06D9301
:1095B00041505040E0F70895FB01DC018D9181346A
:1095C0001CF08B350CF4805E619161341CF06B35BE
:1095D0000CF4605E861B611189F3990B0895FB0101
:1095E00051915523B1F0BF01DC01052E4D9144236B
:1095F00069F010D0D9F7CD010190002049F04D91CC
:10960000411108D0C9F3FB014111EECF81E090E098
:1096100001970895402539F0403229F440294B57ED
:10962000465E08F018940895FB01DC010D900020BF
:10963000E9F7119701900D920020E1F70895FC01E0
:109640008191861721F08823D9F7992708953197BA
:10965000CF010895FB01DC018D910190801901106B
:10966000D9F3990B0895FB01DC0101900D920020C4
:10967000E1F70895FB01DC010D900020E9F7119757
:109680004150504028F0019000200D92C9F70895F4
:109690001C920895FB01DC014150504030F08D9147
:1096A0000190801919F40020B9F7881B990B0895CF
:1096B000FB01DC014150504048F001900D92002028
:1096C000C9F701C01D9241505040E0F70895FC01D8
:1096D00081E090E00190061609F4CF010020D1F757
:1096E00001970895BB274A3031F4992322F4BDE253
:1096F000909581959F4F3FC0592F482F372F262F88
:10970000660F771F881F991F660F771F881F991F85
:10971000620F731F841F951F660F771F881F991F85
:1097200008957AE0979F902D879F802D910D1124A9
:109730000895BB27FA01A62F6217710581059105CF
:10974000330B30FB66F0AA27660F771F881F991F1F
:10975000AA1FA21710F0A21B63953850A9F7A05DAD
:10976000AA3308F0A95DA19336F7B111B193108225
:10977000CA0194C2BB27FB015527AA27880F991F4E
:10978000AA1FA41710F0A41B83955051B9F7A05D30
:10979000AA3308F0A95DA193009779F7B111B193AD
:1097A0001192CB017BC2CF93DF93CDB7DEB7AE0171
:1097B0004A5F5F4FFA0161917191AF018091CD8B4A
:1097C0009091CE8B58D0DF91CF9108950F931F9336
:1097D000CF93DF93CDB7DEB7AE01485F5F4FDA01BD
:1097E0006D917D91AD010BEC1BE8F80182819381B5
:1097F000DC0113962C911397286013962C933BD081
:10980000D8011296ED91FC9113972381277F238332
:10981000DF91CF911F910F9108950F931F93CF93D5
:10982000DF93CDB7DEB72E970FB6F894DEBF0FBE2D
:10983000CDBF0E891F898EE08C831A8309838FEF39
:109840009FE79E838D83AE01465E5F4F688D798D65
:10985000CE01019610D0EF81F885E00FF11F108244
:109860002E960FB6F894DEBF0FBECDBFDF91CF911D
:109870001F910F9108952F923F924F925F926F9296
:109880007F928F929F92AF92BF92CF92DF92EF9290
:10989000FF920F931F93CF93DF93CDB7DEB72B9734
:1098A0000FB6F894DEBF0FBECDBF6C017B018A01FD
:1098B000FC0117821682838181FFBFC1CE01019610
:1098C0003C01F6019381F70193FD859193FF81910E
:1098D0007F01882309F4ADC1853239F493FD859168
:1098E00093FF81917F01853221F4B60190E0E6D1AA
:1098F000E8CF912C212C312CFFE1F315D8F08B32DD
:1099000079F038F4803279F08332A1F4232D20618C
:109910001DC08D3261F0803369F4232D216016C0A3
:10992000832D8260382EE32DE4603E2E2AC0F32D75
:10993000F8601DC037FC2DC020ED280F2A3040F004
:109940008E32B9F436FC75C1232D2064322E19C035
:1099500036FE06C08AE0989E200D1124922E11C07A
:10996000EAE02E9E200D1124222EF32DF0623F2ED0
:1099700008C08C3621F4832D8068382E02C08836CA
:1099800041F4F70193FD859193FF81917F0181114E
:10999000B3CF982F9F7D9554933028F40C5F1F4FC1
:1099A0009FE399830DC0833631F0833771F083359F
:1099B00009F055C020C0F801808189830E5F1F4FD8
:1099C00088248394912C530112C02801F2E04F0E99
:1099D000511CF801A080B18036FE03C0692D70E0F3
:1099E00002C06FEF7FEFC5014ED14C018201F32D14
:1099F000FF773F2E15C0280122E0420E511CF801CE
:109A0000A080B18036FE03C0692D70E002C06FEF08
:109A10007FEFC5012DD14C01F32DF0683F2E82015F
:109A200033FC19C0822D90E088169906A0F4B60187
:109A300080E290E043D12A94F5CFF50137FC85917F
:109A400037FE81915F01B60190E038D121102A9450
:109A500021E0821A91088114910479F7E1C08436DB
:109A600011F0893639F5F80137FE07C06081718140
:109A7000828193810C5F1F4F08C060817181072E26
:109A8000000C880B990B0E5F1F4FF32DFF763F2EB6
:109A900097FF09C090958095709561957F4F8F4F86
:109AA0009F4FF0683F2E2AE030E0A30143D1882E7B
:109AB000861844C0853731F4232D2F7EB22E2AE03C
:109AC00030E025C0932D997FB92E8F36C1F018F460
:109AD000883579F0AEC0803719F0883721F0A9C0F9
:109AE000E92FE061BE2EB4FE0DC0FB2DF460BF2E49
:109AF00009C034FE0AC0292F2660B22E06C028E015
:109B000030E005C020E130E002C020E132E0F801A1
:109B1000B7FE07C060817181828193810C5F1F4F06
:109B200006C06081718180E090E00E5F1F4FA3014D
:109B300001D1882E8618FB2DFF773F2E36FE0DC0F3
:109B4000232D2E7FA22E891458F434FE0BC032FC34
:109B500009C0832D8E7EA82E05C0B82CA32C03C06F
:109B6000B82C01C0B92CA4FE0FC0FE01E80DF11DF8
:109B70008081803321F49A2D997EA92E09C0A2FEFE
:109B800006C0B394B39404C08A2D867809F0B394C8
:109B9000A3FC10C0A0FE06C0B21480F4280C922CC6
:109BA0009B180DC0B21458F4B60180E290E086D044
:109BB000B394F8CFB21418F42B1802C0982C212CAF
:109BC000A4FE0FC0B60180E390E078D0A2FE16C0DC
:109BD000A1FC03C088E790E002C088E590E0B601F0
:109BE0000CC08A2D867851F0A1FE02C08BE201C024
:109BF00080E2A7FC8DE2B60190E060D0891430F4D9
:109C0000B60180E390E05AD09A94F8CF8A94F30199
:109C1000E80DF11D8081B60190E050D08110F6CFA3
:109C2000222009F44ECEB60180E290E047D02A947B
:109C3000F7CFF6018681978102C08FEF9FEF2B96B9
:109C40000FB6F894DEBF0FBECDBFDF91CF911F914D
:109C50000F91FF90EF90DF90CF90BF90AF909F90CB
:109C60008F907F906F905F904F903F902F900895CE
:109C7000FC010590615070400110D8F780959095D7
:109C80008E0F9F1F0895FC016150704001900110DC
:109C9000D8F7809590958E0F9F1F0895DC01FC01E9
:109CA000672F71917723E1F7329704C07C916D9310
:109CB00070836291AE17BF07C8F308950F931F9387
:109CC000CF93DF93FB01238121FD03C08FEF9FEF33
:109CD0002CC022FF16C0468157812481358142174E
:109CE000530744F4A081B1819D012F5F3F4F318321
:109CF00020838C93268137812F5F3F4F37832683C4
:109D000014C08B01EC01FB010084F185E02D199555
:109D1000892BE1F6D80116968D919C9117970196A3
:109D200017969C938E931697CE01DF91CF911F913A
:109D30000F910895FA01AA27283051F1203181F1BD
:109D4000E8946F936E7F6E5F7F4F8F4F9F4FAF4F43
:109D5000B1E03ED0B4E03CD0670F781F891F9A1F56
:109D6000A11D680F791F8A1F911DA11D6A0F711D0A
:109D7000811D911DA11D20D009F468943F912AE016
:109D8000269F11243019305D3193DEF6CF010895FE
:109D9000462F4770405D4193B3E00FD0C9F7F6CF2F
:109DA000462F4F70405D4A3318F0495D31FD4052F7
:109DB000419302D0A9F7EACFB4E0A695979587958D
:109DC00077956795BA95C9F700976105710508956C
:109DD0009B01AC010A2E0694579547953795279518
:109DE000BA95C9F7620F731F841F951FA01D0895B0
:109DF000DC01CB01FC01F999FECF06C0F2BDE1BD4B
:109E0000F89A319600B40D9241505040B8F7089539
:109E1000F999FECF92BD81BDF89A992780B5089532
:109E2000262FF999FECF1FBA92BD81BD20BD0FB676
:109E3000F894FA9AF99A0FBE01960895F894FFCF14
:109E4000FFFF44E22000FFFFFFFF02036F551CC825
:109E5000FFC0A801FAC0A801FAFFFFFF00C0A801D7
:109E60008E0000000300000000D1C373C300000196
:109E70004CE741E736E701030507090E10121416F7
:109E8000181C1E6F666600C77E807FCB7FE17FED6A
:109E90007F4D4350636F6E666967002F0017AF40B8
:109EA000AD00D60132AD58AC00D9002DA96CA70089
:109EB000C0015CA739A600220129A60DA5001B013F
:109EC000FDA4DDA3001F01CDA3B0A2001C01A1A22F
:109ED00060A100400151A117A000390108A0C19E56
:109EE000004601B29E729D003F01689DE299008587
:109EF00003D899179800C0010398E495001E02D07A
:109F000095C193000E02AD93959100170281917057
:109F10008F001002598F898C00CF02728CC8890083
:109F2000A902B189F48600BC02DD86238400B9024F
:109F30001084A88200670195822D810067011A8133
:109F4000B87F006101A57F427E00620144AC3BA95D
:109F5000020903377EF27D0044000000000000008B
:109F6000001ECC2ACC30CC42CC000055CC63CC7047
:109F7000CC85CC0000A0CCA6CCBFCCDCCC00003182
:109F800000010102020103616273006E63006465F7
:069F90007200626B00008C
:00000001FF
