:100000000C9410120C94F8120C9423130C944E13AD
:100010000C9479130C94A4130C94CF130C94FA132E
:100020000C9425140C946E120C946E120C946E1297
:100030000C946E120C946E120C946E120C946E1240
:100040000C946E120C94D9170C946E120C946E12C0
:100050000C946E120C945E1F0C946E120C946E1223
:100060000C946E120C94F3180C94B2180C9497180C
:100070000C946E120C946E120C946E120C946E1200
:100080000C946E120C946E120C946E120C946E12F0
:100090000C94F7190C946B190C942E190C94385D70
:1000A0000C946E120C946E120C946E120C946E12D0
:1000B0000C946E120C946E120C946E120C946E12C0
:1000C0000C946E120C946E120C946E120C0D0E0F9A
:1000D000253032783A253032783A253032783A2550
:1000E0003032783A253032783A253032780025643B
:1000F0002E25642E25642E25640044484350206D2F
:10010000736720747970652035332076616C75656E
:100110002025750D0A0044484350206D73672074F4
:100120007970652035332076616C75652025750DF5
:100130000A004950004D41534B00444E5300474183
:10014000544500444843502D436F6E6669672067ED
:1001500065686F6C740D0A00444843502D436F6E00
:10016000666967204665686C67657363686C61677C
:10017000656E0D0A00207C2D3E20566572737563F6
:10018000686520444843502D436F6E666967207A46
:100190007520686F6C656E2E2000206665686C6740
:1001A000657363686C6167656E0D0A00206665683B
:1001B0006C67657363686C6167656E0D0A00205A31
:1001C0006569743A20253032643A253032643A2524
:1001D0003032642E253032640D0A004E545053459F
:1001E00052564552005554435A4F4E4500207C2DDF
:1001F0003E204E54502D536572766572205A6569C3
:100200007420616B7475616C6973696572656E3AAF
:10021000006F6E004E545000207C202020444E532E
:10022000202020203A2025730D0A00207C20202049
:10023000476174657761793A2025730D0A00207C47
:100240002020204E65746D61736B3A2025730D0A72
:1002500000207C202020495020202020203A2025EA
:10026000730D0A006F6E00444843500044484350E9
:1002700000207C2D3E20544350202848757272691E
:1002800063616E2D656E67696E652920696E69749C
:1002900069616C6973696572740D0A00207C2D3E7A
:1002A000205544502028546F726E61646F2D656E26
:1002B00067696E652920696E697469616C69736923
:1002C0006572740D0A002D2B2D3E2041525020697D
:1002D0006E697469616C6973696572740D0A0020D6
:1002E0004C696E6B2072656164790D0A0020467559
:1002F0006C6C6475706C65783A00454E4332386AB0
:10030000363020285265762E3A2025642920696EE1
:10031000697469616C697369657274202820485733
:100320002D4164643A20253032783A253032783ACB
:10033000253032783A253032783A253032783A25ED
:100340003032782029004D4143004D4143004D4358
:1003500050636F6E666967000D0A000A002563002E
:10036000436F6E6669672069737420256420627923
:100370007465732067726F73732C20256420627913
:1003800074652077657264656E2062656E75747A37
:10039000742E204F66667365742025640D0A0D0A5D
:1003A000004F46460057524954455F50524F5445FE
:1003B00043540020496E697469616C6973696572A0
:1003C000740D0A00204572726F720D0A0054485273
:1003D000454144005348454C4C00455854494E54FF
:1003E00000436F6E666967004C45445F636F7265DA
:1003F00000434C4F434B005354444F555400554118
:100400005254004F70656E4D4350202E2E2E0D0A13
:10041000000D0A00436F6D6D616E64733A0D0A0D35
:100420000A0068656C7000485454502F312E3020FB
:100430003430330D0A436F6E74656E742D547970C9
:10044000653A20746578742F68746D6C0D0A4B657D
:1004500065702D416C6976653A20636C6F73650D2C
:100460000A0D0A3C48544D4C3E3C424F44593E34E0
:1004700030332046696C65206E6F7420666F756E30
:1004800064213C2F424F44593E3C2F48544D4C3E32
:100490000D0A0D0A00504F5354004745540068742C
:1004A00074706400485454502D5365727665722000
:1004B000506F72742025642E0D0A00696E64657891
:1004C0002E68746D6C003C2F424F44593E3C2F48BF
:1004D000544D4C3E0D0A0D0A003C48544D4C3E3CD8
:1004E000484541443E3C6D65746120687474702DCC
:1004F00065717569763D2265787069726573222031
:10050000636F6E74656E743D2230223E3C2F484509
:1005100041443E3C424F44593E00485454502F31D0
:100520002E302032303020446F63756D656E74203C
:10053000666F6C6C6F77730D0A436F6E74656E74C3
:100540002D547970653A20746578742F68746D6CD9
:100550000D0A436F6E6E656374696F6E3A20636C4B
:100560006F73650D0A0D0A00696E6465782E6874F4
:100570006D6C003C48544D4C3E3C484541443E3C2B
:100580005449544C453E547850322D4E6574202DBC
:100590002044617320496E7465726E65742D496ED6
:1005A00074657266616365207A756D2054656C654B
:1005B0007850686F6E653C2F5449544C453E3C2F33
:1005C000484541443E3C424F44593E3C68323E54CB
:1005D0007850322D4E6574202D2044617320496E71
:1005E0007465726E65742D496E74657266616365BB
:1005F000207A756D2054656C657850686F6E653C27
:100600002F68323E3C68313E48617570747365698D
:1006100074653C2F68313E3C7072653E5F5F5F5F82
:100620005F5F5F5F5F5F5F5F5F5F5F5F5F5F5F5FDA
:100630005F5F5F5F5F5F5F5F5F5F5F5F5F5F5F5FCA
:100640005F5F5F5F5F5F5F5F5F5F5F5F5F5F5F5FBA
:100650005F5F5F5F5F5F5F5F5F5F5F5F5F5F5F5FAA
:100660005F5F5F5F5F5F0D0A204F4F4F4F4F20204E
:100670004F4F4F4F4F20204F2020202020204F4F02
:100680004F4F4F20204F2020204F2020202020207F
:10069000204F4F4F4F2020204F2020204F20202040
:1006A0004F4F4F2020204F2020204F20204F4F4FD2
:1006B0004F4F200D0A2020204F202020204F2020A7
:1006C000202020204F2020202020204F20202020CC
:1006D0002020204F204F20202020202020204F208D
:1006E00020204F20204F2020204F20204F2020204E
:1006F0004F20204F4F20204F20204F20202020200F
:100700000D0A202E2E2E2E2E2E2E2E2E2E2E2E2E5C
:100710002E2E2E2E2E2E2E2E2E2E2E2E2E2E2E2EF9
:100720002E2E2E2E2E2E2E2E2E2E2E2E2E2E2E2EE9
:100730002E2E2E2E2E2E2E2E2E2E2E2E2E2E2E2ED9
:100740002E2E2E2E2E2E2E2E2E2E2E2E0D0A20202A
:10075000204F202020204F4F4F202020204F2020AE
:10076000202020204F4F4F2020202020204F2020CD
:1007700020204F4F4F20204F4F4F4F2020204F4FD2
:100780004F4F4F20204F2020204F20204F204F2020
:100790004F20204F4F4F2020200D0A2020204F2097
:1007A0002020204F2020202020204F2020202020EB
:1007B000204F202020202020204F204F20202020AC
:1007C000202020204F2020202020204F2020204F9C
:1007D00020204F2020204F20204F20204F4F20202E
:1007E0004F20202020200D0A2020204F20202020D4
:1007F0004F4F4F4F4F20204F4F4F4F4F20204F4FC5
:100800004F4F4F20204F2020204F202020202020FD
:10081000204F2020202020204F2020204F2020204B
:100820004F4F4F2020204F2020204F20204F4F4F50
:100830004F4F0D0A5F5F5F5F5F5F5F5F5F5F5F5F8F
:100840005F5F5F5F5F5F5F5F5F5F5F5F5F5F5F5FB8
:100850005F5F5F5F5F5F5F5F5F5F5F5F5F5F5F5FA8
:100860005F5F5F5F5F5F5F5F5F5F5F5F5F5F5F5F98
:100870005F5F5F5F5F5F5F5F5F5F5F5F5F5F3C2FDB
:100880007072653E3C703E3C6120687265663D2238
:100890007478702D6D73672E636769223E4E6163B5
:1008A0006872696368742073656E64656E3C2F615D
:1008B0003E3C703E3C6120687265663D22747870F3
:1008C0002D636F6E6669672E636769223E45696EA8
:1008D0007374656C6C756E67656E3C2F613E3C7021
:1008E0003E3C6120687265663D227478702D6465B7
:1008F0006275672E636769223E44656275672D499C
:100900006E666F733C2F613E3C703E3C61206872A6
:1009100065663D226E6574776F726B2E68746D6CC0
:10092000223E4E65747A7765726B3C2F613E3C7057
:100930003E3C6120687265663D2273797374656D13
:100940002E68746D6C223E53797374656D3C2F6113
:100950003E3C703E3C68333E4772756E646C616726
:10096000653A204F70656E4D43503C2F68333E4DC5
:100970006963726F776562736572766572206275FE
:10098000696C64206F6E204156522D6C6962632041
:1009900076657273696F6E3A20312E362E372F329C
:1009A00030303930373032207769746820617672A0
:1009B0002D67636320342E332E332C2044617465FD
:1009C0003A204A756C2031312032303131203130BB
:1009D0003A35383A32313C2F424F44593E3C2F4849
:1009E000544D4C3E0D0A0D0A006E6574776F726BA4
:1009F0002E68746D6C003C48544D4C3E3C4845415B
:100A0000443E3C5449544C453E547850322D4E653A
:100A100074202D2044617320496E7465726E657474
:100A20002D496E74657266616365207A756D205418
:100A3000656C657850686F6E653C2F5449544C4521
:100A40003E3C2F484541443E3C424F44593E3C6861
:100A5000323E547850322D4E6574202D20446173FF
:100A600020496E7465726E65742D496E7465726688
:100A7000616365207A756D2054656C657850686F88
:100A80006E653C2F68323E3C68313E4E65747A7725
:100A900065726B2D4D656E75653C2F68313E3C610E
:100AA00020687265663D226E6574776F726B2E6387
:100AB0006769223E4E65747A7765726B2D496E6662
:100AC0006F733C2F613E3C703E3C612068726566EE
:100AD0003D226E6574776F726B2E6367693F636F3B
:100AE0006E666967223E4E65747A7765726B2D4B30
:100AF0006F6E66696775726174696F6E3C2F613ED7
:100B00003C703E3C6120687265663D22696E64659A
:100B1000782E68746D6C223E4861757074736569D7
:100B200074653C2F613E3C703E3C2F424F44593E21
:100B30003C2F48544D4C3E0D0A0D0A0073797374D6
:100B4000656D2E68746D6C003C48544D4C3E3C48BD
:100B50004541443E3C5449544C453E547850322D16
:100B60004E6574202D2044617320496E7465726E49
:100B700065742D496E74657266616365207A756D62
:100B80002054656C657850686F6E653C2F544954ED
:100B90004C453E3C2F484541443E3C424F44593E23
:100BA0003C68323E547850322D4E6574202D2044DE
:100BB000617320496E7465726E65742D496E74653B
:100BC0007266616365207A756D2054656C65785036
:100BD000686F6E653C2F68323E3C68313E537973D6
:100BE00074656D2D4D656E75653C2F68313E3C61B9
:100BF00020687265663D226D61696E6D656E752E49
:100C000068746D6C223E7A75727565636B3C2F61FA
:100C10003E3C703E3C6120687265663D22726573A1
:100C200065742E636769223E52657365743C2F615B
:100C30003E3C703E3C6120687265663D226E747079
:100C40002E636769223E4E54503C2F613E3C703EFD
:100C50003C6120687265663D2265656D656D2E6339
:100C60006769223E45456D656D3C2F613E3C703E97
:100C70003C2F424F44593E3C2F48544D4C3E0D0AA8
:100C80000D0A000D0A436F6E74656E742D4C656E0F
:100C90006774683A2025640D0A43616368652D43D3
:100CA0006F6E74726F6C3A206D61782D6167653D6F
:100CB000333630300D0A436F6E6E656374696F6E44
:100CC0003A20636C6F73650D0A0D0A0062696E004D
:100CD000746578742F68746D6C006A706567007055
:100CE0006E6700485454502F312E3020323030205F
:100CF000446F63756D656E7420666F6C6C6F77738F
:100D00000D0A436F6E74656E742D547970653A20C8
:100D10000043524F4E5F454E5452595F2530326466
:100D20000025643A206E696368742062656C6567AB
:100D3000740D0A0025643A2025642025642025735B
:100D40000D0A0063726F6E00666F6F2E6367690035
:100D500025732F257325730049502F4D41432F5480
:100D6000544C0D0A0061727000696E20256C64207D
:100D70005061636B6574656E203B20447520626929
:100D80007374206465722025642E20426573756338
:100D90006865722061756620536F636B65742025EA
:100DA000642E3C2F424F44593E3C2F48544D4C3EFC
:100DB0000D0A0D0A0020256C642E2530336C64204A
:100DC000474279746573200020256C642E253033EA
:100DD0006C64204D4279746573200020256C64207A
:100DE0006B4279746573200020256C64204279740D
:100DF000657320002C2045746865726E65743A0036
:100E0000256C642073656B00256C64206D696E2011
:100E100000256C64207374642000256C6420746168
:100E200067652000256C642074616720003C48548D
:100E30004D4C3E3C484541443E3C6D6574612068E4
:100E40007474702D65717569763D22726566726580
:100E500073682220636F6E74656E743D2236303085
:100E60003B20223E3C5449544C453E5374726561CC
:100E70006D696E673C2F5449544C453E3C2F4845A4
:100E800041443E3C424F4459206267636F6C6F722D
:100E90003D22233232384232322220746578743D4A
:100EA0002223464646464646223E5A6569743A2003
:100EB000253032643A253032643A253032642E25AA
:100EC00030326420282025752F25752F2530347564
:100ED00020292C20557074696D653A2000504853C4
:100EE00054415432207C203078253034580D0A008B
:100EF00050485354415431207C20307825303458A8
:100F00000D0A005265762E494420207C2020203096
:100F100078253032580D0A002D2D2D2D2D2D2D2DFB
:100F20002B2D2D2D2D2D2D2D2D0D0A005265672ECB
:100F3000202020207C20576572740D0A00454E4306
:100F400032384A36303A0D0A005443502D54582056
:100F50004572726F72733A202564205443502D52AB
:100F600058204572726F72733A2025642028756E7E
:100F7000736F727465642025642C206F6C647365D4
:100F800071202564290D0A0D0A0045746865726E8A
:100F900065743A20256C6420427974657320696E0B
:100FA00020256C64205061636B6574656E204C6F06
:100FB000636B4572726F727320256C640D0A007347
:100FC000746174732E636769007374617473005283
:100FD000657365740072657365740072657365741A
:100FE000007265736574003C666F726D2061637496
:100FF000696F6E3D2272657365742E636769222086
:101000006D6574686F643D22676574222061636357
:101010006570742D636861727365743D2249534F26
:101020002D383835392D31223E3C703E3C696E708A
:10103000757420747970653D227375626D697422D0
:10104000206E616D653D2272657365742220766144
:101050006C75653D227265736574223E3C2F703E4F
:101060003C2F666F726D3E0072657365742E636708
:101070006900726573657400646E73203C686F73F9
:10108000746E616D653E0D0A004950207A75202509
:1010900073203D2025730D0A00646E73004448439D
:1010A00050004950004D41534B00474154450044C6
:1010B0004E53004D41430045696E7374656C6C7509
:1010C0006E67656E2075656265726E6F6D6D656EBB
:1010D000210D0A003C74723E3C746420616C6967A7
:1010E0006E3D227269676874223E4861726477615E
:1010F00072652D4D41433C2F74643E3C74643E3C0C
:10110000696E707574206E616D653D224D4143229C
:1011100020747970653D2274657874222073697A31
:10112000653D223137222076616C75653D2225733D
:1011300022206D61786C656E6774683D22313722BC
:101140003E3C2F74643E3C2F74723E3C74723E3CB5
:1011500074643E3C2F74643E3C74643E3C696E7023
:10116000757420747970653D227375626D6974229F
:101170002076616C75653D222045696E7374656CDF
:101180006C756E67202655756D6C3B6265726E6579
:10119000686D656E20223E3C2F74643E3C2F747255
:1011A0003E3C2F7461626C653E3C2F666F726D3EF3
:1011B000004D4143003C74723E3C746420616C6994
:1011C000676E3D227269676874223E444E532D5308
:1011D00065727665723C2F74643E3C74643E3C6973
:1011E0006E707574206E616D653D22444E532220F1
:1011F000747970653D2274657874222073697A650C
:101200003D223135222076616C75653D22257322A1
:10121000206D61786C656E6774683D223135223EC1
:101220003C2F74643E3C2F74723E00444E53003C8D
:1012300074723E3C746420616C69676E3D22726911
:10124000676874223E476174657761793C2F7464E6
:101250003E3C74643E3C696E707574206E616D65D1
:101260003D22474154452220747970653D227465C2
:101270007874222073697A653D22313522207661A7
:101280006C75653D22257322206D61786C656E67F3
:1012900074683D223135223E3C2F74643E3C2F74ED
:1012A000723E0047415445003C74723E3C746420D9
:1012B000616C69676E3D227269676874223E4E6593
:1012C000747A7765726B6D61736B653C2F74643EE5
:1012D0003C74643E3C696E707574206E616D653D52
:1012E000224D41534B2220747970653D22746578FC
:1012F00074222073697A653D223135222076616C33
:1013000075653D22257322206D61786C656E67746A
:10131000683D223135223E3C2F74643E3C2F74726E
:101320003E004D41534B003C74723E3C746420615E
:101330006C69676E3D227269676874223E49502D60
:10134000416472657373653C2F74643E3C74643E03
:101350003C696E707574206E616D653D2249502246
:1013600020747970653D2274657874222073697ADF
:10137000653D223135222076616C75653D222573ED
:1013800022206D61786C656E6774683D223135226C
:101390003E3C2F74643E3C2F74723E004950003E28
:1013A0003C2F74643E3C2F74723E00636865636B2F
:1013B0006564006F6E003C74723E3C746420616C26
:1013C00069676E3D227269676874223E44484350E3
:1013D00020616B746976696572656E3C2F74643E3A
:1013E0003C74643E3C696E70757420747970653D20
:1013F00022636865636B626F7822206E616D653D64
:101400002244484350222076616C75653D226F6E00
:1014100022200044484350003C666F726D20616397
:1014200074696F6E3D226E6574776F726B2E6367A1
:1014300069223E3C7461626C6520626F7264657201
:101440003D2230222063656C6C70616464696E6754
:101450003D2235222063656C6C73706163696E6731
:101460003D2230223E00636F6E666967003C2F703C
:1014700072653E0D0A007374617473006966636F70
:101480006E666967003C7072653E0D0A000D0A4881
:10149000572D4164723A20253032783A253032781F
:1014A0003A253032783A253032783A253032783A57
:1014B000253032780D0A0D0A00444E533A25730D3B
:1014C0000A00476174657761793A25730D0A004E09
:1014D00065746D61736B3A25730D0A0049503A25A6
:1014E000730D0A006E6574776F726B2E6367690007
:1014F0006966636F6E666967004E5450004E5450C3
:10150000534552564552005554435A4F4E45004597
:10151000696E7374656C6C756E67656E2075656257
:1015200065726E6F6D6D656E210D0A003C74723EC2
:101530003C746420616C69676E3D227269676874EF
:10154000223E534E54502D5365727665723C2F7473
:10155000643E3C74643E3C696E707574206E616DCF
:10156000653D224E545053455256455222207479BF
:1015700070653D2274657874222073697A653D2216
:101580003235222076616C75653D22257322206DEF
:1015900061786C656E6774683D223235223E3C2F5F
:1015A00074643E3C2F74723E3C74723E3C74642002
:1015B000616C69676E3D227269676874223E5A6584
:1015C00069747A6F6E653C2F74643E3C74643E3C73
:1015D000696E707574206E616D653D225554435A75
:1015E0004F4E452220747970653D227465787422CF
:1015F0002073697A653D2233222076616C75653DE2
:1016000022257322206D61786C656E6774683D22B7
:1016100033223E3C2F74643E3C2F74723E3C747205
:101620003E3C74643E3C2F74643E3C74643E3C69B2
:101630006E70757420747970653D227375626D6982
:1016400074222076616C75653D222045696E737445
:10165000656C6C756E67202655756D6C3B626572A6
:101660006E65686D656E20223E3C2F74643E3C2F93
:1016700074723E3C2F7461626C653E3C2F666F72E3
:101680006D3E00300074696D652E66752D62657261
:101690006C696E2E6465003E3C2F74643E3C2F7472
:1016A000723E00636865636B6564006F6E003C6644
:1016B0006F726D20616374696F6E3D226E74702E5F
:1016C000636769223E0D3C7461626C6520626F72D3
:1016D0006465723D2230222063656C6C70616464C5
:1016E000696E673D2235222063656C6C737061639F
:1016F000696E673D2230223E3C74723E3C74642029
:10170000616C69676E3D227269676874223E534E50
:10171000545020616B746976696572656E3C2F74F4
:10172000643E3C74643E3C696E70757420747970DC
:10173000653D22636865636B626F7822206E616D20
:10174000653D224E5450222076616C75653D226FB6
:101750006E2220006E7470203C6E74707365727619
:1017600065723E0D0A004665686C65720D0A004E92
:10177000657565205A6569743A20253032643A25CA
:101780003032643A253032640D0A00486F6C6520AF
:101790005A65697420766F6E2025730D0A004665C0
:1017A000686C65720D0A006E74702E636769006E56
:1017B0007470003C2F7072653E003C7072653E0094
:1017C00065656D656D203C70726F746563743E7CF9
:1017D0003C756E70726F746563743E203C61646426
:1017E000205B6E616D652076616C5D3E203C6465BA
:1017F0006C205B6E616D655D3E203C7072696E743D
:101800003E203C636C65616E3E0D0A00636C656151
:101810006E007072696E740064656C0061646400CF
:10182000756E70726F7465637465740D0A0057523B
:101830004954455F50524F54454354004F4646006B
:10184000756E70726F746563740057524954455FCA
:1018500050524F54454354004F4E0070726F7465A0
:1018600063740065656D656D2E6367690065656D00
:10187000656D0048415550545354454C4C45004506
:101880004947454E454E554D4D45520046455354EA
:1018900045485053540044555243485741484C54CE
:1018A0004142005478500054656C657850686F6E02
:1018B0006520506F72742025642E0D0A00747870B4
:1018C0002D64656275672E636769007478702D6397
:1018D0006F6E6669672E636769007478702D6D732B
:1018E000672E636769003C62723E44757263687775
:1018F00061686C656E3A2025730025642C25642C84
:1019000025642C25642C25642C25642C25642C2529
:10191000642C2564003C62723E4665737465204801
:10192000617570747374656C6C653A202564003C55
:1019300062723E48617570747374656C6C653A20B0
:101940002564003C62723E456967656E65204E7590
:101950006D6D6572206B6F6E6E7465206E69636865
:10196000742067652661756D6C3B6E6465727420CA
:1019700077657264656E003C62723E456967656EAC
:1019800065204E756D6D65723A202564006E657533
:10199000652045696E7374656C6C756E67656E3A2B
:1019A000203C6120687265663D227478702D636FFB
:1019B0006E6669672E636769223E77656974657232
:1019C0003C2F613E003C74723E3C74643E3C696E48
:1019D00070757420747970653D227375626D6974D9
:1019E000222076616C75653D222045696E737465B1
:1019F0006C6C756E67202655756D6C3B6265726EFA
:101A000065686D656E20223E3C2F74643E3C2F74E9
:101A1000723E3C2F7461626C653E3C2F666F726D46
:101A20003E003C74723E3C746420616C69676E3D9C
:101A3000227269676874223E4475726368776168D0
:101A40006C656E3A3C62723E286D6974204B6F6D16
:101A50006D61207472656E6E656E293C2F74643EF4
:101A60003C74643E3C696E707574206E616D653DBA
:101A70002244555243485741484C54414222207415
:101A80007970653D2274657874222073697A653DAA
:101A9000223330222076616C75653D222573222029
:101AA0006D61786C656E6774683D223330223E3C10
:101AB0002F74643E3C2F74723E003E3C2F74643E93
:101AC0003C2F74723E00636865636B6564003C7410
:101AD000723E3C746420616C69676E3D2272696776
:101AE0006874223E6665737465204861757074730E
:101AF00074656C6C653A3C2F74643E3C74643E3C87
:101B0000696E707574206E616D653D224645535453
:101B100045485053542220747970653D22636865AE
:101B2000636B626F78222076616C75653D2231228D
:101B300020003C74723E3C746420616C69676E3DA9
:101B4000227269676874223E4861757074737465A7
:101B50006C6C653A3C2F74643E3C74643E3C696E28
:101B6000707574206E616D653D2248415550545327
:101B700054454C4C452220747970653D227465783B
:101B800074222073697A653D2232222076616C7559
:101B9000653D22256422206D61786C656E677468EE
:101BA0003D2232223E3C2F74643E3C2F74723E0034
:101BB0003C74723E3C746420616C69676E3D2272B5
:101BC00069676874223E456967656E65204E756D6C
:101BD0006D65723A3C2F74643E3C74643E3C696EA1
:101BE000707574206E616D653D22454947454E45CF
:101BF0004E554D4D45522220747970653D227465D5
:101C00007874222073697A653D2232222076616CD5
:101C100075653D22256422206D61786C656E677460
:101C2000683D2232223E3C2F74643E3C2F74723E4B
:101C3000003C68323E46726564732054656C65787A
:101C40002D50686F6E652D496E74657266616365AF
:101C50003C2F68323E3C68333E4772756E646C615F
:101C600067653A204F70656E4D43503C2F68333E98
:101C70003C68313E54656C657850686F6E652045F0
:101C8000696E7374656C6C756E67656E3C2F683138
:101C90003E3C6120687265663D22696E6465782EFF
:101CA00068746D6C223E7A75722675756D6C3B6337
:101CB0006B207A75722048617570747365697465FC
:101CC0003C2F613E3C703E3C666F726D20616374D8
:101CD000696F6E3D227478702D636F6E6669672E32
:101CE000636769223E3C7461626C6520626F726456
:101CF00065723D2230222063656C6C70616464699A
:101D00006E673D2235222063656C6C737061636978
:101D10006E673D2230223E003C2F666F726D3E00A2
:101D20003C703E45696E676162653A203C696E7041
:101D30007574206E616D653D2245696E67616265EF
:101D40002220747970653D2274657874222073694D
:101D50007A653D223635222076616C75653D2222FA
:101D6000206D61786C656E6774683D223635223E61
:101D70003C696E70757420747970653D227375626C
:101D80006D6974222076616C75653D222041627315
:101D9000656E64656E20223E3C703E003C693E44A8
:101DA0007275636B206C2661756D6C3B7566742073
:101DB0006E6F63682C206269747465207761727439
:101DC000656E2E2E2E3C2F693E003C693E466572A4
:101DD0006E736368726569626572207769726420E8
:101DE0006765737461727465742C206269747465BC
:101DF0002077617274656E2E2E2E3C2F693E005442
:101E000065787465696E6761626520737461727468
:101E10006574204665726E73636872656962657287
:101E200000447275636B7370696567656C3A3C62F8
:101E3000723E3C7072653E25733C2F7072653E00A9
:101E40003C68323E46726564732054656C65782D3B
:101E500050686F6E652D496E746572666163653C8E
:101E60002F68323E3C68333E4772756E646C616722
:101E7000653A204F70656E4D43503C2F68333E3CB1
:101E800068313E54656C657850686F6E65204E61B0
:101E9000636872696368743C2F68313E3C612068F6
:101EA0007265663D227478702D6D73672E63676965
:101EB000223E416B7475616C6973696572656E3C35
:101EC0002F613E203C6120687265663D22696E6428
:101ED00065782E68746D6C223E4861757074736508
:101EE0006974653C2F613E3C703E3C666F726D20AC
:101EF000616374696F6E3D227478702D6D73672E07
:101F0000636769223E003C2F484541443E3C424FB6
:101F100044593E003C6D65746120687474702D6591
:101F2000717569763D2272656672657368222063F9
:101F30006F6E74656E743D2225643B2055524C3D96
:101F40007478702D6D73672E636769223E003C487C
:101F5000544D4C3E3C484541443E3C6D65746120C7
:101F6000687474702D65717569763D226578706945
:101F70007265732220636F6E74656E743D22302229
:101F80003E000D0A0045696E676162650045696E35
:101F900067616265003C703E3C6120687265663D29
:101FA00022696E6465782E68746D6C223E48617596
:101FB000707473656974653C2F613E3C703E003CF3
:101FC000703E45746865726E65743A20256C6420B5
:101FD000427974657320696E20256C6420506163BA
:101FE0006B6574656E204C6F636B4572726F7273B4
:101FF00020256C640D0A003C62723E54787054686F
:1020000072656164436F756E74202F203530302007
:102010003D202564003C62723E54696D6572304318
:10202000616C6C6261636B436F756E74202F203539
:102030003030203D202564003C62723E547769496F
:102040007372436F756E74203D202564003C62728C
:102050003E46616C7363686572436F6465203D2022
:102060002564003C62723E4C6562656E737A6569F8
:102070006368656E5A6165686C6572203D202564F1
:10208000003C62723E53656E64654D61726B203D2B
:10209000202564003C62723E536572556D53656E37
:1020A00064446174656E203D202564003C62723E8C
:1020B000536572556D53656E644269744E72203D6E
:1020C000202564002025303258003C62723E507555
:1020D00066666572416E7A61686C2826456D706629
:1020E00050756666657229203D202564003C627249
:1020F0003E527568655A6165686C6572203D2025A1
:1021000064003C62723E536572556D5469636B5A4C
:102110006165686C657253656E64203D20256400BE
:102120003C62723E536572556D5469636B5A6165CA
:10213000686C6572456D7066203D202564003C62C8
:10214000723E536572556D456D70664D61726B5A86
:102150006165686C203D202564003C62723E5365D9
:1021600072556D456D70664665686C6572203D20E0
:102170002564003C62723E536572556D456D706614
:10218000446174656E203D202564003C62723E53BC
:102190006572556D456D70664269744E72203D20C2
:1021A0002564003C62723E427573456D70664D61F8
:1021B000726B203D202564003C62723E5374617452
:1021C0007573203D202564003C62723E4D6F64753E
:1021D00073203D202564003C62723E54696D657237
:1021E0003043616C6C6261636B5F4D6178203D20B0
:1021F0002564003C62723E54696D657230436E74B2
:102200005F4D6178203D202564003C62723E546938
:102210006D657230436E745F4D696E203D2025649C
:10222000005D3C703E44656275674D73673A2025DA
:10223000733C62723E005D3C62723E53656E646543
:10224000546578743A205B003C68323E467265649F
:10225000732054656C65782D50686F6E652D496EDE
:10226000746572666163653C2F68323E3C68333E3C
:102270004772756E646C6167653A204F70656E4D8C
:1022800043503C2F68333E3C68313E54656C657862
:1022900050686F6E652044656275672D496E666F84
:1022A000733C2F68313E3C6120687265663D227444
:1022B00078702D64656275672E636769223E416B95
:1022C0007475616C6973696572656E3C2F613E3C23
:1022D000703E456D7066546578743A205B005465B5
:1022E0006C6E65742D41736369692D566572626900
:1022F0006E64756E67204265656E64656E0D0A00DA
:102300002B2B2B0054656C6E65742D4173636969CA
:102310002D56657262696E64756E672067657472AA
:10232000656E6E740D0A0054656C6E65742D417394
:102330006369692D56657262696E64756E6720689F
:10234000657267657374656C6C740D0A0052657311
:10235000657276696572756E672066FC72204569E4
:102360006E736368616C74756E67206B6F6E6E74EC
:1023700065206E696368742076657273616E64208F
:1023800077657264656E005363686C7573737175FD
:10239000697474756E67206F686E65204175666636
:1023A0006F72646572756E67000D0A0A64617475F8
:1023B0006D3A20253032752E253032752E25303479
:1023C0007520207568727A6569743A202530326408
:1023D0003A253032643A253032640D0A0A002374FB
:1023E0000D6F20686E6D0A6C726769706376657A2E
:1023F00064627379667861776A2375716B23002351
:10240000350D3920232C2E0A29342338303A3D3318
:102410002B233F2736232F2D322323373128230028
:1024200014BE88E10FB6F8948093600010926000AB
:102430000FBE11241FBECFEFD1E2DEBFCDBF00E043
:102440000CBF80917400806880937400579A5F98E5
:102450000E94501E80E00E94461EC0E0D2E2CE01E3
:102460000E94241E89938FEFCF3FD807C1F7C0E0A9
:10247000D2E2EE24FF241881CE010E94241E1817F8
:1024800019F00894E11CF11C19928FEFCF3FD80787
:1024900091F7E114F10421F081E00E94461EFFCF84
:1024A00081E00E94461E80E00E943C1E12E2A0E0F5
:1024B000B2E2EAEDF9EC00E00BBF02C007900D922A
:1024C000A238B107D9F713EAA2E8B2E201C01D921F
:1024D000A33CB107E1F704D00C94EB640C9400002A
:1024E0000E94714182E00E94461E0E94EF4882E0F5
:1024F0000E943C1E83E00E94461E0E94F2480E94F9
:10250000425283E00E943C1E0E946042FDCF109226
:10251000690010926A000895AC018830910554F466
:102520002DB381E090E002C0880F991F4A95E2F731
:10253000282B2DBB0895DC018830910514F08EEF17
:1025400008956430710514F08FEF0895FC01EE0FCB
:10255000FF1FA430B105CCF48091690023E030E086
:102560000E2E02C0220F331F0A94E2F72095282373
:10257000209369008091690002C0660F771FEA9579
:10258000E2F7862B8093690018C080916A0023E0EF
:1025900030E00E2E02C0220F331F0A94E2F720957E
:1025A000282320936A0080916A0002C0660F771F7B
:1025B000EA95E2F7862B80936A00FD01EE0FFF1F7C
:1025C000EE57FD4D51834083CD01A6DF80E0089595
:1025D000AC01883091055CF42DB381E090E002C03D
:1025E000880F991F4A95E2F7809582238DBB089545
:1025F0001F920F920FB60F920BB60F9211242F93CA
:102600003F934F935F936F937F938F939F93AF937A
:10261000BF93EF93FF93E0918222F091832219956B
:10262000FF91EF91BF91AF919F918F917F916F91AA
:102630005F914F913F912F910F900BBE0F900FBE66
:102640000F901F9018951F920F920FB60F920BB616
:102650000F9211242F933F934F935F936F937F9328
:102660008F939F93AF93BF93EF93FF93E091842257
:10267000F09185221995FF91EF91BF91AF919F91B4
:102680008F917F916F915F914F913F912F910F901B
:102690000BBE0F900FBE0F901F9018951F920F92B8
:1026A0000FB60F920BB60F9211242F933F934F93B7
:1026B0005F936F937F938F939F93AF93BF93EF93AA
:1026C000FF93E0918622F09187221995FF91EF9177
:1026D000BF91AF919F918F917F916F915F914F913A
:1026E0003F912F910F900BBE0F900FBE0F901F9038
:1026F00018951F920F920FB60F920BB60F921124DE
:102700002F933F934F935F936F937F938F939F93F9
:10271000AF93BF93EF93FF93E0918822F0918922CA
:102720001995FF91EF91BF91AF919F918F917F91FB
:102730006F915F914F913F912F910F900BBE0F9032
:102740000FBE0F901F9018951F920F920FB60F9209
:102750000BB60F9211242F933F934F935F936F9378
:102760007F938F939F93AF93BF93EF93FF93E091EA
:102770008A22F0918B221995FF91EF91BF91AF9131
:102780009F918F917F916F915F914F913F912F9189
:102790000F900BBE0F900FBE0F901F9018951F92B9
:1027A0000F920FB60F920BB60F9211242F933F93F7
:1027B0004F935F936F937F938F939F93AF93BF9349
:1027C000EF93FF93E0918C22F0918D221995FF9168
:1027D000EF91BF91AF919F918F917F916F915F9199
:1027E0004F913F912F910F900BBE0F900FBE0F9006
:1027F0001F9018951F920F920FB60F920BB60F9263
:1028000011242F933F934F935F936F937F938F93F5
:102810009F93AF93BF93EF93FF93E0918E22F0913C
:102820008F221995FF91EF91BF91AF919F918F9159
:102830007F916F915F914F913F912F910F900BBEC0
:102840000F900FBE0F901F9018951F920F920FB60A
:102850000F920BB60F9211242F933F934F935F93D8
:102860006F937F938F939F93AF93BF93EF93FF9358
:10287000E0919022F09191221995FF91EF91BF91F3
:10288000AF919F918F917F916F915F914F913F9108
:102890002F910F900BBE0F900FBE0F901F901895A9
:1028A000FC01EE0FFF1FEE0FFF1FE80FF91FEE52A6
:1028B000FD4D86E084830895613011F4845E0895AF
:1028C000673008F0615060FD02C08FE108958EE12D
:1028D0000895A0E0B0E0EFE6F4E10C946160EC0153
:1028E0008E849F84A888B988EE84FF84088919891A
:1028F000698570E080E090E020E13EE040E050E05B
:102900000E94F35FE60EF71E081F191FEE86FF8672
:10291000088B198B8CE697E098878F836E857F856F
:102920008889998920E831E541E050E00E943960CA
:10293000162F072FF82EE92E6E857F8588899989B5
:1029400020E831E541E050E00E9439606901612FE3
:10295000702F8F2D9E2D2CE330E040E050E00E9440
:1029600039606983612F702F8F2D9E2D20E13EE00D
:1029700040E050E00E9439602CE330E040E050E05D
:102980000E9439602A83612F702F8F2D9E2D20E1A8
:102990003EE040E050E00E9439602B83C601019682
:1029A00067E070E00E9412608C8322C08F8198855E
:1029B00083709070892B99F48F81988564E670E01C
:1029C0000E941260892B41F48F81988560E971E043
:1029D0000E941260892B19F48EE691E002C08DE608
:1029E00091E0C81AD90A8F819885019698878F83BC
:1029F0008F81988583709070892B99F48F81988549
:102A000064E670E00E941260892B41F48F81988502
:102A100060E971E00E941260892B19F48EE691E062
:102A200002C08DE691E0C816D90608F0BFCF1E821D
:102A300028C08F81988583709070892B19F080E071
:102A400090E018C08F81988564E670E00E94126063
:102A5000892B19F081E090E00DC08F81988520E0EE
:102A600030E060E971E00E941260892B11F421E0EE
:102A700030E0C9016E8120DFC81AD1088E818F5FD6
:102A80008E838F81988583709070892B19F080E0F8
:102A900090E018C08F81988564E670E00E94126013
:102AA000892B19F081E090E00DC08F81988520E09E
:102AB00030E060E971E00E941260892B11F421E09E
:102AC00030E0C9016E81F8DE90E0C816D90608F042
:102AD000B0CF8E818F5F8E838C2D8F5F8D838E81A3
:102AE000833010F430E007C08E8130E08B3008F086
:102AF00031E081E038278D812C8190E0821B9109A3
:102B0000499754F08C81882319F48B81823020F00E
:102B10008E818A3021F440C08E818330E9F13323E5
:102B2000D9F18B818F5F8B838B818831A9F51B82D3
:102B30008C818F5F8C838C81873009F41C821D818E
:102B40008F81988583709070892B19F080E090E0D8
:102B500018C08F81988564E670E00E941260892B0E
:102B600019F081E090E00DC08F81988520E030E081
:102B700060E971E00E941260892B11F421E030E0DD
:102B8000C9016E8199DE181721F41D828E818F5F35
:102B90008E838D818F5F8D838E869F86A88AB98A6A
:102BA000CDB7DEB7ECE00C947D601F93CF93DF933D
:102BB000809172238F5F8093722380917223843679
:102BC00011F011E053C010927223809173238F5F34
:102BD0008093732380917C2390917D23A0917E2309
:102BE000B0917F230196A11DB11D80937C2390930A
:102BF0007D23A0937E23B0937F23809180239091A7
:102C00008123A0918223B09183230196A11DB11D40
:102C10008093802390938123A0938223B093832376
:102C2000809173238C3311F012E020C01092732333
:102C3000809174238F5F80937423809174238C33ED
:102C400011F013E013C010927423809175238F5FED
:102C50008093752382E793E23CDE8091752388316F
:102C600011F014E003C01092752315E0C0E0D0E02D
:102C7000FE01EE0FFF1FEE0FFF1FEC56FD4D808192
:102C8000181798F0FE01EE0FFF1FEE0FFF1F123016
:102C900028F0EE56FD4D81E0838307C0EE56FD4DD2
:102CA00013820190F081E02D19952196C031D10554
:102CB000F9F620E030E0F901EE0FFF1FEE0FFF1FE5
:102CC000EE56FD4DDF0113968381813041F41C9255
:102CD0000190F081E02D199520E030E006C02F5FD3
:102CE0003F4F2031310539F7F7CFF901EE0FFF1FC4
:102CF000EE0FFF1FE20FF31FEE52FD4D84811817F8
:102D000098F080819181A281B3810097A105B105DE
:102D100059F080819181A281B3810197A109B10904
:102D200080839183A283B3832F5F3F4F203231058D
:102D3000E1F6DF91CF911F9108950F931F938C01BE
:102D40002CD182E793E2B80142E150E00E942A616F
:102D50002AD180E090E01F910F9108950F931F9367
:102D60008C011BD1C80162E773E242E150E00E948E
:102D70002A6119D180E090E01F910F910895EF92A0
:102D8000FF920F931F938C0108D1F801EE0FFF1FE4
:102D9000EE0FFF1FE00FF11FEE52FD4DE080F180BE
:102DA0000281138100D1C7011F910F91FF90EF9015
:102DB0000895BF92CF92DF92EF92FF920F931F93ED
:102DC0006C017B01B42EE9D000E010E0F601EE0FBB
:102DD000FF1FEE0FFF1FEC0DFD1DEE52FD4DE082BB
:102DE000F18202831383B482DED01F910F91FF9092
:102DF000EF90DF90CF90BF900895CF93DF93CDD029
:102E0000C0E0D0E0FE01EE0FFF1FEE0FFF1FEC0F42
:102E1000FD1FEE52FD4D8481863031F41082118207
:102E200012821382C0D007C02196C032D10551F75B
:102E3000BAD0CFEFDFEFCE01DF91CF9108951F938E
:102E4000CF93DF93EC01162FA8D020E030E0F901FA
:102E5000EE0FFF1FEE0FFF1FEE56FD4D808191819B
:102E60008C179D07E9F02F5F3F4F2031310579F72F
:102E7000E0E0F0E0DF01AA0FBB1FAA0FBB1FAE56B8
:102E8000BD4D8D919C911197892B69F41196DC931E
:102E9000CE93EE0FFF1FEE0FFF1FEC56FD4D10837C
:102EA00082D080E006C03196E031F10519F77BD081
:102EB0008FEFDF91CF911F91089520E030E0F9016D
:102EC000EE0FFF1FEE0FFF1FEE56FD4D1182108219
:102ED000F901EE0FFF1FEE0FFF1FEC56FD4D86E0D0
:102EE00080832F5F3F4F2031310549F720E030E0EC
:102EF000F901EE0FFF1FEE0FFF1FE20FF31FEE525F
:102F0000FD4D108211821282138286E084832F5F2E
:102F10003F4F2032310561F710927C2310927D23C0
:102F200010927E2310927F2310928023109281238F
:102F3000109282231092832310927B2382E793E2E4
:102F4000C8DC84E690E060E070E003D085ED95E1B8
:102F50005DC00F931F938B011092852310928423E1
:102F60002AE0209381009C0183E0220F331F8A9581
:102F7000E1F740E050E060E074E284EF90E00E940E
:102F80003960201B310B309389002093880082E048
:102F900080936F001F910F910895EFE6F0E080811C
:102FA0008D7F80830895EFE6F0E0808182608083EA
:102FB00008951F920F920FB60F920BB60F92112425
:102FC0002F933F934F935F936F937F938F939F9331
:102FD000AF93BF93EF93FF93E0918423F091852308
:102FE000309709F01995FF91EF91BF91AF919F91A3
:102FF0008F917F916F915F914F913F912F910F90A2
:103000000BBE0F900FBE0F901F9018952091842338
:10301000309185232817390711F481E00895232B77
:1030200011F080E00895909385238093842381E0BC
:1030300008959C01FC0193E0EE0FFF1F9A95E1F7C4
:10304000220F331FE20FF31FE35CFD4D0190F0816F
:10305000E02D19950895FC01EE0FFF1FEE0FFF1FE5
:10306000E80FF91FEE0FFF1FE15CFD4D0190F081AD
:10307000E02D862F199508959C01FC0193E0EE0F39
:10308000FF1F9A95E1F7220F331FE20FF31FE35C56
:10309000FD4D0680F781E02DCB01BA011995089509
:1030A0009C01FC0193E0EE0FFF1F9A95E1F7220FC0
:1030B000331FE20FF31FE55AFD4D0190F081E02D23
:1030C00019950895FC01EE0FFF1FEE0FFF1FE80F8B
:1030D000F91FEE0FFF1FE35AFD4D0190F081E02D27
:1030E000862F199508959C01FC0153E0EE0FFF1FF8
:1030F0005A95E1F7220F331FE20FF31FE55AFD4DFA
:103100000480F581E02D199508959C01FC0173E080
:10311000EE0FFF1F7A95E1F7220F331FE20FF31F27
:10312000E55AFD4D0680F781E02D199508951F920F
:103130000F920FB60F920BB60F9211248F93EF934D
:10314000FF93E1ECF0E080818F7B808310928623F7
:10315000FF91EF918F910F900BBE0F900FBE0F90CC
:103160001F9018951F920F920FB60F920BB60F92E9
:1031700011242F933F934F935F936F937F938F937C
:103180009F93AF93BF93EF93FF9380918923909187
:103190008A230E94813F892B49F080918923909155
:1031A0008A230E94EF3F8093C6000AC08091C1002D
:1031B00080648093C1008091C1008F7D8093C100A5
:1031C000FF91EF91BF91AF919F918F917F916F91FF
:1031D0005F914F913F912F910F900BBE0F900FBEBB
:1031E0000F901F9018951F920F920FB60F920BB66B
:1031F0000F9211241F932F933F934F935F936F93DD
:103200007F938F939F93AF93BF93EF93FF9310910F
:10321000C60080918723909188230E94813F8F3F31
:10322000910509F03CF48091872390918823612FC8
:103230000E949A3FFF91EF91BF91AF919F918F9123
:103240007F916F915F914F913F912F911F910F90BF
:103250000BBE0F900FBE0F901F9018951F920F92EC
:103260000FB60F920BB60F9211248F93EF93FF932B
:10327000E9ECF0E080818F7B808310928B23FF91BB
:10328000EF918F910F900BBE0F900FBE0F901F907C
:1032900018951F931FB7F89480918C2590918D25D8
:1032A0000E94813F1FBF1F9108951F931FB7F8947D
:1032B00080918C2590918D250E94813F892B11F45E
:1032C00080E006C080918C2590918D250E94EF3F73
:1032D0001FBF1F9108951F920F920FB60F920BB64A
:1032E0000F9211242F933F934F935F936F937F938C
:1032F0008F939F93AF93BF93EF93FF9380918E250E
:1033000090918F250E94813F892B49F080918E25D5
:1033100090918F250E94EF3F8093CE000AC080914C
:10332000C90080648093C9008091C9008F7D80931B
:10333000C900FF91EF91BF91AF919F918F917F91C4
:103340006F915F914F913F912F910F900BBE0F9016
:103350000FBE0F901F9018950F931F93182F0FB744
:10336000F89480918E2590918F250E94813F892B22
:1033700031F580918B23813091F480918E2590914D
:103380008F25612F0E949A3F8091C9008F7B809387
:10339000C9008091C90080628093C90024C0109345
:1033A000CE008091C90080648093C9008091C900DB
:1033B0008F7D8093C90081E080938B2314C0F894A3
:1033C00080918E2590918F250E94813F8F3F91059E
:1033D00019F014F00FBFF3CF80918E2590918F25B7
:1033E000612F0E949A3F0FBF1F910F9108951F9266
:1033F0000F920FB60F920BB60F9211241F932F93BB
:103400003F934F935F936F937F938F939F93AF936C
:10341000BF93EF93FF931091CE0080918C259091F4
:103420008D250E94813F8F3F910509F03CF48091EA
:103430008C2590918D25612F0E949A3FFF91EF91ED
:10344000BF91AF919F918F917F916F915F914F91BC
:103450003F912F911F910F900BBE0F900FBE0F90B9
:103460001F9018958CE894E260E071E00E94553F4F
:1034700090938D2580938C258CE893E260E071E039
:103480000E94553F90938F2580938E2510928B2319
:103490001092CD0087E68093CC0088E98093C90024
:1034A00086E08093CA000895362F3770669566953A
:1034B0006695623009F44AC0633030F4662371F0D7
:1034C000613009F0B0C026C0643009F477C06430C0
:1034D00008F458C0653009F0A6C08BC0813059F49B
:1034E00021B181E090E002C0880F991F3A95E2F780
:1034F000282B21B998C0823009F095C021B181E014
:1035000090E002C0880F991F3A95E2F780958223D8
:1035100081B989C0813059F424B181E090E002C0C2
:10352000880F991F3A95E2F7282B24B97CC0823086
:1035300009F079C024B181E090E002C0880F991FA2
:103540003A95E2F78095822384B96DC0813059F4B1
:1035500027B181E090E002C0880F991F3A95E2F709
:10356000282B27B960C0823009F05DC027B181E007
:1035700090E002C0880F991F3A95E2F78095822368
:1035800087B951C0813059F42AB181E090E002C07E
:10359000880F991F3A95E2F7282B2AB944C0823048
:1035A00009F041C02AB181E090E002C0880F991F64
:1035B0003A95E2F7809582238AB935C0813059F473
:1035C0002DB181E090E002C0880F991F3A95E2F793
:1035D000282B2DB928C0823031F52DB181E090E043
:1035E00002C0880F991F3A95E2F7809582238DB922
:1035F0001AC0813059F420B381E090E002C0880FF6
:10360000991F3A95E2F7282B20BB0DC0823059F460
:1036100020B381E090E002C0880F991F3A95E2F74D
:103620008095822380BB8FEF90E00895382F37700C
:10363000869586958695823031F1833030F48823E3
:1036400061F0813009F04AC013C0843091F18430B8
:1036500028F1853009F042C037C022B181E090E006
:1036600002C0880F991F3A95E2F7282B22B936C07D
:1036700025B181E090E002C0880F991F3A95E2F7EA
:10368000282B25B92BC028B181E090E002C0880F1B
:10369000991F3A95E2F7282B28B920C02BB181E079
:1036A00090E002C0880F991F3A95E2F7282B2BB9BA
:1036B00015C02EB181E090E002C0880F991F3A95A5
:1036C000E2F7282B2EB90AC021B381E090E002C0B6
:1036D000880F991F3A95E2F7282B21BB8FEF90E0D6
:1036E0000895382F3770869586958695823041F1FA
:1036F000833030F4882361F0813009F050C014C069
:103700008430B1F1843040F1853009F048C03CC0CC
:1037100022B181E090E002C0880F991F3A95E2F74C
:103720008095822382B93BC025B181E090E002C040
:10373000880F991F3A95E2F78095822385B92FC0AB
:1037400028B181E090E002C0880F991F3A95E2F716
:103750008095822388B923C02BB181E090E002C01C
:10376000880F991F3A95E2F7809582238BB917C08D
:103770002EB181E090E002C0880F991F3A95E2F7E0
:10378000809582238EB90BC021B381E090E002C006
:10379000880F991F3A95E2F78095822381BB8FEFBE
:1037A00090E00895FF920F931F93CF93DF93EC0166
:1037B0008B01FFB6F894739881E090E06AE705C04A
:1037C000F80161918F0181E090E045DC2197FFEFE6
:1037D000CF3FDF07A9F783E08A9501F0E9F7C895A5
:1037E000739AFFBECDB7DEB7E5E00C9484600F930B
:1037F0001F93142F0FB7F89473986F71682B81E0A3
:1038000090E029DC81E090E0612F25DC83E08A955F
:1038100001F0E9F7C895739A0FBF1F910F910895B2
:103820001F93CF93DF93182FC82FD0E0C076D070AE
:103830008091902590E0C817D90781F080EA6FE168
:1038400043E0D5DF85E0D595C7958A95E1F780E817
:103850006FE14C2FCCDF107610939025DF91CF9144
:103860001F9108950F931F93182F062FD9DF80E41F
:10387000612F402FBCDF1F910F9108950F931F936D
:103880008C0184EEF8016081EDDF85EEF801618145
:10389000E9DF82EEF8016281E5DF83EEF801638102
:1038A000E1DF80EEF8016481DDDF81EEF801658102
:1038B000D9DF1F910F9108950F931F93162F0FB704
:1038C000F89473986F71682B81E090E0C4DB81E01D
:1038D00090E060E0C0DB17FF04C081E090E060E0B2
:1038E000BADB93E09A9501F0E9F7C895739A0FBF98
:1038F0001F910F9108951F93182F92DF80E0612F81
:10390000DBDF1F9108950F931F93CF93DF93EC019B
:103910008B018FE1F0DF83FDFCCF82E060E0A2DF6E
:1039200083E068E19FDF86E06C2F9CDFC050D84EBB
:103930006D2F772767FD7A95C050D84187E092DFD9
:103940008AE760E040E053DFCE01B8012BDF80E87A
:103950006FE140E84CDF80EA6FE140E848DF80E853
:103960006FE148E044DFDF91CF911F910F910895FF
:1039700082E7C1DF90E008950F931F93982F8B018A
:1039800084ED692F6FDF86ED602F6CDF012F110F43
:10399000110B87ED602F66DF8AEEADDF80FDFCCF77
:1039A0001F910F91089581E090E043DB6B9A739A29
:1039B0008FEF60E04FEF1BDF8DE19DDF80FFFCCFDD
:1039C000109292251092912588E060E04BDF89E00B
:1039D00060E048DF8CE060E045DF8DE060E042DFE2
:1039E0008AE06EEF3FDF8BE067E13CDF84E060E080
:1039F00039DF85E068E136DF88E361EA33DF80ECB8
:103A00006DE030DF81EC60E02DDF88EC63E02ADFE1
:103A100080E862EC42E3EBDE86EC62E123DF87ECD8
:103A20006CE020DF84EC62E11DDF8AEC6EEE1ADFD1
:103A30008BEC65E017DF80E160E071E09DDF8FE1F6
:103A4000EFDE80E86BE140ECD2DE80E86FE144E03D
:103A5000CEDE84E166E774E08FCF0F931F93682F6B
:103A600084ED00DF82ED61E0FDDE8AEE44DF80FD63
:103A7000FCCF82ED60E0F6DE88ED3DDF082F10E040
:103A800089ED39DF382F20E0202B312BC9011F9120
:103A90000F91089581E0E1DF96958795969587953A
:103AA00080958170089580EA6FE14CE0A0DE80E0AF
:103AB000D4DFBC017E7F80E05FDF82EC1CDF682FFB
:103AC00070E06E7F82ECCEDE84EC65E1CBDE86ECCE
:103AD00062E1C8DE87EC6CE0C5DE80E86FE144E0BF
:103AE00086CEDF92EF92FF920F931F938C017B01A2
:103AF000DFB6F894739881E090E06AE3ACDA81E095
:103B000090E0B701A801B8DA83E08A9501F0E9F7FF
:103B1000C895739ADFBE1F910F91FF90EF90DF90D1
:103B20000895A0E0B0E0E7E9FDE10C946360EC01EA
:103B30007B018CE1E0DE86FD05C089E3DCDE8823C5
:103B400009F43DC080E0609191258CDE6091922562
:103B500081E088DE8AE360E0AFDE082F10E010939A
:103B60009225009391258AE360E0A6DE382F20E0BD
:103B7000202B312B30939225209391258AE360E00E
:103B80009BDEA82EBB248AE360E096DE382F20E07F
:103B9000A22AB32A8AE360E08FDE8AE360E08CDE4B
:103BA000CA15DB057CF48CE0609191255BDE6091A9
:103BB00092258DE057DE80E86EE140E418DEAA240D
:103BC000BB243CC0C501B7018CDF89E094DE182F0F
:103BD00000E088E090DEC82E8BE08DDEF82EEE242B
:103BE0008AE089DEC82FD0E0CE29DF2960919125B7
:103BF00070919225CB010197DD240C291D29801796
:103C0000910718F0C817D90748F48CE06C2F2ADE0A
:103C10006D2F772767FD7A958DE00BC061508CE0A2
:103C200021DE2091912530919225215030408DE068
:103C3000632F18DE80E86EE140E4D9DDC501CDB721
:103C4000DEB7EAE00C947F60292F280F892F90E0DF
:103C50006DE070E00E94126090E007C027FF03C093
:103C6000220F216001C0220F9F5F9817B8F38830A0
:103C700008F02095822F0895843038F4E82FF0E082
:103C8000E453FF4FE4918E2F2CCD0895843038F407
:103C9000E82FF0E0E453FF4FE4918E2FC7CC089556
:103CA0001F93CF93DF93CCECD0E010E0FE01649142
:103CB00081E0FADB812FE0DF21961F5F1430B1F73E
:103CC000DF91CF911F91089585B1836085B984B14B
:103CD000876084B9239880E58CBD81E08DBD08950F
:103CE0008EBD0DB407FEFDCF8EB50895DC018C911D
:103CF0008EBD81E090E009C0FD01E80FF91FE08171
:103D00000DB407FEFDCFEEBD019686179707A0F311
:103D10000DB407FEFDCF0895AC011EBC20E030E0DD
:103D20000BC00DB407FEFDCF1EBC8EB5FA01E20F2D
:103D3000F31F80832F5F3F4F2617370790F30DB493
:103D400007FEFDCF0895E4ECF0E0118210826A9A3C
:103D500080EC8093C20088E18093C10011821082C0
:103D60000895982F8091C00085FFFCCF9093C600E6
:103D70008091C00087FFFCCF8091C6000895DC01D0
:103D80008C918093C60021E030E00CC0FD01E20F71
:103D9000F31FE0818091C00085FFFCCFE093C60057
:103DA0002F5F3F4F261737078CF38091C00087FFA6
:103DB000FCCF0895AC0120E030E013C08091C0003A
:103DC00085FFFCCF8FEF8093C6008091C00087FFF6
:103DD000FCCF8091C600FA01E20FF31F80832F5FB2
:103DE0003F4F6217730754F78091C00085FFFCCFE7
:103DF0000895299884B18A6084B922980895282F5B
:103E000090E080E0880F27FF02C02B9A01C02B981A
:103E1000299A1A99816029989F5F983011F0220F92
:103E2000F1CF089520E030E013C0FC01E20FF31F52
:103E3000E08140E0E7FF02C02B9A01C02B98299A4D
:103E400029984F5F483011F0EE0FF4CF2F5F3F4FAE
:103E50002617370750F30895FC012B9880E090E077
:103E600030E00BC020E0330F299A1A99316029986D
:103E70002F5F2830C1F7319301968617970790F38B
:103E800008951F93109294251092932512E014BD6B
:103E90009C01442737FD4095542F542F432F322F38
:103EA000222760E074E284EF90E00E94396027BD31
:103EB00084E085BD10936E001F9108951F920F92AC
:103EC0000FB60F920BB60F9211242F933F934F937F
:103ED0005F936F937F938F939F93AF93BF93EF9372
:103EE000FF93E0919325F0919425309709F019956F
:103EF000FF91EF91BF91AF919F918F917F916F91C2
:103F00005F914F913F912F910F900BBE0F900FBE7D
:103F10000F901F9018952091932530919425281784
:103F2000390711F48FEF0895232B11F080E00895E5
:103F300090939425809393258FEF0895A0E0B0E0AF
:103F4000E4EAFFE10C9463606C017B01B62EAF2CB8
:103F50008B01025F1F4FFB018685682F70E06F7039
:103F60007070660F771F660F771F625F7F4FE701E4
:103F7000C60FD71F6E5070408881882309F441C056
:103F8000883009F04AC0F80184859585A685B785F3
:103F9000808B918BA28BB38B80911B2290911C22E2
:103FA000A0911D22B0911E2284879587A687B7878E
:103FB00013861286C8010E948A3A0E94E142F801E3
:103FC00093878287188219828A81883F18F08B81B3
:103FD0008F5F8B838A81885F8A832B2D3A2DC9015D
:103FE000FC01A4E1B2E2868180838D9186833196C3
:103FF00022E2AA31B207B9F7C601B7010E94E12E49
:104000000CC08C819D818D519C4A39F48091122283
:10401000813019F482E080931222CDB7DEB7EAE056
:104020000C947F609C01863091051CF0EFEFFFEF50
:1040300012C08FB7F894F901EE0FFF1FE20FF31FC4
:1040400093E0EE0FFF1F9A95E1F7EB56FA4D0190C2
:10405000F081E02D8FBFCF0108959C01863091053E
:104060001CF02FEF3FEF11C08FB7F894F901EE0F5E
:10407000FF1FE20FF31F53E0EE0FFF1F5A95E1F70A
:10408000EB56FA4D228933898FBFC90108959C01EF
:10409000863091051CF02FEF3FEF17C08FB7F894D3
:1040A000F901EE0FFF1FE20FF31F93E0EE0FFF1F6A
:1040B0009A95E1F7EB56FA4D138A128A20E130E027
:1040C000318320838FBF20E030E0C901089586301E
:1040D00091051CF02FEF3FEF44C04FB7F8949C01BF
:1040E000220F331F280F391FD90153E0AA0FBB1F1E
:1040F0005A95E1F7AB56BA4D8D919C911197892B4A
:1041000069F111961C921E92F90193E0EE0FFF1FC8
:104110009A95E1F7E956FA4D1082118212821382C4
:10412000F90183E0EE0FFF1F8A95E1F7E356FA4DA0
:104130001182108217961C921E92169753961C920B
:104140001E92529751961C921E92509755961C9211
:104150001E92549757961C921E9256974FBF20E07E
:1041600030E0C9010895CF93DF93C0E0D0E0CE01E5
:10417000AEDF2196C630D105D1F7DF91CF910895FA
:104180004FB7F894E5E9F5E220E030E080819181D5
:10419000892B41F02F5F3F4F789626303105B1F7DC
:1041A0002FEF3FEF4FBFC9010895EF92FF920F939A
:1041B0001F93CF93DF937B01FA01863091051CF0AA
:1041C0002FEF3FEF32C02685C22FD0E0CF70D070E6
:1041D000CC0FDD1FCC0FDD1F2E96CE0FDF1F8C0105
:1041E000000F111F080F191F23E0000F111F2A9540
:1041F000E1F7F801E356FA4D808191810E94E14296
:104200009B838A830B561A4DF801868197810E9401
:10421000E142998388831F821E82C70108960E940B
:10422000E1429D838C8320E030E0C901CDB7DEB749
:10423000E6E00C948360A0E0B0E0E1E2F1E20C94EF
:1042400060605C01BEE08B2E912C880E991EDC0113
:104250001E968C91C82FD0E0CF70D070CC0FDD1F90
:10426000CC0FDD1F2E96CA0DDB1D7FB6F894F7E943
:10427000EF2EF5E2FF2ECC24DD24F7010481158119
:104280008A819B810E94E1420817190709F04EC0FC
:10429000D70116960D911C911797888199810E94DC
:1042A000E1420817190709F43FC0F7018681978199
:1042B000892BE1F580819181A281B3810097A105CD
:1042C000B105A1F58601000F111F0C0D1D1DF80190
:1042D00073E0EE0FFF1F7A95E1F7E956FA4DD4012E
:1042E0001C962D913D914D915C911F9720833183B8
:1042F00042835383888199810E94E14263E0000FE9
:10430000111F6A95E1F7F801E356FA4D9183808316
:10431000E6E0F0E0AE0EBF1EC80181569A4DB50131
:1043200046E050E00E942A6196010EC00894C11C2C
:10433000D11C88E190E0E80EF91E96E0C916D10480
:1043400009F09BCF2FEF3FEF7FBEC901CDB7DEB79E
:10435000EDE00C947C60A0E0B0E0E1EBF1E20C94C5
:104360005F603B01FB011685CB0165DF4C01FFEF70
:104370008F3F9F0709F490C0C12FD0E0CF70D0705D
:10438000CC0FDD1FCC0FDD1F2E96C60DD71D8C81E7
:104390009D810E94E142089709F47EC0F301868561
:1043A000E82EFF24FFE0EF22FF24EE0CFF1CEE0CB2
:1043B000FF1C86E190E0E80EF91E6401CC0CDD1CC8
:1043C000C80CD91C860143E0000F111F4A95E1F784
:1043D0000B561A4DF801A688B788A114B10449F10B
:1043E0008C819D810E94E142BC01C3018E0D9F1D05
:1043F000F501199580E190E0F80191838083F60141
:1044000033E0EE0FFF1F3A95E1F7E356FA4D1182C4
:104410001082F60123E0EE0FFF1F2A95E1F7E9561F
:10442000FA4D1082118212821382F801138A128AC5
:1044300033C0F80180819181409771F58C819D8115
:104440000E94E142F8014089518908978417950735
:1044500040F48C819D810E94E1429C0128503040B3
:1044600001C09A01F401EE0FFF1FE80DF91D83E072
:10447000EE0FFF1F8A95E1F7EB56FA4D228B338B37
:1044800080E290E091838083E60CF71C8489958913
:10449000B701A9010E942A61CDB7DEB7EEE00C9406
:1044A0007B60A0E0B0E0E7E5F2E20C945D604C01D7
:1044B0003B018A014DB65EB686E0881691041CF079
:1044C0002FEF3FEF49C00E94BA2EBAE2AB2EB12CBB
:1044D000A60CB71CEDB7FEB7EA19FB090FB6F894A6
:1044E000FEBF0FBEEDBFCDB6DEB60894C11CD11C19
:1044F00085E4F60186878DB79EB78B96B801A30138
:104500000E942A617401EE0CFF1CE80CF91CF3E018
:10451000EE0CFF1CFA95E1F7F701E956FA4D6081C0
:104520007181828193819301285F3F4F41E1860130
:104530000E945932C401B301A60137DEC70181567A
:104540009A4DB6010E94792EC501B6010E94E12E56
:104550000E94942E20E030E0C9010FB6F8945EBEB0
:104560000FBE4DBE2096E0E10C9479606F927F9271
:104570009F92AF92BF92CF92DF92EF92FF920F93F2
:104580001F93CF93DF936B017C01EA0139019FB642
:10459000F894F6DD5C018FEFA8168FEFB80609F4EA
:1045A00098C0F501EE0FFF1FEA0DFB1D53E0EE0F63
:1045B000FF1F5A95E1F7DF01AB56BA4D80E190E05D
:1045C00011969C938E93E356FA4DD183C083C334E6
:1045D000D10539F484E490E017969C938E93169756
:1045E00006C0C095D0951796DC93CE931697C5015B
:1045F000880F991F8A0D9B1D23E0880F991F2A950C
:10460000E1F7FC01E956FA4DC082D182E282F382E1
:10461000AC01FA01EB56FA4D138A128A718A608A4C
:10462000158B048B178A168A8FEFC8168FEFD80662
:104630008FEFE8068FEFF80659F100911F221091D5
:104640002022209121223091222200951095209540
:10465000309580911B2290911C22A0911D22B09137
:104660001E228C259D25AE25BF2580239123A223C4
:10467000B3230097A105B105E9F4D701C601802352
:104680009123A223B32380179107A207B30741F414
:104690008FEF82878387848785878687878719C07E
:1046A0009FBE41565A4DC701B6010E94B6309FB613
:1046B000F8940FC09FBE60912322709124228091B4
:1046C00025229091262241565A4D0E94B6309FB61F
:1046D000F8949FBEC501DF91CF911F910F91FF907C
:1046E000EF90DF90CF90BF90AF909F907F906F90B2
:1046F000089510921322089581E080931322089563
:1047000020E030E088E290E1289FF001299FF00D41
:10471000389FF00D1124E35DF94D8081882321F449
:1047200086899789892B39F02F5F3F4F26303105D5
:1047300049F72FEF3FEFC9010895AC0120E030E0C9
:10474000F901EE0FFF1FE35EF84780819181892B0D
:1047500029F45183408320E030E007C02F5F3F4FB2
:104760002430310569F72FEF3FEFC9010895AC01FF
:1047700020E030E0F901EE0FFF1FE35EF847808193
:1047800091818417950719F420E030E007C02F5F6E
:104790003F4F2430310571F72FEF3FEFC9010895E6
:1047A000DC014FEF5FEF6EE170E020E030E08AE087
:1047B00094E0289FF001299FF00D389FF00D1124FF
:1047C000EE0FFF1FEE0FFF1FEF5CF94D808191810F
:1047D0008A179B07C1F488E290E1289FF001299F86
:1047E000F00D389FF00D1124E35DF94D80818F307D
:1047F00051F4868997898617970728F466897789FF
:1048000080E18083A9012F5F3F4F2630310579F683
:10481000CA0108959C018630910510F08FEF08952C
:1048200088E290E1289FF001299FF00D389FF00D5C
:104830001124E35DF94D808108959C018630910536
:10484000A0F488E290E1289FF001299FF00D389FA5
:10485000F00D1124E35DF94D8081803131F486A1A2
:1048600097A10E94813F9C0102C02FEF3FEFC90139
:104870000895A0E0B0E0EFE3F4E20C9465606C0111
:10488000FB01EA0137C08081813041F08130A0F125
:104890009F012F5F3F4F883029F503C03196219744
:1048A00029C0018110E079010894E11CF11C88E223
:1048B00090E19C01C29EC001C39E900DD29E900DBE
:1048C00011248B5B994DB70144E050E00E942A61AE
:1048D00002501040F701E00FF11F0E5F1F4FC01B89
:1048E000D10B08C0818190E0F901E80FF91F3197E1
:1048F000C81BD90B209739F6CDB7DEB7E8E00C948A
:104900008160DF92EF92FF920F931F93CF93DF931B
:104910007B018A01FA01D68428E230E1829FE0011E
:10492000839FD00D929FD00D1124C35DD94D8EA1D0
:104930009FA10E9457408E159F0524F4EE24EA940F
:10494000FE2C27C0ED2DF0E0EF70F070EE0FFF1F92
:10495000EE0FFF1F3E96E00FF11F24858EA19FA151
:10496000F801468550E04F705070440F551F440FBA
:10497000551F30E0207F3070359527953595279568
:10498000420F531F425F5F4F400F511FB7010E94FC
:10499000F040C701CDB7DEB7E7E00C948260A0E03D
:1049A000B0E0E5EDF4E20C946360FC019EE0A92E1A
:1049B000B12CAE0EBF1E8685E82EFF248FE0E822C4
:1049C000FF24EE0CFF1CEE0CFF1C8EE090E0E80EC6
:1049D000F91EEE0EFF1EC0E0D0E088E290E1C89F15
:1049E0006001C99FD00CD89FD00C1124EDE2F6E2F3
:1049F000CE0EDF1EF6018081882309F43FC084E1DA
:104A000098E0C89FF001C99FF00DD89FF00D1124C8
:104A1000EE0FFF1FE15DF94D00811181F7018081EB
:104A200091810E94E1420817190741F58AE094E05C
:104A3000C89FF001C99FF00DD89FF00D1124EE0F13
:104A4000FF1FEE0FFF1FEF5CF94D00811181F70191
:104A5000828193810E94E1420817190779F4F601D7
:104A60002681378140855185F50184859585A68508
:104A7000B785281739074A075B0739F02196C630F2
:104A8000D10509F0AACFCFEFDFEFCE01CDB7DEB76A
:104A9000EAE00C947F60A0E0B0E0E1E5F5E20C9480
:104AA0006360EC018C01025F1F4FEE8429DE5C0124
:104AB0008FEFA8168FEFB80609F4A0C0FF249FE07F
:104AC000E922FF24EE0CFF1CEE0CFF1CEEE0F0E0F0
:104AD000EE0EFF1EEC0EFD1EF701808191810E94FB
:104AE000E1429C0184E198E0A89EF001A99EF00DAE
:104AF000B89EF00D1124EE0FFF1FE15DF94D3183DB
:104B00002083F701828193810E94E1429C018AE027
:104B100094E0A89EF001A99EF00DB89EF00D11241E
:104B2000EE0FFF1FEE0FFF1FEF5CF94D3183208367
:104B3000F801248535854685578588E290E1A89E51
:104B40006001A99ED00CB89ED00C11248601035D93
:104B5000194DF8012683378340875187F701648117
:104B60007581868197810E94E74260957095809556
:104B70009095F8016287738784879587F701648130
:104B80007581868197810E94E7429B01AC01F80103
:104B900026873787408B518B11828AE090E0978B74
:104BA000868B108E118E128E138E6AE070E080E07C
:104BB00090E00E94E7429B01AC01F801248F358F01
:104BC000468F578F86A197A10E943840F7018685AE
:104BD00097850E94E142F801938B828B158A148A93
:104BE0002696C601835B994DBE0146E050E00E94C7
:104BF0002A61F80186A197A10E943840C501CDB76E
:104C0000DEB7EAE00C947F602F923F924F925F9262
:104C10006F927F928F929F92AF92BF92DF92EF92AC
:104C2000FF920F931F93DF93CF9300D00F92CDB7D6
:104C3000DEB71C01D62E2A0179014801C8018296EF
:104C40009C838B830A5E1F4F88E290E1289E30018F
:104C5000299E700C389E700C1124BDE2AB2EB6E27A
:104C6000BB2EA60CB71CF50186819781A085B18566
:104C7000F401868B978BA08FB18F80911B2290912E
:104C80001C22A0911D22B0911E22F80184839583DD
:104C9000A683B783108686E08187CA0184969A83AB
:104CA00089830E94E142F801938782878AE094E039
:104CB000289EF001299EF00D389EF00D1124EE0F74
:104CC000FF1FEE0FFF1FEF5CF94D808191810E9465
:104CD000E142F40193A382A384E198E0289EF001CD
:104CE000299EF00D389EF00D1124EE0FFF1FE15D9F
:104CF000F94D808191810E94E142EB81FC81938397
:104D00008283F50162857385848595850E94E742DB
:104D10009B01AC01EB81FC8124833583468357835F
:104D2000F50166857785808991890E94E7429B011C
:104D3000AC01EB81FC81208731874287538780E972
:104D40008487D586C7010E94E142EB81FC81978769
:104D50008687118A108A138A128AF501648D758DEF
:104D6000868D978D0E94E7426F5F7F4F8F4F9F4FD9
:104D70000E94E7429B01AC01F501248F358F468FDD
:104D8000578FC401C69660E070E040E150E00E9499
:104D90003361F5018081813049F582E0EB81FC814E
:104DA000848B84E0858B85E0868B8CEA878BF5018C
:104DB000808D918DA28DB38D0097A105B105B9F1BC
:104DC00088E0EB81FC81808F8AE0818FB301675B93
:104DD000794DC401CC9644E050E00E942A61B301B1
:104DE0006B5B794D8B819C814E961DC0F501808D4A
:104DF000918DA28DB38D0097A105B105C1F088E01A
:104E0000EB81FC81848B8AE0858BB301675B794DF4
:104E1000C401C89644E050E00E942A61B3016B5B74
:104E2000794DC401CC9644E050E00E942A6180E3B1
:104E300090E0480E591EC4014696B2010E948A3A7B
:104E40000E94E142EB81FC81918B808B88E290E1B2
:104E5000289E7001299EF00C389EF00C1124F70159
:104E6000E35DF94D668177818085918546E02981F2
:104E70003A8184010E945932C701835B994DB40184
:104E800038D7C2014696B4019CD70F900F900F906F
:104E90000F90CF91DF911F910F91FF90EF90DF90D6
:104EA000BF90AF909F908F907F906F905F904F904A
:104EB0003F902F900895A6E4B0E0E1E6F7E20C946D
:104EC00066607C0186E0E816F104B0F588E290E1C6
:104ED000E89E8001E99E100DF89E100D1124035DDF
:104EE000194DF8018081803139F586A197A10E9482
:104EF000813F892B09F13ED7F80186A197A10E9435
:104F0000EF3FD82EF80186A197A10E94813F892BFF
:104F100089F4F80186A197A10E94813F20E030E149
:104F2000281B390BC70160E140E050E08E010F5FA4
:104F30001F4F6ADEF9D601C0DD248D2DCA5BDF4F1D
:104F4000E7E00C948260A6E4B0E0E9EAF7E20C94B2
:104F500063606C017B015A018630910508F074C0D2
:104F600088E290E1C89E8001C99E100DD89E100D68
:104F70001124035D194DF8018081803109F064C06E
:104F800086A197A10E94813F892B19F4EE24FF246A
:104F90005EC0F0D6F80186A197A10E94813FE81675
:104FA000F90654F4F80186A197A1B701A5010E9462
:104FB0007140EE24FF2422C0F80186A197A10E942F
:104FC000813F8C01EE24FF2416C088E290E1C89E48
:104FD000F001C99EF00DD89EF00D1124E35DF94D4E
:104FE00086A197A10E94EF3FF501EE0DFF1D808382
:104FF0000894E11CF11CE016F1063CF388E290E114
:10500000C89E8001C99E100DD89E100D1124035D0D
:10501000194DF80186A197A10E94813F80509840C8
:105020008CF4F80186A197A10E94813F20E030E135
:10503000281B390BC60160E140E050E08E010F5F94
:105040001F4FE2DD71D603C0EE24EA94FE2CC701A7
:10505000CA5BDF4FEAE00C947F60A2EFB5E0E3E3C8
:10506000F8E20C945B602C013B01180186E04816C5
:10507000510408F0D7C088E290E1489EF001499EB3
:10508000F00D589EF00D1124E35DF94D80818031C3
:1050900009F0C8C0222349F0213009F0C3C0DE0165
:1050A000A95BBF4F882499241AC0DE01A95BBF4FBA
:1050B0008824992408C0FA01E80DF91D80818D9398
:1050C0000894811C911C86149704ACF30BC0FA0160
:1050D000E80DF91DE491ED930894811C911C861450
:1050E0009704ACF347D688E290E1489E7001499E50
:1050F000F00C589EF00C1124EDE2F6E2EE0EFF1ECD
:10510000F70186A197A10E94813FC12C30E1D32EE7
:105110009601281B390BC20168E1A3015E010894C6
:10512000A11CB11C850170DDF70186A197A10E9429
:10513000813FC81AD90AC20160E140E050E09601FF
:1051400063DDF70182859385A485B5855401CC2460
:10515000B7FCC094DC2C8A0D9B1DAC1DBD1D828745
:105160009387A487B587758A648ADED50E94FD1669
:105170008C01FFEF8F3F9F0709F454C012141304F2
:105180001CF06CE070E007C083E02816310434F4B2
:10519000C80168EC70E041E00E94D916EBD5C80167
:1051A0000E94BF16892B39F5C8010E94501488E26D
:1051B00090E1489EF001499EF00D589EF00D11249B
:1051C000E35DF94D82859385A485B5858A199B0990
:1051D000AC09BD0982879387A487B587809125266E
:1051E0009091262601969093262680932526662464
:1051F0006A94762C15C088E290E1489EF001499EA1
:10520000F00D589EF00D1124E35DF94D84899589C8
:10521000892B21F4C8010E94501402C085D5BECF4D
:1052200083D503C066246A94762CC301CE50DA4F2E
:10523000E2E10C947760A6E4B0E0E1E2F9E20C94DC
:1052400065606C0186E0C816D10408F09EC088E253
:1052500090E1C89EF001C99EF00DD89EF00D11247A
:10526000E35DF94D8081803109F08FC00E94FD1609
:105270008C019FEF0F3F190709F487C0C80168EC44
:1052800070E041E00E94D91688E290E1C89E70016A
:10529000C99EF00CD89EF00C1124EDE2F6E2EE0E61
:1052A000FF1EF7018181882331F5C8010E94BF16D6
:1052B000892B09F1C8010E9450145CD5F70186A121
:1052C00097A10E94813F20E030E1281B390BC601E5
:1052D00061E140E050E08E010F5F1F4F95DC81E7F8
:1052E000F701808321D50E94FD168C01FFEF8F3FCF
:1052F0009F07C1F44AC0C8010E94BF16892B21F63E
:1053000088E290E1C89EF001C99EF00DD89EF00D94
:105310001124E35DF94D178A168A1082C8010E9494
:10532000501433C068EC70E041E00E94D91622D5D9
:1053300088E290E1C89EF001C99EF00DD89EF00D64
:105340001124E35DF94D8081882329F4C8010E946E
:10535000BF16892B99F4C8010E94BF16892B99F4B6
:1053600088E290E1C89EF001C99EF00DD89EF00D34
:105370001124E35DF94D178A168A1082C8010E9434
:105380005014D2D402C0D0D4D2CFCA5BDF4FE8E0F1
:105390000C948160A4E0B0E0E0EDF9E20C945C6074
:1053A0003C015B015A834983522E8630910508F0F7
:1053B00078C088E290E1689EF001699EF00D789EC9
:1053C000F00D1124E35DF94D8081803109F069C051
:1053D000CB016CEA75E00E9426607B01C980DA800F
:1053E000882499241C821B821EC081E0851508F444
:1053F00061C0C3016CEA75E0432D542D252D0B814E
:105400001C812BDE8F5F9F4F39F48B819C8101962D
:105410009C838B83039749F70894811C911CECEAC9
:10542000F5E0CE0EDF1E8E149F042CF43C2C4D2C88
:105430001C821B82DACF8B819C81039781F1C5018D
:105440006CEA75E00E9426607C01009721F18CEAED
:1054500095E0889E6001899ED00C989ED00C112406
:10546000E981FA81CE0EDF1E1C821B82F1E0F51568
:1054700000F1C301B701A601252D0B811C81EDDDD3
:105480008F5F9F4F41F48B819C8101969C838B831E
:10549000039729F0EBCFEB81FC81339729F4C3010B
:1054A000CADEAA24AA94BA2CC5012496E1E10C9480
:1054B0007860FFCFFFCFA6E4B0E0E1E6FAE20C941B
:1054C000656080911322813009F05BC0CC24DD241B
:1054D00088E290E1C89E7001C99EF00CD89EF00C45
:1054E00011248DE296E2E80EF91EF701868997896C
:1054F000892B89F18081882371F1868997890197A9
:10550000978B868B868997890A97A1F486A197A1A4
:105510000E94813F20E030E1281B390BC60161E188
:1055200040E050E08E010F5F1F4F6EDB81E7F70117
:1055300080831FC0F70186899789892BD1F4C60122
:1055400064E040E050E020E030E08E010F5F1F4F4C
:105550005BDBF7010BC088E290E1C89EF001C99EB9
:10556000F00DD89EF00D1124E35DF94D178A168ACF
:1055700010820894C11CD11CF6E0CF16D10409F0AA
:10558000A7CFCA5BDF4FE8E00C948160A0E0B0E0F9
:10559000ECECFAE20C945B601B018B01025F1F4F85
:1055A000FB018685682E7724FFE06F227724660C46
:1055B000771C660C771C8EE090E0680E791E660EF4
:1055C000771ECB01ECD92C01F3018585837185878A
:1055D000FFEF4F16FFEF5F0651F4F30182819381D5
:1055E0000E94E142C4D88F5F9F4F09F448C3F30182
:1055F0008485C82FD0E0C07FD070D595C795D5954C
:10560000C79564978585823009F04CC0C10143DAA3
:105610008C01FFEF8F3F9F0709F431C3B3016C5E2C
:105620007F4FAE0126D988E290E1089F7001099F63
:10563000F00C189FF00C11248DE296E2E80EF91E92
:1056400081E0F7018083F301868597850E94E1421E
:10565000F701938B828B86859785A089B189019606
:10566000A11DB11D86879787A08BB18BC80162E110
:1056700040E050E020E030E18101C6DAF7018285A8
:105680009385A485B5850196A11DB11D8287938759
:10569000A487B58784E0808311828AE090E0978BAD
:1056A000868BEDC2FFEF4F16FFEF5F0609F4E7C2EE
:1056B00088E290E1489E4001499E900C589E900CD3
:1056C00011248DE296E2880E991E8EE190E0F4019D
:1056D000978B868BB3016C5E7F4FC201AE01C9D838
:1056E000F3018585823191F5608571858285938589
:1056F0000E94E7429B01AC01F40122873387448773
:105700005587F30164817581868197810E94E74204
:105710009B01AC01F40126873787408B518B86852E
:105720009785A089B1890196A11DB11D86879787AC
:10573000A08BB18BF301868597850E94E142F4012D
:10574000938B828B80E18083118299C2F8018281E0
:1057500093810E94843AF3014485F101268530E06B
:105760002F703070220F331F220F331F50E0407F05
:1057700050705595479555954795EC01C21BD30B35
:10578000C41BD50B5E01CC24DD24F40186A197A1B6
:105790000E945740AA2797FDA095BA2F8A159B050E
:1057A000AC05BD050CF46BC2A114B104C104D10455
:1057B00009F436C1F401E684F78400891189F30104
:1057C00064817581868197810E94E742E616F7061B
:1057D0000807190709F090C0C201BE01A10191D8C4
:1057E0008F5F9F4F81F0F30164817581868197817E
:1057F0000E94E7426A0D7B1D8C1D9D1DF40166878A
:105800007787808B918B88E290E1489EE001499EEA
:10581000D00D589ED00D1124C35DD94D8EA19FA1EE
:105820000E94813F812C60E1962E9401281B390B48
:10583000C20160E140E050E08101E6D98091278714
:10584000909128878415950509F051C060912587AE
:10585000709126876115710509F449C08E859F8571
:10586000A889B9899B0140E050E0820F931FA41FD3
:10587000B51FE0902987F0902A8700912B8710911F
:105880002C872E0D3F1D401F511F82179307A40721
:10589000B50721F58EA19FA14DE257E80E94F04087
:1058A0008091298790912A87A0912B87B0912C878E
:1058B000A80EB91ECA1EDB1EAE86BF86C88AD98A4C
:1058C0008EA19FA10E94813F881A990AC20160E1BE
:1058D00040E050E09401810197D909C080912726CA
:1058E000909128260196909328268093272610923F
:1058F00026871092258794C0F401E684F7840089F6
:105900001189F30164817581868197810E94E74244
:10591000EA0CFB1C0C1D1D1DA60EB71EC81ED91EB1
:10592000AE14BF04C006D10660F5F401C684D78466
:10593000E088F188F30184819581A681B781F40123
:1059400086879787A08BB18B86A197A10E94813F04
:1059500020E030E1281B390BC20160E140E050E05B
:10596000810152D9F401C686D786E08AF18A8091F6
:10597000292690912A26019690932A2680932926FB
:105980004FC08091258790912687892B09F03FC0D1
:10599000F3018485F101068510E00F701070000F8F
:1059A000111F000F111F90E0807F907095958795D3
:1059B00095958795080F191F025F1F4FF3016481AA
:1059C0007581868197810E94E74260932987709351
:1059D0002A8780932B8790932C8750922887409218
:1059E0002787020D131D8DE297E8B801AE010E94D2
:1059F0002A61D0932687C093258780912B2690918A
:105A00002C26019690932C2680932B2609C08091FA
:105A10002726909128260196909328268093272662
:105A2000F3018585813009F095C088E290E1489EB8
:105A3000E001499ED00D589ED00D1124C35DD94D73
:105A400088818237F9F464817581868197810E940B
:105A5000E7426F5F7F4F8F4F9F4F6E877F87888BA7
:105A6000998B8EA19FA10E94813F20E030E1281BED
:105A7000390BC20160E140E050E08101C5D81F8AC6
:105A80001E8A188288E290E1489EE001499ED00D6E
:105A9000589ED00D1124C35DD94D8881813709F5F9
:105AA000F30164817581868197810E94E7426F5F6F
:105AB0007F4F8F4F9F4F6E877F87888B998B8EA1EB
:105AC0009FA10E94813F20E030E1281B390BC201D9
:105AD00060E140E050E0810197D81F8A1E8A188259
:105AE00022C088818031F9F4F30160857185828557
:105AF00093850E94E7426F5F7F4F8F4F9F4F6A876A
:105B00007B878C879D878EA19FA10E94813F20E08B
:105B100030E1281B390BC20161E140E050E0810116
:105B200073D882E7888388E290E1489EF001499E1D
:105B3000F00D589EF00D1124E35DF94D828593859B
:105B4000A485B5850196A11DB11D82879387A48781
:105B5000B58795C0F3018585813109F05BC088E286
:105B600090E1489EE001499ED00D589ED00D112431
:105B7000C35DD94D8881813751F5648175818681F6
:105B800097810E94E7426F5F7F4F8F4F9F4F6E87D5
:105B90007F87888B998BF3016085718582859385DA
:105BA0000E94E7429B01AC012A873B874C875D87B7
:105BB0008EA19FA10E94813F20E030E1281B390B7C
:105BC000C20160E140E050E081011ED83CC0888104
:105BD000803109F054C0F301648175818681978119
:105BE0000E94E7426F5F7F4F8F4F9F4F6E877F8787
:105BF000888B998B8EA19FA10E94813F20E030E18C
:105C0000281B390BC20161E140E050E081010E9494
:105C1000042620C0F3018585803189F588E290E172
:105C2000489EE001499ED00D589ED00D1124C35DC1
:105C3000D94D8881843021F48FE0888319821FC078
:105C40008881823721F41F8A1E8A188218C08881B1
:105C5000813719F482E7888312C0EA84FB840C85BB
:105C60001D85F30160857185828593850E94E742D9
:105C7000E616F7060807190711F41D8A1C8ACDB726
:105C8000DEB7E2E10C9477600F931F93CF93DF931D
:105C90008BE59AE262E00E941F171092268710920D
:105CA000258781E080931322C0E0D0E088E290E174
:105CB000C89F8001C99F100DD89F100D1124C801E5
:105CC0008B5A994D60E070E10E94553F035D194D7C
:105CD000F80197A386A3178A168A1082CE01ABDA41
:105CE0002196C630D10511F7DF91CF911F910F9109
:105CF0000895AC01FB0188E090E095878487DB0183
:105D000020E030E0F901EC5EFD4D808116968C9329
:105D10001697FA01E20FF31F80818D932F5F3F4F9B
:105D20002630310579F708951F9380911A2281302A
:105D300061F41FB7F89410921A2284E090E00E9458
:105D40008C120E947C231FBF13C08091D98C90912C
:105D5000DA8CA091DB8CB091DC8C0196A11DB11D79
:105D60008093D98C9093DA8CA093DB8CB093DC8CED
:105D70001F9108951F9380911A22882369F41FB7F9
:105D8000F89481E080931A220E94792384E090E0C5
:105D90000E94E8121FBF13C08091D98C9091DA8CB9
:105DA000A091DB8CB091DC8C0196A11DB11D80937C
:105DB000D98C9093DA8CA093DB8CB093DC8C1F9100
:105DC0000895EF92FF920F931F932091DD8C3091F5
:105DD000DE8C4091DF8C5091E08C2F5F3F4F4F4F16
:105DE0005F4F2093DD8C3093DE8C4093DF8C50939B
:105DF000E08C7C010027F7FC0095102F2091E18CAE
:105E00003091E28C4091E38C5091E48C2E0D3F1D3B
:105E1000401F511F2093E18C3093E28C4093E38C20
:105E20005093E48C0E94831C1F910F91FF90EF9080
:105E30000895AEEEB5E0EFE1FFE20C946B600E94D6
:105E4000D31C84E192E20E943E1C8EEE95E0BE01DE
:105E50006F5F7F4F0E94911D892BB9F784E090E01E
:105E600060E070E04CE35FE20E949B125DDFC25194
:105E7000DA4FE2E00C948760AEEEB5E0E2E4FFE2D8
:105E80000C9467608EEE95E07E010894E11CF11C95
:105E9000B7010E94911D8C01009709F43EC08091CA
:105EA000DD8C9091DE8CA091DF8CB091E08C01961E
:105EB000A11DB11D8093DD8C9093DE8CA093DF8CAF
:105EC000B093E08C9801442737FD4095542F809182
:105ED000E18C9091E28CA091E38CB091E48C820FE4
:105EE000931FA41FB51F8093E18C9093E28CA09325
:105EF000E38CB093E48C8D859E850E94E14228E07E
:105F00008030920739F08650984039F4C801B701C3
:105F10009FD003C0C801B7011ED3C251DA4FE6E0DB
:105F20000C948360EFEEFCE88081882311F08150AF
:105F300080833B968DE8EB31F807B1F708950F9316
:105F40001F93CF93DF93EC0189018430910514F006
:105F500080E033C08BE090E0C89F9001C99F300D76
:105F6000D89F300D1124F901EB51F34780819181C5
:105F7000A281B381FB0180839183A283B383D90182
:105F8000A751B34720E030E0FA01E20FF31F8D91F3
:105F900080832F5F3F4F26303105B1F78BE090E0D3
:105FA000C89FF001C99FF00DD89FF00D1124EB514F
:105FB000F3478285F801808381E0DF91CF911F91C3
:105FC0000F9108950F931F93CF93DF93DC01162F4A
:105FD000072F8DB79EB740970FB6F8949EBF0FBEA0
:105FE0008DBFEDB7FEB73196CDB7DEB7698371834C
:105FF00080ED90E0938382838C9184831582119647
:106000008C9111978683178212968C9112978087B4
:10601000118613968C9113978287138614968C9110
:1060200014978487158615968C91868717860E940B
:10603000EC618DB79EB740960FB6F8949EBF0FBE29
:106040008DBF812F902FDF91CF911F910F910895D8
:10605000EF92FF920F931F93CF93DF937C018B01FD
:10606000EB012E968E819F810E94E1428130910545
:1060700021F0029709F075C052C0288D398D4A8DE4
:106080005B8D80911B2290911C22A0911D22B091CA
:106090001E22281739074A075B0709F062C082E011
:1060A00090E00E94E1429F838E8388858A8B898558
:1060B0008B8B8A858C8B8B858D8B8C858E8B8D8540
:1060C0008F8B8091142288878091152289878091F7
:1060D00016228A87809117228B87809118228C87BD
:1060E000809119228D8780911B2290911C22A09172
:1060F0001D22B0911E228E879F87A88BB98BF80135
:10610000A4E1B2E2868180838D918683319682E21A
:10611000AA31B807B9F7C701B80153DE22C0E5EECE
:10612000FCE820813181428153818E859F85A88939
:10613000B989281739074A075B0771F48EE182870E
:1061400088858483898585838A8586838B858783F3
:106150008C8580878D8581873B968DE8E131F807B6
:1061600001F7CDB7DEB7E6E00C948360A0E0B0E0C5
:10617000ECEBF0E30C945D606B017C013A014DB6F1
:106180005EB6E5EEFCE820E030E08285882309F188
:1061900080819181A281B3818C159D05AE05BF05DB
:1061A000C1F48BE090E0289FD001299FB00D389F6B
:1061B000B00D1124A751B34720E030E0F301E20F06
:1061C000F31F8D9180832F5F3F4F26303105B1F74C
:1061D000D3C02F5F3F4F3B9624303105B1F6EFEE31
:1061E000FCE820E030E08081882389F48BE090E0B7
:1061F000289FF001299FF00D389FF00D1124EB51DD
:10620000F347C082D182E282F382490108C02F5F46
:106210003F4F3B962430310531F7882499248DB7C0
:106220009EB78A970FB6F8949EBF0FBE8DBFADB6CE
:10623000BEB60894A11CB11C0DB71EB7015F1F4F5D
:1062400081E090E00E94E142F8019183808380E048
:1062500098E00E94E142F8019383828386E0848380
:1062600084E0858381E090E00E94E142F801978319
:106270008683128A138A148A158A168A178AC08E10
:10628000D18EE28EF38E8091142280878091152228
:10629000818780911622828780911722838780913F
:1062A0001822848780911922858780911B229091E2
:1062B0001C22A0911D22B0911E2286879787A08B59
:1062C000B18BA4E1B2E2F5018FEF80838D918683DB
:1062D000319682E2AA31B807B9F786E098E00E94C9
:1062E000E142F501958784878AE290E0B50169DD96
:1062F0000E94FD16082F90E064E670E041E00E94E5
:10630000D9168BE090E0889E9001899E300D989E72
:10631000300D1124F901EB51F34782858823A1F058
:10632000D901A751B34720E030E0F301E20FF31F9A
:106330008D9180832F5F3F4F26303105B1F7802F3D
:1063400090E00E94501418C0802F90E00E94BF1669
:10635000892B39F4802F90E00E94501421E030E026
:106360000DC0802F90E00E94BF16C29751F68AE2BE
:1063700090E0B50126DDC5CF20E030E0C9010FB6C1
:10638000F8945EBE0FBE4DBE2096E0E10C9479609D
:106390001092EF8C1092FA8C1092058D1092108D45
:1063A00082E99FE262E00C941F170F931F93142F52
:1063B000052F2DB73EB72C5030400FB6F8943EBF96
:1063C0000FBE2DBFEDB7FEB73196ADB7BEB7119674
:1063D0004C9351832EEE30E0338322836483158205
:1063E0007683178280871186928713860E94EC61DC
:1063F0002DB73EB7245F3F4F0FB6F8943EBF0FBE98
:106400002DBF812F902F1F910F910895A0E0B0E034
:10641000ECE0F2E30C945F603C010E9455614C019A
:10642000C0E0D0E0AA24BB24CC24DD24760122C025
:1064300083010C0F1D1FC8010E9492609C01F8018E
:1064400080818E3221F40894A11CB11C05C02196D4
:106450003196C815D905A0F3FE2CED2CDC2CCC24EC
:10646000C901AA2797FDA095BA2FC82AD92AEA2AD6
:10647000FB2A2196C815D90528F083E0A816B10497
:1064800069F405C084E0A816B10490F207C0C70102
:10649000B6010E94E7429B01AC0104C020E030E05D
:1064A00040E050E0B901CA01CDB7DEB7EEE00C9490
:1064B0007B609F92AF92BF92CF92DF92EF92FF925A
:1064C0000F931F935B016C01942EC9017801025F49
:1064D0001F4F25E4F7012687F801118244960E9498
:1064E000E142F801938382838CEA9DE19583848362
:1064F00080E490E09783868380E48087918613868A
:10650000128680911B2290911C22A0911D22B09195
:106510001E2284879587A687B787A08AB18AC28AF8
:10652000D38AF701668570E06F707070660F771F11
:10653000660F771FC801EED70E94E142F8019387EA
:1065400082871F910F91FF90EF90DF90CF90BF90C7
:10655000AF909F900895CF93DF93EC01FB013E969F
:1065600081858630C9F0813161F1813069F52089FA
:1065700031894289538980911B2290911C22A091DC
:106580001D22B0911E22281739074A075B07E1F444
:10659000CE010E949E1F18C02089318942895389EB
:1065A00080911B2290911C22A0911D22B0911E224D
:1065B000281739074A075B0739F4CE010E94C62A1B
:1065C00003C0CE010E94AB21DF91CF9108951F93AC
:1065D000CF93DF93182FE901A0E0B0E0FE01EA0FAE
:1065E000FB1F80818F3F69F0CD010196FE01E80F0E
:1065F000F91F2081DC011196A20FB11DA036B10553
:106600006CF3153389F0163330F4123321F1133360
:1066100009F0B1C020C0173309F454C01733A8F0F3
:106620001D3309F0A8C06AC0FE01EA0FFB1F1083EA
:10663000CD010196FE01E80FF91F21E020830196AC
:10664000FE01E80FF91F408394C0FE01EA0FFB1F13
:1066500086E3808304C0FE01EA0FFB1F10839D01C7
:106660002F5F3F4FFE01E20FF31F84E080832F5F17
:106670003F4FFE01E20FF31F40832F5F3F4FFE01AC
:10668000E20FF31FBB2777FDBA95A72F962F852F13
:1066900080832F5F3F4FFE01E20FF31FCB01BB272B
:1066A00097FDB095AB2F80832F5F3F4FFE01E20F28
:1066B000F31F872FBB2787FDB0959B2FAB2F8083C0
:1066C000D90158C0FE01EA0FFB1F1083CD010196CE
:1066D000FE01E80FF91F33E030830196FE01E80F59
:1066E000F91F21E020830196FE01E80FF91F308396
:1066F0000196FE01E80FF91F26E03AC0FE01EA0FFD
:10670000FB1F1083CD010196FE01E80FF91F27E062
:1067100020830196FE01E80FF91F21E020830196F6
:10672000FE01E80FF91F2091142220830196FE013B
:10673000E80FF91F2091152220830196FE01E80F32
:10674000F91F2091162220830196FE01E80FF91F00
:106750002091172220830196FE01E80FF91F209156
:10676000182220830196FE01E80FF91F20911922BB
:106770002083DC011196CA0FDB1F8FEF88839D01F8
:106780002F5F3F4FC901DF91CF911F910895CF93A4
:10679000DF93EC0181E08883898386E08A831B8212
:1067A000CE01049666E172E244E050E00E942A6164
:1067B000198618861B861A861C861D861E861F86CD
:1067C000188A198A1A8A1B8A1C8A1D8A1E8A1F8A9D
:1067D000188E198E1A8E1B8E809114228C8F8091A8
:1067E00015228D8F809116228E8F809117228F8F88
:1067F0008091182288A38091192289A3FE01BC965A
:1068000080E090E01192019680349105D9F7FE0165
:10681000E459FF4F80E090E0119201968038910595
:10682000D9F7C451DF4F83E692E8A3E5B3E6888346
:106830009983AA83BB83CC5ED040FE01E051FF4F19
:1068400080E090E01192019680369105D9F7C05111
:10685000DF4F8FEF8883DF91CF910895A0E0B0E004
:10686000E4E3F4E30C945C607B019C0158E0452E6A
:10687000512C480E591E44E0642E712C680E791E6E
:106880009CE0892E912C820E931E84E1A82EB12CBF
:10689000A20EB31EB0E1CB2ED12CC20ED31E20E02F
:1068A00030E03324F701E20FF31FE081EF3F09F4FA
:1068B00059C0E9012196E630F9F0E73030F4E130D3
:1068C00059F0E33009F041C00FC0E533A9F1E633D8
:1068D00059F1E333D1F520C08E010F5F1F4FB7018F
:1068E000600F711FC2010FC08E010F5F1F4FB701F4
:1068F000600F711FC30107C08E010F5F1F4FB701EB
:10690000600F711FC40144E050E00E942A61CE0D67
:10691000DF1D8881980120C08E010F5F1F4FB701D6
:10692000600F711FC501EFCF8E010F5F1F4FB701C1
:10693000600F711FC601E7CFF701EC0FFD1F31801B
:106940009E012F5F3F4F808107C0F701EC0FFD1FB5
:1069500080819E012F5F3F4F280F311D203631056A
:106960000CF4A0CF832DCDB7DEB7E1E10C947860B5
:10697000A0E0B0E0EEEBF4E30C9463605C018B010B
:106980007A01CB0104DF60EFC62ED12CC00ED11EE0
:1069900085E343E050E060E070E0960118DED70147
:1069A00050964D915D916D917C91539786E3960140
:1069B0000EDEF701448955896689778983E396015C
:1069C00006DED7014D915D916D917C9182E3960138
:1069D000FEDD8DE340E050E060E070E09601F7DD21
:1069E00087E340E050E060E070E09601F0DDC50133
:1069F00060E571E0A8010E9451220E94FD16EC01A1
:106A0000BFEF8F3F9B07F9F068EE73E041E00E9413
:106A1000D916C5010E941220809751F4CE010E9420
:106A20005014C701B6011ADF282F853039F10EC086
:106A3000CE010E94BF16892B61F7CE010E9450142F
:106A4000C5010E9467202FEF3FEF4BC000D00F928F
:106A5000EDB7FEB7319686E191E0ADB7BEB71296BD
:106A60009C938E931197228313820E94CA612FEF09
:106A70003FEF0F900F900F900F9033C0F701808180
:106A80009181A281B38180931B2290931C22A093B9
:106A90001D22B0931E2280859185A285B3858093A7
:106AA0001F2290932022A0932122B093222284813E
:106AB0009581A681B7818093232290932422A0936D
:106AC0002522B093262284859585A685B785809357
:106AD000272290932822A0932922B0932A2220E0F3
:106AE00030E0C901CDB7DEB7EAE00C947F60A0E0EA
:106AF000B0E0EDE7F5E30C9461605C01162F072F21
:106B0000942E852EC62ED72E862F972F40DE70EF1F
:106B1000E72EF12CEC0CFD1C85E341E050E060E039
:106B200070E0970154DD83E34FEF5FEF6FE070E0BB
:106B300097014DDD8DE340E050E060E070E09701AB
:106B400046DD87E340E050E060E070E097013FDD24
:106B5000C50160E571E0412F502F0E9451220E9433
:106B6000FD168C018FEF0F3F180711F1C80168EE79
:106B700073E041E00E94D916C5010E94122080975F
:106B800061F4C92DD82DC8010E945014CE01B7015F
:106B900065DE282F823039F10EC0C8010E94BF1671
:106BA000892B51F7C8010E945014C5010E9467202B
:106BB0002FEF3FEF26C000D00F92EDB7FEB7319612
:106BC0008AEF90E0ADB7BEB712969C938E93119763
:106BD000228313820E94CA612FEF3FEF0F900F9024
:106BE0000F900F900EC0F60180899189A289B38918
:106BF00088839983AA83BB83C5010E94472020E034
:106C000030E0C901CDB7DEB7ECE00C947D604F9267
:106C10005F927F928F929F92AF92BF92CF92DF92BC
:106C2000EF92FF920F931F93DF93CF93CDB7DEB711
:106C30004DB65EB6C0901B22D0901C22E0901D2263
:106C4000F0901E2210921B2210921C2210921D22E4
:106C500010921E228DB79EB748970FB6F8949EBF2C
:106C60000FBE8DBF0196882E792E8DB79EB78055A9
:106C700091400FB6F8949EBF0FBE8DBFEDB7FEB723
:106C80003196AE2E9F2E6FEF7FEF8FEF9FEF43E495
:106C900050E020E531E08F010E94B6228C019FEF89
:106CA0000F3F1907E1F0EAE0BE2EC8016A2D792DE9
:106CB000482D572D1CDFBB2031F0BA9421F08F5F97
:106CC0009F4F99F303C08F5F9F4F49F0C8016A2D12
:106CD000792D482D572D4CDE8F5F9F4F59F4C09270
:106CE0001B22D0921C22E0921D22F0921E222FEF36
:106CF0003FEF05C0C8010E94672020E030E0C901D5
:106D00000FB6F8945EBE0FBE4DBECF91DF911F91BE
:106D10000F91FF90EF90DF90CF90BF90AF909F903A
:106D20008F907F905F904F900895AAE1B0E0EBE9DB
:106D3000F6E30C946460B22E61157105810591052E
:106D400079F44115510509F470C0CA01ADD06F3F07
:106D50002FEF72072FEF82072FEF920709F465C01C
:106D600045E250E024E030E07E010894E11CF11C93
:106D700087010E94B6226C018FEFC8168FEFD806EC
:106D800009F453C0C60160E070E0A7010E945122DF
:106D90000E94FD167C012FEF8F3F920709F445C03A
:106DA00064EF71E041E00E94D916C6010E941220F2
:106DB000809761F5C7010E94BF16892B39F1C60182
:106DC0000E942D2004973CF1FE013496DE011596B9
:106DD00080818D933197EC17FD07D1F78E01075F06
:106DE0001F4FC8010E94AE168D819E81AF81B8856C
:106DF0008F8B988FA98FBA8FBA8AC8010E946914A5
:106E0000C8010E949D1600E010E007C0C7010E9463
:106E1000BF16892B51F60FEF1FEFC7010E945014C8
:106E2000C6010E946720980102C02FEF3FEFC90101
:106E30006A96E9E00C948060EF92FF920F931F93A3
:106E4000CF93DF938C017B010E945561BC0161509F
:106E50007040D701A80FB91FE801C60FD71F40E047
:106E600050E00EC028812E3221F44C9340E050E0D7
:106E700003C02C934F5F5F4F615070401197219773
:106E8000FB01319677FFEECFEE0DFF1D4083E80E3C
:106E9000F91EF70111829C012F5F3F4FC901CDB749
:106EA000DEB7E6E00C948360A0E0B0E0EAE5F7E34B
:106EB0000C945D608C014DB65EB62DB73EB7225D79
:106EC00030400FB6F8943EBF0FBE2DBF8DB69EB6B4
:106ED0000894811C911C64018DEC9AE1F40191836A
:106EE000808380E091E00E94E142F40193838283F9
:106EF00081E090E00E94E142F4019583848317824F
:106F000016821186108613861286B401645F7F4F45
:106F1000C80192DF7C01F401E80FF91F158681E0BA
:106F200086871786808B6091272270912822809116
:106F3000292290912A2245E350E022ED30E084019D
:106F40000E94B6225C01FFEF8F3F9F0709F45AC0F1
:106F500095E0692E712C6E0C7F1C21E130E0E20E71
:106F6000F31EC501B701A4010E9451220E94FD1623
:106F70008C013FEF8F3F930709F444C068EC70E049
:106F800041E00E94D916C5010E941220809779F431
:106F9000C8010E945014C5010E946720F601828139
:106FA0009381B2D28F709070892B69F02BC0C80189
:106FB0000E94BF16892B39F7C8010E945014C501E1
:106FC0000E9467201FC08CE0E82EF12CEC0CFD1C09
:106FD0008701060D171DF8018281938195D20197D3
:106FE00059F0F801828593858FD22CE030E0620E53
:106FF000731E680E791EECCFF80124853585468511
:10700000578504C02FEF3FEF4FEF5FEFB901CA0183
:107010000FB6F8945EBE0FBE4DBE2096E0E10C9414
:107020007960A2E3B0E0E7E1F8E30C9467608AE4FA
:1070300093E00DD48F5F9F4F71F08E010D5E1F4F57
:1070400086E493E0B801BAD5C80164E172E24CE08D
:1070500050E00E949C420E94192F0E94B81CADB7BC
:10706000BEB750970FB6F894BEBF0FBEADBFEDB719
:10707000FEB731962AEF32E012963C932E93119789
:1070800093838283809114228483158280911522B8
:10709000868317828091162280871186809117221D
:1070A0008287138680911822848715868091192201
:1070B000868717860E94CA61EDB7FEB770960FB635
:1070C000F894FEBF0FBEEDBF0E94531D0F920F92AA
:1070D0008DEE92E0ADB7BEB712969C938E9311974A
:1070E0000E94CA610F900F900E944A1D8823E1F709
:1070F0000F920F928FED92E0EDB7FEB792838183EE
:107100000E94CA610F900F9043D90F920F9286ECA4
:1071100092E0ADB7BEB712969C938E9311970E94E2
:10712000CA610F900F900E94B3200F920F928CE9CA
:1071300092E0EDB7FEB7928381830E94CA610F90FF
:107140000F900E94442E0F920F9281E792E0ADB70C
:10715000BEB712969C938E9311970E94CA610F90AE
:107160000F908CE692E073D38F5F9F4FF9F40F92EC
:107170000F9285E791E0EDB7FEB7928381830E947D
:10718000CA610F900F9043DD892B59F40F920F9233
:1071900083E491E0ADB7BEB712969C938E9311979E
:1071A0002DC00F920F9288E591E024C08E010D5EF4
:1071B0001F4F87E692E0B80101D5C80164E672E08E
:1071C0000E94F660892B09F05BC00F920F9285E751
:1071D00091E0ADB7BEB712969C938E9311970E9423
:1071E000CA610F900F9013DD892B69F40F920F92F3
:1071F00083E491E0EDB7FEB7928381830E94CA6178
:107200000F900F908AC00F920F9288E591E0ADB772
:10721000BEB712969C938E9311970E94CA610F90ED
:107220000F9082E391E0B801C9D4C801EFD8609310
:107230001B2270931C2280931D2290931E2285E3B3
:1072400091E0B801BBD4C801E1D860931F227093CC
:10725000202280932122909322228EE391E0B80194
:10726000ADD4C801D3D86093232270932422809395
:107270002522909326228AE391E0B8019FD443C04F
:1072800082E391E0B8019AD48F5F9F4F51F0C8011B
:10729000BDD860931B2270931C2280931D22909373
:1072A0001E228E010D5E1F4F85E391E0B80186D44A
:1072B0008F5F9F4F51F0C801A9D860931F22709330
:1072C000202280932122909322228E010D5E1F4F57
:1072D0008EE391E0B80172D48F5F9F4F51F0C801E7
:1072E00095D8609323227093242280932522909333
:1072F00026228E010D5E1F4F8AE391E0B8015ED415
:107300008F5F9F4F51F0C80181D8609327227093FF
:1073100028228093292290932A2260911B22709127
:107320001C2280911D2290911E2223E1E22EF12C3D
:10733000EC0EFD1EA70139D800D00F9221E532E0F6
:10734000ADB7BEB712963C932E93119714969C93AB
:107350008E9313970E94CA610F900F900F900F9019
:1073600060911F22709120228091212290912222EF
:10737000A7011BD800D00F922EE332E0EDB7FEB785
:1073800032832183948383830E94CA610F900F907C
:107390000F900F90609123227091242280912522DA
:1073A00090912622A70101D800D00F922BE232E063
:1073B000ADB7BEB712963C932E93119714969C933B
:1073C0008E9313970E94CA610F900F900F900F90A9
:1073D00060912722709128228091292290912A225F
:1073E000A7010E94D53100D00F9228E132E0EDB71D
:1073F000FEB732832183948383830E94CA610F90F6
:107400000F900F900F9084E192E0B701D7D38F5F78
:107410009F4F09F472C0C70161E172E00E94F660FB
:10742000892B09F06AC00F920F928DEE91E0ADB7F3
:10743000BEB712969C938E9311970E94CA610F90CB
:107440000F9085EE91E0B701B9D38F5F9F4F09F49C
:1074500048C0C7010E949260182F8BED91E0B701E0
:10746000ADD360E070E080E090E0A701212F5DDC0B
:10747000892B61F5CE0101960E94AE162C813B81CD
:107480004A815981EDB7FEB73A970FB6F894FEBF1F
:107490000FBEEDBF31968EEB91E0ADB7BEB7129641
:1074A0009C938E9311972283138234831582468393
:1074B0001782508711860E94CA61EDB7FEB73A96CF
:1074C0000FB6F894FEBF0FBEEDBF17C00F920F921C
:1074D0008CEA91E0ADB7BEB712969C938E9311974C
:1074E00008C00F920F928AE991E0EDB7FEB7928340
:1074F00081830E94CA610F900F9082E00E94461E15
:10750000E296E6E00C9483609C0123273227232730
:10751000C9010895CF93DF93EC0120E030E040E013
:1075200050E013C0888199812296F82FE0E0DF01B6
:10753000A90FB11DCD0180959095A0E0B0E0280F76
:10754000391F4A1F5B1F625070406230710554F74B
:107550006130710551F4988180E080959095A0E0AC
:10756000B0E0280F391F4A1F5B1FCA01AA27BB279B
:1075700040705070820F931FA41FB51F9D014427B8
:107580005527A070B070280F391F4A1F5B1F40702D
:107590005070C901DF91CF9108958BE292E29093F0
:1075A000BEA38093BDA39093C0A38093BFA38FEF8E
:1075B0008093118F81E19DE89093158F8093148FB4
:1075C0001092178F1092168F08958091118F82302C
:1075D000C9F48091168F9091178F892B79F0809143
:1075E000128F9091138F6091168F7091178F409129
:1075F000148F5091158F20E00E94CA291092178F86
:107600001092168F0895FF920F931F93182F062F35
:10761000F72EDBDF1093118F802F9F2D9093138F08
:107620008093128F1092178F1092168F1F910F91C7
:10763000FF9008950F931F938C01C7DF81E19FE8AE
:10764000B80147E050E00E942A611F910F91089510
:107650000F931F938C01B9DFC80161E17FE847E018
:1076600050E00E942A611F910F9108958091118F1F
:10767000813019F0823019F510C08091128F9091ED
:10768000138F0E94851818161906CCF48091128F5A
:107690009091138F0E9473180FC08091128F909158
:1076A000138F0E941D24181619064CF48091128F16
:1076B0009091138F0E945B27282F30E002C02FEF9C
:1076C0003FEFC90108951F93182F8091118F8130CA
:1076D00019F0823009F508C08091128F9091138FB4
:1076E000612F0E94621818C08091168F9091178F99
:1076F0008050924009F469DF8091168F9091178F26
:10770000E091148FF091158FE80FF91F1083019607
:107710009093178F8093168F80E090E01F910895CB
:107720009093198F8093188F08950F931F93CF9381
:10773000DF9380913B2290913C228F5F9F4F19F401
:10774000CFEFDFEF15C00091248F1091258FC0E09F
:10775000D0E00BC08091392290913A228C0F9D1F6E
:107760000E942564882321F02196C017D10794F345
:10777000CE01DF91CF911F910F910895AEE1B0E05E
:10778000E4ECFBE30C9463605C01CC24DD244EC08C
:107790008091392290913A22800F911F0E94256496
:1077A000FE01EE0DFF1D81838D3311F0882361F4FE
:1077B000CE010196E80EF91EF7011082B5010E9474
:1077C0004561892B09F53AC00894E11CF11C0F5F53
:1077D0001F4FABDF08171907DCF216C08091392262
:1077E00090913A22800F911F0E9425648D3081F084
:1077F0008091392290913A22800F911F0E94256436
:10780000882331F00F5F1F4F90DF0817190734F3FB
:107810008091392290913A22800F911F0E94256415
:10782000882371F068010894C11CD11C7EDFC81642
:10783000D90634F48601EE24FF24CBCF960102C092
:107840002FEF3FEFC9016E96EAE00C947F60A0E055
:10785000B0E0EDE2FCE30C9465607C01CDB6DEB6F1
:107860000E94066101962DB73EB7281B390B0FB653
:10787000F8943EBF0FBE2DBF0DB71EB70F5F1F4F51
:10788000C801B7010E94FF60C80178DF0FB6F89405
:10789000DEBE0FBECDBE2096E8E00C948160A0E075
:1078A000B0E0E5E5FCE30C9463606C018091188F17
:1078B0009091198F019709F458C037DF5C01C60118
:1078C0005DDFEC018FEFCF3FD80719F42FEF3FEFCB
:1078D0004EC000E010E08DE0F82E11C080913922FA
:1078E00090913A228C0F9D1F0E942564F82E8DE006
:1078F000F81641F0FF2031F00F5F1F4F2196CA1597
:10790000DB0564F3C6013ADFEC018DE0F81619F5EA
:1079100078010894E11CF11C15C0009139221091E6
:107920003A228091392290913A228E0D9F1D8C0F20
:107930009D1F0E942564682FCE01800F911F0E9419
:107940002D642196F2DEC817D9073CF380913922C5
:1079500090913A2205C08091392290913A22019764
:107960008C0F9D1F60E00E942D6421E030E0C90172
:10797000CDB7DEB7EAE00C947F60A0E0B0E0E3ECC6
:10798000FCE30C9465607C016B01F8DE8F5F9F4F18
:1079900019F02FEF3FEF5DC08091188F9091198FF4
:1079A000019709F454C0C1DEEC01009751F08091B9
:1079B000392290913A228C0F9D1F21966DE00E94F2
:1079C0002D6400E010E00FC08091392290913A229E
:1079D0008C0F9D1FE901F701E00FF11F60810E94EC
:1079E0002D640F5F1F4FC7010E9455619E012F5FDD
:1079F0003F4F0817190740F38091392290913A229E
:107A000089018C0F9D1F6DE30E942D64C0E0D0E0C2
:107A10000FC08091392290913A22800F911F0F5F01
:107A20001F4FF601EC0FFD1F60810E942D6421960F
:107A3000C6010E945561C817D90758F380913922B1
:107A400090913A22800F911F60E00E942D6421E006
:107A500030E0C901CDB7DEB7E8E00C9481600F9348
:107A60001F93CF93DF93EC018B0188DE8F5F9F4FD5
:107A700011F0CE0114DFCE01B8017FDF81E090E08C
:107A8000DF91CF911F910F910895A0E0B0E0EBE45A
:107A9000FDE30C9463607C016B01ADB6BEB60E9441
:107AA000066101962DB73EB7281B390B0FB6F89427
:107AB0003EBF0FBE2DBF0DB71EB70F5F1F4FC801D2
:107AC000B7010E94FF60C801B601C9DF0FB6F89484
:107AD000BEBE0FBEADBE2096EAE00C947F60AEE164
:107AE000B0E0E5E7FDE30C9463606C015B0146DE0A
:107AF0008C018FEF0F3F180709F459C0EE24FF24C3
:107B00001AC08091392290913A22800F911F0E94D1
:107B10002564FE01EE0DFF1D81838D3311F0882356
:107B200029F4EC0EFD1EF701118209C00894E11C36
:107B3000F11C0F5F1F4FF9DD0817190714F380912F
:107B4000392290913A22800F911F0E9425648D3333
:107B500071F5CE010196B6010E944561892B39F578
:107B600078010894E11CF11C00E010E015C0809140
:107B7000392290913A228E0D9F1D0E942564F501B5
:107B8000E00FF11F80838D3059F0882349F00F5F9B
:107B90001F4F0894E11CF11CC8DDE816F9063CF300
:107BA0000A0D1B1DF801108221E030E002C02FEF0A
:107BB0003FEFC9016E96EAE00C947F60A0E0B0E070
:107BC000E4EEFDE30C9463607C016B01ADB6BEB6E0
:107BD0000E94066101962DB73EB7281B390B0FB6E0
:107BE000F8943EBF0FBE2DBF0DB71EB70F5F1F4FDE
:107BF000C801B7010E94FF60C801B60170DF0FB66F
:107C0000F894BEBE0FBEADBE2096EAE00C947F6035
:107C1000CF93DF938AE19FE86EE473E04AE050E09F
:107C20000E94E26083EF9FE09093258F8093248FE2
:107C3000C0E0D0E0FE01E65EF047CE0160810E9428
:107C40002D642196CC30D105A9F78DE090E090937A
:107C50003A22809339228091392290913A2260E031
:107C60000E942D64DF91CF9108950F931F93CF93BE
:107C7000DF930091248F1091258F57DD4091392299
:107C800050913A222DB73EB7285030400FB6F894A5
:107C90003EBF0FBE2DBFEDB7FEB7319620E633E0F5
:107CA000ADB7BEB712963C932E9311971383028300
:107CB00095838483578346830E94CA61C0E0D0E0E5
:107CC000EDB7FEB738960FB6F894FEBF0FBEEDBF06
:107CD0004FC08091392290913A228C0F9D1F0E94B3
:107CE0002564863261F010C08091392290913A2249
:107CF0008C0F9D1F0E9425648D30C9F1219615DDE2
:107D0000C817D9078CF333C08091392290913A2259
:107D10008C0F9D1F0E94256400D00F92EDB7FEB717
:107D200031962DE533E0ADB7BEB712963C932E9356
:107D30001197828313820E94CA61809139229091A7
:107D40003A220F900F900F900F908C0F9D1F0E9462
:107D500025648D3061F40F920F928BE593E0EDB7BF
:107D6000FEB7928381830E94CA610F900F90219683
:107D7000DCDCC817D9070CF4ACCF0F920F9288E562
:107D800093E0ADB7BEB712969C938E9311970E9465
:107D9000CA610F900F90DF91CF911F910F910895BD
:107DA000A0E2B0E0E6EDFEE30C94696000E010E0D4
:107DB0008AE19FE8B8014AE050E00E9415648AE138
:107DC0009FE860E072E24AE050E00E941D61892B6A
:107DD000A9F48AE19FE8B8014CE050E00E941564E4
:107DE00010933C2200933B2280913B2290913C22B5
:107DF0000D9690933A228093392206C00F5F1F4F51
:107E00002FE0033F1207A1F680913B2290913C2284
:107E10008F5F9F4F19F42FEF3FEF1EC085EA93E06D
:107E20008E010F5F1F4FB801C9DE8F5F9F4F91F02A
:107E3000C80161EA73E00E94F660892B29F4109270
:107E4000198F1092188F06C081E090E09093198FDF
:107E50008093188F20E030E0C901A096E4E00C94F4
:107E600085609EDF8F5F9F4F11F4D2DE99CF08951A
:107E700028E088E190E00FB6F894A8958093600020
:107E80000FBE20936000FFCF8091268F882361F47E
:107E900081E08093268FE7E2FFE8118210823B9613
:107EA0008FE8E73DF807C9F70895AC01E7E2FFE87E
:107EB00020E030E080819181892BC9F48BE090E053
:107EC000289FF001299FF00D389FF00D1124E95DE6
:107ED000F047518340837383628317821682158231
:107EE0001482118610868FEF8287F90108C02F5FF8
:107EF0003F4F3B9620313105E9F6EFEFFFEFCF0121
:107F000008959C01803191058CF48BE090E0289FCE
:107F1000F001299FF00D389FF00D1124E95DF04725
:107F200082858F3F19F42085318502C02FEF3FEF06
:107F3000C9010895AC01803191050CF04CC08BE073
:107F400090E0489FD001499FB00D589FB00D11247B
:107F5000A95DB0471A968C911A978F3FE1F5189654
:107F60002D913C91199712968D919C9113972817FA
:107F7000390788F5ED91FC91119714968D919C919C
:107F80001597E80FF91F608314968D919C911597B2
:107F9000019615969C938E93149712962D913C9171
:107FA00013978217930721F415961C921E9214972B
:107FB0008BE090E0489FF001499FF00D589FF00D35
:107FC0001124E95DF047808591850196918780872E
:107FD00020E030E002C02FEF3FEFC9010895AC016F
:107FE000803191050CF041C08BE090E0489FD001BA
:107FF000499FB00D589FB00D1124A95DB0471A9646
:108000008C911A978F3F89F518968D919C911997AD
:10801000892B59F116968D919C911797ED91FC91B2
:108020001197E80FF91F6081019617969C938E9324
:10803000169712962D913C9113978217930721F46E
:1080400017961C921E9216978BE090E0489FF001C5
:10805000499FF00D589FF00D1124E95DF047808590
:10806000918501979187808701C060E0862F0895F0
:108070009C0180319105BCF48BE090E0289FF001D9
:10808000299FF00D389FF00D1124E95DF04782859E
:108090008F3F49F41782168215821482118610864A
:1080A00020E030E002C02FEF3FEFC90108959C01AE
:1080B000803191051CF02FEF3FEF11C08BE090E075
:1080C000289FF001299FF00D389FF00D1124E95DE4
:1080D000F0472281338180859185281B390BC901A6
:1080E0000895EF92FF920F931F93CF93DF937C013C
:1080F0008B0180E1E816F1040CF06AC08BE090E09F
:10810000E89EE001E99ED00DF89ED00D1124C95DD6
:10811000D0478A858F3F09F05BC08885998586178F
:10812000970708F457C0EE81FF819B012E0F3F1F78
:108130008A819B812817390718F060E070E033C00E
:10814000688179816E0F7F1FCA01A8010E942A6190
:108150008E819F81800F911F9F838E8327C0DA01BC
:10816000A60FB71F8BE090E0E89EE001E99ED00DDE
:10817000F89ED00D1124C95DD047E881F9818E8128
:108180009F81E80FF91F80818C938E819F810196DA
:108190009F838E832A813B818217930711F41F826C
:1081A0001E826F5F7F4F60177107CCF28BE090E00B
:1081B000E89EF001E99EF00DF89EF00D1124E95DB6
:1081C000F04780859185801B910B9187808702C045
:1081D0000FEF1FEFC801CDB7DEB7E6E00C94836068
:1081E000EF92FF920F931F93CF93DF937C018B014C
:1081F000BA01803191050CF06CC08BE090E0E89EF4
:10820000E001E99ED00DF89ED00D1124C95DD04744
:108210008A858F3F09F05DC0EA81FB818885998559
:108220009F01281B390B2017310708F452C02C81FD
:108230003D81C801820F931F8E179F0718F040E001
:1082400050E032C088819981820F931FA8010E945B
:108250002A618C819D81800F911F9D838C8327C013
:108260008BE090E0E89EE001E99ED00DF89ED00DF5
:108270001124C95DD047A881B9818C819D81A80F47
:10828000B91FFB01E40FF51F80818C938C819D81C8
:1082900001969D838C832A813B818217930711F479
:1082A0001D821C824F5F5F4F40175107C8F28BE061
:1082B00090E0E89EF001E99EF00DF89EF00D11248B
:1082C000E95DF04780859185800F911F91878087B8
:1082D00002C00FEF1FEFC801CDB7DEB7E6E00C9488
:1082E00083600F931F937894CFDD80E090E00E942D
:1082F000501853D981E060E070E085D90F920F9259
:1083000083E094E0EDB7FEB7928381830E94CA6157
:108310008EEF93E0EDB7FEB7928381830E94CA612E
:1083200003EB13E0EDB7FEB7128301830E94CA612D
:1083300087EF93E0EDB7FEB7928381830E94CA6115
:10834000EDB7FEB7128301830E94CA610F900F90B0
:1083500083E00E94461E0E945D170F920F9281EFEC
:1083600093E0EDB7FEB7928381830E94CA61EDB7B7
:10837000FEB7128301830E94CA610F900F900E9482
:10838000501E0F920F9288EE93E0EDB7FEB79283E6
:1083900081830E94CA61EDB7FEB7128301830E94F8
:1083A000CA610F900F905DDD0F920F9281EE93E006
:1083B000EDB7FEB7928381830E94CA61EDB7FEB725
:1083C000128301830E94CA610F900F900E9487124E
:1083D0000F920F928AED93E0EDB7FEB792838183FF
:1083E0000E94CA61EDB7FEB7128301830E94CA6181
:1083F0000F900F90F7D00F920F9284ED93E0EDB7AE
:10840000FEB7928381830E94CA61EDB7FEB71283E3
:1084100001830E94CA610F900F9017D00F920F92A4
:108420008DEC93E0EDB7FEB7928381830E94CA6121
:10843000EDB7FEB7128301830E94CA610F900F90BF
:108440000E9411381F910F91089580E090E0FC0187
:10845000EE0FFF1FEE0FFF1FE752F0471182108251
:1084600001968B30910599F708959C01E0E0F0E0CA
:10847000DF01AA0FBB1FAA0FBB1FA752B0478D91E8
:108480009C91119782179307B9F08D919C91119748
:10849000892B71F411963C932E93EE0FFF1FEE0F74
:1084A000FF1FE552F0477183608320E030E006C093
:1084B0003196EB30F105E1F62FEF3FEFC90108955A
:1084C000E091D78FF091D88FEE0FFF1FEE0FFF1FB7
:1084D000E752F04780819181892B21F41092D88F47
:1084E0001092D78FE091D78FF091D88FEE0FFF1FAA
:1084F000EE0FFF1FE752F0470190F081E02D199534
:108500008091D78F9091D88F01969093D88F809338
:10851000D78F0895982F80538A3068F08153863022
:1085200010F4865F0895892F8154863010F08FEF04
:108530000895892F87530895A0E0B0E0E2EAF2E4BD
:108540000C9463606C015B017A01EE0CFF1CC0E0CF
:10855000D0E028C0CE15DF0574F5C0FD0BC0822F1A
:10856000D9DFFE01F595E795EA0DFB1D8295807F29
:1085700080830EC0CE0162E070E00E9426608B0115
:108580000A0D1B1D822FC6DFF8019081980F908382
:108590000894C11CD11CF60180818A33C9F38D3245
:1085A000B9F32196F60120812223A1F6CE15DF052D
:1085B00011F480E001C08FEFCDB7DEB7EAE00C9494
:1085C0007F609C01232732272327C90108959B013F
:1085D000AC01252752272527342743273427B90103
:1085E000CA01089580E090E0FC01EE0FFF1FEE0F3E
:1085F000FF1FEB5FFF461182108201968C309105C0
:1086000099F708959C01E0E0F0E0DF01AA0FBB1F9D
:10861000AA0FBB1FAB5FBF468D919C91119782172C
:108620009307B9F08D919C911197892B71F4119654
:108630003C932E93EE0FFF1FEE0FFF1FE95FFF46E7
:108640007183608320E030E006C03196EC30F105A4
:10865000E1F62FEF3FEFC9010895A0E0B0E0E3E3BA
:10866000F3E40C9463605C016B01FB01E080F1803A
:10867000C70162E274E00E94F660892B51F50F9207
:108680000F9284E194E0EDB7FEB7928381830E945C
:10869000CA61C7E0D0E90F900F9088819981009757
:1086A00091F00F920F92EDB7FEB7928381830E94F3
:1086B000CA6181E194E0EDB7FEB7928381830E94A5
:1086C000CA610F900F902496F0E9C733DF0729F7AE
:1086D00023C007E010E9C0E0D0E0F80160817181BB
:1086E00061157105C9F0C7010E94F660892B71F40C
:1086F000CC0FDD1FCC0FDD1FCB5FDF46E881F9819A
:10870000C501B601199520E030E008C021960C5F44
:108710001F4FCC30D10509F72FEF3FEFC901CDB77F
:10872000DEB7EAE00C947F60EF92FF920F931F9305
:10873000CF93DF93EC018B017A010E945561BC015C
:10874000F801D183C08340E050E020E030E0A0E0B9
:1087500039C0FE01E40FF51F80818D3051F08E305D
:1087600018F4882339F02CC08032C1F0823241F5F0
:1087700003C01082AB0124C0AA2369F41082F9015E
:10878000EE0FFF1FE00FF11FCA0101968C0F9D1F16
:108790009183808305C01082A0E012C0AA2311F04B
:1087A000A1E00EC010822F5F3F4FF901EE0FFF1FB7
:1087B000E00FF11FCA0101968C0F9D1F91838083EA
:1087C0004F5F5F4F461757071CF42E153F050CF2FD
:1087D0002F5F3F4FC901CDB7DEB7E6E00C94836051
:1087E000A8E4B0E0E6EFF3E40C946960BC018E010C
:1087F000075F1F4FC8010E94FF60C8018E010F5F15
:108800001F4FB80144E050E08FDFB80126DFC85B9E
:10881000DF4FE4E00C948560A8E0B0E0E2E1F4E42E
:108820000C9469608E010F5F1F4FB80144E050E067
:108830007BDFB80112DF2896E4E00C948560A7E0A6
:10884000B0E0E5E2F4E40C946B60809163A0909159
:1088500064A02FEF8F3F9207F9F480E590E00E942B
:10886000D0239C01909364A0809363A02F5F3F4F1F
:1088700009F4C3C081E0809337A010925EA01092EB
:108880005DA0109237901092369010923590109211
:108890003CA010923BA00CC00E940A24803159F0E9
:1088A0008FEF9FEF909364A0809363A0109237A006
:1088B000109238A0A2C0809137A0813009F068C022
:1088C0005CC0809163A0909164A00E945B27282FD8
:1088D0008A3009F452C0309138A0332391F4E091EA
:1088E0005DA0F0915EA0DF01AB5CBF4612968C9359
:1088F0003196F0935EA0E0935DA0EB5CFF461282A0
:1089000009C080915DA090915EA0019690935EA0B9
:1089100080935DA02D3089F53323F1F487E390E94E
:108920006AE974E043E050E00E94D560892B39F495
:1089300081E0809338A085E390E913D10DC087E3EF
:1089400090E965E974E044E050E00E94D560892B2D
:1089500019F482E0809338A0809138A0882349F0F0
:1089600080915DA090915EA0019719F483E08093BF
:1089700037A010925EA010925DA0809163A09091AC
:1089800064A00E941D24181619060CF49ACF35C055
:10899000833099F5CE0101960E94283B609163A037
:1089A000709164A082E00E94033B85E390E9EAD1E4
:1089B000019789F085E390E928D2019761F00F9241
:1089C0000F9287E294E0EDB7FEB7928381830E9415
:1089D000CA610F900F900E94E53ACE0101960E9465
:1089E0001A3B809163A0909164A00E941B298FEF95
:1089F0009FEF909364A0809363A02796E2E00C948D
:108A000087600F931F9369D180E590E00E949D23BA
:108A10000FEF1FEF109364A0009363A000D00F929C
:108A200084EA94E0EDB7FEB79283818380E590E01D
:108A3000948383830E94CA610F900F900F900F90D0
:108A40008FE194E46EE974E010DD109364A000936C
:108A500063A01F910F910895A0E0B0E0E2E3F5E478
:108A60000C9463605B01FC01EA5FFF4EC190D19002
:108A70008F01EE24FF24C0E0D0E00EC0F801808119
:108A80009181B5010E94F660892B19F4EE24EA94D5
:108A9000FE2C21960E5F1F4FCC15DD057CF3C70120
:108AA000CDB7DEB7EAE00C947F60A0E0B0E0EBE584
:108AB000F5E40C9463605B01FC01EA5FFF4EC1903A
:108AC000D1908F01EE24EA94FE2CC0E0D0E00CC0DF
:108AD000F80180819181B5010E94F660892B09F42B
:108AE0007E0121960E5F1F4FCC15DD058CF3C7016B
:108AF000CDB7DEB7EAE00C947F60CF92DF92FF92B1
:108B00000F931F93CF93DF93EC016C011DC0F6010F
:108B1000808388818532A1F48E010F5F1F4FE801A9
:108B20002196F8018081F6DCF82EF29480EFF8228D
:108B3000F601F082F8018181EDDCF82AF601F0827D
:108B40000894C11CD11C21968881882301F7F60165
:108B50001082DF91CF911F910F91FF90DF90CF9006
:108B60000895EF92FF920F931F93CF93DF93EC0141
:108B7000FC0180E090E022812F3249F0222339F07D
:108B80000196319620E180309207A9F7A1C0FC013F
:108B9000319603968C0F9D1F9983888300E010E027
:108BA0001AC0DE01AE0FBF1F12968C9112978F3341
:108BB00049F412961C92319632968E010E0F1F1FA9
:108BC000329708C0803211F0882321F4EC0FFD1F8A
:108BD000128205C0319680E1E030F80714F3CA5FD5
:108BE000DF4E19821882C650D041E880F980C70153
:108BF0000E945561892B29F4C7016BEB74E00E9438
:108C0000FF600115110509F463C0CA5FDF4E81E002
:108C100090E099838883629619830883609719830B
:108C20000883C850D04118C08632A1F4D8011D92E3
:108C30008D01DE01AA5FBF4EED91FC911197319637
:108C4000ED93FC93ED5FF74FEE0FFF1FEC0FFD1F51
:108C5000118300830F5F1F4FF8018081882321F764
:108C60008E01085F1F4EEE24FF2429C0D801ED912C
:108C7000FC9111975196FC93EE9350970EC08D3353
:108C800031F41192D8015196FC93EE935097808164
:108C90008B3211F480E2808331968081882379F7CA
:108CA000F8018081918129DFD80150968D919C91A6
:108CB000519723DF0894E11CF11C0E5F1F4FCA5F20
:108CC000DF4E88819981C650D0418E159F0574F67C
:108CD000CDB7DEB7E6E00C94836080E090E0FC0165
:108CE000EE0FFF1FEE0FFF1FEB59FF4511821082A1
:108CF00001968431910599F708959C01E0E0F0E038
:108D0000DF01AA0FBB1FAA0FBB1FAB59BF458D9137
:108D10009C91119782179307B9F08D919C911197AF
:108D2000892B71F411963C932E93EE0FFF1FEE0FDB
:108D3000FF1FE959FF457183608320E030E006C0E2
:108D40003196E431F105E1F62FEF3FEFC9010895C7
:108D50000F920F9286EC94E0EDB7FEB79283818379
:108D60000E94CA610F900F9008950F920F9289EDA3
:108D700094E0EDB7FEB7928381830E94CA610F90A1
:108D80000F900895EF92FF920F931F93CF93DF936D
:108D90008C0167E6E62E60EAF62EC0E0D0E0F7012F
:108DA000608171816115710541F1F80180819181C6
:108DB0000E94F660892BC9F40F920F928AE195E028
:108DC000EDB7FEB7928381830E94CA61CC0FDD1F8D
:108DD000CC0FDD1FCB59DF45E881F9810F900F9053
:108DE000C801199521E030E00AC0219684E090E0A6
:108DF000E80EF91EC431D10591F62FEF3FEFC901FE
:108E0000CDB7DEB7E6E00C948360A0E0B0E0EBE025
:108E1000F7E40C9465608C01C5E6D2E2EE24FF24F1
:108E2000CD80DE80C114D10409F473C068817981DA
:108E3000F801808191810E94F660892B09F060C061
:108E40000F920F9283EE9CE0EDB7FEB79283818381
:108E50000E94CA610F900F90F70193E0EE0FFF1F81
:108E60009A95E1F7EE19FF09EB59FD4D84818130A8
:108E700049F0813060F0823079F40F920F928FEDDB
:108E80009CE00EC00F920F928AED9CE009C00F92F9
:108E90000F9280ED9CE004C00F920F928CEC9CE04E
:108EA000EDB7FEB7928381830E94CA610F920F9241
:108EB00083E89CE0EDB7FEB792838183D482C382BE
:108EC0000E94CA610F900F900F900F900E94E53A98
:108ED000025D1F4EF70183E0EE0FFF1F8A95E1F759
:108EE000EE19FF09EB59FD4D42815381F801808154
:108EF0009181B60121E00E94CA2921E030E00BC037
:108F00000894E11CF11C2796F0E2EF16F10409F039
:108F100087CF2FEF3FEFC901CDB7DEB7E8E00C9464
:108F20008160CF93DF93EC019C01220F331F280F48
:108F3000391FF901EE0FFF1FEB54FF458481958126
:108F40008F5F9F4F09F43FC0F901EE0FFF1FE954F7
:108F5000FF45608171818091C8A077FF07C030E034
:108F600090E00E942660892B39F405C030E090E043
:108F70006817790709F431E0FE01EE0FFF1FEC0FCF
:108F8000FD1FEE0FFF1FEB54FF4560817181809143
:108F9000C7A077FF07C020E090E00E942660892BE1
:108FA00039F405C020E090E06817790709F421E062
:108FB000313049F490E0213009F091E081E09827C8
:108FC000292F30E002C020E030E0C901DF91CF91CD
:108FD0000895ADE4B0E0EFEEF7E40C94676000D0E4
:108FE00000D0EDB7FEB731967EE2E72EF12CEC0E05
:108FF000FD1EADB7BEB71296FC92EE92119721E11D
:109000003DE033832283958384830E94EC618DB796
:109010009EB706960FB6F8949EBF0FBE8DBF8E0109
:10902000025F1F4FC701B8010E946F3DC801BE011A
:109030006F5F7F4F43E050E077DB8E01095F1F4F8A
:10904000C8010E94283B80E060E070E00E94033B82
:109050008D819E81E1DBC8010E941A3BC35BDF4F1B
:10906000E6E00C948360A2E1B0E0E9E3F8E40C945C
:109070006960CE0101960E94AE169C818091C8A0C5
:10908000891729F49B818091C7A0891799F08C8159
:109090008093C8A08B818093C7A000E010E0C80136
:1090A00040DF892B11F0C80194DF0F5F1F4F0330A1
:1090B0001105A9F76296E4E00C948560A2E1B0E0A6
:1090C000E4E6F8E40C946B608FEF9FEF9093BAA006
:1090D0008093B9A09093C0A08093BFA09093C6A0A6
:1090E0008093C5A0CE0101960E94AE168C8180931C
:1090F000C8A08B818093C7A083E398E463E47DE0FC
:10910000B4D96296E2E00C948760A6E2B0E0EBE8A6
:10911000F8E40C946360D2DFCC24DD24AA24BB24C1
:1091200000D000D0EDB7FEB731968E01095F1F4F1A
:10913000ADB7BEB712961C930E93119781E19DE0D7
:1091400093838283D582C4820E94EC61EDB7FEB71F
:1091500036960FB6F894FEBF0FBEEDBFC801B8013A
:109160000E946F3D8F5F9F4F71F1C801BE016F5F1D
:109170007F4F43E050E0D8DA039729F58501000FCF
:10918000111F0A0D1B1D000F111FF5EBEF2EF0EA4A
:10919000FF2EE00EF11ED7011596DC92CE921497A9
:1091A00089819A810E94926009541F45F801918338
:1091B00080838B819C810E949260D7018D939C93C8
:1091C0000894A11CB11C0894C11CD11CB3E0CB169F
:1091D000D10409F0A5CFA696EAE00C947F606EDF7B
:1091E00094DF0FCC7AD05AD398D60E940652B4D3CB
:1091F0000E94415104D00E94355101C408958EEF60
:1092000098E468E47DE079CDAFE1B0E0EAE0F9E42C
:109210000C9463600F920F9288E59DE0ADB7BEB7E6
:1092200012969C938E9311970E94CA61CC24DD24E0
:109230000F900F9086E0A82EB12CAC0EBD1EC6017B
:10924000BE016E5F7F4FA5019E012F5F3F4F0E94C1
:109250009F2F8130A1F58981882389F16A817B81E3
:109260008C819D818E01045F1F4FA8010E94D53122
:109270007C01C501B8010E94E22FEDB7FEB7389717
:109280000FB6F894FEBF0FBEEDBF319620E53DE06E
:10929000ADB7BEB712963C932E931197F382E2823C
:1092A000958384838981868317820E94CA61EDB782
:1092B000FEB738960FB6F894FEBF0FBEEDBF089408
:1092C000C11CD11CF4E0CF16D10409F0B3CF80E06B
:1092D00090E06F96EAE00C947F6084E099E465E6A4
:1092E0007DE090C9A2E1B0E0E8E7F9E40C946560A4
:1092F0006C01CE0101960E94AE168091C9A090919A
:10930000CAA001969093CAA08093C9A04C815B81AA
:109310006A8179810E811F81288539858DB79EB735
:1093200040970FB6F8949EBF0FBE8DBFEDB7FEB746
:1093300031968DE29EE0ADB7BEB712969C938E93A8
:109340001197428313825483158266831782708734
:1093500011860287138614871586378726870E9411
:10936000CA616B857C858D859E8520E831E541E06D
:1093700050E00E94396079018A01EDB7FEB770961E
:109380000FB6F894FEBF0FBEEDBFE114F104010566
:10939000110529F1F1E0EF16F1040105110529F499
:1093A00000D000D084E29EE004C000D000D08AE16A
:1093B0009EE0ADB7BEB712969C938E931197EDB712
:1093C000FEB7E382F482058316830E94CA618DB7DB
:1093D0009EB706960FB6F8949EBF0FBE8DBF6B85E5
:1093E0007C858D859E8520E831E541E050E00E9436
:1093F000396020E13EE040E050E00E9439607901B0
:109400008A01E114F10401051105D1F000D000D06A
:1094100081E19EE0ADB7BEB712969C938E931197F3
:10942000EDB7FEB7E382F482058316830E94CA611A
:109430008DB79EB706960FB6F8949EBF0FBE8DBF30
:109440006B857C858D859E8520E13EE040E050E087
:109450000E9439602CE330E040E050E00E94396027
:1094600079018A01E114F10401051105D1F000D060
:1094700000D088E09EE0ADB7BEB712969C938E9365
:109480001197EDB7FEB7E382F482058316830E943D
:10949000CA618DB79EB706960FB6F8949EBF0FBEF1
:1094A0008DBF6B857C858D859E852CE330E040E00B
:1094B00050E00E9439609B01AC0121153105410546
:1094C0005105D1F000D000D080E09EE0ADB7BEB72E
:1094D00012969C938E931197EDB7FEB72383348336
:1094E000458356830E94CA618DB79EB706960FB614
:1094F000F8949EBF0FBE8DBF0F920F9284EF9DE038
:10950000ADB7BEB712969C938E9311970E94CA6115
:109510002091E18C3091E28C4091E38C5091E48C6D
:109520000F900F902030B4E03B07B0E04B07B0E065
:109530005B07B0F400D000D088EE9DE0EDB7FEB739
:1095400092838183ADB7BEB713962D933D934D9310
:109550005C9316970E94CA61EDB7FEB736968BC032
:109560002030F0E03F07F0E14F07F0E05F0710F533
:1095700000D000D08BED9DE0ADB7BEB712969C93A6
:109580008E9311977AE056954795379527957A955A
:10959000D1F7EDB7FEB723833483458356830E940A
:1095A000CA618DB79EB706960FB6F8949EBF0FBEE0
:1095B0008DBF66C0203090E0390790E0490790E405
:1095C000590740F5ADB7BEB71A970FB6F894BEBFAE
:1095D0000FBEADBFEDB7FEB7319688EC9DE0129699
:1095E0009C938E931197DA01C90164E1B695A79512
:1095F000979587956A95D1F782839383A483B583E2
:109600004F7050707AE056954795379527957A9523
:10961000D1F728C08DB79EB70A970FB6F8949EBFB2
:109620000FBE8DBFEDB7FEB7319685EB9DE0ADB7B0
:10963000BEB712969C938E931197DA01C9016EE121
:10964000B695A795979587956A95D1F78283938369
:10965000A483B5835F7384E1569547953795279525
:109660008A95D1F726833783408751870E94CA6144
:10967000EDB7FEB73A960FB6F894FEBF0FBEEDBF3A
:109680008DB79EB70A970FB6F8949EBF0FBE8DBFD9
:10969000EDB7FEB7319689E69DE0ADB7BEB712963D
:1096A0009C938E9311978091DD8C9091DE8CA0918C
:1096B000DF8CB091E08C82839383A483B583809107
:1096C000C9A09091CAA0978386838EE290E1C80ECC
:1096D000D91ED6018D919C91918780870E94CA6185
:1096E000EDB7FEB73A960FB6F894FEBF0FBEEDBFCA
:1096F0006296E8E00C948160DF92EF92FF920F9304
:109700001F938DB79EB70E970FB6F8949EBF0FBEEE
:109710008DBFEDB7FEB731968AE89FE0ADB7BEB713
:1097200012969C938E9311978091E18C9091E28C8C
:10973000A091E38CB091E48C82839383A483B5835E
:109740008091DD8C9091DE8CA091DF8CB091E08CCB
:1097500086839783A087B1878091D98C9091DA8C8A
:10976000A091DB8CB091DC8C82879387A487B5872E
:109770000E94CA610F900F900F900F90EDB7FEB747
:10978000319689E49FE0ADB7BEB712969C938E9355
:10979000119780912526909126269383828380912C
:1097A0002726909128269583848380912B2690915B
:1097B0002C26978386838091292690912A2691874B
:1097C00080870E94CA61EDB7FEB73A960FB6F8944B
:1097D000FEBF0FBEEDBF0E94BA2E82E70E947B1C27
:1097E000D82E81E00E942D1D8C0181E10E942D1D4B
:1097F0007C010E94942E0F920F928DE39FE0ADB7F3
:10980000BEB712969C938E9311970E94CA618CE208
:109810009FE0EDB7FEB7928381830E94CA6188E121
:109820009FE0ADB7BEB712969C938E9311970E949E
:10983000CA610F920F92EDB7FEB7319683E09FE0B9
:10984000ADB7BEB712969C938E931197D2821382B6
:109850000E94CA6180EF9EE0EDB7FEB792838183DC
:10986000148303830E94CA618DED9EE0ADB7BEB73D
:1098700012969C938E9311971496FC92EE921397E6
:109880000E94CA610F900F900F900F9080E090E0BF
:109890001F910F91FF90EF90DF9008958CE79BE46C
:1098A00069EC7FE00E94024382E799E46FEB7FE07E
:1098B00024CACF93DF93EC0158DACA5FDF4E888168
:1098C0009981C650D041892B71F40F920F9287EE87
:1098D0009FE0EDB7FEB7928381830E94CA610F902B
:1098E0000F9036DA31C0CE0161EE7FE0B5D8892B1A
:1098F00059F1CE016BED7FE0D8D8FC01E45FF74F62
:10990000EE0FFF1FEC0FFD1F8081918165ED7FE061
:109910000E94F660892BC1F40F920F928FEC9FE0AA
:10992000EDB7FEB7928381830E94CA610F900F90BA
:109930000FDA0E94E53AC25DDF4E888199810E946C
:109940001B290E94383FFFCFDF91CF9108950E94DD
:10995000383F80E090E0089587EA9CE462E770E198
:109960000E94024389E59CE468E670E1C6C9A4E16F
:10997000B0E0EDEBFCE40C9469608B01029759F5C3
:10998000DB0112968D919C9113970E945437F80138
:1099900002811381AE014F5F5F4F0E94D53100D02D
:1099A00000D0EDB7FEB7319629E830E1ADB7BEB7CC
:1099B00012963C932E93119713830283958384838D
:1099C0000E94CA61EDB7FEB736960FB6F894FEBF97
:1099D0000FBEEDBF0EC00F920F9288E790E1ADB7BA
:1099E000BEB712969C938E9311970E94CA610F90F6
:1099F0000F9080E090E06496E4E00C94856087EB43
:109A00009CE469E970E10C940243A0E1B0E0EBE072
:109A1000FDE40C94696060911B2270911C2280917E
:109A20001D2290911E228E010F5F1F4FA8010E94E0
:109A3000D53100D00F922CED34E1ADB7BEB7129600
:109A40003C932E93119714969C938E9313970E9498
:109A5000CA610F900F900F900F9060911F2270912C
:109A600020228091212290912222A8010E94D531AA
:109A700000D00F922FEC34E1EDB7FEB73283218393
:109A8000948383830E94CA610F900F900F900F9070
:109A90006091232270912422809125229091262288
:109AA000A8010E94D53100D00F9222EC34E1ADB76D
:109AB000BEB712963C932E93119714969C938E9357
:109AC00013970E94CA610F900F900F900F906091B2
:109AD0002722709128228091292290912A22A80180
:109AE0000E94D53100D00F9229EB34E1EDB7FEB7DB
:109AF00032832183948383830E94CA618DB79EB78A
:109B00000A970FB6F8949EBF0FBE8DBFEDB7FEB794
:109B100031968DE894E1ADB7BEB712969C938E93C3
:109B2000119780911422828313828091152284835D
:109B30001582809116228683178280911722808752
:109B4000118680911822828713868091192284873A
:109B500015860E94CA61EDB7FEB73E960FB6F8941F
:109B6000FEBF0FBEEDBF80E090E06096E4E00C9495
:109B70008560A0E2B0E0EFEBFDE40C9469608C013D
:109B8000F4D80A5F1F4EF801808191810650104180
:109B9000892BC9F40F920F9285E894E1EDB7FEB7D7
:109BA000928381830E94CA610F900F908CE794E1A9
:109BB0000E94F04386E794E10E94F0430F920F92D7
:109BC0008DE694E19CC1C80166E674E10E942C45D3
:109BD000892B09F4F5C00F920F9288E194E1EDB75B
:109BE000FEB7928381830E94CA610F900F9083E138
:109BF00094E18E010F5F1F4FB8010E94DE3D0F926E
:109C00000F9286EB93E1EDB7FEB7928381830E94BA
:109C1000CA610F900F90C80163EB73E10E94F66078
:109C2000892B61F40F920F928BEA93E1EDB7FEB7A7
:109C3000928381830E94CA610F900F900F920F92BE
:109C40008FE993E1EDB7FEB7928381830E94CA61E9
:109C50000F900F908CE993E18E010F5F1F4FB801B9
:109C60000E94DE3D019759F060911B2270911C22E9
:109C700080911D2290911E22A8010E94D53100D012
:109C80000F9287E293E1EDB7FEB7928381838E0155
:109C90000F5F1F4F148303830E94CA610F900F90C0
:109CA0000F900F9082E293E1B8010E94DE3D019790
:109CB00059F060911F227091202280912122909171
:109CC0002222A8010E94D53100D00F9288EA92E1A9
:109CD000EDB7FEB7928381838E010F5F1F4F148310
:109CE00003830E94CA610F900F900F900F9083EA38
:109CF00092E1B8010E94DE3D019759F06091232264
:109D0000709124228091252290912622A8010E9400
:109D1000D53100D00F928FE292E1EDB7FEB792837A
:109D200081838E010F5F1F4F148303830E94CA61DA
:109D30000F900F900F900F908BE292E1B8010E946C
:109D4000DE3D019759F06091272270912822809181
:109D5000292290912A22A8010E94D53100D00F9289
:109D600085EB91E1EDB7FEB7928381838E010F5FA2
:109D70001F4F148303830E94CA610F900F900F90AE
:109D80000F9081EB91E1B8010E94DE3D019729F02F
:109D900084E192E2B8010E94E22F00D00F9284ED9C
:109DA00090E1EDB7FEB792838183CE010196948353
:109DB00083830E94CA610F900F900F900F90A7C0ED
:109DC000C8016DE970E10E942C45892B89F0C8011A
:109DD0006DE970E10E945545FC01E45FF74FEE0F1D
:109DE000FF1FE00FF11F608171818DE990E104C0D8
:109DF0008DE990E16AE072E20E94453DC80162EAA5
:109E000070E10E942C45892B91F0C80162EA70E153
:109E10000E945545FC01E45FF74FEE0FFF1FE00F76
:109E2000F11F6081718182EA90E10E94453DC80185
:109E300065EA70E10E942C45892B91F0C80165EA22
:109E400070E10E945545FC01E45FF74FEE0FFF1FE4
:109E5000E00FF11F6081718185EA90E10E94453D2C
:109E6000C8016AEA70E10E942C45892B91F0C80173
:109E70006AEA70E10E945545FC01E45FF74FEE0F7E
:109E8000FF1FE00FF11F608171818AEA90E10E945B
:109E9000453DC8016FEA70E10E942C45892B91F085
:109EA000C8016FEA70E10E945545FC01E45FF74F7D
:109EB000EE0FFF1FE00FF11F608171818FEA90E1CB
:109EC0000E94453DC80163EB70E10E942C45892B3F
:109ED00091F0C80163EB70E10E945545845F974F94
:109EE000880F991F080F191FF8016081718183EB9A
:109EF00090E10E94453D0F920F9287EB90E1EDB704
:109F0000FEB7928381830E94CA610F900F900E94D6
:109F1000A846A096E4E00C94856085E09DE460EF9F
:109F200074E10E94024389EB9DE464EE74E10C94B9
:109F30007D46A4E2B0E0EFE9FFE40C9469608C0197
:109F40000E94B5460A5F1F4ED8018D919C91065024
:109F50001041892B09F07DC08E010B5F1F4F89EFE7
:109F600094E1B8010E94DE3D0F920F928EEA96E1D5
:109F7000EDB7FEB7928381830E94CA610F900F9064
:109F8000C8016BEA76E10E94F660892B71F40F92AA
:109F90000F9283EA96E1ADB7BEB712969C938E936B
:109FA00011970E94CA610F900F900F920F9287E94C
:109FB00096E1EDB7FEB7928381830E94CA610F904C
:109FC0000F9089EF94E10E94273CBE016B5F7F4FA9
:109FD0008F5F9F4F29F08DEF94E10E94DE3D05C019
:109FE000CB0165E876E10E94FF6087E095E10E9481
:109FF000273CBE016F5F7F4F8F5F9F4F29F087E047
:10A0000095E10E94DE3D05C0CB0163E876E10E9448
:10A01000FF6000D000D0EDB7FEB731968CE295E13D
:10A02000ADB7BEB712969C938E931197CE0105964D
:10A0300093838283CE010196958384830E94CA61B3
:10A04000EDB7FEB736960FB6F894FEBF0FBEEDBF64
:10A050005CC0C80169EF74E10E942C45892B89F02E
:10A06000C80169EF74E10E945545FC01E45FF74FB8
:10A07000EE0FFF1FE00FF11F6081718189EF94E106
:10A0800004C089EF94E16EE072E20E94453DC80190
:10A090006DEF74E10E942C45892B91F0C8016DEFA2
:10A0A00074E10E945545FC01E45FF74FEE0FFF1F7E
:10A0B000E00FF11F608171818DEF94E10E94453DB9
:10A0C000C80167E075E10E942C45892B91F0C80119
:10A0D00067E075E10E945545845F974F880F991F8F
:10A0E000080F191FD8016D917C9187E095E10E94BE
:10A0F000453D0F920F928FE095E1EDB7FEB7928349
:10A1000081830E94CA610F900F900E94A846A49676
:10A11000E4E00C948560A6E2B0E0E1E9F0E50C949F
:10A1200065606B01029709F08EC0DB0112968D917C
:10A130009C9113970E940632AC01CB01DA017C019D
:10A140008D01E114F10401051105A1F4F6018281EC
:10A1500093810E9454377B018C016F3FFFEF7F0793
:10A16000FFEF8F07FFEF9F0729F40F920F928EE901
:10A1700097E162C000D00F928BE897E1EDB7FEB790
:10A1800092838183D60112968D919C91139794832B
:10A1900083830E94CA610F900F900F900F9087E009
:10A1A00095E10E94273C8F5F9F4F41F087E095E14A
:10A1B000BE016D5E7F4F0E94DE3D01C01B8ACE0155
:10A1C00043960E94AF60262FC801B70140E050E0DF
:10A1D0000E9495368F5F9F4F59F1CE0101960E94E4
:10A1E000AE162C813B814A818DB79EB708970FB67A
:10A1F000F8949EBF0FBE8DBFEDB7FEB731968FE6C8
:10A2000097E1ADB7BEB712969C938E9311972283B8
:10A21000138234831582468317820E94CA61EDB788
:10A22000FEB738960FB6F894FEBF0FBEEDBF17C04D
:10A230000F920F9286E697E1ADB7BEB712969C9348
:10A240008E93119708C00F920F9284E597E1EDB7B6
:10A25000FEB7928381830E94CA610F900F9080E0C5
:10A2600090E0A696E8E00C9481608BE890E56FEAB8
:10A2700077E10E94024389E99FE467EA77E10C9461
:10A280007D4608950E94B5460F920F928AEB97E1A2
:10A29000EDB7FEB7928381830E94CA610F900F9041
:10A2A0000E94353E0F920F9283EB97E1EDB7FEB718
:10A2B000928381830E94CA610F900F900C94A846EC
:10A2C000A0E2B0E0E6E6F1E50C9467607B0102975E
:10A2D0000CF48AC0FB01828193816BE578E10E94D6
:10A2E000F660892B19F00FEF1FEF13C08E010F5F7F
:10A2F0001F4FC80168E578E10E94FF608AE498E199
:10A30000B8010E94453D81E090E00E94903B00E052
:10A3100010E0F7018281938160E478E10E94F660A9
:10A32000892BF9F480E090E00E94903B8E010F5F52
:10A330001F4FC8016CE378E10E94FF608EE298E154
:10A34000B8010E94453D0F920F9280E298E1EDB76F
:10A35000FEB7928381830E94CA6100E010E00F90F3
:10A360000F90F701828193816CE178E10E94F660A1
:10A37000892B59F4F70166817781848195810E9448
:10A380002F3D019711F400E010E0F70182819381E5
:10A3900068E178E10E94F660892B49F4F701848135
:10A3A00095810E944F3C019711F400E010E0F70105
:10A3B0008281938162E178E10E94F660892B21F429
:10A3C0000E94353E00E010E0F701828193816CE04D
:10A3D00078E10E94F660892B19F40E94083E10C0B3
:10A3E000FFEF0F3F1F0761F40F920F9280EC97E190
:10A3F000EDB7FEB7928381830E94CA610F900F90E0
:10A4000080E090E0A096E6E00C94836080E691E521
:10A410006DE678E10E94024382E491E563E678E12B
:10A420000C947D46DC0140E051E025C0803338F4D7
:10A430008E32F0F48032D1F08C3211F519C08A33AB
:10A44000F8F4E42FF0E0382F3053552329F0EC5482
:10A45000FD45308350E00EC0EC54FD4580812AE07C
:10A46000829FC0011124380F308304C0552309F4A2
:10A470004F5F51E011968C91882311F04930B0F272
:10A48000842F0895AEE1B0E0E8E4F2E50C94696051
:10A490001092CDA01092CEA01092D2A08AE080930C
:10A4A000D4A01092D5A081E080932CA38DE293EAF2
:10A4B0000E941D5F82E693EA0E941D5F10926AA2CD
:10A4C0001092DAA01092BDA28FE798E18E010F5F83
:10A4D0001F4FB8010E94DE3D019729F4C8010E9478
:10A4E0009260880F01C08CE280939CA38CE898E175
:10A4F0008E010F5F1F4FB8010E94DE3D019759F496
:10A50000C8010E9492601092B3A2892B31F081E0C1
:10A510008093B3A202C01092B3A283E798E18E01A8
:10A520000F5F1F4FB8010E94DE3D019749F4C8013B
:10A530000E949260880F8093B2A2E4EBF2EA05C019
:10A540001092B2A21092B3A2F8CF119282EAED3B20
:10A55000F807D9F786E998E18E010F5F1F4FB80120
:10A560000E94DE3D019711F4C8015CDF81E0809319
:10A570009DA30E94D45E84EF91E00E94411F8EE86B
:10A5800098E50E948B1F882309F441C08FE295E56E
:10A590006AED78E10E947D468BE093E56BEC78E113
:10A5A0000E947D4680E496E56DEB78E10E947D4651
:10A5B0008FEF9FEF9093B1A28093B0A286E890E0D6
:10A5C0000E949D238FEF809321A3109222A31092CB
:10A5D00023A385EC8093BC0080EA809398A300D0ED
:10A5E0000F9287EA98E1EDB7FEB79283818386E800
:10A5F00090E0948383830E94CA610F900F900F9024
:10A600000F908BE69AE563EA78E10E9435426E96F8
:10A61000E4E00C948560A3E2B0E0E1E1F3E50C94A2
:10A6200065607C0180E00E94461E0E94B54626E0DF
:10A6300030E1E20EF31ED7018D919C91EAEFFFEE1F
:10A64000EE0EFF1E892B09F081C00F920F9281E35D
:10A650009CE1ADB7BEB712969C938E9311970E9462
:10A66000CA610F920F92EDB7FEB7319680EB9BE176
:10A67000ADB7BEB712969C938E93119780919CA311
:10A680008695828313820E94CA61EDB7FEB7319628
:10A6900082E39BE1ADB7BEB712969C938E93119760
:10A6A0008091B2A28695828313820E94CA610F9024
:10A6B0000F908EEC9AE1EDB7FEB7928381830E94F2
:10A6C000CA610F900F908091B3A2882371F00F920E
:10A6D0000F9286EC9AE1ADB7BEB712969C938E931B
:10A6E00011970E94CA610F900F900F920F928AEB00
:10A6F0009AE1EDB7FEB7928381830E94CA610F9001
:10A700000F9086E998E18E010F5F1F4FB8010E94FC
:10A71000DE3D00D00F9282E29AE1ADB7BEB712964D
:10A720009C938E93119714961C930E9313970E94EB
:10A73000CA610F900F9085EC99E1EDB7FEB7928357
:10A7400081830E94CA610F900F9080C10F920F9277
:10A750008DE899E1ADB7BEB712969C938E93119791
:10A760000E94CA611B820F900F90C7016FE778E1CA
:10A770000E942C45892B09F458C0C7016FE778E186
:10A780000E945545FC01E45FF74FEE0FFF1FEE0DF1
:10A79000FF1D608171816E010894C11CD11CC6012E
:10A7A00042E050E00E946E61C6010E949260982FC4
:10A7B0008091CCA0882369F5092F000F802F0E947B
:10A7C000AD5E882331F1802F869590E0B6014AE096
:10A7D00050E00E947D618FE798E1B6010E94453DFF
:10A7E00000D00F92EDB7FEB7319687E799E1ADB78C
:10A7F000BEB712969C938E93119780919CA38695D9
:10A80000828313820E94CA610F900F900F900F9065
:10A810000CC00F920F9283E499E1EDB7FEB79283DB
:10A8200081830E94CA610F900F90C70163E778E1AE
:10A830000E942C45892B41F1C70163E778E10E9412
:10A840005545FC01E45FF74FEE0FFF1FEE0DFF1DB6
:10A85000608171818E010F5F1F4FC80142E050E09F
:10A860000E946E61C8010E949260880F8093B2A21C
:10A87000869590E0B8014AE050E00E947D6183E750
:10A8800098E1B8010E94453D00D00F92EDB7FEB7A8
:10A8900031968FE299E1ADB7BEB712969C938E9335
:10A8A00011978091B2A28695828313820E94CA6119
:10A8B0000F900F900F900F90C7016CE878E10E9405
:10A8C0002C45892B09F1C7016CE878E10E945545B8
:10A8D000FC01E45FF74FEE0FFF1FEE0DFF1D6081DF
:10A8E00071818E010F5F1F4FC80142E050E00E944E
:10A8F0006E61C8010E9492601092B3A2892B49F048
:10A9000081E08093B3A205C01092B3A280E3898353
:10A910001A828CE898E16E010894C11CD11CB60122
:10A920000E94453D00D00F92EDB7FEB7319685E10C
:10A9300099E1ADB7BEB712969C938E931197809113
:10A94000B3A2828313820E94CA610F900F900F906E
:10A950000F90C70166E978E10E942C45892BB1F080
:10A96000C70166E978E10E945545845F974F880FDB
:10A97000991FE80EF91EF70160817181C6014EE151
:10A9800050E00E946E611F8EC6014CDD2DB73EB7B0
:10A99000265130400FB6F8943EBF0FBE2DBFEDB725
:10A9A000FEB731968E010F5F1F4FADB7BEB712963F
:10A9B0001C930E9311978AEF98E193838283809181
:10A9C000B4A2848315828091B5A286831782809178
:10A9D000B6A2808711868091B7A282871386809164
:10A9E000B8A2848715868091B9A286871786809140
:10A9F000BAA2808B118A8091BBA2828B138A80912C
:10AA0000BCA2848B158A0E94EC61EDB7FEB77696E6
:10AA10000FB6F894FEBF0FBEEDBF86E998E1B8010E
:10AA20000E94453D00D00F9286EE98E1ADB7BEB7CB
:10AA300012969C938E93119714961C930E931397D2
:10AA40000E94CA610F900F900F900F900E94A8462D
:10AA500080E00E943C1EA396E8E00C9481600F9376
:10AA60001F93CF93DF93EC0180E00E94461ECA5FE4
:10AA7000DF4E88819981C650D041892B61F1CE018A
:10AA80006DE87FE10E942C45892B29F1CE0165E814
:10AA90007FE10E9455458C018AE692EA0E94556149
:10AAA000045F174F000F111FC00FD11F68817981FC
:10AAB00043E450E0481B590B8AE692EA0E945E612B
:10AAC0001092ADA28AE692EA62E87FE10E94EB6012
:10AAD00081E08093CDA08091CCA0873011F08A30A6
:10AAE00041F480916AA2882311F403E00DC002E0D2
:10AAF0000BC080916AA2882311F001E005C080910B
:10AB0000CDA0811181E0082F0F920F928EE49FE17A
:10AB1000ADB7BEB712969C938E9311970E94CA61EF
:10AB2000802F81500F900F90823030F58AE692EAA4
:10AB30000E94556165E070E00E941260262F2E5F32
:10AB4000013009F42F5F00D00F92EDB7FEB73196B8
:10AB500084E19FE1ADB7BEB712969C938E93119797
:10AB6000822F2B3008F08AE0828313820E94CA6110
:10AB70000F900F900F900F900F920F9286E09FE131
:10AB8000EDB7FEB7928381830E94CA6180E49EE1A3
:10AB9000ADB7BEB712969C938E9311970E94CA616F
:10ABA000802F82500F900F90823090F400D00F923F
:10ABB00081E29EE1EDB7FEB7928381838AED90EA50
:10ABC000948383830E94CA610F900F900F900F901F
:10ABD0000130B1F0013018F0023051F51EC00F9273
:10ABE0000F928FEF9DE1ADB7BEB712969C938E93F7
:10ABF00011970E94CA611092DAA00F900F901CC0AA
:10AC00000F920F928AEC9DE1EDB7FEB7928381839C
:10AC10000E94CA611092DAA019C00F920F928CE9BB
:10AC20009DE1ADB7BEB712969C938E9311970CC061
:10AC3000002311F0033061F40F920F9280E29DE146
:10AC4000EDB7FEB7928381830E94CA610F900F9087
:10AC50000F920F9288E19DE1ADB7BEB712969C931B
:10AC60008E9311970E94CA610F900F900E94A84680
:10AC700080E00E943C1EDF91CF911F910F910895BB
:10AC80001F9380E00E94461E0E94B5460F920F92CD
:10AC900088E492E2ADB7BEB712969C938E9311975B
:10ACA0000E94CA618AED90EAEDB7FEB79283818374
:10ACB0000E94B96186E392E2ADB7BEB712969C934B
:10ACC0008E9311970E94CA618AE692EAEDB7FEB7A9
:10ACD000928381830E94B9610F920F9281E292E286
:10ACE000ADB7BEB712969C938E9311978DEB92EAF7
:10ACF00014969C938E9313970E94CA611092BDA2E2
:10AD0000209121A3EDB7FEB731968AE092E2ADB76C
:10AD1000BEB712969C938E931197228313820E9442
:10AD2000CA61209122A3EDB7FEB7319683EF91E27D
:10AD3000ADB7BEB712969C938E9311972283138260
:10AD40000E94CA61209123A3EDB7FEB7319687ED2B
:10AD500091E2ADB7BEB712969C938E931197228362
:10AD600013820E94CA61EDB7FEB7319688EC91E27A
:10AD7000ADB7BEB712969C938E9311978091CCA0DD
:10AD8000828313820E94CA61209198A3EDB7FEB717
:10AD9000319688EB91E2ADB7BEB712969C938E9335
:10ADA0001197228313820E94CA612091A2A3EDB75A
:10ADB000FEB7319683EA91E2ADB7BEB712969C9387
:10ADC0008E931197228313820E94CA612091CEA094
:10ADD000EDB7FEB731968BE891E2ADB7BEB71296EC
:10ADE0009C938E931197228313820E94CA612091B3
:10ADF000CFA0EDB7FEB7319683E791E2ADB7BEB70E
:10AE000012969C938E931197228313820E94CA619B
:10AE10002091D0A0EDB7FEB731968AE591E2ADB7AB
:10AE2000BEB712969C938E931197228313820E9431
:10AE3000CA612091D1A0EDB7FEB731968EE391E2C1
:10AE4000ADB7BEB712969C938E931197228313824F
:10AE50000E94CA612091D4A0EDB7FEB7319680E27E
:10AE600091E2ADB7BEB712969C938E931197228351
:10AE700013820E94CA612091D5A0EDB7FEB731962A
:10AE800082E091E2ADB7BEB712969C938E93119774
:10AE9000228313820E94CA612091D8A03091D9A048
:10AEA0008DEE90E2EDB7FEB79283818334832383E6
:10AEB0000E94CA610F900F900F900F9082E693EA64
:10AEC0000E946E5F00D00F92EDB7FEB731962AEC6C
:10AED00030E2ADB7BEB712963C932E9311978283A2
:10AEE00013820E94CA61109196A31AC0123308F00F
:10AEF00010E0E12FF0E0EE59FC45208100D00F92E8
:10AF0000EDB7FEB7319684EC90E2ADB7BEB71296BE
:10AF10009C938E931197228313820E94CA611F5FB4
:10AF20000F900F900F900F90809195A31817F1F646
:10AF30002091D2A000D00F92EDB7FEB731968CEAE7
:10AF400090E2ADB7BEB712969C938E931197228371
:10AF500013820E94CA612091D3A0EDB7FEB731964B
:10AF600084E990E2ADB7BEB712969C938E93119789
:10AF7000228313820E94CA6120912CA3EDB7FEB7F1
:10AF8000319681E890E2ADB7BEB712969C938E934E
:10AF90001197228313820E94CA612091D6A030911A
:10AFA000D7A083E690E2EDB7FEB792838183348326
:10AFB00023830E94CA61EDB7FEB731968DE490E21B
:10AFC000ADB7BEB712969C938E9311978091CBA08C
:10AFD000828313820E94CA611092CBA02091A4A305
:10AFE0003091A5A388E390E2EDB7FEB79283818309
:10AFF000348323830E94CA611092A5A31092A4A354
:10B00000609124A3709125A3809126A3909127A3FA
:10B010000F920F9225E130E2ADB7BEB712963C9386
:10B020002E93119724EF31E040E050E00E94396008
:10B03000EDB7FEB723833483458356830E94CA61EC
:10B0400087EF9FE1ADB7BEB712969C938E93119791
:10B05000609128A3709129A380912AA390912BA39A
:10B0600024EF31E040E050E00E943960EDB7FEB7D8
:10B0700023833483458356830E94CA618DB79EB76C
:10B0800008970FB6F8949EBF0FBE8DBFEDB7FEB701
:10B0900031968FEB9FE1ADB7BEB712969C938E931E
:10B0A00011978091E18C9091E28CA091E38CB0910A
:10B0B000E48C82839383A483B5838091DD8C90910B
:10B0C000DE8CA091DF8CB091E08C86839783A08783
:10B0D000B1878091D98C9091DA8CA091DB8CB09162
:10B0E000DC8C82879387A487B5870E94CA61EDB7FD
:10B0F000FEB73C960FB6F894FEBF0FBEEDBF85E9D4
:10B100009FE1928381830E94CA610F900F900E94F9
:10B11000A84680E00E943C1E1F9108951F9316B51B
:10B12000809121A3181710F4109321A3809122A3DA
:10B13000811710F4109322A3809124A3909125A34A
:10B14000A09126A3B09127A30196A11DB11D8093C4
:10B1500024A3909325A3A09326A3B09327A3809123
:10B16000CCA0873019F08A3009F038C18091D8A07E
:10B170009091D9A001969093D9A08093D8A0809166
:10B18000CEA0882309F45CC08091CEA0883009F459
:10B1900057C08091D4A081508093D4A08091D4A036
:10B1A000833048F48091A2A3882329F08091D1A014
:10B1B0008F5F8093D1A08091D4A0882309F050C0E4
:10B1C0008091CEA0813041F48091D1A08230E0F412
:10B1D00082E08093CEA030C08091CEA08730B9F4B9
:10B1E0008091D1A090E0823008F491E09093D0A0BB
:10B1F00088E08093CEA08091D0A08823E9F460916C
:10B20000CFA082E693EA36D61092CEA015C08091E8
:10B21000CFA0880F8093CFA08091D1A0823028F05A
:10B220008091CFA081608093CFA08091CEA08F5FCE
:10B230008093CEA01092D1A01092D1A08AE00EC02F
:10B240008091A2A3882389F481E08093CEA01092FC
:10B25000CFA01092D0A01092D1A086E08093D4A06D
:10B260001092D9A01092D8A025C08091D2A0813090
:10B2700081F48091D3A090E08F719070880F991F16
:10B28000880F991F83608093D3A01092D5A082E08D
:10B290000FC08091D2A0882369F48DE293EAD2D5C1
:10B2A000882341F48DE293EA03D68093D3A081E012
:10B2B0008093D2A08091D2A0823078F18091D2A0E8
:10B2C000883069F48091D5A08F5F8093D5A080915C
:10B2D000D5A08F3010F01092D2A091E018C09091BC
:10B2E000D3A090788091D5A08F5F8093D5A08091D6
:10B2F000D5A08A3060F08091D3A0880F8093D3A02E
:10B300008091D2A08F5F8093D2A01092D5A010928E
:10B31000D9A01092D8A0992399F080912CA38823CA
:10B3200009F58CE9D2D481E080932CA382E090E0EF
:10B330009093D7A08093D6A083E00E943C1E38C093
:10B3400080912CA3882371F083E9BFD410922CA3A1
:10B3500082E090E09093D7A08093D6A083E00E94F3
:10B36000461E26C08091D6A09091D7A0892B31F09F
:10B370008091D6A09091D7A0019716C0809199A3F3
:10B38000882321F0809199A3843091F48091A0A327
:10B39000882371F080912CA3882311F486E901C0E1
:10B3A0008AE993D48FEF90E09093D7A08093D6A0B2
:10B3B0008091A2A39091CCA0882341F0973011F402
:10B3C00081E001C082E00E943C1E2CC0973011F445
:10B3D00081E001C082E00E94461E24C0882311F152
:10B3E0008F3001F18091D6A09091D7A0892B31F0B8
:10B3F0008091D6A09091D7A0019710C0809199A379
:10B40000882321F0809199A3843061F48091A0A3D6
:10B41000882341F089EA59D48FEF90E09093D7A028
:10B420008093D6A096B5911B809123A3891710F421
:10B43000909323A31F910895A2E1B0E0E1E2FAE521
:10B4400047C68091CDA0882309F442C0CE01019661
:10B450000E94AE160AE612EA02C00F5F1F4FD80123
:10B460008C91882321F0B2EA0E371B07B1F74E8189
:10B470005F81288539856C817B81FA80EDB7FEB7C5
:10B4800070970FB6F894FEBF0FBEEDBF3196ADB703
:10B49000BEB712961C930E93119789EA93E2938399
:10B4A000828344831582568317823187208762877F
:10B4B000138674871586F68617868ED71092CDA0D0
:10B4C000EDB7FEB770960FB6F894FEBF0FBEEDBF96
:10B4D0006296E5E019C6A5E0B0E0E0E7FAE5F7C559
:10B4E000809128A3909129A3A0912AA3B0912BA386
:10B4F0000196A11DB11D809328A3909329A3A09329
:10B500002AA3B0932BA3CE01019671D4882309F40A
:10B51000B3C09981963A09F471C0973A70F4933A9E
:10B52000B1F1943A30F4892F81508F3708F09EC0E2
:10B5300013C0953A09F09AC045C09C3A09F470C00E
:10B540009D3A20F49A3A09F091C061C0892F805B3E
:10B550008A3008F08BC052C08091CCA0882309F0BB
:10B5600085C088E08093CCA0990F90939BA3809195
:10B57000B3A2882321F480919BA38093B2A287E099
:10B580000ED285E00CD284E01BD281E034C08091E1
:10B59000CCA0883009F06AC085EA97D38AE080930E
:10B5A000CCA011E01093A2A310932CA38DE293EAF8
:10B5B00044D482E693EA41D481E6809394A3109325
:10B5C000CDA05AC08091CCA0823009F04FC087E056
:10B5D0008093CCA011E01093A2A310932CA38DE232
:10B5E00093EA2BD482E693EA28D481E6809394A34D
:10B5F0001093CDA082E00E94461E3EC08091CBA059
:10B60000882309F039C085EA8093CBA035C0109219
:10B61000CDA08091CCA08823F9F08CEA56D310C03D
:10B620008091CCA08F3061F08DEB92EA67E873E2F5
:10B63000E6D599818091CBA0882311F49093CBA07B
:10B640001092CCA084E0ABD183E0A9D181E0A7D156
:10B6500087E0B6D185E0B4D181E00E943C1E82E053
:10B660000E943C1E83E00E943C1E06C08091CBA03D
:10B67000882311F49093CBA08091CCA0873019F04F
:10B680008A3009F05CC080916AA28823C1F18DE202
:10B6900093EAD8D3882399F180916AA2803429F45F
:10B6A00087E180936AA210926BA280916AA26FE5F3
:10B6B00073EAAE014E5F5F4F9E012D5F3F4F54D442
:10B6C0008823C1F08DE293EA6A81D4D38823B9F04C
:10B6D0006B816F3F29F08DE293EACCD3882379F018
:10B6E00080916AA28C831D828AED90EABE016C5F14
:10B6F0007F4FC0D58AE692EA6BE672EACFD582E642
:10B7000093EAA0D38823D9F48AED90EACED58F5856
:10B71000914028F08AED90EA6BED70EABFD582E6A1
:10B7200093EAC6D364E973EA02D48C83882339F0A0
:10B730001D828AED90EABE016C5F7F4F9BD58091A0
:10B74000CDA08823A9F08091CCA0882389F4809192
:10B75000B2A280939BA387E022D185E020D184E030
:10B760001ED180919CA38695B0D281E08093CCA01D
:10B770008091CCA0813019F5809199A38430F9F49F
:10B7800080919AA3882331F483EA9FD282E0809348
:10B79000CCA015C010926AA28DEB92EA6DE473E220
:10B7A0002ED587E00DD185E00BD11092CCA0109260
:10B7B000CDA081E00E943C1E82E00E943C1E809150
:10B7C000CCA0873041F48091D8A09091D9A089591C
:10B7D0009A4308F031DE8091CDA08823F9F480915E
:10B7E000D8A09091D9A08B3F9105C0F08091CCA0BA
:10B7F000873011F08A3091F480916AA2882371F425
:10B800008DE293EA1FD3882349F08AEA5ED28FE063
:10B810008093CCA01092D9A01092D8A08091B0A211
:10B820009091B1A28F5F9F4FE9F486E890E00E946B
:10B83000D0239093B1A28093B0A28F5F9F4F91F0DD
:10B840000F920F9287E293E2EDB7FEB79283818366
:10B85000A1D510926AA21092DAA081E08093CDA0C7
:10B860000F900F908091B0A29091B1A20E940A24F3
:10B870008823C1F40F920F9284E093E2EDB7FEB7F4
:10B880009283818387D50F900F908091B0A2909181
:10B89000B1A20E941B298FEF9FEF9093B1A28093DA
:10B8A000B0A2CADD8091B0A29091B1A2FFEF8F3F0C
:10B8B0009F0709F471C00E941D247C011816190607
:10B8C0000CF046C08AE692EAF0D48C018091B0A2D6
:10B8D0009091B1A224E430E0201B310BB7012E156A
:10B8E0003F050CF4B901EAE6EE2EE2EAFE2EE00E88
:10B8F000F11EA7010E94A327FC011816190644F5A2
:10B90000E659FD45E00FF11F108281E08093CDA044
:10B91000C70160E073E243E050E081D4892BC1F4B9
:10B920000F920F928EED92E2EDB7FEB79283818374
:10B9300031D50F900F908091B0A29091B1A20E944A
:10B940001B298FEF9FEF9093B1A28093B0A274DD7B
:10B950008AED90EAAAD4BC018B30910558F480910D
:10B96000DAA08823C9F08091D8A09091D9A084361C
:10B97000910590F08091B0A29091B1A24AED50EA69
:10B9800020E00E94CA29BC01181619062CF4665240
:10B990007F458AED90EA82D42596E6E0B4C34FB79E
:10B9A000F894909198A321E030E002C0220F331F59
:10B9B0008A95E2F720952923209398A34FBF0895F5
:10B9C0004FB7F894909198A321E030E002C0220F85
:10B9D000331F8A95E2F7922B909398A34FBF089557
:10B9E000982F8A3991F08B3928F4833941F08639C0
:10B9F00091F405C08C3949F0893A69F4089581E0E1
:10BA00008093A3A31092A2A3089581E08093A3A39F
:10BA10008093A2A308958091BAA3E82FF0E0EA559D
:10BA2000FC4590838F5F8093BAA38091BAA3843141
:10BA300048F08091BBA3882311F483E10CC01092DD
:10BA4000BAA30BC09091BAA38091BBA3981729F415
:10BA50008091BAA381508093BAA3809198A3806407
:10BA6000809398A3809198A38F77809398A308954B
:10BA70001F920F920FB60F920BB60F9211242F93B5
:10BA80003F934F935F936F937F938F939F93AF9366
:10BA9000BF93EF93FF938091A4A39091A5A30196E8
:10BAA0009093A5A38093A4A38091B90090E0887F90
:10BAB00090708035910509F49AC08135910594F50F
:10BAC0008032910509F48CC0813291059CF4883054
:10BAD000910509F460C08930910524F4892B09F49B
:10BAE00074C0D1C08031910509F461C0489709F054
:10BAF000CAC061C08833910509F46CC089339105CF
:10BB000044F48832910509F45BC0C09709F0BBC0CA
:10BB100057C08034910509F492C08834910509F02A
:10BB2000B2C05EC0803A910509F49EC0813A910589
:10BB3000CCF48836910509F46DC0893691054CF432
:10BB40008835910509F453C08036910509F09BC0F2
:10BB500066C08038910509F46FC08838910509F0F6
:10BB600092C06FC0883B910509F474C0893B910570
:10BB70004CF4883A910509F46DC0803B910509F0B9
:10BB800082C063C0803C910509F46EC0883C910579
:10BB900009F079C069C0809199A3813041F080910A
:10BBA0009BA381608093BB001092A0A36CC0809186
:10BBB0009BA38E7FF7CF80919FA38093BB0063C030
:10BBC00084E0809399A310929AA381E08093A0A32C
:10BBD00085E55CC08091A1A38F5F8093A1A355C030
:10BBE00084E0809399A381E080939AA3EFCF809122
:10BBF000BB00809397A3809199A3823009F780912D
:10BC000097A387FD42C084E0809399A383E080934B
:10BC10009AA3DBCF8091A1A38F5F8093A1A3A89566
:10BC20001092A0A39091BB0080919DA38150969506
:10BC3000892380939EA303C08091BB00D1DE85E061
:10BC400025C08091BB00CCDE0FC08091A1A38F5F87
:10BC50008093A1A3809198A38093BB001092A0A38E
:10BC600081E08093BCA30FC081E08093A0A380916A
:10BC700099A3833051F0809199A3813031F0809164
:10BC800099A3823011F085E401C085E68068809335
:10BC9000BC00FF91EF91BF91AF919F918F917F91E8
:10BCA0006F915F914F913F912F910F900BBE0F902D
:10BCB0000FBE0F901F901895809199A3882321F0B3
:10BCC000809199A38430C1F708951F93182FF4DF52
:10BCD0009FB7F89410939FA317FF02C081E001C0A3
:10BCE00082E0809399A38091A0A3882349F080915A
:10BCF000BC0084FDFCCF8091BC0080628093BC00BE
:10BD00009FBF1F9108950F931F93182FD5DF0091A8
:10BD10009BA310939BA383E0809399A38091A0A3FE
:10BD2000882349F08091BC0084FDFCCF8091BC0049
:10BD300080628093BC00C0DF00939BA380919AA394
:10BD4000882319F02FEF3FEF04C0809197A3282F8D
:10BD500030E0C9011F910F9108951F93182F825051
:10BD60008B3D98F410FD11C0812FCDDF97FF0DC0E2
:10BD7000F8941093BA008091BC0080648093BC005A
:10BD8000789410939CA381E00DC0F8941092BA00AF
:10BD90008091BC008F7B8093BC0078948FEF809360
:10BDA0009CA380E01F91089581E08093A0A310924E
:10BDB00099A38093B90080E48093B80080919CA3FC
:10BDC0008E7F8093BA0084E88093BC0080919DA30D
:10BDD0008150880F8093BD001092A1A31092BBA345
:10BDE0001092BAA31092A5A31092A4A30895DC0107
:10BDF0009091BBA38091BAA3981711F480E00895A5
:10BE00009091BBA3E92FF0E0EA55FC4580818C932B
:10BE10009F5F9093BBA38091BBA3843110F01092DD
:10BE2000BBA39091BBA38091BAA3981711F081E0B6
:10BE3000089586E0B4DD81E00895FC0112AA13AAFA
:10BE400014AA0895FC0194A983A920E0981709F485
:10BE500021E0822F0895FC0183A9813310F020E0B6
:10BE600002C0282F2F5F84A990E0281709F491E0E1
:10BE7000892F08951F93CF93DF93EC01162FEBDFEB
:10BE8000882311F080E010C09FB7F8948BA9FE01C1
:10BE9000E80FF11D10838BA9813310F080E001C001
:10BEA0008F5F8BAB9FBF81E0DF91CF911F91089592
:10BEB000DC012FB7F894D4968C91D497FD01E80F4C
:10BEC000F11D8081D4969C91D497913310F090E02D
:10BED00001C09F5FD4969C932FBF0895FC0193A946
:10BEE00084A9981718F023A984A903C023A984A9B9
:10BEF0002E5C281B822F0895282F613619F4EEED51
:10BF0000F3E204C0613381F4EFEFF3E2822F815456
:10BF10008A3108F4205E90E08491281731F09F5F09
:10BF2000903211F03196F8CF9FEF892F0895DB0101
:10BF30008B3111F481E303C08F3119F481E68C93C6
:10BF40000BC06C91613331F4E82FF0E0E150FC4D0F
:10BF500084910895613611F080E00895E82FF0E0B3
:10BF6000E252FC4D84910895DF92EF92FF920F937D
:10BF70001F93CF93DF93D82E7B01EA01890187E1DC
:10BF8000D81641F48BE1888382E1F9018083FB01BB
:10BF9000108224C08D2DFB016081AEDF88838FEF7E
:10BFA000F801808388818F3FC9F48D2D61E6A4DF7D
:10BFB000F80180838F3F21F08FE1888381E60CC0F8
:10BFC0008D2D61E399DFF80180838F3F11F480E0CC
:10BFD00006C08BE1888381E3F701808381E0CDB7E0
:10BFE000DEB7E7E08FC0629FD001739FF001829FB0
:10BFF000E00DF11D649FE00DF11D929FF00D839FF8
:10C00000F00D749FF00D659FF00D9927729FB00D94
:10C01000E11DF91F639FB00DE11DF91FBD01CF01A7
:10C0200011240895AA1BBB1B51E107C0AA1FBB1F07
:10C03000A617B70710F0A61BB70B881F991F5A95B4
:10C04000A9F780959095BC01CD01089597FB092E25
:10C0500007260AD077FD04D0E5DF06D000201AF4C9
:10C06000709561957F4F0895F6F7909581959F4F54
:10C070000895A1E21A2EAA1BBB1BFD010DC0AA1F29
:10C08000BB1FEE1FFF1FA217B307E407F50720F041
:10C09000A21BB30BE40BF50B661F771F881F991FBC
:10C0A0001A9469F760957095809590959B01AC0105
:10C0B000BD01CF0108952F923F924F925F926F92F0
:10C0C0007F928F929F92AF92BF92CF92DF92EF9228
:10C0D000FF920F931F93CF93DF93CDB7DEB7CA1BA9
:10C0E000DB0B0FB6F894DEBF0FBECDBF19942A88C4
:10C0F000398848885F846E847D848C849B84AA847C
:10C10000B984C884DF80EE80FD800C811B81AA8108
:10C11000B981CE0FD11D0FB6F894DEBF0FBECDBFD3
:10C12000ED010895FC0188279927E8942191203298
:10C13000E9F3293010F02E30C8F32B3239F02D32CC
:10C1400031F4689403C00DD1820F911D21912053C9
:10C150002A30C8F31EF4909581959F4F08951F9340
:10C16000FC0199278827BC01E89411911032E9F36A
:10C17000193010F01E30C8F31B3249F01D3241F463
:10C18000689405C0D9D0610F711D811D911D119159
:10C1900010531A30B8F33EF49095809570956195E0
:10C1A0007F4F8F4F9F4F1F910895FB01DC0104C00B
:10C1B0008D910590801921F441505040C8F7881B9B
:10C1C000990B0895FB01DC0102C005900D924150CE
:10C1D0005040D8F70895FB01DC010D900020E9F7ED
:10C1E000119705900D920020E1F70895FB01DC0105
:10C1F0008D91059080190110D9F3990B0895FB01D9
:10C20000DC0105900D920020E1F70895FC010590F6
:10C210000020E9F7809590958E0F9F1F0895FB01F0
:10C22000DC014150504030F08D910590801919F497
:10C230000020B9F7881B990B0895FB01DC0104C0AD
:10C240008D910190801921F441505040C8F7881B0E
:10C25000990B0895FB01DC0102C001900D92415041
:10C260005040D8F70895DC0101C06D934150504013
:10C27000E0F70895FB01DC010D900020E9F711972C
:10C2800001900D920020E1F70895FB01DC018D91F2
:10C29000019080190110D9F3990B0895FB01DC017D
:10C2A00001900D920020E1F70895FC01019000201B
:10C2B000E9F7809590958E0F9F1F0895FB01DC0193
:10C2C0000D900020E9F711974150504028F001905F
:10C2D00000200D92C9F708951C920895FB01DC011E
:10C2E0004150504048F001900D920020C9F701C024
:10C2F0001D9241505040E0F70895FB019F01E894E2
:10C300004230BCF04532ACF44A3029F497FB1EF4BD
:10C31000909581959F4F642F772784DE805D8A33C7
:10C320000CF0895D8193CB010097A9F716F45DE2CB
:10C3300051931082C901B5C2592F482F372F262F8C
:10C34000660F771F881F991F660F771F881F991F19
:10C35000620F731F841F951F660F771F881F991F19
:10C3600008957AE0979F902D879F802D910D11243D
:10C370000895DF93CF93CDB7DEB7FE013696619176
:10C3800071918091BFA39091C0A3AF0155D0CF917F
:10C39000DF910895DF93CF93CDB7DEB7FE013696D8
:10C3A00061917191A091BFA3B091C0A313968C919C
:10C3B0001397886013968C938091BFA39091C0A32C
:10C3C000AF013AD0E091BFA3F091C0A32381277FB2
:10C3D0002383CF91DF9108950F931F93DF93CF9322
:10C3E000CDB7DEB72E970FB6F894DEBF0FBECDBF28
:10C3F0000E891F898EE08C831A8309838FEF9FE754
:10C400009E838D839E01265E3F4FCE010196688DEF
:10C41000798DA90111D02F813885020F131FF801E2
:10C4200010822E960FB6F894DEBF0FBECDBFCF910F
:10C43000DF911F910F9108952F923F924F925F923B
:10C440006F927F928F929F92AF92BF92CF92DF9224
:10C45000EF92FF920F931F93DF93CF93CDB7DEB789
:10C460002B970FB6F894DEBF0FBECDBF3C012B015A
:10C470005A01FC0117821682838181FD03C06FEF90
:10C480007FEFB9C19AE0892E1E010894211C311C4E
:10C49000F3012381F20123FD859123FF81912F0177
:10C4A000882309F4A5C1853239F423FD859123FF42
:10C4B00081912F01853221F490E0B30102D2E8CFBF
:10C4C000982FFF24EE249924FFE1FF15D0F09B3232
:10C4D00069F09C3228F4903259F0933291F40EC0F6
:10C4E0009D3249F0903369F441E024C052E0F52ACE
:10C4F00084E0F82A28C098E0F92A25C0E0E1FE2A65
:10C5000022C0F7FC29C0892F80538A3070F4F6FED0
:10C5100005C0989C902C1124980E15C0E89CE02C26
:10C520001124E80EF0E2FF2A0EC09E3229F4F6FC38
:10C530005FC140E4F42A07C09C3619F450E8F52A9C
:10C5400002C0983649F4F20123FD959123FF9191A1
:10C550002F01992309F0B8CF892F8554833018F023
:10C560008052833038F444E050E0A40EB51E5FE3FF
:10C5700059830FC0933631F0933779F0933509F032
:10C5800052C01FC0F5018081898342E050E0A40EB3
:10C59000B51E610101E010E011C0F501C080D1803D
:10C5A000F6FC03C06FEF7FEF02C0692D70E042E040
:10C5B00050E0A40EB51EC60169D18C015FE7F522DB
:10C5C00013C0F501C080D180F6FC03C06FEF7FEF90
:10C5D00002C0692D70E042E050E0A40EB51EC60115
:10C5E0004AD18C0150E8F52AF3FE06C018C080E25B
:10C5F00090E0B30166D1EA948E2D90E008171907F8
:10C60000B0F30DC0F601F7FC8591F7FE81916F0143
:10C6100090E0B30156D1E110EA94015010400115A9
:10C62000110581F7E2C0943611F0993661F5F7FEF5
:10C6300008C0F501208131814281538184E090E07E
:10C640000AC0F501808191819C01442737FD409506
:10C65000542F82E090E0A80EB91E9FE6F92257FF02
:10C6600009C050954095309521953F4F4F4F5F4FF2
:10C67000E0E8FE2ACA01B901A1012AE030E04DD16B
:10C68000D82ED2183FC0953729F41F2D1F7E2AE0DF
:10C6900030E01DC01F2D197F9F3661F0903720F4C8
:10C6A000983509F0A5C00FC0903739F0983709F0D8
:10C6B0009FC004C028E030E00AC0106114FD14607F
:10C6C00020E130E004C014FD166020E132E017FFE5
:10C6D00008C0F501608171818281938144E050E05E
:10C6E00008C0F50180819181BC0180E090E042E0CA
:10C6F00050E0A40EB51EA10110D1D82ED2188FE79C
:10C70000F82EF122F6FE0BC05EEFF522D91438F4B4
:10C71000F4FE07C0F2FC05C08FEEF82202C01D2D0A
:10C7200001C0192DF4FE0DC0FE01ED0DF11D80813B
:10C73000803319F499EEF92208C01F5FF2FE05C09C
:10C7400003C08F2D867809F01F5F0F2DF3FC13C0F7
:10C75000F0FE0EC01E1510F09D2C0AC09D2C9E0CE4
:10C76000911A1E2D05C080E290E0B301AAD01F5F90
:10C770001E15C8F304C01E1510F4E11A01C0EE2402
:10C7800004FF0EC080E390E0B3019BD002FF1BC00A
:10C7900001FD03C088E790E00EC088E590E00BC083
:10C7A000802F867881F001FF02C08BE201C080E219
:10C7B000F7FC8DE290E0B30184D005C080E390E007
:10C7C000B3017FD09A94D914C8F3DA94F101ED0D36
:10C7D000F11D808190E0B30174D0DD20B1F705C078
:10C7E00080E290E0B3016DD0EA94EE20C9F750CE1C
:10C7F000F30166817781CB012B960FB6F894DEBFEB
:10C800000FBECDBFCF91DF911F910F91FF90EF90A1
:10C81000DF90CF90BF90AF909F908F907F906F9060
:10C820005F904F903F902F900895DC01CB01FC0169
:10C83000F999FECF06C0F2BDE1BDF89A319600B479
:10C840000D9241505040B8F70895F999FECF92BD2E
:10C8500081BDF89A992780B50895262FF999FECFC2
:10C860001FBA92BD81BD20BD0FB6F894FA9AF99A0D
:10C870000FBE01960895FC010590615070400110B3
:10C88000D8F7809590958E0F9F1F0895FC016150F9
:10C89000704001900110D8F7809590958E0F9F1FE2
:10C8A0000895DC01FC01672F71917723E1F732973E
:10C8B00004C07C916D9370836291AE17BF07C8F37B
:10C8C00008950F931F93CF93DF938C01EB018B811E
:10C8D00081FF1BC082FF0DC02E813F818C819D8115
:10C8E0002817390764F4E881F9810193F983E88313
:10C8F00006C0E885F985802F1995892B31F48E8142
:10C900009F8101969F838E8302C00FEF1FEFC801A6
:10C91000DF91CF911F910F910895FA01AA27283036
:10C9200051F1203181F1E8946F936E7F6E5F7F4FFC
:10C930008F4F9F4FAF4FB1E03ED0B4E03CD0670F78
:10C94000781F891F9A1FA11D680F791F8A1F911DCB
:10C95000A11D6A0F711D811D911DA11D20D009F41B
:10C9600068943F912AE0269F11243019305D31935D
:10C97000DEF6CF010895462F4770405D4193B3E046
:10C980000FD0C9F7F6CF462F4F70405D4A3318F0ED
:10C99000495D31FD4052419302D0A9F7EACFB4E09E
:10C9A000A6959795879577956795BA95C9F7009756
:10C9B0006105710508959B01AC010A2E06945795F7
:10C9C000479537952795BA95C9F7620F731F841F4E
:0AC9D000951FA01D0895F894FFCFF5
:10C9DA004D4350636F6E666967006F6666006F66E7
:10C9EA006600FF0102036F551CC801C0A8018EFF33
:10C9FA00FFFF00C0A801FAC0A801FA000000030066
:10CA0A00000000633B363B0000FFFFFFFF641E701F
:10CA1A001E761E8C1E0000A31EB11EBF1EDA1E004B
:10CA2A0000F91EFF1E121F2C1F0000321AAC1955E6
:10CA3A00194919491968057305007504E909F609C0
:10CA4A000045013C0B480B003A01000000000000C1
:02CA5A000000DA
:00000001FF
