:100000000C94954A0C94914B0C94BC4B0C94E74B7C
:100010000C94124C0C943D4C0C94684C0C94934CE6
:100020000C94BE4C0C94074B0C94074B0C94074B50
:100030000C94074B0C94074B0C94074B0C94074BF8
:100040000C94074B0C947A500C94074B0C94074B70
:100050000C94074B0C9432580C94074B0C94074BA0
:100060000C94074B0C94C7510C9486510C946B5113
:100070000C94074B0C94074B0C94074B0C94074BB8
:100080000C94074B0C94074B0C94074B0C94074BA8
:100090000C94CB520C943F520C9402520D942D0CA4
:1000A0000C94074B0C94074B0C94074B0C94074B88
:1000B0000C94074B0C94074B0C94074B0C94074B78
:1000C0000C94074B0C94074B0C94074B0C0D0E0F24
:1000D000253032783A253032783A253032783A2550
:1000E0003032783A253032783A253032780025643B
:1000F0002E25642E25642E25640044484350206D2F
:10010000736720747970652035332076616C75656E
:100110002025750D0A0044484350206D73672074F4
:100120007970652035332076616C75652025750DF5
:100130000A004950004D41534B00444E5300474183
:10014000544500444843502D436F6E6669672067ED
:1001500065686F6C740D0A00444843502D436F6E00
:10016000666967204665686C67657363686C61677C
:10017000656E0D0A00207C2D3E20566572737563F6
:10018000686520444843502D436F6E666967207A46
:100190007520686F6C656E2E2000206665686C6740
:1001A000657363686C6167656E0D0A00206665683B
:1001B0006C67657363686C6167656E0D0A00205A31
:1001C0006569743A20253032643A253032643A2524
:1001D0003032642E253032640D0A004E545053459F
:1001E00052564552005554435A4F4E4500207C2DDF
:1001F0003E204E54502D536572766572205A6569C3
:100200007420616B7475616C6973696572656E3AAF
:10021000006F6E004E545000207C202020444E532E
:10022000202020203A2025730D0A00207C20202049
:10023000476174657761793A2025730D0A00207C47
:100240002020204E65746D61736B3A2025730D0A72
:1002500000207C202020495020202020203A2025EA
:10026000730D0A006F6E00444843500044484350E9
:1002700000207C2D3E20544350202848757272691E
:1002800063616E2D656E67696E652920696E69749C
:1002900069616C6973696572740D0A00207C2D3E7A
:1002A000205544502028546F726E61646F2D656E26
:1002B00067696E652920696E697469616C69736923
:1002C0006572740D0A002D2B2D3E2041525020697D
:1002D0006E697469616C6973696572740D0A0020D6
:1002E0004C696E6B2072656164790D0A0020467559
:1002F0006C6C6475706C65783A00454E4332386AB0
:10030000363020285265762E3A2025642920696EE1
:10031000697469616C697369657274202820485733
:100320002D4164643A20253032783A253032783ACB
:10033000253032783A253032783A253032783A25ED
:100340003032782029004D4143004D4143004D4358
:1003500050636F6E666967000D0A000A002563002E
:10036000436F6E6669672069737420256420627923
:100370007465732067726F73732C20256420627913
:1003800074652077657264656E2062656E75747A37
:10039000742E204F66667365742025640D0A0D0A5D
:1003A000004F46460057524954455F50524F5445FE
:1003B00043540020496E697469616C6973696572A0
:1003C000740D0A00204572726F720D0A0054485273
:1003D000454144005348454C4C0046696C6573796F
:1003E0007374656D004D4D432F5344004558544977
:1003F0004E5400436F6E666967004C45445F636FFF
:10040000726500434C4F434B005354444F555400C6
:1004100055415254006954656C65782E2E2E0D0A94
:10042000003EFFFFFF3F3435363738393A3B3C3D1D
:10043000FFFFFFFFFFFFFF0001020304050607089F
:10044000090A0B0C0D0E0F101112131415161718A4
:1004500019FFFFFFFFFFFF1A1B1C1D1E1F2021227B
:10046000232425262728292A2B2C2D2E2F303132E4
:10047000334142434445464748494A4B4C4D4E4F11
:10048000505152535455565758595A6162636465D6
:10049000666768696A6B6C6D6E6F70717273747584
:1004A000767778797A303132333435363738392BBC
:1004B0002F002F6E69632F7570646174653F686FDC
:1004C00073746E616D653D2573006D656D62657257
:1004D000732E64796E646E732E6F72670063686545
:1004E000636B69702E64796E646E732E6F72670031
:1004F000474554200020485454502F312E300D0AC7
:10050000557365722D4167656E743A20576765743F
:100510002F312E31312E340D0A4163636570743AE8
:10052000202A2F2A0D0A486F73743A20000D0A41C1
:100530007574686F72697A6174696F6E3A2042618E
:100540007369632025730D0A0D0A000D0A0D0A0058
:100550002F00436F6E74656E742D4C656E67746802
:100560003A2000485454502F312E000D0A00436F9A
:100570006D6D616E64733A0D0A0D0A0068656C70EA
:1005800000485454502F312E30203430330D0A435C
:100590006F6E74656E742D547970653A2074657849
:1005A000742F68746D6C0D0A4B6565702D416C6914
:1005B00076653A20636C6F73650D0A0D0A3C4854EA
:1005C0004D4C3E3C424F44593E3430332046696CDA
:1005D00065206E6F7420666F756E64213C2F424FEC
:1005E00044593E3C2F48544D4C3E0D0A0D0A0050D4
:1005F0004F53540047455400687474706400485465
:1006000054502D53657276657220506F7274202598
:10061000642E0D0A00696E6465782E68746D6C0036
:100620003C2F424F44593E3C2F48544D4C3E0D0AFE
:100630000D0A003C48544D4C3E3C484541443E3C2C
:100640006D65746120687474702D65717569763D8F
:1006500022657870697265732220636F6E74656EAF
:10066000743D2230223E3C212D2D20456E61626C6E
:100670006520494539205374616E6461726473204A
:100680006D6F6465202D2D3E3C6D6574612068742E
:1006900074702D65717569763D22582D55412D4335
:1006A0006F6D70617469626C652220636F6E746532
:1006B0006E743D2249453D3922203E3C2F4845413C
:1006C000443E3C424F44593E00485454502F312E32
:1006D000312032303020446F63756D656E74206652
:1006E0006F6C6C6F77730D0A436F6E74656E742D4B
:1006F000547970653A20746578742F68746D6C0D48
:100700000A43616368652D436F6E74726F6C3A20A3
:100710006E6F2D63616368650D0A436F6E6E65636E
:1007200074696F6E3A20636C6F73650D0A0D0A0071
:10073000696E6465782E68746D6C003C48544D4C4D
:100740003E3C484541443E3C5449544C453E692D4D
:1007500054656C65783C2F5449544C453E3C2F48B9
:100760004541443E3C6672616D6573657420726FED
:1007700077733D2236342C34302C2A2C343022200E
:100780007363726F6C6C696E673D226E6F222066B8
:1007900072616D65626F726465723D223222206201
:1007A0006F726465723D223222206672616D6573DC
:1007B000706163696E673D22322220626F726465E8
:1007C00072636F6C6F723D222330303030303022D4
:1007D0003E3C6672616D65207372633D226865619F
:1007E000646C696E652E68746D6C22206E616D6537
:1007F0003D224E617669676174696F6E31222073A4
:1008000063726F6C6C696E673D226175746F223E16
:100810003C6672616D65207372633D226D61696E25
:100820006D656E752E68746D6C22206E616D653D10
:10083000224E617669676174696F6E32222073633C
:10084000726F6C6C696E673D226175746F223E3CFD
:100850006672616D65207372633D22696E666F2EEC
:1008600068746D6C22206E616D653D226D61696EEC
:10087000223E3C6672616D65207372633D22737423
:100880006174732E63676922206E616D653D227508
:10089000706461746522207363726F6C6C696E673B
:1008A0003D226175746F223E3C6E6F6672616D65AC
:1008B000733E3C626F64793E3C703E4968722042F0
:1008C000726F7773657220756E74657273742675B6
:1008D000756D6C3B747A74206B65696E6520467229
:1008E000616D6573213C2F703E3C2F626F64793ED1
:1008F0003C2F6E6F6672616D65733E3C2F66726150
:100900006D657365743E3C2F48544D4C3E0D0A0D89
:100910000A00686561646C696E652E68746D6C00B0
:100920003C48544D4C3E3C424F44592074657874C9
:100930003D222330303030433022207374796C658F
:100940003D226261636B67726F756E642D696D61C4
:1009500067653A75726C286C6F6368737472656949
:1009600066656E2D68672E706E6729223E3C737037
:10097000616E207374796C653D22666F6E743A20E7
:10098000626F6C6420343070782027436F75726911
:100990006572204E6577272C274C7563696461204A
:1009A000436F6E736F6C65272C6D6F6E6F73706124
:1009B00063653B20223E3C623E692D54656C657840
:1009C000202D20546F4950202D2074656C657820AF
:1009D0006F76657220696E7465726E65743C2F6205
:1009E0003E3C2F7370616E3E3C2F424F44593E3C5B
:1009F0002F48544D4C3E0D0A0D0A006C6F6368730E
:100A00007472656966656E2D68672E706E67008901
:100A1000504E470D0A1A0A0000000D494844520082
:100A20000002250000003F0403000000CD91A50C4A
:100A300000000030504C5445FFFF66C0C0C0FF00AE
:100A400000000000000000000000000000000000A6
:100A50000000000000000000000000000000000096
:100A60000000000000000000C3145A130000000939
:100A70007048597300000B1300000B1301009A9C7F
:100A8000180000027F4944415478DAED5B5B72C381
:100A9000200CB47302ABF73F6CE33CA8C9EAB12465
:100AA000D30969573F558C84F10E428BA0CB227934
:100AB0009093201026C2E4594CD6EDFCD796837251
:100AC000914EB934A1B036AD2978C5E23E093A5C01
:100AD000466D82612498AC66DB62663FCAB58FA31F
:100AE000726972DE43DAB4A6E015D8E1ED57FDC1B4
:100AF0008CCDEDCD07E3DC6B3A4CB6E36718F1A97A
:100B0000C64D9373CFCDB8F03AEDD6B61B6D4DB947
:100B1000BBFD28E67642DBB426FF15D86133263EBE
:100B2000D5C869F2300C613288896247987C2026EA
:100B300053E41D09CFD990DB18C98890CE55EE0536
:100B40001B4C781DE385542DA7A061ECB4A91E4C65
:100B5000EC384030AC2AF760AA770A36D15E1832FA
:100B60007EECDCBD26C5A42DB690AF9D2785172E43
:100B7000ADC11A7BF78AF809E6F1351E0CF29380B5
:100B8000E70C4C138EC3305E484B0ABA254C3C4CE4
:100B9000143B183BC2E443307973DE9188C70A9353
:100BA0002731D9A368DD034CCA55F1D6D8F72A9767
:100BB00005707DA7224C3C4C1432183B4EADE09F93
:100BC0002BCA3BCAC5AFD7D9FA529511352BCBBD2D
:100BD000B009CB74D861500034D72629A6255E47CA
:100BE0009B74BFD36F7CB0DA5CEC89D00B9B9CED1F
:100BF0005267DC27856E0BD3EF6EBA0C126C6A124B
:100C0000AFA3CD7C98F49BD67606815BDD6E17DCB6
:100C10009E249BDFC4ABB3496B4A5D5926384A4BCF
:100C2000EA4EE8854DC5215D52EC42F7EAB02FF15E
:100C3000EA6C848987896207634798CC8FC90C79ED
:100C400047F20A67634E4219D265041B2C0E379394
:100C50009359FA8437247803B1C354A41363BF585B
:100C6000EDC4971F29556D9971C73AB6DBF37C988F
:100C7000042B6A7106D1DB24F758708D051B9E9FEB
:100C800030A77E0CC1A8384C721C397C3D2C6150B9
:100C9000099911261E268A1D8C1D61323F2633E4D8
:100CA0001D09C5D982625AC2EB98FF5358083638DD
:100CB00024C317DB98F104B1136C6A92F862EE8BCF
:100CC00006900CDCD4F142A6681ABA96F0073019E7
:100CD000BE88527965FCC42F1C251C86B9931F8FD2
:100CE000DE9E9E268397B898F10813C50E1F3BC25F
:100CF000447987C93B1261224C848930F93D4C4CC0
:100D0000F2205FDF827D01B9877BC8E3000000002D
:100D100049454E44AE4260826D61696E6D656E7587
:100D20002E68746D6C003C48544D4C3E3C48454127
:100D3000443E3C6C696E6B2072656C3D2273747925
:100D40006C6573686565742220747970653D2274E2
:100D50006578742F6373732220687265663D227311
:100D600074796C652E637373223E3C2F4845414471
:100D70003E3C424F4459206267636F6C6F723D2264
:100D800023433046464330223E3C6120687265660C
:100D90003D22696E666F2E68746D6C227461726795
:100DA00065743D226D61696E223E496E666F3C2F0F
:100DB000613E202F203C6120687265663D22697487
:100DC000656C65782D6D656E752D64652E68746D26
:100DD0006C223E692D54656C6578202844657574D5
:100DE000736368293C2F613E202F203C612068728C
:100DF00065663D226974656C65782D6D656E752D2F
:100E0000656E2E68746D6C223E692D54656C657834
:100E10002028456E676C697368293C2F613E3C2F22
:100E2000424F44593E3C2F48544D4C3E0D0A0D0A4A
:100E3000006E6574776F726B2D64652E68746D6CCF
:100E4000003C48544D4C3E3C484541443E3C6C6956
:100E50006E6B2072656C3D227374796C6573686586
:100E600065742220747970653D22746578742F63EF
:100E700073732220687265663D227374796C652EE7
:100E8000637373223E3C2F484541443E3C424F44ED
:100E900059206267636F6C6F723D22234330464670
:100EA0004330223E3C6120687265663D226974656C
:100EB0006C65786366672D6D656E752D64652E684B
:100EC000746D6C223E7A75722675756D6C3B636B22
:100ED0003C2F613E202F203C6120687265663D22D8
:100EE0006E6574776F726B2E6367693F7370723DC6
:100EF000646522207461726765743D226D61696E5C
:100F0000223E496E666F733C2F613E202F203C616C
:100F100020687265663D226E6574776F726B2E6312
:100F200067693F7370723D646526636F6E666967BB
:100F300022207461726765743D226D61696E223E84
:100F40004B6F6E66696775726174696F6E3C2F6175
:100F50003E3C2F424F44593E3C2F48544D4C3E0D91
:100F60000A0D0A006E6574776F726B2D656E2E68C0
:100F7000746D6C003C48544D4C3E3C484541443EE9
:100F80003C6C696E6B2072656C3D227374796C6584
:100F900073686565742220747970653D2274657884
:100FA000742F6373732220687265663D22737479AF
:100FB0006C652E637373223E3C2F484541443E3C92
:100FC000424F4459206267636F6C6F723D22234326
:100FD0003046464330223E3C6120687265663D22C1
:100FE0006974656C65786366672D6D656E752D65D2
:100FF0006E2E68746D6C223E6261636B3C2F613EA5
:10100000202F203C6120687265663D226E657477F2
:101010006F726B2E6367693F7370723D656E22203D
:101020007461726765743D226D61696E223E496E1E
:10103000666F733C2F613E202F203C6120687265F3
:10104000663D226E6574776F726B2E6367693F73BE
:1010500070723D656E26636F6E66696722207461EB
:10106000726765743D226D61696E223E436F6E66E4
:10107000696775726174696F6E3C2F613E3C2F42E7
:101080004F44593E3C2F48544D4C3E0D0A0D0A002A
:1010900073797374656D2D64652E68746D6C003C96
:1010A00048544D4C3E3C484541443E3C6C696E6B57
:1010B0002072656C3D227374796C65736865657424
:1010C0002220747970653D22746578742F63737380
:1010D0002220687265663D227374796C652E637395
:1010E00073223E3C2F484541443E3C424F445920E8
:1010F0006267636F6C6F723D222343304646433014
:10110000223E3C6120687265663D226974656C65AB
:10111000786366672D6D656E752D64652E68746DD8
:101120006C223E7A75722675756D6C3B636B3C2F35
:10113000613E202F203C6120687265663D22726509
:101140007365742E6367693F7370723D6465222016
:101150007461726765743D226D61696E223E5265ED
:101160007365743C2F613E202F203C6120687265BE
:10117000663D226E74702E6367693F7370723D64C2
:101180006522207461726765743D226D61696E220B
:101190003E4E54503C2F613E202F203C612068720F
:1011A00065663D2264796E646E732E6367693F7372
:1011B00070723D646522207461726765743D226DB2
:1011C00061696E223E44796E444E533C2F613E204D
:1011D0002F203C6120687265663D2265656D656DF6
:1011E0002E6367693F7370723D646522207461727B
:1011F0006765743D226D61696E223E45456D656D82
:101200003C2F613E202F203C6120687265663D22A4
:1012100063726F6E2E6367693F7370723D646522FF
:10122000207461726765743D226D61696E223E6350
:10123000726F6E3C2F613E3C2F424F44593E3C2F13
:1012400048544D4C3E0D0A0D0A0073797374656D58
:101250002D656E2E68746D6C003C48544D4C3E3CC0
:10126000484541443E3C6C696E6B2072656C3D2282
:101270007374796C65736865657422207479706520
:101280003D22746578742F637373222068726566DB
:101290003D227374796C652E637373223E3C2F4834
:1012A0004541443E3C424F4459206267636F6C6F36
:1012B000723D2223433046464330223E3C61206843
:1012C0007265663D226974656C65786366672D6D2D
:1012D000656E752D656E2E68746D6C223E6261635D
:1012E0006B3C2F613E202F203C6120687265663D7B
:1012F0002272657365742E6367693F7370723D6512
:101300006E22207461726765743D226D61696E2280
:101310003E52657365743C2F613E202F203C612056
:10132000687265663D226E74702E6367693F7370E4
:10133000723D656E22207461726765743D226D6135
:10134000696E223E4E54503C2F613E202F203C615E
:1013500020687265663D2264796E646E732E6367E1
:10136000693F7370723D656E2220746172676574A7
:101370003D226D61696E223E44796E444E533C2F8E
:10138000613E202F203C6120687265663D226565C4
:101390006D656D2E6367693F7370723D656E2220C7
:1013A0007461726765743D226D61696E223E4545C8
:1013B0006D656D3C2F613E202F203C612068726579
:1013C000663D2263726F6E2E6367693F7370723D74
:1013D000656E22207461726765743D226D61696E6D
:1013E000223E63726F6E3C2F613E3C2F424F445948
:1013F0003E3C2F48544D4C3E0D0A0D0A00696E6666
:101400006F2E68746D6C003C48544D4C3E3C424F0E
:1014100044593E3C7072653E3C703E202057656CDE
:10142000636F6D6520746F0D0A5F5F5F5F5F5F5F65
:101430005F5F5F5F5F5F5F5F5F5F5F5F5F5F5F5FBC
:101440005F5F5F5F5F5F5F5F5F5F5F5F5F5F5F5FAC
:101450005F5F5F5F5F5F5F0D0A20204F4F4F20206F
:10146000202020204F4F4F4F4F20204F4F4F4F4FA6
:1014700020204F2020202020204F4F4F4F4F202052
:101480004F2020204F20200D0A2020204F202020F8
:101490002020202020204F202020204F20202020EE
:1014A00020204F2020202020204F202020202020DE
:1014B000204F204F2020200D0A202E2E2E2E2E2EA3
:1014C0002E2E2E2E2E2E2E2E2E2E2E2E2E2E2E2E3C
:1014D0002E2E2E2E2E2E2E2E2E2E2E2E2E2E2E2E2C
:1014E0002E2E2E2E2E2E2E0D0A2020204F20202094
:1014F0004F4F4F2020204F202020204F4F4F2020A3
:1015000020204F2020202020204F4F4F202020201F
:1015100020204F202020200D0A2020204F20202096
:101520002020202020204F202020204F202020205D
:1015300020204F2020202020204F2020202020204D
:10154000204F204F2020200D0A20204F4F4F2020D9
:101550002020202020204F202020204F4F4F4F4F71
:1015600020204F4F4F4F4F20204F4F4F4F4F2020A5
:101570004F2020204F20200D0A5F5F5F5F5F5F5F7D
:101580005F5F5F5F5F5F5F5F5F5F5F5F5F5F5F5F6B
:101590005F5F5F5F5F5F5F5F5F5F5F5F5F5F5F5F5B
:1015A0005F5F5F5F5F5F5F0D0A4275696C64203348
:1015B000383920617420446174653A205365702085
:1015C000313820323031332031353A31383A333303
:1015D0000D0A4D6F64756C65733A20692D54656C06
:1015E0006578204E616D6573657276657220456D14
:1015F00061696C0D0A0D0A6275696C64206F6E205A
:101600004156522D6C6962632076657273696F6E04
:101610003A20312E362E372F3230303930373032B3
:101620002077697468206176722D67636320342E99
:10163000332E330D0A0D0A286329323030362D320D
:10164000303133202020536F6674776172653A2001
:101650004672656420536F6E6E656E7265696E0DBD
:101660000A6261736564206F6E204F70656E4D4332
:1016700050206279204469726B2042726F737377D5
:1016800069636B0D0A3C2F7072653E3C2F703E3CC7
:101690002F424F44593E3C2F48544D4C3E0D0A00BA
:1016A0007374796C652E6373730040636861727341
:1016B0006574202249534F2D383835392D31220D8C
:1016C0000A202020613A6C696E6B207B207465785B
:1016D000742D6465636F726174696F6E3A6E6F6EBC
:1016E000653B20666F6E742D7765696768743A6232
:1016F0006F6C643B20636F6C6F723A233030303014
:1017000041303B207D200D0A202020613A7669730C
:1017100069746564207B20746578742D6465636FDB
:10172000726174696F6E3A6E6F6E653B20666F6EA4
:10173000742D7765696768743A626F6C643B2063E7
:101740006F6C6F723A234130303041303B207D2046
:101750000D0A202020613A686F766572207B207424
:101760006578742D6465636F726174696F6E3A6E2B
:101770006F6E653B20666F6E742D77656967687460
:101780003A626F6C643B206261636B67726F756E67
:10179000642D636F6C6F723A234646434343433B69
:1017A000207D200D0A202020613A616374697665EE
:1017B000207B20746578742D6465636F7261746931
:1017C0006F6E3A6E6F6E653B20666F6E742D776537
:1017D000696768743A626F6C643B206261636B672F
:1017E000726F756E642D636F6C6F723A2346464656
:1017F0004643433B207D200D0A202020613A666F3E
:10180000637573207B20746578742D6465636F72D3
:101810006174696F6E3A6E6F6E653B20666F6E74B1
:101820002D7765696768743A626F6C643B2062610A
:10183000636B67726F756E642D636F6C6F723A23A2
:101840004343434346463B207D200D0A2020207021
:101850007265207B206F766572666C6F773A2073B5
:1018600063726F6C6C3B207D0D0A006974656C655A
:10187000782D6D656E752D64652E68746D6C003CF9
:1018800048544D4C3E3C484541443E3C6C696E6B6F
:101890002072656C3D227374796C6573686565743C
:1018A0002220747970653D22746578742F63737398
:1018B0002220687265663D227374796C652E6373AD
:1018C00073223E3C2F484541443E3C424F44592000
:1018D0006267636F6C6F723D22234330464643302C
:1018E000223E3C6120687265663D226D61696E6DC5
:1018F000656E752E68746D6C223E7A7572267575EC
:101900006D6C3B636B3C2F613E202F203C61206857
:101910007265663D226974656C65782D6D73672DFF
:1019200064652E68746D6C22207461726765743D05
:10193000226D61696E223E4E6163687269636874EC
:101940002073656E64656E3C2F613E202F203C61E4
:1019500020687265663D226974656C65782D746CCB
:101960006E7665727A2E6367693F7370723D646547
:1019700022207461726765743D226D61696E223E3A
:101980005465696C6E65686D65722D5665727A6511
:101990006963686E69733C2F613E202F203C612093
:1019A000687265663D226974656C65786366672D4B
:1019B0006D656E752D64652E68746D6C223E692DA3
:1019C00054656C65782D45696E7374656C6C756EC5
:1019D00067656E3C2F613E202F203C612068726558
:1019E000663D226974656C65782D64656275672E45
:1019F00063676922207461726765743D226D616955
:101A00006E223E44656275672D496E666F733C2F8A
:101A1000613E202F203C6120687265663D2269741A
:101A2000656C65782D747769746C6E6C6973746518
:101A30002E6367693F7370723D6465222074617222
:101A40006765743D226D61696E223E4275732D5447
:101A50006C6E2D4C697374653C2F613E202F203CC9
:101A60006120687265663D2273646469722E6367E3
:101A70006922207461726765743D226D61696E220E
:101A80003E53442D4B617274653C2F613E3C2F42A6
:101A90004F44593E3C2F48544D4C3E0D0A0D0A0010
:101AA0006974656C65782D6D656E752D656E2E6833
:101AB000746D6C003C48544D4C3E3C484541443E9E
:101AC0003C6C696E6B2072656C3D227374796C6539
:101AD00073686565742220747970653D2274657839
:101AE000742F6373732220687265663D2273747964
:101AF0006C652E637373223E3C2F484541443E3C47
:101B0000424F4459206267636F6C6F723D222343DA
:101B10003046464330223E3C6120687265663D2275
:101B20006D61696E6D656E752E68746D6C223E62B6
:101B300061636B3C2F613E202F203C612068726501
:101B4000663D226974656C65782D6D73672D656ED1
:101B50002E68746D6C22207461726765743D226D0D
:101B600061696E223E53656E64206D6573736167B3
:101B7000653C2F613E202F203C6120687265663DE8
:101B8000226974656C65782D746C6E7665727A2E38
:101B90006367693F7370723D656E2220746172677E
:101BA00065743D226D61696E223E53756273637286
:101BB00069626572206469726563746F72793C2F23
:101BC000613E202F203C6120687265663D22697469
:101BD000656C65786366672D6D656E752D656E2E17
:101BE00068746D6C223E692D54656C657820736550
:101BF0007474696E67733C2F613E202F203C612016
:101C0000687265663D226974656C65782D646562ED
:101C100075672E63676922207461726765743D225F
:101C20006D61696E223E646562756720696E666FDC
:101C30003C2F613E202F203C6120687265663D226A
:101C40006974656C65782D747769746C6E6C6973F2
:101C500074652E6367693F7370723D656E222074F0
:101C600061726765743D226D61696E223E6C6973B5
:101C700074206F66206D6F64756C65733C2F613ED8
:101C8000202F203C6120687265663D227364646980
:101C9000722E63676922207461726765743D226DDC
:101CA00061696E223E534420636172643C2F613E41
:101CB0003C2F424F44593E3C2F48544D4C3E0D0A58
:101CC0000D0A006974656C65786366672D6D656ED5
:101CD000752D64652E68746D6C003C48544D4C3E07
:101CE0003C484541443E3C6C696E6B2072656C3DDE
:101CF000227374796C6573686565742220747970D9
:101D0000653D22746578742F637373222068726551
:101D1000663D227374796C652E637373223E3C2F8B
:101D2000484541443E3C424F4459206267636F6CD2
:101D30006F723D2223433046464330223E3C6120B1
:101D4000687265663D226974656C65782D6D656E97
:101D5000752D64652E68746D6C223E7A75722675D9
:101D6000756D6C3B636B3C2F613E202F203C6120E6
:101D7000687265663D226974656C65786366672D77
:101D8000696E7465726E2E6367693F7370723D642D
:101D90006522207461726765743D226D61696E22EF
:101DA0003E45696E7374656C6C756E67656E20690F
:101DB0006D206C6F6B616C656E205478502D53797B
:101DC0007374656D3C2F613E202F203C612068724A
:101DD00065663D226974656C65786366672D657814
:101DE0007465726E2E6367693F7370723D6465221D
:101DF000207461726765743D226D61696E223E4593
:101E0000696E7374656C6C756E67656E20696D20A4
:101E1000692D54656C65782D4E65747A3C2F613E52
:101E2000202F203C6120687265663D226974656CD4
:101E300065786366672D656D61696C2E6367693FC0
:101E40007370723D646522207461726765743D220F
:101E50006D61696E223E654D61696C2D45696E73D9
:101E600074656C6C756E67656E3C2F613E202F202B
:101E70003C6120687265663D226E6574776F726B97
:101E80002D64652E68746D6C223E4E65747A77659C
:101E9000726B3C2F613E202F203C6120687265668A
:101EA0003D2273797374656D2D64652E68746D6C55
:101EB000223E53797374656D3C2F613E202F203C88
:101EC0006120687265663D226974656C6578636639
:101ED000672D7370657272656E2E6367693F7370EC
:101EE000723D646522207461726765743D226D6184
:101EF000696E223E5370657272656E3C2F613E3C86
:101F00002F424F44593E3C2F48544D4C3E0D0A0D34
:101F10000A006974656C65786366672D6D656E751A
:101F20002D656E2E68746D6C003C48544D4C3E3CE3
:101F3000484541443E3C6C696E6B2072656C3D22A5
:101F40007374796C65736865657422207479706543
:101F50003D22746578742F637373222068726566FE
:101F60003D227374796C652E637373223E3C2F4857
:101F70004541443E3C424F4459206267636F6C6F59
:101F8000723D2223433046464330223E3C61206866
:101F90007265663D226974656C65782D6D656E7538
:101FA0002D656E2E68746D6C223E6261636B3C2FF2
:101FB000613E202F203C6120687265663D22697475
:101FC000656C65786366672D696E7465726E2E63E5
:101FD00067693F7370723D656E2220746172676538
:101FE000743D226D61696E223E6C6F63616C20737B
:101FF000657474696E67733C2F613E202F203C61CD
:1020000020687265663D226974656C6578636667F1
:102010002D65787465726E2E6367693F7370723DCB
:10202000656E22207461726765743D226D61696E10
:10203000223E692D54656C6578206E6574776F72E9
:102040006B2073657474696E67733C2F613E202F3B
:10205000203C6120687265663D226974656C657814
:102060006366672D656D61696C2E6367693F737088
:10207000723D656E22207461726765743D226D61E8
:10208000696E223E654D61696C2073657474696E7A
:1020900067733C2F613E202F203C6120687265668B
:1020A0003D226E6574776F726B2D656E2E68746D50
:1020B0006C223E4E6574776F726B3C2F613E202F11
:1020C000203C6120687265663D2273797374656D8A
:1020D0002D656E2E68746D6C223E53797374656D38
:1020E0003C2F613E202F203C6120687265663D22B6
:1020F0006974656C65786366672D73706572726567
:102100006E2E6367693F7370723D656E2220746145
:10211000726765743D226D61696E223E6C6F636B00
:102120003C2F613E3C2F424F44593E3C2F48544D7A
:102130004C3E0D0A0D0A006974656C65782D6D734F
:10214000672D64652E68746D6C003C48544D4C3EA0
:102150003C484541443E3C2F484541443E3C667224
:10216000616D6573657420726F77733D222A2C361A
:102170003022207363726F6C6C696E673D226E6FE4
:1021800022206672616D65626F726465723D2232F3
:102190002220626F726465723D2232222066726173
:1021A0006D6573706163696E673D22322220626FD4
:1021B00072646572636F6C6F723D22233030303011
:1021C0003030223E3C6672616D65207372633D2241
:1021D0006974656C65782D6D73672D6F75742E63EA
:1021E00067693F7370723D646522206E616D653D65
:1021F000224D73674F757422207363726F6C6C6924
:102200006E673D226175746F223E3C6672616D653A
:10221000207372633D226974656C65782D6D7367F8
:102220002D696E2E6367693F7370723D646522206D
:102230006E616D653D224D7367496E222073637236
:102240006F6C6C696E673D226E6F223E3C6E6F66EE
:1022500072616D65733E3C626F64793E3C703E49CD
:1022600068722042726F7773657220756E74657242
:102270007374C3BC747A74206B65696E6520467292
:10228000616D6573213C2F703E3C2F626F64793E17
:102290003C2F6E6F6672616D65733E3C2F66726196
:1022A0006D657365743E3C2F48544D4C3E0D0A0DD0
:1022B0000A006974656C65782D6D73672D656E2EE7
:1022C00068746D6C003C48544D4C3E3C484541445C
:1022D0003E3C2F484541443E3C6672616D657365E6
:1022E0007420726F77733D222A2C3630222073635C
:1022F000726F6C6C696E673D226E6F222066726130
:102300006D65626F726465723D22322220626F7267
:102310006465723D223222206672616D6573706160
:1023200063696E673D22322220626F726465726358
:102330006F6C6F723D2223303030303030223E3CA3
:102340006672616D65207372633D226974656C65A8
:10235000782D6D73672D6F75742E6367693F737089
:10236000723D656E22206E616D653D224D73674F33
:10237000757422207363726F6C6C696E673D2261A5
:1023800075746F223E3C6672616D65207372633DA9
:10239000226974656C65782D6D73672D696E2E6387
:1023A00067693F7370723D656E22206E616D653D99
:1023B000224D7367496E22207363726F6C6C696E75
:1023C000673D226E6F223E3C6E6F6672616D657373
:1023D0003E3C626F64793E3C703E496872204272B6
:1023E0006F7773657220756E7465727374C3BC7495
:1023F0007A74206B65696E65204672616D65732124
:102400003C2F703E3C2F626F64793E3C2F6E6F66AE
:1024100072616D65733E3C2F6672616D65736574A4
:102420003E3C2F48544D4C3E0D0A0D0A00282025F5
:102430006C6420427974652075656265727472619E
:1024400067656E20285344290D0A004854545020D3
:10245000736F636B657420636C6F7365642062795E
:1024600020636C69656E740D0A00485454502F3116
:102470002E312032303020446F63756D656E7420CC
:10248000666F6C6C6F77730D0A436F6E74656E7454
:102490002D4C656E6774683A20256C640D0A436F95
:1024A0006E74656E742D547970653A2025732573AA
:1024B0000D0A43616368652D436F6E74726F6C3AE9
:1024C000206D61782D6167653D333630300D0A43EC
:1024D0006F6E6E656374696F6E3A20636C6F7365BF
:1024E0000D0A0D0A00746578742F0068746D006819
:1024F000746D6C002820256C642042797465207509
:102500006562657274726167656E2028464C41533E
:1025100048290D0A000D0A436F6E74656E742D4CC8
:10252000656E6774683A2025640D0A4361636865C7
:102530002D436F6E74726F6C3A206D61782D6167F8
:10254000653D333630300D0A436F6E6E65637469D6
:102550006F6E3A20636C6F73650D0A0D0A00626935
:102560006E00746578742F68746D6C006A706567AE
:1025700000706E6700485454502F312E3120323095
:102580003020446F63756D656E7420666F6C6C6F80
:1025900077730D0A436F6E74656E742D5479706590
:1025A0003A20000D0A002066726F6D200068747476
:1025B000702D726571756573743A2000687474705B
:1025C0002D7365727665723A20257320003E2000D7
:1025D00051756974696E670D0A00717569740055EB
:1025E0006E642C206C6F73206765687427732E2EC1
:1025F0002E21212120282268656C70222068696CB8
:102600006674203A2D29290D0A3E200074656C6EEF
:1026100065740054656C6E65742D536572766572D1
:1026200020506F72742025642E0D0A0043524F4EC5
:102630005F454E5452595F253032640025643A207C
:102640006E696368742062656C6567740D0A0025A5
:10265000643A2025642025642025730D0A006372E6
:102660006F6E00666F6F2E636769002573202F20E1
:102670002573202F2025640D0A0049502F4D41431A
:102680002F54544C0D0A00617270003C2F424F448D
:10269000593E3C2F48544D4C3E0D0A0D0A003C4813
:1026A000544D4C3E3C484541443E3C6D6574612070
:1026B000687474702D65717569763D2272656672F5
:1026C0006573682220636F6E74656E743D223630C8
:1026D000303B20223E3C5449544C453E5374726575
:1026E000616D696E673C2F5449544C453E3C2F4800
:1026F0004541443E3C424F4459206267636F6C6FD2
:10270000723D22233232384232322220746578748C
:102710003D2223464646464646223E5A6569743A5D
:1027200020253032643A253032643A253032642E26
:102730002530326420282025752F25752F2530342B
:102740007520290050485354415432207C20307861
:10275000253034580D0A0050485354415431207CE0
:10276000203078253034580D0A005265762E4944C1
:1027700020207C2020203078253032580D0A002D72
:102780002D2D2D2D2D2D2D2B2D2D2D2D2D2D2D2D7B
:102790000D0A005265672E202020207C205765728C
:1027A000740D0A00454E4332384A36303A0D0A005D
:1027B0005443502D5458204572726F72733A20253D
:1027C00064205443502D5258204572726F72733AF0
:1027D0002025642028756E736F72746564202564EB
:1027E0002C206F6C64736571202564290D0A0D0A15
:1027F0000045746865726E65743A20256C642042E9
:102800007974657320696E20256C64205061636B58
:102810006574656E204C6F636B4572726F727320C6
:10282000256C640D0A0073746174732E636769000C
:1028300073746174730052657365740072657365B7
:1028400074007265736574007265736574003C662C
:102850006F726D20616374696F6E3D22726573657E
:10286000742E63676922206D6574686F643D22670A
:10287000657422206163636570742D63686172738F
:1028800065743D2249534F2D383835392D31223E5C
:102890003C703E3C696E70757420747970653D22A1
:1028A0007375626D697422206E616D653D2272657B
:1028B000736574222076616C75653D22726573655F
:1028C00074223E3C2F703E3C2F666F726D3E00724C
:1028D000657365742E63676900726573657400645F
:1028E0006E73203C686F73746E616D653E0D0A00F7
:1028F0004950207A75202573203D2025730D0A004C
:10290000646E730044484350004950004D41534B9E
:10291000004741544500444E53004D414300536528
:102920007474696E67732073617665642C207265B8
:10293000626F6F74206E6563657373617279207462
:102940006F2074616B6520656666656374210D0A8E
:10295000003C74723E3C746420616C69676E3D2279
:102960007269676874223E48617264776172652D8E
:102970004D41433C2F74643E3C74643E3C696E7030
:102980007574206E616D653D224D4143222074793E
:1029900070653D2274657874222073697A653D22E2
:1029A0003137222076616C75653D22257322206DBA
:1029B00061786C656E6774683D223137223E3C2F2A
:1029C00074643E3C2F74723E3C74723E3C74643EB0
:1029D0003C2F74643E3C74643E3C696E7075742098
:1029E000747970653D227375626D69742220766119
:1029F0006C75653D222053617665206368616E6762
:102A0000657320223E3C2F74643E3C2F74723E3C22
:102A10002F7461626C653E3C2F666F726D3E004D97
:102A20004143003C74723E3C746420616C69676E83
:102A30003D227269676874223E444E532D5365727D
:102A40007665723C2F74643E3C74643E3C696E70E3
:102A50007574206E616D653D22444E532220747959
:102A600070653D2274657874222073697A653D2211
:102A70003135222076616C75653D22257322206DEB
:102A800061786C656E6774683D223135223E3C2F5B
:102A900074643E3C2F74723E00444E53003C74728A
:102AA0003E3C746420616C69676E3D2272696768A0
:102AB00074223E476174657761793C2F74643E3CB3
:102AC00074643E3C696E707574206E616D653D2264
:102AD000474154452220747970653D2274657874AD
:102AE000222073697A653D223135222076616C752A
:102AF000653D22257322206D61786C656E67746870
:102B00003D223135223E3C2F74643E3C2F74723E90
:102B10000047415445003C74723E3C746420616C33
:102B200069676E3D227269676874223E4E65746DF6
:102B300061736B3C2F74643E3C74643E3C696E7000
:102B40007574206E616D653D224D41534B2220749A
:102B50007970653D2274657874222073697A653DC9
:102B6000223135222076616C75653D222573222045
:102B70006D61786C656E6774683D223135223E3C2C
:102B80002F74643E3C2F74723E004D41534B003C09
:102B900074723E3C746420616C69676E3D22726998
:102BA000676874223E495020616464726573733CA7
:102BB0002F74643E3C74643E3C696E707574206E84
:102BC000616D653D2249502220747970653D227403
:102BD000657874222073697A653D2231352220762A
:102BE000616C75653D22257322206D61786C656E80
:102BF0006774683D223135223E3C2F74643E3C2F81
:102C000074723E004950003E3C2F74643E3C2F7469
:102C1000723E00636865636B6564006F6E003C74B0
:102C2000723E3C746420616C69676E3D2272696714
:102C30006874223E44484350206163746976653C61
:102C40002F74643E3C74643E3C696E7075742074ED
:102C50007970653D22636865636B626F7822206ED0
:102C6000616D653D2244484350222076616C756554
:102C70003D226F6E22200044484350003C666F7234
:102C80006D20616374696F6E3D226E6574776F723B
:102C90006B2E636769223E3C7461626C6520626FD3
:102CA000726465723D2230222063656C6C706164D1
:102CB00064696E673D2235222063656C6C737061B8
:102CC00063696E673D2230223E00636F6E666967FE
:102CD000003C2F7072653E0D0A00737461747300BE
:102CE0006966636F6E666967003C7072653E0D0AC7
:102CF000000D0A48572D4164723A20253032783A47
:102D0000253032783A253032783A253032783A25F3
:102D10003032783A253032780D0A0D0A00444E538D
:102D20003A25730D0A00476174657761793A257316
:102D30000D0A004E65746D61736B3A25730D0A00C0
:102D400049503A25730D0A006E6574776F726B2EC9
:102D5000636769006966636F6E666967004E545009
:102D6000004E5450534552564552005554435A4F05
:102D70004E450045696E7374656C6C756E67656E63
:102D80002075656265726E6F6D6D656E210D0A004E
:102D90003C74723E3C746420616C69676E3D2272C3
:102DA00069676874223E534E54502D5365727665A0
:102DB000723C2F74643E3C74643E3C696E70757462
:102DC000206E616D653D224E54505345525645521A
:102DD0002220747970653D227465787422207369AD
:102DE0007A653D223235222076616C75653D22255B
:102DF0007322206D61786C656E6774683D22323590
:102E0000223E3C2F74643E3C2F74723E3C74723EF2
:102E10003C746420616C69676E3D227269676874F6
:102E2000223E5A6569747A6F6E653C2F74643E3C2D
:102E300074643E3C696E707574206E616D653D22F0
:102E40005554435A4F4E452220747970653D227483
:102E5000657874222073697A653D22332220766179
:102E60006C75653D22257322206D61786C656E67F7
:102E700074683D2233223E3C2F74643E3C2F7472B2
:102E80003E3C74723E3C74643E3C2F74643E3C7421
:102E9000643E3C696E70757420747970653D227370
:102EA00075626D6974222076616C75653D222045DE
:102EB000696E7374656C6C756E67202655756D6CE4
:102EC0003B6265726E65686D656E20223E3C2F74B4
:102ED000643E3C2F74723E3C2F7461626C653E3CD4
:102EE0002F666F726D3E00300074696D652E6675D9
:102EF0002D6265726C696E2E6465003E3C2F7464B1
:102F00003E3C2F74723E00636865636B6564006FBE
:102F10006E003C666F726D20616374696F6E3D2256
:102F20006E74702E636769223E0D3C7461626C653D
:102F300020626F726465723D2230222063656C6C82
:102F400070616464696E673D2235222063656C6C34
:102F500073706163696E673D2230223E3C74723E3D
:102F60003C746420616C69676E3D227269676874A5
:102F7000223E534E545020616B74697669657265C8
:102F80006E3C2F74643E3C74643E3C696E70757494
:102F900020747970653D22636865636B626F782287
:102FA000206E616D653D224E5450222076616C7515
:102FB000653D226F6E2220006E7470203C6E74702E
:102FC0007365727665723E0D0A004665686C6572BF
:102FD0000D0A004E657565205A6569743A202530E2
:102FE00032643A253032643A253032640D0A0048A2
:102FF0006F6C65205A65697420766F6E2025730D9D
:103000000A004665686C65720D0A006E74700026D1
:1030100044594E444E535F555345525057004459FE
:103020004E444E535F444F4D41494E0045696E73C7
:1030300074656C6C756E67656E2075656265726E21
:103040006F6D6D656E210D0A002D31202D313520FB
:103050002264796E646E73207570646174652200F9
:1030600044594E444E535F4F4E002D31202D313583
:10307000202264796E646E732075706461746522B9
:103080000044594E444E530044594E444E535F4FF2
:103090004E0044594E444E5300444F4D41494E005A
:1030A00044594E444E535F444F4D41494E00444FA6
:1030B0004D41494E004143434F554E54002644591B
:1030C0004E444E535F555345525057004143434F72
:1030D000554E54004143434F554E54003C666F7269
:1030E0006D20616374696F6E3D2264796E646E73E6
:1030F0002E636769223E0D203C7461626C6520621C
:103100006F726465723D2230222063656C6C706161
:103110006464696E673D2235222063656C6C737050
:103120006163696E673D2230223E20203C74723E0E
:103130000D2020203C746420616C69676E3D227212
:1031400069676874223E44796E444E5320616B7403
:103150006976696572656E3C2F74643E2020203C60
:1031600074643E3C696E70757420747970653D229C
:10317000636865636B626F7822206E616D653D22C6
:1031800044594E444E53222076616C75653D226F42
:103190006E22202573203E20203C2F74643E0D209B
:1031A000203C74723E0D2020203C746420616C69C8
:1031B000676E3D227269676874223E64796E444E80
:1031C00053204163636F756E742028207573657298
:1031D0003A707720293C2F74643E2020203C746490
:1031E0003E3C696E707574206E616D653D22414391
:1031F000434F554E542220747970653D2274657892
:1032000074222073697A653D223331222076616C05
:1032100075653D2222206D61786C656E6774683D2E
:10322000223331223E3C2F74643E20203C2F7472A6
:103230003E0D20203C74723E0D2020203C74642002
:10324000616C69676E3D227269676874223E4479D9
:103250006E444E5320446F6D61696E3C2F74643E22
:103260002020203C74643E3C696E707574206E6151
:103270006D653D22444F4D41494E22207479706561
:103280003D2274657874222073697A653D2233315A
:10329000222076616C75653D22257322206D617850
:1032A0006C656E6774683D223531223E3C2F746434
:1032B0003E20203C2F74723E0D20203C74723E0D47
:1032C0002020203C74643E3C2F74643E3C74643E79
:1032D0003C696E70757420747970653D22737562F7
:1032E0006D6974222076616C75653D222045696E9A
:1032F0007374656C6C756E67202655756D6C3B62DA
:1033000065726E65686D656E20223E3C2F74643E6A
:1033100020203C2F74723E0D203C2F7461626C653E
:103320003E0D3C2F666F726D3E00636865636B6592
:1033300064006F6E0044594E444E535F4F4E00443C
:10334000594E444E535F444F4D41494E0044594EEF
:10335000444E535F444F4D41494E0064796E646E54
:1033600073203C7570646174653E202F203C73654A
:10337000746163636F756E7420757365723A7077EC
:103380004064796E646E732D646F6D61696E3E0D7D
:103390000A004163636F756E74646174656E2067C3
:1033A000657370656963686572742E0D0A007365D4
:1033B000746163636F756E74005570646174652029
:1033C00066756572202573206665686C6765736332
:1033D000686C6167656E0D0A0055706461746520E4
:1033E00066756572202573206572666F6C677265FD
:1033F0006963682E0D0A00757064617465006479F4
:103400006E646E732E6367690064796E646E730018
:1034100064656C0064656C0045696E7374656C6C02
:10342000756E67656E2075656265726E6F6D6D6530
:103430006E210D0A00434D4400256420256420229E
:10344000257322004D4D00484800434D44003C6622
:103450006F726D20616374696F6E3D2263726F6E6F
:103460002E636769223E3C7461626C6520626F72F4
:103470006465723D2230222063656C6C7061646407
:10348000696E673D2235222063656C6C73706163E1
:10349000696E673D2230223E3C74723E3C7464206B
:1034A000616C69676E3D227269676874223E53746D
:1034B000756E64653C2F74643E3C74643E3C696E7A
:1034C000707574206E616D653D22484822207479C4
:1034D00070653D2274657874222073697A653D2297
:1034E00033222076616C75653D2230226D61786CE7
:1034F000656E6774683D2233223E3C2F74643E3C07
:103500002F74723E3C74723E3C746420616C696737
:103510006E3D227269676874223E4D696E757465EE
:103520003C2F74643E3C74643E3C696E707574203C
:103530006E616D653D224D4D2220747970653D228E
:1035400074657874222073697A653D22332220766F
:10355000616C75653D223022206D61786C656E6707
:1035600074683D2233223E3C2F74643E3C2F7472BB
:103570003E3C74723E3C746420616C69676E3D220F
:103580007269676874223E436F6D6D616E643C2F93
:1035900074643E3C74643E3C696E707574206E6168
:1035A0006D653D22434D442220747970653D22743F
:1035B000657874222073697A653D22333022206D4C
:1035C00061786C656E6774683D223330223E3C2F13
:1035D00074643E3C2F74723E3C74723E3C74643E94
:1035E0003C2F74643E3C74643E3C696E707574207C
:1035F000747970653D227375626D697422207661FD
:103600006C75653D222045696E747261672073692F
:10361000636865726E20223E3C2F74643E3C2F74BA
:10362000723E3C2F7461626C653E3C2F666F726D1A
:103630003E0D006164646E6577003C74723E3C74BC
:103640006420616C69676E3D226C656674223E3C45
:103650006120687265663D2263726F6E2E636769D2
:103660003F6164646E657722207374796C653D22D6
:10367000746578742D6465636F726174696F6E3AF6
:103680006E6F6E6522207469746C653D22416464BE
:10369000223E3C696E70757420747970653D2262BB
:1036A0007574746F6E222076616C75653D2261645D
:1036B00064206E65772063726F6E2220636C617385
:1036C000733D22616374696F6E42746E223E3C2FBB
:1036D000613E3C2F74643E3C2F74723E3C2F7461FB
:1036E000626C653E0D003C74723E3C746420616CFB
:1036F00069676E3D226C656674223E25733C2F74AB
:10370000643E3C746420616C69676E3D226C656642
:1037100074223E3C6120687265663D2263726F6E62
:103720002E6367693F64656C3D256422207374795C
:103730006C653D22746578742D6465636F72617485
:10374000696F6E3A6E6F6E6522207469746C653DA8
:103750002244656C223E3C696E70757420747970E9
:10376000653D22627574746F6E222076616C75659A
:103770003D2264656C2220636C6173733D2261633A
:1037800074696F6E42746E223E3C2F613E3C2F7412
:10379000643E3C2F74723E003C7461626C65206232
:1037A0006F726465723D2230222063656C6C7061BB
:1037B0006464696E673D2235222063656C6C7370AA
:1037C0006163696E673D2230223E0063726F6E2E28
:1037D000636769003C2F7072653E003C7072653E05
:1037E0000065656D656D203C70726F746563743E35
:1037F0007C3C756E70726F746563743E203C6164CE
:1038000064205B6E616D652076616C5D3E203C647A
:10381000656C205B6E616D655D3E203C7072696E0B
:10382000743E203C636C65616E3E0D0A00636C65FE
:10383000616E007072696E740064656C006164642E
:1038400000756E70726F7465637465740D0A00574D
:10385000524954455F50524F54454354004F4646D9
:1038600000756E70726F74656374005752495445E9
:103870005F50524F54454354004F4E0070726F7466
:103880006563740065656D656D2E636769006565C8
:103890006D656D0033383900E4F6FCC4D6DCDF5BBF
:1038A0005D3C3E7B7D405F232200616F75414F553B
:1038B00073283A282E282D28202B2700656565655A
:1038C0006565733A292E292D2929202B270053506D
:1038D0005241434845004346475041535300544CDE
:1038E0004E425543484F4646454E0050524F544C69
:1038F0004556454C0050524F544C4556454C544C3F
:103900004E5352560048415550545354454C4C4523
:1039100000454947454E454E554D4D45520046459B
:1039200053544548505354004D454C445255434B15
:1039300000414C5445524E4245494245530044557E
:103940005243485741484C544142004155544F441A
:103950004154554D004E45545A5255464E52005012
:10396000494E0044594E4950414B544956004E452A
:10397000545A504F52540053454C425354414E50A8
:103980004552005255464E525345525631005255FB
:10399000464E525345525632005255464E525345AA
:1039A0005256330053594E4350494E006954656C8A
:1039B0006578006954656C657820506F72742025B5
:1039C000752E0D0A006E74702E636769007364644F
:1039D00069722E636769006974656C65782D64652A
:1039E0006275672E636769006974656C65786366E4
:1039F000672D7370657272656E2E636769006974F6
:103A0000656C65786366672D65787465726E2E6384
:103A10006769006974656C65786366672D696E74A3
:103A200065726E2E636769006974656C65782D74C4
:103A30007769746C6E6C697374652E63676900696D
:103A400074656C65782D6D73672D6F75742E636763
:103A500069006974656C65782D6D73672D696E2ECC
:103A6000636769004572726F722072656164696E86
:103A700067206469726563746F727921003C61200C
:103A800068726566203D2225732F2573223E2573BB
:103A90003C2F613E20256C64203C736D616C6C3E54
:103AA0003C612068726566203D2273646469722EF1
:103AB0006367693F6469723D25732664656C3D25C3
:103AC000732F2573223E64656C6574653C2F613EDF
:103AD0003C2F736D616C6C3E3C62723E003C612019
:103AE00068726566203D222573223E25733C2F6156
:103AF0003E20256C64203C736D616C6C3E3C612003
:103B000068726566203D2273646469722E6367691A
:103B10003F64656C3D2573223E64656C6574653C4D
:103B20002F613E3C2F736D616C6C3E3C62723E00B7
:103B30003C612068726566203D2273646469722E60
:103B40006367693F6469723D25732F2573223E25A3
:103B5000733C2F613E204449523C62723E003C61FE
:103B60002068726566203D2273646469722E636703
:103B7000693F6469723D2573223E25733C2F613E87
:103B8000204449523C62723E003C2F623E20282570
:103B90006C752066726565293C62723E003C623E2F
:103BA000436F6E74656E74206F662025733A0064EF
:103BB0006972003C623E436F6E74656E74206F667E
:103BC000202F3A006469720046696C6520257320D5
:103BD0004E4F5420666F756E643C703E0046696CB3
:103BE00065202573204E4F542064656C65746564B0
:103BF0003C703E0046696C652025732064656C65E9
:103C00007465643C703E0064656C0064656C003CE7
:103C10002F613E003C6120687265663D22697465D3
:103C20006C65786366672D65787465726E2E636760
:103C300069223E006974656C65786366672D6578F6
:103C40007465726E2E636769003A202573202825FB
:103C50006429003C62723E003C62723E003A2025BC
:103C600073003C62723E003A202573003A202573AF
:103C7000003C62723E003A202573003A2025730012
:103C80003C62723E003C2F613E003C6120687265E0
:103C9000663D226974656C65786366672D696E742C
:103CA00065726E2E636769223E006974656C657883
:103CB0006366672D696E7465726E2E636769003C7A
:103CC0002F613E3C2F666F726D3E0020223E3C61AC
:103CD00020687265663D226974656C65782D6D7328
:103CE000672D6F75742E6367692220746172676532
:103CF000743D224D73674F7574223E003C696E70AF
:103D00007574206E616D653D2245696E67616265FF
:103D10002220747970653D2274657874222073695D
:103D20007A653D223635222076616C75653D22220A
:103D3000206D61786C656E6774683D223635223E71
:103D40003C696E70757420747970653D227375627C
:103D50006D6974222076616C75653D22003C666F4A
:103D6000726D20616374696F6E3D226974656C6564
:103D7000782D6D73672D696E2E636769223E00484A
:103D8000544D4C2D43686174206265676F6E6E659B
:103D90006E2028416E7761686C20257529202D3EA4
:103DA00020000D0A0048544D4C2D43686174204595
:103DB000696E676162653A20000D0A0045696E67A9
:103DC0006162650044757263687761686C20696E32
:103DD00020546162656C6C6520676566756E64650C
:103DE0006E2025750D0A0044757263687761686CF2
:103DF0002061757320546162656C6C6520756D6718
:103E0000657365747A742025750D0A0044757263B4
:103E1000687761686C2D416E6672616765202575F3
:103E20000D0A006954656C657828253575293A2096
:103E300000446972656B74647275636B20416272D1
:103E4000756620447275636B7370696567656C2075
:103E50002862656C656774290D0A00446972656B98
:103E600074647275636B204162727566204472756A
:103E7000636B7370696567656C2028617573290DC4
:103E80000A0020282575290D0A00446972656B74A3
:103E9000647275636B20416272756620447275634B
:103EA0006B7370696567656C3A003C62723E3C708A
:103EB00072653E2573266C743B266C743B266C74CD
:103EC0003B257325733C2F7072653E003C48544D72
:103ED0004C3E3C484541443E3C6D657461206874ED
:103EE00074702D65717569763D22657870697265AB
:103EF000732220636F6E74656E743D2231223E3CE6
:103F00006D65746120687474702D65717569763D96
:103F100022707261676D612220636F6E74656E74CA
:103F20003D226E6F2D6361636865223E3C6D657452
:103F30006120687474702D65717569763D227265B3
:103F400066726573682220636F6E74656E743D22BD
:103F500031303B2055524C3D6974656C65782D6D50
:103F600073672D6F75742E636769223E3C2F484539
:103F700041443E3C424F44593E003C62723E3C61EB
:103F800020687265663D226974656C65782D64658C
:103F90006275672E6367693F7265736574223E536D
:103FA000746174696B74696B2D446174656E207AF9
:103FB00075722675756D6C3B636B7365747A656E8F
:103FC0003C2F613E3C62723E45746865726E65745A
:103FD0003A20256C6420427974657320696E20252F
:103FE0006C64205061636B6574656E204C6F636B0D
:103FF0004572726F727320256C640D0A003C627208
:104000003E54696D65723043616C6C6261636B5FD5
:104010004D6178203D202575003C62723E54696DEB
:10402000657230436E745F4D6178203D20257500C8
:104030003C62723E54696D657230436E745F4D69C7
:104040006E203D202575003C62723E54696D65729C
:104050003043616C6C6261636B436F756E74203DBD
:10406000202575003C62723E4954656C6578546841
:1040700072656164436F756E74203D202575003C48
:1040800062723E547769497372436F756E74203D56
:10409000202575003C62723E46616C7363686572F0
:1040A000436F6465203D202575003C62723E4B7570
:1040B000727A54696D657256616C28264954656C34
:1040C0006578546872656164436865636B54696DB3
:1040D000657229203D202575003C62723E4B757249
:1040E0007A54696D657256616C28266954656C65F1
:1040F00078536F636B65744C6562656E737A65693E
:104100006368656E54696D657229203D20257500D0
:104110003C62723E4275734B6F6C6C6973696F6E73
:104120005A6165686C6572203D202575003C62729D
:104130003E5477695761746368646F67436F756E47
:1041400074203D202575003C62723E5477694C65B1
:1041500062656E737A65696368656E5A6165686CDD
:104160006572203D202575003C62723E4B75727A67
:1041700054696D657256616C282642757351756974
:10418000747454696D657229203D202575005D00A9
:104190005D3C62723E4173636969447275636B5042
:1041A00075666665723A205B003C62723E48746DCB
:1041B0006C53656E6465546578743A205B003C62AC
:1041C000723E536F636B6574416E7A61686C5A65B9
:1041D000696368656E456D7066616E67656E203DEA
:1041E000202575003C62723E536F636B6574416EAF
:1041F0007A61686C5A65696368656E517569747433
:1042000069657274203D202575003C62723E536FD3
:10421000636B6574416E7A61686C5A656963686541
:104220006E476573656E646574203D202575003C9E
:1042300062723E50726F746F6B6F6C6C506861731A
:1042400065203D202575003C62723E6954656C65B1
:1042500078536F636B657450726F746F6B6F6C6CB7
:10426000203D202575003C62723E536F636B657480
:104270004F757442756655736564203D2025750041
:104280003C62723E536F636B6574496E427566554E
:10429000736564203D202575003C62723E4B75724B
:1042A0007A54696D657256616C28266954656C652F
:1042B00078536F636B6574416262727563685469A9
:1042C0006D657229203D202575003C62723E69545F
:1042D000656C6578536F636B6574416262617547A5
:1042E00065706C616E74203D202575003C62723EE5
:1042F0006954656C6578536F636B65744950203DF4
:104300002025303258003C62723E6954656C6578F5
:10431000536F636B657448616E646C65203D202546
:1043200075003C62723E6954656C6578536F636BCF
:1043300065744D6F6465203D202575003C62723EBA
:1043400053656C627374416E7275665A6569745513
:104350006562657277616368756E673A20003C62DA
:10436000723E53656C627374416E72756646656821
:104370006C65725A6165686C6572203D2025750018
:104380003C62723E53656C627374416E7275664531
:104390006D7066616E6750727565667765727420C0
:1043A0003D202575003C62723E53656C627374411A
:1043B0006E72756653656E64655072756566776575
:1043C0007274203D202575003C62723E53656C621C
:1043D0007374416E727566536F636B657448616E7A
:1043E000646C65203D202575003C62723E4B757201
:1043F0007A54696D657256616C282653656C6273D8
:1044000074416E72756654696D657229203D202570
:1044100075003C62723E53656C627374416E7275D6
:10442000665068617365203D202575003C62723ED0
:1044300044796E4950416B7475616C69736965723A
:10444000756E67456E647A656974203D2025750038
:104450003C62723E4C616E6754696D657256616C68
:10446000282644796E4950416B7475616C69736993
:104470006572756E6754696D657229203D202575DA
:10448000003C62723E537461747573203D20253088
:104490003258003C62723E4D6F647573203D20259A
:1044A00075003C62723E5465696C6E65686D65723C
:1044B0005365727665724665686C65725A616568A7
:1044C0006C657228257329203D2025642C205370AB
:1044D000657272652D54696D6572202564003C62B9
:1044E000723E5465696C6E65686D6572536572766F
:1044F0006572416C6C654E6963687445727265697A
:104500006368626172203D202575003C62723E50F6
:10451000726F746F6B6F6C6C7075666665723A2043
:104520002573003C62723E50726F746F6B6F6C6CDF
:1045300064617465693A202573003C62723E446987
:1045400061676E6F73655075666665724C657665FA
:104550006C203D20257500446961676E6F7365505E
:1045600075666665723A202573007265736574001E
:10457000656E006465000D0A006367692D4175660C
:104580007275663A200073707200006B656E6E770C
:1045900000536F636B6574207A756D205465696C88
:1045A0006E65686D65722D536572766572207775DC
:1045B00072646520766F6E20476567656E737465FB
:1045C0006C6C652067657363686C6F7373656E0DE3
:1045D0000A002120756E65727761727465746520BA
:1045E000416E74776F727420646573205465696CD2
:1045F0006E65686D65722D536572766572730D0A0E
:10460000000D0A0021204665686C65726D656C645A
:10461000756E6720646573205465696C6E65686D9E
:1046200065722D536572766572733A20000D0A002B
:1046300044796E616D69736368652049502D416BE3
:104640007475616C6973696572756E673A206E6521
:104650007565204950200044796E616D6973636807
:10466000652049502D416B7475616C697369657281
:10467000756E673A20626573746568656E6465205F
:1046800049502067696C74207765697465720D0AFA
:10469000002120446174656E7361747A20766F6DB9
:1046A000205465696C6E65686D65722D5365727610
:1046B0006572206D6974204E7220256C64206B6FCA
:1046C0006E6E7465206E69636874206765737065CB
:1046D0006963686572742077657264656E0D0A009F
:1046E0002120696D206C6F6B616C656E2054656C68
:1046F00065666F6E6275636820616C732027507207
:1047000069766174272067656B656E6E7A6569638B
:10471000686E65740D0A0021205465696C6E6568C9
:104720006D65722D536572766572206D656C64657A
:104730007420414E44455245204E756D6D65722082
:10474000616C7320616E676566726167740D0A0043
:104750000D0A005465696C6E65686D65722D536550
:1047600072766572206D656C6465742045696E743F
:1047700072616720676566756E64656E3A200054E5
:1047800065696C6E65686D65722D536572766572CC
:10479000206D656C64657420276E6963687420679A
:1047A0006566756E64656E270D0A000D0A00256446
:1047B00029005465696C6E65686D65722D5365726C
:1047C00076657220456D7066616E673A20282564B3
:1047D0002F0053656C6273742D416E7275662D5394
:1047E0006F636B65742064757263682054696D65CE
:1047F0006F75742067657363686C6F7373656E2182
:104800000D0A0053656C627374616B7475616C6939
:1048100073696572756E6700212053656C627374ED
:104820002D416E727566204B45494E204563686F79
:1048300020656D7066616E67656E2E0D0A00212021
:1048400053656C6273742D416E72756620414247E8
:104850004542524F4348454E20776567656E204D6F
:104860006F6475732D5765636873656C2E0D0A0050
:10487000212053656C6273742D416E7275662046FB
:10488000414C5343484520446174656E20656D700A
:1048900066616E67656E2E0D0A002A2053656C6294
:1048A00073742D416E727566206572666F6C6772E7
:1048B0006569636820616267657363686C6F7373B1
:1048C000656E2E0D0A00212053656C6273742D41B4
:1048D0006E72756620446174656E2D53656E6475E5
:1048E0006E6720564552534147542E0D0A005365BA
:1048F0006C6273742D416E72756620446174656ECE
:1049000020676573656E6465742E0D0A002120535F
:10491000656C6273742D416E727566206F65666694
:104920006E656E2064657320536F636B65742056EB
:104930004552534147542E0D0A004772756E6473F9
:1049400074656C6C756E67206572726569636874F6
:104950002028536F636B65742067657363686C6FA1
:104960007373656E2C205457492067657363686CB8
:104970006F7373656E290D0A005265737465206745
:1049800065647275636B74202D2D3E2041757373C1
:104990006368616C74756E6720696E7465726E0D04
:1049A0000A0048544D4C2D436861742D527568655A
:1049B000202D2D3E20417573736368616C74756E94
:1049C0006720696E7465726E0D0A004D656C6475C2
:1049D0006E6773647275636B202D3E20000D0A0AAA
:1049E0000A005461737465206765647275636B7443
:1049F000202D2D3E2052657374652D447275636BB6
:104A0000206162676562726F6368656E0D0A003AC5
:104A100020253032752E253032752E253034752004
:104A2000253032753A253032753A253032750D0A07
:104A3000000D0A002A204162626175207765676572
:104A40006E203130204D696E7574656E2046756E2E
:104A50006B7374696C6C652E0D0A006572720D0AB9
:104A600000212054696D656F7574206265696D2041
:104A700057617274656E20617566206469652045B2
:104A8000696E736368616C747175697474756E674F
:104A90000D0A002A2054696D656F7574206265697E
:104AA0006D2057617274656E20617566206469655A
:104AB000205363686C7573737175697474756E6770
:104AC0000D0A002A2031352053656B756E64656EC2
:104AD000206E69636874206765776165686C742C03
:104AE00020416262727563680D0A006F63630D0A8C
:104AF000002120416E7761686C20696E7465726E6A
:104B000020616E20257520564552534147540D0AA9
:104B10000076657262756E64656E206D697420251D
:104B2000750D0A00416E7761686C20696E7465725C
:104B30006E2025752000416E6765727566656E652D
:104B40007220686174206765616E74776F72746536
:104B500074202D3E2045696E736368616C74756EB8
:104B60006720696E7465726E0D0A002120494C4CF5
:104B70004547414C45532050726F746F6B6F6C6C9E
:104B80000D0A0021205457492D54696D656F7574C5
:104B9000202D3E204162736368616C74756E670DF1
:104BA0000A0054574920417573736368616C7475CA
:104BB0006E6720696E7465726E0D0A002120536362
:104BC000686C7573737175697474756E67206F683E
:104BD0006E6520417566666F72646572756E670DED
:104BE0000A0054574920417573736368616C74758A
:104BF0006E67207175697474696572740D0A00546A
:104C000065696C6E65686D657220256C7520696DCF
:104C100020656967656E656E2054656C65666F6EAC
:104C20006275636820676566756E64656E2E0D0A31
:104C300000545749205761686C7A6966666572202E
:104C4000257520696E7465726E202F206765686512
:104C50006E640D0A00545749205761686C6175668F
:104C6000666F72646572756E6720696E7465726EC8
:104C7000202F206B6F6D6D656E640D0A00545749CF
:104C80002045696E736368616C74717569747475BD
:104C90006E67206E616368204D656C64756E677326
:104CA000647275636B0D0A005457492045696E7331
:104CB0006368616C747175697474756E67206E6178
:104CC000636820426567696E6E2048544D4C2D43E1
:104CD0006861740D0A005457492045696E73636812
:104CE000616C747175697474756E6720696E746532
:104CF000726E202F206B6F6D6D656E640D0A00540F
:104D000057492045696E736368616C746B6F6D6D94
:104D1000616E646F20696E7465726E202F20676506
:104D200068656E640D0A00545749205265736572B8
:104D300076696572756E6720696E7465726E202F74
:104D400020676568656E6420766F6E2025750D0A94
:104D500000253032752E253032752E2530347520E1
:104D600020253032643A253032640D0A002A206949
:104D70002D54656C65782D426C696E64736F636B3E
:104D800065742073656C6273742067657472656EF8
:104D90006E740D0A002A206954656C65782D426C8A
:104DA000696E64736F636B657420777572646520D8
:104DB000766F6E20476567656E7374656C6C6520F1
:104DC00067657472656E6E740D0A0021205A45493C
:104DD00054554542455253434852454954554E4710
:104DE00020626569205769656465726175666E61E8
:104DF000686D65206465722056657262696E6475BF
:104E00006E670D0A0021204D6568726661636865F2
:104E1000204645484C4552206265696D2053656EB9
:104E200064656E20696E73204E65747A2C20536F12
:104E3000636B6574207769726420766F7275656242
:104E40006572676568656E642067657363686C6F1B
:104E50007373656E0D0A002F253032580D0A00203D
:104E600053756D416E7A202575002C205265737440
:104E700020257500202D2D3E2052657320256400CD
:104E8000536F636B65742053656E64756E673A206B
:104E900028257529005769656465722D4F6566661A
:104EA0006E756E672064657320536F636B65742045
:104EB0006572666F6C6772656963682E0D0A002102
:104EC000205769656465722D4F6566666E756E67FD
:104ED0002064657320536F636B657420564552538D
:104EE0004147542E0D0A00202D2D3E204275665557
:104EF0007365642025750D0A0025642900536F63CE
:104F00006B657420456D7066616E673A2028256474
:104F10002F006C696D697469657274206175662013
:104F200025640D0A002120536F636B657420456D65
:104F30007066616E672064726F68656E646572206A
:104F400055656265726C6175663A20456D70666183
:104F50006E6720766F6E2025642000536F636B654B
:104F600074207769726420616B7469762067657359
:104F700063686C6F7373656E0D0A00536F636B65C6
:104F80007420777572646520766F6E20476567655B
:104F90006E7374656C6C652065727761727465748C
:104FA0002067657363686C6F7373656E0D0A00210B
:104FB00020536F636B657420777572646520766F1C
:104FC0006E20476567656E7374656C6C6520474538
:104FD0005452454E4E540D0A00536F636B65742056
:104FE000777572646520766F6E20476567656E73AE
:104FF00074656C6C65206572776172746574206786
:10500000657363686C6F7373656E0D0A00212053BE
:105010006F636B657420777572646520766F6E20A0
:10502000476567656E7374656C6C6520554E4552B7
:105030005741525445542067657363686C6F7373AE
:10504000656E0D0A0004066F6363200D0A002021BF
:10505000202E2E2E416277656973756E672061750B
:105060006620626572656974732062657374656831
:10507000656E64656D20426C696E642D536F636B61
:1050800065742E0D0A00202A202E2E2E41424745FF
:1050900057494553454E2C2061756620426C696E18
:1050A000642D536F636B65742067656C6567740D61
:1050B0000A002C2056657262696E64756E67206204
:1050C000657374656874002C20616E646572652078
:1050D0006B6F6D6D656E64652056657262696E6496
:1050E000756E6720626573746568742100202E2ECA
:1050F0002E57696564657276657262696E64756E55
:1051000067206F6B0D0A002C20616E6465727765F5
:10511000697469672062656C65677400202E2E2EA5
:105120006E6575206F6B0D0A00202F204D414320C6
:10513000005365727665722D536F636B65742067DB
:10514000656F6566666E657420766F6E20495020C7
:10515000002534640D0A002534640053656E6441F3
:1051600020253464002534640D0A0025346400458C
:105170006D706641202531366400204B656E6E3DB2
:10518000253032580D0A00204C656E3D25640046DE
:1051900065726E6B6F6E66696720214665686C6527
:1051A0007220436F64653D2564006665726E6B6FA7
:1051B0006E666572720053656E64652050726F741E
:1051C0006F6B6F6C6C76657273696F6E2D566F7254
:1051D0007363686C61672025750D0A0050726F74E7
:1051E0006F6B6F6C6C76657273696F6E2D566F7234
:1051F0007363686C616720257520656D7066616EEC
:1052000067656E0D0A004162626175626566656878
:105210006C20766F6E20476567656E7374656C6C85
:10522000650D0A0053656E64656E42657363686C54
:1052300065756E6967656E2045494E0D0A005365B8
:105240006E64656E42657363686C65756E696765EB
:105250006E204155530D0A002534640D0A00253493
:105260006400456D706642202531366400466572E3
:105270006E6B6F6E666967204B656E6E3D256420B0
:105280006F6B0D0A002534640D0A00253464005349
:10529000656E644220253464005275666E756D6DCE
:1052A00065722D4162667261676500416266726176
:1052B000676520626569205465696C6E65686D6517
:1052C000722D5365727665726E0D0A002120696E2B
:1052D0007465726E65722056657262696E64756E71
:1052E0006773706172746E657220257520697374BE
:1052F000205343484F4E20465245492E0D0A002167
:1053000020696E7465726E65722056657262696E90
:1053100064756E6773706172746E65722025752096
:105320004E49434854204D45485220455252454924
:1053300043484241522E0D0A00212045696E736395
:1053400068616C74756E6720696E7465726E205644
:105350004552534147540D0A0045696E73636861B5
:105360006C74756E6720696E7465726E0D0A000D3F
:105370000A00202020202020676577616E64656C1C
:105380007420696E3A200020282B2575290D0A000B
:1053900041736369692D56657261726265697475DE
:1053A0006E673A200020756E642056657273696FCF
:1053B0006E2025750D0A00436C69656E742D536F60
:1053C000636B6574206954656C6578206572666FDF
:1053D0006C6772656963682067656F6566666E6590
:1053E00074202D3E2073656E646520447572636879
:1053F0007761686C20257500436C69656E742D5368
:105400006F636B6574204173636969206572666FB1
:105410006C6772656963682067656F6566666E654F
:1054200074202D3E2045696E736368616C742D5144
:1054300075697474756E6720616E205457490D0A42
:10544000002120436C69656E742D536F636B657426
:10545000206B6F6E6E7465206E6963687420657270
:1054600073746D616C69672067656F6566666E65EC
:10547000742077657264656E0D0A002A2054656990
:105480006C6E65686D6572206973742047454C4F7A
:1054900045534348540D0A00436C69656E742D539F
:1054A0006F636B657420534D5450206572666F6C4A
:1054B0006772656963682067656F6566666E6574A7
:1054C000202D3E2045696E736368616C742D5175A3
:1054D000697474756E6720616E205457490D0A0017
:1054E000206E6963687420676566756E64656E0D0D
:1054F0000A0021204950207A7520486F73746E612C
:105500006D65200020506F72742025750D0A0020F3
:105510003D200056657262696E64756E67736175D1
:1055200066626175207A7520486F73746E616D656F
:10553000200020506F72742025750D0A0056657288
:1055400062696E64756E6773617566626175207AF3
:10555000752049502000204665686C65727A616547
:10556000686C65722076657272696E676572742008
:105570006175662025640D0A005465696C6E656866
:105580006D65722D536572766572200020466568E0
:105590006C65727A6165686C6572206572686F65AA
:1055A0006874206175662025640D0A005465696C75
:1055B0006E65686D65722D5365727665722000297F
:1055C0002E0D0A00204950206E69636874206265C0
:1055D0006B616E6E7420284F6566666E756E67200F
:1055E00066756572200021205465696C6E65686D72
:1055F00065722D53657276657220002E0D0A0020AB
:105600004745534348454954455254206675657291
:105610002000212056657262696E64756E6773762C
:1056200065727375636820616E205465696C6E6580
:10563000686D65722D53657276657220002E0D0AB5
:10564000002068657267657374656C6C742066759C
:105650006572200056657262696E64756E672061BE
:105660006E205465696C6E65686D65722D53657248
:105670007665722000290D0A0020776567656E2027
:105680004665686C65726E206E6F6368206765732F
:10569000706572727420284F6566666E756E67203D
:1056A0006675657220002A205465696C6E65686DA8
:1056B00065722D5365727665722000576563687355
:1056C000656C206E616368204D6F64757320507542
:1056D00066666572447275636B556E645363686C7D
:1056E0007573732028766F6E202564290D0A005784
:1056F00065636873656C206E616368204D6F6475C7
:105700007320527568652028766F6E202564290DF8
:105710000A002120526573657420776567656E20E5
:105720006E696368742D41756672756620766F6E5A
:10573000206974656C65785F746872656164282996
:105740000D0A0053756D6D652F416E7A203D202541
:105750006C752F257520204D6178203D2025752002
:1057600020416E7A55656265724772656E7A652072
:105770003D202575006974656C65782D746C6E76B6
:1057800065727A2E63676900202F20253032580D0C
:105790000A006954656C65783A202120456570726D
:1057A0006F6D204C6164656665686C657220256468
:1057B000003C62723E61726763203D2025642C20AC
:1057C0006172677631203D202573003C2F623E3C9C
:1057D00062723E003C623E002025733C62723E00D5
:1057E0003A20002025753C62723E00202573202857
:1057F0002575293C62723E0020257520003C6272AE
:105800003E003C62723E003C62723E003A202573CC
:105810003C62723E003C62723E003C696E70757480
:10582000206E616D653D22616C746E756D6D657283
:105830002220747970653D2268696464656E222057
:1058400076616C75653D22256C64223E0069746545
:105850006C65782D746C6E7665727A2E636769005C
:10586000616200736F7274006C6F616400636C65D9
:105870006172007361766500646174756D006C6FB0
:10588000636B006C6F63616C0074797065006475A4
:105890007263687761686C00706F72740061647223
:1058A00065737365006E616D6500616C746E756D16
:1058B0006D6572006E756D6D65720065646974006A
:1058C000616C6C657A656967656E003C2F74616216
:1058D0006C653E003C2F7461626C653E3C2F666FC8
:1058E000726D3E003C2F666F726D3E003C2F613E34
:1058F0003C2F74643E3C2F74723E3C2F7461626C8A
:10590000653E003C74723E3C74643E262331363062
:105910003B3C2F74643E3C74643E26233136303B5E
:105920003C2F74643E3C74643E26233136303B3C4D
:105930002F74643E3C74643E26233136303B3C2F4A
:1059400074643E3C74643E26233136303B3C2F74F5
:10595000643E3C74643E26233136303B3C2F7464F5
:105960003E3C74643E26233136303B3C2F74643E0B
:105970003C74643E26233136303B3C2F74643E3CFD
:1059800074643E3C6120687265663D226974656C92
:1059900065782D746C6E7665727A2E6367693F65E3
:1059A0006469743D30223E003C74643E26233136E7
:1059B000303B3C2F74643E3C2F74723E003C2F61A0
:1059C0003E3C2F74643E3C2F74723E003C74643E37
:1059D0003C6120687265663D226974656C65782D4E
:1059E000746C6E7665727A2E6367693F656469745C
:1059F0003D256C64223E003C746420616C69676ED6
:105A00003D2263656E746572223E253032752E2507
:105A10003032752E2530347520253032643A2530E9
:105A200032643A253032643C2F74643E003C2F745B
:105A3000643E3C74643E26233136303B3C2F746414
:105A40003E3C74643E26233136303B3C2F74643E2A
:105A50003C74643E26233136303B3C2F74643E0058
:105A60003C2F74643E3C746420616C69676E3D2217
:105A70006C656674223E25733C2F74643E3C7464EE
:105A800020616C69676E3D2263656E746572223EAB
:105A900026233136303B3C2F74643E3C74643E26F2
:105AA000233136303B3C2F74643E003C2F74643EFF
:105AB0003C746420616C69676E3D226C656674227B
:105AC0003E25733C2F74643E3C746420616C6967AE
:105AD0006E3D2263656E746572223E25753C2F749F
:105AE000643E3C74643E26233136303B3C2F746464
:105AF0003E003C2F74643E3C746420616C69676EA8
:105B00003D226C656674223E3C6120687265663D8C
:105B100022687474703A2F2F257322207461726783
:105B200065743D225F626C616E6B223E25733C2F73
:105B3000613E3C2F74643E3C746420616C69676E06
:105B40003D2263656E746572223E25753C2F746438
:105B50003E3C746420616C69676E3D2263656E74BF
:105B60006572223E25733C2F74643E003C2F7464A2
:105B70003E3C746420616C69676E3D226C6566749E
:105B8000223E002000200020003C746420616C69EB
:105B9000676E3D226C656674223E25733C2F7464EB
:105BA0003E3C74643E26233136303B003C74723EEA
:105BB0003C746420616C69676E3D226C656674227A
:105BC0003E256C643C2F74643E003C2F613E3C6279
:105BD000723E003C6120687265663D226974656CA6
:105BE00065782D746C6E7665727A2E6367693F6195
:105BF0006C6C657A656967656E223E003C666F7203
:105C00006D20616374696F6E3D226974656C65789F
:105C10002D746C6E7665727A2E636769223E006F12
:105C20006666006F6E003A202575003A20257500E3
:105C30003C62723E003A20256C75003A20256C7556
:105C4000003C62723E003A202573003A2025730022
:105C50003C62723E00223E3C2F74643E3C2F7472C4
:105C60003E3C2F7461626C653E3C2F666F726D3EE8
:105C7000003C74723E3C74643E3C2F74643E3C7441
:105C8000643E3C696E70757420747970653D227352
:105C900075626D6974222076616C75653D22003CE9
:105CA0002F73656C6563743E3C2F74643E003C2F1B
:105CB0006F7074696F6E3E003C6F7074696F6E3EFA
:105CC000003C6F7074696F6E2073656C65637465FA
:105CD000643E00222073697A653D2231223E003AFB
:105CE0003C2F74643E3C74643E3C73656C65637425
:105CF000206E616D653D22003C74723E3C746420F0
:105D0000616C69676E3D227269676874223E003E6D
:105D10003C2F74643E3C2F74723E002063686563C0
:105D20006B6564002220747970653D226368656349
:105D30006B626F78222076616C75653D223122009E
:105D40002220747970653D2274657874222073690D
:105D50007A653D222564222076616C75653D222599
:105D60007322206D61786C656E6774683D222564CE
:105D7000223E3C2F74643E3C2F74723E00222074FD
:105D80007970653D2274657874222073697A653D67
:105D9000222564222076616C75653D22256C752272
:105DA000206D61786C656E6774683D222564223EC3
:105DB0003C2F74643E3C2F74723E003A3C2F746456
:105DC0003E3C74643E3C696E707574206E616D6516
:105DD0003D22003C74723E3C746420616C69676EC5
:105DE0003D227269676874223E00223E3C74616203
:105DF0006C6520626F726465723D2230222063659B
:105E00006C6C70616464696E673D22352220636545
:105E10006C6C73706163696E673D2230223E003C9A
:105E2000666F726D20616374696F6E3D22006F6EE4
:105E300000202530325800253032643A2530326453
:105E40003A253032642C253032643A200066617481
:105E50005F77726974655F66696C652076657273D9
:105E6000616774006661745F77726974655F666903
:105E70006C652076657273616774000D0A2B2B2B9D
:105E80002B2B2B20253032752E253032752E2530C8
:105E90003475202B2B2B2B2B2B0D0A006661745F86
:105EA0006F70656E5F66696C6520646572206E65F3
:105EB00075656E20446174656920766572736167EB
:105EC00074206675657220006661745F6372656137
:105ED00074655F66696C65207665727361677420AE
:105EE0006675657220006661745F6F70656E5F64D1
:105EF0006972206465732048617570747665727A82
:105F0000656963686E697320766572736167740092
:105F10006661745F6765745F6469725F656E7472F1
:105F2000795F6F665F706174682064657320486193
:105F30007570747665727A656963686E69732076C8
:105F40006572736167740070726F745F25303475A9
:105F50002D253032752D253032755F253032642D78
:105F6000253032642E747874006661745F736565E1
:105F70006B5F66696C652076657273616774005447
:105F80006C6E537276006954656C657820546C6E43
:105F900053657276657220506F72742025752E0DD0
:105FA0000A003C62723E566F6C6C416266726167B9
:105FB00065536572766572496E646578203D20256B
:105FC00075003C62723E566F6C6C4162667261672E
:105FD0006554696D6572456E6465203D20257500C8
:105FE0003C62723E4C616E6754696D657256616CBD
:105FF0002826566F6C6C4162667261676554696DE4
:10600000657229203D202575003C62723E53796EF1
:10601000635761727465456E6465203D2025750087
:106020003C62723E4B75727A54696D657256616C52
:10603000282653796E63576172746554696D657271
:1060400029203D202575003C62723E546C6E4275DD
:1060500063684C65747A746541656E646572756ECB
:1060600067203D20253032752E253032752E2530A3
:10607000347520253032643A253032643A25303286
:106080006400204D6F6D656E74616E206765266FCC
:10609000756D6C3B66666E65742028536F636B6527
:1060A0007449443D25642C204C69737465496478B7
:1060B0003D25642C2046726569676162653D2564F3
:1060C0002C204175736761626547657374617274F2
:1060D00065743D25642C20416E7A61686C416B7457
:1060E00075616C6973696572743D25642C20466521
:1060F000727469673D25642C2054696D656F7574F1
:10610000636F756E7465723D256429003C62723E52
:10611000546C6E5365727665724B616E616C2025AE
:106120006420777572646520256C75206D616C2024
:1061300067656E75747A742E003C62723E546C6EA4
:106140005365727653796E6353746963687A6569CF
:106150007428257329203D20253032752E253032B4
:10616000752E2530347520253032643A253032645E
:106170003A253032640021202E2E2E4142474557C9
:10618000494553454E20776567656E20616C6C65A7
:106190002062657365747A740D0A00202E2E2E6FAE
:1061A0006B0D0A00202F204D41432000536572766D
:1061B00065722D536F636B65742067656F656666E6
:1061C0006E657420766F6E20495020006F63637592
:1061D00070696564002A205363686C696573736530
:1061E0006E2064657320536F636B6574206E61630A
:1061F000682054696D656F75740D0A002120536F16
:10620000636B657420777572646520766F6E2047C6
:106210006567656E7374656C6C6520554E455257A5
:1062200041525445542067657363686C6F7373659E
:106230006E0D0A00536F636B657420777572646529
:1062400020766F6E20476567656E7374656C6C654C
:106250002067657363686C6F7373656E0D0A000D5C
:106260000A0021204572726F722000756E6B6E6F8E
:10627000776E20636F64652025303258000D0A0068
:106280004665686C65726D656C64756E6720656DDA
:106290007066616E67656E2C20536F636B6574204A
:1062A000776972642067657363686C6F7373656E7A
:1062B0003A2000206D697420256420676561656E51
:1062C00064657274656E202F20616B7475616C69F2
:1062D0007369657274656E2045696E747261656775
:1062E000656E0D0A00566F6C6C616266726167655F
:1062F000206572666F6C67726569636820626565A8
:106300006E64657400456E6465204B656E6E756ED7
:106310006720656D7066616E67656E2C20536F63D4
:106320006B657420776972642067657363686C6F4E
:106330007373656E0D0A00756E65787065637465BC
:10634000642061636B6E6F776C65646765006E6F68
:106350002061757468656E74696669636174696FDC
:106360006E0077726F6E672061757468656E746910
:106370006669636174696F6E006C6F67696E206E29
:106380006F7420656E6F75676820646174613A2070
:1063900025750077726F6E672061757468656E741D
:1063A000696669636174696F6E006C6F67696E20FE
:1063B0006E6F7420656E6F75676820646174613AF2
:1063C00020257500446174656E7361747A20766F60
:1063D0006D205465696C6E65686D65722D536572CC
:1063E000766572206D6974204E7220256C7520656B
:1063F0006D7066616E67656E2C206B65696E6520D9
:1064000041656E646572756E670D0A0021207665C0
:1064100072616C746574657220446174656E736139
:10642000747A20766F6D205465696C6E65686D6551
:10643000722D536572766572206D6974204E7220DC
:10644000256C7520656D7066616E67656E0D0A005E
:106450002A20446174656E7361747A20766F6D20B2
:106460005465696C6E65686D65722D5365727665ED
:1064700072206D6974204E7220256C7520656D70D8
:1064800066616E67656E20756E6420676573706502
:10649000696368657274200D0A0061626F7274002E
:1064A0002120446174656E7361747A20766F6D206B
:1064B0005465696C6E65686D65722D53657276659D
:1064C00072206D6974204E7220256C75206B6F6E82
:1064D0006E7465206E6963687420676573706569A2
:1064E00063686572742077657264656E0D0A006E6C
:1064F0006F2061757468656E74696669636174693B
:106500006F6E00757064617465206E6F7420656EC7
:106510006F75676820646174613A202575002A20D0
:106520002E2E2E6E6963687420676566756E6465CD
:106530006E206F6465722067657370657272740D8A
:106540000A00202E2E2E676566756E64656E0D0A34
:10655000004162667261676520656D7066616E6795
:10656000656E2E204E756D6D657220256C753A2016
:106570000072657175657374206E6F7420656E6F3F
:1065800075676820646174613A202575000D0A0002
:1065900021206162676577696573656E6520416E6C
:1065A00066726167652077617220766F6E20495050
:1065B0002000666F7262696464656E00506F727469
:1065C0002025750D0A00417574682025752000414D
:1065D0006B7475616C6973696572756E6720656D42
:1065E0007066616E67656E2E204E756D6D657220EA
:1065F000256C752000757064617465206E6F742061
:10660000656E6F75676820646174613A2025750056
:106610000D0A002120756E657277617274657420B1
:10662000776567656E204665727469673D5452559B
:10663000450D0A0025642900536F636B657420457E
:106640006D7066616E673A2028256C642F002120EA
:106650004E65756572205465696C6E65686D65720E
:1066600020256C75206B6F6E6E7465206E69636893
:1066700074206765737065696368657274207765F7
:106680007264656E0D0A0020506F727420257520AB
:10669000286E6F6368206765737065727274212954
:1066A0000D0A005465696C6E65686D657220256C15
:1066B00075206572666F6C67726569636820616ECC
:1066C00067656C6567743A20495020002120416558
:1066D0006E646572756E67205465696C6E65686D71
:1066E000657220256C75206B6F6E6E7465206E6907
:1066F0006368742067657370656963686572742088
:1067000077657264656E0D0A0020506F72742025E3
:10671000750D0A005465696C6E65686D657220259B
:106720006C75206572666F6C67726569636820615D
:106730006B7475616C6973696572743A2049502095
:10674000005465696C6E65686D657220256C7520F6
:106750007363686F6E20766F7268616E64656E2C0D
:1067600020756E76657261656E646572746520442D
:106770006174656E0D0A0021205465696C6E656850
:106780006D657220256C75207363686F6E20766F5F
:106790007268616E64656E2C20616265722066614C
:1067A0006C736368652050696E20676573656E64FD
:1067B00065740D0A0021205465696C6E65686D650D
:1067C0007220256C75207363686F6E20766F726817
:1067D000616E64656E2C2061626572206E6963680B
:1067E0007420547970202764796E616D69736368D1
:1067F000270D0A002A205465696C6E65686D657204
:1068000020256C75207363686F6E20766F726861E7
:106810006E64656E2C2061626572206E6F63682005
:106820006E6963687420667265696765676562652D
:106830006E0D0A0021205465696C6E65686D657285
:1068400020256C75207363686F6E20766F726861A7
:106850006E64656E2C2061626572204C4F4B414C1A
:106860000D0A002A205275666E756D6D65722025C1
:106870006C75207A752077656E6967205A6966663F
:1068800065726E0D0A00546C6E537276282D293A8B
:1068900020003F293A20002563293A2000546C6EDD
:1068A0005372762825642C0053656E646520456E0E
:1068B00064652D4B656E6E756E672064657220543D
:1068C00065696C6E65686D65722D45696E7472617F
:1068D0006567650D0A0053656E6465205465696CD3
:1068E0006E65686D65722D45696E747261672025ED
:1068F0006C750D0A00416C732067656C6F6573637E
:106900006874206D61726B6965727465722054657C
:10691000696C6E65686D65722D45696E747261672C
:1069200020256C75207565626572737072756E676F
:10693000656E0D0A0053746172746520417573674A
:1069400061626520646572205465696C6E65686D6E
:1069500065722D45696E7472616567650D0A002167
:106960002053656E64756E6720776172204E4943CF
:10697000485420564F4C4C535441454E4449470DC2
:106980000A0021204D65687266616368652046656E
:10699000686C6572206265696D2053656E64656E12
:1069A00020696E73204E65747A2C20536F636B657B
:1069B0007420776972642067657363686C6F7373A2
:1069C000656E0D0A00202D2D3E2052657320256432
:1069D0000D0A00536F636B65742053656E64756EAA
:1069E000673A2028256C752900436C69656E742D03
:1069F000536F636B65742067656F6566666E65745B
:106A0000207A7572204175736761626520646572D2
:106A100020676561656E64657274656E2054656992
:106A20006C6E65686D65722D45696E74726165671F
:106A3000650D0A0053796E632D4D656C64756E6744
:106A400000436C69656E742D536F636B65742067CA
:106A5000656F6566666E65742C20566F6C6C61623E
:106A60006672616765206265676F6E6E656E0D0A9E
:106A700000566F6C6C6162667261676500504F50C2
:106A800053455256455200534D5450534552564566
:106A90005200454D41494C41445200454D41494CFD
:106AA0005041535300454D41494C41424652544197
:106AB0004B5400454D41494C46494C5445524B4579
:106AC0004E4E554E47006974656C65786366672D58
:106AD000656D61696C2E6367690030003C2F613E13
:106AE000003C6120687265663D226974656C65785A
:106AF0006366672D656D61696C2E636769223E0070
:106B00006974656C65786366672D656D61696C2E67
:106B100063676900515549540D0A000D0A2E0D0A8C
:106B200000515549540D0A00202B54582B0D0A0DC5
:106B30000A003E0D0A436F6E74656E742D547970B1
:106B4000653A20746578742F706C61696E3B2063C0
:106B50006861727365743D75732D61736369690D46
:106B60000A5375626A6563743A20003E0D0A546FD9
:106B70003A3C0046726F6D3A3C00444154410D0A64
:106B8000003E0D0A005243505420544F3A3C003E00
:106B90000D0A004D41494C2046524F4D3A3C000DE4
:106BA0000A656D61696C20746F3A0D0A000D0A0068
:106BB0000D0A0041555448204C4F47494E0D0A00DC
:106BC00045484C4F206954656C6578206D61696C4F
:106BD00020636C69656E740D0A006954656C657894
:106BE00020534D54503A2021204665686C65726DE3
:106BF000656C64756E673A20006954656C65782031
:106C0000534D54503A202120436C69656E742D53C6
:106C10006F636B6574207A756D20534D54502D53FE
:106C20006572766572206B6F6E6E7465206E696337
:106C300068742067656F6566666E65742077657237
:106C400064656E0D0A00206E69636874206765666E
:106C5000756E64656E0D0A006954656C6578205325
:106C60004D54503A2021204950207A7520486F73A6
:106C7000746E616D6520006954656C657820504FB5
:106C8000503A202120416262727563680D0A004407
:106C9000454C4520310D0A00515549540D0A000D4F
:106CA0000A000D0A0A0A0A0044454C4520310D0A23
:106CB000002E0D0A005245545220310D0A00515544
:106CC00049540D0A00535441540D0A000D0A005056
:106CD00041535320000D0A0055534552200069547A
:106CE000656C657820504F503A2021204665686CCD
:106CF00065726D656C64756E673A20006954656CE9
:106D0000657820504F503A20436C69656E742D535E
:106D10006F636B6574207A756D205365727665724A
:106D2000206572666F6C6772656963682067656F5E
:106D30006566666E65740D0A006954656C65782039
:106D4000504F503A202120436C69656E742D536F6B
:106D5000636B6574207A756D205365727665722059
:106D60006B6F6E6E7465206E696368742067656F03
:106D70006566666E65742077657264656E0D0A00DF
:106D8000206E6963687420676566756E64656E0D54
:106D90000A006954656C657820504F503A202120D4
:106DA0004950207A7520486F73746E616D652000BC
:106DB000202E2E2E69676E6F72696572656E0D0AE0
:106DC00000202E2E2E647275636B20284765732E6B
:106DD000202575290D0A006954656C657820504F8F
:106DE000503A205A65696C655665726172626569D0
:106DF00074656E3A2000746578742F706C61696EEA
:106E000000636F6E74656E742D74797065002B74F9
:106E1000782B002B54582B007375626A65637400DD
:106E20006461746500746F0066726F6D003A005A99
:106E3000776569746572206B6F6D6D656E646572E0
:106E400020416E727566206175662062656C6567AB
:106E500074656D20692D54656C65782D536F636B77
:106E60006574005365636F6E6420696E636F6D694E
:106E70006E672063616C6C206F6E20627573792081
:106E8000692D74656C657820736F636B6574004D54
:106E90006568726661636865204665686C65722026
:106EA0006265696D2053656E64656E20696E73203E
:106EB0004E65747A004D756C7469706C65206572EE
:106EC000726F7273207768696C652073656E646990
:106ED0006E67206F6E206E6574776F726B005A65F7
:106EE0006974756562657273636872656974756EDD
:106EF0006720626569205769656465726175666EB1
:106F000061686D65206465722056657262696E64A1
:106F1000756E670054696D656F7574207768696C6C
:106F2000652077616974696E6720666F72206120E1
:106F30007265636F6E6E656374696F6E004B656931
:106F40006E205465696C6E65686D65722D5365724F
:106F50007665722065727265696368626172004E5F
:106F60006F207375627363726962657220646972FF
:106F70006563746F727920736572766572206176CD
:106F800061696C61626C65005465696C6E65686D01
:106F900065722D53657276657220776965646572D6
:106FA00020657272656963687400537562736372F9
:106FB00069626572206469726563746F72792073A7
:106FC000657276657220617661696C61626C6520BC
:106FD000616761696E004B65696E65205665726216
:106FE000696E64756E67207A756D204D61696C2DD0
:106FF0005365727665722066756572204175736798
:10700000616E67004E6F20636F6E6E656374696FAB
:107010006E20746F2073657276657220666F7220C1
:107020006F7574676F696E67206D61696C73004D71
:1070300061696C20696E20646965736572205665AC
:107040007273696F6E206E6963687420756E746503
:107050007273747565747A74004D61696C206E6F1B
:107060007420737570706F7274656420696E20741B
:107070006869732076657273696F6E005465696C18
:107080006E65686D6572206E6963687420657272E2
:1070900065696368626172005375627363726962E5
:1070A0006572206E6F7420617661696C61626C65D7
:1070B00000416E7363686C75737320696E746572DA
:1070C0006E2062657365747A74004C6F63616C2026
:1070D000636F6E6E656374696F6E2062757379009D
:1070E000496E7465726E652056657262696E64756C
:1070F0006E6720756E74657262726F6368656E008C
:107100004C6F7374206C6F63616C20636F6E6E657F
:107110006374696F6E00696E7465726E65204950A4
:107120003A20006C6F63616C2049503A2000446142
:1071300074756D0044617465000D0A2F2F2F696E00
:107140007465726E65206D656C64756E673A2000BB
:107150000D0A2F2F2F696E7465726E616C206D653C
:1071600073736167653A200053656C6273742D41D7
:107170006E727566206D65687266616368207665FB
:1071800072736167742C20526F757465722D4B6F2A
:107190006E66696775726174696F6E20707275656D
:1071A00066656E2E0D0A4E616368204665686C65E3
:1071B000726265686562756E672044796E616D699B
:1071C000736368652049502D416B7475616C6973F8
:1071D000696572756E672077696564657220656997
:1071E0006E736368616C74656E2E004C6F6F7062B5
:1071F00061636B2063616C6C206661696C656420FF
:10720000636F6E7374616E746C792E20436865636E
:107210006B20726F7574657220636F6E6669677537
:10722000726174696F6E2E0D0A4166746572206317
:107230006865636B2C20656E61626C65207468659F
:107240002064796E616D6963207570646174652076
:107250006F662049502061647265737320616761B5
:10726000696E2E006765776165686C7465204E7580
:107270006D6D6572206E696368742062656B616E06
:107280006E740073756273637269626572206E75E5
:107290006D626572206E6F74206B6E6F776E006921
:1072A0006E7465726E6573205275666E756D6D6570
:1072B000726E2D5665727A656963686E69732076A1
:1072C0006F6C6C00696E7465726E616C20646972BB
:1072D0006563746F7279206F7574206F66207370A8
:1072E00061636500536569746520676573706572D5
:1072F000727421204269747465204B656E6E776FDD
:1073000072742065696E676562656E0050616765BD
:10731000206C6F636B65642120456E74657220700C
:10732000617373776F726400467265696765626541
:107330006E00556E6C6F636B0046616C73636865BD
:1073400073204B656E6E776F72742065696E67652A
:10735000676562656E210057726F6E67207061739A
:1073600073776F726420656E746572656421007551
:107370006E6175746F726973696572746572205A93
:1073800075677269666620617566204B6F6E666907
:107390006775726174696F6E737365697465007582
:1073A0006E617574686F72697A6573206163636575
:1073B000737320746F206C6F636B656420636F6EF2
:1073C0006669677572617469756F6E207061676553
:1073D00000447275636B7370696567656C007072E9
:1073E000696E746F7574206D6972726F7200546586
:1073F000787465696E676162652073746172746523
:1074000074204665726E73636872656962657200A6
:10741000456E746572207465787420746F2073747F
:10742000617274207072696E7465720045732062B7
:10743000657374656874206265726569747320652C
:10744000696E6520616E6465726520566572626959
:107450006E64756E672C2062697474652077617242
:1074600074656E2E00436F6E6E656374696F6E2077
:10747000627573792C20706C656173652077616922
:10748000742E0045696E676162653A2000456E742E
:10749000657220746578743A200020416273656ECD
:1074A00064656E20002053656E642000416B747526
:1074B000616C6973696572656E00526566726573A9
:1074C00068004E65747A2D566F727761686C20661D
:1074D0002675756D6C3B7220676568656E64652006
:1074E00056657262696E64756E67656E004F75747D
:1074F00073696465206C696E65206E756D62657276
:107500000066657374652048617570747374656C8A
:107510006C6520662675756D6C3B72206B6F6D6DAA
:10752000656E64652056657262696E64756E676526
:107530006E005072696D6172792074656C6570724D
:10754000696E74657220666F7220696E636F6D6913
:107550006E672063616C6C7300696E7465726E6532
:107560002044757263687761686C20646572204896
:10757000617570747374656C6C6520662675756DC5
:107580006C3B72206B6F6D6D656E64652056657225
:1075900062696E64756E67656E00496E7465726EC1
:1075A000616C2063616C6C206E756D626572206F1A
:1075B00066207072696D6172792074656C65707295
:1075C000696E74657220666F7220696E636F6D6993
:1075D0006E672063616C6C7300416C7465726E61E0
:1075E0007469762D537563686520626569206265EC
:1075F0007365747A740055736520616C7465726E7E
:107600006174697665207365636F6E646172792059
:1076100074656C657072696E74657220696620703D
:1076200072696D61727920697320627573790044A3
:10763000757263687761686C656E20286D69742067
:107640004B6F6D6D61207472656E6E656E290053AF
:1076500065636F6E646172792063616C6C206E7516
:107660006D62657273206C69737420287365706530
:107670007261746520627920636F6D6D61290054B9
:1076800069656665206465722050726F746F6B6FF8
:107690006C6C696572756E6720616E2073657269C6
:1076A000656C6C6572205363686E6974747374657D
:1076B0006C6C65004C6F6767696E67206C657665FA
:1076C0006C2061742073657269616C20706F7274D4
:1076D000005469656665206465722050726F746F2E
:1076E0006B6F6C6C696572756E6720662675756D5B
:1076F0006C3B72205465696C6E2D536572766572B1
:10770000004C6F6767696E67206C6576656C2066F4
:107710006F72206469726563746F72792073657229
:10772000766572004C6576656C20662675756D6CA5
:107730003B7220447275636B61757367616265208B
:10774000766F6E204D656C64756E67656E004D6575
:1077500073736167652066696C746572696E672012
:107760006C6576656C0050617373776F7274206618
:107770002675756D6C3B72204B6F6E66696775720E
:107780006174696F6E7373656974656E00506173BF
:1077900073776F726420666F7220636F6E666967BD
:1077A00075726174696F6E207061676573005465EE
:1077B000696C6E65686D65722D5665727A65696370
:1077C000686E697320662675756D6C3B7220616CFE
:1077D0006C65207369636874626172004C6F6361E9
:1077E0006C2073756273637269626572206469727A
:1077F0006563746F72792076697369626C6520665F
:107800006F72206576657279626F64790044617485
:10781000756D2062656920416E727566656E2061C6
:1078200075746F6D61746973636820647275636BDE
:10783000656E005072696E742064617465206F6EAD
:1078400020696E636F6D696E672063616C6C730095
:10785000617573006F6666006E7572206C6F6B6188
:107860006C006F6E6C79206C6F63616C006E75726A
:10787000206265696D20416E7275666572006F6E7B
:107880006C792061742063616C6C6572006C6F6B45
:10789000616C20756E6420416E7275666572006C55
:1078A0006F63616C20616E642063616C6C65720053
:1078B000206B6F6E6E7465206E69636874206765F7
:1078C0002661756D6C3B6E646572742077657264B9
:1078D000656E0020636F756C64206E6F7420626546
:1078E000206368616E676564003C62723E4B656E42
:1078F0006E776F7274206767662E206765266175E4
:107900006D6C3B6E646572742E003C62723E506119
:107910007373776F7274206966206E656365737325
:10792000617279206368616E676564007A756E269E
:1079300061756D6C3B636873742050617373776F0E
:10794000727420696E203C6120687265663D226910
:1079500074656C65786366672D696E7465726E2EEA
:107960006367693F7370723D64652220746172675A
:1079700065743D226D61696E223E45696E73746562
:107980006C6C756E67656E20696D206C6F6B616CD9
:10799000656E205478502D53797374656D3C2F615A
:1079A0003E2065696E676562656E21004669727387
:1079B000742073656C6563742070617373776F7284
:1079C0006420696E203C6120687265663D2269749E
:1079D000656C65786366672D696E7465726E2E637B
:1079E00067693F7370723D656E22207461726765CE
:1079F000743D226D61696E223E53657474696E67D1
:107A00007320666F7220746865206C6F63616C20F0
:107A10005478502D73797374656D3C2F613E21004D
:107A20004B6F6E66696775726174696F6E737365AB
:107A30006974656E2073696E64206E756E2067656B
:107A40007370657272742E205A7572204672656961
:107A5000676162652077696564657220646173207F
:107A600050617373776F72742065696E67656265C4
:107A70006E206F6465722054617374652064657252
:107A800020426175677275707065203220782064BD
:107A9000722675756D6C3B636B656E2E00436F6E61
:107AA00066696775726174696F6E2070616765736E
:107AB00020617265206C6F636B656420616761692A
:107AC0006E2E20466F7220756E6C6F636B696E67E9
:107AD00020656E7465722070617373776F726420B5
:107AE0006F646572207075736820627574746F6E50
:107AF00020617420692D74656C65782068617264FA
:107B000077617265206D6F64756C65207477696349
:107B1000652E00656967656E65205275666E756DC8
:107B20006D657220696D20692D74656C65782D4EC8
:107B300065747A0053756273637269626572277344
:107B4000206E756D626572003C6269673E3C623E04
:107B5000266C743B3D3D3D206D7573732066FC6E55
:107B60006620626973206E65756E205A6966666567
:107B7000726E20686162656E213C2F623E3C2F620E
:107B800069673E003C6269673E3C623E266C743B1E
:107B90003D3D3D206D757374206861766520666992
:107BA000766520746F206E696E65206469676974FC
:107BB00073213C2F623E3C2F6269673E0047656837
:107BC00065696D7A61686C207A757220416E6D65A9
:107BD0006C64756E67206265696D205275666E759E
:107BE0006D6D65726E2D5365727665720050494EEB
:107BF00020666F72207369676E20696E2061742041
:107C00007375627363726962657220646972656319
:107C1000746F7279207365727665720044796E6153
:107C20006D69736368652049502D416B7475616C93
:107C30006973696572756E6720616B74697600445B
:107C4000796E616D696320757064617465206F661B
:107C50002049502061647265737320616374697692
:107C6000650056657262696E64756E6773746573DC
:107C7000742D506572696F64652028302066267502
:107C8000756D6C3B72206B65696E20546573742949
:107C9000004C6F6F706261636B2074657374207049
:107CA0006572696F6420283020746F207377696370
:107CB00068206F66662900266F756D6C3B66666589
:107CC0006E746C6963686520506F72742D4E756DAB
:107CD0006D6572005075626C696320696E746572BF
:107CE0006E657420706F7274206E756D62657200BF
:107CF0004164726573736520646573205465696CB3
:107D00006E65686D65722D53657276657200537588
:107D10006273637269626572206469726563746F0D
:107D2000727920736572766572206164647265731E
:107D3000730047656865696D7A61686C20662675B1
:107D4000756D6C3B72205365727665722D53796E3A
:107D50006368726F6E6973696572756E670050490A
:107D60004E20666F72206469726563746F72792049
:107D70007365727665722073796E6368726F6E696F
:107D8000736174696F6E00537461747573206465F8
:107D90007220616E67657363686C6F7373656E657F
:107DA0006E204D6F64756C653A3C703E0053746193
:107DB000747573206F6620616C6C20636F6E6E65E6
:107DC00063746564206861726477617265206D6FA9
:107DD00064756C65733A3C703E004E756D6D6572EE
:107DE0002025732053746174757320253032583CFC
:107DF00062723E004E756D62657220257320737449
:107E00006174757320253032583C62723E002B2B12
:107E10002B666572746967002B2B2B656E640044BA
:107E20006965206E6575656E2045696E7374656C55
:107E30006C756E67656E2073696E643A20005468D5
:107E400065206E65772073657474696E6773206151
:107E500072653A200077656974657200636F6E74AD
:107E6000696E75650020756E7665722661756D6C3C
:107E70003B6E646572740020756E6368616E676541
:107E800064002067652661756D6C3B6E6465727475
:107E900020696E00206368616E67656420746F00FE
:107EA00045696E7374656C6C756E67202655756DCB
:107EB0006C3B6265726E65686D656E005375626DD0
:107EC0006974206368616E676573003C68333E5473
:107ED00065696C6E65686D65727665727A656963F1
:107EE000686E69733C2F68333E3C62723E003C68AA
:107EF000333E53756273637269626572206469729E
:107F00006563746F72793C2F68333E3C62723E0049
:107F10003C68333E264F756D6C3B6666656E746CCF
:107F20006963686573205465696C6E65686D657218
:107F30007665727A656963686E69733C2F68333E53
:107F40003C62723E003C68333E5075626C6963204F
:107F500073756273637269626572206469726563C6
:107F6000746F72793C2F68333E3C62723E007A65D2
:107F700069676520766F6C6C73742661756D6C3BF8
:107F80006E6469676573205665727A656963686EA9
:107F900069730073686F7720636F6D706C657465CB
:107FA000206469726563746F7279207769746820E0
:107FB0007072697661746520656E747269657300AC
:107FC0003C7461626C6520626F726465723D22313F
:107FD000222063656C6C70616464696E673D223257
:107FE000222063656C6C73706163696E673D22303B
:107FF000223E3C74723E3C746820616C69676E3D41
:10800000226C656674223E5275666E756D6D657282
:108010003C62723E736F727469657265203C6120C8
:10802000687265663D226974656C65782D746C6E46
:108030007665727A2E6367693F736F72743D6E75F1
:108040006D6D6572223E6175663C2F613E203C611C
:1080500020687265663D226974656C65782D746C64
:108060006E7665727A2E6367693F736F72743D6EC8
:10807000756D6D6572266162223E61623C2F613EC4
:108080003C2F74683E3C746820616C69676E3D22C9
:108090006C656674223E4E616D653C62723E736F24
:1080A000727469657265203C6120687265663D2264
:1080B0006974656C65782D746C6E7665727A2E6362
:1080C00067693F736F72743D6E616D65223E6175C5
:1080D000663C2F613E203C6120687265663D2269E6
:1080E00074656C65782D746C6E7665727A2E636734
:1080F000693F736F72743D6E616D65266162223EE9
:1081000061623C2F613E3C2F74683E3C7468206184
:108110006C69676E3D2263656E746572223E4265CE
:10812000736F6E642E3C2F74683E3C746820616CE3
:1081300069676E3D226C656674223E5479703C2FEF
:1081400074683E3C746820616C69676E3D226C65A2
:108150006674223E416472657373653C2F74683E99
:108160003C746820616C69676E3D2263656E74655E
:1081700072223E506F72743C2F74683E3C746820CB
:10818000616C69676E3D2263656E746572223E4460
:10819000757263687761686C3C2F74683E3C7468E4
:1081A00020616C69676E3D2263656E746572223E64
:1081B0006C65747A74653C62723E416B7475616C77
:1081C0006973696572756E673C62723E736F727433
:1081D00069657265203C6120687265663D2269743C
:1081E000656C65782D746C6E7665727A2E6367693E
:1081F0003F736F72743D646174756D223E61756684
:108200003C2F613E203C6120687265663D226974A6
:10821000656C65782D746C6E7665727A2E6367690D
:108220003F736F72743D646174756D266162223EA6
:1082300061623C2F613E3C2F74683E3C7468206153
:108240006C69676E3D226C656674223E416B746991
:108250006F6E3C2F74683E3C2F74723E003C74611C
:10826000626C6520626F726465723D223122206308
:10827000656C6C70616464696E673D2232222063B4
:10828000656C6C73706163696E673D2230223E3CA1
:1082900074723E3C746820616C69676E3D226C6547
:1082A0006674223E4E756D6265723C62723E736FFB
:1082B0007274203C6120687265663D226974656C49
:1082C00065782D746C6E7665727A2E6367693F737C
:1082D0006F72743D6E756D6D6572223E75703C2FC8
:1082E000613E203C6120687265663D226974656C60
:1082F00065782D746C6E7665727A2E6367693F734C
:108300006F72743D6E756D6D6572266162223E649A
:108310006F776E3C2F613E3C2F74683E3C74682042
:10832000616C69676E3D226C656674223E4E616DBC
:10833000653C62723E736F7274203C6120687265A6
:10834000663D226974656C65782D746C6E76657215
:108350007A2E6367693F736F72743D6E616D65223B
:108360003E75703C2F613E203C6120687265663D21
:10837000226974656C65782D746C6E7665727A2EE0
:108380006367693F736F72743D6E616D65266162EC
:10839000223E646F776E3C2F613E3C2F74683E3CFA
:1083A000746820616C69676E3D2263656E746572E6
:1083B000223E5370656369616C733C2F74683E3C68
:1083C000746820616C69676E3D226C656674223E3C
:1083D000547970653C2F74683E3C746820616C6908
:1083E000676E3D226C656674223E416464726573FB
:1083F000733C2F74683E3C746820616C69676E3D05
:108400002263656E746572223E506F72743C2F74E5
:10841000683E3C746820616C69676E3D2263656EDE
:10842000746572223E446972656374206469616C8C
:108430003C2F74683E3C746820616C69676E3D2215
:1084400063656E746572223E557064617465643C48
:1084500062723E736F7274203C6120687265663D83
:10846000226974656C65782D746C6E7665727A2EEF
:108470006367693F736F72743D646174756D223E0A
:1084800075703C2F613E203C6120687265663D221C
:108490006974656C65782D746C6E7665727A2E637E
:1084A00067693F736F72743D646174756D266162B4
:1084B000223E646F776E3C2F613E3C2F74683E3CD9
:1084C000746820616C69676E3D226C656674223E3B
:1084D000416374696F6E3C2F74683E3C2F74723E2A
:1084E000003C6120687265663D226974656C657840
:1084F0002D746C6E7665727A2E6367693F73617650
:1085000065223E6E69636874666C2675756D6C3B9A
:1085100063687469672073706569636865726E3C2F
:108520002F613E3C62723E3C6120687265663D226E
:108530006974656C65782D746C6E7665727A2E63DD
:1085400067693F6C6F6164223E616C6C65202641F7
:10855000756D6C3B6E646572756E67656E207665D1
:108560007277657266656E3C2F613E3C62723E3C7E
:108570006120687265663D226974656C65782D744A
:108580006C6E7665727A2E6367693F636C656172A3
:10859000223E6B6F6D706C657474206C266F756D08
:1085A0006C3B736368656E3C2F613E3C62723E00BB
:1085B0003C6120687265663D226974656C65782D42
:1085C000746C6E7665727A2E6367693F7361766547
:1085D000223E73617665206E6F6E2D766F6C6174CE
:1085E000696C653C2F613E3C62723E3C6120687262
:1085F00065663D226974656C65782D746C6E766570
:10860000727A2E6367693F6C6F6164223E6469739E
:108610006361726420616C6C206368616E6765736E
:108620003C2F613E3C62723E3C6120687265663D53
:10863000226974656C65782D746C6E7665727A2E1D
:108640006367693F636C656172223E636C6561724A
:1086500020616C6C3C2F613E3C62723E004E6F6349
:1086600068206B65696E652045696E747226617558
:108670006D6C3B676520766F7268616E64656E3CF9
:10868000703E3C6120687265663D226974656C6568
:10869000782D746C6E7665727A2E6367693F6C6FA5
:1086A0006164223E676573706569636865727465AD
:1086B00020446174656E20776965646572686572CF
:1086C0007374656C6C656E3C2F613E3C62723E3C1F
:1086D0006120687265663D226974656C65782D74E9
:1086E0006C6E7665727A2E6367693F656469743D66
:1086F00030223E48696E7A75662675756D6C3B67EB
:10870000656E3C2F613E3C2F666F726D3E004E6F72
:1087100020656E7472696573207965743C703E3CA7
:108720006120687265663D226974656C65782D7498
:108730006C6E7665727A2E6367693F6C6F61642236
:108740003E726573746F7265206C6173742073611F
:1087500076656420656E74726965733C2F613E3C7A
:1087600062723E3C6120687265663D226974656C88
:1087700065782D746C6E7665727A2E6367693F65D5
:108780006469743D30223E61646420656E74727960
:108790003C2F613E3C2F666F726D3E005275666ED7
:1087A000756D6D6572004E756D626572004E616D1E
:1087B00065004E616D6500416472657373650041CB
:1087C00064647265737300506F727400506F7274DA
:1087D0000044757263687761686C00446972656310
:1087E00074206469616C004C6F6B616C006C6F632A
:1087F000616C006765737065727274006C6F636B97
:1088000065640054797000547970650044796E494C
:10881000500044796E49500067656C6F65736368FA
:10882000740064656C657465640041736369690014
:10883000417363696900692D54656C657800692D21
:1088400054656C657800654D61696C00654D6169C2
:108850006C002641756D6C3B6E6465726E006564DC
:1088600069740048696E7A75662675756D6C3B672C
:10887000656E00616464003C623E5275666E756DA3
:108880006D65722030206E696368742065726C615A
:10889000756274213C2F623E3C62723E003C623E37
:1088A0004E756D6265722030206E6F7420616C6C45
:1088B0006F776564213C2F623E3C62723E005465D6
:1088C000696C6E65686D657265696E747261673A30
:1088D0003C62723E5275666E756D6D65723A20250A
:1088E0006C6420004469726563746F727920656EF0
:1088F0007472793A3C62723E4E756D6265723A20CE
:10890000256C6420006568656D2E20256C6400660A
:108910006F726D657220256C64003A20486F737425
:108920006E616D6520257320003A20486F73746E68
:10893000616D6520257320003A2049502025732061
:10894000003A20495020257320003C623E556E625B
:10895000656B616E6E74657220547970213C2F6274
:108960003E3C62723E003C623E5479706520756EFA
:108970006B6E6F776E213C2F623E3C62723E003C14
:10898000623E6B65696E65202641756D6C3B6E6459
:108990006572756E673C2F623E3C62723E003C62BF
:1089A0003E756E6368616E6765643C2F623E3C6233
:1089B000723E003C62723E5370726163686520676C
:1089C000652661756D6C3B6E64657274206E6163C3
:1089D000682044657574736368003C62723E4C6144
:1089E0006E6775616765206368616E676564207492
:1089F0006F20456E676C697368003C623E52756615
:108A00006E756D6D6572206973742062657265693B
:108A1000747320766572676562656E2C20264175D9
:108A20006D6C3B6E646572756E67206E6963687409
:108A30002067657370656963686572743C2F623E78
:108A40003C62723E003C623E4E756D626572206112
:108A50006C726561647920757365642C206368614C
:108A60006E6765206E6F742073617665643C2F625B
:108A70003E3C62723E0045696E74726167206765B4
:108A80007370656963686572743C62723E00456E1E
:108A90007472792073617665643C62723E00456948
:108AA0006E7472616720756E7665722661756D6C85
:108AB0003B6E646572743C62723E00456E747279FE
:108AC00020756E6368616E6765643C62723E003C4F
:108AD000623E416C7465204E756D6D657220256C2B
:108AE00064206B6F6E6E7465206E696368742067B6
:108AF000656C266F756D6C3B736368742077657267
:108B000064656E213C2F623E3C62723E003C623ED8
:108B1000466F726D6572206E756D62657220256C90
:108B20006420636F756C64206E6F742062652064CE
:108B3000656C65746564213C2F623E3C62723E0048
:108B40003C623E4665686C6572206265696D2053C3
:108B5000706569636865726E2028436F6465732071
:108B60002564202F2025303258293C2F623E003CBE
:108B7000623E4572726F7220617420736176696E15
:108B8000672028636F646573202564202F202530BB
:108B90003258293C2F623E004572666F6C677265E1
:108BA00069636820676573706569636865727420BE
:108BB00028256420427974657329007361766564A1
:108BC000207375636365737366756C6C79202825F3
:108BD00064206279746529003C623E4665686C6574
:108BE00072206265696D204C6164656E2028436F58
:108BF000646573202564202F2025303258293C2FAE
:108C0000623E003C623E4572726F72206174206C5D
:108C10006F6164696E672028636F646573202564E3
:108C2000202F2025303258293C2F623E00457266A5
:108C30006F6C6772656963682067656C6164656EF7
:108C40002028256420427974657329006C6F616463
:108C50006564207375636365737366756C6C7920E6
:108C6000282564206279746529006B6F6D706C65CE
:108C700074742067656C266F756D6C3B73636874E4
:108C800000636F6D706C6574656C7920636C6561F1
:108C9000726564004665686C65723A20756E67752A
:108CA000656C7469676572204347492D417566722A
:108CB00075663A202573004572726F723A20696EAC
:108CC00076616C6964206367692D63616C6C3A201E
:108CD0002573003C62723E5A75722675756D6C3B49
:108CE000636B207A756D203C6120687265663D2259
:108CF0006974656C65782D746C6E7665727A2E6316
:108D000067693F7370723D6465223E5465696C6E9D
:108D100065686D65722D5665727A656963686E69FE
:108D2000733C2F613E003C62723E6261636B207453
:108D30006F203C6120687265663D226974656C65D0
:108D4000782D746C6E7665727A2E6367693F7370E6
:108D5000723D656E223E73756273637269626572FD
:108D6000206469726563746F72793C2F613E0046BE
:108D700065686C657220696D205A757361747A2D0F
:108D8000454550524F4D004572726F7220696E20FA
:108D90006469726563746F727920454550524F4D16
:108DA000004E65756572205465696C6E65686D6509
:108DB0007220616E67656D656C646574006E6577C1
:108DC0002073756273637269626572207369676E7E
:108DD0006564207570005275666E756D6D65726E96
:108DE0002D5665727A656963686E697320766F6C5B
:108DF0006C2C206E696368742067657370656963A5
:108E000068657274006469726563746F7279206F4B
:108E10007574206F662073706163652C206E6F74AB
:108E2000207361766564005465696C6E65686D6574
:108E3000722D53657276657220416E6D656C647536
:108E40006E67206D69742066616C7363686572205B
:108E500047656865696D7A61686C00556E61757407
:108E6000686F72697A6564206163636573732074E7
:108E70006F206469726563746F72792073657276AE
:108E8000657220706F7274000D0A2F2F2F656D614F
:108E9000696C20656D7066616E67656E3A0D0A00DB
:108EA0000D0A2F2F2F656D61696C207265636569EE
:108EB0007665643A0D0A000D0A626574726566662D
:108EC0003A0D0A000D0A7375626A6563743A0D0AF9
:108ED000000D0A746578743A0D0A000D0A626F6419
:108EE0007920746578743A0D0A00504F502D5365FF
:108EF00072766572204164726573736500504F50DD
:108F000020736572766572206164647265737300A4
:108F1000534D54502D5365727665722041647265CD
:108F200073736500534D54502073657276657220DB
:108F30006164647265737300456967656E65206579
:108F40004D61696C2D41647265737365004F776E76
:108F500020656D61696C2061646472657373004B98
:108F6000656E6E776F727420662675756D6C3B72D8
:108F700020654D61696C2D53657276657200506194
:108F80007373776F726420666F7220656D61696CB0
:108F900020736572766572730054616B742064652A
:108FA0007320654D61696C2D41627275667320286E
:108FB000696E204D696E7574656E3B2030203D20D2
:108FC0006175736765736368616C746574290050BB
:108FD0006F6C6C696E6720706572696F6420666F74
:108FE0007220656D61696C207175657279004E75CE
:108FF0007220654D61696C73206D6974202B545823
:109000002B20696D205375626A65637420647275E4
:10901000636B656E005072696E74206F6E6C7920A0
:10902000656D61696C732077697468202B74782B87
:1090300020696E207375626A656374003C62723EDB
:109040003C623E4B6F6E66696775726174696F6EE4
:1090500073646174656E20756E766F6C6C737426C4
:1090600061756D6C3B6E6469672C2041626672614C
:10907000676574616B7420617566204E756C6C2039
:1090800067657365747A742C20654D61696C204145
:1090900062667261676520697374206175736765C4
:1090A000736368616C7465742E3C2F623E003C6291
:1090B000723E3C623E436F6E6669677572617469A9
:1090C0006F6E206E6F7420636F6D706C6574652CAD
:1090D00020706F6C6C696E6720706572696F6420B8
:1090E00073657420746F207A65726F2C20696E63CB
:1090F0006F6D696E6720654D61696C2077696C6C76
:10910000206E6F74206265207072696E7465642EC3
:109110003C2F623E00654D61696C2D41757367613E
:109120006E672D53657276657220005365727665A1
:109130007220666F72206F7574676F696E67206545
:109140006D61696C00204950206E69636874206508
:10915000726D697474656C62617200206E6F204973
:109160005020616464726573732077617320666F49
:10917000756E6400206B6F6E6E7465206E69636837
:10918000742076657262756E64656E2077657264B0
:10919000656E0020636F6E6E656374696F6E206626
:1091A00061696C6564004D656C64756E6720766FEF
:1091B0006D20654D61696C2D41757367616E672D1A
:1091C0005365727665723A20004D65737361676509
:1091D0002066726F6D2074686520536572766572C3
:1091E00020666F72206F7574676F696E6720656D9A
:1091F00061696C3A20005568727A65697420766FEF
:109200006D20536572766572206162667261676572
:109210006E005573652074696D652073657276659F
:109220007200486F73746E616D6520646573205AB7
:10923000656974736572766572730054696D652033
:1092400073657276657220686F7374206E616D65E8
:10925000005A6569747A6F6E650054696D657A6F3E
:109260006E6500536F6D6D65727A65697420617506
:10927000746F6D61746973636820756D7374656C68
:109280006C656E00557365206461796C69676874FC
:1092900020736176696E672074696D652028657535
:1092A000726F7065616E29002F6E636E8F6EB56E82
:1092B000DE6E146F3D6F5F6F886FAA6FD66F04709C
:1092C0002F7059707C709870B170CA70E070007126
:1092D000167123712E713471397150716871EB718F
:1092E000647283729F72C472E4720C732873327357
:1092F000397357736F739F73D173DE73EE7310748A
:109300002C74657483748D749A74A574AC74BA7477
:10931000C274ED740175327559759A75D975F67503
:109320002F764F767F76B476D176017724774E7795
:1093300066778D77AE77DC770D7833785078547810
:10934000587862786D787E788D789F78B078D37809
:10935000E9780A792C79AC79207A9D7A137B347B71
:10936000487B847BBD7BED7B1C7C3F7C627C917C5D
:10937000B77CD47CF07C0E7D327D5E7D877DAD7DBB
:10938000DA7DF47D0E7E187E1F7E3E7E557E5C7EED
:10939000657E777E827E947EA07EBC7ECB7EEE7ED6
:1093A000107F457F6E7F937FC07F5D82E184B085B3
:1093B0005D860E879C87A687AD87B287B787BF87F4
:1093C000C787CC87D187DB87E787ED87F387FC8763
:1093D000038807880C881288188822882A88308891
:1093E00036883E8846884C8852885E8863887388B1
:1093F00077889D88BE88E48805890F891A8929891C
:10940000388941894A8966897F899E89B389DA8941
:10941000FA89458A768A8E8A9E8ABB8ACF8A0D8B84
:10942000408B6F8B988BBB8BD88B038C2D8C4C8C8B
:109430006A8C818C948CB78CD38C268D6F8D878DA4
:10944000A18DBD8DD68D058E278E5B8E888EA08ECC
:10945000B78EC48ED18EDB8EEA8EFD8E108F248F58
:10946000388F4D8F5F8F7E8F998FCF8FEE8F1590B6
:109470003C90AE9015912B9145915B917491939195
:10948000A691C991F691129222923B9251925A92D0
:10949000639284924E5450004E5450534552564558
:1094A00052005554435A4F4E45004155544F445372
:1094B00054003C2F613E003C6120687265663D228D
:1094C0006E74702E636769223E006E74702E63673F
:1094D0006900300023740D6F20686E6D0A6C72672E
:1094E00069706376657A64627379667861776A23F6
:1094F00075716B230023350D3920232C2E0A293456
:109500002338303A3D332B233F2736232F2D322566
:109510002337312823000D948E0A0D9432030D94C5
:10952000F1080D94D1020D94930A14BE88E10FB690
:10953000F89480936000109260000FBE11241FBE4B
:10954000CFEFD1E2DEBFCDBF00E00CBF8091740051
:10955000806880937400579A5F980E94245780E037
:109560000E941A5781E00E941A5782E00E941A57FF
:1095700088E10FB6F89480936000109260000FBEEF
:10958000C0E0D2E2CE010E94F85689938FEFCF3F20
:10959000D807C1F782E00E941057C0E0D2E2EE2463
:1095A000FF241881CE010E94F856181719F008946C
:1095B000E11CF11C19928FEFCF3FD80791F7E1140E
:1095C000F10451F0F89488E10FB6F89480936000AC
:1095D000109260000FBEFFCF81E00E94105713E28F
:1095E000A0E0B2E2E4EBFBE202E00BBF02C00790B6
:1095F0000D92A830B107D9F712EEA8E0B3E201C08E
:109600001D92A73EB107E1F704D00D94D8150C9434
:1096100000000E94167E82E00E941A570E94189A4B
:1096200083E00E941A570E941D9A82E00E94105700
:109630000E9420A583E00E9410570E94E481FDCF84
:109640001092690010926A000895AC01883091056B
:1096500054F42DB381E090E002C0880F991F4A9521
:10966000E2F7282B2DBB0895DC018830910514F01A
:109670008EEF08956430710514F08FEF0895FC01AA
:10968000EE0FFF1FA430B105CCF48091690023E0F8
:1096900030E00E2E02C0220F331F0A94E2F720950D
:1096A0002823209369008091690002C0660F771F0C
:1096B000EA95E2F7862B8093690018C080916A00D2
:1096C00023E030E00E2E02C0220F331F0A94E2F78F
:1096D0002095282320936A0080916A0002C0660FBB
:1096E000771FEA95E2F7862B80936A00FD01EE0F63
:1096F000FF1FE85FFC4D51834083CD01A6DF80E072
:109700000895AC01883091055CF42DB381E090E0C0
:1097100002C0880F991F4A95E2F7809582238DBB7E
:1097200008951F920F920FB60F920BB60F9211244D
:109730002F933F934F935F936F937F938F939F9359
:10974000AF93BF93EF93FF93E0910823F091092328
:109750001995FF91EF91BF91AF919F918F917F915B
:109760006F915F914F913F912F910F900BBE0F9092
:109770000FBE0F901F9018951F920F920FB60F9269
:109780000BB60F9211242F933F934F935F936F93D8
:109790007F938F939F93AF93BF93EF93FF93E0914A
:1097A0000A23F0910B231995FF91EF91BF91AF918F
:1097B0009F918F917F916F915F914F913F912F91E9
:1097C0000F900BBE0F900FBE0F901F9018951F9219
:1097D0000F920FB60F920BB60F9211242F933F9357
:1097E0004F935F936F937F938F939F93AF93BF93A9
:1097F000EF93FF93E0910C23F0910D231995FF91C6
:10980000EF91BF91AF919F918F917F916F915F91F8
:109810004F913F912F910F900BBE0F900FBE0F9065
:109820001F9018951F920F920FB60F920BB60F92C2
:1098300011242F933F934F935F936F937F938F9355
:109840009F93AF93BF93EF93FF93E0910E23F0911B
:109850000F231995FF91EF91BF91AF919F918F9138
:109860007F916F915F914F913F912F910F900BBE20
:109870000F900FBE0F901F9018951F920F920FB66A
:109880000F920BB60F9211242F933F934F935F9338
:109890006F937F938F939F93AF93BF93EF93FF93B8
:1098A000E0911023F09111231995FF91EF91BF9151
:1098B000AF919F918F917F916F915F914F913F9168
:1098C0002F910F900BBE0F900FBE0F901F90189509
:1098D0001F920F920FB60F920BB60F9211242F9377
:1098E0003F934F935F936F937F938F939F93AF9328
:1098F000BF93EF93FF93E0911223F09113231995F7
:10990000FF91EF91BF91AF919F918F917F916F9157
:109910005F914F913F912F910F900BBE0F900FBE13
:109920000F901F9018951F920F920FB60F920BB6C3
:109930000F9211242F933F934F935F936F937F93D5
:109940008F939F93AF93BF93EF93FF93E091142373
:10995000F09115231995FF91EF91BF91AF919F91D0
:109960008F917F916F915F914F913F912F910F90C8
:109970000BBE0F900FBE0F901F9018951F920F9265
:109980000FB60F920BB60F9211242F933F934F9364
:109990005F936F937F938F939F93AF93BF93EF9357
:1099A000FF93E0911623F09117231995FF91EF9102
:1099B000BF91AF919F918F917F916F915F914F91E7
:1099C0003F912F910F900BBE0F900FBE0F901F90E5
:1099D0001895FC01EE0FFF1FEE0FFF1FE80FF91F98
:1099E000E85AFC4D86E084830895613011F4845E6A
:1099F0000895673008F0615060FD02C08FE108955E
:109A00008EE10895A0E0B0E0E8E0FDE40D94A40F3D
:109A1000EC018E849F84A888B988EE84FF8408892D
:109A20001989698570E080E090E020E13EE040E047
:109A300050E00F94360FE60EF71E081F191FEE8632
:109A4000FF86088B198B8CE697E098878F836E854D
:109A50007F858889998920E831E541E050E00F94BD
:109A60007C0F162F072FF82EE92E6E857F858889AB
:109A7000998920E831E541E050E00F947C0F6901BD
:109A8000612F702F8F2D9E2D2CE330E040E050E0B1
:109A90000F947C0F6983612F702F8F2D9E2D20E1F5
:109AA0003EE040E050E00F947C0F2CE330E040E0DB
:109AB00050E00F947C0F2A83612F702F8F2D9E2DE5
:109AC00020E13EE040E050E00F947C0F2B83C60184
:109AD000019667E070E00F94550F8C8322C08F8150
:109AE000988583709070892B99F48F81988564E6AE
:109AF00070E00F94550F892B41F48F81988560E9B0
:109B000071E00F94550F892B19F48EE691E002C095
:109B10008DE691E0C81AD90A8F81988501969887B9
:109B20008F838F81988583709070892B99F48F81B2
:109B3000988564E670E00F94550F892B41F48F816E
:109B4000988560E971E00F94550F892B19F48EE622
:109B500091E002C08DE691E0C816D90608F0BFCFAB
:109B60001E8228C08F81988583709070892B19F090
:109B700080E090E018C08F81988564E670E00F94D3
:109B8000550F892B19F081E090E00DC08F819885E9
:109B900020E030E060E971E00F94550F892B11F45B
:109BA00021E030E0C9016E8120DFC81AD1088E8122
:109BB0008F5F8E838F81988583709070892B19F0C9
:109BC00080E090E018C08F81988564E670E00F9483
:109BD000550F892B19F081E090E00DC08F81988599
:109BE00020E030E060E971E00F94550F892B11F40B
:109BF00021E030E0C9016E81F8DE90E0C816D90698
:109C000008F0B0CF8E818F5F8E838C2D8F5F8D8318
:109C10008E81833010F430E007C08E8130E08B30CD
:109C200008F031E081E038278D812C8190E0821BA3
:109C30009109499754F08C81882319F48B818230E3
:109C400020F08E818A3029F445C08E81833009F45A
:109C500041C0332309F43EC08A898823D9F18B811E
:109C60008F5F8B838B818831A9F51B828C818F5FFD
:109C70008C838C81873009F41C821D818F819885AB
:109C800083709070892B19F080E090E018C08F816C
:109C9000988564E670E00F94550F892B19F081E0E8
:109CA00090E00DC08F81988520E030E060E971E0A0
:109CB0000F94550F892B11F421E030E0C9016E811A
:109CC00094DE181721F41D828E818F5F8E838D8123
:109CD0008F5F8D838E869F86A88AB98ACDB7DEB7BF
:109CE000ECE00D94C00F1F93CF93DF938091F82386
:109CF0008F5F8093F8238091F823843611F011E070
:109D000053C01092F8238091F9238F5F8093F92339
:109D10008091022490910324A0910424B091052401
:109D20000196A11DB11D8093022490930324A0935A
:109D30000424B09305248091062490910724A091D7
:109D40000824B09109240196A11DB11D8093062419
:109D500090930724A0930824B09309248091F923B9
:109D60008C3311F012E020C01092F9238091FA2375
:109D70008F5F8093FA238091FA238C3311F013E0E4
:109D800013C01092FA238091FB238F5F8093FB23F3
:109D900088EF93E237DE8091FB23883111F014E0E5
:109DA00003C01092FB2315E0C0E0D0E0FE01EE0FEF
:109DB000FF1FEE0FFF1FE65EFC4D8081181798F025
:109DC000FE01EE0FFF1FEE0FFF1F123028F0E85EBE
:109DD000FC4D81E0838307C0E85EFC4D1382019057
:109DE000F081E02D19952196C031D105F9F620E0DA
:109DF00030E0F901EE0FFF1FEE0FFF1FE85EFC4D94
:109E0000DF0113968381813041F41C920190F0812F
:109E1000E02D199520E030E006C02F5F3F4F203144
:109E2000310539F7F7CFF901EE0FFF1FEE0FFF1FD6
:109E3000E20FF31FE85AFC4D8481181798F08081D7
:109E40009181A281B3810097A105B10559F080816C
:109E50009181A281B3810197A109B1098083918386
:109E6000A283B3832F5F3F4F20323105E1F6DF91AC
:109E7000CF911F9108950F931F938C012FD188EFDD
:109E800093E2B80143E150E00F94B0112DD180E08E
:109E900090E01F910F9108950F931F938C011ED195
:109EA000C80168EF73E243E150E00F94B0111CD198
:109EB00080E090E01F910F910895EF92FF920F9331
:109EC0001F938C010BD1F801EE0FFF1FEE0FFF1F48
:109ED000E00FF11FE85AFC4DE080F1800281138110
:109EE00003D1C7011F910F91FF90EF900895BF928A
:109EF000CF92DF92EF92FF920F931F936C017B0141
:109F0000B42EECD000E010E0F601EE0FFF1FEE0FD4
:109F1000FF1FEC0DFD1DE85AFC4DE082F18202832B
:109F20001383B482E1D01F910F91FF90EF90DF90E7
:109F3000CF90BF900895CF93DF93D0D0C0E0D0E012
:109F4000FE01EE0FFF1FEE0FFF1FEC0FFD1FE85A83
:109F5000FC4D8481863031F410821182128213828A
:109F6000C3D007C02196C032D10551F7BDD0CFEF85
:109F7000DFEFCE01DF91CF9108951F93CF93DF9351
:109F8000EC01162FABD020E030E0F901EE0FFF1FFF
:109F9000EE0FFF1FE85EFC4D808191818C179D07BD
:109FA000E9F02F5F3F4F2031310579F7E0E0F0E035
:109FB000DF01AA0FBB1FAA0FBB1FA85EBC4D8D916E
:109FC0009C911197892B69F41196DC93CE93EE0F37
:109FD000FF1FEE0FFF1FE65EFC4D108385D080E073
:109FE00006C03196E031F10519F77ED08FEFDF9191
:109FF000CF911F91089520E030E0F901EE0FFF1F8F
:10A00000EE0FFF1FE85EFC4D11821082F901EE0F8A
:10A01000FF1FEE0FFF1FE65EFC4D86E080832F5F83
:10A020003F4F2031310549F720E030E0F901EE0FD4
:10A03000FF1FEE0FFF1FE20FF31FE85AFC4D1082C7
:10A0400011821282138286E084832F5F3F4F203279
:10A05000310561F710920224109203241092042417
:10A0600010920524109206241092072410920824BE
:10A07000109209241092012481E080930A2488EF31
:10A0800093E2C0DC84E690E060E070E003D083E718
:10A090009EE45DC00F931F938B0110920C241092CD
:10A0A0000B242AE0209381009C0183E0220F331FC0
:10A0B0008A95E1F740E050E060E074E284EF90E0E0
:10A0C0000F947C0F201B310B309389002093880064
:10A0D00082E080936F001F910F910895EFE6F0E00A
:10A0E00080818D7F80830895EFE6F0E0808182603B
:10A0F000808308951F920F920FB60F920BB60F92A6
:10A1000011242F933F934F935F936F937F938F937C
:10A110009F93AF93BF93EF93FF93E0910B24F09144
:10A120000C24309709F01995FF91EF91BF91AF91F1
:10A130009F918F917F916F915F914F913F912F915F
:10A140000F900BBE0F900FBE0F901F90189520918F
:10A150000B2430910C242817390711F481E008955D
:10A16000232B11F080E0089590930C2480930B240E
:10A1700081E00895AC019091840020E030E008C0B7
:10A18000809184009817E1F3909184002F5F3F4FF6
:10A1900042175307A9F70895209184003091850054
:10A1A000C90108958330910584F4FC0133E0EE0F7A
:10A1B000FF1F3A95E1F7880F991FE80FF91FE55A3D
:10A1C000FD4D0190F081E02D1995089583309105A2
:10A1D00014F080E00895FC01EE0FFF1FEE0FFF1F4B
:10A1E000E80FF91FEE0FFF1FE35AFD4D0190F081BC
:10A1F000E02D862F199508958330910594F4FC0184
:10A2000033E0EE0FFF1F3A95E1F7880F991FE80F33
:10A21000F91FE55AFD4D0680F781E02DCB01BA010B
:10A22000199508959C01FC0193E0EE0FFF1F9A958C
:10A23000E1F7220F331FE20FF31FE758FD4D0190A6
:10A24000F081E02D19950895FC01EE0FFF1FEE0F30
:10A25000FF1FE80FF91FEE0FFF1FE558FD4D01909E
:10A26000F081E02D862F199508959C01FC0153E0A3
:10A27000EE0FFF1F5A95E1F7220F331FE20FF31F76
:10A28000E758FD4D0480F581E02D199508959C0156
:10A29000FC0173E0EE0FFF1F7A95E1F7220F331FE9
:10A2A000E20FF31FE758FD4D0680F781E02D199569
:10A2B00008959C01FC01B3E0EE0FFF1FBA95E1F792
:10A2C000220F331FE20FF31FE758FD4D0084F18585
:10A2D000E02D199508951F920F920FB60F920BB6AD
:10A2E0000F9211248F93EF93FF93E1ECF0E08081C4
:10A2F0008F7B808310920D24FF91EF918F910F90AF
:10A300000BBE0F900FBE0F901F9018951F920F92CB
:10A310000FB60F920BB60F9211242F933F934F93CA
:10A320005F936F937F938F939F93AF93BF93EF93BD
:10A33000FF9380911024909111240E94267C892BF8
:10A3400049F080911024909111240E94947C809374
:10A35000C6000AC08091C10080648093C1008091D2
:10A36000C1008F7D8093C100FF91EF91BF91AF91AC
:10A370009F918F917F916F915F914F913F912F911D
:10A380000F900BBE0F900FBE0F901F9018951F924D
:10A390000F920FB60F920BB60F9211241F932F93AB
:10A3A0003F934F935F936F937F938F939F93AF935D
:10A3B000BF93EF93FF931091C60080910E2490916C
:10A3C0000F240E94267C8F3F910509F03CF4809178
:10A3D0000E2490910F24612F0E943F7CFF91EF91FA
:10A3E000BF91AF919F918F917F916F915F914F91AD
:10A3F0003F912F911F910F900BBE0F900FBE0F90AA
:10A400001F9018951F920F920FB60F920BB60F92D6
:10A4100011248F93EF93FF93E9ECF0E080818F7B21
:10A42000808310921224FF91EF918F910F900BBEB9
:10A430000F900FBE0F901F9018951F931FB7F894A1
:10A4400080911326909114260E94267C1FBF1F9195
:10A4500008951F931FB7F8948091132690911426A6
:10A460000E94267C892B11F480E006C0809113267F
:10A47000909114260E94947C1FBF1F9108951F92F3
:10A480000F920FB60F920BB60F9211242F933F939A
:10A490004F935F936F937F938F939F93AF93BF93EC
:10A4A000EF93FF9380911526909116260E94267CAB
:10A4B000892B49F080911526909116260E94947C54
:10A4C0008093CE000AC08091C90080648093C90047
:10A4D0008091C9008F7D8093C900FF91EF91BF915A
:10A4E000AF919F918F917F916F915F914F913F912C
:10A4F0002F910F900BBE0F900FBE0F901F901895CD
:10A500000F931F93182F0FB7F894809115269091F1
:10A5100016260E94267C892B31F5809112248130E9
:10A5200091F48091152690911626612F0E943F7C10
:10A530008091C9008F7B8093C9008091C90080629F
:10A540008093C90024C01093CE008091C90080641C
:10A550008093C9008091C9008F7D8093C90081E0FC
:10A560008093122414C0F894809115269091162699
:10A570000E94267C8F3F910519F014F00FBFF3CF96
:10A580008091152690911626612F0E943F7C0FBF67
:10A590001F910F9108951F920F920FB60F920BB655
:10A5A0000F9211241F932F933F934F935F936F93B9
:10A5B0007F938F939F93AF93BF93EF93FF931091EC
:10A5C000CE0080911326909114260E94267C8F3F06
:10A5D000910509F03CF48091132690911426612F87
:10A5E0000E943F7CFF91EF91BF91AF919F918F911E
:10A5F0007F916F915F914F913F912F911F910F909C
:10A600000BBE0F900FBE0F901F90189583E195E23F
:10A6100060E071E00E94FA7B9093142680931326E9
:10A6200083E194E260E071E00E94FA7B9093162649
:10A6300080931526109212241092CD0087E6809305
:10A64000CC0088E98093C90086E08093CA00089511
:10A65000362F3770669566956695623009F44AC064
:10A66000633030F4662371F0613009F0B0C026C069
:10A67000643009F477C0643008F458C0653009F0DC
:10A68000A6C08BC0813059F421B181E090E002C0B6
:10A69000880F991F3A95E2F7282B21B998C082308C
:10A6A00009F095C021B181E090E002C0880F991FA8
:10A6B0003A95E2F78095822381B989C0813059F4B7
:10A6C00024B181E090E002C0880F991F3A95E2F72B
:10A6D000282B24B97CC0823009F079C024B181E0F4
:10A6E00090E002C0880F991F3A95E2F78095822387
:10A6F00084B96DC0813059F427B181E090E002C087
:10A70000880F991F3A95E2F7282B27B960C082304D
:10A7100009F05DC027B181E090E002C0880F991F69
:10A720003A95E2F78095822387B951C0813059F478
:10A730002AB181E090E002C0880F991F3A95E2F7B4
:10A74000282B2AB944C0823009F041C02AB181E0E7
:10A7500090E002C0880F991F3A95E2F78095822316
:10A760008AB935C0813059F42DB181E090E002C042
:10A77000880F991F3A95E2F7282B2DB928C082300F
:10A7800031F52DB181E090E002C0880F991F3A9514
:10A79000E2F7809582238DB91AC0813059F420B335
:10A7A00081E090E002C0880F991F3A95E2F7282BCC
:10A7B00020BB0DC0823059F420B381E090E002C08C
:10A7C000880F991F3A95E2F78095822380BB8FEF1F
:10A7D00090E00895382F377086958695869582305B
:10A7E00031F1833030F4882361F0813009F04AC0C0
:10A7F00013C0843091F1843028F1853009F042C0D3
:10A8000037C022B181E090E002C0880F991F3A95CD
:10A81000E2F7282B22B936C025B181E090E002C0D2
:10A82000880F991F3A95E2F7282B25B92BC028B13C
:10A8300081E090E002C0880F991F3A95E2F7282B3B
:10A8400028B920C02BB181E090E002C0880F991F89
:10A850003A95E2F7282B2BB915C02EB181E090E094
:10A8600002C0880F991F3A95E2F7282B2EB90AC02B
:10A8700021B381E090E002C0880F991F3A95E2F77A
:10A88000282B21BB8FEF90E00895382F37708695E5
:10A8900086958695823041F1833030F4882361F0CB
:10A8A000813009F050C014C08430B1F1843040F1DF
:10A8B000853009F048C03CC022B181E090E002C080
:10A8C000880F991F3A95E2F78095822382B93BC0A1
:10A8D00025B181E090E002C0880F991F3A95E2F718
:10A8E0008095822385B92FC028B181E090E002C015
:10A8F000880F991F3A95E2F78095822388B923C083
:10A900002BB181E090E002C0880F991F3A95E2F7E1
:10A91000809582238BB917C02EB181E090E002C0F0
:10A92000880F991F3A95E2F7809582238EB90BC064
:10A9300021B381E090E002C0880F991F3A95E2F7B9
:10A940008095822381BB8FEF90E00895FF920F9353
:10A950001F93CF93DF93EC018B01FFB6F8947398AC
:10A9600081E090E06AE705C0F80161918F0181E024
:10A9700090E02CDC2197FFEFCF3FDF07A9F783E0C2
:10A980008A9501F0E9F7C895739AFFBECDB7DEB797
:10A99000E5E00D94C70F0F931F93142F0FB7F89492
:10A9A00073986F71682B81E090E010DC81E090E09B
:10A9B000612F0CDC83E08A9501F0E9F7C895739A62
:10A9C0000FBF1F910F9108951F93CF93DF93182FFF
:10A9D000C82FD0E0C076D0708091172690E0C817BD
:10A9E000D90781F080EA6FE143E0D5DF85E0D595B6
:10A9F000C7958A95E1F780E86FE14C2FCCDF1076A0
:10AA000010931726DF91CF911F9108950F931F93F5
:10AA1000182F062FD9DF80E4612F402FBCDF1F9154
:10AA20000F9108950F931F938C0184EEF8016081BC
:10AA3000EDDF85EEF8016181E9DF82EEF8016281E8
:10AA4000E5DF83EEF8016381E1DF80EEF8016481E8
:10AA5000DDDF81EEF8016581D9DF1F910F91089547
:10AA60000F931F93162F0FB7F89473986F71682B7D
:10AA700081E090E0ABDB81E090E060E0A7DB17FFD6
:10AA800004C081E090E060E0A1DB93E09A9501F0E2
:10AA9000E9F7C895739A0FBF1F910F9108951F93FF
:10AAA000182F92DF80E0612FDBDF1F9108950F9355
:10AAB0001F93CF93DF93EC018B018FE1F0DF83FDD8
:10AAC000FCCF82E060E0A2DF83E068E19FDF86E008
:10AAD0006C2F9CDFC050D84E6D2F772767FD7A957D
:10AAE000C050D84187E092DF8AE760E040E053DF62
:10AAF000CE01B8012BDF80E86FE140E84CDF80EA4F
:10AB00006FE140E848DF80E86FE148E044DFDF9133
:10AB1000CF911F910F91089582E7C1DF90E00895D2
:10AB20000F931F93982F8B0184ED692F6FDF86EDB4
:10AB3000602F6CDF012F110F110B87ED602F66DF87
:10AB40008AEEADDF80FDFCCF1F910F91089581E06B
:10AB500090E028DB6B9A739A8FEF60E04FEF1BDF7A
:10AB60008DE19DDF80FFFCCF1092192610921826F0
:10AB700088E060E04BDF89E060E048DF8CE060E087
:10AB800045DF8DE060E042DF8AE06EEF3FDF8BE083
:10AB900067E13CDF84E060E039DF85E068E136DFD3
:10ABA00088E361EA33DF80EC6DE030DF81EC60E068
:10ABB0002DDF88EC63E02ADF80E862EC42E3EBDE25
:10ABC00086EC62E123DF87EC6CE020DF84EC62E15D
:10ABD0001DDF8AEC6EEE1ADF8BEC65E017DF80E19B
:10ABE00060E071E09DDF8FE1EFDE80E86BE140EC3B
:10ABF000D2DE80E86FE144E0CEDE84E166E774E017
:10AC00008FCF0F931F93682F84ED00DF82ED61E0FB
:10AC1000FDDE8AEE44DF80FDFCCF82ED60E0F6DEF3
:10AC200088ED3DDF082F10E089ED39DF382F20E077
:10AC3000202B312BC9011F910F91089581E0E1DF95
:10AC4000969587959695879580958170089580EA69
:10AC50006FE14CE0A0DE80E0D4DFBC017E7F80E0CD
:10AC60005FDF82EC1CDF682F70E06E7F82ECCEDE4F
:10AC700084EC65E1CBDE86EC62E1C8DE87EC6CE05B
:10AC8000C5DE80E86FE144E086CEDF92EF92FF926E
:10AC90000F931F938C017B01DFB6F894739881E0CA
:10ACA00090E06AE393DA81E090E0B701A801A4DACA
:10ACB00083E08A9501F0E9F7C895739ADFBE1F918A
:10ACC0000F91FF90EF90DF900895A0E0B0E0EBE6E9
:10ACD000F6E50D94A60FEC017B018CE1E0DE86FD2C
:10ACE00005C089E3DCDE882309F43DC080E0609183
:10ACF00018268CDE6091192681E088DE8AE360E008
:10AD0000AFDE082F10E010931926009318268AE36F
:10AD100060E0A6DE382F20E0202B312B309319265F
:10AD2000209318268AE360E09BDEA82EBB248AE3EA
:10AD300060E096DE382F20E0A22AB32A8AE360E0A2
:10AD40008FDE8AE360E08CDECA15DB057CF48CE0E4
:10AD5000609118265BDE609119268DE057DE80E851
:10AD60006EE140E418DEAA24BB243CC0C501B70153
:10AD70008CDF89E094DE182F00E088E090DEC82E9A
:10AD80008BE08DDEF82EEE248AE089DEC82FD0E03D
:10AD9000CE29DF296091182670911926CB010197E1
:10ADA000DD240C291D298017910718F0C817D90731
:10ADB00048F48CE06C2F2ADE6D2F772767FD7A959B
:10ADC0008DE00BC061508CE021DE2091182630917F
:10ADD0001926215030408DE0632F18DE80E86EE1A7
:10ADE00040E4D9DDC501CDB7DEB7EAE00D94C20F6E
:10ADF000292F280F892F90E06DE070E00F94550FF8
:10AE000090E007C027FF03C0220F216001C0220F7E
:10AE10009F5F9817B8F3883008F02095822F089527
:10AE2000843038F4E82FF0E0E453FF4FE4918E2FA4
:10AE30002CCD0895843038F4E82FF0E0E453FF4F30
:10AE4000E4918E2FC7CC08951F93CF93DF93CCEC62
:10AE5000D0E010E0FE01649181E0FADB812FE0DFB9
:10AE600021961F5F1430B1F7DF91CF911F910895A4
:10AE700085B1836085B984B1876084B9239880E502
:10AE80008CBD81E08DBD08958EBD0DB407FEFDCF54
:10AE90008EB50895DC018C918EBD81E090E009C0F3
:10AEA000FD01E80FF91FE0810DB407FEFDCFEEBDF7
:10AEB000019686179707A0F30DB407FEFDCF0895FE
:10AEC000AC011EBC20E030E00BC00DB407FEFDCF8E
:10AED0001EBC8EB5FA01E20FF31F80832F5F3F4F38
:10AEE0002617370790F30DB407FEFDCF0895E4EC65
:10AEF000F0E0118210826A9A80EC8093C20088E1AF
:10AF00008093C100118210820895982F8091C00013
:10AF100085FFFCCF9093C6008091C00087FFFCCFD7
:10AF20008091C6000895DC018C918093C60021E0D9
:10AF300030E00CC0FD01E20FF31FE0818091C00002
:10AF400085FFFCCFE093C6002F5F3F4F26173707E2
:10AF50008CF38091C00087FFFCCF0895AC0120E006
:10AF600030E013C08091C00085FFFCCF8FEF80934D
:10AF7000C6008091C00087FFFCCF8091C600FA0117
:10AF8000E20FF31F80832F5F3F4F6217730754F761
:10AF90008091C00085FFFCCF0895299884B18A6014
:10AFA00084B922980895282F90E080E0880F27FF29
:10AFB00002C02B9A01C02B98299A1A99816029986E
:10AFC0009F5F983011F0220FF1CF089520E030E01C
:10AFD00013C0FC01E20FF31FE08140E0E7FF02C075
:10AFE0002B9A01C02B98299A29984F5F483011F06D
:10AFF000EE0FF4CF2F5F3F4F2617370750F308951A
:10B00000FC012B9880E090E030E00BC020E0330F93
:10B01000299A1A99316029982F5F2830C1F7319306
:10B0200001968617970790F308951F9310921B2699
:10B0300010921A2612E014BD9C01442737FD40955A
:10B04000542F542F432F322F222760E074E284EFD5
:10B0500090E00F947C0F27BD84E085BD10936E00B7
:10B060001F9108951F920F920FB60F920BB60F9279
:10B0700011242F933F934F935F936F937F938F93FD
:10B080009F93AF93BF93EF93FF93E0911A26F091B4
:10B090001B26309709F01995FF91EF91BF91AF9161
:10B0A0009F918F917F916F915F914F913F912F91E0
:10B0B0000F900BBE0F900FBE0F901F901895209110
:10B0C0001A2630911B262817390711F48FEF08959F
:10B0D000232B11F080E0089590931B2680931A266D
:10B0E0008FEF0895DF92EF92FF920F931F93D82E68
:10B0F0007A018B0181E090E06FEF68D86D2D60647C
:10B1000081E090E063D8212F33274427552781E041
:10B1100090E0622F5BD898014427552781E090E0AA
:10B12000622F54D85527412F302F2F2D81E090E0EA
:10B13000622F4CD881E090E06E2D48D8DD2021F0C0
:10B1400088E0D81649F404C081E090E065E907C0C2
:10B1500081E090E067E803C081E090E06FEF36D8CF
:10B1600010E081E090E06FEF31D88F3F19F41F5F5E
:10B170001A30B9F71F910F91FF90EF90DF9008956B
:10B180002A9A80911C26813021F410921C260C945E
:10B190000A6B089580911C26882329F40E94316B44
:10B1A00081E080931C262A980895A0E0B0E0EBEDA2
:10B1B000F8E50D949E0F3B014C012A0119016DC069
:10B1C00083011170C801A0E0B0E064015301A81A26
:10B1D000B90ACA0ADB0AE12CF2E0FF2EE01AF10AF2
:10B1E0002E143F0408F4710180911D2890911E28AF
:10B1F000A0911F28B0912028A816B906CA06DB0620
:10B20000D1F1C8DF81E1B601A5016CDF882319F017
:10B21000B7DF80E047C081E090E06FEF0E94E6502A
:10B220008E3FC9F7CDE1D6E281E090E06FEF0E945A
:10B23000E650899388E2CD31D807B1F7A0921D2856
:10B24000B0921E28C0921F28D0922028035E194D6C
:10B25000C201B801A7010F94B0114E0C5F1C81E030
:10B2600090E06FEF0E94E65081E090E06FEF0E9467
:10B27000E65086DF09C0035E194DC201B801A7017F
:10B280000F94B0114E0C5F1C2E183F08C701A0E0B0
:10B29000B0E0680E791E8A1E9B1E2114310409F04D
:10B2A0008FCF81E0CDB7DEB7E2E10D94BA0FA0E019
:10B2B000B0E0EDE5F9E50D94A00F4B015C013A011A
:10B2C000E90126014115510571F12115310559F1A9
:10B2D0000217130740F1E114F10429F1CC24DD2415
:10B2E000C21AD30A021B130BC501B401A3019E01AC
:10B2F0005CDF8823C1F0C301B501A4019201F7010D
:10B300001995882391F00C0D1D1DC8018C0F9D1FF0
:10B310008C179D0750F0CE01A0E0B0E0880E991E7A
:10B32000AA1EBB1EE1CF80E001C081E0CDB7DEB731
:10B33000E0E10D94BC0FA0E0B0E0E1EAF9E50D9486
:10B34000A00F4B015C012A01390182C0E401D170D8
:10B35000CE01A0E0B0E085017401E81AF90A0A0BF9
:10B360001B0BC12CA2E0DA2ECC1ADD0A6C147D0472
:10B3700008F4630180911D2890911E28A0911F2838
:10B38000B0912028E816F9060A071B07C9F0209794
:10B3900029F480E0C81682E0D80650F4C801B7014D
:10B3A0004DE156E220E032E000DF882309F455C089
:10B3B000E0921D28F0921E2800931F281093202849
:10B3C0008DE1481686E2580639F0CE01835E994D2C
:10B3D000B201A6010F94B011DDDE88E1B801A7012A
:10B3E00081DE882319F0CCDE80E037C081E090E078
:10B3F0006EEF0E94E650CDE1D6E2699181E090E0E7
:10B400000E94E65088E2CD31D807B9F781E090E09C
:10B410006FEF0E94E65081E090E06FEF0E94E650EF
:10B4200081E090E06FEF0E94E6508F3FC9F781E026
:10B4300090E06FEF0E94E650A3DE4C0C5D1CC6014D
:10B44000A0E0B0E0880E991EAA1EBB1E6C187D08F5
:10B450006114710409F07ACF81E0CDB7DEB7E0E185
:10B460000D94BC0FA0E0B0E0E8E3FAE50D94A00F66
:10B470005B016C014A01E9013801270141155105C1
:10B4800069F10115110551F1FF242115310509F567
:10B49000FF24F3941EC0C401B601A5019201F3017B
:10B4A00019958C010097E1F0FF2019F4C817D9070E
:10B4B000A8F0C601B501A40198013DDF882371F011
:10B4C000C801A0E0B0E0A80EB91ECA1EDB1EC01B5A
:10B4D000D10BFF2001F72097F1F602C080E001C0F8
:10B4E00081E0CDB7DEB7E0E10D94BC0F1F93CF93A1
:10B4F000DF93229A4FDE44DE81E090E00E94D2503A
:10B500001092212810E081E090E06FEF0E94E65059
:10B510001F5F1436C1F73EDEC0E0D0E080E040E0BF
:10B5200050E060E070E0DEDD813039F08FE0CF3F49
:10B53000D80709F456C02196F1CF87E340E050E0E8
:10B5400060E070E0CFDD89E240E050E060E070E074
:10B55000C9DD82FD05C0809121288160809321286A
:10B56000C0E0D0E08091212890E083709070892B1A
:10B5700041F087E340E050E060E070E0B3DD89E255
:10B5800001C081E040E050E060E070E0ABDD80FFB2
:10B5900006C08FE7CF3FD80721F12196E3CF80E1A6
:10B5A00040E052E060E070E09DDD8823D1F4E8DD0A
:10B5B0008FEF9FEFAFEFBFEF80931D2890931E2872
:10B5C000A0931F28B093202860E070E080E090E016
:10B5D0004DE156E220E032E0E8DD882311F081E021
:10B5E00002C0CEDD80E0DF91CF911F910895A0E0F1
:10B5F000B0E0EDEFFAE50D94A60F6C017B01B62EDD
:10B60000AF2C8B01025F1F4FFB018685682F70E016
:10B610006F707070660F771F660F771F625F7F4FC6
:10B62000E701C60FD71F6E5070408881882309F448
:10B6300041C0883009F04AC0F80184859585A68507
:10B64000B785808B918BA28BB38B809133229091A5
:10B650003422A0913522B091362284879587A6871F
:10B66000B78713861286C8010E9422770E946582DE
:10B67000F80193878287188219828A81883F18F09F
:10B680008B818F5F8B838A81885F8A832B2D3A2DF4
:10B69000C901FC01ADE2B2E2868180838D9186838F
:10B6A000319622E2A333B207B9F7C601B7010E946F
:10B6B000586B0CC08C819D818D519C4A39F48091CE
:10B6C0002B22813019F482E080932B22CDB7DEB794
:10B6D000EAE00D94C20F9C01863091051CF0EFEF5B
:10B6E000FFEF12C08FB7F894F901EE0FFF1FE20FC2
:10B6F000F31F93E0EE0FFF1F9A95E1F7EE5DF74D14
:10B700000190F081E02D8FBFCF0108959C0186301C
:10B7100091051CF02FEF3FEF11C08FB7F894F9019E
:10B72000EE0FFF1FE20FF31F53E0EE0FFF1F5A95BE
:10B73000E1F7EE5DF74D228933898FBFC901089586
:10B740009C01863091051CF02FEF3FEF17C08FB79B
:10B75000F894F901EE0FFF1FE20FF31F93E0EE0FD5
:10B76000FF1F9A95E1F7EE5DF74D138A128A20E1EB
:10B7700030E0318320838FBF20E030E0C90108959D
:10B78000863091051CF02FEF3FEF44C04FB7F8947F
:10B790009C01220F331F280F391FD90153E0AA0F34
:10B7A000BB1F5A95E1F7AE5DB74D8D919C911197F6
:10B7B000892B69F111961C921E92F90193E0EE0F0C
:10B7C000FF1F9A95E1F7EC5DF74D1082118212820E
:10B7D0001382F90183E0EE0FFF1F8A95E1F7E65D22
:10B7E000F74D1182108217961C921E92169753964F
:10B7F0001C921E92529751961C921E9250975596EB
:10B800001C921E92549757961C921E9256974FBFA9
:10B8100020E030E0C9010895CF93DF93C0E0D0E08D
:10B82000CE01AEDF2196C630D105D1F7DF91CF91A1
:10B8300008954FB7F894E2E2F8E220E030E080812A
:10B840009181892B41F02F5F3F4F7896263031054B
:10B85000B1F72FEF3FEF4FBFC9010895EF92FF926D
:10B860000F931F93CF93DF937B01FA0186309105ED
:10B870001CF02FEF3FEF32C02685C22FD0E0CF70F3
:10B88000D070CC0FDD1FCC0FDD1F2E96CE0FDF1F2B
:10B890008C01000F111F080F191F23E0000F111F4B
:10B8A0002A95E1F7F801E65DF74D808191810E94CC
:10B8B00065829B838A830E5D174DF801868197818F
:10B8C0000E946582998388831F821E82C701089621
:10B8D0000E9465829D838C8320E030E0C901CDB752
:10B8E000DEB7E6E00D94C60FA0E0B0E0EAE7FCE5C5
:10B8F0000D94A30F5C01BEE08B2E912C880E991E37
:10B90000DC011E968C91C82FD0E0CF70D070CC0F88
:10B91000DD1FCC0FDD1F2E96CA0DDB1D7FB6F89400
:10B92000F4E2EF2EF8E2FF2ECC24DD24F7010481AF
:10B9300015818A819B810E9465820817190709F089
:10B940004EC0D70116960D911C9117978881998149
:10B950000E9465820817190709F43FC0F701868124
:10B960009781892BE1F580819181A281B381009734
:10B97000A105B105A1F58601000F111F0C0D1D1DBC
:10B98000F80173E0EE0FFF1F7A95E1F7EC5DF74DDC
:10B99000D4011C962D913D914D915C911F97208370
:10B9A000318342835383888199810E94658263E059
:10B9B000000F111F6A95E1F7F801E65DF74D9183DD
:10B9C0008083E6E0F0E0AE0EBF1EC801845D974DB7
:10B9D000B50146E050E00F94B01196010EC00894F6
:10B9E000C11CD11C88E190E0E80EF91E96E0C91652
:10B9F000D10409F09BCF2FEF3FEF7FBEC901CDB738
:10BA0000DEB7EDE00D94BF0FA0E0B0E0EAE0FDE5A9
:10BA10000D94A20F3B01FB011685CB0165DF4C01A4
:10BA2000FFEF8F3F9F0709F492C0C12FD0E0CF7086
:10BA3000D070CC0FDD1FCC0FDD1F2E96C60DD71D8D
:10BA40008C819D810E946582089709F480C0F30172
:10BA50008685E82EFF24FFE0EF22FF24EE0CFF1C7A
:10BA6000EE0CFF1C86E190E0E80EF91E6401CC0CA0
:10BA7000DD1CC80CD91C860143E0000F111F4A953C
:10BA8000E1F70E5D174DF801A688B788A114B1043F
:10BA900059F18C819D810E946582BC016850704083
:10BAA000C3018E0D9F1DF501199580E190E0F8010D
:10BAB00091838083F60133E0EE0FFF1F3A95E1F7A3
:10BAC000E65DF74D11821082F60123E0EE0FFF1FB5
:10BAD0002A95E1F7EC5DF74D1082118212821382F4
:10BAE000F801138A128A33C0F8018081918140974E
:10BAF00071F58C819D810E946582F8014089518990
:10BB000008978417950740F48C819D810E94658277
:10BB10009C012850304001C09A01F401EE0FFF1F34
:10BB2000E80DF91D83E0EE0FFF1F8A95E1F7EE5D4A
:10BB3000F74D228B338B80E290E091838083E60C7B
:10BB4000F71C84899589B701A9010F94B011CDB76D
:10BB5000DEB7EEE00D94BE0FA0E0B0E0E2EBFDE555
:10BB60000D94A00F4C013B018A014DB65EB686E0F4
:10BB7000881691041CF02FEF3FEF49C00E94316BF3
:10BB8000BAE2AB2EB12CA60CB71CEDB7FEB7EA1982
:10BB9000FB090FB6F894FEBF0FBEEDBFCDB6DEB603
:10BBA0000894C11CD11C85E4F60186878DB79EB729
:10BBB0008B96B801A3010F94B0117401EE0CFF1C19
:10BBC000E80CF91CF3E0EE0CFF1CFA95E1F7F70125
:10BBD000EC5DF74D60817181828193819301285FD3
:10BBE0003F4F41E186010E94DB6EC401B301A60113
:10BBF00035DEC701845D974DB6010E94EF6AC5012D
:10BC0000B6010E94586B0E940A6B20E030E0C90127
:10BC10000FB6F8945EBE0FBE4DBE2096E0E10D94C7
:10BC2000BC0F6F927F928F929F92BF92CF92DF92C2
:10BC3000EF92FF920F931F93CF93DF936B017C01E1
:10BC4000EA0149013801BFB6F894F3DD8C018FEFAA
:10BC50000F3F180709F49AC0F801EE0FFF1FE00F1D
:10BC6000F11F53E0EE0FFF1F5A95E1F7DF01AE5DC4
:10BC7000B74D80E190E011969C938E93E65DF74D71
:10BC8000D183C083C334D10539F484E490E017969E
:10BC90009C938E93169706C0C095D0951796DC930B
:10BCA000CE931697C801880F991F800F911F23E02C
:10BCB000880F991F2A95E1F7FC01EC5DF74DC082D2
:10BCC000D182E282F382EC01FE01EE5DF74D138A30
:10BCD000128A918A808A758A648A178A168A8FEFF7
:10BCE000C8168FEFD8068FEFE8068FEFF80659F1E8
:10BCF00020913722309138224091392250913A22B6
:10BD00008091332290913422A0913522B091362235
:10BD10008C259D25AE25BF2582239323A423B523FF
:10BD20000097A105B10511F52095309540955095E6
:10BD3000D701C60182239323A423B5238217930737
:10BD4000A407B50741F48FEF8287838784878587AF
:10BD5000868787871BC0BFBEAE01445D574DC701B4
:10BD6000B6010E94386DBFB6F89410C0BFBE609196
:10BD70003B2270913C2280913D2290913E22AE0167
:10BD8000445D574D0E94386DBFB6F894BFBEC801E0
:10BD9000DF91CF911F910F91FF90EF90DF90CF90A7
:10BDA000BF909F908F907F906F90089510922C225B
:10BDB000089581E080932C22089520E030E08AE20B
:10BDC00098E0289FF001299FF00D389FF00D112475
:10BDD000E654F74D8081882321F486899789892B41
:10BDE00039F02F5F3F4F2630310549F72FEF3FEFF6
:10BDF000C9010895AC0120E030E0F901EE0FFF1F0A
:10BE0000EA54F64A80819181892B29F45183408339
:10BE100020E030E007C02F5F3F4F2430310569F745
:10BE20002FEF3FEFC9010895AC0120E030E0F901A8
:10BE3000EE0FFF1FEA54F64A80819181841795071F
:10BE400019F420E030E007C02F5F3F4F2430310568
:10BE500071F72FEF3FEFC9010895DC014FEF5FEF5E
:10BE60006EE170E020E030E08AE298E0289FF00187
:10BE7000299FF00D389FF00D1124E654F74D848171
:10BE800095818A179B0769F480818F3051F48689E8
:10BE900097898617970728F46689778980E18083D8
:10BEA000A9012F5F3F4F26303105F1F6CA010895F1
:10BEB0009C018630910510F08FEF08958AE298E09A
:10BEC000289FF001299FF00D389FF00D1124E654B2
:10BED000F74D808108959C018630910518F02FEF71
:10BEE0003FEF10C08AE298E0289FF001299FF00DF3
:10BEF000389FF00D1124E654F74D80A591A50E94BE
:10BF0000DD7C9C01C90108959C018630910518F0E3
:10BF10002FEF3FEF10C08AE298E0289FF001299FA1
:10BF2000F00D389FF00D1124E654F74D80A591A532
:10BF30000E94267C9C01C9010895A0E0B0E0E3EADC
:10BF4000FFE50D94A80F6C01FB01EA0137C0808169
:10BF5000813041F08130A0F19F012F5F3F4F883049
:10BF600029F503C03196219729C0018110E079019C
:10BF70000894E11CF11C8AE298E09C01C29EC00179
:10BF8000C39E900DD29E900D11248C52974DB701F7
:10BF900044E050E00F94B01102501040F701E00F60
:10BFA000F11F0E5F1F4FC01BD10B08C0818190E0B5
:10BFB000F901E80FF91F3197C81BD90B209739F603
:10BFC000CDB7DEB7E8E00D94C40FDF92EF92FF9299
:10BFD0000F931F93CF93DF937B018A01FA01D684DD
:10BFE0002AE238E0829FE001839FD00D929FD00D1E
:10BFF0001124C654D74D88A599A50E94FC7C8E15A6
:10C000009F0524F4EE24EA94FE2C27C0ED2DF0E0E9
:10C01000EF70F070EE0FFF1FEE0FFF1F3E96E00F68
:10C02000F11F248588A599A5F801468550E04F7039
:10C030005070440F551F440F551F30E0207F307063
:10C040003595279535952795420F531F425F5F4FD2
:10C05000400F511FB7010E94957DC701CDB7DEB7D4
:10C06000E7E00D94C50FA0E0B0E0E9E3F0E60D9441
:10C07000A60FFC019EE0A92EB12CAE0EBF1E868538
:10C08000C82FD0E0CF70D070CC0FDD1FCC0FDD1FDC
:10C090002E96CE0FDF1FEE24FF248AE298E0E89E62
:10C0A0006001E99ED00CF89ED00C11248AEB98E236
:10C0B000C80ED91EF6018081882379F185E194E0CC
:10C0C000E89EF001E99EF00DF89EF00D1124EE0FB0
:10C0D000FF1FE454F74D00811181888199810E94EE
:10C0E000658208171907C9F4F601048115818A8150
:10C0F0009B810E9465820817190779F4F601268151
:10C10000378140855185F50184859585A685B7855C
:10C11000281739074A075B0759F00894E11CF11CFE
:10C12000F6E0EF16F10409F0B8CFEE24EA94FE2C05
:10C13000C701CDB7DEB7EAE00D94C20FA0E0B0E0D2
:10C14000E4EAF0E60D94A40FEC016EE0862E912C4B
:10C15000880E991EEE8431DE5C018FEFA8168FEFFA
:10C16000B80609F495C0FF249FE0E922FF24EE0CF5
:10C17000FF1CEE0CFF1CEEE0F0E0EE0EFF1EEC0EDE
:10C18000FD1EF701808191810E9465829C0185E1FD
:10C1900094E0A89EF001A99EF00DB89EF00D112428
:10C1A000EE0FFF1FE454F74D31832083F7018281A6
:10C1B00093810E9465829C018AE298E0A89E6001BA
:10C1C000A99ED00CB89ED00C112486010654174DA0
:10C1D000F80135832483F40184859585A685B78588
:10C1E000F80186839783A087B187F7016481758101
:10C1F000868197810E946B8260957095809590955D
:10C20000F8016287738784879587F7016481758158
:10C21000868197810E946B829B01AC01F801268781
:10C220003787408B518B11828EE190E0978B868B04
:10C23000128E138E148E158E6AE070E080E090E00E
:10C240000E946B829B01AC01F801268F378F40A3BF
:10C2500051A380A591A50E94DD7CF7018685978575
:10C260000E946582F801938B828B158A148A269628
:10C27000C6018452974DBE0146E050E00F94B011C4
:10C28000F80180A591A50E94DD7CF801118E108E29
:10C29000C501CDB7DEB7ECE00D94C00F2F923F92F1
:10C2A0004F925F926F927F928F929F92AF92BF92C6
:10C2B000DF92EF92FF920F931F93DF93CF9300D003
:10C2C0000F92CDB7DEB71C01D62E2A0179014801A5
:10C2D000C80182969C838B830A5E1F4F8AE298E096
:10C2E000289E3001299E700C389E700C1124EAEBB8
:10C2F000AE2EE8E2BE2EA60CB71CF5018681978112
:10C30000A085B185F401868B978BA08FB18F80912A
:10C31000332290913422A0913522B0913622F80137
:10C3200084839583A683B783108686E08187CA01BC
:10C3300084969A8389830E946582F8019387828715
:10C34000F501848195810E946582F40193A382A303
:10C3500085E194E0289EF001299EF00D389EF00DB5
:10C360001124EE0FFF1FE454F74D808191810E944C
:10C370006582EB81FC8193838283F50162857385FD
:10C38000848595850E946B829B01AC01EB81FC81C9
:10C390002483358346835783F501668577858089B5
:10C3A00091890E946B829B01AC01EB81FC8120870B
:10C3B00031874287538780E98487D586C7010E94E9
:10C3C0006582EB81FC8197878687118A108A138AA0
:10C3D000128AF501668D778D80A191A10E946B82F2
:10C3E0006F5F7F4F8F4F9F4F0E946B829B01AC010D
:10C3F000F501268F378F40A351A3C401C69660E094
:10C4000070E040E150E00F94CA11F5018081813065
:10C4100039F582E0EB81FC81848B84E0858B868B0F
:10C42000178AF501828D938DA48DB58D0097A10596
:10C43000B105B9F188E0EB81FC81808F8AE0818FC2
:10C44000B3016852774DC401CC9644E050E00F949C
:10C45000B011B3016C52774D8B819C814E961DC0FB
:10C46000F501828D938DA48DB58D0097A105B10541
:10C47000C1F088E0EB81FC81848B8AE0858BB3017D
:10C480006852774DC401C89644E050E00F94B01153
:10C49000B3016C52774DC401CC9644E050E00F9448
:10C4A000B01180E390E0480E591EC4014696B201D7
:10C4B0000E9422770E946582EB81FC81918B808BA8
:10C4C0008AE298E0289E7001299EF00C389EF00CBC
:10C4D0001124F701E654F74D6681778180859185B7
:10C4E00046E029813A8184010E94DB6EC7018452B3
:10C4F000974DB4010E94EF6AC2014696B4010E94B2
:10C50000586B0F900F900F900F90CF91DF911F916C
:10C510000F91FF90EF90DF90BF90AF909F908F9022
:10C520007F906F905F904F903F902F900895A9E576
:10C53000B0E0EDE9F2E60D94A40F5B016C014A0155
:10C540003CDC7C018FEFE8168FEFF80609F410C190
:10C5500020913722309138224091392250913A224D
:10C560008091332290913422A0913522B0913622CD
:10C570008A259B25AC25BD2582239323A423B5239F
:10C580000097A105B10581F520953095409550950E
:10C59000D601C50182239323A423B52382179307D1
:10C5A000A407B50799F48AE298E0E89EF001E99EB5
:10C5B000F00DF89EF00D1124E654F74D8FEF82A395
:10C5C00083A384A385A386A387A326C08AE298E0D9
:10C5D000E89EA001E99E500DF89E500D1124445292
:10C5E000574DC601B50113C060913B2270913C22AA
:10C5F00080913D2290913E222AE238E0E29EA00105
:10C60000E39E500DF29E500D11244452574D0E944E
:10C61000386D019709F4A9C00E94316BCE010196D3
:10C620000E944C4F8AE298E0E89E8001E99E100D3E
:10C63000F89E100D11240654174D81E0F8018083F7
:10C640008A81298190E080959095820F911D958334
:10C65000848385E194E0E89EF001E99EF00DF89E68
:10C66000F00D1124EE0FFF1FE454F74D91828082EC
:10C67000F801A682B782C086D18687E899EAABEC3A
:10C68000BDEE82879387A487B58716861786108AA2
:10C69000118A11828EE190E0978B868B80A591A5FF
:10C6A0000E94DD7CF801138A128A158A148A80A5FB
:10C6B00091A50E94267C20E038E0281B390BC70199
:10C6C00062E040E050E08E010C5E1F4FE7DDA2D734
:10C6D0000E949B4F8C01FFEF8F3F9F0709F445C0DD
:10C6E00064EF71E041E00E94774FBBD78AE298E0A7
:10C6F000E89EF001E99EF00DF89EF00D1124E6543D
:10C70000F74D8081803199F4C8010E945D4F892BDB
:10C7100071F0C8010E94E94CC70160E140E050E0BF
:10C7200020E038E08E010C5E1F4FB8DD1CC0C80150
:10C730000E945D4F892BA9F48AE298E0E89EF001FF
:10C74000E99EF00DF89EF00D1124E654F74D178A7E
:10C75000168A1082C8010E94E94CEE24EA94FE2C4D
:10C7600002C058D7C2CF56D703C0EE24EA94FE2C9D
:10C77000C701C75ADF4FECE00D94C00FA6E4B0E04C
:10C78000E4ECF3E60D94A90F7C0186E0E816F104D1
:10C79000B0F58AE298E0E89E8001E99E100DF89ECF
:10C7A000100D11240654174DF80180A591A50E9483
:10C7B000267C892B21F155D7F80180A591A50E94EF
:10C7C000947CD82EF80180818031B9F480A591A5A0
:10C7D0000E94267C892B89F4F80180A591A50E94EE
:10C7E000267C20E038E0281B390BC70160E140E0DF
:10C7F00050E08E010F5F1F4F51DD0CD701C0DD24CB
:10C800008D2DCA5BDF4FE7E00D94C50FA6E4B0E0C5
:10C81000ECE0F4E60D94A60F6C017B015A01863022
:10C82000910520F0EE24EA94FE2C70C08AE298E094
:10C83000C89E8001C99E100DD89E100D112406546B
:10C84000174DF80180A591A50E94267C892B19F42B
:10C85000EE24FF245BC005D7F80180A591A50E94B6
:10C86000267CE816F90644F4F80180A591A5B701E5
:10C87000A5010E94167D22C0F80180A591A50E9405
:10C88000267C8C01EE24FF2416C08AE298E0C89E24
:10C89000F001C99EF00DD89EF00D1124E654F74D1D
:10C8A00080A591A50E94947CF501EE0DFF1D80836B
:10C8B0000894E11CF11CE016F1063CF38AE298E0D2
:10C8C000C89E8001C99E100DD89E100D11240654DB
:10C8D000174DF80180818031C1F480A591A50E9497
:10C8E000267C805094408CF4F80180A591A50E948C
:10C8F000267C20E038E0281B390BC60160E140E0CF
:10C9000050E08E010F5F1F4FC9DC84D6C701CA5BA0
:10C91000DF4FEAE00D94C20FA6E4B4E0E2E9F4E6EA
:10C920000D949E0F2C013B01180186E0481651041E
:10C9300008F0D7C08AE298E0489EF001499EF00DC9
:10C94000589EF00D1124E654F74D8081803109F096
:10C95000C8C0222349F0213009F0C3C0DE01A95B21
:10C96000BF4F882499241AC0DE01A95BBF4F8824D9
:10C97000992408C0FA01E80DF91D80818D9308946F
:10C98000811C911C86149704ACF30BC0FA01E80DCE
:10C99000F91DE491ED930894811C911C8614970471
:10C9A000ACF35FD68AE298E0489E7001499EF00C95
:10C9B000589EF00C1124EAEBF8E2EE0EFF1EF70190
:10C9C00080A591A50E94267CC12CB8E0DB2E9601A3
:10C9D000281B390BC20168E1A3015E010894A11C68
:10C9E000B11C85015BDCF70180A591A50E94267C26
:10C9F000C81AD90AC20160E140E050E096014EDC5D
:10CA0000F70182859385A485B5855401CC24B7FCB4
:10CA1000C094DC2C8A0D9B1DAC1DBD1D82879387A5
:10CA2000A487B587758A648AF5D50E949B4F8C01CF
:10CA3000FFEF8F3F9F0709F454C0121413041CF03A
:10CA40006CE070E007C083E02816310434F4C801BC
:10CA500068EC70E041E00E94774F03D6C8010E9465
:10CA60005D4F892B39F5C8010E94E94C8AE298E0B4
:10CA7000489EF001499EF00D589EF00D1124E65499
:10CA8000F74D82859385A485B5858A199B09AC09E4
:10CA9000BD0982879387A487B5878091B22890913A
:10CAA000B32801969093B3288093B22866246A94A1
:10CAB000762C15C08AE298E0489EF001499EF00D60
:10CAC000589EF00D1124E654F74D84899589892BE1
:10CAD00021F4C8010E94E94C02C09CD5BECF9AD572
:10CAE00003C066246A94762CC301CA5BDB4FE2E183
:10CAF0000D94BA0FA6E4B0E0E0E8F5E60D94A80FB7
:10CB00006C0186E0C816D10408F09EC08AE298E065
:10CB1000C89EF001C99EF00DD89EF00D1124E65478
:10CB2000F74D8081803109F08FC00E949B4F8C01AE
:10CB30009FEF0F3F190709F487C0C80168EC70E048
:10CB400041E00E94774F8AE298E0C89E7001C99E3A
:10CB5000F00CD89EF00C1124EAEBF8E2EE0EFF1E6A
:10CB6000F7018181882331F5C8010E945D4F892B2F
:10CB700009F1C8010E94E94C74D5F70180A591A57F
:10CB80000E94267C20E038E0281B390BC60161E1B9
:10CB900040E050E08E010F5F1F4F80DB81E7F7011F
:10CBA000808338D50E949B4F8C01FFEF8F3F9F07FA
:10CBB000C1F44AC0C8010E945D4F892B21F68AE268
:10CBC00098E0C89EF001C99EF00DD89EF00D11248A
:10CBD000E654F74D178A168A1082C8010E94E94C64
:10CBE00033C068EC70E041E00E94774F3AD58AE2AA
:10CBF00098E0C89EF001C99EF00DD89EF00D11245A
:10CC0000E654F74D8081882329F4C8010E945D4FC6
:10CC1000892B99F4C8010E945D4F892B99F48AE20F
:10CC200098E0C89EF001C99EF00DD89EF00D112429
:10CC3000E654F74D178A168A1082C8010E94E94C03
:10CC4000E9D402C0E7D4D2CFCA5BDF4FE8E00D944D
:10CC5000C40FA4E0B0E0EFE2F6E60D949F0F3C01B4
:10CC60005B015A834983522E8630910508F076C0C5
:10CC70008AE298E0689EF001699EF00D789EF00DC2
:10CC80001124E654F74D8081803109F067C0CB0153
:10CC900060E074E00F94690F7B01C980DA801C8228
:10CCA0001B82882499241EC081E0851508F45FC08A
:10CCB000C30160E074E0432D542D252D0B811C81B0
:10CCC0002BDE8F5F9F4F39F48B819C8101969C8373
:10CCD0008B83039749F70894811C911CE0E0F4E0F2
:10CCE000CE0EDF1E8E149F042CF43C2C4D2C1C8287
:10CCF0001B82DACF8B819C81039771F1C501937000
:10CD0000892B31F1C50160E074E00F94690F6C016B
:10CD10007401FE2CEE24FF0CFF0CE981FA81EE0E6B
:10CD2000FF1E1C821B82F1E0F51500F1C301B60164
:10CD3000A701252D0B811C81EFDD8F5F9F4F41F4F3
:10CD40008B819C8101969C838B83039729F0EBCF89
:10CD5000EB81FC81339729F4C301CCDEAA24AA9489
:10CD6000BA2CC5012496E1E10D94BB0FFFCFFFCF94
:10CD7000A6E4B0E0EEEBF6E60D94A80F80912C222D
:10CD8000813009F05BC0CC24DD248AE298E0C89EA3
:10CD90007001C99EF00CD89EF00C11248AEB98E229
:10CDA000E80EF91EF70186899789892B89F1808120
:10CDB000882371F1868997890197978B868B86895D
:10CDC00097890A97A1F480A591A50E94267C20E06E
:10CDD00038E0281B390BC60161E140E050E08E01CC
:10CDE0000F5F1F4F5BDA81E7F70180831FC0F701F8
:10CDF00086899789892BD1F4C60164E040E050E030
:10CE000020E030E08E010F5F1F4F48DAF7010BC0C2
:10CE10008AE298E0C89EF001C99EF00DD89EF00D00
:10CE20001124E654F74D178A168A10820894C11C03
:10CE3000D11CF6E0CF16D10409F0A7CFCA5BDF4FB3
:10CE4000E8E00D94C40FA0E0B0E0E9E2F7E60D944D
:10CE50009E0F1B018B01025F1F4FFB018685682E11
:10CE60007724FFE06F227724660C771C660C771C12
:10CE70008EE090E0680E791E660E771ECB01F3D827
:10CE80002C01F301858583718587FFEF4F16FFEF36
:10CE90005F0659F4F301828193810E9465820E94AA
:10CEA000145F8F5F9F4F09F460C3F3018485C82F1F
:10CEB000D0E0C07FD070D595C795D595C7956497BC
:10CEC0008585823009F04CC0C10138D98C01FFEF53
:10CED0008F3F9F0709F449C3B3016C5E7F4FAE01DA
:10CEE0002CD88AE298E0089F7001099FF00C189FE7
:10CEF000F00C11248AEB98E2E80EF91E81E0F701AC
:10CF00008083F301868597850E946582F701938B64
:10CF1000828B86859785A089B1890196A11DB11D57
:10CF200086879787A08BB18BC80162E140E050E013
:10CF300020E038E08101B2D9F70182859385A4858C
:10CF4000B5850196A11DB11D82879387A487B587FA
:10CF500084E0808311828EE190E0978B868B05C3FD
:10CF6000FFEF4F16FFEF5F0609F4FFC28AE298E079
:10CF7000489E4001499E900C589E900C11248AEBCB
:10CF800098E2880E991E8EE190E0F401978B868BD3
:10CF9000B3016C5E7F4FC201AE010E949D5FF30141
:10CFA0008585823191F560857185828593850E94A2
:10CFB0006B829B01AC01F40122873387448755873C
:10CFC000F30164817581868197810E946B829B0148
:10CFD000AC01F40126873787408B518B8685978576
:10CFE000A089B1890196A11DB11D86879787A08B65
:10CFF000B18BF301868597850E946582F401938B3E
:10D00000828B80E180831182B0C2F801828193819A
:10D010000E941C77F3014485F101268530E02F70D2
:10D020003070220F331F220F331F50E0407F5070AB
:10D030005595479555954795EC01C21BD30BC41BDD
:10D04000D50B5E01CC24DD24F40180A591A50E94BE
:10D05000FC7CAA2797FDA095BA2F8A159B05AC05E5
:10D06000BD050CF482C2A114B104C104D10409F4B9
:10D0700049C1F401E684F78400891189F3016481D0
:10D080007581868197810E946B82E616F7060807F4
:10D09000190709F0A3C0C201BE01A1010E94E55F0A
:10D0A0008F5F9F4F81F0F301648175818681978145
:10D0B0000E946B826A0D7B1D8C1D9D1DF40166878D
:10D0C0007787808B918B8AE298E0489EF001499E99
:10D0D000F00D589EF00D1124E654F74D008CF18DA3
:10D0E000E02D309711F0C20119958AE298E0489E30
:10D0F000E001499ED00D589ED00D1124C654D74D45
:10D1000088A599A50E94267C812C48E0942E940144
:10D11000281B390BC20160E140E050E08101BED81C
:10D120008091C0599091C1598415950509F051C05D
:10D130006091BE597091BF596115710509F449C0DC
:10D140008E859F85A889B9899B0140E050E0820FB8
:10D15000931FA41FB51FE090C259F090C3590091CE
:10D16000C4591091C5592E0D3F1D401F511F8217E4
:10D170009307A407B50721F588A599A546EC59E5BD
:10D180000E94957D8091C2599091C359A091C45934
:10D19000B091C559A80EB91ECA1EDB1EAE86BF8649
:10D1A000C88AD98A88A599A50E94267C881A990AD6
:10D1B000C20160E140E050E0940181016FD809C0F4
:10D1C0008091B4289091B52801969093B5288093CA
:10D1D000B4281092BF591092BE5994C0F401E6844D
:10D1E000F78400891189F3016481758186819781B3
:10D1F0000E946B82EA0CFB1C0C1D1D1DA60EB71EA7
:10D20000C81ED91EAE14BF04C006D10660F5F401D5
:10D21000C684D784E088F188F30184819581A68152
:10D22000B781F40186879787A08BB18B80A591A5E4
:10D230000E94267C20E038E0281B390BC20160E107
:10D2400040E050E081012AD8F401C686D786E08A02
:10D25000F18A8091B6289091B72801969093B728CB
:10D260008093B6284FC08091BE599091BF59892BA9
:10D2700009F03FC0F3018485F101068510E00F70CD
:10D280001070000F111F000F111F90E0807F907031
:10D290009595879595958795080F191F025F1F4FE4
:10D2A000F30164817581868197810E946B8260930E
:10D2B000C2597093C3598093C4599093C5595092E1
:10D2C000C1594092C059020D131D86EC99E5B80171
:10D2D000AE010F94B011D093BF59C093BE59809145
:10D2E000B8289091B92801969093B9288093B828CE
:10D2F00009C08091B4289091B52801969093B528E3
:10D300008093B428F3018585813009F098C08AE2C2
:10D3100098E0489EE001499ED00D589ED00D112402
:10D32000C654D74D8881823701F564817581868125
:10D3300097810E946B826F5F7F4F8F4F9F4F6E87E9
:10D340007F87888B998B88A599A50E94267C20E0F1
:10D3500038E0281B390BC20160E140E050E0810158
:10D360000E944E611F8A1E8A18828AE298E0489EB7
:10D37000E001499ED00D589ED00D1124C654D74DC2
:10D380008881813711F5F3016481758186819781E8
:10D390000E946B826F5F7F4F8F4F9F4F6E877F879B
:10D3A000888B998B88A599A50E94267C20E038E07F
:10D3B000281B390BC20160E140E050E081010E946E
:10D3C0004E611F8A1E8A188223C08881803101F530
:10D3D000F30160857185828593850E946B826F5F02
:10D3E0007F4F8F4F9F4F6A877B878C879D8788A54C
:10D3F00099A50E94267C20E038E0281B390BC20149
:10D4000061E140E050E081010E944E6182E7888343
:10D410008AE298E0489EF001499EF00D589EF00D7A
:10D420001124E654F74D82859385A485B585019630
:10D43000A11DB11D82879387A487B58796C0F3018C
:10D440008585813109F05CC08AE298E0489EE00160
:10D45000499ED00D589ED00D1124C654D74D8881B9
:10D46000813759F564817581868197810E946B822D
:10D470006F5F7F4F8F4F9F4F6E877F87888B998B12
:10D48000F30160857185828593850E946B829B0183
:10D49000AC012A873B874C875D8788A599A50E94A8
:10D4A000267C20E038E0281B390BC20160E140E017
:10D4B00050E081010E944E613CC08881803109F0BA
:10D4C00054C0F30164817581868197810E946B82CB
:10D4D0006F5F7F4F8F4F9F4F6E877F87888B998BB2
:10D4E00088A599A50E94267C20E038E0281B390BEE
:10D4F000C20161E140E050E081010E944E6120C024
:10D50000F3018585803189F58AE298E0489EE00143
:10D51000499ED00D589ED00D1124C654D74D8881F8
:10D52000843021F48FE0888319821FC0888182377C
:10D5300021F41F8A1E8A188218C08881813719F445
:10D5400082E7888312C0EA84FB840C851D85F30181
:10D5500060857185828593850E946B82E616F70649
:10D560000807190711F41D8A1C8ACDB7DEB7E2E15E
:10D570000D94BA0F0F931F93CF93DF9388EB96E62A
:10D5800062E00E94BD4F1092BF591092BE5981E0D7
:10D5900080932C22C0E0D0E08AE298E0C89F80010E
:10D5A000C99F100DD89F100D1124C8018C51974DA3
:10D5B00060E078E00E94FA7B0654174DF80191A7CD
:10D5C00080A7178A168A1082CE0194DA2196C63077
:10D5D000D10511F7DF91CF911F910F910895AC0103
:10D5E000FB0188E090E095878487DB0120E030E054
:10D5F000F901E35DFD4D808116968C931697FA0133
:10D60000E20FF31F80818D932F5F3F4F263031054E
:10D6100079F708951F938091CA5D813069F41FB72F
:10D62000F89482E08093CA5D84E090E00E94254BEC
:10D630000E94D95E1FBF13C08091C65D9091C75DE7
:10D64000A091C85DB091C95D0196A11DB11D8093E7
:10D65000C65D9093C75DA093C85DB093C95D1F91EF
:10D6600008951F938091CA5D823069F41FB7F894C2
:10D6700081E08093CA5D0E94D65E84E090E00E94C3
:10D68000814B1FBF13C08091C65D9091C75DA09173
:10D69000C85DB091C95D0196A11DB11D8093C65DA5
:10D6A0009093C75DA093C85DB093C95D1F91089525
:10D6B000EF92FF920F931F932091CB5D3091CC5D41
:10D6C0004091CD5D5091CE5D2F5F3F4F4F4F5F4FEB
:10D6D0002093CB5D3093CC5D4093CD5D5093CE5D78
:10D6E0007C010027F7FC0095102F2091CF5D309131
:10D6F000D05D4091D15D5091D25D2E0D3F1D401FF8
:10D70000511F2093CF5D3093D05D4093D15D5093F6
:10D71000D25D0E9457551F910F91FF90EF90089591
:10D72000AEEEB5E0E6E9FBE60D94AE0F0E94A7551C
:10D730008DE292E20E9412558EEE95E0BE016F5F7F
:10D740007F4F0E946556892BB9F784E090E060E036
:10D7500070E04EEB5BE60E94344B81E08093CA5D43
:10D760001092C65D1092C75D1092C85D1092C95D9F
:10D7700051DFC251DA4FE2E00D94CA0FAEEEB5E0D0
:10D78000E4ECFBE60D94AA0F8EEE95E07E01089482
:10D79000E11CF11CB7010E9465568C01009709F449
:10D7A0003EC08091CB5D9091CC5DA091CD5DB0915C
:10D7B000CE5D0196A11DB11D8093CB5D9093CC5D94
:10D7C000A093CD5DB093CE5D9801442737FD409581
:10D7D000542F8091CF5D9091D05DA091D15DB0919B
:10D7E000D25D820F931FA41FB51F8093CF5D9093CE
:10D7F000D05DA093D15DB093D25D8D859E850E9452
:10D80000658228E08030920739F08650984039F4DC
:10D81000C801B7019FD003C0C801B7011FD3C251CF
:10D82000DA4FE6E00D94C60FEDEDFDE5808188232B
:10D8300011F0815080833B968EE5E930F807B1F70F
:10D8400008950F931F93CF93DF93EC0189018430E8
:10D85000910514F080E033C08BE090E0C89F900108
:10D86000C99F300DD89F300D1124F901ED52F24AB5
:10D8700080819181A281B381FB0180839183A28306
:10D88000B383D901A952B24A20E030E0FA01E20F95
:10D89000F31F8D9180832F5F3F4F26303105B1F705
:10D8A0008BE090E0C89FF001C99FF00DD89FF00D6C
:10D8B0001124ED52F24A8285F801808381E0DF91E4
:10D8C000CF911F910F9108950F931F93CF93DF93E3
:10D8D000DC01162F072F8DB79EB740970FB6F8942F
:10D8E0009EBF0FBE8DBFEDB7FEB73196CDB7DEB789
:10D8F0006983718380ED90E0938382838C9184832C
:10D90000158211968C9111978683178212968C91AD
:10D9100012978087118613968C91139782871386AE
:10D9200014968C9114978487158615968C9186870A
:10D9300017860F94D9128DB79EB740960FB6F894FC
:10D940009EBF0FBE8DBF812F902FDF91CF911F9172
:10D950000F910895EF92FF920F931F93CF93DF9350
:10D960007C018B01EB012E968E819F810E94658246
:10D970008130910521F0029709F075C052C0288DC1
:10D98000398D4A8D5B8D8091332290913422A09104
:10D990003522B0913622281739074A075B0709F06C
:10D9A00062C082E090E00E9465829F838E838885BA
:10D9B0008A8B89858B8B8A858C8B8B858D8B8C85CF
:10D9C0008E8B8D858F8B80912D22888780912E2242
:10D9D000898780912F228A87809130228B8780913E
:10D9E00031228C87809132228D87809133229091D1
:10D9F0003422A0913522B09136228E879F87A88B42
:10DA0000B98BF801ADE2B2E2868180838D91868385
:10DA1000319682E2A333B807B9F7C701B80148DEEF
:10DA200022C0E3EDFDE520813181428153818E8565
:10DA30009F85A889B989281739074A075B0771F4B8
:10DA40008EE1828788858483898585838A8586831C
:10DA50008B8587838C8580878D8581873B968DE537
:10DA6000EF3FF80701F7CDB7DEB7E6E00D94C60F3C
:10DA7000A0E0B0E0EEE3FDE60D94A00F6B017C01A9
:10DA80003A014DB65EB6E3EDFDE520E030E082857B
:10DA9000882309F180819181A281B3818C159D0534
:10DAA000AE05BF05C1F48BE090E0289FD001299F0F
:10DAB000B00D389FB00D1124A952B24A20E030E0D9
:10DAC000F301E20FF31F8D9180832F5F3F4F2630CC
:10DAD0003105B1F7D3C02F5F3F4F3B96243031055E
:10DAE000B1F6EDEDFDE520E030E08081882389F49A
:10DAF0008BE090E0289FF001299FF00D389FF00DFA
:10DB00001124ED52F24AC082D182E282F3824901AD
:10DB100008C02F5F3F4F3B962430310531F78824F2
:10DB200099248DB79EB78A970FB6F8949EBF0FBE03
:10DB30008DBFADB6BEB60894A11CB11C0DB71EB703
:10DB4000015F1F4F81E090E00E946582F8019183A0
:10DB5000808380E098E00E946582F801938382834D
:10DB600086E0848384E0858381E090E00E94658282
:10DB7000F80197838683128A138A148A158A168A73
:10DB8000178AC08ED18EE28EF38E80912D228087EF
:10DB900080912E22818780912F228287809130224E
:10DBA000838780913122848780913222858780917A
:10DBB000332290913422A0913522B091362286876B
:10DBC0009787A08BB18BADE2B2E2F5018FEF808336
:10DBD0008D918683319682E2A333B807B9F786E048
:10DBE00098E00E946582F501958784878AE290E03B
:10DBF000B5015EDD0E949B4F082F90E064E670E067
:10DC000041E00E94774F8BE090E0889E9001899ED2
:10DC1000300D989E300D1124F901ED52F24A8285A3
:10DC20008823A1F0D901A952B24A20E030E0F301E3
:10DC3000E20FF31F8D9180832F5F3F4F2630310518
:10DC4000B1F7802F90E00E94E94C18C0802F90E03F
:10DC50000E945D4F892B39F4802F90E00E94E94C9F
:10DC600021E030E00DC0802F90E00E945D4FC29710
:10DC700051F68AE290E0B5011BDDC5CF20E030E02F
:10DC8000C9010FB6F8945EBE0FBE4DBE2096E0E10E
:10DC90000D94BC0F1092DD5D1092E85D1092F35D63
:10DCA0001092FE5D84E19CE662E00C94BD4F0F9300
:10DCB0001F93142F052F2DB73EB72C5030400FB6B1
:10DCC000F8943EBF0FBE2DBFEDB7FEB73196ADB78E
:10DCD000BEB711964C9351832EEE30E033832283EE
:10DCE00064831582768317828087118692871386D4
:10DCF0000F94D9122DB73EB7245F3F4F0FB6F8945B
:10DD00003EBF0FBE2DBF812F902F1F910F91089501
:10DD1000A0E0B0E0EEE8FEE60D94A20F3C010F9407
:10DD2000F7114C01C0E0D0E0AA24BB24CC24DD24B0
:10DD3000760122C083010C0F1D1FC8010F94DA1059
:10DD40009C01F80180818E3221F40894A11CB11C41
:10DD500005C021963196C815D905A0F3FE2CED2CEF
:10DD6000DC2CCC24C901AA2797FDA095BA2FC82A7C
:10DD7000D92AEA2AFB2A2196C815D90528F083E07A
:10DD8000A816B10469F405C084E0A816B10490F2A5
:10DD900007C0C701B6010E946B829B01AC0104C0A1
:10DDA00020E030E040E050E0B901CA01CDB7DEB775
:10DDB000EEE00D94BE0F9F92AF92BF92CF92DF9292
:10DDC000EF92FF920F931F935B016C01942EC90198
:10DDD0007801025F1F4F25E4F7012687F8011182C1
:10DDE00044960E946582F801938382838CEA9DE1C8
:10DDF0009583848380E490E09783868380E48087A2
:10DE00009186138612868091332290913422A091BC
:10DE10003522B091362284879587A687B787A08A56
:10DE2000B18AC28AD38AF701668570E06F7070701C
:10DE3000660F771F660F771FC8010E9422770E9426
:10DE40006582F801938782871F910F91FF90EF9071
:10DE5000DF90CF90BF90AF909F900895CF93DF93C6
:10DE6000EC01FB013E9681858630C9F0813161F17C
:10DE7000813069F520893189428953898091332223
:10DE800090913422A0913522B0913622281739077B
:10DE90004A075B07E1F4CE010E94F75A18C02089B7
:10DEA0003189428953898091332290913422A09103
:10DEB0003522B0913622281739074A075B0739F413
:10DEC000CE010E94236703C0CE010E94045DDF9152
:10DED000CF9108951F93CF93DF93182FE901A0E00E
:10DEE000B0E0FE01EA0FFB1F80818F3F69F0CD019A
:10DEF0000196FE01E80FF91F2081DC011196A20FA7
:10DF0000B11DA036B1056CF3153389F0163330F42A
:10DF1000123321F1133309F0B1C020C0173309F4D3
:10DF200054C01733A8F01D3309F0A8C06AC0FE0121
:10DF3000EA0FFB1F1083CD010196FE01E80FF91FC8
:10DF400021E020830196FE01E80FF91F408394C071
:10DF5000FE01EA0FFB1F86E3808304C0FE01EA0F87
:10DF6000FB1F10839D012F5F3F4FFE01E20FF31F48
:10DF700084E080832F5F3F4FFE01E20FF31F408359
:10DF80002F5F3F4FFE01E20FF31FBB2777FDBA95CE
:10DF9000A72F962F852F80832F5F3F4FFE01E20F23
:10DFA000F31FCB01BB2797FDB095AB2F80832F5F6D
:10DFB0003F4FFE01E20FF31F872FBB2787FDB09570
:10DFC0009B2FAB2F8083D90158C0FE01EA0FFB1FA6
:10DFD0001083CD010196FE01E80FF91F33E0308375
:10DFE0000196FE01E80FF91F21E020830196FE0152
:10DFF000E80FF91F30830196FE01E80FF91F26E0B4
:10E000003AC0FE01EA0FFB1F1083CD010196FE010D
:10E01000E80FF91F27E020830196FE01E80FF91FA2
:10E0200021E020830196FE01E80FF91F20912D22A7
:10E0300020830196FE01E80FF91F20912E222083F4
:10E040000196FE01E80FF91F20912F2220830196EF
:10E05000FE01E80FF91F2091302220830196FE0176
:10E06000E80FF91F2091312220830196FE01E80F6D
:10E07000F91F209132222083DC011196CA0FDB1F89
:10E080008FEF88839D012F5F3F4FC901DF91CF91B3
:10E090001F910895CF93DF93EC0181E088838983FA
:10E0A00086E08A831B82CE0104966FE272E244E02E
:10E0B00050E00F94B011198618861B861A861C86AC
:10E0C0001D861E861F86188A198A1A8A1B8A1C8A30
:10E0D0001D8A1E8A1F8A188E198E1A8E1B8E809199
:10E0E0002D228C8F80912E228D8F80912F228E8FCA
:10E0F000809130228F8F8091312288A380913222AB
:10E1000089A3FE01BC9680E090E0119201968034D4
:10E110009105D9F7FE01E459FF4F80E090E011929C
:10E12000019680389105D9F7C451DF4F83E692E814
:10E13000A3E5B3E688839983AA83BB83CC5ED040F2
:10E14000FE01E051FF4F80E090E011920196803691
:10E150009105D9F7C051DF4F8FEF8883DF91CF91C1
:10E160000895A0E0B0E0E7EBF0E70D949F0F7B018E
:10E170009C0158E0452E512C480E591E44E0642E57
:10E18000712C680E791E9CE0892E912C820E931EB4
:10E1900084E1A82EB12CA20EB31EB0E1CB2ED12C5F
:10E1A000C20ED31E20E030E03324F701E20FF31F4C
:10E1B000E081EF3F09F459C0E9012196E630F9F01A
:10E1C000E73030F4E13059F0E33009F041C00FC0DE
:10E1D000E533A9F1E63359F1E333D1F520C08E01DF
:10E1E0000F5F1F4FB701600F711FC2010FC08E017B
:10E1F0000F5F1F4FB701600F711FC30107C08E0172
:10E200000F5F1F4FB701600F711FC40144E050E062
:10E210000F94B011CE0DDF1D8881980120C08E01B2
:10E220000F5F1F4FB701600F711FC501EFCF8E0148
:10E230000F5F1F4FB701600F711FC601E7CFF701D6
:10E24000EC0FFD1F31809E012F5F3F4F808107C083
:10E25000F701EC0FFD1F80819E012F5F3F4F280FBC
:10E26000311D203631050CF4A0CF832DCDB7DEB79C
:10E27000E1E10D94BB0FA0E0B0E0E1E4F1E70D9423
:10E28000A60F5C018B017A01CB0104DF60EFC62E83
:10E29000D12CC00ED11E85E343E050E060E070E079
:10E2A000960118DED70150964D915D916D917C914C
:10E2B000539786E396010EDEF701448955896689F6
:10E2C000778983E3960106DED7014D915D916D91CB
:10E2D0007C9182E39601FEDD8DE340E050E060E05A
:10E2E00070E09601F7DD87E340E050E060E070E029
:10E2F0009601F0DDC50160E571E0A8010E94AC5D0A
:10E300000E949B4FEC01BFEF8F3F9B07F9F068EE37
:10E3100073E041E00E94774FC5010E946B5B8097DC
:10E3200051F4CE010E94E94CC701B6011ADF282F33
:10E33000853039F10EC0CE010E945D4F892B61F707
:10E34000CE010E94E94CC5010E94C05B2FEF3FEF58
:10E350004BC000D00F92EDB7FEB7319686E191E049
:10E36000ADB7BEB712969C938E93119722831382FA
:10E370000F94B7122FEF3FEF0F900F900F900F9069
:10E3800033C0F70180819181A281B38180933322D0
:10E3900090933422A0933522B093362280859185C4
:10E3A000A285B3858093372290933822A093392297
:10E3B000B0933A2284819581A681B78180933B22D4
:10E3C00090933C22A0933D22B0933E228485958574
:10E3D000A685B78580933F2290934022A093412247
:10E3E000B093422220E030E0C901CDB7DEB7EAE0C9
:10E3F0000D94C20FA0E0B0E0E0E0F2E70D94A40FAE
:10E400005C01162F072F942E852EC62ED72E862F11
:10E41000972F40DE70EFE72EF12CEC0CFD1C85E30E
:10E4200041E050E060E070E0970154DD83E34FEF9E
:10E430005FEF6FE070E097014DDD8DE340E050E06D
:10E4400060E070E0970146DD87E340E050E060E087
:10E4500070E097013FDDC50160E571E0412F502F6D
:10E460000E94AC5D0E949B4F8C018FEF0F3F1807FD
:10E4700011F1C80168EE73E041E00E94774FC501D9
:10E480000E946B5B809761F4C92DD82DC8010E9452
:10E49000E94CCE01B70165DE282F823039F10EC07C
:10E4A000C8010E945D4F892B51F7C8010E94E94CB9
:10E4B000C5010E94C05B2FEF3FEF26C000D00F9236
:10E4C000EDB7FEB731968AEF90E0ADB7BEB71296C2
:10E4D0009C938E931197228313820F94B7122FEF80
:10E4E0003FEF0F900F900F900F900EC0F6018089B4
:10E4F0009189A289B38988839983AA83BB83C50143
:10E500000E94A05B20E030E0C901CDB7DEB7ECE0AF
:10E510000D94C00F4F925F927F928F929F92AF9215
:10E52000BF92CF92DF92EF92FF920F931F93DF93F0
:10E53000CF93CDB7DEB74DB65EB6C0903322D09044
:10E540003422E0903522F09036221092332210923D
:10E55000342210923522109236228DB79EB74897FA
:10E560000FB6F8949EBF0FBE8DBF0196882E792EF0
:10E570008DB79EB7805591400FB6F8949EBF0FBEE1
:10E580008DBFEDB7FEB73196AE2E9F2E6FEF7FEFAA
:10E590008FEF9FEF43E450E020E531E08F010E94D0
:10E5A000115E8C019FEF0F3F1907E1F0EAE0BE2EEC
:10E5B000C8016A2D792D482D572D1CDFBB2031F065
:10E5C000BA9421F08F5F9F4F99F303C08F5F9F4FE5
:10E5D00049F0C8016A2D792D482D572D4CDE8F5FEB
:10E5E0009F4F59F4C0923322D0923422E0923522C8
:10E5F000F09236222FEF3FEF05C0C8010E94C05BAA
:10E6000020E030E0C9010FB6F8945EBE0FBE4DBEEB
:10E61000CF91DF911F910F91FF90EF90DF90CF90FE
:10E62000BF90AF909F908F907F905F904F90089594
:10E63000ABE1B0E0EEE1F3E70D94A70FB22E611568
:10E6400071058105910579F44115510509F470C0F2
:10E65000CA01ADD06F3F2FEF72072FEF82072FEF68
:10E66000920709F465C045E250E024E030E07E0105
:10E670000894E11CF11C87010E94115E6C018FEF70
:10E68000C8168FEFD80609F453C0C60160E070E0E9
:10E69000A7010E94AC5D0E949B4F7C012FEF8F3F32
:10E6A000920709F445C064EF71E041E00E94774FA2
:10E6B000C6010E946B5B809761F5C7010E945D4FA8
:10E6C000892B39F1C6010E94865B04973CF1FE015B
:10E6D0003496DE01159680818D933197EC17FD07F6
:10E6E000D1F78E01075F1F4FC8010E944C4F8D81EB
:10E6F0009E81AF81B8858F8B988FA98FBA8FBA8A88
:10E70000C8010E94024DC8010E943B4F00E010E08A
:10E7100007C0C7010E945D4F892B51F60FEF1FEF15
:10E72000C7010E94E94CC6010E94C05B980102C06B
:10E730002FEF3FEFC9016B96E9E00D94C30FEF9205
:10E74000FF920F931F93CF93DF938C017B010F9464
:10E75000F711BC0161507040D701A80FB91FE80143
:10E76000C60FD71F40E050E00EC028812E3221F4A2
:10E770004C9340E050E003C02C934F5F5F4F6150DB
:10E78000704011972197FB01319677FFEECFEE0D88
:10E79000FF1D4083E80EF91EF70111829C012F5FD7
:10E7A0003F4FC901CDB7DEB7E6E00D94C60FA0E03C
:10E7B000B0E0EDEDF3E70D94A00F8C014DB65EB621
:10E7C0002DB73EB7225D30400FB6F8943EBF0FBE66
:10E7D0002DBF8DB69EB60894811C911C64018DECF2
:10E7E0009AE1F4019183808380E091E00E94658248
:10E7F000F4019383828381E090E00E946582F401BA
:10E80000958384831782168211861086138612865A
:10E81000B401645F7F4FC80192DF7C01F401E80F0F
:10E82000F91F158681E086871786808B60913F22CD
:10E8300070914022809141229091422245E350E024
:10E8400022ED30E084010E94115E5C01FFEF8F3FFA
:10E850009F0709F45AC095E0692E712C6E0C7F1C3D
:10E8600021E130E0E20EF31EC501B701A4010E94D0
:10E87000AC5D0E949B4F8C013FEF8F3F930709F4E3
:10E8800044C068EC70E041E00E94774FC5010E94EF
:10E890006B5B809779F4C8010E94E94CC5010E9426
:10E8A000C05BF60182819381C7D28F709070892BF3
:10E8B00069F02BC0C8010E945D4F892B39F7C80150
:10E8C0000E94E94CC5010E94C05B1FC08CE0E82E8D
:10E8D000F12CEC0CFD1C8701060D171DF80182813F
:10E8E0009381AAD2019759F0F80182859385A4D229
:10E8F0002CE030E0620E731E680E791EECCFF8013A
:10E90000248535854685578504C02FEF3FEF4FEFAF
:10E910005FEFB901CA010FB6F8945EBE0FBE4DBEDF
:10E920002096E0E10D94BC0FA0E4B0E0EAE9F4E742
:10E930000D94AC0FBC018E010F5F1F4FC8010F94E7
:10E940005211C80134DFC05CDF4FE4E00D94C80F02
:10E95000A3E3B0E0EEEAF4E70D94AA0F8AE493E0B3
:10E9600012D48F5F9F4F71F08E010C5E1F4F86E4B3
:10E9700093E0B801BFD5C8016DE272E24CE050E00F
:10E980000E9420820E94906B0E948C55ADB7BEB74A
:10E9900050970FB6F894BEBF0FBEADBFEDB7FEB730
:10E9A00031962AEF32E012963C932E93119793837F
:10E9B000828380912D228483158280912E228683EA
:10E9C000178280912F228087118680913022828742
:10E9D0001386809131228487158680913222868722
:10E9E00017860F94B712EDB7FEB770960FB6F8946E
:10E9F000FEBF0FBEEDBF0E9427560F920F928DEE05
:10EA000092E0ADB7BEB712969C938E9311970F9478
:10EA1000B7120F900F900E941E568823E1F70F92B5
:10EA20000F928FED92E0EDB7FEB7928381830F9442
:10EA3000B7120F900F902ED90F920F9286EC92E0A2
:10EA4000ADB7BEB712969C938E9311970F94B712E1
:10EA50000F900F900E940C5C0F920F928CE992E045
:10EA6000EDB7FEB7928381830F94B7120F900F908A
:10EA70000E94BA6A0F920F9281E792E0ADB7BEB7DB
:10EA800012969C938E9311970F94B7120F900F903C
:10EA90008CE692E078D38F5F9F4FF9F40F920F923C
:10EAA00085E791E0EDB7FEB7928381830F94B712AB
:10EAB0000F900F902FDD892B59F40F920F9283E462
:10EAC00091E0ADB7BEB712969C938E9311972DC06F
:10EAD0000F920F9288E591E024C08E010C5E1F4FCB
:10EAE00087E692E0B80106D5C80164E672E00F94AB
:10EAF0004911892B09F05BC00F920F9285E791E0D5
:10EB0000ADB7BEB712969C938E9311970F94B71220
:10EB10000F900F90FFDC892B69F40F920F9283E422
:10EB200091E0EDB7FEB7928381830F94B7120F90F7
:10EB30000F908AC00F920F9288E591E0ADB7BEB7F3
:10EB400012969C938E9311970F94B7120F900F907B
:10EB500082E391E0B801CED4C801DAD860933322C1
:10EB600070933422809335229093362285E391E08E
:10EB7000B801C0D4C801CCD8609337227093382232
:10EB80008093392290933A228EE391E0B801B2D477
:10EB9000C801BED860933B2270933C2280933D22F3
:10EBA00090933E228AE391E0B801A4D443C082E36B
:10EBB00091E0B8019FD48F5F9F4F51F0C801A8D852
:10EBC00060933322709334228093352290933622BF
:10EBD0008E010C5E1F4F85E391E0B8018BD48F5FEF
:10EBE0009F4F51F0C80194D8609337227093382218
:10EBF0008093392290933A228E010C5E1F4F8EE350
:10EC000091E0B80177D48F5F9F4F51F0C80180D851
:10EC100060933B2270933C2280933D2290933E224E
:10EC20008E010C5E1F4F8AE391E0B80163D48F5FC1
:10EC30009F4F51F0C8016CD860933F2270934022DF
:10EC4000809341229093422260913322709134222A
:10EC5000809135229091362224E1E22EF12CEC0EA7
:10EC6000FD1EA70124D800D00F9221E532E0ADB7F8
:10EC7000BEB712963C932E93119714969C938E9345
:10EC800013970F94B7120F900F900F900F90609101
:10EC90003722709138228091392290913A22A7012F
:10ECA00006D800D00F922EE332E0EDB7FEB73283E4
:10ECB0002183948383830F94B7120F900F900F904A
:10ECC0000F9060913B2270913C2280913D22909167
:10ECD0003E22A7010E94576E00D00F922BE232E035
:10ECE000ADB7BEB712963C932E93119714969C9392
:10ECF0008E9313970F94B7120F900F900F900F9061
:10ED000060913F2270914022809141229091422255
:10ED1000A7010E94576E00D00F9228E132E0EDB7B4
:10ED2000FEB732832183948383830F94B7120F90AD
:10ED30000F900F900F9084E192E0B701DBD38F5FCB
:10ED40009F4F09F472C0C70161E172E00F9449114D
:10ED5000892B09F06AC00F920F928DEE91E0ADB74A
:10ED6000BEB712969C938E9311970F94B7120F9083
:10ED70000F9085EE91E0B701BDD38F5F9F4F09F4EF
:10ED800048C0C7010F94DA10182F8BED91E0B7013E
:10ED9000B1D360E070E080E090E0A701212F48DC73
:10EDA000892B61F5CE0101960E944C4F2C813B814D
:10EDB0004A815981EDB7FEB73A970FB6F894FEBF76
:10EDC0000FBEEDBF31968EEB91E0ADB7BEB7129698
:10EDD0009C938E93119722831382348315824683EA
:10EDE0001782508711860F94B712EDB7FEB73A9687
:10EDF0000FB6F894FEBF0FBEEDBF17C00F920F9273
:10EE00008CEA91E0ADB7BEB712969C938E931197A2
:10EE100008C00F920F928AE991E0EDB7FEB7928396
:10EE200081830F94B7120F900F9082E00E941A57BF
:10EE3000E396E6E00D94C60F9C0123273227232793
:10EE4000C9010895CF93DF93EC0120E030E040E06A
:10EE500050E013C0888199812296F82FE0E0DF010D
:10EE6000A90FB11DCD0180959095A0E0B0E0280FCD
:10EE7000391F4A1F5B1F625070406230710554F7A2
:10EE80006130710551F4988180E080959095A0E003
:10EE9000B0E0280F391F4A1F5B1FCA01AA27BB27F2
:10EEA00040705070820F931FA41FB51F9D0144270F
:10EEB0005527A070B070280F391F4A1F5B1F407084
:10EEC0005070C901DF91CF91089583E492E290934D
:10EED000E2E28093E1E29093E4E28093E3E29093B4
:10EEE000E6E28093E5E28FEF8093FF5F8FEF9DE591
:10EEF000909303608093026010920560109204600A
:10EF000008958091FF5F8230C9F4809104609091F0
:10EF10000560892B79F0809100609091016060918B
:10EF2000046070910560409102605091036020E0A0
:10EF30000E94296610920560109204600895FF9265
:10EF40000F931F93182F062FF72EDBDF1093FF5F11
:10EF5000802F9F2D90930160809300601092056038
:10EF6000109204601F910F91FF9008950F931F93CB
:10EF70008C01C7DF8FEF9FE5B80147E050E00F94A9
:10EF8000B0111F910F9108950F931F938C01B9DF5A
:10EF9000C8016FEF7FE547E050E00F94B0111F917B
:10EFA0000F9108958091FF5F813019F0823019F53B
:10EFB00010C080910060909101600E944751181626
:10EFC0001906CCF480910060909101600E94355147
:10EFD0000FC080910060909101600E94845F1816BC
:10EFE00019064CF480910060909101600E94BE630C
:10EFF000282F30E002C02FEF3FEFC90108951F9383
:10F00000182F8091FF5F813019F0823009F508C018
:10F010008091006090910160612F0E94245118C07E
:10F0200080910460909105608050924009F469DFFE
:10F030008091046090910560E0910260F09103601E
:10F04000E80FF91F10830196909305608093046088
:10F0500080E090E01F910895909307608093066090
:10F0600008950F931F93CF93DF9380915322909134
:10F0700054228F5F9F4F19F4CFEFDFEF15C000913F
:10F08000126010911360C0E0D0E00BC0809151225B
:10F09000909152228C0F9D1F0F941215882321F0FE
:10F0A0002196C017D10794F3CE01DF91CF911F9124
:10F0B0000F910895AEE1B0E0E0E6F8E70D94A60FF9
:10F0C0005C01CC24DD244EC08091512290915222CB
:10F0D000800F911F0F941215FE01EE0DFF1D81830D
:10F0E0008D3311F0882361F4CE010196E80EF91EEC
:10F0F000F7011082B5010F94E711892B09F53AC089
:10F100000894E11CF11C0F5F1F4FABDF08171907B4
:10F11000DCF216C08091512290915222800F911FF3
:10F120000F9412158D3081F08091512290915222CE
:10F13000800F911F0F941215882331F00F5F1F4F1E
:10F1400090DF0817190734F38091512290915222D1
:10F15000800F911F0F941215882371F06801089495
:10F16000C11CD11C7EDFC816D90634F48601EE24FA
:10F17000FF24CBCF960102C02FEF3FEFC9016E965F
:10F18000EAE00D94C20FA0E0B0E0E9ECF8E70D94DE
:10F19000A80F7C01CDB6DEB60F94591101962DB79C
:10F1A0003EB7281B390B0FB6F8943EBF0FBE2DBFDC
:10F1B0000DB71EB70F5F1F4FC801B7010F94521153
:10F1C000C80178DF0FB6F894DEBE0FBECDBE209624
:10F1D000E8E00D94C40FA0E0B0E0E1EFF8E70D9493
:10F1E000A60F6C018091066090910760019709F469
:10F1F00058C037DF5C01C6015DDFEC018FEFCF3F08
:10F20000D80719F42FEF3FEF4EC000E010E08DE07B
:10F21000F82E11C080915122909152228C0F9D1F87
:10F220000F941215F82E8DE0F81641F0FF2031F002
:10F230000F5F1F4F2196CA15DB0564F3C6013ADF45
:10F24000EC018DE0F81619F578010894E11CF11C29
:10F2500015C000915122109152228091512290911B
:10F2600052228E0D9F1D8C0F9D1F0F941215682F1B
:10F27000CE01800F911F0F941A152196F2DEC81748
:10F28000D9073CF3809151229091522205C0809180
:10F2900051229091522201978C0F9D1F60E00F9494
:10F2A0001A1521E030E0C901CDB7DEB7EAE00D94D0
:10F2B000C20FA0E0B0E0EFE5F9E70D94A80F7C01E4
:10F2C0006B01F8DE8F5F9F4F19F02FEF3FEF5DC0AE
:10F2D0008091066090910760019709F454C0C1DEE7
:10F2E000EC01009751F080915122909152228C0FA5
:10F2F0009D1F21966DE00F941A1500E010E00FC0DD
:10F3000080915122909152228C0F9D1FE901F701AB
:10F31000E00FF11F60810F941A150F5F1F4FC70197
:10F320000F94F7119E012F5F3F4F0817190740F305
:10F33000809151229091522289018C0F9D1F6DE383
:10F340000F941A15C0E0D0E00FC080915122909127
:10F350005222800F911F0F5F1F4FF601EC0FFD1F10
:10F3600060810F941A152196C6010F94F711C817E2
:10F37000D90758F38091512290915222800F911F0A
:10F3800060E00F941A1521E030E0C901CDB7DEB777
:10F39000E8E00D94C40F0F931F93CF93DF93EC011C
:10F3A0008B0188DE8F5F9F4F11F0CE0114DFCE01FD
:10F3B000B8017FDF81E090E0DF91CF911F910F9145
:10F3C0000895A0E0B0E0E7EEF9E70D94A60F7C0108
:10F3D0006B01ADB6BEB60F94591101962DB73EB76D
:10F3E000281B390B0FB6F8943EBF0FBE2DBF0DB7CB
:10F3F0001EB70F5F1F4FC801B7010F945211C8010C
:10F40000B601C9DF0FB6F894BEBE0FBEADBE2096E2
:10F41000EAE00D94C20FAEE1B0E0E1E1FAE70D944D
:10F42000A60F6C015B0146DE8C018FEF0F3F1807C2
:10F4300009F459C0EE24FF241AC080915122909102
:10F440005222800F911F0F941215FE01EE0DFF1D29
:10F4500081838D3311F0882329F4EC0EFD1EF70112
:10F46000118209C00894E11CF11C0F5F1F4FF9DDE8
:10F470000817190714F38091512290915222800F9E
:10F48000911F0F9412158D3371F5CE010196B601BF
:10F490000F94E711892B39F578010894E11CF11CD0
:10F4A00000E010E015C080915122909152228E0D03
:10F4B0009F1D0F941215F501E00FF11F80838D3011
:10F4C00059F0882349F00F5F1F4F0894E11CF11C8D
:10F4D000C8DDE816F9063CF30A0D1B1DF801108281
:10F4E00021E030E002C02FEF3FEFC9016E96EAE065
:10F4F0000D94C20FA0E0B0E0E0E8FAE70D94A60F8B
:10F500007C016B01ADB6BEB60F94591101962DB7B3
:10F510003EB7281B390B0FB6F8943EBF0FBE2DBF68
:10F520000DB71EB70F5F1F4FC801B7010F945211DF
:10F53000C801B60170DF0FB6F894BEBE0FBEADBEF7
:10F540002096EAE00D94C20FCF93DF9388E090E617
:10F550006EE473E04AE050E00F942A1183EF9FE0DD
:10F560009093136080931260C0E0D0E0FE01E85FEA
:10F57000FF49CE0160810F941A152196CC30D10538
:10F58000A9F78DE090E090935222809351228091D0
:10F5900051229091522260E00F941A15DF91CF9181
:10F5A00008950F931F93CF93DF93009112601091F2
:10F5B000136057DD40915122509152222DB73EB732
:10F5C000285030400FB6F8943EBF0FBE2DBFEDB7A8
:10F5D000FEB7319620E633E0ADB7BEB712963C9346
:10F5E0002E931197138302839583848357834683D5
:10F5F0000F94B712C0E0D0E0EDB7FEB738960FB663
:10F60000F894FEBF0FBEEDBF4FC080915122909184
:10F6100052228C0F9D1F0F941215863261F010C07C
:10F6200080915122909152228C0F9D1F0F941215A0
:10F630008D30C9F1219615DDC817D9078CF333C079
:10F6400080915122909152228C0F9D1F0F94121580
:10F6500000D00F92EDB7FEB731962DE533E0ADB790
:10F66000BEB712963C932E931197828313820F9408
:10F67000B71280915122909152220F900F900F90CB
:10F680000F908C0F9D1F0F9412158D3061F40F9207
:10F690000F928BE593E0EDB7FEB7928381830F94D1
:10F6A000B7120F900F902196DCDCC817D9070CF425
:10F6B000ACCF0F920F9288E593E0ADB7BEB712962C
:10F6C0009C938E9311970F94B7120F900F90DF9128
:10F6D000CF911F910F910895A0E2B0E0E2E7FBE720
:10F6E0000D94AC0F00E010E088E090E6B8014AE02D
:10F6F00050E00F94021588E090E660E072E24AE084
:10F7000050E00F94A311892BA9F488E090E6B8018A
:10F710004CE050E00F9402151093542200935322B2
:10F7200080915322909154220D969093522280936F
:10F73000512206C00F5F1F4F2FE0033F1207A1F6B3
:10F7400080915322909154228F5F9F4F19F42FEF95
:10F750003FEF1EC085EA93E08E010F5F1F4FB80197
:10F76000C9DE8F5F9F4F91F0C80161EA73E00F948B
:10F770004911892B29F4109207601092066006C087
:10F7800081E090E0909307608093066020E030E095
:10F79000C901A096E4E00D94C80F9EDF8F5F9F4FD4
:10F7A00011F4D2DE99CF0895F89488E10FB6F89459
:10F7B00080936000109260000FBE2CE088E190E022
:10F7C0000FB6F894A895809360000FBE2093600058
:10F7D000FFCF80911460882361F481E080931460EE
:10F7E000E5E1F0E6118210823B9680E6E53CF80701
:10F7F000C9F70895AC01E5E1F0E620E030E0808152
:10F800009181892BC9F48BE090E0289FF001299F1A
:10F81000F00D389FF00D1124EB5EFF4951834083BA
:10F820007383628317821682158214821186108672
:10F830008FEF8287F90108C02F5F3F4F3B96203141
:10F840003105E9F6EFEFFFEFCF0108959C0180311C
:10F8500091058CF48BE090E0289FF001299FF00D3A
:10F86000389FF00D1124EB5EFF4982858F3F19F41C
:10F870002085318502C02FEF3FEFC9010895AC010B
:10F88000803191050CF04CC08BE090E0489FD00196
:10F89000499FB00D589FB00D1124AB5EBF491A9619
:10F8A0008C911A978F3FE1F518962D913C911997FD
:10F8B00012968D919C9113972817390788F5ED9131
:10F8C000FC91119714968D919C911597E80FF91F53
:10F8D000608314968D919C911597019615969C9333
:10F8E0008E93149712962D913C911397821793073C
:10F8F00021F415961C921E9214978BE090E0489F7D
:10F90000F001499FF00D589FF00D1124EB5EFF4967
:10F910008085918501969187808720E030E002C044
:10F920002FEF3FEFC9010895AC01803191050CF034
:10F9300041C08BE090E0489FD001499FB00D589F97
:10F94000B00D1124AB5EBF491A968C911A978F3F68
:10F9500089F518968D919C911997892B59F11696D6
:10F960008D919C911797ED91FC911197E80FF91FDC
:10F970006081019617969C938E93169712962D91FF
:10F980003C9113978217930721F417961C921E92AD
:10F9900016978BE090E0489FF001499FF00D589F2B
:10F9A000F00D1124EB5EFF498085918501979187C9
:10F9B000808701C060E0862F08959C018031910509
:10F9C000BCF48BE090E0289FF001299FF00D389F58
:10F9D000F00D1124EB5EFF4982858F3F49F41782B9
:10F9E0001682158214821186108620E030E002C053
:10F9F0002FEF3FEFC90108959C01803191051CF064
:10FA00002FEF3FEF11C08BE090E0289FF001299F7E
:10FA1000F00D389FF00D1124EB5EFF4922813381F8
:10FA200080859185281B390BC9010895EF92FF92BB
:10FA30000F931F93CF93DF937C018B0180E1E81636
:10FA4000F1040CF06AC08BE090E0E89EE001E99ED2
:10FA5000D00DF89ED00D1124CB5EDF498A858F3FF3
:10FA600009F05BC0888599858617970708F457C009
:10FA7000EE81FF819B012E0F3F1F8A819B812817FA
:10FA8000390718F060E070E033C0688179816E0F4B
:10FA90007F1FCA01A8010F94B0118E819F81800F32
:10FAA000911F9F838E8327C0DA01A60FB71F8BE0BB
:10FAB00090E0E89EE001E99ED00DF89ED00D112463
:10FAC000CB5EDF49E881F9818E819F81E80FF91FC4
:10FAD00080818C938E819F8101969F838E832A8162
:10FAE0003B818217930711F41F821E826F5F7F4F45
:10FAF00060177107CCF28BE090E0E89EF001E99E80
:10FB0000F00DF89EF00D1124EB5EFF498085918584
:10FB1000801B910B9187808702C00FEF1FEFC801F8
:10FB2000CDB7DEB7E6E00D94C60FEF92FF920F93CC
:10FB30001F93CF93DF937C018B01BA018031910534
:10FB40000CF06CC08BE090E0E89EE001E99ED00DE7
:10FB5000F89ED00D1124CB5EDF498A858F3F09F0D6
:10FB60005DC0EA81FB81888599859F01281B390B3F
:10FB70002017310708F452C02C813D81C801820F43
:10FB8000931F8E179F0718F040E050E032C0888125
:10FB90009981820F931FA8010F94B0118C819D81D0
:10FBA000800F911F9D838C8327C08BE090E0E89E9F
:10FBB000E001E99ED00DF89ED00D1124CB5EDF4907
:10FBC000A881B9818C819D81A80FB91FFB01E40F29
:10FBD000F51F80818C938C819D8101969D838C8300
:10FBE0002A813B818217930711F41D821C824F5F8B
:10FBF0005F4F40175107C8F28BE090E0E89EF0019C
:10FC0000E99EF00DF89EF00D1124EB5EFF49808512
:10FC10009185800F911F9187808702C00FEF1FEFA2
:10FC2000C801CDB7DEB7E6E00D94C60F0F931F9362
:10FC3000CF93DF93109268008BB38BBB10926E0052
:10FC400085B385BB10926F0086B386BB109270009F
:10FC500087B387BB1092C1008091C0008093C00021
:10FC60001092C9008091C8008093C80080E88093FA
:10FC7000BC001CBC7894ADDD80E090E00E94125185
:10FC800024D981E060E070E05AD90F920F9285E1AB
:10FC900094E0EDB7FEB7928381830F94B71280E1B1
:10FCA00094E0EDB7FEB7928381830F94B712C3EB54
:10FCB000D3E0EDB7FEB7D283C1830F94B71289E0CA
:10FCC00094E0EDB7FEB7928381830F94B712EDB73E
:10FCD000FEB7D283C1830F94B7120F900F900E948A
:10FCE000FB4F0F920F9283E094E0EDB7FEB7928343
:10FCF00081830F94B712EDB7FEB7D283C1830F94FF
:10FD0000B7120F900F900E9424570F920F928AEF14
:10FD100093E0EDB7FEB7928381830F94B712EDB7EE
:10FD2000FEB7D283C1830F94B7120F900F9035DDC9
:10FD30000F920F9283EF93E0EDB7FEB7928381832A
:10FD40000F94B712EDB7FEB7D283C1830F94B712E9
:10FD50000F900F900E94204B0F920F928CEE93E029
:10FD6000EDB7FEB7928381830F94B712EDB7FEB75C
:10FD7000D283C1830F94B71285EE93E0EDB7FEB73F
:10FD8000928381830F94B7120F900F900E94765A3E
:10FD90008823B1F00F920F92EDB7FEB7D283C183E3
:10FDA0000F94B7128AED93E0EDB7FEB7928381838B
:10FDB0000F94B7120F900F900E94878F892B49F0F4
:10FDC0000F920F9284EC93E0EDB7FEB7928381839C
:10FDD00006C00F920F92EDB7FEB7D283C1830F9486
:10FDE000B7120F900F900E94D38F0F920F9284ED55
:10FDF00093E0EDB7FEB7928381830F94B71203EBC4
:10FE000013E0EDB7FEB7128301830F94B7120F9082
:10FE10000F909FD20F920F928DEC93E0EDB7FEB74B
:10FE2000928381830F94B712EDB7FEB712830183DB
:10FE30000F94B7120F900F900E94A874DF91CF918A
:10FE40001F910F910895A0E0B0E0E9E2FFE70D9463
:10FE5000A20F3C01FB014A018FE32F3F38070CF052
:10FE600060C0C901029663E070E00F94690F660FED
:10FE7000771F660F771F6E177F070CF052C0730154
:10FE8000E90100E010E020E030E0A0E0B0E034C0A4
:10FE9000322F212F102F0027F4018081080F111D10
:10FEA000211D311D219718965801690186E0AA0C81
:10FEB000BB1CCC1CDD1C8A95D1F7B601A5010A2E0E
:10FEC00004C076956795579547950A94D2F7FA013D
:10FED000EF73F070EF58FB4F8491F70181937F012E
:10FEE0001697A730B1054CF7209719F41A161B0680
:10FEF00024F30894811C911C209751F69701261930
:10FF0000370904C08DE3F70181937F01C901837034
:10FF100090702F5F3F4F892BA9F7F7011082930153
:10FF200002C020E030E0C901CDB7DEB7EEE00D94AD
:10FF3000BE0F6F927F929F92AF92BF92CF92DF924D
:10FF4000EF92FF920F931F93DF93CF93CDB7DEB75E
:10FF5000A0970FB6F894DEBF0FBECDBFC82E992E66
:10FF60003B018FEF9FEFFB01918380830E949B4FAA
:10FF70008C01FFEF8F3F9F0709F475C068EE73E0B7
:10FF800041E00E94774FEE24FF24AA24BB2405C041
:10FF9000C8010E945D4F892BB1F08C2D992D0E94D4
:10FFA000845F181619062CF0C8010E945D4F892B3A
:10FFB00079F78C2D992D0E94BE63D82EC8010E941E
:10FFC0005D4F892B21F4C8010E94E94C4CC08AE0A6
:10FFD000D81619F3EFE1EE16F10480F4FDE0DF1618
:10FFE00081F0FE013196DF01AE0DBF1DDC92089459
:10FFF000E11CF11CEE0DFF1D1082CFCF8DE0D81655
:020000021000EC
:1000000061F67E010894E11CF11CC70163E675E00E
:1000100047E050E00F941D11892B31F4CE010A9670
:100020000F94DA105C0110C0C70162E575E040E191
:1000300050E00F941D11892B39F4CE0141960F9495
:10004000DA10F301918380838981882341F48C2D18
:10005000992D0E94BE63C8010E94E94C07C0198215
:10006000EE24FF249ACFAA24AA94BA2CC501A09604
:100070000FB6F894DEBF0FBECDBFCF91DF911F91B9
:100080000F91FF90EF90DF90CF90BF90AF909F9037
:100090007F906F900895A9E1B0E0E1E5F0E80D945C
:1000A000AA0F8DED94E00E949474AC01CB01DA01AB
:1000B0009C01AD012F3F8FEF38078FEF48078FEF7F
:1000C000580709F48FC0CA01B90140E550E00E9409
:1000D00097627C01EFEF8F3F9E0709F444C08E01C9
:1000E0000D5F1F4FC8010E94C47782E0B7010E94D4
:1000F0009F770F920F9280EF94E0EDB7FEB7928357
:1001000081830F94B71280E595E0EDB7FEB7928337
:1001100081830F94B71285EF94E0EDB7FEB7928319
:1001200081830F94B7128AEC94E0EDB7FEB7928307
:1001300081830F94B7128BE495E0EDB7FEB79283FD
:1001400081830F94B7120F900F90C8010E94B67769
:10015000C701BE016F5F7F4FECDE883C910541F027
:10016000C7010E947A652FEF3FEF4FEF5FEF3AC074
:100170001A862BC0C7010E94BE6329813A81215093
:1001800030403A8329838A3301F5C7010E94BE6358
:1001900089819A8101979A8389838E01065F1F4F17
:1001A000C7010E94BE63282F89819A8101979A8393
:1001B00089832C3351F0F801208311820F5F1F4F88
:1001C000CE0149960817190759F789819A81892B19
:1001D00089F6C7010E947A65CE010A960E94886E50
:1001E0009B01AC01B901CA016996E6E00D94C60F06
:1001F000A9E4B0E0EEEFF0E80D94A20F5C014B0132
:100200004ADF7B018C018FEFE8168FEFF8068FEF46
:1002100008078FEF180709F494C0C4010E94D77330
:100220009B01AC012F3FEFEF3E07EFEF4E07EFEFE3
:100230005E0709F486C02E153F054007510719F4E3
:1002400020E030E080C09AEC692E94E0792EC30162
:100250000E9494749B01AC012F3FFFEF3F07FFEF1B
:100260004F07FFEF5F0709F46CC0CA01B90140E511
:1002700050E00E9497626C018FEFC8168FEFD8068E
:1002800009F45FC083E0E82EF12CEC0EFD1EC701DF
:100290000E94C47782E0B6010E949F77C5010F9447
:1002A000F7119C018E01065F1F4FC80160E470E0EA
:1002B000A501C9DD0F920F9280EF94E0EDB7FEB774
:1002C000928381830F94B7120F920F9282EB94E086
:1002D000EDB7FEB792838183948283820F94B71225
:1002E0000F900F9085EF94E0EDB7FEB79283818376
:1002F0000F94B712EDB7FEB7728261820F94B712F6
:100300000F920F928DE295E0EDB7FEB79283818355
:10031000148303830F94B7120F900F900F900F90D8
:10032000C7010E94B677C601BE016F5F7F4F01DE35
:100330008C01C6010E947A6520E030E0083C11057E
:1003400011F021E030E0C901C75BDF4FEEE00D9412
:10035000BE0F80E090E0FC01EE0FFF1FEE0FFF1FCD
:10036000E953FF491182108201968B30910599F76C
:1003700008959C01E0E0F0E0DF01AA0FBB1FAA0F87
:10038000BB1FA953BF498D919C9111978217930769
:10039000B9F08D919C911197892B71F411963C9332
:1003A0002E93EE0FFF1FEE0FFF1FE753FF497183E0
:1003B000608320E030E006C03196EB30F105E1F6D5
:1003C0002FEF3FEFC9010895E091C560F091C6603D
:1003D000EE0FFF1FEE0FFF1FE953FF498081918150
:1003E000892B21F41092C6601092C560E091C5601F
:1003F000F091C660EE0FFF1FEE0FFF1FE953FF499C
:100400000190F081E02D19958091C5609091C660B2
:1004100001969093C6608093C5600895982F80538D
:100420008A3068F08153863010F4865F0895892FF2
:100430008154863010F08FEF0895892F87530895E7
:10044000A0E0B0E0E6E2F2E80D94A60F6C015B01DB
:100450007A01EE0CFF1CC0E0D0E028C0CE15DF050D
:1004600074F5C0FD0BC0822FD9DFFE01F595E7952D
:10047000EA0DFB1D8295807F80830EC0CE0162E075
:1004800070E00F94690F8B010A0D1B1D822FC6DFD0
:10049000F8019081980F90830894C11CD11CF6013B
:1004A00080818A33C9F38D32B9F32196F601208118
:1004B0002223A1F6CE15DF0511F480E001C08FEFF5
:1004C000CDB7DEB7EAE00D94C20F9C012327322797
:1004D0002327C90108959B01AC0125275227252711
:1004E000342743273427B901CA010895A2E0B0E0B8
:1004F000ECE7F2E80D94AE0FDC01009781F1623079
:10050000710568F1ED91FC911197660F771F80E0FE
:1005100090E016962D913D914D915C911997620F47
:10052000731F841F951F0190F081E02DAE014F5F76
:100530005F4F22E030E01995882389F029813A81C4
:100540002115310571F08FEF273F380741F0C901C0
:100550004096079720F08FEF283F380710F020E0F3
:1005600030E0C9012296E2E00D94CA0FA2E0B0E0AB
:10057000ECEBF2E80D94A20F5C01009709F449C07E
:100580006230710508F445C0DC0116966D907D90CF
:100590008D909C901997660F771F7B0100E010E00B
:1005A000E60CF71C081D191DD501ED91FC91019079
:1005B000F081E02DC801B701AE014F5F5F4F22E02F
:1005C00030E01995882329F1C980DA80C114D1045B
:1005D00011F1C60140960897E0F0B8EFCB16BFEFD7
:1005E000DB0610F0CC24DD241A821982D501ED91AE
:1005F000FC910480F581E02DC801B701AE014F5F89
:100600005F4F22E030E01995B601C114D10419F60C
:1006100002C080E001C081E02296EEE00D94BE0FA2
:10062000AAE0B0E0E6E1F3E80D949E0F3C012B0157
:10063000009709F48FC0DC01ED91FC9111972081A6
:1006400031813A8729872480358016968D919D9136
:100650000D90BC91A02D8D839E83AF83B887F3014D
:1006600082859385A485B585B695A7959795879539
:100670009C838B834A01CC24DD2442E0A42EB12C40
:1006800041C0C501880F991F7C0100E010E02D8159
:100690003E814F815885E20EF31E041F151FC801CD
:1006A000B701AE014F5F5F4F22E030E0A985BA8508
:1006B000FD011995882309F44DC089819A81892B00
:1006C000F1F4C114D10429F48FEF9FEF9A83898349
:1006D00002C0DA82C982C801B701AE014F5F5F4F25
:1006E00022E030E0F1011995882391F00894810807
:1006F00091088114910411F465010DC065010894FD
:10070000A11CB11CEB81FC81AE16BF0608F4B9CF69
:1007100081149104E1F4F2E04F165104E8F0DA821A
:10072000C982440C551CB20180E090E02D813E81CD
:100730004F815885620F731F841F951FAE014F5F55
:100740005F4F22E030E0F1011995882329F4C301BD
:10075000B6010CDFCC24DD24C6012A96E2E10D941B
:10076000BA0F80E190E00895CF93DF93EC010097FA
:10077000C1F062307105A8F06250704080E090E0F6
:100780002889398940E050E00F94360F9B01AC0175
:100790008A899B89AC89BD89280F391F4A1F5B1F35
:1007A00004C020E030E040E050E0B901CA01DF9130
:1007B000CF910895A6E0B0E0E0EEF3E80D949E0F2F
:1007C0002C017A8369835C834B83009709F4D4C03E
:1007D000672B09F4D1C0452B09F4CEC0DC01D196BA
:1007E000AD90BD90CD90DC90D49799962D913D9190
:1007F0004D915C919C97EB81FC81CF01A0E0B0E032
:100800008A0D9B1DAC1DBD1D281739074A075B07C4
:1008100040F4B9016A197B097C836B83672B09F467
:10082000AEC0D201ED91FC91119720883188D59608
:10083000ED91FC91D697FE83ED83EF2B71F59796A2
:100840006D917C9198977E836D83672B39F4A11409
:10085000B104C104D10409F492C08EC0A114B10442
:10086000C104D104D1F0860175010FC0D2018D9170
:100870009C916D817E813ADE9E838D83892B09F464
:100880007BC0E618F7080809190931018824992462
:10089000E614F7040805190548F7089421083108FB
:1008A000A220B3200894211C311CEB80FC80F201B3
:1008B000C080D180C6016D817E8156DF9B01AC0175
:1008C00081010A191B09E016F10608F48701D60117
:1008D000ED91FC91B50180E090E0620F731F841FE1
:1008E000951F0190F081E02D49815A819801199559
:1008F000882339F1E01AF10AC801A0E0B0E0F20162
:1009000021A932A943A954A9280F391F4A1F5B1FE7
:10091000D201D1962D933D934D935C93D497C8010A
:100920008A0D9B1D8215930598F08D919C916D8188
:100930007E81DCDD9E838D83892B41F4F20116AA32
:1009400015AA4B815C814E195F091BC0AA24BB24E8
:10095000ED81FE81D201D696FC93EE93D597E114FA
:10096000F10439F069817A81600F711F7A8369839C
:100970009ECF4B815C8105C04FEF5FEF02C040E02E
:1009800050E0CA012696E2E10D94BA0FFC010097EF
:1009900011F480E0089587A190A592AB81AB14AAD1
:1009A00013AA81E00895A0E0B0E0E9EDF4E80D9429
:1009B000A80F8C016A017B01A901D901CD91DC91BD
:1009C000119712968D919C911397809613969C93F4
:1009D0008E931297F8018081853E09F4B3C0882375
:1009E00009F4B0C08BA59CA5ADA5BEA50097A10537
:1009F000B10521F4CBA6DCA6EDA6FEA6209709F44E
:100A0000A3C00115110509F49FC0D8019C91992339
:100A100009F49AC01B968C918F3029F5892F90E0AC
:100A20008F7390702DE030E0829FA001839F500D66
:100A3000929F500D11244D505040A3E8B2E2C40FD4
:100A4000D51F0DC08D91F801E80FF11D80818993AC
:100A50004F5F5F4FE2E2A039BE0709F473C04F3128
:100A6000510580F36FC08881882309F04FC0B80119
:100A7000DE01780130E0F70190819032A1F09C9383
:100A8000F801848583FF08C0F7018081813420F05C
:100A90008B3510F4905E9C933F5F0894E11CF11C31
:100AA0001196383041F78881853011F485EE8883BE
:100AB000D80118968C91803229F1FE01E30FF11DC7
:100AC0008EE28083232F2F5FFB0190859032C9F047
:100AD000FE01E20FF11D9083D8011C968C9184FFDA
:100AE00009C0DB0118968C91813420F08B3510F40D
:100AF000905E90832F5F6F5F7F4F832F8C5F2817EF
:100B000019F7322FFE01E30FF11D1082F8018385E2
:100B100088A3828D938D9EA38DA3848D958DA68DA4
:100B2000B78D8FA398A7A9A7BAA7868997899AA3F3
:100B300089A3808D918D9CA38BA381E0DA0114960B
:100B40008C9302C081E001C080E0CDB7DEB7E8E061
:100B50000D94C40FACE0B0E0E0EBF5E80D94A40F09
:100B60006C015B01009709F451C06115710509F42E
:100B70004DC0DB019B96ED90FD900D911C919E97D1
:100B8000E114F1040105110509F440C0D601ED910D
:100B9000FC910190F081E02DC801B7014E0108944D
:100BA000811C911CA4012CE030E01995882371F17F
:100BB00085EE8983D601ED91FC910480F581E02DCD
:100BC000C801B701A4012CE030E019958823F1F0A9
:100BD0008C858F3049F480E290E0A0E0B0E0E80E30
:100BE000F91E0A1F1B1FD2CFD50195966D917C91DE
:100BF00096976115710531F0C601B8DC20E030E050
:100C0000882311F021E030E0822F01C080E02C9693
:100C1000ECE00D94C00FA6E2B0E0E1E1F6E80D943F
:100C20009E0F9EA38DA3892B09F45DC01A821982A1
:100C300080E290E09C838B83ADA1BEA116964D907F
:100C40005D906D907C9019971A968D909D90AD90C7
:100C5000BC901D9734C0BEEF8B16BFEF9B06B0E073
:100C6000AB06B0E0BB0628F0BEEF2B2EBFEF3B2E4D
:100C700001C01401ADA1BEA1ED91FC910280F381F0
:100C8000E02DC301B201AE014B5F5F4F20E230E0C7
:100C90008101ADE7EA2EA6E8FA2E6E010894C11C88
:100CA000D11C19958823F9F0C101A0E0B0E0480EED
:100CB000591E6A1E7B1E881A990AAA0ABB0A811449
:100CC0009104A104B10439F6EDA1FEA160897189F6
:100CD00080E090E029813A8140E050E00F94360FA7
:100CE0009B01AC0104C020E030E040E050E0B901DD
:100CF000CA01A696E2E10D94BA0FDC01F901428126
:100D0000538120E030E00DC08D919C911197892B8B
:100D100029F4808191810196918380832E5F3F4FDA
:100D200012962417350780F381E00895A0E1B0E022
:100D3000ECE9F6E80D94A60F5C016230710510F441
:100D400080E021C011DD7B018C016E010894C11C83
:100D5000D11CC60160E070E040E150E00F94CA1180
:100D6000D501ED91FC91119750962D913C915197A1
:100D70000680F781E02DC801B701A60101EB13E859
:100D8000EE24FF2419956096EAE00D94C20FA7E2C5
:100D9000B0E0EDECF6E80D949E0F2C017FA36EA35E
:100DA000009709F48BC06115710509F487C0DC0157
:100DB0006D907C901197F30120883188D196AD9089
:100DC000BC90D297D3968D909C90D497CB0160E045
:100DD00070E04FE250E00F94CA11CE01019660E03E
:100DE00070E045E050E00F94CA11A114B10409F07D
:100DF0004DC0D30152962D903C90539756968D91AD
:100E00009C915797281A390A41C0740100E010E0FC
:100E1000A114B10431F4F30166897789808D918D35
:100E200003C0C301B501A0DC6E0D7F1D801F911FA3
:100E30001C821B82D301ED91FC91810108191909D3
:100E40000280F381E02DAE014A5F5F4F20E230E087
:100E5000A3EDEA2EA4E8FA2E6E010894C11CD11C61
:100E60001995882359F18B819C81880E991E8214D3
:100E7000930480F0C301B50139DB5C018824992417
:100E8000009741F4F201A7A0B0A408C08EA19FA1D1
:100E90009A8389838D81882309F4B7CFD201D296B2
:100EA000BC92AE92D197D4969C928E92D397EEA19B
:100EB000FFA18081882319F081E001C080E0A7961E
:100EC000E2E10D94BA0FA3E0B0E0E9E6F7E80D9493
:100ED0009E0F2C018B01009709F4ABC04115510501
:100EE00009F4A7C0CA010F94F7110C966DE070E0E9
:100EF0000F94550F862F8F5F8B83D80197962D9077
:100F00003C9098972114310451F0AA24BB24650128
:100F1000EE24FF2487016624772443010BC0F201ED
:100F2000E688F788008D118D62887388848895889B
:100F3000570168011A82E614F7040805190509F03B
:100F40004BC02114310409F474C0E114F10401050B
:100F5000110571F1C201B101C9DA009741F5C20171
:100F6000B10141E050E05CDB8C01009709F461C005
:100F700002501040B80180E090E00E5F1F4FD20198
:100F800050962D913C91519740E050E00F94360FD0
:100F90005B016C01F20182899389A489B589A80E4D
:100FA000B91ECA1EDB1EC201B801C0DE45C01C014D
:100FB000C201B101D9DB7B018C01D20150968D9128
:100FC0009C9151973C01882499246E0C7F1C801EB3
:100FD000911E570168011A82D201ED91FC91019096
:100FE000F081E02DC801B701AE014F5F5F4F21E0F6
:100FF00030E019958823E9F08981853E11F0882336
:1010000079F4BA81BF5FBA83EB81BE17A8F480E29E
:1010100090E0A0E0B0E0E80EF91E0A1F1B1F8BCF86
:1010200080E290E0A0E0B0E0E80EF91E0A1F1B1F6E
:101030007FCFAA24BB246501B501C6012396E2E156
:101040000D94BA0FA7E2B0E0E8E2F8E80D949E0F25
:101050005C016B01009709F46DC16115710509F41C
:1010600069C1CE010696BE016F5F7F4FAE014E5F34
:101070005F4F9E012D5F3F4F8E010C5F1F4FE5E0DC
:10108000EE2EF12CEC0EFD1E0E94B7A42E813F81A6
:101090002C5B3740322F2227330F898190E045E0C7
:1010A000880F991F4A95E1F7282B392B8A8190E008
:1010B000282B392BD60194963C932E9393972C8111
:1010C00030E005E0220F331F0A95E1F74B81942FA2
:1010D000990F990F990F80E0282B392B8D818695D8
:1010E00090E0282B392B92963C932E939197D50123
:1010F000ED91FC9124803580F60183A494A4A5A4ED
:10110000B6A4EC2C5D2CC6010F94F711F82E90E0DC
:101110000C966DE070E00F94690F462E18E0612E7A
:10112000712C6C0E7D1EC30160E270E04BE050E05C
:101130000F94CA11C6016EE270E00F942D12FC01EB
:101140000097C1F08C010F5F1F4F8181882391F0C0
:10115000C8010F94F711982F9095F90E9301285F0D
:101160003F4F482F843008F043E0C901B80150E0F8
:101170000F94B011CE010896F8E0FF15A0F06E2D87
:10118000752D4F2D50E00F94B011D6018C918E32F9
:1011900021F511968C9111978E3211F412968C9143
:1011A0008823D1F01AC06E2D752D48E050E00F94C1
:1011B000B011F60185A1982F92959F70803A10F496
:1011C000905D01C09F598F708A3010F4805D01C01E
:1011D0008F599E878F8701C044248885853E11F4EE
:1011E00085E088878E01085F1F4FCE01439660E03F
:1011F00070E045E150E00F94CA11D60190968C91B1
:1012000090978B8B91968D919C919297F801978BEB
:10121000868B93968D919C919497918F808F9596C4
:101220008D919C919697938F828F97968D919D919A
:101230000D90BC91A02D848F958FA68FB78F642DB4
:1012400070E0B5E0660F771FBA95E1F780E090E0B7
:10125000680D791D8A1D9B1DA80120E230E0F10177
:101260001995882309F466C00885FE013996802FF8
:101270008695079500270795082B8191080FCE01C9
:101280004396E817F90799F7142D4FC0CE01089639
:101290006FEF70E040E250E00F94CA118DE0189FAC
:1012A000900111242D5030402C0D3D1D91E0FE0188
:1012B0003896AF01490F511DD9018C91DA018C93F9
:1012C000892F8F5FE80FF11D10829E5F9B3019F010
:1012D0009A3121F402C09EE001C09CE1F9018081B5
:1012E000882329F09F3118F42F5F3F4FE0CF1887F4
:1012F000141519F4812F806488878FE08B8B0D8BF8
:101300001C8A1AA21BA2C501B401AE01485F5F4F3F
:1013100020E230E0F101199580E290E0A0E0B0E039
:10132000880E991EAA1EBB1E1150112309F0AECFC4
:1013300081E001C080E0A796E2E10D94BA0FA0E041
:10134000B0E0E5EAF9E80D94A60F8C017B01EA0113
:10135000009709F441C06115710509F43DC0FB0116
:1013600080818823C9F141155105B1F1B42EAD2E0C
:10137000C801BE010CDD882351F0C7016B2D7A2D09
:101380000F94E711892BA1F7C80100DB25C0F801F4
:10139000C080D180CE0160E070E04FE250E00F9459
:1013A000CA118B2D9A2DB7014FE150E00F941E12F8
:1013B000C601B801AE0187DD6BA77CA78DA79EA7EC
:1013C000611571058105910539F0C601BE013ADE4E
:1013D000882319F081E001C080E0CDB7DEB7EAE0F4
:1013E0000D94C20FA6E0B0E0E8EFF9E80D94A00F6D
:1013F0002C015A016B01009709F4D4C0DC019796C7
:101400000D911C919897ED91FC91E088F188011560
:10141000110529F0AB82BC82CD82DE821BC0411552
:1014200051056105710509F4A6C0F4CFF201808170
:101430009181B8015BD80097D1F02B813C814D811F
:101440005E8126193709480959092B833C834D834E
:101450005E838C013701882499248B819C81AD8126
:10146000BE81681679068A069B0600F3A0C0780143
:101470006B817C818D819E81660D771D881D991DF4
:101480006150704080409040A40193010F947C0F04
:10149000D2018D919C91B801A901C2D8009709F49D
:1014A00081C00115110521F4F20190A787A37C01E9
:1014B000D2019996AD92BD92CD92DC929C97A114E7
:1014C000B104C104D10421F498961C921E929797FE
:1014D000F20181919191BF01B5DD882309F462C0C9
:1014E000A114B104C104D10429F4F20180819181D5
:1014F000B7013FC02B813C814D815E81621673062E
:1015000084069506C0F1D2010D911C9101151105BB
:1015100091F1B2E0EB16F10470F1C801B7010E943D
:1015200076824C018FEF9FEF9A838983D801ED91EA
:10153000FC911197EE0CFF1CB70180E090E016962D
:101540002D913D914D915C911997620F731F841FEE
:10155000951F0480F581E02DAE014F5F5F4F22E0C3
:1015600030E01995882339F08114910421F0C801E5
:10157000B4010E94B682F20181A992A9A3A9B4A9DB
:10158000A816B906CA06DB0658F4D201D196AD9268
:10159000BD92CD92DC92D497D6961C921E92D5978E
:1015A00081E001C080E02696E0E10D94BC0F780157
:1015B0000115110509F45CCF7BCFA0E0B0E0E3EEAC
:1015C000FAE80D94A80FEC016B01009709F444C0F0
:1015D0006115710509F440C089A99AA9ABA9BCA9F4
:1015E000413059F0413018F04230B1F50CC0FB01E8
:1015F000E080F1800281138113C0FB01E080F18063
:101600000281138109C0FB01E080F1800281138116
:1016100089A59AA5ABA5BCA5E80EF91E0A1F1B1F3C
:1016200089A59AA5ABA5BCA58E159F05A007B107F6
:1016300030F4CE01B801A701D5DE882369F0E9AA0C
:10164000FAAA0BAB1CAB1EAA1DAAF601E082F1821E
:101650000283138381E001C080E0CDB7DEB7E8E00C
:101660000D94C40FA0E0B0E0E8E3FBE80D949E0FFA
:101670006C012B011A01009709F40FC16115710566
:1016800009F40BC14115510509F407C1DC01D196DC
:101690008D909D90AD90BC90D49799968D919D9191
:1016A0000D90BC91A02D88159905AA05BB0508F4DD
:1016B000F4C0D601ED91FC91119760887188D596A0
:1016C000CD91DC91D697209709F04FC09796CD9198
:1016D000DC9198972097A1F481149104A104B1049E
:1016E00009F0DBC0CF0160E070E041E050E00E9413
:1016F0001083EC01F60190A787A3009709F4CDC0F1
:10170000D601D196ED90FD900D911C91D497E114E6
:10171000F1040105110509F528C0E81AF90A0A0BB8
:101720001B0BF60180819181BE010E947682009799
:1017300011F0EC0112C0E114F1040105110509F0EA
:10174000ACC0D6018D919C91BE0141E050E00E9459
:101750001083009709F4A1C0EC01C301A0E0B0E040
:10176000E816F9060A071B07C0F608946108710815
:101770007301E820F9200894611C711C5101F601E5
:1017800080809180C401BE010E94B4839B01AC01A2
:1017900083010E191F09A016B10608F48501D401B2
:1017A000ED91FC91B70180E090E0620F731F841F00
:1017B000951F0480F581E02DA201980119958823D9
:1017C00009F443C0A01AB10AC801A0E0B0E0F601D4
:1017D00021A932A943A954A9280F391F4A1F5B1F09
:1017E000D601D1962D933D934D935C93D497C80128
:1017F0008E0D9F1D86159705F8F08D919C91BE0169
:101800000E947682009711F0EC0114C0A114B1047B
:1018100051F0F60180819181BE0141E050E00E94CB
:101820001083009731F4D601D6961C921E92D5975C
:101830000CC0EC01EE24FF24F601D6ABC5ABA1141D
:10184000B10419F0400E511E9ACFF60181A992A958
:10185000A3A9B4A9E1A4F2A403A514A5E816F90666
:101860000A071B07B0F481A792A7A3A7B4A7819189
:101870009191BF01E7DB882361F4D601D196AD9049
:10188000BC90D297AE18BF08F601E1AAF2AA03AB4A
:1018900014ABA1014A195B0902C04FEF5FEFCA0107
:1018A000CDB7DEB7E2E10D94BA0F009711F00D94B9
:1018B00082100895009711F00D9482100895A0E011
:1018C000B0E0E5E6FCE80D94A80F6C017B01009701
:1018D000F9F061157105E1F0FB0180A184FF18C0EA
:1018E00085E390E00F94D50FEC018C01009791F007
:1018F0000296B7014FE250E00F94B011D982C8822E
:10190000F70185A196A19AAB89AB1CAA1BAA02C0BC
:1019100000E010E0C801CDB7DEB7E8E00D94C40FD9
:10192000A0E0B0E0E6E9FCE80D94A80F6C017B01B3
:10193000009709F161157105F1F0FB0180A184FDAB
:101940001AC087E390E00F94D50FEC018C0100974B
:10195000A1F00296B7014FE250E00F94B011D98286
:10196000C88219AA1AAA1BAA1CAAF70185A196A1C6
:101970009EAB8DAB02C000E010E0C801CDB7DEB772
:10198000E8E00D94C40FACE2B0E0E9ECFCE80D94A3
:101990009E0F1C01009709F45BC1DC0114968D9128
:1019A0009C911597892B09F453C116968D919C91A2
:1019B0001797892B09F44CC18AE190E00F94D50F59
:1019C0006C019CA78BA7009709F444C160E070E00C
:1019D0004AE150E00F94CA11F60131822082D10110
:1019E00019962D913D914D915C911C9789E0220FA4
:1019F000331F441F551F8A95D1F72AA33BA34CA33D
:101A00005DA3CA01B901655F7F4F8F4F9F4FED9175
:101A1000FC91AE014F5F5F4F29E130E019958823BB
:101A200009F41EC1E981FA81FFA3EEA32C813D8157
:101A3000FB81F8A74E818F8198859AA789A7E985B0
:101A4000FA856C857D854E885F88688C798C411419
:101A500051046104710431F4309709F401C12F017C
:101A6000662477246115710509F4FAC0C901A0E064
:101A7000B0E08E8F9F8FA8A3B9A380E090E0242FC1
:101A800030E040E050E00F94360F6A8F7B8F8C8FF0
:101A90009D8F830172012E8D3F8D48A159A1E21ABD
:101AA000F30A040B150BE61AF70A080B190B8EA1A3
:101AB0009FA1019729A53AA5B5E0220F331FBA953A
:101AC000E1F7820F931F6EA17FA10F94550F80E065
:101AD00090E0E61AF70A080B190B88A5282F30E0CA
:101AE00040E050E0C801B7010F947C0F79018A01F2
:101AF00095EFE9169FE0F90690E0090790E01907D5
:101B000008F4AEC0A5EFEA16AFEFFA06A0E00A07A8
:101B1000A0E01A0720F486E0F101808704C08BE082
:101B2000D10118968C93C601029660E070E048E1FE
:101B300050E00F94CA11EEA1FFA14F01AA24BB24CB
:101B4000C301B201A50194010F94360FD60112967C
:101B50006D937D938D939C931597C501B4012E8D44
:101B60003F8D48A159A10F94360F2AA13BA14CA14A
:101B70005DA1260F371F481F591FD60116962D93BA
:101B80003D934D935C931997F1018085863029F040
:101B900064E070E080E090E004C062E070E080E02B
:101BA00090E022E030E040E050E0E20EF31E041F3F
:101BB000151FA80197010F94360FD6011A966D9341
:101BC0007D938D939C931D97EEA1FFA11F96FC938F
:101BD000EE931E97F8A58F2F90E09C014EA15FA178
:101BE000249FC001259F900D349F900D1124519684
:101BF0009C938E9350976A8D7B8D8C8D9D8DA501C6
:101C000094010F94360FD60116962D913D914D916A
:101C10005C911997620F731F841F951FF601668BE5
:101C2000778B808F918FA9A5BAA59D0140E050E0E8
:101C3000A5E0220F331F441F551FAA95D1F7620F4D
:101C4000731F841F951F628B738B848B958B02C0CF
:101C50001CA61BA68BA59CA5AC96E2E10D94BA0F21
:101C6000C6010F948210F4CFA0E0B0E0EAE3FEE8F2
:101C70000D94A10F3C018B017A01009709F469C012
:101C80006115710509F465C0FB018081882309F4A1
:101C900060C04115510509F45CC08F3211F40F5F2B
:101CA0001F4FC70160E070E04FE250E00F94CA118F
:101CB00080E1F70180A35E2CAF2CF801808188239E
:101CC00009F449C0C301B701FADD6C01009709F4BA
:101CD00040C0C8016FE270E00F94DC11009739F04A
:101CE000B82EB01A4C010894811C911C2AC0C8015E
:101CF0000F94F711B82E4801880E911C22C0852D33
:101D00009A2D0F94F711EC018B2D90E0C817D9078D
:101D1000C1F4C801652D7A2DAE010F941012892BE4
:101D200081F4C601C2DD0C0F1D1FF80180818823DC
:101D300091F0F70180A184FF0CC08401CC24DD2444
:101D400005C0C601B70123D88823C9F6C601ADDD99
:101D5000B4CF80E001C081E0CDB7DEB7EFE00D94F5
:101D6000BD0F4F925F926F927F928F929F92BF9220
:101D7000CF92DF92EF92FF920F931F93DF93CF9357
:101D8000CDB7DEB760970FB6F894DEBF0FBECDBFFC
:101D90006C014B013A012901B02E009709F49EC055
:101DA0006115710509F49AC083E080170CF496C0A0
:101DB00007FD1DC0602F772767FD709594E0660FC3
:101DC000771F9A95E1F762547E4F882777FD8095BB
:101DD000982FAE014F5F5F4F20E130E0F60119957B
:101DE000882309F47BC08D81882309F477C081E1C1
:101DF00090E00F94D50F8C017C01009709F470C01E
:101E000060E070E041E150E00F94CA11F801D18226
:101E1000C082938282827582648257824682B7FC36
:101E200059C08D8180872A8530E040E050E0542FF2
:101E3000432F322F22278B8590E0A0E0B0E0DC0119
:101E400099278827282B392B4A2B5B2B898590E0F3
:101E5000A0E0B0E0282B392B4A2B5B2B8C8590E03F
:101E6000A0E0B0E0B82FAA2799278827282B392B84
:101E70004A2B5B2B21873287438754872E8530E09E
:101E800040E050E0542F432F322F22278F8590E0DF
:101E9000A0E0B0E0DC0199278827282B392B4A2BBA
:101EA0005B2B8D8590E0A0E0B0E0282B392B4A2BEE
:101EB0005B2B888990E0A0E0B0E0B82FAA27992793
:101EC0008827282B392B4A2B5B2B2587368747877A
:101ED000508B06C08FEFF801808702C0EE24FF24EC
:101EE000C70160960FB6F894DEBF0FBECDBFCF918D
:101EF000DF911F910F91FF90EF90DF90CF90BF90F7
:101F00009F908F907F906F905F904F9008950F9368
:101F1000DF93CF93CDB7DEB7AF970FB6F894DEBFA0
:101F20000FBECDBF85ED98E567E579E54BE959E54D
:101F300022E33AE500E015DF9093F4608093F360CC
:101F4000892B81F485ED98E567E579E54BE959E55D
:101F500022E33AE50FEF05DF9093F4608093F3609E
:101F6000892BA1F08091F3609091F4600CDD909347
:101F7000F6608093F560009749F06AE072E2AE0186
:101F80004F5F5F4F71DE20E030E002C02FEF3FEF88
:101F9000C901AF960FB6F894DEBF0FBECDBFCF918B
:101FA000DF910F91089580E090E0FC01EE0FFF1F9C
:101FB000EE0FFF1FE950FF491182108201968C300D
:101FC000910599F708959C01E0E0F0E0DF01AA0F88
:101FD000BB1FAA0FBB1FA950BF498D919C911197A0
:101FE00082179307B9F08D919C911197892B71F409
:101FF00011963C932E93EE0FFF1FEE0FFF1FE7503D
:10200000FF497183608320E030E006C03196EC30F8
:10201000F105E1F62FEF3FEFC9010895A0E0B0E030
:10202000E4E1F0E90D94A60F5C016B01FB01E08097
:10203000F180C7016CE775E00F944911892B51F5C8
:102040000F920F928EE695E0EDB7FEB792838183F3
:102050000F94B712C9EFD0E60F900F908881998145
:10206000009791F00F920F92EDB7FEB792838183A4
:102070000F94B7128BE695E0EDB7FEB7928381839C
:102080000F94B7120F900F902496F1E6C932DF0734
:1020900029F723C009EF10E6C0E0D0E0F801608125
:1020A000718161157105C9F0C7010F944911892B20
:1020B00071F4CC0FDD1FCC0FDD1FC950DF49E88163
:1020C000F981C501B601199520E030E008C02196DC
:1020D0000C5F1F4FCC30D10509F72FEF3FEFC9013F
:1020E000CDB7DEB7EAE00D94C20FEF92FF920F93E7
:1020F0001F93CF93DF93EC018B017A010F94F711BB
:10210000BC01F801D183C08340E050E020E030E022
:10211000A0E039C0FE01E40FF51F80818D3051F041
:102120008E3018F4882339F02CC08032C1F082320E
:1021300041F503C01082AB0124C0AA2369F41082C8
:10214000F901EE0FFF1FE00FF11FCA0101968C0F7E
:102150009D1F9183808305C01082A0E012C0AA2336
:1021600011F0A1E00EC010822F5F3F4FF901EE0F7A
:10217000FF1FE00FF11FCA0101968C0F9D1F918375
:1021800080834F5F5F4F461757071CF42E153F059E
:102190000CF22F5F3F4FC901CDB7DEB7E6E00D94DB
:1021A000C60FA8E4B0E0E7EDF0E90D94AC0FBC0178
:1021B0008E01075F1F4FC8010F945211C8018E0195
:1021C0000F5F1F4FB80144E050E08FDFB80126DFFA
:1021D000C85BDF4FE4E00D94C80FA8E0B0E0E3EF88
:1021E000F0E90D94AC0F8E010F5F1F4FB80144E072
:1021F00050E07BDFB80112DF2896E4E00D94C80FB1
:10220000A7E0B0E0E6E0F1E90D94AE0F80916571D2
:10221000909166712FEF8F3F9207C9F580E590E0AE
:102220000E942D5F9C0190936671809365718FEF82
:102230002F3F380709F4DCC081E0809329711092A8
:10224000607110925F711092296110922861109252
:10225000276110922E7110922D7110922A718AE2CC
:1022600098E0289FF001299FF00D389FF00D112470
:10227000E654F74D86819781A085B1858093617181
:1022800090936271A0936371B0936471B1C00E9426
:10229000585F803159F08FEF9FEF90936671809374
:1022A00065711092297110922A71A2C080912971D2
:1022B000813009F068C05CC0809165719091667151
:1022C0000E94BE63282F8A3009F452C030912A71CF
:1022D000332391F4E0915F71F0916071DF01A95DAA
:1022E000BE4912968C933196F0936071E0935F71C2
:1022F000E95DFE49128209C080915F719091607121
:1023000001969093607180935F712D3089F533232E
:10231000F1F489E291E664EF75E043E050E00F9458
:102320001D11892B39F481E080932A7187E291E6AF
:1023300016D10DC089E291E66FEE75E044E050E001
:102340000F941D11892B19F482E080932A718091DA
:102350002A71882349F080915F7190916071019793
:1023600019F483E0809329711092607110925F716B
:1023700080916571909166710E94845F18161906AC
:102380000CF49ACF35C0833099F5CE0101960E94A6
:10239000C477609165717091667182E00E949F7749
:1023A00087E291E6F0D1019789F087E291E62ED29B
:1023B000019761F00F920F9281E895E0EDB7FEB7BB
:1023C000928381830F94B7120F900F900E948177B0
:1023D000CE0101960E94B6778091657190916671E9
:1023E0000E947A658FEF9FEF90936671809365717D
:1023F0002796E2E00D94CA0F0F931F936FD180E5EB
:1024000090E00E94FA5E0FEF1FEF10936671009349
:10241000657100D00F928EEF95E0EDB7FEB7928315
:10242000818380E590E0948383830F94B7120F90AB
:102430000F900F900F9080E091E968EF75E00E9497
:10244000B98110936671009365711F910F91089582
:10245000A0E0B0E0EEE2F2E90D94A60F5B01FC0112
:10246000EA5FFF4EC190D1908F01EE24FF24C0E0BF
:10247000D0E00EC0F80180819181B5010F9449111F
:10248000892B19F4EE24EA94FE2C21960E5F1F4F3F
:10249000CC15DD057CF3C701CDB7DEB7EAE00D94BE
:1024A000C20FA0E0B0E0E7E5F2E90D94A60F5B01F2
:1024B000FC01EA5FFF4EC190D1908F01EE24EA94B7
:1024C000FE2CC0E0D0E00CC0F80180819181B50104
:1024D0000F944911892B09F47E0121960E5F1F4F3D
:1024E000CC15DD058CF3C701CDB7DEB7EAE00D945E
:1024F000C20FCF92DF92FF920F931F93CF93DF9380
:10250000EC016C011FC0F601808388818532B1F433
:102510008E010F5F1F4FE8012196F80180810E9414
:102520000E82F82EF29480EFF822F601F082F80184
:1025300081810E940E82F82AF601F0820894C11C63
:10254000D11C219688818823F1F6F6011082DF9153
:10255000CF911F910F91FF90DF90CF900895EF9250
:10256000FF920F931F93CF93DF93EC01FC0180E068
:1025700090E022812F3249F0222339F001963196E2
:1025800020E180309207A9F7A4C0FC0131960396A0
:102590008C0F9D1F9983888300E010E01AC0DE0134
:1025A000AE0FBF1F12968C9112978F3349F412967B
:1025B0001C92319632968E010E0F1F1F329708C063
:1025C000803211F0882321F4EC0FFD1F128205C028
:1025D000319680E1E030F80714F3CA5FDF4E1982CC
:1025E0001882C650D041E880F980C7010F94F711D6
:1025F000892B29F4C70165E176E00F94521101158A
:10260000110509F466C0CA5FDF4E81E090E099834E
:1026100088836A9619830883689719830883C8504A
:10262000D04118C08632A1F4D8011D928D01DE017F
:10263000AA5FBF4EED91FC9111973196ED93FC93FB
:10264000ED5FF74FEE0FFF1FEC0FFD1F11830083AF
:102650000F5F1F4FF8018081882321F78E01085FEB
:102660001F4EEE24FF242CC0D801ED91FC91119750
:102670005996FC93EE93589711C08D3349F41192FB
:10268000D8015996FC93EE9358978081882349F09E
:1026900080818B3211F480E280833196808188239F
:1026A00061F7F8018081918124DFD80158968D91DE
:1026B0009C9159971EDF0894E11CF11C0E5F1F4F7F
:1026C000CA5FDF4E88819981C650D041E816F9066D
:1026D0005CF2CDB7DEB7E6E00D94C60F80E090E087
:1026E000FC01EE0FFF1FEE0FFF1FE959FE4811829C
:1026F000108201968431910599F708959C01E0E0DC
:10270000F0E0DF01AA0FBB1FAA0FBB1FA959BE48EB
:102710008D919C91119782179307B9F08D919C919F
:102720001197892B71F411963C932E93EE0FFF1F96
:10273000EE0FFF1FE759FE487183608320E030E011
:1027400006C03196E431F105E1F62FEF3FEFC90104
:1027500008950F920F9280E296E0EDB7FEB7928354
:1027600081830F94B7120F900F9008950F920F92DC
:1027700083E396E0EDB7FEB7928381830F94B7129F
:102780000F900F900895EF92FF920F931F93CF93A6
:10279000DF938C0169E6E62E61E7F62EC0E0D0E01B
:1027A000F701608171816115710541F1F801808146
:1027B00091810F944911892BC9F40F920F9289ECE2
:1027C00096E0EDB7FEB7928381830F94B712CC0FDA
:1027D000DD1FCC0FDD1FC959DE48E881F9810F905C
:1027E0000F90C801199521E030E00AC0219684E0DD
:1027F00090E0E80EF91EC431D10591F62FEF3FEFBE
:10280000C901CDB7DEB7E6E00D94C60FABE6B4E084
:10281000ECE0F4E90D949E0F4C018E01095F1F4F0F
:10282000C8010E94C47781E060E070E00E949F7759
:1028300000D00F928CEB95E2ADB7BEB712969C9389
:102840008E931197F4018081918114969C938E93BD
:1028500013970F94B7120F900F900F900F900E9444
:102860008177C8010E94B6778DEA95E20E94EAF569
:10287000D4018D919C910E947AF686EA95E20E949D
:10288000EAF5EAE3F0E18E0E9F1ED4016D917D9191
:102890008D919C91E6ECFFEE8E0E9F1E0E9490F5AE
:1028A00083EA95E20E94EAF550E9E52E52E2F52E20
:1028B00000E010E0D7011596CD90DC901697C1147A
:1028C000D10409F4ABC06D917C91F40180819181B8
:1028D0000F944911892B09F097C00F920F9285E749
:1028E00095E2ADB7BEB712969C938E9311970F9455
:1028F000B7120F900F90F80143E0EE0FFF1F4A95BB
:10290000E1F7E01BF10BE057FD4D8481813049F088
:10291000813060F0823099F40F920F9281E795E256
:1029200009C00F920F928CE695E20DC00F920F92A4
:1029300082E695E2EDB7FEB7928381830AC00F92DB
:102940000F928EE595E2ADB7BEB712969C938E932B
:1029500011970F94B7120F920F9285E195E2EDB7A0
:10296000FEB792838183D482C3820F94B7120F90F3
:102970000F900F900F900E9481772EE330E1820E2E
:10298000931EF80133E0EE0FFF1F3A95E1F7E01BCD
:10299000F10BE057FD4D42815381D4018D919C9103
:1029A000B60121E00E9429668E01095F1F4FC80110
:1029B0000E94C47781E060E070E00E949F7700D0C1
:1029C00000D084EF94E2EDB7FEB792838183C60115
:1029D000AA2797FDA095BA2F83839483A583B683F6
:1029E0000F94B7122DB73EB72A5F3F4F0FB6F8943A
:1029F0003EBF0FBE2DBF0E948177C8010E94B677EF
:102A000021E0E22EF12C37C10F5F1F4F87E090E0ED
:102A1000E80EF91E0032110509F04CCFD4010D91DA
:102A20001C91C8010F94F7117801E80EF91E662475
:102A3000772419C0F70120812F3259F4D7011D9254
:102A40007D01F401608171818091F5609091F66063
:102A50001EC12E3221F437010894611C711C0894A8
:102A6000E108F1080197009729F70BC1C801B701E8
:102A70000F94E711892B99F4FE01EC59FF4FA080C8
:102A8000B180C280D380C1010E94C684A114B10468
:102A9000C104D10471F4EE24EA94FE2CBFC08E016F
:102AA000035C1F4FC101B8010E94C7868823F1F65D
:102AB000AFC08091F5609091F660B8010E94908C53
:102AC0002C01009709F49DC01982C3016FEE74E2D6
:102AD0000F944911892B39F0C3016BEE74E20F9406
:102AE0004911892B31F4CE01019665EE74E20F9401
:102AF00052112DB73EB72A5030400FB6F8943EBF62
:102B00000FBE2DBFEDB7FEB731968AE694E2ADB7A2
:102B1000BEB712969C938E931197A282B382C48201
:102B2000D582CE01019697838683718660860F9445
:102B3000B712EDB7FEB73A960FB6F894FEBF0FBEC8
:102B4000EDBF0E948177AA24BB2465018401025C49
:102B50001F4ED8018D919C910E94585F882341F5AA
:102B60008FEF9FEFF8019183808322E030E1820EA6
:102B7000931ED4011C928E01095F1F4FC8010E9451
:102B8000C47781E060E070E00E949F770F920F921F
:102B90008BE494E2EDB7FEB7928381830F94B71272
:102BA0000F900F900E948177C8010E94B67729C0CC
:102BB0009CE6692E712C6C0E7D1EC201B30140E0B3
:102BC00054E00E94DA837C0101960297D0F0D8018C
:102BD0008D919C91B701A30120E00E942966AA274C
:102BE00097FDA095BA2FA80EB91ECA1EDB1EB0E035
:102BF000EB16B4E0FB060CF0A9CF81E0E82EF12C37
:102C000003C0EE24EA94FE2CC2010E945A8C06C036
:102C1000EE24EA94FE2CAA24BB246501C1010E9483
:102C2000558C8E01095F1F4FC8010E94C47781E057
:102C300060E070E00E949F7700D000D08DE294E2C7
:102C4000EDB7FEB792838183ADB7BEB71396AD9251
:102C5000BD92CD92DC9216970F94B712EDB7FEB7E6
:102C600036960FB6F894FEBF0FBEEDBF0E94817777
:102C7000C8010E94B677C701C559DB4FE2E10D9448
:102C8000BA0F8091F5609091F6606CE072E2AE014F
:102C9000425F5F4F0E94348E8091F5609091F660A4
:102CA000BE01625F7F4F0E945F8C1C01009709F09C
:102CB000F6CEAECFA7E0B0E0E0E6F6E90D94AA0FBD
:102CC0008091B7719091B8712FEF8F3F9207C9F53E
:102CD00087E190E00E942D5F9093B8718093B77167
:102CE0008F5F9F4F09F4D1C08E010F5F1F4FC80146
:102CF0000E94C4776091B7717091B87182E00E94B0
:102D00009F770F920F928FED95E2EDB7FEB792830A
:102D100081830F94B7120F900F90C8010E94B6776D
:102D200010923A72109239721092B97110923C72EC
:102D300010923B728091B7719091B8710E946B5F55
:102D4000A4C00E94585F803109F07BC080913B7223
:102D500090913C72892B41F130C08091B771909174
:102D6000B8710E94BE638A30F9F087FD1DC02091C2
:102D7000397230913A72203831056CF4F901E95416
:102D8000FE488283F9013196F0933A72E0933972EA
:102D9000E954FE4812828D3039F481E090E090933E
:102DA0003C7280933B7209C08091B7719091B87169
:102DB0000E94845F1816190684F280913B729091EC
:102DC0003C72019709F061C07E010894E11CF11C7E
:102DD000C7010E94C4776091B7717091B87182E0A9
:102DE0000E949F7789EB91E76FE372E744E050E040
:102DF0007CD98C0190933E7280933D7280913F729A
:102E0000909140726AED75E20F944911892B01F59A
:102E10000F920F9280ED95E2EDB7FEB7928381831A
:102E20000F94B7120F900F900E94817781E060E0BD
:102E300070E00E949F778091B7719091B8710E9465
:102E40007A658FEF9FEF9093B8718093B7711DC033
:102E5000C8016FE372E7E2D80F920F928DEC95E212
:102E6000EDB7FEB7928381830F94B7120F900F9046
:102E7000C7010E94B67710923A721092397210927E
:102E8000B97110923C7210923B722796E6E00D9455
:102E9000C60F87E190E00E94FA5E00D00F9283E1B6
:102EA00096E2EDB7FEB79283818387E190E0948349
:102EB00083830F94B7120F900F900F900F908AE5B5
:102EC00096E96CE076E20C94B981CF93DF93EC0144
:102ED0009C01220F331F280F391FF901EE0FFF1F2E
:102EE000E95BFD48848195818F5F9F4F09F43FC066
:102EF000F901EE0FFF1FE75BFD4860817181809152
:102F00005A7277FF07C030E090E00F94690F892B69
:102F100039F405C030E090E06817790709F431E032
:102F2000FE01EE0FFF1FEC0FFD1FEE0FFF1FE95B11
:102F3000FD48608171818091597277FF07C020E060
:102F400090E00F94690F892B39F405C020E090E0E0
:102F50006817790709F421E0313049F490E0213015
:102F600009F091E081E09827292F30E002C020E0AD
:102F700030E0C901DF91CF910895A0E2B0E0E3EC29
:102F8000F7E90D94AA0F7C0100D000D0EDB7FEB791
:102F900031968E010F5F1F4FADB7BEB712961C93CF
:102FA0000E9311978CE296E29383828375836483F8
:102FB0000F94D9128DB79EB706960FB6F8949EBFA0
:102FC0000FBE8DBFC801B7010E940B7AA096E6E044
:102FD0000D94C60FA0E4B0E0E0EFF7E90D94A80F60
:102FE0006C01EE24FF2400D000D0EDB7FEB731967F
:102FF0008E010F5D1F4FADB7BEB712961C930E9397
:1030000011978CE296E293838283F582E4820F9497
:10301000D9128DB79EB706960FB6F8949EBF0FBE15
:103020008DBFC8018E010F5F1F4FB8010E940B7A40
:10303000C801B6010F94E711892B51F00894E11CE7
:10304000F11C93E0E916F10471F6EE24EA94FE2CEB
:10305000C701C05CDF4FE8E00D94C40FA0E2B0E010
:10306000E4E3F8E90D94AC0F00D000D0EDB7FEB763
:1030700031968E010F5F1F4FADB7BEB712961C93EE
:103080000E9311972CE236E2338322839583848357
:103090000F94D9128DB79EB706960FB6F8949EBFBF
:1030A0000FBE8DBFC8010E94EB7880E090E0A09633
:1030B000E4E00D94C80FA0E2B0E0E1E6F8E90D9479
:1030C000AA0F00D000D0EDB7FEB731968E010F5F8A
:1030D0001F4FADB7BEB712961C930E9311976CE2BB
:1030E000E62E66E2F62EF382E282158214820F94B7
:1030F000D9128DB79EB706960FB6F8949EBF0FBE35
:103100008DBFC8010E945A788F5F9F4F19F420E04D
:1031100030E04AC000D000D0EDB7FEB73196ADB771
:10312000BEB712961C930E931197F382E28281E050
:1031300090E0958384830F94D9128DB79EB706963D
:103140000FB6F8949EBF0FBE8DBFC8010E945A787B
:103150008F5F9F4F19F421E030E026C000D000D0EF
:10316000EDB7FEB73196ADB7BEB712961C930E936E
:103170001197F382E28282E090E0958384830F943A
:10318000D9128DB79EB706960FB6F8949EBF0FBEA4
:103190008DBFC8010E945A788F5F9F4F19F02FEFA3
:1031A0003FEF02C022E030E0C901A096E6E00D94B6
:1031B000C60FA0E2B0E0EFEDF8E90D94AA0F7C0194
:1031C0007ADF9C018FEF2F3F380711F100D000D03C
:1031D000EDB7FEB731968E010F5F1F4FADB7BEB78B
:1031E00012961C930E9311978CE296E2938382833E
:1031F000358324830F94D9128DB79EB706960FB6E8
:10320000F8949EBF0FBE8DBFC801B7010E945979C7
:1032100080E090E0A096E6E00D94C60FADE4B0E04B
:10322000E4E1F9E90D94AA0F00D000D0EDB7FEB7A4
:1032300031967EE2E72EF12CEC0EFD1EADB7BEB747
:103240001296FC92EE9211972CE236E2338322839F
:10325000958384830F94D9128DB79EB706960FB6C7
:10326000F8949EBF0FBE8DBF8E01025F1F4FC70136
:10327000B8010E940B7AC801BE016F5F7F4F43E027
:1032800050E00E9475908E01095F1F4FC8010E9497
:10329000C47780E060E070E00E949F778D819E811E
:1032A0000E94ED90C8010E94B677C35BDF4FE6E055
:1032B0000D94C60FA3E1B0E0E0E6F9E90D94AC0F80
:1032C000CE0101960E944C4F9C8180915A728917C1
:1032D00029F49B8180915972891799F08C81809390
:1032E0005A728B818093597200E010E0C801EDDDC5
:1032F000892B11F0C80192DF0F5F1F4F03301105BA
:10330000A9F76396E4E00D94C80FA3E1B0E0EBE801
:10331000F9E90D94AE0F8FEF9FEF90934C7280936D
:103320004B72909352728093517290935872809323
:103330005772CE0101960E944C4F8C8180935A7235
:103340008B81809359728AE599E96EE576E20E9455
:10335000B9816396E2E00D94CA0FA6E2B0E0E3EB18
:10336000F9E90D94A60FD1DFCC24DD24AA24BB24D7
:1033700000D000D0EDB7FEB731968E01095F1F4F28
:10338000ADB7BEB712961C930E9311978CE296E2DE
:1033900093838283D582C4820F94D912EDB7FEB78E
:1033A00036960FB6F894FEBF0FBEEDBFC801B80148
:1033B0000E940B7A8F5F9F4F79F1C801BE016F5F4A
:1033C0007F4F43E050E00E947590039729F58501F7
:1033D000000F111F0A0D1B1D000F111FF7E4EF2E28
:1033E000F2E7FF2EE00EF11ED7011596DC92CE9289
:1033F000149789819A810F94DA10075B1D48F801B0
:10340000918380838B819C810F94DA10D7018D93F7
:103410009C930894A11CB11C0894C11CD11CB3E05E
:10342000CB16D10409F0A4CFA696EAE00D94C20F02
:103430006CDF93DF0E94FC912CCD7BD0CBD12ED5BD
:103440000E94C0A340D20E94F1A204D0DDD58FD249
:103450006EC7089589E29AE963E676E24FC9A3E36D
:10346000B0E0E5E3FAE90D94A80F0F920F928AE716
:1034700096E2ADB7BEB712969C938E9311970F94B8
:10348000B712EE24FF240F900F9086E0C82ED12CA7
:10349000CC0EDD1EC701BE016E5F7F4FA6019E01EF
:1034A0002F5F3F4F0E94216C8130A9F589818823CD
:1034B00091F16A817B818C819D81AE01445F5F4F78
:1034C0000E94576E8C01C601BE01605E7F4F0E9454
:1034D000646CEDB7FEB738970FB6F894FEBF0FBE19
:1034E000EDBF31962BE636E2ADB7BEB712963C93F0
:1034F0002E93119713830283958384838981868316
:1035000017820F94B712EDB7FEB738960FB6F8943E
:10351000FEBF0FBEEDBF0894E11CF11CF4E0EF16F6
:10352000F10409F0B2CF80E090E0E396E8E00D947A
:10353000C40F8FE29AE967E876E20C94E38FA3E187
:10354000B0E0E5EAFAE90D94AA0F8C01CE010196EC
:103550000E944C4F80915B7290915C7201969093A7
:103560005C7280935B724C815B816A817981EE80B1
:10357000FF80288539858DB79EB740970FB6F894A0
:103580009EBF0FBE8DBFEDB7FEB731968EE996E2B6
:10359000ADB7BEB712969C938E9311974283138258
:1035A000548315826683178270871186E28613869C
:1035B000F4861586378726870F94B7128DB79EB786
:1035C00006960FB6F8949EBF0FBE8DBFEDB7FEB73F
:1035D00031968BE896E2ADB7BEB712969C938E9368
:1035E00011978091CB5D9091CC5DA091CD5DB09114
:1035F000CE5D82839383A483B58380915B72909127
:103600005C7297838683025C1F4ED8018D919C91DA
:10361000918780870F94B7128DB79EB70A960FB621
:10362000F8949EBF0FBE8DBF6396E6E00D94C60F63
:10363000DF92EF92FF920F931F938DB79EB70E9775
:103640000FB6F8949EBF0FBE8DBFEDB7FEB7319693
:1036500081EF97E2ADB7BEB712969C938E93119708
:103660008091CF5D9091D05DA091D15DB091D25D00
:1036700082839383A483B5838091CB5D9091CC5D4D
:10368000A091CD5DB091CE5D86839783A087B187F1
:103690008091C65D9091C75DA091C85DB091C95DF4
:1036A00082879387A487B5870F94B7120F900F90E6
:1036B0000F900F90EDB7FEB7319680EB97E2ADB764
:1036C000BEB712969C938E9311978091B2289091D9
:1036D000B328938382838091B4289091B5289583F1
:1036E00084838091B8289091B928978386838091AC
:1036F000B6289091B728918780870F94B712EDB7BD
:10370000FEB73A960FB6F894FEBF0FBEEDBF0E940B
:10371000316B82E70E944F55D82E81E00E940156FE
:103720008C0181E10E9401567C010E940A6B0F927C
:103730000F9284EA97E2ADB7BEB712969C938E9330
:1037400011970F94B71283E997E2EDB7FEB7928312
:1037500081830F94B7128FE797E2ADB7BEB7129689
:103760009C938E9311970F94B7120F920F92EDB70F
:10377000FEB731968AE697E2ADB7BEB712969C9334
:103780008E931197D28213820F94B71287E597E236
:10379000EDB7FEB792838183148303830F94B7122E
:1037A00084E497E2ADB7BEB712969C938E931197BF
:1037B0001496FC92EE9213970F94B7120F900F90FD
:1037C0000F900F9080E090E01F910F91FF90EF908D
:1037D000DF90089588E19BE960E378E20E94E38F3F
:1037E0008FE99AE966E278E20C947E930F931F9337
:1037F000CF93DF93182F092F0E9435C4882309F433
:1038000058C0C12FD02F0E94B693CA5FDF4E888167
:103810009981C650D041892B79F40F920F928EE492
:1038200098E2EDB7FEB7928381830F94B7120F90A1
:103830000F900E94A9933DC0CE0168E478E20E94F7
:103840002892892BB1F1CE0162E478E20E94519274
:10385000FC01E05FF74FEE0FFF1FEC0FFD1F8081B3
:1038600091816CE378E20F944911892B11F50F9245
:103870000F9286E398E2EDB7FEB7928381830F94AF
:10388000B7120F900F900E94A9930E948177C25C9B
:10389000DF4E888199810E947A6581E00E941A57E3
:1038A00082E00E941A5783E00E941A570E94D47B3C
:1038B000FFCFDF91CF911F910F9108950E94D47B8C
:1038C00080E090E008958EE59CE969ED78E20E9441
:1038D000E38F86EF9BE96FEC78E20C947E93A4E192
:1038E000B0E0E5E7FCE90D94AC0F8B01029759F5C8
:1038F000DB0112968D919C9113970E94D773F8016A
:1039000002811381AE014F5F5F4F0E94576E00D05E
:1039100000D0EDB7FEB7319620EF38E2ADB7BEB7B5
:1039200012963C932E93119713830283958384837D
:103930000F94B712EDB7FEB736960FB6F894FEBFE8
:103940000FBEEDBF0EC00F920F928FED98E2ADB794
:10395000BEB712969C938E9311970F94B7120F9047
:103960000F9080E090E06496E4E00D94C80F8FE63D
:103970009CE960E079E20C94E38FA0E1B0E0E3EC35
:10398000FCE90D94AC0F6091332270913422809148
:103990003522909136228E010F5F1F4FA8010E94A1
:1039A000576E00D00F9220E43DE2ADB7BEB712963D
:1039B0003C932E93119714969C938E9313970F9488
:1039C000B7120F900F900F900F9060913722709167
:1039D00038228091392290913A22A8010E94576E94
:1039E00000D00F9223E33DE2EDB7FEB7328321838F
:1039F000948383830F94B7120F900F900F900F90C2
:103A000060913B2270913C2280913D2290913E2218
:103A1000A8010E94576E00D00F9226E23DE2ADB79A
:103A2000BEB712963C932E93119714969C938E9347
:103A300013970F94B7120F900F900F900F90609103
:103A40003F22709140228091412290914222A80110
:103A50000E94576E00D00F922DE13DE2EDB7FEB708
:103A600032832183948383830F94B7128DB79EB7DB
:103A70000A970FB6F8949EBF0FBE8DBFEDB7FEB785
:103A8000319681EF9CE2ADB7BEB712969C938E93B0
:103A9000119780912D228283138280912E2284831C
:103AA000158280912F228683178280913022808711
:103AB00011868091312282871386809132228487F9
:103AC00015860F94B712EDB7FEB73E960FB6F89471
:103AD000FEBF0FBEEDBF80E090E06096E4E00D9485
:103AE000C80FA0E2B0E0E7E7FDE90D94AA0FF82EB9
:103AF000E92E0E9435C4882309F4CCC10F2D1E2D58
:103B00000E94B6930A5F1F4EF80180819181065092
:103B10001041892BC9F40F920F9289EE9CE2EDB708
:103B2000FEB7928381830F94B7120F900F9080EEAF
:103B30009CE20E94D1908AED9CE20E94D1900F926B
:103B40000F9281ED9CE29CC1C8016AEC7CE20E946C
:103B50002892892B09F4F5C00F920F928CE79CE212
:103B6000EDB7FEB7928381830F94B7120F900F9039
:103B700087E79CE28E010F5F1F4FB8010E947A7A9F
:103B80000F920F928EE19CE2EDB7FEB79283818394
:103B90000F94B7120F900F90C8016BE17CE20F9465
:103BA0004911892B61F40F920F9283E19CE2EDB7EA
:103BB000FEB7928381830F94B7120F900F900F92EC
:103BC0000F9287E09CE2EDB7FEB7928381830F945A
:103BD000B7120F900F9084E09CE28E010F5F1F4F91
:103BE000B8010E947A7A019759F06091332270915E
:103BF00034228091352290913622A8010E94576E7E
:103C000000D00F928FE89BE2EDB7FEB792838183DD
:103C10008E010F5F1F4F148303830F94B7120F9011
:103C20000F900F900F908AE89BE2B8010E947A7A79
:103C3000019759F060913722709138228091392292
:103C400090913A22A8010E94576E00D00F9286E10F
:103C50009BE2EDB7FEB7928381838E010F5F1F4F0A
:103C6000148303830F94B7120F900F900F900F904F
:103C700081E19BE2B8010E947A7A019759F0609144
:103C80003B2270913C2280913D2290913E22A801DE
:103C90000E94576E00D00F928DE99AE2EDB7FEB701
:103CA000928381838E010F5F1F4F148303830F94D0
:103CB000B7120F900F900F900F9089E99AE2B80118
:103CC0000E947A7A019759F060913F2270914022C8
:103CD0008091412290914222A8010E94576E00D00B
:103CE0000F9283E29AE2EDB7FEB7928381838E0151
:103CF0000F5F1F4F148303830F94B7120F900F9021
:103D00000F900F908FE19AE2B8010E947A7A0197A2
:103D100029F08DE292E2B8010E94646C00D00F920B
:103D200081E599E2EDB7FEB792838183CE010196DA
:103D3000948383830F94B7120F900F900F900F907E
:103D4000A7C0C80164E079E20E942892892B89F01B
:103D5000C80164E079E20E945192FC01E05FF74FF4
:103D6000EE0FFF1FE00FF11F6081718184E099E287
:103D700004C084E099E26EE072E20E94E179C80139
:103D800069E079E20E942892892B91F0C80169E0EC
:103D900079E20E945192FC01E05FF74FEE0FFF1FA6
:103DA000E00FF11F6081718189E099E20E94E17961
:103DB000C8016CE079E20E942892892B91F0C80139
:103DC0006CE079E20E945192FC01E05FF74FEE0F48
:103DD000FF1FE00FF11F608171818CE099E20E946A
:103DE000E179C80161E179E20E942892892B91F082
:103DF000C80161E179E20E945192FC01E05FF74F56
:103E0000EE0FFF1FE00FF11F6081718181E199E2E8
:103E10000E94E179C80166E179E20E942892892B2B
:103E200091F0C80166E179E20E945192FC01E05FE5
:103E3000F74FEE0FFF1FE00FF11F6081718186E1E8
:103E400099E20E94E179C8016AE179E20E94289230
:103E5000892B91F0C8016AE179E20E945192805F5A
:103E6000974F880F991F080F191FF8016081718102
:103E70008AE199E20E94E1790F920F928EE199E234
:103E8000EDB7FEB7928381830F94B7120F900F9016
:103E90000E94A993A096E6E00D94C60F8DEB9CE9D5
:103EA00064E57DE20E94E38F81E79DE968E47DE2BD
:103EB0000C947E93A7E2B0E0E0E6FFE90D94A80F32
:103EC0006B01029709F08EC0DB0112968D919C91D7
:103ED00013970E94886EAC01CB01DA017C018D0141
:103EE000E114F10401051105A1F4F6018281938129
:103EF0000E94D7737B018C016F3FFFEF7F07FFEFBD
:103F00008F07FFEF9F0729F40F920F9282E090E353
:103F100062C000D00F928FEE9FE2EDB7FEB79283A2
:103F20008183D60112968D919C91139794838383FC
:103F30000F94B7120F900F900F900F908BE69DE2A9
:103F40000E94C3788F5F9F4F41F08BE69DE2BE01D8
:103F50006C5E7F4F0E947A7A01C01C8ACE01449623
:103F60000F94F710262FC801B70140E050E00E94DF
:103F700018738F5F9F4F59F1CE0101960E944C4FED
:103F80002C813B814A818DB79EB708970FB6F89474
:103F90009EBF0FBE8DBFEDB7FEB7319683ED9FE29A
:103FA000ADB7BEB712969C938E931197228313825E
:103FB00034831582468317820F94B712EDB7FEB78C
:103FC00038960FB6F894FEBF0FBEEDBF17C00F9224
:103FD0000F928AEC9FE2ADB7BEB712969C938E9378
:103FE000119708C00F920F9288EB9FE2EDB7FEB7D2
:103FF000928381830F94B7120F900F9080E090E02E
:10400000A796E8E00D94C40F8AE59FE96BE070E3A2
:104010000C94E38FAEE3B0E0E0E1F0EA0D94AA0F78
:10402000F82EE92E0E9435C4882309F4F3C00F2D21
:104030001E2D0E94B6930A5F1F4ED8018D919C9150
:1040400006501041892B09F04FC08DE493E30E9484
:10405000C3788F5F9F4F41F08FE393E3BE01655FAD
:104060007F4F0E947A7A01C01B8685E393E38E011D
:104070000F5F1F4FB8010E947A7AC80162E373E3B1
:104080000F944911892B81F400D00F92EDB7FEB740
:10409000128301838AE293E3948383830F94D9127A
:1040A0000F900F900F900F9000D000D0EDB7FEB79B
:1040B00031968CED90E3ADB7BEB712969C938E937C
:1040C0001197CE01019693838283CE010B9695833F
:1040D00084830F94B712EDB7FEB736960FB6F894F7
:1040E000FEBF0FBEEDBF94C0C80164ED70E30E9437
:1040F0002892892B21F1C8016CEC70E30E94519247
:10410000FC01E05FF74FEE0FFF1FE00FF11F808112
:1041100091810F94F711892B91F0C80165EB70E341
:104120000E945192FC01E05FF74FEE0FFF1FE00F7E
:10413000F11F608171818DEB90E30E94E179C801EC
:104140006EEA70E30E942892892B91F0C80169E918
:1041500070E30E945192FC01E05FF74FEE0FFF1FEA
:10416000E00FF11F6081718180EA90E30E94E179A4
:10417000C80162E970E30E9428923BE0E32EF12C33
:10418000EC0EFD1E892B09F1C80161E870E30E9465
:104190005192805F974F880F991F080F191FD80100
:1041A0006D917C9188E890E30E94E179C7016AE60D
:1041B00070E30F945211C7010E94EA978F5F9F4FDF
:1041C000C1F4C7010E94D99814C080E690E362E16F
:1041D00072E20E94E179C70169E470E30F94521121
:1041E000C7010E94EA97EFEF8F3F9E0711F00E94F0
:1041F0002E98B3D80F920F928CE290E3ADB7BEB772
:1042000012969C938E9311970F94B7120F900F9064
:104210000E94A993EE96E6E00D94C60FA4E5B0E0E7
:10422000E4E1F1EA0D94AA0F8B0182309105C1F50A
:10423000FB018281938167EF73E30F944911892B0E
:1042400009F062C08FE090E38E010F5F1F4FB8014D
:104250000E947A7A71E2E72EF12CEC0EFD1E8EE1BF
:1042600090E3B7010E947A7AC801B7010E94F880F2
:10427000892B29F400D00F9289ED93E304C000D07C
:104280000F9289EB93E3EDB7FEB792838183F482BB
:10429000E3820F94B7120F900F900F900F9040C0D1
:1042A000039791F5FB01828193816EEA73E30F948A
:1042B0004911892B49F5F80104811581C8010F9432
:1042C000F711AC01F80120E030E01BC0DF01819163
:1042D00079010894E11CF11C803491F41C928FE068
:1042E00090E3B8010E94E1790E0D1F1D8EE190E36D
:1042F000B8010E94E1790F920F9282E993E308C01E
:1043000097012417350710F30F920F928BE593E373
:10431000EDB7FEB7928381830F94B7120F900F9081
:1043200080E090E0CC5ADF4FE6E00D94C60F8EE0BF
:1043300091EA69E074E30E94E38F8AE090EA6EEF0D
:1043400073E30C947E93A0E2B0E0E9EAF1EA0D9405
:10435000A60F082FE92E0E9435C4882309F43DC119
:10436000A02EBE2C0E94B69326E030E1A20EB31E12
:10437000D5018D919C91EAEFFFEEAE0EBF1E892B09
:1043800009F089C00F920F9288E997E3ADB7BEB7E5
:1043900012969C938E9311970F94B7120F900F90D3
:1043A0005E010894A11CB11CC50160E070E00E9490
:1043B000BD970197D9F400D000D0EDB7FEB7319684
:1043C00086EE96E3ADB7BEB712969C938E93119787
:1043D000B382A282158214820F94B712EDB7FEB792
:1043E00036960FB6F894FEBF0FBEEDBF5E0108947F
:1043F000A11CB11CC50161E070E00E94BD979C0149
:1044000081309105D9F400D000D0EDB7FEB73196D8
:1044100086EE96E3ADB7BEB712969C938E93119736
:10442000B382A282358324830F94B712EDB7FEB70F
:1044300036960FB6F894FEBF0FBEEDBF5E0108942E
:10444000A11CB11CC50162E070E00E94BD970197FC
:10445000E9F400D000D0EDB7FEB7319686EE96E3D2
:10446000ADB7BEB712969C938E931197B382A2827A
:1044700082E090E0958384830F94B712EDB7FEB786
:1044800036960FB6F894FEBF0FBEEDBF0F920F9297
:104490008AE396E37EC0C50163E376E30E94289237
:1044A000892B69F00F920F928EE494E3EDB7FEB77B
:1044B000928381830F94B7120F900F908CC0C50127
:1044C0006AE474E30E942892892B09F469C0C5014B
:1044D00067E474E30E945192FC01E05FF74FEE0F36
:1044E000FF1FEA0DFB1D808191810F94DA106C0192
:1044F000C50164E474E30E945192FC01E05FF74F50
:10450000EE0FFF1FEA0DFB1D808191810F94DA10E1
:104510007C01C50165E374E30E9451922DB73EB75B
:104520002A5030400FB6F8943EBF0FBE2DBFEDB7F6
:10453000FEB731968E010F5F1F4FADB7BEB7129613
:104540001C930E93119729E334E333832283D5829E
:10455000C482F782E682805F974F880F991FA80E6A
:10456000B91ED5018D919C91918780870F94D912A6
:10457000EDB7FEB73A960FB6F894FEBF0FBEEDBF8B
:10458000C8010E94D9980E94AD990F920F9288E1BC
:1045900094E3ADB7BEB712969C938E9311978ACFD2
:1045A000C50164E174E30E942892892BA1F0C50142
:1045B00060E174E30E945192805F974F880F991FCA
:1045C000A80EB91EF501808191810F94DA100E9426
:1045D0002E980E94AD990E94A993A096EAE00D94AE
:1045E000C20F83EA91EA6BEC77E30C947E930E940E
:1045F00035C48823F1F00E94B6930F920F928BED91
:1046000097E3EDB7FEB7928381830F94B7120F90B3
:104610000F900E94D17A0F920F9284ED97E3EDB73D
:10462000FEB7928381830F94B7120F900F900C9472
:10463000A9930895A0E2B0E0E0E2F3EA0D94AA0F96
:104640007B0102970CF48AC0FB01828193816CE7A5
:1046500078E30F944911892B19F00FEF1FEF13C066
:104660008E010F5F1F4FC80169E778E30F94521165
:104670008BE698E3B8010E94E17981E090E00E9426
:104680002C7800E010E0F7018281938161E678E305
:104690000F944911892BF9F480E090E00E942C7866
:1046A0008E010F5F1F4FC8016DE578E30F94521123
:1046B0008FE498E3B8010E94E1790F920F9281E4B0
:1046C00098E3EDB7FEB7928381830F94B71200E0B1
:1046D00010E00F900F90F701828193816DE378E3F2
:1046E0000F944911892B59F4F701668177818481F0
:1046F00095810E94CB79019711F400E010E0F70159
:104700008281938169E378E30F944911892B49F4FD
:10471000F701848195810E94EB78019711F400E004
:1047200010E0F7018281938163E378E30F944911EC
:10473000892B21F40E94D17A00E010E0F7018281F8
:1047400093816DE278E30F944911892B19F40E944B
:10475000A47A10C0FFEF0F3F1F0761F40F920F9272
:1047600081EE97E3EDB7FEB7928381830F94B71282
:104770000F900F9080E090E0A096E6E00D94C60FB9
:104780008AE193EA6EE878E30E94E38F87EF92EA8A
:1047900064E878E30C947E93FC0174836383128253
:1047A0001582168217821086128611861486138649
:1047B000168615860895FC012FB7F894809112761D
:1047C00090911376918380832FBF81E08283089537
:1047D000FC018281882399F12FB7F89460911276B9
:1047E0007091137680819181681B790B2FBF1282A3
:1047F0009B0140E050E085819681A781B085820FC2
:10480000931FA41FB51F85839683A783B0878185D7
:104810009285019692878187858596858617970769
:1048200010F476876587838194818617970738F41B
:104830008385948501969487838781E0089580E03D
:104840000895EF92FF920F931F937C0120912073A4
:10485000309121738091DBE29091DCE24091D9E2CA
:104860005091DAE28C0165E0000F111F6A95E1F7C3
:10487000081B190B87E190E0BC01269FC001279F10
:10488000900D369F900D1124082719278FE290E094
:104890009C01429FC001439F900D529F900D112497
:1048A00008271927209105763091067683E590E058
:1048B000AC01249FC001259F900D349F900D1124C1
:1048C000082719276091CF5D7091D05D8091D15DEF
:1048D0009091D25D25E630E040E050E00F94360F35
:1048E000062717270E211F21C8011F910F91FF9046
:1048F000EF9008951092558F1092588F8AE0809310
:104900001C7310921D7381E080935A8F089520913B
:104910000E76822F8150823098F0243089F02D302D
:1049200079F02E3069F0223159F0253149F02631E5
:1049300039F080E090E0293129F481E090E0089599
:1049400081E090E008951092737A1092727A10923A
:10495000757A1092747A2FB7F894809112769091AC
:10496000137690932773809326732FBF0895A3E146
:10497000B0E0EDEBF4EA0D94A20F3C015B016A019B
:104980004901CE0101960E944C4F8E81F601808331
:104990008F81F501808388859985F30191838083D8
:1049A0008C81F40180838B81F80180838A81F701F7
:1049B00080836396EEE00D94BE0FA1E0B0E0E3EEDD
:1049C000F4EA0D94AA0F7C0190E000E010E02DC005
:1049D000803338F48E3218F58032F9F08C3259F584
:1049E0001EC08A3340F5282F2053002311F4122FC4
:1049F00007C08AE0189F102D1124120F023008F40E
:104A00000F5F812F602F99830F94F30D9981E92F08
:104A1000F0E0EB5BFA48808305C0002311F09F5F54
:104A200000E010E00894E11CF11CF701808188236C
:104A300011F0993068F2892F2196E6E00D94C60FA7
:104A4000A8E2B0E0E6E2F5EA0D94A60F23982B9ACF
:104A5000549A55985D989D98A5980E948CF610924E
:104A6000088E10925E8F46DF84E196E70F94460E23
:104A700089E496E70F94460E66DF10927E761092D8
:104A8000287381E199E37E010894E11CF11CB701D0
:104A90000E947A7A019761F4C7010F94DA10182FF7
:104AA000C7010F94F711682F812F0F94F30D01C0E8
:104AB0008CE28093D1E28EE199E360E00E94BEF047
:104AC00010924375882319F081E08093437581E348
:104AD00099E361E00E94BEF010924475882319F0BA
:104AE00081E08093447585E099E37E010894E11CA0
:104AF000F11CB7010E947A7A019781F4C7010F94E3
:104B0000DA10182FC7010F94F711682F812F0F9417
:104B1000F30D80934275E5E4F5E705C01092427508
:104B200010924375F8CF119285E7EE34F807D9F764
:104B30008EE399E38E010F5F1F4FB8010E947A7ACE
:104B4000019711F4C80139DF85E599E38E010F5F04
:104B50001F4FB8010E947A7A019761F4C8010F943F
:104B6000F7106093BC757093BD758093BE7590937C
:104B7000BF7508C01092BC751092BD751092BE75BD
:104B80001092BF758FE599E38E010F5F1F4FB8013B
:104B90000E947A7A019741F4C8010F94DA10909339
:104BA000C1758093C07504C01092C1751092C07514
:104BB00083E699E360E00E94BEF01092E3758823DB
:104BC00019F081E08093E37587E799E38E010F5F29
:104BD0001F4FB8010E947A7A019721F4C8010F94FF
:104BE000DA1002C08DE290E09093EB758093EA7545
:104BF0008EE699E38E010F5F1F4FB8010E947A7A0B
:104C0000019741F4C8010F94F7107093C375609336
:104C1000C27506C086E890E09093C3758093C27514
:104C20008BE499E38E010F5F1F4FB8010E947A7ADF
:104C3000019721F4C8010F94DA1001C083E080933A
:104C40004E7584EA99E38E010F5F1F4FB8010E94F1
:104C50007A7A019761F4C8010F94F7106093DAE152
:104C60007093DBE18093DCE19093DDE108C010926A
:104C7000DAE11092DBE11092DCE11092DDE1F0ED7F
:104C8000EF2EFEE8FF2EE8E4AE2EEFE8BE2E78EC25
:104C9000C72E75E7D72E00E010E0F801EB5AFD4D66
:104CA00080819181B7010E947A7A019711F0F70112
:104CB0001082F50111921192119211925F01F60189
:104CC00011926F012FB7F894809110769091117620
:104CD000F801E453FA48918380832FBF0E5F1F4F82
:104CE00088E290E0E80EF91E06301105B1F6109248
:104CF000CB7586ED98E362ED75E70E947A7A0197AD
:104D000011F01092D2751092DF758EED98E361E08C
:104D10000E94BEF01092777A882319F081E0809388
:104D2000777A88E299E38E010F5F1F4FB8010E94E6
:104D30007A7A019721F4C8010F94DA1001C082E059
:104D400080935F8F8EEC98E38E010F5F1F4FB80149
:104D50000E947A7A019731F4C8010F94DA10809397
:104D6000548F02C01092548F8BEE98E38E010F5F28
:104D70001F4FB8010E947A7A019721F4C8010F945D
:104D8000DA1001C081E08093A5DE85EF98E38E0103
:104D90000F5F1F4FB8010E947A7A019721F4C80172
:104DA0000F94DA1001C081E08093A6DE2FEF3FEF71
:104DB0003093E1752093E0751092E27581E0809365
:104DC000D2E230936C7A20936B7A10926D7A1092C3
:104DD0002B7510922C7510922D7510922E751092C5
:104DE0006E7A2FB7F8948091127690911376909303
:104DF000707A80936F7A2FBF1092757A1092747ABE
:104E00001092737A1092727A8FEF9FEF90932A75B7
:104E1000809329752FB7F89480911276909113762C
:104E200090933675809335752FBF1092C47510928C
:104E3000C5751092C6751092C77583E08093F5759D
:104E40001092F4758FEF9FEF9093EF758093EE754E
:104E500086EF95E764E670E09FDC0F94C80D85EC63
:104E60008093BC0010920876109209762FB7F894C0
:104E700080911076909111769093E5758093E4750A
:104E80002FBF83E090E09093E7758093E67580EA0A
:104E90008093CDE284EF91E00E9415588FE698EB65
:104EA0000E945F58882309F471C02CE088E190E0EB
:104EB0000FB6F894A895809360000FBE2093600011
:104EC0002FB7F894809112769091137690931F7378
:104ED00080931E732FBF81E794EC62E57AE30E9412
:104EE0007E938BED9AEA6FE37AE30E947E9385E3EB
:104EF0009AEA68E27AE30E947E938DE89FEB63E191
:104F00007AE30E947E9388E99DEB6EEF79E30E943D
:104F10007E938BEB9AEA68EE79E30E947E9386ECAF
:104F20009BEA67ED79E30E947E9382EE9BEB6DEC4A
:104F300079E30E947E938BE89AE465EC79E30E9422
:104F40007E9386E890E00E94FA5E8FEF809307766A
:104F500000D00F9283EB99E3EDB7FEB79283818384
:104F600086E890E0948383830F94B7120F900F909C
:104F70000F900F9084E598EC6CEA79E30E94B98178
:104F80000E940ADF0E947AF70F94CB02A896EAE00B
:104F90000D94C20FA6E0B0E0E0EDF7EA0D94AB0F80
:104FA000F82E8091548FF81601F18F2D90E08E012C
:104FB0000F5F1F4FB8014AE050E00F9438128EEC9B
:104FC00098E3B8010E94E179F092548F89E590E06E
:104FD0006F2D0F94810A0F920F92EDB7FEB7928357
:104FE00081830F94B7120F900F902696E5E00D94F1
:104FF000C70FA1E0B0E0EFEFF7EA0D94AC0F8B0123
:10500000BE016F5F7F4F0F94090E982F898188230F
:1050100029F48DE2F8018083118213C0892F90E07A
:10502000B8014AE050E00F9438128981823048F08C
:10503000F8018181882329F412828081818380E3B1
:1050400080832196E4E00D94C80FCF93DF93EC01A9
:105050008091A5DE843040F0488150E060E070E04F
:105060008CE09EE30E94ABF59881992391F1892F02
:105070008556893038F4E92FF0E0E052FB48408152
:10508000442319F4E5E4F5E70CC046954883809184
:10509000A5DE8430F0F050E060E070E087EE9DE344
:1050A0000EC080818695981769F48091A5DE8430C2
:1050B00080F0492F50E060E070E084EC9DE30E94B6
:1050C000ABF507C0319685E7EE34F80751F780E07D
:1050D00001C081E0DF91CF9108950F931F938C0160
:1050E000409105765091067660E070E083E29EE3A1
:1050F0000E94ABF5C8010E94EAF51F910F91089537
:105100000F931F93CF93DF93EC018B0188E290E024
:10511000C89FF001C99FF00DD89FF00D1124E053F6
:10512000F1478081882309F444C0FE01E853FA481E
:1051300080818A3008F43FC08FB7F89420911076B0
:1051400030911176FE01EE0FFF1FE453FA480190F3
:10515000F081E02D8FBF8091CB75882319F488E30F
:1051600094E002C088E790E02E1B3F0B8217930764
:1051700010F18091A6DE8330E0F086EA96E5ADDF9F
:1051800088E290E09C01C29FC001C39F900DD29F16
:10519000900D1124805391470E947AF689E796E595
:1051A0000E94EAF5C8010E94EAF585E796E50E94AB
:1051B000EAF580E001C081E0DF91CF911F910F916E
:1051C00008950F931F93CF93DF93EC0183309105E4
:1051D00018F58C0108531A48F80180818823E1F002
:1051E0008150808389E795E578DF88E290E09C0133
:1051F000C29FC001C39F900DD29F900D1124805378
:1052000091470E947AF6F801408150E060E070E03A
:1052100086E595E50E94ABF5DF91CF911F910F9147
:105220000895CF93DF93EC018330910588F52FB774
:10523000F8948091107690911176FE01EE0FFF1F89
:10524000E453FA48918380832FBFFE01E853FA4864
:1052500080818A3010F48E5F80838CEA95E53DDF93
:1052600088E290E09C01C29FC001C39F900DD29F35
:10527000900D1124805391470E947AF6C853DA4862
:10528000488150E060E070E08CE895E50E94ABF565
:10529000DF91CF9108950F931F9390917E769A326C
:1052A00009F03FC090917F76192F10531A30C8F53E
:1052B000909180769A3291F4882369F08EE796E790
:1052C0000F94F711AC01425050408EE796E761E829
:1052D00076E70F94B911812F61E01DC0092F0053AB
:1052E0000A30F8F4909181769A32D9F4882369F0E3
:1052F0008EE796E70F94F711AC01435050408EE7CC
:1053000096E762E876E70F94B9118AE0189FC0012A
:105310001124800F62E00F94F30D8695282F30E062
:1053200007C0992319F42FEF3FEF02C020E030E0CF
:10533000C9011F910F9108951F93CF93DF93182FE9
:1053400088E293E70F94F711EC0181E0C435D807A8
:1053500044F0EC9788E293E764E673E7AE010F94BC
:10536000B911FE01E85DFC4810831182DF91CF91F5
:105370001F910895EF92FF920F931F93CF93DF93A6
:105380008C017B01009709F46AC08091A5DE823010
:1053900048F189E795E4A1DE0A5F1F4ED801ED913F
:1053A000FC9106501041309719F4E801229608C08C
:1053B000E15FF74FEE0FFF1FE00FF11FC081D181BA
:1053C000CE010F94F71198012E5F3F4FC80FD91FE0
:1053D000C21BD30BC901BE010E940EF686E795E4FD
:1053E0000E94EAF50A5F1F4EF80180819181065004
:1053F0001041892BA1F1C80166E875E40E9428924A
:10540000892B69F1C80166E875E40E945192FC019C
:10541000E05FF74FEE0FFF1FE00FF11FC081D1815A
:10542000CE0163E775E40F944911892B19F4D70174
:105430001C920AC0CE0160E775E40F944911892BD4
:1054400071F481E0F7018083F801EA5FFF4E80810B
:105450009181019711F41182108281E001C080E0F6
:10546000CDB7DEB7E6E00D94C60FAAE0B0E0EBE3FF
:10547000FAEA0D94AA0F6FE572E77CDF0E94B693FB
:1054800085E390E060915F720F94810A0F920F9212
:10549000ADB7BEB712969C938E9311970F94B71227
:1054A000FF24F3940F900F904CC08E2D6F2D0F940E
:1054B000F30D182FBE016F5F7F4F9BDD8091D1E20E
:1054C000181729F48091CDE2082F10E006C0812F33
:1054D0000F94750D8C0197FD21C086E390E06091DB
:1054E0005F720F94810A00D000D0EDB7FEB73196FD
:1054F000ADB7BEB712969C938E931197CE010196CD
:1055000093838283158304830F94B712EDB7FEB79C
:1055100036960FB6F894FEBF0FBEEDBFE394F1E0F0
:10552000FF1619F023E630E002C029E030E08E2DAE
:1055300090E0281739070CF0B8CFF39483E0F81601
:1055400011F0EE24ECCF87E390E060915F720F944E
:10555000810A0F920F92ADB7BEB712969C938E93AD
:1055600011970F94B7120F900F900E94A9932A964B
:10557000E6E00D94C60F61E672E7FCDE0E94B6938A
:105580008091D275882319F48BE290E004C01092C8
:10559000DF758CE290E0609161720F94810A0F9246
:1055A0000F92EDB7FEB7928381830F94B7120F90DD
:1055B0000F900C94A9930F931F93CF93DF9364E6FE
:1055C00072E7D8DE0F920F928CEC9EE3ADB7BEB7B8
:1055D00012969C938E9311970F94B71280910E762A
:1055E0000F900F90863109F056C084E190E06091F1
:1055F00064720F94810A0F920F92EDB7FEB79283F7
:1056000081830F94B71200D000D0EDB7FEB731966A
:105610008AEA9EE3ADB7BEB712969C938E9311971C
:1056200008E213E7138302838CEB94E7958384836A
:105630008EE796E7978386830F94B712EDB7FEB790
:1056400038960FB6F894FEBF0FBEEDBF8091A5DE71
:10565000833008F454C08AE89EE33FDDC8010F940C
:10566000F711EC01C050DD48C017D10708F4E8017C
:10567000CE010F94F711BC01CE010E940EF688E214
:1056800093E70F94F711AC0160E070E082E89EE3CD
:105690000E94ABF534C08823D9F485E190E0609195
:1056A00064720F94810A0F920F92ADB7BEB7129633
:1056B0009C938E9311970F94B712109228730F90AA
:1056C0000F908091A5DE8330D0F08BE59EE316C06D
:1056D00086E190E0609164720F94810A0F920F92BC
:1056E000EDB7FEB7928381830F94B7120F900F909E
:1056F0008091A5DE833018F081E39EE3EEDC0E940A
:10570000A9932FB7F8948091127690911376909385
:105710002675809325752FBFDF91CF911F910F9133
:1057200008958091D0E2882381F18091D0E20F9496
:10573000750D97FF12C0409105765091067660E096
:1057400070E083E29EE30E94ABF54091D0E250E02E
:1057500060E070E08FEF92E513C087FF13C04091C7
:1057600005765091067660E070E083E29EE30E9449
:10577000ABF54091D0E250E060E070E08CEC92E557
:105780000C94ABF58AEA0D94570D0895EF92FF92B1
:105790000F931F93CF93DF93FC01EA5FFF4E80814D
:1057A0009181E650F041892BE1F0CF016AE675E482
:1057B0000E942892892BA9F01092088E8FEF809377
:1057C0000776109208761092097610925D7286EF35
:1057D00095E764E670E00E94CCA31092DAE21092A2
:1057E000D9E20E94B69300D00F9287E595E4ADB759
:1057F000BEB712969C938E93119788E09EE81496FC
:105800009C938E9313970F94B712EDB7FEB7319612
:105810008AE395E4ADB7BEB712969C938E93119729
:1058200080915E8F828313820F94B71283E295E496
:10583000EDB7FEB79283818387EA90EE94838383EA
:105840000F94B7128BE095E4ADB7BEB712969C9358
:105850008E93119787EA9EED14969C938E931397DF
:105860000F94B7120F900F900F900F900E943EF878
:1058700000D00F92EDB7FEB731968EED94E4ADB740
:10588000BEB712969C938E9311978091CB758283AD
:1058900013820F94B71208EC15E72CECE22E25E7E3
:1058A000F22EC0EDDEE80F900F900F900F908FB7A3
:1058B000F89420911076309111768FBFEDB7FEB736
:1058C00038970FB6F894FEBF0FBEEDBF319682EA4F
:1058D00094E4ADB7BEB712969C938E931197D38381
:1058E000C283D8018D918D0184831582D7018D915A
:1058F0009D917D01281B390B378326830F94B712A6
:10590000A896EDB7FEB738960FB6F894FEBF0FBE57
:10591000EDBFF5E70B3C1F0751F600D00F92EDB736
:10592000FEB7319683E994E4ADB7BEB712969C9367
:105930008E93119780910E76828313820F94B71203
:105940002091CDE2EDB7FEB7319681E894E4ADB792
:10595000BEB712969C938E931197228313820F9455
:10596000B7128FB7F89420911076309111768FBFCF
:1059700080E594E4EDB7FEB7928381838091E4756E
:105980009091E575281B390B348323830F94B7124C
:105990008CE294E4ADB7BEB712969C938E931197A8
:1059A0008091E6759091E77514969C938E9313976A
:1059B0000F94B712EDB7FEB7319682E194E4ADB71C
:1059C000BEB712969C938E9311978091F575828342
:1059D00013820F94B7128FB7F894209112763091FA
:1059E00013768FBF89EE93E4EDB7FEB79283818380
:1059F0008091E8759091E975281B390B34832383D6
:105A00000F94B71288EC93E4ADB7BEB712969C938F
:105A10008E9311978091EE759091EF7514969C93EB
:105A20008E9313970F94B71285EA93E4EDB7FEB700
:105A3000928381838091F0759091F1759483838333
:105A40000F94B71280E893E4ADB7BEB712969C935B
:105A50008E9311978091F2759091F37514969C93A3
:105A60008E9313970F94B712EDB7FEB731968EE56C
:105A700093E4ADB7BEB712969C938E931197809125
:105A8000F475828313820F94B7120F900F908CE3FA
:105A900093E4EDB7FEB7928381830F94B7128DB76D
:105AA0009EB70C970FB6F8949EBF0FBE8DBFEDB793
:105AB000FEB731960FEC12E7ADB7BEB712961C9346
:105AC0000E93119783E497E5938382838091FB750E
:105AD0009091FC75A091FD75B091FE7584839583BE
:105AE000A683B7838091FF75909100769187808718
:105AF00080910376909104769387828780910176D6
:105B000090910276958784870F94D912EDB7FEB7EE
:105B10003C960FB6F894FEBF0FBEEDBF1283018313
:105B20000F94A6120F920F92EDB7FEB7319682E254
:105B300093E4ADB7BEB712969C938E931197809164
:105B40006D7A828313820F94B71286E093E4EDB7E7
:105B5000FEB79283818380916B7A90916C7A948363
:105B600083830F94B7120F920F928CEE92E4ADB72D
:105B7000BEB712969C938E93119780912B7590913E
:105B80002C75A0912D75B0912E75EDB7FEB783835E
:105B90009483A583B6830F94B7120F900F90EDB73F
:105BA000FEB731968AEC92E4ADB7BEB712969C93DD
:105BB0008E93119780916E7A828313820F94B7121D
:105BC0008FB7F89420911276309113768FBF89E9C0
:105BD00092E4EDB7FEB79283818380916F7A9091C2
:105BE000707A281B390B348323830F94B71280E813
:105BF00092E4ADB7BEB712969C938E9311978091A5
:105C0000727A9091737A14969C938E9313970F9453
:105C1000B71286E692E4EDB7FEB792838183809156
:105C2000747A9091757A948383830F94B712EDB749
:105C3000FEB7319687E492E4ADB7BEB712969C9357
:105C40008E9311978091717A828313820F94B71289
:105C5000EDB7FEB731968FE292E4ADB7BEB71296BC
:105C60009C938E9311978091767A828313820F94FE
:105C7000B7128AE092E4EDB7FEB7928381838091F8
:105C8000397590913A75948383830F94B712EDB769
:105C9000FEB7319684EE91E4ADB7BEB712969C93F1
:105CA0008E93119780913D75828313820F94B71262
:105CB0008EEB91E4EDB7FEB79283818380913B75C3
:105CC00090913C75948383830F94B7120F900F903B
:105CD00089EA91E4ADB7BEB712969C938E93119763
:105CE0000F94B71288E293E7EDB7FEB792838183F2
:105CF0000F94A61280E991E4ADB7BEB712969C93BB
:105D00008E9311970F94B7128EE796E7EDB7FEB713
:105D1000928381830F94A6128EE891E4ADB7BEB74B
:105D200012969C938E9311970F94B7128FB7F89495
:105D300020911276309113768FBF0F920F9288E6E2
:105D400091E4EDB7FEB792838183809124739091A3
:105D50002573281B390B348323830F94B7122091AA
:105D600020733091217387E491E4ADB7BEB71296EA
:105D70009C938E93119714963C932E9313970F94A4
:105D8000B7122091DBE23091DCE28DE291E4EDB7D5
:105D9000FEB792838183348323830F94B7122091BB
:105DA000D6E2EDB7FEB7319680E191E4ADB7BEB76C
:105DB00012969C938E931197228313820F94B7129D
:105DC0008FB7F89420911276309113768FBF89EDBA
:105DD00090E4EDB7FEB79283818380912673909112
:105DE0002773281B390B348323830F94B7128FB783
:105DF000F89420911276309113768FBF8AEA90E45E
:105E0000ADB7BEB712969C938E93119780911E7377
:105E100090911F73281B390B14963C932E93139764
:105E20000F94B712EDB7FEB7319684E990E4ADB7A1
:105E3000BEB712969C938E93119780915D72828368
:105E400013820F94B7122091D9E23091DAE28FE7F2
:105E500090E4EDB7FEB792838183348323830F945C
:105E6000B71284E690E4ADB7BEB712969C938E93BA
:105E70001197809105769091067614969C938E9357
:105E800013970F94B71220910A7630910B764091B8
:105E90000C7650910D760F920F9287E490E4EDB757
:105EA000FEB792838183ADB7BEB713962D933D9312
:105EB0004D935C9316970F94B712209107760F902D
:105EC0000F90EDB7FEB7319680E390E4ADB7BEB763
:105ED00012969C938E931197228313820F94B7127C
:105EE00020910876EDB7FEB7319689E190E4ADB721
:105EF000BEB712969C938E931197228313820F94B0
:105F0000B71220910976EDB7FEB731968DEF9FE37A
:105F1000ADB7BEB712969C938E93119722831382CE
:105F20000F94B712EDB7FEB73A970FB6F894FEBFCD
:105F30000FBEEDBF31968AE79FE3ADB7BEB71296AD
:105F40009C938E9311978091CF5D9091D05DA0919D
:105F5000D15DB091D25D82839383A483B583809118
:105F6000CB5D9091CC5DA091CD5DB091CE5D8683EF
:105F70009783A087B1878091C65D9091C75DA091FE
:105F8000C85DB091C95D82879387A487B5870F9458
:105F9000B712EDB7FEB73E960FB6F894FEBF0FBE30
:105FA000EDBF0E94A99381E00E9436F3CDB7DEB722
:105FB000E6E00D94C60F0F931F93CF93DF938C01F0
:105FC0000F945911482F2091747A3091757AC82F07
:105FD000D0E0C90102968C0F9D1F8A5B9940F8F4AE
:105FE000F901E05CFB4784E08083C9010196FC0174
:105FF000E05CFB47408301969093757A8093747AB6
:10600000805C9B47B8010F9452118091747A9091F3
:10601000757A8C0F9D1F9093757A8093747A81E0C6
:1060200080936E7ADF91CF911F910F9108951F9306
:10603000CF93DF93282F30E0C90181509048880F1B
:10604000991F873C910578F4E901CC0FDD1F1C2FC7
:106050008C2F0F94750D97FD06C085FD04C087FF3A
:1060600026C0CC2341F580914275882319F482E043
:106070008093427510914275812F0F94750D97FD95
:106080000AC087FF08C085FD06C084FF14C0809148
:106090004275181781F080914475882341F01E5F86
:1060A000193C08F012E080914275181729F71092F8
:1060B000D0E290E013C01093D0E28091D1E28695B7
:1060C0000F94570D0F944E0D8091CFE290E08823EE
:1060D00009F491E01092CFE21092CEE2892FDF9185
:1060E000CF911F91089580916D7A882379F18091E5
:1060F000717A813039F0813040F0823029F183307B
:1061000029F51FC080936E7A21C081E080936E7A5A
:106110002091747A3091757A89E0223C3807B0F486
:10612000F901E05CFB4783E08083C9010196FC0133
:10613000E05CFB47108201969093757A8093747AA5
:1061400005C00F94970402C00F94BB0410927E7692
:106150001092BC74109224750895A2E0B0E0E3EBB5
:10616000F0EB0D94AE0F8731A1F484E196E76BE17B
:106170000F94740E882301F184E196E762E10F9495
:10618000740E90E0882309F491E081E09827892F2C
:1061900020C066E476E7AE014F5F5F4F9E012E5F41
:1061A0003F4F0F94F70E8823A1F084E196E76981B1
:1061B0000F94740E882319F480E090E00AC06A817D
:1061C0006F3F19F481E090E004C084E196E70F94FA
:1061D000740E2296E2E00D94CA0FA0E0B0E0E3EF67
:1061E000F0EB0D94A80F80910E76863139F08E3049
:1061F00029F0843019F0823109F046C184E196E734
:106200000F944B0E882309F43FC180917E7688233A
:1062100009F4E3C08091BC74882309F0DEC0E090EB
:106220002475FF24DD24CC2457C061E60F94BF0EF3
:106230008F3F39F4F801808161E30F94BF0E8F3FE7
:10624000C1F0C258D9488881EF2DF0E0E454FB48F2
:106250008083F3948D3019F4EE24CC243CC08A3032
:1062600011F4D39479C0E3948032A1F18D3291F18D
:1062700032C0F8016081673151F4EF2DF0E0E45451
:10628000FB486083F394F8011182EE2424C0C8E92E
:10629000D8E3CE0170E00F943E110097E1F08C1B23
:1062A0009D0BFC01E655F74C2491EF2DF0E0E454F2
:1062B000FB482083F394E3948454974CFC0184912D
:1062C000EF2DF0E0E454FB488083803221F0F3941A
:1062D000E39401C0CF2CD394CD2DD0E08E01025891
:1062E0001948F8018081882341F0F1E6FF1528F074
:1062F00090E49E1508F099CF03C0E0E4EE1560F538
:10630000CC20D1F0CF1468F46C2D70E04F2D50E00C
:10631000461B570BCB0182549B4864547B480F9417
:10632000B911EC2DF0E0E454FB488DE080838AE065
:106330008183F2E0FF0E10C0EF2DF0E0E454FB4843
:106340008DE080839F2D9F5FE92FF0E0E454FB48B0
:106350008AE08083F92EF394EF2DF0E0E454FB48BB
:1063600010828091A5DE833030F180E993E50E94B0
:106370006DA80D2D10E08EE796E7B8010E940EF68D
:106380008EE796E70F94F711AC01401B510B60E0CC
:1063900070E087E893E50E94ABF582E793E50E9401
:1063A0006DA88CEB94E76F2D70E00E940EF68FE6DF
:1063B00093E50E94EAF50D2D10E08EE796E70F9425
:1063C000F711AC014F5F5F4F401B510B8EE796E713
:1063D000080F191FB8010F94B9118091BC7488235C
:1063E00009F452C0CCEBD4E700E010E031C0988152
:1063F0009D3019F4109224751DC0809124758F5F13
:10640000809324759731B1F480917E768823E9F4E6
:1064100089818D3051F48A818A30B9F48B81882347
:10642000A1F487E19ADE198210C0882371F487E114
:1064300094DE0BC0892F91DE882339F080910E768F
:10644000863119F488810E949CA90F5F1F4F219605
:106450008881882331F084E196E70F94540E8823D5
:1064600031F20115110581F08CEB94E70F94F711CF
:10647000AC014F5F5F4F401B510B8CEB94E7080F53
:10648000191FB8010F94B911CDB7DEB7E8E00D942C
:10649000C40F1F93182F80910E76181709F429C284
:1064A0001092DCE21092DBE21E3009F456C11F307C
:1064B000C0F4143009F4D2C0153048F4113009F496
:1064C0005DC0113038F1123009F013C2ABC01C307E
:1064D00009F42BC11D3008F02FC11B3009F009C28F
:1064E000DAC0163109F4A0C1173150F4133109F4A0
:1064F00051C1153109F462C1123109F0FAC146C126
:106500001F3109F4ABC1103209F4CAC1193109F0C5
:10651000F0C154C185E00F94C40B84E00F94C40B08
:1065200083E00F94C40B81E00F94C40B82E00F94BE
:10653000C40B80E00F94C40B87E00F94D50B85E06B
:106540000F94D50B81E00E94105782E00E941057F3
:1065500083E00E94105710927E7610926A7A109211
:10656000BC74109224752FB7F89480911276909194
:1065700013769093E9758093E87552C087E00F9485
:10658000C40B85E00F94C40B85E00F94C40B81E02D
:106590000F94D50B80E00F94D50B83E00F94C40BC0
:1065A00082E00F94C40B84E00F94C40B81E00E943E
:1065B0001A5782E00E94105783E00E9410571093F0
:1065C000D7E210935A8F84E196E70F94460E89E440
:1065D00096E70F94460E81E680937B760E947AA41C
:1065E000109240751092717A10927E761092BC745F
:1065F0001092247510923C7510923B7510923A756A
:106600001092397510923D7510923F752FB7F8941E
:1066100080911076909111769093287580932775CC
:106620002FBF65C110924F75109250751092517521
:10663000109252751092537584E595E70E944EDFD3
:1066400081E08093B8752FB7F8948091127690917D
:1066500013769093BA758093B975E2CF85E00F9465
:10666000D50B81E00F94D50B80E00F94D50B83E020
:106670000F94D50B82E00F94D50B81E08093D7E285
:1066800080935A8F0E941A5782E00E94105783E02D
:106690000E94105770C087E00F94C40B85E00F94E0
:1066A000C40B85E00F94C40B81E00F94C40B80E011
:1066B0000F94C40B83E00F94C40B82E00F94C40BBF
:1066C00084E00F94D50B81E00E94105782E00E9475
:1066D0001A5783E00E94105781E08093D7E280939D
:1066E0005A8F84E196E70F94460E89E496E70F945B
:1066F000460E81E680937B760E947AA410927E7685
:106700001092BC74109224751092407510924175CD
:1067100010923C7510923B7510923A751092397533
:1067200010923D7510923F75E2C083E00F94D50B37
:1067300082E00F94D50BDBC083E00F94D50B82E091
:106740000F94D50B2FB7F894809112769091137611
:1067500090932573809324737FC081E00F94D50BB1
:1067600080E00F94D50B85E00F94D50B81E08093EA
:10677000D7E280935A8F2FB7F89480911276909138
:106780001376909323738093227366C085E00F94F1
:10679000C40B3CCF83E00F94C40B82E00F94C40B76
:1067A00085E00F94C40B2FB7F894809112769091E6
:1067B0001376909325738093247332CF87E00F94E0
:1067C000C40B85E00F94C40B85E00F94C40B81E0EB
:1067D0000F94C40B80E00F94C40B83E00F94D50B8F
:1067E00082E00F94D50B84E00F94D50B81E00E94DA
:1067F000105782E00E941A5783E00E94105784E1EC
:1068000096E70F94460E89E496E70F94460E81E6CC
:1068100080937B7681E08093D7E280935A8F0E94A9
:106820007AA410924075E6CE81E00F94D50B80E0FB
:106830000F94D50B85E00F94D50B81E08093D7E2C0
:1068400080935A8F2FB7F894809112769091137697
:1068500090932675809325752FBFD8CE87E00F942F
:10686000C40B85E00F94C40B85E00F94C40B81E04A
:106870000F94C40B80E00F94C40B83E00F94C40BFF
:1068800082E00F94C40B84E00F94C40B81E00E945B
:10689000105782E00E94105783E00E941A5727C0C9
:1068A00085E00F94C40B84E00F94C40B83E00F9435
:1068B000C40B81E00F94C40B82E00F94C40B80E002
:1068C0000F94C40B87E00F94C40B85E00F94C40BA6
:1068D00081E00E94105782E00E94105783E00E94DE
:1068E0001A5710927E761092BC74109224751093F1
:1068F0000E761F91089590910E769E3058F49B303D
:10690000D8F4913008F454C0933078F0943009F002
:106910004FC035C0973130F4953138F49E3009F0CE
:1069200047C02DC0993109F043C0882309F440C005
:106930000E9491AB83E122C08091A5DE8823B9F04B
:106940000E941AF3409105765091067660E070E05F
:1069500083E29EE30E94ABF540910E7650E060E04A
:1069600070E08FEE96E50E94ABF50E941FF38091D8
:106970000E768D3011F40E9491AB80E28ACD809129
:10698000A5DE882399F0409105765091067660E067
:1069900070E083E29EE30E94ABF540910E7650E0FA
:1069A00060E070E08BEB96E50E94ABF582E171CD83
:1069B00008954F925F926F927F928F929F92BF92B3
:1069C000CF92DF92EF92FF920F931F93CF93DF93BB
:1069D0008091727A9091737A892B09F470C3C0E028
:1069E000D0E044245524F4C2FE01E858F548108153
:1069F0001D3039F01A3029F0812F80528F3508F080
:106A00004CC081E08093717A8EE796E70F94F7117E
:106A1000DC0123E0863E92070CF0E2C2103461F400
:106A20000894C108D108CC15DD0531F4FC01E25809
:106A3000F94887E1808304C0FD01E258F9481083DA
:106A4000A258B94811961C9280913B7590913C7563
:106A5000019690933C7580933B7580910E768B30B8
:106A6000A1F480E00E944BA997FD0FC081E00E9435
:106A70004BA98093417581E495E70E9425A888235E
:106A800011F4109241758CE004DD7E010894E11C44
:106A9000F11C0894411C511C23C0112309F493C21A
:106AA000113009F51092717A80910E768B3069F46D
:106AB00082818093417581E495E70E9425A888230F
:106AC00011F4109241758CE0E4DCFE01E858F548C1
:106AD000818112E0E12EF12CEC0EFD1EE80EF11C7E
:106AE00010926E7A74C2123009F08DC01092717AD1
:106AF000B1800B2D10E0B2E08B2E912C8C0E9D1EE0
:106B00007401E00EF11ECE14DF0408F46CC084E1C1
:106B100096E70F94B10E9801280F311D22333105ED
:106B20000CF061C08091A5DE823059F54091057668
:106B30005091067660E070E083E29EE30E94ABF540
:106B400084E196E70F94B10E482F50E060E070E0CA
:106B500082E692E50E94ABF54B2D50E060E070E0DC
:106B60008EE592E50E94ABF580913B75A801480F38
:106B7000511D662757FD6095762F88E592E50E94A6
:106B8000ABF580913B7590913C75800F911F909370
:106B90003C7580933B75E401C858D54806C084E134
:106BA00096E769910F94740EBA94BB20C1F7809157
:106BB0004075882381F084E196E70F94B10E893106
:106BC00050F48091A5DE823020F08EE392E50E94A1
:106BD0006DA81092407580910E768B3009F0F7C148
:106BE0008CE057DCF4C180914075882341F480919A
:106BF000A5DE823020F084E292E50E946DA881E05B
:106C000080934075EDC1812F8350823070F51181E2
:106C10008EE796E70F94F711412F50E0BE016E5FAB
:106C20007F4F7B01E40EF51ECE14DF0480F0EA01F5
:106C3000C80FD91F33E0C73ED3074CF468587548D6
:106C4000825899480F941E12C258D94818828091D0
:106C5000A5DE882321F086E092E50E946DA881E000
:106C60004ADE81E080936E7AB2C11630E9F4109268
:106C7000717A118180910E768B3029F483EA0F941A
:106C8000570D8CE006C0823029F485EA0F94570D29
:106C900084E0FFDB112309F4D2C0FE01E858F54877
:106CA000828180933D75CBC0173009F08FC0109260
:106CB000717AFE01E858F548D180DD2009F47EC0E4
:106CC00012818091A5DE823090F04091057650913E
:106CD000067660E070E083E29EE30E94ABF5412F10
:106CE00050E060E070E08CED91E50E94ABF58091A2
:106CF0003875181719F41093377508C0123020F042
:106D000081E08093387502C0109338758091377593
:106D1000882309F053C00091747A1091757A89E044
:106D20000A3B180708F04AC0F801E05CFB4787E01F
:106D300080830F5F1F4F84E998E30F9459117C0102
:106D4000F801E05CFB478E5F80830F5F1F4FF80107
:106D5000E05CFB478091387580830F5F1F4F109375
:106D6000757A0093747AC801805C9B4764E978E384
:106D70000F9452118091747A9091757AE80EF91EF1
:106D80000894E11CF11CF092757AE092747A80917B
:106D9000A5DE823098F0409105765091067660E04D
:106DA00070E083E29EE30E94ABF54091387550E0BD
:106DB00060E070E086EB91E50E94ABF5A2E0EA2E80
:106DC000F12CEC0EFD1EED0CF11C01C1183009F088
:106DD0003EC0FE01E858F5481181123080F18091E3
:106DE000F575813061F57280662483819301280FE7
:106DF000311D3093F3752093F27580916B7A9091E9
:106E00006C7A0E947A658FEF9FEF90936C7A8093F3
:106E10006B7A10926D7A10922B7510922C751092DD
:106E20002D7510922E7510926E7A1092757A1092BE
:106E3000747A1092737A1092727A80E22ADBF2E00E
:106E4000EF2EF12CEC0EFD1EE10EF11CC0C019302E
:106E500009F0A9C0DE01A858B54811960C91119708
:106E6000FE0132967F01E00EF11CCE14DF0410F417
:106E700011E069C0E858F548208131818091C075E2
:106E80009091C1752817390709F017C11496CC9055
:106E9000EFEEDE2EDC0C32E03D1508F453C008E2C4
:106EA000D09E8001112400531147C358D548C80112
:106EB000BE0147E250E00F941E12AD2DB0E0FD017F
:106EC000EE0FFF1FEE0FFF1FE85BF04710821182ED
:106ED00012821382AA0FBB1FAB5ABD4D8D919C919C
:106EE000B8010E94E1798091747A9091757AFC01E1
:106EF000E05CFB4726E020830196FC01E05CFB4759
:106F000022E020830196FC01E05CFB4710820196A1
:106F1000FC01E05CFB47C08201969093757A8093F8
:106F2000747A409105765091067660E070E083E2D5
:106F30009EE30E94ABF54C2D50E060E070E08DE6E2
:106F400092E52EC013E08AEA91E535D840910576A6
:106F50005091067660E070E083E29EE30E94ABF51C
:106F6000412F50E060E070E08FE891E50E94ABF5C2
:106F7000402F50E060E070E087E891E50E94ABF5BB
:106F8000043028F440E050E060E070E007C0C858EA
:106F9000D5488C81482F50E060E070E08AE791E5A9
:106FA0000E94ABF514C08091717A882361F4FE01D0
:106FB000E858F548818152E0E52EF12CEC0EFD1EDB
:106FC000E80EF11C04C07E010894E11CF11CE701ED
:106FD000C090727AD090737ACC15DD0508F404CD98
:106FE0004091727A5091737AC417D507A0F4BE010C
:106FF000685875484C1B5D0B88E79AE70F94B911E8
:107000008091727A9091737A8C1B9D0B9093737A16
:107010008093727A04C01092737A1092727A80917F
:10702000A5DE8230B9F541145104A1F140910576F5
:107030005091067660E070E083E29EE30E94ABF53B
:1070400084E196E70F94B10ED82E8EE796E70F9461
:10705000F7117C018CEB94E70F94F711E80EF91E01
:10706000ED0CF11C00E010E08FE691E5B801A701FE
:107070000E94ABF5A20160E070E08BE691E50E9412
:10708000ABF540913B7550E060E070E085E691E53E
:107090000E94ABF58091717A813089F48091727A87
:1070A0009091737A009759F0FC01E958F548808176
:1070B000803429F487E1808302C012E044CFDF915D
:1070C000CF911F910F91FF90EF90DF90CF90BF90E5
:1070D0009F908F907F906F905F904F9008950F9347
:1070E0001F9306B580910776081710F40093077672
:1070F00080910876801710F40093087680910A76C4
:1071000090910B76A0910C76B0910D760196A11D11
:10711000B11D80930A7690930B76A0930C76B09372
:107120000D7680915B8F8F5F80935B8F80915B8FFB
:10713000853040F18091127690911376019690936C
:1071400013768093127610925B8F80915C8F909172
:107150005D8F019690935D8F80935C8F80915C8FA3
:1071600090915D8F885E934068F010925D8F1092D1
:107170005C8F8091107690911176019690931176A4
:1071800080931076A8958FB7F8942091127630915D
:1071900013768FBF80911E7390911F73281B390B3C
:1071A0002952334248F082E197E50E946DA881E0C0
:1071B0000E9436F30E94D47B8FB7F8942091127608
:1071C000309113768FBF80911E7390911F73281B8F
:1071D000390B2333310518F080E00E941A57809153
:1071E000DBE29091DCE201969093DCE28093DBE2BB
:1071F00080910E768E3039F0843029F0863119F086
:10720000823109F06CC18091558F882309F478C0D0
:107210008091558F883009F473C080911C73815020
:1072200080931C7380911C73833068F48091D7E243
:10723000882349F080911A7390911B730196909363
:107240001B7380931A7380911C73882309F04CC0C0
:107250008091558F813051F480911A7390911B73F6
:107260000297FCF482E08093558F37C08091558F50
:107270008730D1F480911A7390911B7320E00297AC
:107280000CF421E02093578F88E08093558F8091F4
:10729000578F882311F56091568F89E496E70F94F4
:1072A000740E1092558F19C08091568F880F80935D
:1072B000568F80911A7390911B7302972CF08091D6
:1072C000568F81608093568F8091558F8F5F80930A
:1072D000558F10921B7310921A7310921B73109299
:1072E0001A738AE080931C732FB7F89480911276FA
:1072F0009091137690932373809322732FBF44C091
:107300008091D7E2882379F481E08093558F1092A1
:10731000568F1092578F10921B7310921A7386E03B
:1073200080931C7331C08091588F813091F480918B
:10733000598F90E08F719070880F991F880F991F57
:1073400083608093598F10921D7382E08093588FD1
:107350001BC08091588F8823B9F484E196E70F947D
:107360004B0E882389F484E196E70F949B0E80935B
:10737000598F11E01093588F84E196E70F944B0ECC
:10738000882311F010933E758091588F8230A8F1B8
:107390008091588F8830C1F480911D738F5F8093E6
:1073A0001D7390911D7380914075882319F42EE010
:1073B00030E002C02CE030E0892F90E08217930784
:1073C000E4F01092588F19C09091598F80911D73DD
:1073D0008F5F80931D7380911D738A3060F0809160
:1073E000598F880F8093598F8091588F8F5F80932A
:1073F000588F10921D7397FF17C080915A8F882362
:1074000049F58CE90F94570D81E080935A8F82E003
:1074100090E0909321738093207383E00E94105733
:1074200082E00F94D50B3DC080915A8F882391F054
:1074300083E90F94570D10925A8F82E090E0909359
:1074400021738093207383E00E941A5782E00F9487
:10745000C40B27C08091207390912173892B31F048
:107460008091207390912173019717C08091CEE293
:10747000882321F08091CEE2843099F48091D5E286
:10748000882379F080915A8F882311F486E901C00E
:107490008AE90F94570D8AEF90E0909321738093BF
:1074A00020738091D7E2882369F080E00F94D50B98
:1074B00080910E76843011F482E001C081E00E9458
:1074C000105732C080E00F94C40B80910E76843048
:1074D00011F482E001C081E00E941A5725C00E9489
:1074E00087A4882309F18091207390912173892BBF
:1074F00031F08091207390912173019711C0809198
:10750000CEE2882321F08091CEE2843069F480912C
:10751000D5E2882349F089EA0F94570D8AEF90E06D
:1075200090932173809320738091CE728130D1F13A
:10753000813020F0823009F055C04FC01B9957C0F0
:107540008FB7F89420911276309113768FBF809187
:10755000CC729091CD72281B390B2530310508F47F
:1075600051C081E08093CE722FB7F894809112764B
:10757000909113769093CD728093CC722FBF81E05F
:107580008093DF752FB7F8948091107690911176E3
:107590009093DE758093DD752FBF1092DFE110921E
:1075A000DEE130C01B9914C08FB7F8942091127699
:1075B000309113768FBF8091CC729091CD72281B41
:1075C000390B20353105F0F082E08093CE7202C095
:1075D0001092CE7280930F7615C01B9B13C0109231
:1075E000CE7210C082E08093CE7210920F762FB7C9
:1075F000F89480911276909113769093CD72809347
:10760000CC722FBF96B5901B80910976891710F424
:10761000909309761F910F9108951F939C01162F47
:107620008091088E882331F080915E8F861710F448
:1076300080E021C02115310529F41092088E1092A6
:107640005E8F16C088E09EE8B90147EC50E00F94C9
:107650007A111092CF8E10935E8F80910E768150AA
:107660008A3030F48091D0E286958093608F02C09A
:107670001092608F81E01F9108951F93CF93DF9345
:10768000AC01162F8091D2758823F9F08091DF75B7
:107690008823E9F08FB7F894209110763091117615
:1076A0008FBF8091DD759091DE75281B390B2F31CE
:1076B000310568F42FB7F894809110769091117687
:1076C0009093DE758093DD752FBF81E077C0EA016E
:1076D0004115510509F471C0CA5FDF4E8881998157
:1076E000C650D041892B39F0CE016BE875E40E9479
:1076F0002892892BF9F41092DF750E94B6938AE8DC
:1077000095E40E94B8EE80E190E0612F0F94810A29
:107710006BE875E44AE050E020E030E00E9453EE70
:1077200081E190E0612F0F94810A0E9474ED0E9424
:10773000A99343C0CE016BE875E40E945192FC010D
:10774000E05FF74FEE0FFF1FEC0FFD1F808191816F
:1077500062ED75E70F94E711892B99F481E080932E
:10776000DF752FB7F89480911076909111769093F1
:10777000DE758093DD752FBFCA5FDF4E19821882D8
:10778000A4CF0E94B69382E190E0612F0F94810A0A
:107790000F920F92EDB7FEB7928381830F94B712C9
:1077A0000F900F900E94A9931092DF7583E190E0F3
:1077B000612F0F94810A63E030DF80E0DF91CF9189
:1077C0001F910895AEE5B0E0E8EEFBEB0D94A80F35
:1077D000F82EE92E6EE572E70E94BAA98F2D9E2D34
:1077E00060915E724ADF882309F49DC10F2D1E2D22
:1077F0000E94B6930A5F1F4ED8018D919C9106504E
:107800001041892B09F452C0C8016BE07CE30E944F
:107810002892892B09F44AC0C80167E07CE30E94E2
:107820005192FC01E05FF74FEE0FFF1FE00FF11FD9
:10783000E080F18050E3C52ED12CCC0EDD1E80916E
:10784000F5609091F660B701A6010E94348E8823FE
:10785000E9F08091F5609091F660B6010E94AA85EA
:10786000882329F000D00F9284EF9BE313C000D04F
:107870000F928DED9BE3ADB7BEB712969C938E939E
:1078800011971496FC92EE9213970AC000D00F92B3
:1078900088EC9BE3EDB7FEB792838183F482E382A9
:1078A0000F94B7120F900F900F900F900A5F1F4E1A
:1078B000D8018D919C9106501041892B39F0C80157
:1078C00064EC7BE30E942892892BD1F48091F560CF
:1078D0009091F66066E172E2AE014F5F5F4F0E94E9
:1078E000348E0F920F9283EB9BE3EDB7FEB792833A
:1078F00081830F94B712EE24FF240F900F9028C0BD
:10790000C8016FEA7BE30E945192805F974F880F16
:10791000991F080F191FD801ED90FC908091F56018
:107920009091F660B701AE014F5F5F4F0E94348EB9
:1079300000D00F928DE99BE3EDB7FEB79283818370
:10794000F482E3820F94B7120F900F900F900F9074
:107950008091F5609091F6600E940B8600D000D077
:1079600029E83BE3ADB7BEB712963C932E9311972F
:10797000EDB7FEB763837483858396830F94B71244
:107980008DB79EB706960FB6F8949EBF0FBE8DBFFB
:107990008091F5609091F660BE016F5F7F4F0E940D
:1079A0005F8C6C01009709F0A0C0ADC0FE01E05BE8
:1079B000FF4F808184FF39C0E114F104B9F400D095
:1079C00000D0EDB7FEB731968EE59BE3ADB7BEB7FD
:1079D00012969C938E9311971383028315830483CD
:1079E0000F94B712EDB7FEB736967AC08DB79EB733
:1079F00008970FB6F8949EBF0FBE8DBFEDB7FEB7C8
:107A0000319680E39BE3ADB7BEB712969C938E93FD
:107A10001197F382E28215830483178306830F9400
:107A2000B712EDB7FEB738965BC09E01295A3F4F9B
:107A3000E114F10441F58DB79EB70C970FB6F89499
:107A40009EBF0FBE8DBFEDB7FEB731968DED9AE3A9
:107A5000ADB7BEB712969C938E9311971383028392
:107A600015830483D9012D913D914D915C9126831D
:107A7000378340875187138702870F94B712EDB77A
:107A8000FEB73C962DC08DB79EB742970FB6F894BF
:107A90009EBF0FBE8DBFEDB7FEB731968DE79AE35F
:107AA000ADB7BEB712969C938E931197F382E28284
:107AB0001583048317830683D9012D913D914D9140
:107AC0005C912087318742875387F586E486F78665
:107AD000E686118B008B0F94B712EDB7FEB7729646
:107AE0000FB6F894FEBF0FBEEDBF8E01005D1F4FB5
:107AF000C601B8010E94C786882309F057CFC60186
:107B00000E94558C0EC00F920F9284E69AE3ADB797
:107B1000BEB712969C938E9311970F94B7120F9045
:107B20000F900E94A993C25ADF4FE8E00D94C40F52
:107B30008F929F92AF92BF92CF92DF92EF920F936C
:107B40001F93CF93DF93182F092F60E672E70E94EF
:107B5000BAA9812F902F609160728FDD882309F47C
:107B6000D0C1C12FD02F0E94B693CA5FDF4E88814B
:107B70009981C650D041892B09F0A7C084E39CE3CA
:107B80000E94B8EE8DE290E0609160720F94810ADD
:107B90000091BC751091BD752091BE753091BF7577
:107BA00065E579E34AE050E00E9482EE8FE290E0E2
:107BB000609160720F94810A0091C0751091C17537
:107BC00020E030E06FE579E346E050E00E9482EE8D
:107BD00080E390E0609160720F94810A63E679E33C
:107BE0004091E3750E9428EE81E390E0609160721D
:107BF0000F94810A0091EA751091EB7520E030E056
:107C000067E779E343E050E00E9482EE82E390E090
:107C1000609160720F94810A0091C2751091C375D2
:107C200020E030E06EE679E346E050E00E9482EE2C
:107C300083E390E0609160720F94810A6091552215
:107C40007091562248E250E020ED3EE80E9453EE4B
:107C500083E390E0609160720F94810A60915722F3
:107C60007091582248E250E028EF3EE80E9453EE1F
:107C700083E390E0609160720F94810A60915922D1
:107C800070915A2248E250E020E23FE80E9453EE11
:107C900084E390E0609160720F94810A0091DAE1D0
:107CA0001091DBE12091DCE13091DDE164EA79E3E0
:107CB0004AE050E00E9482EE8CE390E060916072B6
:107CC0000F94810A0E9474ED1AC188E390E06091DC
:107CD00060720F94810A0F920F92EDB7FEB79283F4
:107CE00081830F94B71284E19CE3EDB7FEB79283D2
:107CF00081830F94B7120F900F9089E390E0609109
:107D000060720F94810A0F920F92EDB7FEB79283C3
:107D100081830F94B7128FE09CE3EDB7FEB7928397
:107D200081830F94B7120F900F908DE290E06091D5
:107D300060720F94810ABC010091BC751091BD75F1
:107D40002091BE753091BF75CE0145E559E3E090B5
:107D500060720E9480EF6093BC757093BD758093D4
:107D6000BE759093BF75605177428040904080F41B
:107D70008EE290E0609160720F94810A0F920F92F0
:107D8000EDB7FEB7928381830F94B7120F900F90D7
:107D90008FE290E0609160720F94810ABC010091C3
:107DA000C0751091C17520E030E0CE014FE559E378
:107DB000E09060720E9480EF7093C1756093C0750F
:107DC00080E390E0609160720F94810ABC01CE0163
:107DD00043E659E32091E375009160720E94D8EE6A
:107DE0001092E375882319F081E08093E37581E3B5
:107DF00090E0609160720F94810ABC010091EA7575
:107E00001091EB7520E030E0CE0147E759E3E090B8
:107E100060720E9480EF7093EB756093EA7582E365
:107E200090E0609160720F94810ABC010091C2756C
:107E30001091C37520E030E0CE014EE659E3E090AA
:107E400060720E9480EF7093C3756093C275F5E510
:107E5000AF2EF2E2BF2EE0EDCE2EEEE8DE2E78E47D
:107E6000872E7FE8972E83E390E0609160720F94F5
:107E7000810ABC01F501419151915F01CE0128E2D7
:107E800030E08601E09060720E9421F0F4011192CE
:107E90001192119211924F0188E290E0C80ED91E02
:107EA0009BE5A91692E2B906F1F684E390E06091B1
:107EB00060720F94810ABC010091DAE11091DBE15C
:107EC0002091DCE13091DDE1CE0144EA59E3E0901C
:107ED00060720E9480EF6093DAE17093DBE180933F
:107EE000DCE19093DDE1809160720E94CAA78091ED
:107EF000F575833011F41092F5751092F4750E94A7
:107F0000A993DF91CF911F910F91EF90DF90CF90C8
:107F1000BF90AF909F908F900895AFE3B0E0E3E9FA
:107F2000FFEB0D94A80F182F092F62E672E70E944D
:107F3000BAA9812F902F609162729FDB882309F488
:107F400090C4C12ED02E85E290E0609162720F94B1
:107F5000810A9A83898386E290E0609162720F942D
:107F6000810A9C838B8387E290E0609162720F9418
:107F7000810A9E838D8388E290E0609162720F9403
:107F8000810A98878F830E94B69326E030E1C20E63
:107F9000D31ED6018D919C91EAEFFFEECE0EDF1E2F
:107FA000892B09F0BBC08AEA9CE30E94B8EE8E01DF
:107FB000035E1F4F8091D1E2B8010E94F9A78AE1C8
:107FC00090E0609162720F94810A61E179E342E08E
:107FD00050E098010E9453EE8BE190E06091627254
:107FE0000F94810A6EE179E3409143750E9428EE77
:107FF00080914275B8010E94F9A78CE190E06091F0
:1080000062720F94810A65E079E342E050E09801E2
:108010000E9453EE8DE190E0609162720F94810AAC
:1080200061E379E3409144750E9428EE8EE399E381
:10803000B8010E947A7A8EE190E0609162720F94AA
:10804000810A6EE379E34EE150E098010E9453EE1D
:1080500084E290E0609162720F94810A6BE479E3AC
:1080600044E09E012F5F3F4F00914E750E9494EDBA
:108070008FE190E0609162720F94810A0091A5DE19
:1080800010E020E030E06BEE78E342E050E00E9448
:1080900082EE80E290E0609162720F94810A00911A
:1080A000A6DE10E020E030E065EF78E342E050E04B
:1080B0000E9482EE81E290E0609162720F94810AE8
:1080C00000915F8F10E020E030E068E279E342E069
:1080D00050E00E9482EE82E290E0609162720F9422
:1080E000810A66ED78E34AE050E022ED35E70E9430
:1080F00053EE83E290E0609162720F94810A6EED1C
:1081000078E34091777A0E9428EE8CE390E06091CA
:1081100062720F94810A0E9474EDA1C388E390E01B
:10812000609162720F94810A0F920F92ADB7BEB741
:1081300012969C938E9311970F94B7128AE89CE342
:10814000EDB7FEB7928381830F94B7120F900F9013
:1081500089E390E0609162720F94810A0F920F920E
:10816000ADB7BEB712969C938E9311970F94B7122A
:1081700085E89CE3EDB7FEB7928381830F94B71235
:108180000F900F90C60161E179E30E942892892B3C
:1081900009F4A1C0C60161E179E30E9451927DE139
:1081A000E72EF12CEC0EFD1EFC01E05FF74FEE0F09
:1081B000FF1FEC0DFD1D60817181C70142E050E0A1
:1081C0000F941E121F8EC7010F94DA10182FC701CB
:1081D0000F94F711682F812F0F94F30D182F0F9222
:1081E0000F9280E89CE3ADB7BEB712969C938E9336
:1081F00011970F94B7120F900F908AE190E0609161
:1082000062720F94810A0F920F92EDB7FEB79283BC
:1082100081830F94B7120F900F908091D1E21817BD
:10822000A9F48AE390E0609162720F94810A0F9240
:108230000F92ADB7BEB712969C938E9311970F9481
:10824000B7120F920F928BE79CE326C080910E76B7
:10825000882379F5812F0F949F0D882351F1812F69
:10826000B7010E94F9A781E199E3B7010E94E17982
:108270008BE390E0609162720F94810A0F920F92EB
:10828000ADB7BEB712969C938E9311970F94B71209
:108290000F920F9286E79CE3EDB7FEB7928381833E
:1082A000F482E3820F94B7120F900F900F900F900B
:1082B00012C089E290E0609162720F94810A0F927D
:1082C0000F92ADB7BEB712969C938E9311970F94F1
:1082D000B7120F900F90C60165E079E30E942892D3
:1082E000892B09F487C0C60165E079E30E945192A9
:1082F0005DE1E52EF12CEC0EFD1EFC01E05FF74F79
:10830000EE0FFF1FEC0DFD1D60817181C70142E082
:1083100050E00F941E121F8EC7010F94DA10182F11
:10832000C7010F94F711682F812F0F94F30D182FA9
:108330000F920F9281E79CE3EDB7FEB792838183A2
:108340000F94B7120F900F908CE190E060916272E1
:108350000F94810A0F920F92ADB7BEB712969C93FD
:108360008E9311970F94B7120F900F9080914275D2
:10837000181799F48AE390E0609162720F94810A71
:108380000F920F92EDB7FEB7928381830F94B712CD
:108390000F920F928CE69CE31DC0812FB7010E94C3
:1083A000F9A785E099E3B7010E94E179109342753E
:1083B0008BE390E0609162720F94810A0F920F92AA
:1083C000EDB7FEB7928381830F94B7120F920F928D
:1083D00087E69CE3ADB7BEB712969C938E93119738
:1083E0001496FC92EE9213970F94B7120F900F9081
:1083F0000F900F908BE190E0609162720F94810A70
:10840000BC01C6014EE159E32091437500916272AF
:108410000E94D8EE8DE190E0609162720F94810A23
:10842000BC01C60141E359E3209144750091627299
:108430000E94D8EEC6016EE379E30E942892892B50
:1084400009F4CFC08E01035E1F4F8EE399E3B8019C
:108450000E947A7A0197A1F4C6016EE379E30E9443
:108460005192FC01E05FF74FEE0FFF1FEC0DFD1D79
:1084700060817181C8010F94E711892B09F481C0D3
:10848000C6016EE379E30E9451928E01035E1F4F95
:10849000FC01E05FF74FEE0FFF1FEC0DFD1D60814B
:1084A0007181C80141E250E00F941E121EAEC80156
:1084B0000E94DDA480914575B8010E94F9A706E4E9
:1084C00015E79DE1E92EF12CEC0EFD1EC7010F947E
:1084D000F711682F70E0F701E60FF71F8CE2808339
:1084E0006F5F7F4F6E0D7F1DF80181918F010E949C
:1084F000F9A7F5E70E341F0721F78EE399E3B701DB
:108500000E94E1790F920F9282E69CE3ADB7BEB76D
:1085100012969C938E9311970F94B7120F900F9011
:108520008EE190E0609162720F94810A0F920F9237
:10853000EDB7FEB7928381830F94B7120F900F901F
:108540008BE390E0609162720F94810A0F920F9218
:10855000ADB7BEB712969C938E9311970F94B71236
:108560000F920F928DE59CE3EDB7FEB79283818366
:10857000F482E3820F94B7120F900F900F900F9038
:1085800030C00F920F9288E59CE3ADB7BEB712964C
:108590009C938E9311970F94B7120F900F908EE1CA
:1085A00090E0609162720F94810A0F920F92EDB782
:1085B000FEB7928381830F94B7120F900F908AE3D6
:1085C00090E0609162720F94810A0F920F92ADB7A2
:1085D000BEB712969C938E9311970F94B7120F907B
:1085E0000F90C6016BE479E30E9451928E01075F00
:1085F0001F4FFC01E05FF74FEE0FFF1FEC0DFD1D5D
:1086000060817181C80144E150E00F941E126981BC
:108610007A81C8010F944911892B11F4EE241EC0F0
:108620006B817C81C8010F944911892B19F4EE24C8
:10863000E39414C06D817E81C8010F944911892B88
:1086400019F412E0E12E0AC06F817885C8010F94F9
:108650004911892B09F076C0B3E0EB2E0F920F92EF
:1086600083E59CE3EDB7FEB7928381830F94B71245
:108670000F900F9084E290E0609162720F94810AF3
:108680000F920F92ADB7BEB712969C938E9311972F
:108690000F94B7120F900F9080914E758E1509F4BC
:1086A0003FC0E0924E758E01035E1F4F8E2D90E00D
:1086B000B8014AE050E00F9438128BE499E3B80116
:1086C0000E94E1798BE390E0609162720F94810ADD
:1086D0000F920F92EDB7FEB7928381830F94B7127A
:1086E00000D00F92EDB7FEB7319689E49CE3ADB7A9
:1086F000BEB712969C938E931197CE0109969383E1
:10870000828380914E75848315820F94B712EDB7E2
:10871000FEB736960FB6F894FEBF0FBEEDBF12C07F
:108720008AE390E0609162720F94810A0F920F9237
:10873000ADB7BEB712969C938E9311970F94B71254
:108740000F900F908FE190E0609162720F94810A18
:10875000BC010091A5DE10E020E030E0C6014BEE48
:1087600058E3E09062720E9480EF6093A5DE80E2A1
:1087700090E0609162720F94810ABC010091A6DEC4
:1087800010E020E030E0C60145EF58E3E09062726F
:108790000E9480EF6093A6DE81E290E060916272B9
:1087A0000F94810ABC0100915F8F10E020E030E05F
:1087B000C60148E259E3E09062720E9480EF609344
:1087C0005F8FC60166ED78E30E942892892B61F1E4
:1087D000C60166ED78E30E945192FC01E05FF74F1D
:1087E000EE0FFF1FEC0DFD1D6081718182ED95E79D
:1087F0004AE050E00F941E121092DC7586ED98E36B
:1088000062ED75E70E94E1798AE290E06091627220
:108810000F94810A0F920F92EDB7FEB79283818376
:108820000F94B7120F900F9083E290E06091627204
:108830000F94810ABC01C6014EED58E32091777A6E
:10884000009162720E94D8EE1092777A882319F014
:1088500081E08093777A809162720E94CAA70E9419
:10886000A993EF96E8E00D94C40F0F931F938C012A
:1088700065E672E70E94BAA9C801609165720E941C
:108880003DBB1F910F9108950E9417B09091A5DEF6
:10889000882359F0992321F089E593E50E94EAF5B0
:1088A00083EA0F94570D81E00895992321F089E31D
:1088B00093E50E94EAF588E090E06091548F0F9470
:1088C000810A61E00E940DBB10927E761092BC740A
:1088D00010926A7A1092247580E20E9449B280E078
:1088E0000895A1E0B0E0E7E7F4EC0D94AA0F182F8B
:1088F000092F63E672E70E94BAA9E12EF02E26E066
:1089000030E1E20EF31EF701808191812AEF3FEE04
:10891000E20EF31E892B09F499C0C7016CEB7DE3CD
:108920000E942892892B09F491C080910E768823A9
:1089300029F0853119F0863109F088C0C7016CEB48
:108940007DE30E945192805F974F880F991FE80E38
:10895000F91EF701008111818EE796E70F94F71158
:1089600045EE53E0481B590B8EE796E7B8010F948C
:1089700000121092637A8EE796E70F94F711FC01CC
:10898000E358F9488081803419F487E1808306C078
:108990008EE796E769EB7DE30F9433118091A5DEB6
:1089A000823058F085EA9DE30E946DA8C8010E94BC
:1089B0007AF682EA9DE30E94EAF52FB7F894809157
:1089C00010769091117690932875809327752FBF1C
:1089D0002FB7F89480911276909113769093267524
:1089E000809325752FBF80910E76882379F50E949C
:1089F0004BA9181619062CF481E00E944BA9898313
:108A000001C01982CE0101960E9425A8882309F48D
:108A100019828091A5DE882391F0409105765091CE
:108A2000067660E070E083E29EE30E94ABF5498148
:108A300050E060E070E08FE79DE30E94ABF5898134
:108A400023DF882319F085E10E9449B20E94B69382
:108A50000F920F928DE59DE3EDB7FEB79283818370
:108A60000F94B7120F900F9087E190E060916372BE
:108A70000F94810A0F920F92EDB7FEB79283818314
:108A80000F94B7128CEF9CE3EDB7FEB7928381830E
:108A90000F94B7120F900F9088E190E0609163728D
:108AA0000F94810A0F920F92EDB7FEB792838183E4
:108AB0000F94B7128BEC9CE3EDB7FEB792838183E2
:108AC0000F94B7120F900F9089E190E0609163725C
:108AD0000F94810A0F920F92EDB7FEB792838183B4
:108AE0000F94B7128FEB9CE3EDB7FEB792838183AF
:108AF0000F94B7120F900F900E94A9932196E6E071
:108B00000D94C60FEF92FF920F931F93CF93DF93B5
:108B1000EC018EA5833041F1843030F4813021F1B5
:108B2000823009F0B6C006C0863020F0863009F0E9
:108B3000B0C090C08091A5DE882309F44FC08DE3BA
:108B400095E50E946DA8C95ADF4F69917991899185
:108B500099910E9490F548815981CB55D04060E0B1
:108B600070E082E395E538C08E01015D1F4FC801BA
:108B70000E94D7739B01AC01F7E5EF2EF12CEC0EB0
:108B8000FD1EF70120833183428353838091A5DE4C
:108B90002F5F3F4F4F4F5F4F09F44DC08823F1F0D7
:108BA00083E195E50E946DA8C8010E947AF68FE0E6
:108BB00095E50E94EAF5F7016081718182819381D8
:108BC0000E9490F5C55ADF4F48815981CB55D0405E
:108BD00060E070E084E095E50E94ABF5C95ADF4F94
:108BE00089919991A991B99180932B7590932C7546
:108BF000A0932D75B0932E7588819981CB55D04067
:108C00009093307580932F7560912B7570912C75B2
:108C100080912D7590912E7540912F7550913075E2
:108C20000E94976290936C7A80936B7A8F5F9F4FCC
:108C300009F053C038C0882359F082EF94E50E94B0
:108C40006DA8C8010E947AF680EE94E50E94EAF5CC
:108C500081E0EDC0CE018F960F940507882379F04F
:108C60008091A5DE882321F088E994E50E946DA813
:108C700085EA0F94570D84E00E9449B2D7C085E081
:108C800090E06091548F0F94810A62E00E940DBBC6
:108C900008C08091A5DE882321F08BE794E50E942F
:108CA0006DA882E0C4C08091A5DE882321F081E414
:108CB00094E50E946DA887E090E06091548F0F9436
:108CC000810A62E00E940DBB8FEF9FEF90936C7A58
:108CD00080936B7A10926D7ABBCF0E94A3A481E03F
:108CE00080936D7A10926E7A1092377580933875F2
:108CF0002FB7F89480911276909113769093707AB2
:108D000080936F7A2FBF2FB7F8948091127690914D
:108D1000137690933475809333752FBF80E090E085
:108D200062E00E940DBB8EA58350823090F485EAEC
:108D30000F94570D8091A5DE882321F088EF93E5ED
:108D40000E946DA884E00E9449B281E08093717A0C
:108D50006DC08091A5DE8823F9F040910576509191
:108D6000067660E070E083E29EE30E94ABF5C35AB2
:108D7000DF4F4881CD55D04050E060E070E087EB98
:108D800093E50E94ABF54091387550E060E070E0EB
:108D900085EA93E50E94ABF51092717A0091747A9E
:108DA0001091757AF801E05CFB4787E080830F5FE4
:108DB0001F4F84E998E30F9459117C01F801E05C9E
:108DC000FB478E5F80830F5F1F4FF801E05CFB471E
:108DD0008091387580830F5F1F4F1093757A0093D1
:108DE000747AC801805C9B4764E978E30F94521160
:108DF0008091747A9091757A8E0D9F1D0196FC0179
:108E0000E05CFB4721E020830196FC01E05CFB472E
:108E100020830196FC01E05CFB47C35ADF4F2881A9
:108E2000208301969093757A8093747A80E0CDB711
:108E3000DEB7E6E00D94C60FA0E0B0E0E2E2F7ECAA
:108E40000D94A80F7C016B010E9480A8882309F46F
:108E5000B5C088E290E0E89EF001E99EF00DF89E32
:108E6000F00D1124E053F1478081882309F4A6C056
:108E70002FB7F8948091107690911176F701EE0F4C
:108E8000FF1FE453FA48918380832FBF88E290E06C
:108E9000E89E8001E99E100DF89E100D11240053EC
:108EA0001147C8010E94886EE701CC0FDD1FCC0F6F
:108EB000DD1FC85BD047688379838A839B836115F4
:108EC00071058105910539F4C8010E94D773688343
:108ED00079838A839B83F701EE0FFF1FEE0FFF1F3D
:108EE000E85BF04760817181828193816F3F2FEF52
:108EF00072072FEF82072FEF920709F44AC043E26F
:108F00005EE20E949762EC018091A6DE9FEFCF3F68
:108F1000D90739F1823090F084E596E50E946DA87A
:108F2000C8010E947AF681E496E50E94EAF5C6013E
:108F30000E94EAF58DE396E50E94EAF5C7010E94DA
:108F4000E1A88091CB75882349F084E090E060919E
:108F5000548F0F94810A61E00E940DBB1092CB7573
:108F60002FC0882391F082E196E50E946DA8C80188
:108F70000E947AF68FEF95E50E94EAF5C6010E94FD
:108F8000EAF58BEF95E50E94EAF5C7010E9411A969
:108F900017C086EE95E50E946DA8C8010E947AF67A
:108FA00084EC95E50E94EAF5C6010E94EAF58FEB94
:108FB00095E50E94EAF5C7010E9411A9CFEFDFEF06
:108FC000CE01CDB7DEB7E8E00D94C40F0F931F9329
:108FD000CF93DF938C018091E0759091E1758F5F65
:108FE0009F4F79F4C0E0D0E0CE01B80125DF909327
:108FF000E1758093E0752FEF8F3F920721F0C093CA
:10900000E27581E015C02196C330D10569F79093D0
:10901000E1758093E07583E090E06091548F0F9448
:10902000810A61E00E940DBB81E08093CB7580E0F6
:10903000DF91CF911F910F910895A6E6B0E0E3E292
:10904000F8EC0D94AE0F81E08093B8758091A5DEA9
:10905000823020F08BEA92E50E946DA889E992E5C2
:10906000B5DF8823E1F083E0898384E08A838091FF
:109070004F7590915075A0915175B09152758B8339
:109080009C83AD83BE838091E0759091E17566E02D
:1090900070E0AE014F5F5F4F20E00E942966CA5921
:1090A000DF4FE2E00D94CA0FA8E9B0E0EAE5F8EC82
:1090B0000D94AA0F80910576909106760196909373
:1090C0000676809305762FB7F8948091127690916A
:1090D000137690931F7380931E732FBF80E00E94BE
:1090E0001057CE0101960F94200E882309F42FC249
:1090F0009981963A09F42BC1973A78F4933A09F496
:1091000046C0943A30F4892F81508F3708F019C245
:1091100013C0953A09F015C24DC09C3A09F4DAC162
:109120009D3A20F49A3A09F00CC2F6C1892F805B6F
:109130008A3008F006C215C18091A5DE882391F01F
:10914000409105765091067660E070E083E29EE300
:109150000E94ABF5498150E060E070E087E29DE459
:109160000E94ABF580910E76882311F581E00E9474
:1091700049B28981880F8093D0E28091437588231A
:1091800009F0E5C18091D0E280934275E0C1809101
:10919000A5DE882321F08FEF9CE40E946DA88091CA
:1091A0000E76813029F486EA0F94570D82E0C6C10D
:1091B0009981C7C180910E768D3009F0AFC0809142
:1091C000A5DE882321F086ED9CE40E946DA88EE048
:1091D0000E9449B281E080933E75CE010C960E94B8
:1091E0004C4F49895A892B893C896F857E858DB77B
:1091F0009EB70E970FB6F8949EBF0FBE8DBFEDB70A
:10920000FEB73196CE014F96ADB7BEB712969C937E
:109210008E93119781E59DE4938382834483158225
:109220005683178231872087628713867487158655
:109230000F94D91280914E75EDB7FEB73E960FB6DA
:10924000F894FEBF0FBEEDBF813011F0833059F5A9
:1092500084E196E762E00F94740E84E196E768E09B
:109260000F94740E84E196E76BE10F94740EFF2463
:109270000FC0020F131FD8018C9161E30F94BF0E32
:10928000682F8F3F21F084E196E70F94740EF394DA
:109290008E01015E1F4FC8010F94F7112F2D30E092
:1092A0002817390730F380914E758250823008F0CC
:1092B0004EC110E089E496E76FE10F94740E1F5FD2
:1092C0001730C1F789E496E762E00F94740E89E4E1
:1092D00096E768E00F94740E89E496E76BE10F94CB
:1092E000740EFF240FC0020F131FF801808161E389
:1092F0000F94BF0E682F8F3F21F089E496E70F94FB
:10930000740EF3948E01015E1F4FC8010F94F71184
:109310002F2D30E02817390730F319C1853151F46A
:109320008091A5DE882321F088EA9CE40E946DA844
:1093300086E104C1893109F0C4C08091A5DE88238B
:1093400021F08DE79CE40E946DA882E1F7C0809136
:10935000A5DE882309F4B5C085E59CE40E946DA8CC
:10936000B0C08091A5DE8230B0F04091057650917A
:10937000067660E070E083E29EE30E94ABF54981EF
:1093800050E0405B5040662757FD6095762F81E3A3
:109390009CE40E94ABF580910E76823009F091C07A
:1093A00080916D7A882309F08CC0898190E0805B80
:1093B00090407C010027F7FC0095102F60914F75BD
:1093C0007091507580915175909152752AE030E0FE
:1093D00040E050E00F94360FE60EF71E081F191FED
:1093E000E0924F75F092507500935175109352753D
:1093F000809153758F5F809353752FB7F894809148
:109400001276909113769093BA758093B9752FBFA9
:109410001092B8751092BB7560914F757091507530
:10942000809151759091527540E024E535E70E9496
:1094300051E2882309F440C080915375853018F4B7
:1094400000E010E006C08091807580958170082F43
:1094500010E08091A5DE8823B1F04091057650910F
:10946000067660E070E083E29EE30E94ABF54091F7
:1094700054755091557560915675709157758FEF71
:109480009BE40E94ABF50115110509F0D6DD809132
:10949000807580FF0DC084E595E734DB882309F4EF
:1094A00056C081E00E947BB481E08093B8754FC0C4
:1094B00081E08093BB754BC084E595E70E944EDF49
:1094C00046C080915D72882309F041C085EA80938F
:1094D0005D723DC08091A5DE882321F082EE9BE481
:1094E0000E946DA880910E76833179F08091A5DE7F
:1094F000882321F08CEB9BE40E946DA899818091D8
:109500005D72882311F490935D7210927E761092B2
:10951000BC741092247511C08091A5DE882321F0BF
:1095200082EA9BE40E946DA880910E76882329F040
:109530008CEA0F94570D0E9473B080E20E9449B2EA
:1095400006C080915D72882311F490935D720E9431
:1095500087A48823B1F18091DBE29091DCE2815D08
:10956000974078F18091A5DE882321F083E89BE481
:109570000E946DA889E090E06091548F0F94810A59
:1095800061E00E940DBB81E00E947BB481E080938A
:109590006E7A2091747A3091757A89E0223C38078E
:1095A00080F4F901E05CFB4783E08083C901019608
:1095B000FC01E05CFB47108201969093757A8093E2
:1095C000747A86E890E00E942D5F7C019FEFE91697
:1095D0009FEFF90609F415C18091A5DE882319F1E2
:1095E0000E941AF381E391E50E946DA88AE298E057
:1095F000E89E8001E99E100DF89E100D1124F801DF
:10960000E654F74D66817781808591850E9490F5BB
:1096100089E291E50E94EAF5C8018452974D0E94C3
:109620007BF50E941FF380916D7A882309F05FC05B
:1096300080910E766091A5DE882309F051C06623E3
:1096400041F00E941AF38CE191E50E94EAF50E9434
:109650001FF3F0926C7AE0926B7A8091427580935E
:10966000D0E28AE298E0E89EF001E99EF00DF89ED3
:10967000F00D1124E654F74D86819781A085B185C0
:1096800080932B7590932C75A0932D75B0932E75A8
:1096900082E080936D7A10926E7A109237751092F4
:1096A000387581E08093717A2FB7F89480911276A3
:1096B000909113769093707A80936F7A2FBF2FB723
:1096C000F8948091127690911376909334758093EC
:1096D00033752FBF0E94A3A48BE00E9449B291C0B2
:1096E000662311F40C94EBD987E091E54DC08230EC
:1096F00009F042C080916B7A90916C7A8F5F9F4F96
:10970000D9F58AE298E0E89EF001E99EF00DF89E16
:10971000F00D1124E654F74D26813781408551859F
:1097200080912B7590912C75A0912D75B0912E750F
:109730006091A5DE82179307A407B507B1F46623ED
:1097400021F08DEE90E50E94EAF5F0926C7AE092BD
:109750006B7A2FB7F894809112769091137690934C
:109760003475809333752FBF4CC0662311F40C946D
:10977000EBD987EC90E508C08091A5DE882311F431
:109780000C94EBD982EB90E50E94EAF50C94EBD9AE
:1097900086E890E50E94EAF58091297590912A75F6
:1097A000BFEF8F3F9B0751F00E947A658091A5DE45
:1097B000882321F08EE490E50E94EAF5F0922A7564
:1097C000E09229752FB7F8948091127690911376D4
:1097D00090933675809335752FBF80912975909140
:1097E0002A7567E070E045E450E521E00E942966B3
:1097F00080E090E06091548F0F94810A64E00E94B1
:109800000DBB80916B7A90916C7AEFEF8F3F9E0742
:1098100009F473C00E94585F882309F06EC08091DC
:10982000727A9091737A892B09F067C08091717A6E
:10983000882319F08130D9F40DC080916E7A882385
:1098400049F48091A5DE8823A9F18DE090E50E947E
:109850006DA830C08091A5DE8823C1F00E941AF364
:1098600089ED9FE40E946DA80E941FF30FC08091B4
:109870006E7A882319F48FEA9FE406C08091A5DEF2
:10988000882321F08BE79FE40E946DA810926D7AE7
:1098900010922B7510922C7510922D7510922E75BA
:1098A00010926E7A1092757A1092747A1092737A7E
:1098B0001092727A80916B7A90916C7A0E947A659C
:1098C0002FB7F89480911276909113769093707AD6
:1098D00080936F7A2FBF2FB7F89480911276909172
:1098E000137690933275809331752FBF8FEF9FEF72
:1098F00090936C7A80936B7A43C380916B7A90914A
:109900006C7A8F5F9F4F09F44EC080916E7A8823E6
:1099100009F449C080916D7A813009F044C08FB755
:10992000F89420911276309113768FBF8091337521
:1099300090913475281B390B27393105A0F180919E
:10994000747A9091757A892B71F58091727A9091E1
:10995000737A892B41F58091A5DE882321F08BE570
:109960009FE40E946DA880916B7A90916C7A0E941E
:109970007A658FEF9FEF90936C7A80936B7A109259
:109980006D7A10922B7510922C7510922D75109285
:109990002E7510926E7A1092757A1092747A1092D7
:1099A000737A1092727A80916B7A90916C7A8F5F51
:1099B0009F4F09F4B3C08091727A9091737A845C5E
:1099C000994008F0ABC02FB7F8948091127690912F
:1099D00013769093707A80936F7A2FBF80916B7A11
:1099E00090916C7A0E94845F8C018091727A909140
:1099F000737A800F911F855C994068F18091A5DE94
:109A0000882309F1409105765091067660E070E078
:109A100083E29EE30E94ABF5A801662757FD60959F
:109A2000762F85E29FE40E94ABF544EC59E08091EB
:109A3000727A9091737A481B590B60E070E082E172
:109A40009FE40E94ABF504EC19E08091727A90914A
:109A5000737A081B190B101611060CF05FC04091A9
:109A6000727A5091737A4858554880916B7A9091E8
:109A70006C7AB8010E9406647C01E091727AF091E0
:109A8000737AE858F5488081883011F00E9422F3FB
:109A90008091A5DE8330A8F10E941AF340910576EB
:109AA0005091067660E070E083E29EE30E94ABF5A1
:109AB000A801662757FD6095762F8DEF9EE40E94E2
:109AC000ABF5A701662757FD6095762F89EF9EE4D9
:109AD0000E94ABF58091727A9091737A885895487C
:109AE000B7010E940EF64091727A5091737A4E0D32
:109AF0005F1D60E070E087EE9EE40E94ABF50E947F
:109B00001FF31E141F0454F48091727A9091737A9B
:109B10008E0D9F1D9093737A8093727A80916D7AE7
:109B2000882309F43EC08091717A8823D1F58FB7DC
:109B3000F89420911276309113768FBF809126731E
:109B400090912773281B390B2059314050F1809197
:109B5000747A9091757A892B21F580913F758823CD
:109B600001F580916E7A8823E1F480916B7A90916F
:109B70006C7A8F5F9F4FA9F01092408410924184BD
:109B800082E090E09093757A8093747A2FB7F8947E
:109B90008091127690911376909327738093267319
:109BA0002FBF80916D7A813009F065C080916B7A0A
:109BB00090916C7A8F5F9F4F09F05DC08091747AAD
:109BC0009091757A892B09F456C080916E7A88231A
:109BD00009F051C08FB7F894209112763091137626
:109BE0008FBF8091317590913275281B390B293CBC
:109BF000310508F440C060912B7570912C758091EF
:109C00002D7590912E7540912F75509130750E9451
:109C1000976290936C7A80936B7A6091A5DE8F5FE8
:109C20009F4FC1F4662321F08FEB9EE40E946DA844
:109C30008FEF9FEF90936C7A80936B7A2FB7F894A5
:109C4000809112769091137690933275809331754E
:109C50002FBF96C1662321F085E99EE40E946DA87E
:109C60002FB7F89480911276909113769093347573
:109C7000809333752FBF40916B7A50916C7A3FEF90
:109C80004F3F530709F4D4C06091747A7091757A8C
:109C90006115710509F4CCC080913F75882389F066
:109CA0008FB7F89420911276309113768FBF809100
:109CB000317590913275281B390B2739310508F41D
:109CC000B7C07B0184E06130780718F0E12C04E034
:109CD000F02ECA01B70140E454E820E00E94296652
:109CE0008C018091A5DE833008F444C04091057654
:109CF0005091067660E070E083E29EE30E94ABF54F
:109D0000A70160E070E080E89EE40E94ABF580E48B
:109D100094E8B7010E940EF6A801662757FD6095EA
:109D2000762F84E79EE40E94ABF5101611067CF4B2
:109D30004091747A5091757A0417150740F4401BCE
:109D4000510B60E070E08AE69EE40E94ABF5409122
:109D5000397550913A7560E070E08FE59EE40E949D
:109D6000ABF54091397550E060E070E087E59EE426
:109D70000E94ABF5101611067CF180913F758F5F44
:109D800080933F758A30E8F08091A5DE882321F02A
:109D900085E09EE40E946DA881E090E06091548F80
:109DA0000F94810A62E00E940DBB80916B7A9091C2
:109DB0006C7A0E947A658FEF9FEF90936C7A809314
:109DC0006B7A2FB7F89480911276909113769093D6
:109DD0003275809331752BC04091747A5091757AA9
:109DE00004171507A0F4B801605C7B47401B510BBA
:109DF00080E494E80F94B9118091747A9091757A07
:109E0000801B910B9093757A8093747A04C01092A2
:109E1000757A1092747A10923F752FB7F8948091EA
:109E200012769091137690933475809333752FBF8B
:109E30000E9487A48823C1F08091717A8150833079
:109E400098F420916B7A30916C7A8AE298E0289F9E
:109E5000F001299FF00D389FF00D1124E654F74DC5
:109E60008EE190E0978B868B80916D7A882309F440
:109E70003CC080916B7A90916C7A8F5F9F4FA9F56F
:109E80008FB7F89420911276309113768FBF80911E
:109E90006F7A9091707A281B390B285B3B4028F130
:109EA0008091A5DE882321F08BEC9DE40E946DA8B3
:109EB00082E090E06091548F0F94810A62E00E94EA
:109EC0000DBB10926D7A10926E7A10922B751092D3
:109ED0002C7510922D7510922E751092757A109225
:109EE000747A1092737A1092727A80912975909197
:109EF0002A75EFEF8F3F9E07C1F00E94585F8823BD
:109F0000A1F48091A5DE882321F085E99DE40E94DB
:109F10006DA88091297590912A750E947A658FEFBE
:109F20009FEF90932A758093297580912975909160
:109F30002A758F5F9F4F21F18FB7F8942091127689
:109F4000309113768FBF8091357590913675281BAF
:109F5000390B2C523140A0F08091A5DE882321F0EE
:109F60008DE69DE40E946DA88091297590912A75D7
:109F70000E947A658FEF9FEF90932A7580932975E1
:109F800080916D7A882311F40E947BB48091717A5C
:109F9000813051F0813008F4A2C0823009F4C3C18D
:109FA000833009F0C6C1C2C10E94D9B489E496E7E2
:109FB0000F94B10E082F10E00115110539F484E15A
:109FC00096E70F944B0E882309F0BAC12FB7F89487
:109FD00080911076909111769093287580932775D3
:109FE0002FBF05311105E4F50115110509F4A8C1CC
:109FF0008FB7F89420911276309113768FBF8091AD
:10A00000227390912373281B390B2035310540F5BD
:10A0100097C189E496E70F949B0E6BE776E70F9460
:10A02000DA0E005C1B47D8018C932091747A309132
:10A03000757AF901E05CFB478081882391F02F5FFE
:10A040003F4F3093757A2093747A8091397590914F
:10A050003A75019690933A7580933975F39401C0DF
:10A06000FF2489E496E70F944B0E882341F4009176
:10A07000747A1091757AB9E0073B1B0750F2809112
:10A08000A5DE823009F043C1FF2009F440C14091B0
:10A0900005765091067660E070E083E29EE30E94D0
:10A0A000ABF54091397580913D75481B50E060E0FB
:10A0B00070E08BE591E50E94ABF54F2D50E060E03C
:10A0C00070E087E591E50E94ABF54091397550E06D
:10A0D00060E070E081E591E50E94ABF518C10E9457
:10A0E000D9B489E496E70F94B10E082F10E001155A
:10A0F000110539F484E196E70F944B0E882309F09B
:10A10000AAC02FB7F8948091107690911176909311
:10A110002875809327752FBF05311105DCF40115D3
:10A12000110509F498C08FB7F894209112763091F8
:10A1300013768FBF8091227390912373281B390B64
:10A140002035310538F490913D7580913975981717
:10A1500009F081C08091747A9091757A865B9940FC
:10A1600008F079C089E496E70F94B10E47EB59E007
:10A170002091747A3091757A421B530B282F30E06E
:10A18000C9017C014817590708F47A018091A5DEBE
:10A19000823041F5409105765091067660E070E09E
:10A1A00083E29EE30E94ABF54091397580913D7545
:10A1B000481B50E060E070E08FE892E50E94ABF54C
:10A1C000A70160E070E08BE892E50E94ABF580911A
:10A1D0003975A701480F511D60E070E085E892E5F0
:10A1E0000E94ABF58091747A9091757AFC01E05CE5
:10A1F000FB4722E020830196FC01E05CFB47E08204
:10A2000001969093757A8093747A809139759091C4
:10A210003A758E0D9F1D90933A758093397515C0D0
:10A220000091747A1091757A89E496E70F949B0EE9
:10A23000F801E05CFB4780830F5F1F4F1093757A36
:10A240000093747A0894E108F108E114F10441F7ED
:10A2500081E080933E7580910E768E3019F08430C7
:10A2600009F06EC080913E75882389F48FB7F89409
:10A2700020911276309113768FBF80912673909142
:10A280002773281B390B2F55314008F459C0809192
:10A290006E7A882309F054C080913F75882309F0B5
:10A2A0004FC00091747A1091757A29E0063B12072D
:10A2B00008F046C080916B7A90916C7A8F5F9F4FC7
:10A2C00009F43EC0F801E05CFB4786E080830F5F45
:10A2D0001F4FF801E05CFB4781E080830F5F1F4F59
:10A2E0001093757A0093747AF0903B7584E196E749
:10A2F0000F94B10EF801E05CFB47F81AF0820F5F93
:10A300001F4F1093757A0093747A10923E752FB791
:10A31000F89480911276909113769093277380939E
:10A3200026732FBF0DC00F94EC080AC00F94DF04F2
:10A3300007C08BE69BE40E946DA881E08093717A50
:10A3400080910E768230A1F484E196E70F944B0E53
:10A35000882371F48091A5DE882321F086E39BE4B5
:10A360000E946DA885EA0F94570D84E00E9449B2BF
:10A3700080910E768C3009F056C0809141750E9414
:10A3800017B0882349F183EA0F94570D8DE00E949E
:10A3900049B28091A5DE882309F445C04091057635
:10A3A0005091067660E070E083E29EE30E94ABF598
:10A3B0004091417550E060E070E084E29BE40E94CF
:10A3C000ABF54091D0E2469550E060E070E081E16D
:10A3D0009BE40E94ABF527C08091A5DE882399F00D
:10A3E000409105765091067660E070E083E29EE34E
:10A3F0000E94ABF54091417550E060E070E081EF64
:10A400009AE40E94ABF588E090E06091548F0F943D
:10A41000810A61E00E940DBB8BEE9AE40E94DBAFE3
:10A4200080E20E9449B280910E768230D1F4809110
:10A43000B8758823B1F480915375853090F08FB74B
:10A44000F89420911276309113768FBF8091B97570
:10A450009091BA75281B390B283C310510F00E94E9
:10A460001DC880910E76823019F58FB7F89420912F
:10A470001276309113768FBF8091B9759091BA752D
:10A48000281B390B245F314098F08091BB758823DD
:10A4900079F080918275882359F01092BB7584E51C
:10A4A00095E70E9482C5823019F481E00E947BB456
:10A4B00080910E768230D9F48FB7F894209112767D
:10A4C000309113768FBF8091B9759091BA75281B22
:10A4D000390B2C5D354058F08091A5DE882321F0A2
:10A4E00083EC9AE40E946DA881E00E947BB4809185
:10A4F0000E768331D9F48FB7F8942091127630918B
:10A5000013768FBF8091247390912573281B390B8C
:10A510002D52314058F08091A5DE882321F083E947
:10A520009AE40E946DA880E20E9449B280910E7662
:10A530008D30F9F48FB7F89420911276309113761C
:10A540008FBF8091247390912573281B390B2D5256
:10A55000314078F08091A5DE882321F081E69AE4ED
:10A560000E946DA881E00E947BB48BE59AE40E9472
:10A57000DBAF0E9487A4882301F18FB7F894209164
:10A580001076309111768FBF809127759091287544
:10A59000281B390B2D33310580F08091A5DE8823EF
:10A5A00021F084E39AE40E946DA881E00E947BB4CC
:10A5B0000E9473B080E20E9449B290910F76992375
:10A5C00009F4AEC080910E76823109F490C08F31CB
:10A5D00009F484C0882309F0A1C0913011F48FE1FF
:10A5E00080C081E0809344758AE090E06091548F50
:10A5F0000F94810ABC018EE796E70F9452118EE703
:10A6000096E70F94F7110091332210913422209194
:10A61000352230913622AC0142585948C901B8015F
:10A620000E94576E8EE796E761E37AE40F94331148
:10A63000CE010C960E944C4F8EE796E70F94F711CF
:10A640008C018BE090E06091548F0F94810A00D0D0
:10A650000F9202581948EDB7FEB712830183948315
:10A6600083830F94D9120F900F900F900F908EE765
:10A6700096E70F94F71149895A892B893C896F8590
:10A680007E851D85ADB7BEB750970FB6F894BEBF97
:10A690000FBEADBFEDB7FEB73196825899481296FE
:10A6A0009C938E9311978FE09AE4938382834483E3
:10A6B00015825683178231872087628713867487B5
:10A6C0001586168717860F94D912EDB7FEB77096C8
:10A6D0000FB6F894FEBF0FBEEDBF20C0913021F43D
:10A6E00080E20E9449B21AC00E94D47B17C08091B8
:10A6F000A5DE882321F082EE99E40E946DA80E94D5
:10A7000091AB83E10E9449B210927E761092BC74A4
:10A710001092247584E196E70F94460E10920F76FE
:10A7200080910E76882399F580917E76882379F53D
:10A730008091088E882359F190915E8F80915F8F70
:10A74000891728F18091608F80936A7A8CE090E07D
:10A750006091548F0F94810ABC018EE796E70F94A5
:10A7600052118EE796E768E07EE84AEC53E00F94DA
:10A7700000121092487A8EE796E76DED79E40F9417
:10A7800033111092088E10925E8F1092608F80911C
:10A790000E768823B9F480917E76882399F0809193
:10A7A000A5DE882321F08BEC99E40E946DA88091AE
:10A7B0006A7A0E9444C4882329F089E10E9449B240
:10A7C00010926A7A0E94EDB080910E76863109F07F
:10A7D00070C015C089E496E70F949B0E6BE776E78F
:10A7E0000F94DA0E0E949CA92FB7F89480911076EE
:10A7F0009091117690932875809327752FBF89E4E7
:10A8000096E70F944B0E882329F380917E76882358
:10A8100009F04FC08091BC74882309F04AC0809130
:10A82000588F882309F045C084E196E70F944B0EBA
:10A83000882309F43EC089E496E70F944B0E8823E1
:10A84000C1F180916B7A90916C7A8F5F9F4F31F05C
:10A850008091727A9091737A892B59F58FB7F89419
:10A8600020911276309113768FBF8091257590914B
:10A870002675281B390B285B3B4080F48FB7F89472
:10A8800020911076309111768FBF8091277590912D
:10A890002875281B390B2E31310558F08091A5DE23
:10A8A000882321F082EA99E40E946DA881E00E9449
:10A8B0007BB480910E768231F9F480917E76882384
:10A8C000D9F48091BC748823B9F48091588F88237F
:10A8D00099F484E196E70F944B0E882369F08091F8
:10A8E000A5DE882321F089E799E40E946DA80E94E3
:10A8F00091AB83E10E9449B280910E76803201F5DE
:10A9000080916B7A90916C7A8F5F9F4FC9F48091A0
:10A910006D7A8823A9F48091A5DE882341F00E94F6
:10A920001AF38AE399E40E946DA80E941FF3109223
:10A93000D0E280E00E9449B286EF95E70E94E8A34A
:10A940008091F575882311F0833011F40F949D07E1
:10A950008091E375882309F4A2C28091BC7590911F
:10A96000BD75A091BE75B091BF7580519742A04052
:10A97000B04008F494C280910E76882319F08F318C
:10A9800009F0EFC08091F575882309F0EAC0809145
:10A99000EE759091EF758F5F9F4F09F0E2C0809147
:10A9A0006B7A90916C7A8F5F9F4F09F0DAC080913B
:10A9B000E0759091E1758F5F9F4F09F0D2C0809153
:10A9C000EA759091EB75892B09F4CBC08FB7F89499
:10A9D00020911276309113768FBF8091E875909117
:10A9E000E975281B390B8091EC759091ED758217F4
:10A9F000930708F0B6C08091C4759091C575A09179
:10AA0000C675B091C7750097A105B10521F483E023
:10AA10008093F575A6C020910A7630910B7640910F
:10AA20000C7650910D76809105769091067682276E
:10AA300093279093F1758093F075892B31F481E021
:10AA400090E09093F1758093F0751092F3751092E9
:10AA5000F27586EF95E70E94DBA36091C475709153
:10AA6000C5758091C6759091C7754091C27550911A
:10AA7000C3750E9497629C019093EF758093EE7569
:10AA80008FEF2F3F3807A1F48091A5DE882321F0B6
:10AA90008DE099E40E946DA88FEF9FEF9093EF7582
:10AAA0008093EE758091F4758F5F8093F47535C057
:10AAB00088E08A8382E08B838091F1758C8380911A
:10AAC000F0758D8381E08093F575C90164E070E0D5
:10AAD000AE014E5F5F4F20E00E9429666091A5DEC7
:10AAE000049769F4643010F40E94F2F40E941AF39F
:10AAF0008EEE98E40E946DA80E941FF310C066239A
:10AB000021F086EC98E40E946DA88091F4758F5F27
:10AB10008093F47582E08093F5751092F8752FB7E5
:10AB2000F89480911276909113769093E9758093C2
:10AB3000E8752FBF2091EA753091EB7584E690E0BF
:10AB4000289F8001299F100D389F100D112487E048
:10AB500090E00E9421A4081B190B1093ED7500933F
:10AB6000EC758091F575813009F0C9C02091F275BE
:10AB70003091F3752115310509F457C08091F075B6
:10AB80009091F1756091A5DE2817390751F5633072
:10AB900040F00E941AF38AE998E40E946DA80E948E
:10ABA0001FF38091A5DE843010F40E9427F31092E9
:10ABB000F4758091EA759091EB7524E630E0829F00
:10ABC0008001839F100D929F100D11248FE390E060
:10ABD0000E9421A4081B190B1093ED750093EC75CE
:10ABE00015C0662321F080E798E40E946DA880914B
:10ABF000F4758F5F8093F47587E390E00E9421A441
:10AC00008C509E4F9093ED758093EC758FB7F894B0
:10AC100020911276309113763093E9752093E87580
:10AC20008FBF82E08093F5756AC080910E7688238D
:10AC300079F18F3169F18B3059F18091A5DE88234C
:10AC400021F08EE398E40E946DA82FB7F8948091CC
:10AC50001276909113769093E9758093E8752FBFE3
:10AC60002091EA753091EB7584E690E0289F800191
:10AC7000299F100D389F100D11248FE390E00E9442
:10AC800021A4081B190B1093ED750093EC7532C0CD
:10AC90008FB7F89420911276309113768FBF809100
:10ACA000E8759091E975281B390B255F314038F123
:10ACB0008091A5DE882321F088E198E40E946DA8A8
:10ACC0008091F4758F5F8093F4752FB7F89480911D
:10ACD0001276909113769093E9758093E8752FBF63
:10ACE00087E390E00E9421A488519C4F9093ED75DA
:10ACF0008093EC7582E08093F5751092F8758091E1
:10AD0000F5758230C9F48091EE759091EF750E94CF
:10AD10007A658FEF9FEF9093EF758093EE751092A9
:10AD2000F5752FB7F89480911276909113769093E1
:10AD3000E9758093E8752FBF8091F575882361F5DB
:10AD40008091F4758370833039F52FB7F894809132
:10AD50001076909111762FBF06962091E475309170
:10AD6000E575821B930B9093E7758093E67583E0FE
:10AD70008093F5758091F4758F5F8093F4758031C1
:10AD800058F01092E3758DE090E06091548F0F942D
:10AD9000810A61E00E940DBB80910E76882319F034
:10ADA0008F3109F07CC08FB7F894209110763091E4
:10ADB00011768FBF8091E4759091E575281B390B52
:10ADC0008091E6759091E7752817390708F467C0F8
:10ADD0000091E0751091E175AFEF0F3F1A0709F090
:10ADE0005EC083E098E40E94E6C78823F1F181E029
:10ADF0008BAB88E08CAB8091BC759091BD75A091B8
:10AE0000BE75B091BF758DAB9EABAFABB8AF809147
:10AE1000C0759091C1759AAF89AF8091C2759091BC
:10AE2000C3759CAF8BAF8091E0759091E1756AE03E
:10AE300070E0AE014D5C5F4F20E00E9429662CA9B6
:10AE400030E02E5F3F4F82179307F1F08091E0755D
:10AE50009091E1750E947A651093E1750093E07519
:10AE60008091E27590E00E9411A98FE090E00E942D
:10AE700021A42AE530E0281B390B3093E775209395
:10AE8000E67583E08093F5752FB7F894809110767E
:10AE9000909111769093E5758093E4752FBF809122
:10AEA000EE759091EF75BFEF8F3F9B07E1F10E9428
:10AEB000585F8823C1F58091A5DE882321F082EDBB
:10AEC00097E40E946DA88091EE759091EF750E94B5
:10AED0007A658FEF9FEF9093EF758093EE751092E8
:10AEE000F5752FB7F8948091127690911376909320
:10AEF000E9758093E8752FBF2091EA753091EB7565
:10AF000084E690E0289F8001299F100D389F100D46
:10AF1000112487E090E00E9421A4080F191F1093CC
:10AF2000ED750093EC758091E0759091E175EFEF10
:10AF30008F3F9E0709F430C20E94845F8C0118166F
:10AF400019060CF00DC28091E0759091E175B80181
:10AF500046E652E70E9406647C018091A6DE8330BB
:10AF600028F1409105765091067660E070E083E22A
:10AF70009EE30E94ABF5A801662757FD6095762FEA
:10AF800082EB97E40E94ABF5A701662757FD609519
:10AF9000762F8EEA97E40E94ABF586E692E7B7013A
:10AFA0000E940EF68BEA97E40E94EAF580916672A1
:10AFB000843061F0853020F4823009F0A7C13AC1B5
:10AFC000853099F08F3F09F0A1C193C18091A5DE32
:10AFD000823020F08FE797E40E946DA88EE090E029
:10AFE0006091548F0F94810A1DC18091A5DE82303B
:10AFF00090F083E597E40E946DA86091BF72709114
:10B00000C0728091C1729091C2720E9490F580E5E9
:10B0100097E40E94EAF560918275662309F1209118
:10B020005475309155754091567550915775809172
:10B03000687290916972A0916A72B0916B722817D0
:10B0400039074A075B0719F087E197E406C080914A
:10B05000807580FF05C080EE96E40E946DA874C1E3
:10B060002091C8723091C9724091CA725091CB72CE
:10B070008091B4759091B575A091B675B091B77582
:10B0800082179307A407B50718F0662309F0A2C03A
:10B090008091687290916972A0916A72B0916B729E
:10B0A0008093547590935575A0935675B0935775CA
:10B0B00080915875882341F488E595E76CE672E73E
:10B0C00048E250E00F941E12809194729091957214
:10B0D000909381758093807580918275853021F47D
:10B0E00080919672823021F0809196728093827561
:10B0F00083E895E767E972E748E250E00F941E1293
:10B100008091BF729091C072A091C172B091C272D1
:10B110008093AB759093AC75A093AD75B093AE75FD
:10B120008091C3729091C4729093B0758093AF7503
:10B130008091C5728093B1752091C8723091C972A7
:10B140004091CA725091CB728091B4759091B5754F
:10B15000A091B675B091B77582179307A407B5078C
:10B1600040F42093B4753093B5754093B675509301
:10B17000B77584E595E762E00E94AEE1992787FD07
:10B18000909597FF20C0409105765091067660E03B
:10B1900070E083E29EE30E94ABF5409154755091BC
:10B1A0005575609156757091577581E996E40E94C6
:10B1B000ABF58FE090E06091548F0F94810A62E0CC
:10B1C0000E940DBB07C0892B29F084E595E76FEF3E
:10B1D0000E94F2F680910E76823009F0B5C080911F
:10B1E0006D7A882309F0B0C020916872309169723D
:10B1F00040916A7250916B7280914F759091507529
:10B20000A0915175B0915275281739074A075B070D
:10B2100009F09AC084E595E70E9482C5882331F43D
:10B2200080E090E063E00E940DBB8EC081E00E9450
:10B230007BB48AC0209168723091697240916A72C1
:10B2400050916B728091C4759091C575A091C6752F
:10B25000B091C7756091A6DE281739074A075B07CA
:10B2600039F4623008F187E596E40E946DA81CC0AD
:10B270002093C4753093C5754093C6755093C775B8
:10B28000662391F080E396E40E946DA86091C475F6
:10B290007091C5758091C6759091C7750E9490F5A3
:10B2A0008DE296E40E94EAF52FB7F894809110762B
:10B2B000909111769093E5758093E4752FBF8FE39D
:10B2C00090E00E9421A428E631E0281B390B30933E
:10B2D000E7752093E6752FB7F894809112769091D8
:10B2E00013769093E9758093E8752FBF1092F575EA
:10B2F0002BC084E096E40E946DA888E692E70E9445
:10B300007AF681E096E40E94EAF504C082ED95E4C5
:10B310000E946DA82FB7F8948091107690911176C5
:10B320009093E5758093E4752FBF8FE090E00E94C5
:10B3300021A42AE530E0281B390B3093E7752093D0
:10B34000E67583E08093F5758091E0759091E175E5
:10B350000E947A658FEF9FEF9093E1758093E0757F
:10B360008091E0759091E1750E94585F8823A1F467
:10B370008091A6DE882321F081E995E40E946DA8E2
:10B380008091E0759091E1750E947A658FEF9FEF53
:10B390009093E1758093E07580E00E9436F3809190
:10B3A000DF75882391F08FB7F89420911076309153
:10B3B00011768FBF8091DD759091DE75281B390B5A
:10B3C0002F31310510F01092DF754D9B02C05C9A51
:10B3D0000AC05C9808C08091A5DE882311F40C9403
:10B3E000CCCB0C94C8CBC856DF4FE6E00D94C60F0B
:10B3F000AB01BC01209182DD309183DD2E593047B5
:10B40000E2E6FFE80CC080819181A281B3814817F8
:10B4100059076A077B0741F08481E80FF11DE217A5
:10B42000F30788F3E0E0F0E0CF0108958F929F9258
:10B43000AF92BF92CF92DF92EF92FF920F931F9342
:10B44000FC01DB01A080B180C280D380ED90FD9033
:10B450000D911C9188240BC0C601B5012AE030E093
:10B4600040E050E00F94360F5B016C01839480E064
:10B47000A81681EEB80685EFC80685E0D80660F309
:10B4800099240BC0C801B7012AE030E040E050E049
:10B490000F94360F7B018C01939480E0E81681EEC7
:10B4A000F80685EF080785E0180760F3AE14BF04BF
:10B4B000C006D10660F0AE14BF04C006D10629F460
:10B4C000981428F080E0891419F081E001C08FEF12
:10B4D0001F910F91FF90EF90DF90CF90BF90AF90B2
:10B4E0009F908F900895AF92BF92CF92DF92EF928C
:10B4F000FF920F931F938C017B0108960F94F71115
:10B50000080F191FF801A184B284C384D484C70131
:10B5100008960F94F711E80EF91EF7012185328580
:10B5200043855485A216B306C406D50610F48FEFE2
:10B5300007C080E0A216B306C406D50609F081E074
:10B540001F910F91FF90EF90DF90CF90BF90AF9041
:10B5500008951F93CF93DF93EC0104960F94F71196
:10B56000182F135F9EA59330D9F0943028F49130B2
:10B5700059F0923078F423C0953079F09530B0F0DE
:10B580009630B9F01FEF1BC0CE018F960F94F711C4
:10B590008C5F14C0182F1C5E12C0182F1A5E0FC0CB
:10B5A000CE018F960F94F7118D5F08C0182F1D5E86
:10B5B00006C0CE018F960F94F7118F5F180F812F61
:10B5C000DF91CF911F910895A0E0B0E0EAEEFAED8F
:10B5D0000D94A50F6C01962E22E6E22E2FE8F22E96
:10B5E00053C094E0A92EB12CAE0CBF1CF70184818E
:10B5F000E701C80FD11D870113C0992039F4CE018E
:10B60000B801F6011995882344F406C0CE01B801AB
:10B61000F601199518160CF48E018C81C80FD11DF6
:10B62000209182DD309183DDA9014E595047C41726
:10B63000D50718F30C171D0719F1F8018481C82FDD
:10B64000D0E02C0F3D1F20523E4410F080E027C078
:10B65000CA01B801AE010F94B9110E191F09C70133
:10B660008C0F9D1FB701A8010F94B911609182DD65
:10B67000709183DD6E597047C701AE010F94B91107
:10B68000F5018081E80EF11C809182DD909183DDCF
:10B690008E599047E816F90608F4A3CF81E0CDB79C
:10B6A000DEB7EBE00D94C10F685F7F4F08960D94F5
:10B6B000E711A3E1B0E0EFE5FBED0D94A20F7C01F3
:10B6C0003B01A42EDB012D913D914D915C91FC013C
:10B6D00080819181A281B381FB0181939193A19398
:10B6E000B1936F01281739074A075B0741F4C70177
:10B6F00030DFBB24D30114969C91981711F0BB2422
:10B70000B394C70126DFF3018483F6013196BB2091
:10B7100079F4D60111962D913C911297D7019C9600
:10B720008D919C919D972817390711F0BB24B394F4
:10B73000D7019C968D919C919D97D60112969C93D2
:10B740008E9311979F012E5F3F4FBB2041F4928152
:10B75000D7019E968C91981711F0BB24B394D70112
:10B760009E968C91828369010894C11CD11CBB20D8
:10B7700051F4B7016C5F7F4FC6010F94E711892B1D
:10B7800011F0BB24B39487010C5F1F4FC601B801B1
:10B790000F94F011C8010F94F7114C010894811C0B
:10B7A000911C8C0C9D1CBB20C9F4E0E6F0E0EE0E71
:10B7B000FF1ED4012D913D914D915C91F701808147
:10B7C0009181A281B38160EA7FEFE60EF71E281710
:10B7D00039074A075B0711F0BB24B39480E690E079
:10B7E000E80EF91EF70180819181A281B38120EAE0
:10B7F0003FEFE20EF31EF40181939193A193B19375
:10B800006F01D7019E968C91833009F41BC184305F
:10B8100030F4813071F0823008F06DC0CDC18530D8
:10B8200009F469C0853008F448C1863009F0B9C10F
:10B830009EC1BB2051F4B701615D7F4FCF010F94D2
:10B84000E711892B11F0BB24B3948701015D1F4FD1
:10B85000C601B8010F94F011C8010F94F711DC0173
:10B860001196AC0DBD1DBB2099F4EBE5F0E0EE0E9A
:10B87000FF1E2D913C911197F7018081918145EA3E
:10B880005FEFE40EF51E2817390711F0BB24B394BF
:10B890006BE570E0E60EF71EF7018081918125EAE5
:10B8A0003FEFE20EF31EFD0181939193AF01BB20A8
:10B8B00089F42DE530E0E20EF31E12969C9112976A
:10B8C000F701808123EA3FEFE20EF31E981711F093
:10B8D000BB24B3946DE570E0E60EF71EF70180819E
:10B8E00023EA3FEFE20EF31E12968C936A0108944E
:10B8F000C11CD11C61C1BB20D9F447E550E0E40E66
:10B90000F51ED40114962D913D914D915C911797A0
:10B91000F70180819181A281B38169EA7FEFE60E10
:10B92000F71E281739074A075B0711F0BB24B394A9
:10B9300087E590E0E80EF91EF70180819181A281F0
:10B94000B38129EA3FEFE20EF31EF401848395836D
:10B95000A683B783B6016C5F7F4FBB20A9F42BE5AC
:10B9600030E0E20EF31ED60114962D913C9115970E
:10B97000F7018081918145EA5FEFE40EF51E2817FB
:10B98000390711F0BB24B3948BE590E0E80EF91E63
:10B99000D7018D919C91E5EAFFEFEE0EFF1EFB01B2
:10B9A00081939193BB2089F42DE530E0E20EF31EE4
:10B9B000DB0112969C91D7018C9123EA3FEFE20EB6
:10B9C000F31E981711F0BB24B3944DE550E0E40E3C
:10B9D000F51ED7018C9123EA3FEFE20EF31EDB0147
:10B9E00012968C936F010894C11CD11CD7019E96AE
:10B9F0008C91853009F0E0C0BB2091F42EE530E059
:10BA0000E20EF31E21813281D7018D919C9142EA91
:10BA10005FEFE40EF51E2817390711F0BB24B3942D
:10BA20006EE570E0E60EF71ED7018D919C9122EA3B
:10BA30003FEFE20EF31E9283818342E050E0C40E9A
:10BA4000D51EBAC0BB2051F4B701615D7F4FCF0155
:10BA50000F94E711892B11F0BB24B3948701015D8A
:10BA60001F4FC601B8010F94F011C8010F94F711D0
:10BA7000FC013196EC0DFD1DBB2091F46BE570E0EF
:10BA8000E60EF71E20813181D7018D919C9145EA08
:10BA90005FEFE40EF51E2817390711F0BB24B394AD
:10BAA0006BE570E0E60EF71ED7018D919C9125EABB
:10BAB0003FEFE20EF31E6F0155C0BB20D9F4E7E55E
:10BAC000F0E0EE0EFF1ED40114962D913D914D91A4
:10BAD0005C911797F70180819181A281B38169EA16
:10BAE0007FEFE60EF71E281739074A075B0711F0AC
:10BAF000BB24B39487E590E0E80EF91EF70180813E
:10BB00009181A281B38129EA3FEFE20EF31EF40195
:10BB100084839583A683B783A6014C5F5F4FBB20C8
:10BB2000A9F42BE530E0E20EF31ED60114962D9118
:10BB30003C911597F7018081918165EA7FEFE60ED0
:10BB4000F71E2817390711F0BB24B3948BE590E05A
:10BB5000E80EF91ED7018D919C91E5EAFFEFEE0EFC
:10BB6000FF1E6A01D6018D939D936D0125C0BB20F8
:10BB700051F4B701615D7F4FCF010F94E711892B1D
:10BB800011F0BB24B3948701015D1F4FC601B801BA
:10BB90000F94F011C8010F94F7110196C80ED91E29
:10BBA0000BC0F40112924F010894811C911CD70123
:10BBB0009E961C92BB24B394C701CBDC282F30E0A7
:10BBC000C6018619970982179307D1F7BB20E1F0C8
:10BBD000AA20D1F0CE0101960E944C4F8F85988902
:10BBE000A989BA89E0E6F0E0EE0EFF1EF701808336
:10BBF0009183A283B3838F859889A989BA89F40137
:10BC000080839183A283B3838B2D6396EEE00D94A2
:10BC1000BE0FA1E0B0E0EFE0FEED0D94AB0FF82E0B
:10BC200000E010E081E089830E94DCF2882349F083
:10BC30008F2DBE016F5F7F4F40E00E945BF2882333
:10BC400029F40E94DAF02FEF3FEF11C08981882399
:10BC500019F021E030E00BC080E00E948FF20F5F0E
:10BC60001F4F87E200311807E9F620E030E0C901F4
:10BC70002196E5E00D94C70FA3E0B0E0E2E4FEED0D
:10BC80000D94AA0F80EAC5DF97FF04C09C012256DD
:10BC90003240BBC080E08E010F5F1F4FB80140E013
:10BCA0000E945BF2882391F08981882379F080E0FB
:10BCB000B80140E00E945BF2882341F0898188232B
:10BCC00029F080E00E948FF2882329F40E94DAF0A4
:10BCD00023E93DEF9AC081EA9CDF97FF04C09C01F5
:10BCE0002657324092C08E010E5F1F4FC80161E09F
:10BCF00040E00E9424F2882341F0CE01039661E0E7
:10BD000040E00E9424F2882329F40E94DAF02FE711
:10BD10003DEF7BC0FB80EA80C80161E040E00E940B
:10BD200024F2882341F0CE01039661E040E00E94B6
:10BD300024F2882329F40E94DAF022E73DEF65C05F
:10BD40009F2D80E04E2D50E0482B592B3B8120E069
:10BD50008A8190E0282B392B87E895E48427952762
:10BD6000880F991F2817390731F080E00E948FF261
:10BD700029E63DEF4AC04115510561F4CE01029616
:10BD800060E040E00E9424F280E00E948FF220E018
:10BD900030E03BC0509383DD409382DD00E010E053
:10BDA00012C0C90161E040E00E9424F2882349F4F6
:10BDB0000E94DAF0109283DD109282DD2FE43DEFD5
:10BDC00024C00F5F1F4F809182DD909183DD01972A
:10BDD00098012E5930470817190718F3C90160E078
:10BDE00040E00E9424F2882349F40E94DAF0109285
:10BDF00083DD109282DD24E43DEF07C080E00E94E5
:10BE00008FF2209182DD309183DDC9012396E6E037
:10BE10000D94C60F0E9427F1109283DD109282DDEF
:10BE20001B9B1EC029DF97FF1BC0AC01662757FD77
:10BE30006095762F82E997E50E94ABF5409189DE07
:10BE400050E060E070E088E897E50E94ABF585E699
:10BE500090E06091548F0F94810A61E00E940DBBC5
:10BE60008BEB95EE65E777E50C947E93FC0162E63B
:10BE70007FE871836083809182DD909183DD860FFE
:10BE8000971F6817790710F080E00895CF01029698
:10BE90004AE050E00F94B01181E0089560E070E056
:10BEA00044E650E00D94CA11EF92FF920F931F9356
:10BEB000CF93DF93EC018B0160E070E044E650E04B
:10BEC0000F94CA11F80180819181A281B381888386
:10BED0009983AA83BB83858196819DA78CA787813F
:10BEE0008EA7085F1F4F74E0E72EF12CEC0EFD1EAD
:10BEF000C701B8010F94F011C7010F94F711FC01AD
:10BF00003196E00FF11FC05ADF4FDF012D913D91B7
:10BF10004D915D917D01288339834A835B831A9219
:10BF20001A92CE55D0408EA5833009F447C0843094
:10BF300028F4813061F0823008F570C08530F1F06E
:10BF4000853008F44DC0863009F067C05BC08E01B3
:10BF5000015D1F4FC801BD010F94F011C8010F947E
:10BF6000F711FC013196EE0DFF1DC55ADF4F8081A0
:10BF70009181899399938281888350C0C95ADF4FF8
:10BF800084819581A681B78189939993A993B99367
:10BF9000F70184819581899399933696D7011696F6
:10BFA0008C918883CD55D0408EA58530B9F5C25A85
:10BFB000DF4F818192819983888330C08E01015D3A
:10BFC0001F4FC801BD010F94F011C8010F94F71164
:10BFD000C55ADF4FE80EF91EF701818192810FC02B
:10BFE000C95ADF4F84819581A681B781899399933E
:10BFF000A993B993D70114968D919C911597899324
:10C00000999309C0CE018F96BD010F94F011C55AC6
:10C01000DF4F19921992188201C01EA6CDB7DEB764
:10C02000E6E00D94C60FA5E6B0E0E9E1F0EE0D9470
:10C03000A40F80EAEEDD97FF04C09C012B5D324027
:10C040003BC180E08E010F5F1F4FB80140E00E94AE
:10C050005BF28823E9F189818823D1F180E0B8017E
:10C0600040E00E945BF2882399F18981882381F165
:10C0700080E0B80140E00E945BF2882349F18981A9
:10C08000882331F180E0B80140E00E945BF2882310
:10C09000F9F089818823E1F08FEFB80140E00E9438
:10C0A0005BF28823A9F08981882391F08FEFB80192
:10C0B00040E00E945BF2882359F08981882341F097
:10C0C000B4E0AB2EB12CEE24FF24992493947BC0D2
:10C0D0000E94DAF026E13DEFEFC0A2E0CA2ED12C9B
:10C0E000CC0EDD1E87010E591047C601B801DCDEFB
:10C0F0008A819B81AC81BD810097A105B10509F4BE
:10C100005DC088A9882309F459C0C60122DA882EA7
:10C1100051C0992039F580EA7CDD97FF04C09C016D
:10C120002F5F3240C9C08B2D6E010894C11CD11CF9
:10C13000B60140E00E945BF2882369F08981882380
:10C1400051F08A2DB60140E00E945BF2882319F07D
:10C150008981882329F40E94DAF026EF3CEFACC0F5
:10C1600099249394F8018081BE016F5F7F4F40E076
:10C170000E945BF2882329F40E94DAF029EE3CEF5A
:10C180009BC00894A11CB11CC5018F739070892BB2
:10C1900059F480E00E948FF2882329F40E94DAF09B
:10C1A0002BED3CEF89C099240894E11CF11C8A9482
:10C1B0000F5F1F4F882009F0ACCF05C0CE0102965B
:10C1C000C8D9E80EF11C809182DD909183DDE816DC
:10C1D000F90608F482CF992051F080E00E948FF296
:10C1E000882329F40E94DAF026EC3CEF65C080EA4F
:10C1F00010DD97FF04C09C012B5433405DC080E0EC
:10C200006E010894C11CD11CB60140E00E945BF293
:10C21000882309F441C089818823F1F180E0B601C7
:10C2200040E00E945BF28823B9F189818823A1F163
:10C23000FCEFEF2EFFEFFF2EEA0CFB1C8E2DB6015C
:10C2400040E00E945BF2882339F18981882321F143
:10C250008F2DB60140E00E945BF28823E9F08981CE
:10C260008823D1F007E815E40E251F25000F111FC4
:10C27000802FB60140E00E945BF2882369F089813B
:10C28000882351F0812FB60140E00E945BF28823A1
:10C2900019F08981882329F40E94DAF027EA3CEF1B
:10C2A0000BC080E00E948FF2882329F40E94DAF00C
:10C2B0002EE93CEF01C09701C901CB59DF4FECE0FB
:10C2C0000D94C00FEF92FF920F931F93CF93DF93C4
:10C2D000EC017B018C010E5F1F4F68817981809199
:10C2E00082DD909183DD8E5990476817790710F0B1
:10C2F00080E02FC0C8014AE050E00F94A311892BC1
:10C3000021F082E69FE89983888368817981C7015B
:10C31000CBDDE881F9818481BF01680F711D7983CC
:10C320006883809182DD909183DD8E5990476817F4
:10C33000790728F4C8014AE050E00F94B011F701E2
:10C3400080819181A281B3810097A105B10529F275
:10C3500081E0CDB7DEB7E6E00D94C60FA4E6B0E00D
:10C36000E4EBF1EE0D94A50F5C01962EFC016081CB
:10C370007181828193813CD86C01C501EAD8182F64
:10C38000C114D10401F5609182DD709183DD082F25
:10C3900010E0C801860F971F80529E4408F07BC0B2
:10C3A0006E59704740E0992009F441E0C50181D9F8
:10C3B000809182DD909183DD800F911F909383DDCA
:10C3C000809382DD5EC021E0921631F5CE010196A8
:10C3D000B6016ADDFE01EF59FF4F208131814281B4
:10C3E000538160E670E0A60EB71EF5018081918151
:10C3F000A281B38160EA7FEFA60EB71E8217930772
:10C40000A407B50710F482E047C0281739074A0788
:10C410005B0711F480E040C0F6018481181799F1A0
:10C42000409182DD509183DDE12EFF24082F10E042
:10C43000C701840F951F801B910B80529E4458F5B5
:10C44000B601600F711F4E5950474C195D09401BD2
:10C45000510BC6018E0D9F1D0F94B911E01AF10A00
:10C46000809182DD909183DD8E0D9F1D909383DD01
:10C47000809382DD40E0992009F441E0C501B601D6
:10C4800018D981E009C040E0992009F441E0C501D4
:10C49000B6010FD901C08FEFCC59DF4FEBE00D94FF
:10C4A000C10FFF920F931F93CF93DF93F42E890157
:10C4B0000E94F8D9EC01009711F480E010C001153A
:10C4C000110519F0C801BE01EFDCFF2029F420E0BE
:10C4D00030E08F81882311F021E030E0822FCDB74A
:10C4E000DEB7E5E00D94C70FAF92BF92CF92DF9217
:10C4F000FF920F931F93DF93CF93CDB7DEB7CD5845
:10C50000D0400FB6F894DEBF0FBECDBFF82E0F920D
:10C510000F928CEF9BE5ADB7BEB712969C938E93AE
:10C5200011970F94B7120F900F908091777A88230C
:10C5300039F480E090E060E00E943DBB882361F028
:10C540008DE390E06F2D0F94810A0F920F92EDB75B
:10C55000FEB7928381830DC08EE390E06F2D0F9420
:10C56000810A0F920F92ADB7BEB712969C938E932D
:10C5700011970F94B7120F900F9080E090E060E059
:10C580000E943DBB882329F50F920F9283ED9BE516
:10C59000EDB7FEB7928381830F94B7120F900F907F
:10C5A0008FE390E06F2D0F94810A0F920F92ADB739
:10C5B000BEB712969C938E9311970F94B7128AEC84
:10C5C0009BE5EDB7FEB7928381830F94B7120F906E
:10C5D0000F9080E490E06F2D0F94810A0F920F92DC
:10C5E000ADB7BEB712969C938E9311970F94B71266
:10C5F0000F900F90CE018A9660E070E044E650E024
:10C600000F94CA11CE0147960E944C4FADA0BEA018
:10C61000CFA0D8A4CE010B9629DC882309F02DC227
:10C620007CC28091777A882371F4FE01EA5AFF4F29
:10C63000808180FF08C080E090E060E00E943DBB08
:10C64000882309F41AC2FE01E85AFF4F808188232B
:10C6500099F4A601950120583A4349405040FE0103
:10C66000E657FF4F80819181A281B38182179307A2
:10C67000A407B50708F401C200D000D08CEA9BE5FE
:10C68000EDB7FEB7928381838AA59BA5ACA5BDA516
:10C6900083839483A583B6830F94B7120F900F9072
:10C6A00089E89BE5ADB7BEB712969C938E93119720
:10C6B000CE018E9614969C938E9313970F94B71277
:10C6C000FE01EA5AFF4F80810F900F900F900F905C
:10C6D00080FF19C088E490E06F2D0F94810A0F92BB
:10C6E0000F92EDB7FEB7928381830F94B71287E85C
:10C6F0009BE5ADB7BEB712969C938E9311970F949E
:10C70000B7120F900F90FE01EA5AFF4F808181FF10
:10C7100019C089E490E06F2D0F94810A0F920F9257
:10C72000EDB7FEB7928381830F94B71285E89BE53E
:10C73000ADB7BEB712969C938E9311970F94B71214
:10C740000F900F90FE01E85AFF4F80818530C9F4A9
:10C750008BE490E06F2D0F94810A0F920F92EDB74A
:10C76000FEB7928381830F94B71283E89BE5ADB740
:10C77000BEB712969C938E9311970F94B7120F9099
:10C780000F900F920F928CE69BE5EDB7FEB7928368
:10C7900081830F94B7120F900F90FE01E85AFF4F5C
:10C7A000E081E33009F470C0E43030F4E130C9F0E6
:10C7B000E23009F0C1C009C0E53039F0E53008F4D5
:10C7C00057C0E63009F0B8C094C0FE01EF57FF4FE4
:10C7D0006081718182819381AE01475A5F4F0E94CF
:10C7E000576EFE01E957FF4F8081880F8E010F5F62
:10C7F0001F4FB8010E94F9A78EE490E06F2D0F94AF
:10C80000810A0F920F92ADB7BEB712969C938E938A
:10C8100011970F94B712EDB7FEB738970FB6F8948B
:10C82000FEBF0FBEEDBFADB7BEB7119682EF9AE562
:10C8300092838183CE01875A9F4F13969C938E9348
:10C84000129715969C938E931497FE01EB57FF4F0A
:10C850008081918117969C938E93169719961C93BD
:10C860000E9318970F94B7128DB79EB70A963BC0D8
:10C87000FE01EF57FF4F6081718182819381AE018C
:10C88000475A5F4F0E94576E8DE490E06F2D0F94D2
:10C89000810A0F920F92ADB7BEB712969C938E93FA
:10C8A00011970F94B71200D00F92ADB7BEB7119683
:10C8B0008BEA9AE5EDB7FEB792838183CE01875A62
:10C8C0009F4F13969C938E931297FE01EB57FF4F49
:10C8D0008081918115969C938E9314970F94B71233
:10C8E0008DB79EB706960FB6F8949EBF0FBE8DBF4C
:10C8F0003CC08FE490E06F2D0F94810A0F920F924D
:10C90000ADB7BEB712969C938E9311970F94B71242
:10C910000F920F9280E69AE5EDB7FEB7928381837E
:10C92000CE01875A9F4F948383830F94B7120F9041
:10C930000F900F900F9019C08CE490E06F2D0F9422
:10C94000810A0F920F92ADB7BEB712969C938E9349
:10C9500011970F94B7128DE29AE5EDB7FEB7928367
:10C9600081830F94B7120F900F90FE01E657FF4F8F
:10C9700080819181A281B3818DA39EA3AFA3B8A72B
:10C98000CE0147960E94024D4C8D5D8D2E8D3F8DC0
:10C990006A8D798D088D8DB79EB70E970FB6F89476
:10C9A0009EBF0FBE8DBFEDB7FEB7319687EF99E5FD
:10C9B000ADB7BEB712969C938E93119742831382A4
:10C9C0005483158237832683608711867287138686
:10C9D000048715860F94B712EDB7FEB73E960FB6D3
:10C9E000F894FEBF0FBEEDBF80E090E060E00E94D3
:10C9F0003DBB8823A1F100D000D08CEC99E5ADB708
:10CA0000BEB712969C938E9311978AA59BA5ACA551
:10CA1000BDA5EDB7FEB783839483A583B6830F943A
:10CA2000B7128DB79EB706960FB6F8949EBF0FBE8D
:10CA30008DBF80E590E06F2D0F94810A0F920F92C9
:10CA4000ADB7BEB712969C938E9311970F94B71201
:10CA50008DEB99E5EDB7FEB7928381830AC00F9203
:10CA60000F9288EA99E5ADB7BEB712969C938E9364
:10CA700011970F94B7120F900F90CE010B96BE0135
:10CA8000665D7F4F1FDC882309F0CBCD80E090E00E
:10CA900060E00E943DBB8823D9F10F920F9283E0A2
:10CAA00099E5EDB7FEB7928381830F94B7120F908B
:10CAB0000F9081E590E06F2D0F94810A0F920F92F5
:10CAC000ADB7BEB712969C938E9311970F94B71281
:10CAD0008CEE98E5EDB7FEB7928381830F94B71281
:10CAE0000F900F9081E490E06F2D0F94810A0F92C8
:10CAF0000F92ADB7BEB712969C938E9311970F9479
:10CB0000B71284EE98E5EDB7FEB7928381831EC01D
:10CB10000F920F9284ED98E513C00F920F928BEC59
:10CB200098E5EDB7FEB7928381830F94B7120F900B
:10CB30000F9082E490E06F2D0F94810A0F920F9274
:10CB4000ADB7BEB712969C938E9311970F94B71200
:10CB50000F900F90C357DF4F0FB6F894DEBF0FBE94
:10CB6000CDBFCF91DF911F910F91FF90DF90CF90BC
:10CB7000BF90AF900895AAE8B0E0E1ECF5EE0D9417
:10CB8000A10F182F092FC82ED92E61E67FE80E9429
:10CB9000BAA926E030E1C20ED31ED6018D919C9138
:10CBA000EAEFFFEECE0EDF1E892B39F0C60163E6F9
:10CBB00078E50E942892892B81F08091777A8823EA
:10CBC000A9F48091DAE19091DBE1A091DCE1B091F0
:10CBD000DDE10097A105B10549F4812F902F609107
:10CBE000618F0E943DBB882309F479C70E94B693E8
:10CBF00086010A5F1F4ED8018D919C91892B09F403
:10CC000061C0C60160EC78E50E942892892B09F08A
:10CC100059C0C60163E678E50E942892892B09F481
:10CC200055C0C60160E678E50E942892FF24892B52
:10CC300011F0FF24F394C60163E678E50E94519257
:10CC4000FC01E05FF74FEE0FFF1FEC0DFD1D0081B3
:10CC50001181C80164EB78E50F944911892B19F40F
:10CC600086E19AED13C0C80165EA78E50F94491191
:10CC7000892B19F484E59BED09C0C80168E778E5C4
:10CC80000F944911892B41F483E79AED6F2D0E948F
:10CC9000E4DA8823B9F413C083E690E06091618FF1
:10CCA0000F94810A00D00F92EDB7FEB79283818373
:10CCB00022E030E0C20ED31ED482C38291C68FE040
:10CCC00090E0BBC58091618F0FDCFCC6C6016BEBA9
:10CCD00078E50E942892892B09F444C1C6016BEBC8
:10CCE00078E50E945192805F974F880F991FC80E78
:10CCF000D91EF601808191810F94F7109B01AC0140
:10CD00002FA338A749A75AA7211531054105510579
:10CD100049F0CA01B90141E09E01295D3F4FC1DBE5
:10CD20008823E1F41BA6FE01EA5AFF4F108281E03E
:10CD3000FE01EB5AFF4F808386E890E0FE01EE573C
:10CD4000FF4F91838083FE01EC57FF4F108281E0FB
:10CD500090E0FE01ED5AFF4F918380838DE498E5CA
:10CD60000E94B8EE83E490E06091618F0F94810A95
:10CD70000FA118A529A53AA564EB78E54AE050E093
:10CD8000C1D700D000D08AE198E5ADB7BEB7129602
:10CD90009C938E9311978FA198A5A9A5BAA5EDB7DD
:10CDA000FEB783839483A583B6830F94B7122DB700
:10CDB0003EB72A5F3F4F0FB6F8943EBF0FBE2DBF60
:10CDC00084E490E06091618F0F94810A65EA78E5D0
:10CDD00047E250E09E01255D3F4F65D788E490E033
:10CDE0006091618F0F94810A8E010D5A1F4FD801F7
:10CDF0004D915C914170507063E878E529D789E4E2
:10CE000090E06091618F0F94810AF8014081518117
:10CE10005695479541706EE778E51AD78CE490E017
:10CE20006091618F0F94810A9A8389838EE490E0E8
:10CE30006091618F0F94810A9C838B838DE490E0D5
:10CE40006091618F0F94810A9E838D838FE490E0BF
:10CE50006091618F0F94810A98878F83FE01EB5A4E
:10CE6000FF4FE081E53028F4E33040F4E13060F03A
:10CE700007C0E53029F0E63039F404C002E005C00F
:10CE800001E003C003E001C000E08AE490E06091AB
:10CE9000618F0F94810A69E878E544E09E012F5F75
:10CEA0003F4F42D6FE01EB5AFF4FE081E23021F0C6
:10CEB000E53011F0E43061F4FE01E258FF4F60818B
:10CEC000718182819381AE014A5A5F4F0E94576EF1
:10CED00085E490E06091618F0F94810A6DE978E5B7
:10CEE00047E250E09E012A5A3F4FDDD686E490E0AB
:10CEF0006091618F0F94810AFE01EE57FF4F008110
:10CF0000118120E030E068E978E545E050E0FAD6AC
:10CF1000FE01EC57FF4F80818E01075F1F4F880F86
:10CF2000B8010E94F9A787E490E06091618F0F94A7
:10CF3000810A6EE878E542E050E09801B4D68FA10E
:10CF400098A5A9A5BAA50097A105B10519F481E591
:10CF500090E002C080E590E06091618F0F94810ABB
:10CF6000C3D59EC5C60164EB78E50E942892892B43
:10CF700009F4EEC4C6016AEA78E50E945192FC0108
:10CF8000E05FF74FEE0FFF1FEC0DFD1D80819181DB
:10CF90000F94F7104B015C01C60164EB78E50E9429
:10CFA0005192FC01E05FF74FEE0FFF1FEC0DFD1DEE
:10CFB000808191810F94F7107B018C01E114F104C1
:10CFC0000105110549F0C801B70141E09E01295D45
:10CFD0003F4F67DA882349F4FE01EB5AFF4F108276
:10CFE000FE01EB57FF4F11821082EFA2F8A609A7AE
:10CFF0001AA7C60165EA78E50E945192FC01E05F3C
:10D00000F74FEE0FFF1FEC0DFD1D60817181CE010A
:10D010008B9647E250E00F941E12FE01ED5AFF4F2F
:10D0200011821082C60169E878E50E945192FC01E4
:10D03000E05FF74FEE0FFF1FEC0DFD1D608171816A
:10D04000CE01439644E150E00F941E12C6016DE9F3
:10D0500078E50E945192FC01E05FF74FEE0FFF1F51
:10D06000EC0DFD1D60817181CE0187968F9647E2A0
:10D0700050E00F941E12FE01E358FF4F10828FA163
:10D0800098A5A9A5BAA50097A105B105A1F482E5C7
:10D0900090E06091618F0F94810A0F920F92ADB76B
:10D0A000BEB712969C938E9311970F94B712552486
:10D0B0000F900F9092C083E590E06091618F0F9484
:10D0C000810A00D000D0EDB7FEB7928381838FA193
:10D0D00098A5A9A5BAA583839483A583B6830F9445
:10D0E000B7122DB73EB72A5F3F4F0FB6F8943EBF39
:10D0F0000FBE2DBF81149104A104B10499F481E500
:10D1000090E06091618F0F94810A0F920F92ADB7FA
:10D11000BEB712969C938E9311970F94B7120F90EF
:10D120000F9027C08FA198A5A9A5BAA58816990622
:10D13000AA06BB06F1F084E590E06091618F0F9440
:10D14000810A00D000D0EDB7FEB792838183ADB7DE
:10D15000BEB713968D929D92AD92BC9216970F9486
:10D16000B712EDB7FEB736960FB6F894FEBF0FBEF6
:10D17000EDBF0F920F9285E198E5ADB7BEB712965D
:10D180009C938E9311970F94B7120F900F9084E495
:10D1900090E06091618F0F94810A0F920F92EDB72A
:10D1A000FEB7928381830F94B7120F920F928CE097
:10D1B00098E5ADB7BEB712969C938E931197CE01AA
:10D1C0008B9614969C938E9313970F94B7125524B5
:10D1D00053940F900F900F900F90C60163E878E57D
:10D1E0000E942892892BD1F0C60163E878E50E945D
:10D1F0005192FC01E05FF74FEE0FFF1FEC0DFD1D9C
:10D20000808191810F94DA10892B41F0FE01ED5A53
:10D21000FF4F80819181816091838083FE01ED5A6F
:10D22000FF4F808180FF1AC088E490E06091618F99
:10D230000F94810A0F920F92EDB7FEB7928381830C
:10D240000F94B71287E098E5ADB7BEB712969C93DE
:10D250008E9311970F94B7120F900F90C6016EE73F
:10D2600078E50E942892892BD1F0C6016EE778E517
:10D270000E945192FC01E05FF74FEE0FFF1FEC0D93
:10D28000FD1D808191810F94DA10892B41F0FE0100
:10D29000ED5AFF4F80819181826091838083FE01EE
:10D2A000ED5AFF4F808181FF1AC089E490E06091C0
:10D2B000618F0F94810A0F920F92EDB7FEB79283A0
:10D2C00081830F94B71282E098E5ADB7BEB712968E
:10D2D0009C938E9311970F94B7120F900F90FE01AD
:10D2E000EA5AFF4F8081882389F08CE490E06091B6
:10D2F000618F0F94810ABC0153E1E52EF12CEC0EF5
:10D30000FD1EC7010F944911892BE9F4FE01EB5A68
:10D31000FF4F10828CE490E06091618F0F94810A3E
:10D320000F920F92EDB7FEB7928381830F94B712DD
:10D330008DEF97E5ADB7BEB712969C938E9311977C
:10D340000F94B7123EC246E5642E712C6C0E7D1E02
:10D35000C3010E94886E8E0102581F4FF80160833E
:10D360007183828393838EE490E06091618F0F9448
:10D37000810ABC01C7010F944911892B09F020C112
:10D38000F80180819181A281B381FE01EB5AFF4FA8
:10D390000097A105B10519F581E080838EE490E046
:10D3A0006091618F0F94810A0F920F92ADB7BEB753
:10D3B00012969C938E9311970F94B7120F900F9023
:10D3C00085E590E06091618F0F94810A00D00F9203
:10D3D000EDB7FEB792838183748263823EC0808101
:10D3E000853049F48FA198A5A9A5BAA588169906F4
:10D3F000AA06BB0629F082E0FE01EB5AFF4F8083AC
:10D40000FE01E258FF4F60817181828193818E011C
:10D410000A5A1F4FA8010E94576E8EE490E0609157
:10D42000618F0F94810A0F920F92ADB7BEB712961B
:10D430009C938E9311970F94B7120F900F9086E5DF
:10D4400090E06091618F0F94810A00D00F92EDB748
:10D45000FEB792838183148303830F94B7120F90D6
:10D460000F900F900F90C60168E978E50E945192E5
:10D47000FC01E05FF74FEE0FFF1FEC0DFD1D8081FB
:10D4800091810F94DA10FE01EE57FF4F9183808354
:10D49000C6016EE878E50E945192805F974F880F31
:10D4A000991FC80ED91ED6016D917C91CE010996A7
:10D4B00042E050E00F941E121B868A85803209F4E8
:10D4C0001A868985803219F48A8589871A868E01A1
:10D4D000075F1F4FC8010F94DA10F82EC8010F9490
:10D4E000F711682F8F2D0F94F30D8695FE01EC57E1
:10D4F000FF4F80838E3609F4108204E8E02EF12C71
:10D50000EC0EFD1EF70180818E01075F1F4F880F13
:10D51000B8010E94F9A786E490E06091618F0F94B2
:10D52000810A0F920F92ADB7BEB712969C938E935D
:10D5300011970F94B7120F920F9288EF97E5EDB7FE
:10D54000FEB792838183FE01EE57FF4F8081918168
:10D55000ADB7BEB714969C938E9313970F94B712E2
:10D560000F900F900F900F9087E490E06091618F83
:10D570000F94810A0F920F92EDB7FEB792838183C9
:10D580000F94B71200D00F92EDB7FEB731968BEE25
:10D5900097E5ADB7BEB712969C938E931197138300
:10D5A0000283D7018C91848315820F94B712EDB753
:10D5B000FEB736960FB6F894FEBF0FBEEDBF03C19F
:10D5C0008DE490E06091618F0F94810ABC01C701E6
:10D5D0000F944911892B09F08DC0D8012D913D91EF
:10D5E0004D915C91FE01EB5AFF4F2115310541052C
:10D5F0005105A9F483E080838DE490E06091618F10
:10D600000F94810A0F920F92EDB7FEB79283818338
:10D610000F94B7120F900F9085E590E019C084E049
:10D620008083CA01B901A3010E94576E8DE490E086
:10D630006091618F0F94810A0F920F92EDB7FEB740
:10D64000928381830F94B7120F900F9086E590E03C
:10D650006091618F0F94810A00D00F92ADB7BEB771
:10D6600012969C938E93119714967C926E921397B8
:10D670000F94B7120F900F900F900F90C60168E9AA
:10D6800078E50E945192805F974F880F991FC80ECE
:10D69000D91EF601808191810F94DA108E010E5708
:10D6A0001F4FD8018D939C93FE01EC57FF4F1082C2
:10D6B00086E490E06091618F0F94810A0F920F923F
:10D6C000EDB7FEB7928381830F94B7120F920F923A
:10D6D00083EE97E5ADB7BEB712969C938E931197E4
:10D6E000F8018081918114969C938E9313970F94E7
:10D6F000B71251C08FE490E06091618F0F94810A5E
:10D70000BC01C7010F944911892B09F049C08FE46E
:10D7100090E06091618F0F94810A0F920F92ADB7E4
:10D72000BEB712969C938E9311970F94B71280EE0A
:10D7300097E5EDB7FEB7928381830F94B7120F90F0
:10D740000F9085E490E06091618F0F94810A0F92B1
:10D750000F92ADB7BEB712969C938E9311970F940C
:10D76000B7120F920F9288ED97E5EDB7FEB792834F
:10D770008183748263820F94B71286E0FE01EB5AB4
:10D78000FF4F8083FE01EE57FF4F11821082FE0192
:10D79000EC57FF4F10820F900F900F900F9013C017
:10D7A00087E590E06091618F0F94810A0F920F924C
:10D7B000ADB7BEB712969C938E9311970F94B71284
:10D7C00055240F900F90FE01EB5AFF4F808185305A
:10D7D00029F0FE01EB57FF4F11821082552009F40A
:10D7E0005FC1FE01EB5AFF4F8081882391F48114C1
:10D7F0009104A104B10469F488E590E06091618F1F
:10D800000F94810A0F920F92EDB7FEB79283818336
:10D810009CC06FA178A589A59AA5681579058A0588
:10D820009B0509F452C140E020E030E00E9451E243
:10D83000882309F44AC18AE590E06091618F0F94D2
:10D84000810A0F920F927BC08823A9F08BE590E0AC
:10D850006091618F0F94810A0F920F92EDB7FEB71E
:10D86000928381830F94B7120F900F90C8016FEFCE
:10D870000E94F2F612C08CE590E06091618F0F94E7
:10D88000810A0F920F92ADB7BEB712969C938E93FA
:10D8900011970F94B7120F900F908FA198A5A9A57B
:10D8A000BAA588159905AA05BB0509F4F9C0811424
:10D8B0009104A104B10409F4F3C08FA298A6A9A60B
:10D8C000BAA6FE01EB5AFF4F1082CE01879660E0A8
:10D8D0000E94AEE187FFE4C08DE590E06091618F2A
:10D8E0000F94810A00D000D0EDB7FEB792838183F8
:10D8F000ADB7BEB713968D929D92AD92BC9216971E
:10D90000C5C00F920F9284ED97E5ADB7BEB71296E2
:10D910009C938E9311970F94B7120F900F9087E6F8
:10D9200090E06091618F0F94810A0F920F92EDB792
:10D93000FEB7928381830F94B7128BEC97E5ADB756
:10D94000BEB712969C938E9311970F94B71268C02E
:10D95000C60163E778E50E942892892B59F00E945E
:10D9600013E08C0197FF03C08EE590E011C08FE5B6
:10D9700090E026C0C60168E678E50E942892892BCF
:10D98000B1F10E943CDE8C0197FF18C080E690E068
:10D990006091618F0F94810A00D000D0EDB7FEB77F
:10D9A0003196ADB7BEB712969C938E9311971383A1
:10D9B0000283809189DE8483158268C081E690E0CD
:10D9C0006091618F0F94810A00D00F92ADB7BEB7FE
:10D9D00012969C938E93119714961C930E93139703
:10D9E0000F94B7120F900F900F900F9059C0C6016F
:10D9F0006DE678E50E942892892BA9F082E690E0F6
:10DA00006091618F0F94810A0F920F92EDB7FEB76C
:10DA1000928381830F94B712109283DD109282DD7E
:10DA20000F900F903DC083E690E06091618F0F945E
:10DA3000810A00D00F92ADB7BEB712969C938E9319
:10DA40001197E2E0F0E0CE0EDF1E1496DC92CE924B
:10DA500013970F94B7120F920F92EDB7FEB731964E
:10DA600081EB97E5ADB7BEB712969C938E93119755
:10DA7000D8018D919C91938382832EE130E1C20E77
:10DA8000D31ED6018D919C91958384830F94B712F8
:10DA9000EDB7FEB736960FB6F894FEBF0FBEEDBFDA
:10DAA00084E690E06091618F0F94810A0F920F924B
:10DAB000ADB7BEB712969C938E9311970F94B71281
:10DAC0000F900F900E94A9930AC08E01095D1F4F0D
:10DAD000C80160E00E94AEE187FFB6CE12CFC65704
:10DAE000DF4FEFE00D94BD0F0F931F938C010F924A
:10DAF0000F9281E79CE5EDB7FEB7928381830F9487
:10DB0000B712EDB7FEB7128301830F94B71285E504
:10DB10009CE5EDB7FEB7928381830F94B7120F9007
:10DB20000F901F910F910895A0E0B0E0EAE9FDEE9B
:10DB30000D94A70F7C016B01B42EE9010F920F9297
:10DB400088EF9CE5EDB7FEB7928381830F94B712FF
:10DB5000EDB7FEB7F282E1820F94B7128FED9CE52C
:10DB6000EDB7FEB7928381830F94B712EDB7FEB77E
:10DB7000D282C1820F94B71283ED9CE5EDB7FEB758
:10DB8000928381830F94B71210E022C0011729F409
:10DB90000F920F9281EC9CE504C00F920F9288EBDC
:10DBA0009CE5EDB7FEB7928381830F94B7128991FC
:10DBB0009991EDB7FEB7928381830F94B7128EEAE5
:10DBC0009CE5EDB7FEB7928381830F94B7121F5F78
:10DBD0000F900F901B15D0F20F920F928FE99CE5DA
:10DBE000EDB7FEB7928381830F94B7120F900F9019
:10DBF000CDB7DEB7E9E00D94C30FEF92FF920F931C
:10DC00001F938C017B010F920F9283ED9DE5EDB781
:10DC1000FEB7928381830F94B712EDB7FEB71283DC
:10DC200001830F94B7128BEB9DE5EDB7FEB792839E
:10DC300081830F94B712EDB7FEB7F282E1820F94A1
:10DC4000B7120F900F901F910F91FF90EF900895D2
:10DC50001F93142FD2DF0F920F9284E29DE5EDB750
:10DC6000FEB7928381830F94B7120F900F90112308
:10DC700061F00F920F928BE19DE5EDB7FEB79283B5
:10DC800081830F94B7120F900F900F920F928FE035
:10DC90009DE5EDB7FEB7928381830F94B7120F9085
:10DCA0000F901F910895EF92FF920F931F938A0197
:10DCB0007901A3DF8DB79EB708970FB6F8949EBF82
:10DCC0000FBE8DBFEDB7FEB7319680E49DE5ADB7D1
:10DCD000BEB712969C938E93119713830283F5829D
:10DCE000E482178306830F94B7128DB79EB7089608
:10DCF0000FB6F8949EBF0FBE8DBF1F910F91FF907E
:10DD0000EF900895CF92DF92EF92FF920F931F93BF
:10DD10006A017801890171DF8DB79EB70A970FB646
:10DD2000F8949EBF0FBE8DBFEDB7FEB731968DE75D
:10DD30009DE5ADB7BEB712969C938E931197D38293
:10DD4000C282E482F58206831783D186C0860F944F
:10DD5000B7128DB79EB70A960FB6F8949EBF0FBE46
:10DD60008DBF1F910F91FF90EF90DF90CF9008959E
:10DD70000F931F938C010F920F928FE19EE5EDB7E9
:10DD8000FEB7928381830F94B712EDB7FEB712836B
:10DD900001830F94B7128AEE9DE5EDB7FEB792832B
:10DDA00081830F94B7120F900F901F910F910895D8
:10DDB000A0E0B0E0EEEDFEEE0D94A70FEC016B01DC
:10DDC0007A01B22EBA010E942892892BF1F0CE017D
:10DDD000B7010E945192FC01E05FF74FEE0FFF1F69
:10DDE000EC0FFD1F6081718184E89DED42E050E001
:10DDF0000F941E12109286DD84E89DED0F94DA10C8
:10DE000010E0892B41F011E006C080E3809384DDAF
:10DE1000109285DD10E00F920F9280E39CE5ADB784
:10DE2000BEB712969C938E9311970F94B712EDB7CD
:10DE3000FEB7D282C1820F94B7120F900F901B15BC
:10DE400029F58AE390E0602F0F94810A0F920F92D8
:10DE5000ADB7BEB712969C938E9311970F94B712DD
:10DE60000F920F92EDB7FEB731968BE29CE5ADB7FE
:10DE7000BEB712969C938E931197128313820F94C0
:10DE8000B7120F900F900F900F9034C08BE390E07B
:10DE9000602F0F94810A0F920F92EDB7FEB7928315
:10DEA00081830F94B7120F920F92EDB7FEB73196A0
:10DEB00086E29CE5ADB7BEB712969C938E93119700
:10DEC000128313820F94B7120F900F900F900F9040
:10DED000112329F084E89DED63E27CE504C084E829
:10DEE0009DED6FE17CE50F945211C70164E87DED73
:10DEF0000E94E179812FCDB7DEB7E9E00D94C30F21
:10DF0000A0E0B0E0E6E8FFEE0D94A10FEC013B01CC
:10DF10006A01480159015E2CBA010E942892892B9E
:10DF200019F48501740186C0CE01B6010E94519298
:10DF3000FC01E05FF74FEE0FFF1FEC0FFD1F60814C
:10DF4000718184E89DED4AE050E00F941E1210921A
:10DF50008EDD84E89DED0F94F7109B01AC017901F3
:10DF60008A0144E85DED2AE030E00F9457120F92E9
:10DF70000F9281E49CE5EDB7FEB7928381830F9405
:10DF8000B712EDB7FEB7728261820F94B7120F908D
:10DF90000F90E814F9040A051B0521F58AE390E0C7
:10DFA000652D0F94810A0F920F92EDB7FEB7928301
:10DFB00081830F94B71200D00F928BE39CE5EDB7ED
:10DFC000FEB792838183E382F482058316830F94E4
:10DFD000B7128DB79EB706960FB6F8949EBF0FBEC8
:10DFE0008DBF28C08BE390E0652D0F94810A0F92BE
:10DFF0000F92EDB7FEB7928381830F94B71200D0D2
:10E000000F9285E39CE5EDB7FEB792838183E382AF
:10E01000F482058316830F94B7128DB79EB70696C8
:10E020000FB6F8949EBF0FBE8DBFC60164E87DEDAC
:10E030000E94E179B701C801CDB7DEB7EFE00D94DA
:10E04000BD0F6F927F928F929F92AF92BF92CF92AD
:10E05000DF92EF920F931F93CF93DF93EC014B016D
:10E060005A0169013801BA010E942892892B09F4EA
:10E0700077C0CE01B5010E94519286010150104037
:10E0800034E8C32E3DEDD32EFC01E05FF74FEE0FD9
:10E09000FF1FEC0FFD1F60817181C601A8010F9465
:10E0A0001E120C0D1D1DF80110820F920F9280E5BB
:10E0B0009CE5EDB7FEB7928381830F94B712EDB75D
:10E0C000FEB7928281820F94B7120F900F90C60113
:10E0D000B3010F94E711892BF1F48AE390E06E2DE0
:10E0E0000F94810A0F920F92EDB7FEB7928381834E
:10E0F0000F94B7120F920F928BE49CE5EDB7FEB729
:10E1000092838183D482C3820F94B7120F900F90B1
:10E110000F900F9025C08BE390E06E2D0F94810A35
:10E120000F920F92EDB7FEB7928381830F94B712CF
:10E130000F920F9286E49CE5EDB7FEB79283818340
:10E14000D482C3820F94B7120F900F900F900F904C
:10E15000C501B6010E94E179C301B6010F94F01127
:10E16000DF91CF911F910F91EF90DF90CF90BF90F3
:10E17000AF909F908F907F906F9008951F93162F70
:10E1800064E87DED0E947A7A019789F484E89DED38
:10E190006EE27EE50F944911892B31F084E89DED04
:10E1A0000F94DA10009711F081E090E0182F812F82
:10E1B0001F9108950F931F939C9A809185DE90E0A4
:10E1C000880F991F0E94BA509B98809185DE90E03D
:10E1D000880F991F0E94BA5000E010E09C9A80912D
:10E1E00085DE90E0880F991F0E94BA509C9880911C
:10E1F00085DE90E0880F991F0E94BA50939B10E033
:10E200001F5F1B3018F40F5F0F3F41F79B9A8091FF
:10E2100085DE90E0880F991F880F991F0E94BA50E1
:10E220009C98809185DE90E0880F991F880F991F38
:10E230000E94BA509B98809185DE90E0880F991FCC
:10E24000880F991F0E94BA501F910F910895109244
:10E2500087DE109288DE109289DEA3989B98A4989E
:10E260009C989B989C9885E0809385DE84E08093C1
:10E2700086DEA0CF0E94CC509C01809183DE9091DD
:10E2800084DE281739072CF4809188DE8F5F809315
:10E2900088DE309384DE209383DE809188DE0895CB
:10E2A000EF92FF920F931F93CF93DF937C01162F72
:10E2B000809187DE882361F49B98809185DE90E0D1
:10E2C0000E94BA509C98809186DE90E00E94BA50DD
:10E2D000949912C0112371F081E0809387DECADF28
:10E2E000853620F452C0C6DF853620F083E1809366
:10E2F00089DE4BC0949BF7CF109287DE809185DE3C
:10E3000090E00E94BA5010E002E0C6E0D0E01CC0ED
:10E3100081E090E00E94BA50939B02C01F5F01C051
:10E320001150AE012296212F332727FD309537FF5C
:10E3300003C0309521953F4FC901880F991F820F67
:10E34000931F841795071CF40F5F053609F7F70133
:10E350001082111614F481E08083809185DE081705
:10E3600028F490E0801B91090E94BA509C9A8091F9
:10E3700085DE90E00E94BA50949902C081E006C008
:10E3800082E1809389DE9C989B9880E0CDB7DEB7D0
:10E39000E6E00D94C60F0F931F93182F062F809160
:10E3A00087DE882301F5112311F09B9801C09B9A09
:10E3B000809185DE90E00E94BA50112321F093995C
:10E3C0000AC084E022C0939B06C081E1809389DE6D
:10E3D0009B989C9835C09C98109288DE809185DE31
:10E3E00090E00E94BA50949915C0002389F081E012
:10E3F000809387DE3FDF853618F183E1809389DEE5
:10E400001EC038DF853620F083E1809389DE18C096
:10E41000949BF7CF109287DE809185DE90E00E947A
:10E42000BA509C9A809185DE90E00E94BA509499EF
:10E4300002C081E006C082E1809389DE9C989B98AF
:10E4400080E01F910F910895A1E0B0E0EAE2F2EFC1
:10E450000D94A80F7C01C62ECE010196642F20DFFB
:10E46000882321F18981811180E8F7018083A0E46C
:10E47000DA2E00E010E0CE01019660E011DF882383
:10E48000A9F08981882321F0F70180818D2980837B
:10E49000D6940F5F1F4F0730110569F781E08C2577
:10E4A00060E079DF882319F081E001C080E02196E7
:10E4B000E8E00D94C40FEF92FF920F931F93CF9358
:10E4C000DF93E82E8B01881F8827881F642F63DF66
:10E4D0008823F9F0B0E4FB2EC0E0D0E090E08F2D6F
:10E4E0008E2109F091E0892F60E055DF882389F0C3
:10E4F000F6942196C730D10589F7C80160E0D0DED7
:10E50000882339F0F801808191E08927808381E0B8
:10E5100001C080E0CDB7DEB7E6E00D94C60F1F93D3
:10E52000182F809187DE8823B9F4939B0EC09B9AA5
:10E53000809185DE90E00E94BA50939B07C081E1F4
:10E54000809389DE9B989C982BC09B9A9C98809185
:10E5500085DE90E00E94BA5094990EC0112351F0CC
:10E5600081E0809387DE86DE8536B8F419C082DECE
:10E57000853698F4949BFBCF109287DE809185DEE0
:10E5800090E00E94BA509B98809185DE90E00E94B6
:10E59000BA5008C06FDE853628F083E1809389DEAB
:10E5A00080E008C0939BF6CF809185DE90E00E94CA
:10E5B000BA5081E01F910895109287DE109288DE94
:10E5C000949911C09B989C9807C054DE853620F022
:10E5D00083E1809389DE14C0949BF7CF809185DE20
:10E5E00090E00E94BA509B9A809185DE90E00E9454
:10E5F000BA50939B07C081E1809389DE9B989C98D9
:10E6000080E00895809185DE90E00E94BA509C9A47
:10E61000809185DE90E0880F991F0E94BA509499EE
:10E6200002C081E0089582E1809389DE9C989B98E6
:10E6300080E0089580918FDE809390DE089510929F
:10E6400090DE089510928FDE109290DE08958091F2
:10E650008FDE882329F01092A7DE81E080938ADE86
:10E6600081E080938FDE109290DE0895ADE9B0E0F6
:10E67000ECE3F3EF0D94A60F182F8091A7DE88230B
:10E6800009F49EC18091F5609091F660892B21F08C
:10E690008091D0E0882379F1112341F580918FDEBC
:10E6A000882321F18DC180E090E00E9459510497A8
:10E6B0001CF01123D9F486C180E090E06091A7DEC0
:10E6C0000E94245110928ADE8091A7DE8A3019F4CC
:10E6D00081E080938ADE87EA9EED0F94F711AC010A
:10E6E00087EA9EED68EA7EED0F94B9118091A7DE6E
:10E6F0008823C9F665C1112309F464C1CE010596CA
:10E700000E944C4F8091A7E0882309F441C08E01FC
:10E7100001591F4F8091F5609091F66067EA70EEA5
:10E72000A8010E94348E882399F18091F560909120
:10E73000F660B8010E94908C7C01009749F1198223
:10E740001A821B821C82BE016F5F7F4F42E00E94D3
:10E75000DD8A8823A9F087EA9EED0F94F711A0E0E7
:10E76000B0E029813A814B815C81820F931FA41F05
:10E77000B51F815A9648A140B04008F492C005C028
:10E7800089E69FE561E00E940DBBC7010E945A8C9B
:10E790002C853D854B855A8568857F818DB79EB7D1
:10E7A0000E970FB6F8949EBF0FBE8DBFEDB7FEB7A4
:10E7B000319697EAA92E90EEB92EADB7BEB7129654
:10E7C000BC92AE92119787E49FE593838283358351
:10E7D0002483468317825087118662871386748745
:10E7E00015860F94D9128DB79EB70E960FB6F89472
:10E7F0009EBF0FBE8DBF8E01005C1F4F8091F560E4
:10E800009091F66068E172E2A8010E94348E88233C
:10E8100019F480E19FE50CC08091F5609091F6605D
:10E82000B8010E945F8C7C01009731F486EE9EE572
:10E8300061E00E940DBB29C08FE6C82ED12CCC0E02
:10E84000DD1EC701B501A6010E949F89182FC701CF
:10E850000E94558C112319F488EC9EE50CC0809120
:10E86000F5609091F660B6010E94908C7C01009753
:10E8700081F48CE99EE561E00E940DBB882329F0BC
:10E8800088E09EE8B5010F94D11181E08093D0E03B
:10E8900099C010928BDE10928CDE10928DDE109259
:10E8A0008EDE2B893C894D895E8980918BDE90912B
:10E8B0008CDEA0918DDEB0918EDE8C549F4FAF4FD9
:10E8C000BF4F281739074A075B0708F441C04A853C
:10E8D0005B852C853D85ADB7BEB71A970FB6F8940A
:10E8E000BEBF0FBEADBFEDB7FEB731968E01085E5D
:10E8F0001F4F12961C930E9311978BE79EE59383FF
:10E9000082834483158256831782318720870F9430
:10E91000D9128DB79EB70A960FB6F8949EBF0FBE58
:10E920008DBFC8010F94F711AC01C701B8010E9457
:10E93000328B1816190664F084E69EE561E00E94A9
:10E940000DBB81E08093D0E0C7010E945A8C3AC091
:10E9500087EA9EED0F94F711AC01C70167EA7EEDDF
:10E960000E94328B181619065CF08DE49EE561E07A
:10E970000E940DBBC7010E945A8C1092A7E022C0D2
:10E98000C7010E945A8C8B899C89AD89BE8980936E
:10E990008BDE90938CDEA0938DDEB0938EDE87EAC3
:10E9A0009EED0F94F71110928ADEFC01EA55F142B8
:10E9B00080818A3019F481E080938ADE1092A7DE8C
:10E9C00081E001C080E0C356DF4FEAE00D94C20F42
:10E9D0008091CFE0882311F081E048CE81E08093E0
:10E9E000CFE0089581E042DE81E080938FDE1092D7
:10E9F00090DE0895A3E1B0E0E0E0F5EF0D94AC0FF8
:10EA00008C01809190DE882311F410928FDE109299
:10EA1000CFE00115110509F469C021E001301207AA
:10EA20000CF064C087EA9EED0F94F711FC01980189
:10EA3000280F391FC90102968050924050F42E5C75
:10EA40003F4F2050324050F0EA55F14280818A30E9
:10EA500029F481E00BDE882309F448C080918ADE26
:10EA6000882361F487EA9EED0F94F711FC01EA55C3
:10EA7000F14280818A3011F081E039C0CE010196E7
:10EA80000E944C4F87EA9EED0F94F7112C813B8139
:10EA90004A815981ADB7BEB71C970FB6F894BEBF77
:10EAA0000FBEADBFEDB7FEB73196895591421296B4
:10EAB0009C938E93119787E39EE5938382832483AF
:10EAC00015823683178240871186528713860F94EA
:10EAD000D91210928ADE81E02DB73EB7245F3F4FF6
:10EAE0000FB6F8943EBF0FBE2DBF01C080E0639605
:10EAF000E4E00D94C80FCF93DF93EC0181E190E047
:10EB000079DF882351F0CE0161E97EED0E94646CCB
:10EB1000BC0187EA9EED0F94D111DF91CF9108954A
:10EB2000EF92FF920F931F937B018C018FE090E097
:10EB300061DF882359F0C801B70141E95EED0E9409
:10EB4000576EBC0187EA9EED0F94D1111F910F9172
:10EB5000FF90EF900895EF92FF920F931F93CF9342
:10EB6000DF93EC017A018B01009779F10F94591131
:10EB70000A9640DF882349F187EA9EED0F94F7114A
:10EB80002DB73EB7285030400FB6F8943EBF0FBEA9
:10EB90002DBFEDB7FEB7319689559142ADB7BEB7DF
:10EBA00012969C938E931197D383C283E482F5824D
:10EBB000068317830F94D9122DB73EB7285F3F4FB6
:10EBC0000FB6F8943EBF0FBE2DBFCDB7DEB7E6E05F
:10EBD0000D94C60FCF93DF93EC01009751F00F9483
:10EBE000591108DF882329F087EA9EEDBE010F94B2
:10EBF0003311DF91CF9108951F93182F81E090E09A
:10EC0000F9DE882349F087EA9EED0F94F711FC01A5
:10EC1000E955F142108311821F910895A0E0B0E000
:10EC2000E4E1F6EF0D94A80FEC016B0140E050E039
:10EC300020E030E00BC0FE01E20FF31F8081805224
:10EC40008F3510F44F5F5F4F2F5F3F4F2C153D0501
:10EC500090F300E0C601969587958417950798F480
:10EC600001E0CA019695879596958795840F951F23
:10EC70009601241B350BA901220F331F240F351FCA
:10EC8000820F931F05C0C601880F991F8C0D9D1D13
:10EC9000B1DE10E0EE24FF2421C0002379F088814A
:10ECA000803260F08F3750F4112329F480E2A4DF22
:10ECB00087E2A2DF11E088819FDF0CC0112311F0F1
:10ECC00087E29ADF488150E060E070E081E39EE5F2
:10ECD00042DF10E00894E11CF11C2196EC14FD04C5
:10ECE000E0F2112311F087E287DFCDB7DEB7E8E06D
:10ECF0000D94C40FCF93DF93EC01009751F00F9464
:10ED0000F71178DE882329F087EA9EEDBE010F9483
:10ED1000D111DF91CF9108951F9311E01093A5DEDB
:10ED20001093A6DE1092A7DE1092A7E01093CFE01A
:10ED30001092D0E088EE94EF63E00E94BD4F1093F4
:10ED40008ADE10928BDE10928CDE10928DDE109295
:10ED50008EDE10928FDE109290DE8AE192E2CADFA0
:10ED60001F910895FC01718360838FEF9FEF938360
:10ED7000828310861286118E128E138E148E118647
:10ED8000158E168E1486138684819581A681B7818F
:10ED90000196A11DB11D84839583A683B7832FB7E8
:10EDA000F894809112769091137690A3878F2FBF5D
:10EDB0002FB7F894809112769091137692A381A345
:10EDC0002FBF0895FC01858D882349F42FB7F8944F
:10EDD000809112769091137692A381A32FBF81E048
:10EDE000858F0895EF92FF920F931F93CF93DF9338
:10EDF000EC018CA580FD79C0633010F070E01DC07F
:10EE000070E0E62FFF27E7FDF095EE0FFF1FEE0FF6
:10EE1000FF1FED53FE41208131814281538180915A
:10EE2000CFE19091D0E1A091D1E1B091D2E18217F0
:10EE30009307A407B50708F471E0C05ADF4F288193
:10EE400039814A815B818091CFE19091D0E1A0919D
:10EE5000D1E1B091D2E182179307A407B50728F05A
:10EE6000A3ECB1EEE0E0F0E009C02093CFE13093F5
:10EE7000D0E14093D1E15093D2E1F2CFED90FD90FB
:10EE80000D911C9113972E153F054007510768F40B
:10EE9000862F992787FD9095E817F90731F02D9374
:10EEA0003D934D935C9313971BC0862F992787FD45
:10EEB0009095E817F907A1F4772391F02E153F05F7
:10EEC0004007510768F02F5F3F4F4F4F5F4F2D9323
:10EED0003D934D935C9313972150304040405040F8
:10EEE00031961496E330F10549F6CDB7DEB7E6E08A
:10EEF0000D94C60FA3E8B0E0E0E8F7EF0D94AE0F75
:10EF0000E1EDF0EE8FEF9FEF918380831482158205
:10EF100016821782B39621EEED35F20799F710921B
:10EF2000CFE11092D0E11092D1E11092D2E1CE0166
:10EF300080960E944EDFCE0101960E9436DF882324
:10EF400019F52BC0FE01E058FF4F2081318142812D
:10EF500053818091CFE19091D0E1A091D1E1B09126
:10EF6000D2E182179307A407B50770F4FE01E45BB2
:10EF7000FF4F808180FD08C02093CFE13093D0E126
:10EF80004093D1E15093D2E1CE010196BE01605E83
:10EF90007F4F0E9462E18823A9F68091CFE1909192
:10EFA000D0E1A091D1E1B091D2E10196A11DB11DB6
:10EFB0008093C3E19093C4E1A093C5E1B093C6E10F
:10EFC0008093C7E19093C8E1A093C9E1B093CAE1EF
:10EFD0008093CBE19093CCE1A093CDE1B093CEE1CF
:10EFE0002FB7F89480911276909113769093D4E194
:10EFF0008093D3E12FBF88EE93E09093D6E1809386
:10F00000D5E12FB7F8948091107690911176909376
:10F01000D8E18093D7E12FBF86E090E09093DFE1C5
:10F020008093DEE11092D9E1CE010D960E944C4F03
:10F030008C899D89805D9740E0F083E29EE20E948A
:10F04000FA5E00D00F9286E89FE5EDB7FEB7928397
:10F05000818383E29EE2948383830F94B7120F909F
:10F060000F900F900F908CE69BEF6FE77FE50E946B
:10F07000B981CD57DF4FE2E00D94CA0FA3E1B0E0B4
:10F08000E4E4F8EF0D94A90FCE0101960E944C4FD5
:10F0900093ECE92E91EEF92E00ED1EE8F701819137
:10F0A0009191A191B1917F018F87988BA98BBA8B98
:10F0B000CE0101960E94024D4E815F8128853985DF
:10F0C0006C817B81DA808DB79EB740970FB6F8943C
:10F0D0009EBF0FBE8DBFEDB7FEB7319689E391E6B7
:10F0E000ADB7BEB712969C938E931197138302838C
:10F0F000448315825683178231872087628713865F
:10F1000074871586D68617860F94B712085D1F4F31
:10F11000EDB7FEB770960FB6F894FEBF0FBEEDBF09
:10F12000FFECEF16F1EEFF0609F0B8CF01ED10EE9F
:10F13000EE24FF248DB79EB708970FB6F8949EBFB4
:10F140000FBE8DBFEDB7FEB731968CE091E6ADB73F
:10F15000BEB712969C938E931197F382E282D801E8
:10F1600014962D913D914D915C9117972483358391
:10F17000468357830F94B712F801408151818DB7B0
:10F180009EB708960FB6F8949EBF0FBE8DBF9FEF37
:10F190004F3F590709F447C08AE298E0489FF001C1
:10F1A000499FF00D589FF00D1124E654F74D268924
:10F1B0003789ADB7BEB750970FB6F894BEBF0FBE34
:10F1C000ADBFEDB7FEB7319682E890E612969C93FC
:10F1D0008E93119753834283D80112968D919C91FF
:10F1E00013979583848318968C911897868317823A
:10F1F0001A968C911A97808711861B968D919C91F7
:10F200001C97938782875D968C91848715863787B4
:10F2100026870F94B712EDB7FEB770960FB6F89425
:10F22000FEBF0FBEEDBF0894E11CF11C0D5D1F4F2A
:10F23000F4E0EF16F10409F07DCF8091CFE19091D9
:10F24000D0E1A091D1E1B091D2E18F87988BA98BC9
:10F25000BA8BCE0101960E94024D4E815F812885B6
:10F2600039856C817B811A818DB79EB70E970FB659
:10F27000F8949EBF0FBE8DBFEDB7FEB7319687E401
:10F2800090E6ADB7BEB712969C938E9311974283CA
:10F290001382548315823783268360871186728791
:10F2A0001386148715860F94B7128FB7F8942091A0
:10F2B0001276309113768FBFEDB7FEB73A960FB640
:10F2C000F894FEBF0FBEEDBF80E290E6928381838B
:10F2D0008091D3E19091D4E1281B390B34832383AF
:10F2E0000F94B71289E090E6ADB7BEB712969C9323
:10F2F0008E9311978091D5E19091D6E114969C93CD
:10F300008E9313970F94B7128FB7F89420911076BD
:10F31000309111768FBF80EE9FE5EDB7FEB79283F7
:10F3200081838091D7E19091D8E1281B390B3483F8
:10F3300023830F94B71282EC9FE5ADB7BEB7129648
:10F340009C938E9311978091DEE19091DFE114966A
:10F350009C938E9313970F94B712EDB7FEB7319627
:10F3600082EA9FE5ADB7BEB712969C938E93119734
:10F370008091D9E1828313820F94B7120F900F907E
:10F380000F900F906396E7E00D94C50FCF93DF9336
:10F39000EC01009729F19C01215D304E8BE89FEA3A
:10F3A000289FA001299F500D389F500D11246627DA
:10F3B00057FD6095762F8DE998E6CDDB2A813B815C
:10F3C00037FD0BC02F5B3F4FA901662757FD6095A6
:10F3D000762F87E998E6BFDB06C082E998E602C08F
:10F3E00086E898E6F7DBDF91CF9108950F931F939E
:10F3F0008B01CCDFC801EEDB1F910F910895CF92F6
:10F40000DF92EF92FF920F931F936B0179018A01B4
:10F41000BDDFC601B801A7019EDB1F910F91FF90D0
:10F42000EF90DF90CF900895A0E0B0E0EAE1FAEF2E
:10F430000D94A80FEC018A85882371F4CE010D96F6
:10F440000E9436DF8091A6DE823020F0CE0165E397
:10F4500079E6CCDF81E08A872DE0C22ED12CCC0E5C
:10F46000DD1E61C080918BE180FD5DC0E0905FE1B9
:10F47000F09060E1009161E1109162E180E1E816B5
:10F4800087E2F80680E0080780E0180708F44BC020
:10F490002091BFE13091C0E14091C1E15091C2E1C2
:10F4A000898D9A8DAB8DBC8D281739074A075B076C
:10F4B000D0F180918DE18823C1F42050324A454E2D
:10F4C0005F4F8091CFE19091D0E1A091D1E1B091D7
:10F4D000D2E1281739074A075B0738F4CE0165EFF8
:10F4E00078E6A80197018BDF1EC08885882321F468
:10F4F0001092BEE11092BDE18091A6DE823060F0F4
:10F5000020915FE1309160E1409161E1509162E1D1
:10F51000CE0166ED78E673DF85E080935DE184E6F9
:10F5200080935EE11AC0C6016FE571EE0E9462E150
:10F53000882309F097CF8091A6DE823020F0CE019B
:10F5400068EA78E653DF89E080935DE110925FE13D
:10F5500081E080935EE1CE0135DCCDB7DEB7E8E037
:10F560000D94C40F0F931F93CF93DF93EC018E8DF7
:10F57000882379F08FB7F894209112763091137622
:10F580008FBF8F8D98A1281B390B2739310508F4BF
:10F5900075C060915EE170E06E5F7F4F88819981F8
:10F5A0004DE551EE20E00E9429668C018091A6DE97
:10F5B0008330E8F020915EE130E02E5F3F4F44273A
:10F5C00037FD4095542FCE0163ED79E618DF609149
:10F5D0005EE170E06E5F7F4F8DE591EE1FDBA8016D
:10F5E000662757FD6095762F85EC99E6B4DA1016FC
:10F5F0001106CCF18E8D8F5F8E8F8A3050F1809105
:10F60000A6DE882321F0CE0162E879E6EFDE88816C
:10F6100099810E947A658FEF9FEF998388838FE0AD
:10F6200090E00E9421A42CE330E0281B390B84E6F3
:10F6300090E0AC01249FC001259F900D349F900D58
:10F6400011249093D6E18093D5E18A819B810E9419
:10F6500011A92FB7F894809112769091137698A300
:10F660008F8F2FBF0BC080915EE190E001968017D5
:10F67000910724F0CE016FE579E6B8DEDF91CF91F6
:10F680001F910F9108950F931F932FEF20935DE12A
:10F6900000D000D0EDB7FEB731960FE511EEADB753
:10F6A000BEB712961C930E93119793838283758332
:10F6B00064830F94D9128DB79EB706960FB6F8944F
:10F6C0009EBF0FBE8DBFC8010F94F7118F5F80934F
:10F6D0005EE11F910F910895ABEDB0E0E2E7FBEF23
:10F6E0000D94A00FB1ED4B2EB0EE5B2E6201F60132
:10F6F00080819181FFEF8F3F9F0709F4CDC47C2C5F
:10F700006D2C0E94845F8C011816190614F010E00D
:10F710003AC4CE0144960E944EDFF6018081918169
:10F72000B8014DE551EE0E9406647C019091A6DE81
:10F73000F601858D882319F423E030E002C021E032
:10F7400030E0892F90E08217930704F19801442755
:10F7500037FD4095542F872D962D68E376E64FDED2
:10F76000A701662757FD6095762F84E396E6F3D9C7
:10F770008DE591EEB70152DAF601858D882319F0F7
:10F7800083E196E602C080E196E624DAF601158E62
:10F7900060915DE1663009F498C2673050F46330DF
:10F7A00009F4B6C1653009F414C2613009F0CFC361
:10F7B0000DC0683009F4F6C2683008F4BFC2693081
:10F7C00009F40AC36F3F09F0C2C369C360915EE1E7
:10F7D000683018F485EF95E6A1C1F60120813181EA
:10F7E0008AE298E0289FF001299FF00D389FF00DE4
:10F7F0001124E654F74D86809780A084B1848091CF
:10F80000A6DE8230F8F020915FE1309160E1409116
:10F8100061E1509162E1872D962D6FEC75E6EFDD89
:10F82000409163E1509164E160E070E086EC95E620
:10F8300092D9409165E1509166E160E070E08CEB17
:10F8400095E689D920915FE1309160E1409161E1D5
:10F85000509162E12031F7E23F07F0E04F07F0E01E
:10F860005F0750F48091A6DE882309F43CC1872D00
:10F87000962D63E678E636C18E0108581F4FCA01FF
:10F88000B90140E098010E9451E2882309F4BEC00A
:10F89000F80184A580FF0EC08091A6DE882309F4BC
:10F8A00022C12081318142815381872D962D64E3CD
:10F8B00078E618C181FF0FC08091A6DE882309F485
:10F8C00012C1F8012081318142815381872D962D0B
:10F8D00064EF77E607C1F80186A5853071F0809165
:10F8E000A6DE882309F4FFC0208131814281538143
:10F8F000872D962D65EB77E6F5C0809163E19091B9
:10F9000064E1FE01EA52FF4F2081318182179307A3
:10F9100051F0F8012081318142815381872D962D4C
:10F9200067E777E6DFC0809165E1909166E1FE01CF
:10F93000ED52FF4F2081318182179307E1F4FE01E0
:10F94000E153FF4F80819181A281B381881699068E
:10F95000AA06BB0681F48091A6DE823008F407C6B1
:10F96000F8012081318142815381872D962D61E4F8
:10F9700077E645DDFCC58E0108581F4FFE01E153B7
:10F98000FF4F80829182A282B382A3EDEA2EF12CF6
:10F99000EC0EFD1E809165E1909166E1F701918387
:10F9A0008083C80160E00E94AEE187FD25C08091A0
:10F9B000A6DE8823A9F0F80120813181428153819C
:10F9C000872D962D64E177E61ADDC501B401A8D82C
:10F9D000F7014081518160E070E089E097E6BBD893
:10F9E000CE0188589F4F6FEFFDD9F601838594852E
:10F9F000019694878387BBC5F801208131814281BC
:10FA00005381872D962D6CEC76E66CC0C8010E9460
:10FA10004EDF80915FE1909160E1A09161E1B09152
:10FA200062E1F80180839183A283B3838FE38483AF
:10FA3000158282E090E095A784A785E086A7FE0165
:10FA4000E153FF4F80829182A282B382F3EDEF2EC9
:10FA5000F12CEC0EFD1E809165E1909166E1F701BD
:10FA600091838083809163E1909164E1FE01EA5289
:10FA7000FF4F91838083C80160E00E94AEE187FD63
:10FA800028C08091A6DE8823A9F0F8012081318169
:10FA900042815381872D962D63EA76E6B0DCC5015D
:10FAA000B4013ED8F7014081518160E070E087E801
:10FAB00096E651D886E690E06091548F0F94810AC3
:10FAC00061E00E940DBBCE0188589F4F6FEF8AD92D
:10FAD0004EC5F8012081318142815381872D962DB9
:10FAE0006EE476E68CDC82EB95E660E070E0CBDDE0
:10FAF0008091A6DE882309F468C0872D962D60E9E1
:10FB000075E674DCC501B4010BD88DE895E65CC0E0
:10FB100060915EE1643028F481E795E670E0B3DD42
:10FB200054C0E0905FE1F09060E1009161E11091DC
:10FB300062E18091A6DE823038F0872D962D61E556
:10FB400075E6A80197015BDCE4E1AE2EB12CAC0EAA
:10FB5000BD1EC801B70140E095010E9451E2882313
:10FB600041F1FE01E05CFF4F808180FD22C081FDFC
:10FB700020C085E080935DE1AFE5B1EEF50184E65C
:10FB800001900D928150E1F780918DE1853019F45B
:10FB900082E080938DE11092BEE11092BDE184E697
:10FBA00080935EE18091A6DE823078F082E495E673
:10FBB0000BC084E080935DE110925EE18091A6DE4F
:10FBC000823018F08EE195E605D8872D962DFAD86B
:10FBD000C2C160915EE1643618F483E095E6B9C174
:10FBE000F6018085882319F48FEE94E622C08FE514
:10FBF00091EE61E00E94AEE1992787FD909597FF15
:10FC00001BC020915FE1309160E1409161E1509132
:10FC100062E1872D962D60EA74E6F1DB87E690E0DD
:10FC20006091548F0F94810A62E00E940DBB8AE9B3
:10FC300094E660E070E08EC181309105E9F4809136
:10FC4000A6DE882369F020915FE1309160E1409168
:10FC500061E1509162E1872D962D60E574E6CFDB7E
:10FC60008FE591EEF6016281BDD8F601838594851A
:10FC700001969487838790C02091A6DE0297A1F415
:10FC8000222369F020915FE1309160E1409161E1D0
:10FC9000509162E1872D962D6CE074E6B0DB8FE524
:10FCA00091EE6FEF9FD878C0223008F475C0209194
:10FCB0005FE1309160E1409161E1509162E1872D17
:10FCC000962D64EC73E69BDB67C060915EE1653066
:10FCD00018F48AEA93E63DC1209160E1309161E138
:10FCE000409162E1509163E12115310541055105D3
:10FCF00019F4F60110861CC08091DAE19091DBE1E5
:10FD0000A091DCE1B091DDE1281739074A075B07D4
:10FD100061F088E690E06091548F0F94810A61E071
:10FD20000E940DBB83E993E684CF81E0F6018087D2
:10FD3000118E128E138E148E12864AC060915EE16F
:10FD4000653018F489E793E604C1209160E13091B1
:10FD500061E1409162E1509163E18091DAE190913B
:10FD6000DBE1A091DCE1B091DDE1281739074A071A
:10FD70005B0779F082E693E660E070E084DC88E679
:10FD800090E06091548F0F94810A61E00E940DBB56
:10FD9000E2C081E0F601808788E080935DE1109207
:10FDA0005EE1D9C0F6018085882319F48EE493E6DC
:10FDB00040CFF6018285882359F487E393E660E01B
:10FDC00070E061DCF601828193810E9411A9C3C0B9
:10FDD000872D962D29DBBFC08091A6DE823028F0CA
:10FDE000872D962D65E073E601DBF6018081918118
:10FDF0000E947A658FEF9FEFF60191838083818562
:10FE00008823B1F18091A6DE882399F0872D962D65
:10FE100065EE72E6EBDAF6014385548560E070E04A
:10FE200083EB92E60E94ABF5F601828193810E94FA
:10FE3000E1A82FB7F8948091107690911176909365
:10FE4000D8E18093D7E12FBF8FE190E00E9421A4F9
:10FE500024EB30E0AC01429FC001439F900D529FC4
:10FE6000900D1124805E934E9093DFE18093DEE14C
:10FE70008FE390E00E9421A428E730E0281B390B93
:10FE800084E690E0FC012E9FC0012F9F900D3E9FC5
:10FE9000900D11249093D6E18093D5E156C0F601E0
:10FEA000808191810E947A658FEF9FEFF6019183A7
:10FEB00080838091A6DE882369F0872D962D60E8E7
:10FEC00072E694DA8FE591EE0E947AF68DE792E67B
:10FED0000E94EAF58FE090E00E9421A424E630E041
:10FEE000AC01429FC001439F900D529F900D112481
:10FEF0008854944F9093D6E18093D5E1F6018281A6
:10FF0000938197FD1DC0218D328D438D548D121626
:10FF1000130614061506A4F4FC01EE0FFF1FEE0FE6
:10FF2000FF1FED53FE4180819181A281B38128178B
:10FF300039074A075B0720F42083318342835383C8
:10FF4000F601828193810E9411A910E005C08BE621
:10FF500092E670E098DB11E08091A6DE882399F0AC
:10FF6000112389F080915DE18F3F69F4872D962DF3
:10FF700062E672E63BDA8FE591EE0E947AF68FE553
:10FF800092E60E94EAF5F601808191810E94585F15
:10FF9000882309F04EC08091A6DE823028F0872D9C
:10FFA000962D64E372E622DAF601808191810E9447
:10FFB0007A658FEF9FEFF601918380836281738171
:10FFC0006330710508F068C0858D882311F0CB017E
:10FFD0005BC0F60182858823E9F0218D328D438D47
:10FFE000548D1216130614061506A4F4FB01EE0F29
:10FFF000FF1FEE0FFF1FED53FE4180819181A28113
:020000022000DC
:10000000B381281739074A075B0720F4208331831F
:1000100042835383F601828193810E9411A98091CA
:10002000A6DE8823C9F1872D962D6CEF71E6DED907
:1000300033C0F601858D882351F18FB7F894209154
:100040001276309113768FBFF60181A192A1281B01
:10005000390B245F3140D8F08091A6DE882329F047
:10006000872D962D65ED71E6C1D9F60180819181CC
:100070000E947A658FEF9FEFF601918380838281E2
:1000800093818330910540F40E94E1A805C01123BB
:1000900019F0872D962D66DA43E250E0C40ED51E86
:1000A0005DE5C51651EED50609F021CB83E29EE24F
:1000B0000E942D5F6C018FEFC8168FEFD80609F4F0
:1000C000BFC010E0F201808191818F5F9F4FC9F026
:1000D0001F5F43E250E0440E551E143099F78CEC3C
:1000E00091E660E070E0CFDA60915EE170E06E5F13
:1000F0007F4FC6014DE551EE20E00E942966FF24A6
:1001000060C083E2189FC00111248F529F41B60145
:100110000E94B2F68AE298E0C89EF001C99EF00DF6
:10012000D89EF00D1124E654F74D26813781408585
:1001300051858091488F9091498FA0914A8FB091BD
:100140004B8F82179307A407B50719F440E050E0DE
:1001500027C0268137814085518580914C8F9091B1
:100160004D8FA0914E8FB0914F8F82179307A407A8
:10017000B50719F441E050E013C02681378140856E
:1001800051858091508F9091518FA091528FB09155
:10019000538F82179307A407B50789F442E050E014
:1001A000212F30E083E290E0289FF001299FF00D9D
:1001B000389FF00D1124EF52FF4153834283FF24F7
:1001C000F3948091A6DEFF2019F421E030E002C014
:1001D00022E030E090E0821793076CF183E2189FF1
:1001E000C00111248F529F416CEA71E6FFD88AE268
:1001F00098E0C89E8001C99E100DD89E100D112454
:10020000F801E654F74D66817781808591850E94DB
:1002100090F584EA91E60E94EAF5C8018452974D70
:100220000E947BF5FF2019F486E791E602C08BE976
:1002300091E60E94EAF5FF2019F4C6010E947A6552
:100240008091D1E09091D2E08F5F9F4F09F083C100
:100250008091F4E09091F5E08F5F9F4F09F07BC1B2
:100260008091DAE19091DBE1A091DCE1B091DDE1F8
:100270000097A105B10509F46EC18FB7F8942091DC
:100280001276309113768FBF8091D3E19091D4E1B3
:10029000281B390B8091D5E19091D6E18217930705
:1002A00008F074C143ECE42E41EEF42E00E010E0BF
:1002B000F70120813181428153818091CFE190917A
:1002C000D0E1A091D1E1B091D2E182179307A407C8
:1002D000B50750F0C80160E070E00E9480A8882354
:1002E00019F000235CF4A6C00F5F1F4F44E050E0FC
:1002F000E40EF51E03301105D9F69CC08FB7F894B3
:1003000020911076309111768FBF8091D7E1909136
:10031000D8E1281B390B8091DEE19091DFE188590B
:100320009E4F2817390708F085C010E088E290E05A
:10033000089FF001099FF00D189FF00D1124E05364
:10034000F1478081882309F464C0C80164E37AE638
:100350000E941CC77C015FEF8F3F950709F459C0CD
:10036000CE0101960E944C4F81ED90EEB7010E94A4
:10037000B2F61093D4E00093D3E021E02093D9E0CB
:10038000F801EE0FFF1FEE0FFF1FED53FE418081BE
:100390009181A281B3818093EAE09093EBE0A093F6
:1003A000ECE0B093EDE02093DBE01092DAE08F8593
:1003B0009889A989BA8980839183A283B3838EEDBA
:1003C00090EE0E9436DF8091A6DE823028F081ED2B
:1003D00090EE69EE79E60AD887E080935DE185E0EA
:1003E00080935EE181E080935FE18091DAE190911A
:1003F000DBE1A091DCE1B091DDE1809360E19093DD
:1004000061E1A09362E1B09363E181ED90EEAAD83F
:10041000A2C087E090E00E9421A424E630E0FC0125
:10042000E29FC001E39F900DF29F900D1124805335
:10043000984F8DC08FB7F894209110763091117637
:100440008FBF8091D7E19091D8E1281B390B809123
:10045000DEE19091DFE12817390708F497C02FB744
:10046000F89480911076909111769093D8E18093D2
:10047000D7E12FBF8EE190E09093DFE18093DEE142
:100480008091D1E09091D2E08F5F9F4F09F04FC0F3
:100490008091D9E190E061E77AE60E941CC7BC0137
:1004A0002FEF8F3F920711F490E036C081ED90EE70
:1004B0000E94B2F68091D9E18093D3E01092D4E00B
:1004C0008091A6DE823038F083ED90EE029761E4F1
:1004D0007AE60E94F6F986E080935DE185E08093FC
:1004E0005EE111E010935FE18091DAE19091DBE150
:1004F000A091DCE1B091DDE1809360E1909361E156
:10050000A09362E1B09363E181ED90EE2BD810935C
:10051000D9E01093DAE091E08091D9E18F5F809388
:10052000D9E1833010F01092D9E19923A1F48FE042
:1005300090E00E9421A424E630E0AC01429FC0017B
:10054000439F900D529F900D11248854944F909387
:10055000D6E18093D5E12FB7F894809112769091EF
:1005600013769093D4E18093D3E12FBF0FC082E044
:1005700080935DE184E080935EE180925FE1909200
:1005800060E1A09261E1B09262E11FCBC552DF4F02
:10059000E0E10D94BC0FA8E2B0E0E1E9FAE40D94CB
:1005A000AC0F8DE79AE661EE71EE0E947A7A0197C0
:1005B00011F01092E1E187E89AE669E072EE0E949C
:1005C0007A7A019711F0109209E282E99AE661E3E2
:1005D00072EE0E947A7A019711F0109231E28BE963
:1005E0009AE669E572EE0E947A7A019711F010920C
:1005F00059E285EA9AE68E010F5F1F4FB8010E940B
:100600007A7A019731F4C8010F94DA10809381E26D
:1006100002C0109281E283EB9AE660E00E94BEF095
:10062000109282E2882319F081E0809382E286E0D2
:1006300090E09093B0E28093AFE22FB7F89480916E
:100640001076909111769093AEE28093ADE22FBF39
:100650008DE89AE466EC7AE60E947E93A896E4E040
:100660000D94C80FCF92DF92EF920F931F93DF93F9
:10067000CF93CDB7DEB7AD970FB6F894DEBF0FBE00
:10068000CDBF182F092F60EE71EE0E94BAA9812FFD
:10069000902F6091E0E10E943DBB882309F439C1AD
:1006A000C12ED02E0E94B69326E030E1C20ED31E9A
:1006B000F601808191812AEF3FEEC20ED31E892B75
:1006C00009F05BC080E09BE60E94B8EE8CE690E00B
:1006D0006091E0E116D76DE77AE648E250E021EE5E
:1006E00031EE0E9453EE8DE690E06091E0E109D793
:1006F00067E87AE648E250E029E032EE0E9453EEE5
:100700008EE690E06091E0E1FCD662E97AE648E2AC
:1007100050E021E332EE0E9453EE8FE690E06091CC
:10072000E0E1EFD66BE97AE648E250E029E532EE07
:100730000E9453EE80E790E06091E0E1E2D6009104
:1007400081E210E020E030E065EA7AE642E050E045
:100750000E9482EE81E790E06091E0E1D2D663EB07
:100760007AE6409182E20E9428EE8CE390E060916C
:10077000E0E1C7D60E9474EDCAC088E390E06091C2
:10078000E0E1BFD60F920F92EDB7FEB7928381835F
:100790000F94B71281EE9AE6EDB7FEB7928381838C
:1007A0000F94B7120F900F9089E390E06091E0E111
:1007B000A8D60F920F92EDB7FEB7928381830F9464
:1007C000B7128CED9AE6EDB7FEB7928381830F9452
:1007D000B7120F900F908CE690E06091E0E191D617
:1007E000BC01C6014DE75AE628E230E001EE11EE09
:1007F000E090E0E10E9421F08DE690E06091E0E180
:1008000080D6BC01C60147E85AE628E230E009E09C
:1008100012EEE090E0E10E9421F08EE690E060911F
:10082000E0E16FD6BC01C60142E95AE628E230E0B9
:1008300001E312EEE090E0E10E9421F08FE690E00B
:100840006091E0E15ED6BC01C6014BE95AE628E2C0
:1008500030E009E512EEE090E0E10E9421F080E74F
:1008600090E06091E0E14DD6BC01009181E210E0A2
:1008700020E030E0C60145EA5AE6E090E0E10E945F
:1008800080EF609381E2662341F18091E1E188236A
:1008900041F0809131E2882321F0809159E2882350
:1008A000E1F482E790E06091E0E12BD60F920F92A5
:1008B000EDB7FEB7928381830F94B7120F900F901C
:1008C0008E010F5F1F4FC8016AED7AE60F94521137
:1008D00085EA9AE6B8010E94E17981E790E06091AB
:1008E000E0E10FD6BC01C60143EB5AE6209182E25B
:1008F0000091E0E10E94D8EE109282E2882319F084
:1009000081E0809382E28091E0E10E94CAA70E9488
:10091000A993AD960FB6F894DEBF0FBECDBFCF91B1
:10092000DF911F910F91EF90DF90CF90089580910C
:10093000767A8A50823050F480E494E86BE17BE66A
:100940000F9452118CE08093767A0CC080E494E886
:1009500064E17BE60F9452118DE08093767A81E01A
:1009600080936E7A80E494E80F94F7119093757AEF
:100970008093747A089580916D7A8130F9F4809132
:10098000717A8230D9F48091767A8C30B9F01092F5
:10099000737A1092727A10927E7680E494E86FE80F
:1009A0007CE60F9452118091A5DE882321F087E721
:1009B0009CE60E94EAF58CE08093767A08951F9376
:1009C0008091747A9091757A892B09F01CC24091BC
:1009D000767A842F8A50823008F45DC0453009F45D
:1009E0005AC0A091727AB091737A109709F40BC231
:1009F000FD01E958F54880818A3009F004C242308F
:100A000089F48FB7F89420911276309113768FBFC6
:100A10008091ABE29091ACE2281B390B283C310568
:100A200008F4F1C18091787A843388F1A858B548E8
:100A30001C928091A5DE882341F08AED9BE60E94FE
:100A4000EAF588E79AE70E947AF686E790E06091F7
:100A5000548F57D562E00E940DBB882369F088E06F
:100A60009EE80F94F711AC014451504088E09EE895
:100A700068E77AE70F94001281E00E947BB481E07E
:100A800080936E7A1092737A1092727ABCC110922F
:100A9000737A1092727A10924084473009F4C5C07C
:100AA000483088F44330B9F1443030F4413009F132
:100AB000423009F095C125C0453009F494C0463054
:100AC00008F09FC03DC04A3009F441C14B3038F4B2
:100AD000483009F4BEC0493009F082C1C2C04C3070
:100AE00009F470C14C3008F459C14D3009F078C197
:100AF00074C180E494E860EC7BE60F94521182E0CC
:100B000007C080E494E863EB7BE60F94521183E026
:100B10008093767A65C181E392EE0F94F7119C0180
:100B200080E494E86AEB79E041E352EE0E94237F8F
:100B300080E494E860EB7BE60F94331184E0E8CF27
:100B400089E592EE0F94F7119C0180E494E86AEB3A
:100B500079E049E552EE0E94237F80E494E86DEA53
:100B60007BE60F943311809183E28F3319F58EE782
:100B700096E76FE97BE60F94521189E496E70F94AC
:100B8000460E85E08093767A109283E229C189E44B
:100B900096E70F949B0E6BE776E70F94DA0E182F0B
:100BA0008D3011F08A3041F483E892EE0F94F71102
:100BB000892BC9F086E0ACCF8823A9F0833299F065
:100BC0008F3209F410E483E892EE0F94F711FC01E0
:100BD000ED57FD41118283E892EE0F94F711FC016D
:100BE000ED57FD41108389E496E70F944B0E88235F
:100BF00009F0F6C083E892EE0F94F711879738F268
:100C0000EFC080E494E863E97BE60F94521180E43E
:100C100094E861E372EE0F94D11180E494E86FE8F8
:100C20007BE60F94331187E073CF80E494E865E8A6
:100C30007BE60F94521180E494E863E872EE0F941F
:100C4000D11180E494E861E87BE60F94331188E0E9
:100C50005FCF80E494E86AE77BE60F94521189E065
:100C600057CF80E494E863E77BE60F94521180E469
:100C700094E861E372EE0F94D11180E494E86BE69E
:100C80007BE60F94331180E494E863E872EE0F94EE
:100C9000D11180E494E862E37BE60F9433118AE695
:100CA00090E06091548F2DD4BC018EE796E70F94AD
:100CB00052118AE08093767A81E08093B4E290C00A
:100CC00089E496E70F949B0E6BE776E70F94DA0EB4
:100CD000282F8D3011F08A3039F58091B4E28823C5
:100CE000B1F58091747A9091757A805C9B4768E247
:100CF0007BE60F94521180E494E80F94F7119093DF
:100D0000757A8093747A8BE08093767A8BE690E0A4
:100D10006091548FF6D3BC018EE796E70F94521181
:100D200089E496E7B3D746C0882389F0833279F007
:100D30008091747A9091757AFC01E05CFB47208386
:100D400001969093757A8093747A1092B4E289E454
:100D500096E7A1D7882371F58091747A9091757A7E
:100D6000875B994008F4ACCF25C089E496E7E3D7C8
:100D70006BE776E70F94DA0E282F882379F0833219
:100D800069F08091747A9091757AFC01E05CFB4780
:100D9000208301969093757A8093747A89E496E71C
:100DA0007AD7882339F48091747A9091757A875B29
:100DB0009940D8F2E091747AF091757AE05CFB4743
:100DC00010820EC080E494E861E27BE60F94521139
:100DD00081E080936E7A8DE09BCE81E080936E7A85
:100DE00080E494E80F94F7119093757A8093747A65
:100DF0002FB7F89480911276909113769093ACE28D
:100E00008093ABE22FBF1F910895CF93DF93BC0176
:100E100083E892EE47E250E00F941E121092AAE28D
:100E200089E092EE0E94D7739B01AC012F3F8FEFB8
:100E300038078FEF48078FEF580739F588E59CE6AC
:100E40000E94EAF589E092EE0E947AF686E49CE63A
:100E50000E94EAF583E790E06091548F52D361E0FD
:100E60000E940DBB882309F464C088E09EE80F94BB
:100E7000F711AC014E51504088E09EE869E072EEF7
:100E80000F94001284E790E032C0CA01B90149E131
:100E900050E00E949762EC0190936C7A80936B7A99
:100EA0008FEFCF3FD80761F589EF9BE60E94EAF507
:100EB000D0936C7AC0936B7A10926D7A83E790E04E
:100EC0006091548F1ED361E00E940DBB882389F18D
:100ED00088E09EE80F94F711AC014E51504088E035
:100EE0009EE869E072EE0F94001285E790E0609151
:100EF000548F07D3BC0188E09EE80F94331119C0CA
:100F00000E94A3A491E090936D7A10926E7A83E090
:100F10008093717A9093767A2FB7F89480911276B5
:100F2000909113769093ACE28093ABE22FBF81E077
:100F300001C080E0DF91CF910895CF93DF938FB709
:100F4000F89420911076309111768FBF8091ADE2A8
:100F50009091AEE2281B390B8091AFE29091B0E204
:100F60002817390708F490C0809181E2882309F49A
:100F70008BC080910E76882339F480916B7A9091A2
:100F80006C7A8F5F9F4F71F08FB7F8942091107635
:100F9000309111763093AEE22093ADE28FBF82E1C3
:100FA00090E031C02FB7F89480911076909111762F
:100FB0009093AEE28093ADE22FBF82E190E09093F8
:100FC000B0E28093AFE281EE91EE0E94D7739B0175
:100FD000AC012F3F8FEF38078FEF48078FEF58078F
:100FE000B9F482E99DE60E94EAF581EE91EE0E9455
:100FF0007AF680E89DE60E94EAF5809181E226E09B
:10100000829FC00111249093B0E28093AFE23CC074
:10101000CA01B9014EE650E00E949762EC0190933C
:101020006C7A80936B7A2FEF8F3F920759F489E3A4
:101030009DE60E94EAF5D0936C7AC0936B7A109289
:101040006D7A22C08091A5DE823020F08CEF9CE684
:101050000E94EAF50E94A3A481E080936D7A109229
:101060006E7A82E08093717A83E08093767A109230
:10107000B1E22FB7F8948091127690911376909305
:10108000ACE28093ABE22FBFDF91CF910895EF9256
:10109000FF920F931F93CF93DF93EC018091B2E205
:1010A000882309F45BC0CE016DE27EE60F948911BE
:1010B0007C0188818D3031F489818A3019F4109255
:1010C000B2E24CC0E114F10409F45FC087010C1BCB
:1010D0001D0BCE0168E27EE6A8010F946211892BF8
:1010E000E9F1CE0165E27EE6A8010F946211892B39
:1010F000A9F1CE0160E27EE6A8010F946211892B6E
:1011000069F1CE0168E17EE6A8010F946211892B96
:1011100099F4809182E2882309F1C70163E17EE6B8
:101120000F948911892BD1F4C7016EE07EE60F94EC
:101130008911892B99F40FC0CE0161E07EE6A801E8
:101140000F946211892B09F5C70166EF7DE60F94B4
:101150008911892BD1F481E08093B3E28EE796E781
:101160000F94F7118C01CE010F94F711080F191F7E
:1011700083E0083E180710F080E02AC08EE796E76B
:10118000BE010F94D11111E001C010E08091A5DEE5
:101190008330E8F087ED9DE60E94EAF5CE010F94DA
:1011A000F711BC01CE010E940EF6112361F08EE70B
:1011B00096E70F94F711AC0160E070E081EC9DE6DA
:1011C0000E94ABF504C080EB9DE60E94EAF581E049
:1011D000CDB7DEB7E6E0DAC6A0E0B0E0EFE8FAE4CB
:1011E000B5C68091747A9091757A892B09F085C182
:1011F000C091727AD091737A209709F47EC1FE0172
:10120000E858F548108288E79AE76AE070E00F94A2
:10121000DC11892B29F484E0C23ED80708F46DC1A3
:101220008091787A8B3219F481E08093B1E28091D9
:10123000B1E2882381F48091A5DE882341F08EED10
:101240009CE60E94EAF588E79AE70E947AF681E038
:101250000E947BB42BC0109240848091767A8830B3
:1012600070F4863018F5833029F1843020F4813011
:1012700008F42DC11BC0843009F029C12DC08B306A
:1012800079F08C3030F48830C9F1893009F01FC111
:101290000AC08C3009F40CC18D3009F018C113C19B
:1012A000EE24FF24BFC020E030E037C081E080930F
:1012B0006E7A23C180E494E868ED7CE6F3D780E49D
:1012C00094E861E372EE0F94D11180E494E865ED47
:1012D0007CE6C9D784E0F5C080E494E86FEC7CE656
:1012E000E1D780E494E869E572EE0F94D11180E4CF
:1012F00094E86CEC7CE6B7D788E0E3C080E494E83F
:1013000065EC7CE6CFD789E0DCC0F901E858F54808
:101310008081803231F02F5F3F4F2C173D07A8F3BB
:1013200004C0CF0147D7892B21F080910E76882306
:10133000D1F0809181E226E0829FC0011124909338
:10134000B0E28093AFE22FB7F8948091107690913D
:1013500011769093AEE28093ADE22FBF80E494E8E3
:101360006EEB7CE6A9C089E690E06091548FC9D00D
:10137000BC018EE796E796D780E494E865EB7CE6BF
:1013800091D78BE08093767A81E08093B2E21092DD
:10139000B3E299C098E7C92E9AE7D92ECE0CDF1C8C
:1013A000C60161EB7CE675D7892B71F480E494E883
:1013B00068EA7CE677D78CE08093767A8EE796E7CA
:1013C00062EA7CE650D714C0C6016FE97CE6A1D77B
:1013D000EC01009791F4C701CF960817190750F157
:1013E0008091B3E2882321F4C60151DE882321F1E4
:1013F000E090727AF090737A1DC082E0A82EB12C32
:10140000AC0EBD1E8091B3E2882339F41A811A8292
:10141000C6013DDE1A83882379F0750188E79AE7D3
:10142000E81AF90A0091727A1091737AE016F106BF
:1014300008F4B0CF80E001C081E0E114F104B1F024
:101440004091727A5091737AE416F50678F4B701F8
:10145000685875484E195F0988E79AE78AD78091DE
:10146000727A9091737A8E199F091DC06091727A79
:101470007091737AE616F70630F5882341F199E00A
:10148000613B790720F18B01005B1940605B754877
:1014900080E094E848E250E06CD78091727A9091B5
:1014A000737A801B910B9093737A8093727A0FC03A
:1014B00080E494E868E97CE6F5D681E080936E7A72
:1014C0008DE08093767A1092737A1092727A80E42B
:1014D00094E88DD79093757A8093747A892B11F064
:1014E0001092B1E22FB7F894809112769091137612
:1014F0009093ACE28093ABE22FBFCDB7DEB7EAE0CA
:1015000041C5FC01EE0FFF1FE60FF11DEE0FFF1F9F
:10151000E855FD4625913491C9010895A7E3B0E04F
:10152000E3E9FAE412C5182F092F65EB72EE0E9469
:10153000BAA9812F902F6091B5E20E943DBB88230C
:1015400009F41FC184E994E961E00E94BEF0E82E2D
:10155000882311F0EE24E3949E2C8AEA94E961E05A
:101560000E94BEF0F82E882311F0FF24F39488E93E
:1015700094E90E94C3788F5F9F4F41F088E994E916
:10158000BE01685E7F4F0E947A7A01C0188E82EA9F
:1015900094E90E94C378BE016F5F7F4F8F5F9F4FBA
:1015A00029F082EA94E90E947A7A04C0CB0162EDC4
:1015B00074E978D6A12EB02E0E94B69386E090E111
:1015C000A80EB91EF501808191812AEF3FEEA20E8F
:1015D000B31E892B09F03CC08AEC94E90E94B8EE56
:1015E00087E790E06091B5E28CDF64E974E94E2D05
:1015F0000E9428EE88E790E06091B5E282DF68E91A
:1016000074E94FE150E09E01285E3F4F0E9453EE87
:1016100089E790E06091B5E274DF62EA74E943E043
:1016200050E09E012F5F3F4F0E9453EE8AE790E00B
:101630006091B5E266DF6AEA74E94F2D0E9428EEF8
:101640008CE390E06091B5E25CDF0E9474ED82C0B3
:1016500088E390E06091B5E254DF0F920F92EDB70E
:10166000FEB79283818383D787EB94E9EDB7FEB70A
:10167000928381837CD70F900F9089E390E06091F3
:10168000B5E23FDF0F920F92EDB7FEB792838183F1
:101690006ED782EB94E9EDB7FEB79283818367D76B
:1016A0000F900F9087E790E06091B5E22ADFBC01D0
:1016B000C50144E954E92E2D0091B5E20E94D8EE0F
:1016C000811181E0982E88E790E06091B5E219DF02
:1016D000BC01C50148E954E920E230E08E01085E12
:1016E0001F4FE090B5E20E9421F089E790E0609101
:1016F000B5E207DFBC01C50142EA54E924E030E06D
:101700006E010894C11CD11C8601E090B5E20E94D4
:1017100021F08AE790E06091B5E2F3DEBC01C501FB
:101720004AEA54E92F2D0091B5E20E94D8EE182F15
:101730008091B5E20E94CAA7CE0105960E944C4F47
:10174000C60138D58E87111111E01F8BCE01059689
:101750000E943B4F0E94A993992099F026E030E126
:10176000A20EB31EF50180819181892B51F02E8547
:1017700060E070E080E090E0AE01485E5F4F0E9464
:101780001873E796EBE0FDC34FB7F8949091CDE264
:1017900021E030E002C0220F331F8A95E2F7209546
:1017A00029232093CDE24FBF08954FB7F89490912D
:1017B000CDE221E030E002C0220F331F8A95E2F72C
:1017C000922B9093CDE24FBF0895982F8A3991F0D4
:1017D0008B3928F4833941F0863991F405C08C396E
:1017E00049F0893A69F4089581E08093D8E2109233
:1017F000D7E2089581E08093D8E28093D7E20895FC
:101800008091CAE2E82FF0E0EA54FD4190838F5FB7
:101810008093CAE28091CAE2843148F08091CBE2A1
:10182000882311F483E10CC01092CAE20BC090919E
:10183000CAE28091CBE2981729F48091CAE28150E4
:101840008093CAE28091CDE280648093CDE2809162
:10185000CDE28F778093CDE208951F920F920FB65D
:101860000F920BB60F9211242F933F934F935F93D8
:101870006F937F938F939F93AF93BF93EF93FF9358
:101880008091D9E29091DAE201969093DAE2809326
:10189000D9E28091B90090E0887F90708035910501
:1018A00009F49AC08135910594F58032910509F4C7
:1018B0008CC0813291059CF48830910509F460C098
:1018C0008930910524F4892B09F474C0CEC080318D
:1018D000910509F461C0489709F0C7C061C0883319
:1018E000910509F46CC08933910544F4883291055F
:1018F00009F45BC0C09709F0B8C057C080349105A7
:1019000009F496C08834910509F0AFC05EC0803AF2
:10191000910509F49BC0813A9105CCF48836910574
:1019200009F46DC0893691054CF48835910509F4A8
:1019300053C08036910509F098C066C08038910583
:1019400009F473C08838910509F08FC073C0883BD3
:10195000910509F478C0893B91054CF4883A9105CA
:1019600009F471C0803B910509F07FC067C0803CDD
:10197000910509F46BC0883C910509F076C066C0FA
:101980008091CEE2813041F08091D0E281608093FD
:10199000BB001092D5E269C08091D0E28E7FF7CF74
:1019A0008091D4E28093BB0060C084E08093CEE25B
:1019B0001092CFE281E08093D5E285E559C0809115
:1019C000D6E28F5F8093D6E252C084E08093CEE26D
:1019D00081E08093CFE2EFCF8091BB008093CCE297
:1019E0008091CEE2823009F78091CCE287FD3FC042
:1019F00084E08093CEE283E08093CFE2DBCF8091DE
:101A0000D6E28F5F8093D6E2A8951092DCE2109226
:101A1000DBE21092D5E29091BB008091D2E281503E
:101A2000969589238093D3E203C08091BB00CDDEDD
:101A300085E01EC08091BB00C8DE08C08091D6E260
:101A40008F5F8093D6E28091CDE2A1CF81E0809339
:101A5000D5E28091CEE2833051F08091CEE28130A8
:101A600031F08091CEE2823011F085E401C085E64C
:101A700080688093BC00FF91EF91BF91AF919F91DF
:101A80008F917F916F915F914F913F912F910F9027
:101A90000BBE0F900FBE0F901F9018958091CEE255
:101AA000882321F08091CEE28430C1F708951F93FE
:101AB000182FF4DF9FB7F8941093D4E217FF02C0F9
:101AC00081E001C082E08093CEE28091D5E288235C
:101AD00049F08091BC0084FDFCCF8091BC00806205
:101AE0008093BC009FBF1F9108950F931F93182FE1
:101AF000D5DF0091D0E21093D0E283E08093CEE274
:101B00008091D5E2882349F08091BC0084FDFCCF10
:101B10008091BC0080628093BC00C0DF0093D0E263
:101B20008091CFE2882319F02FEF3FEF04C080911E
:101B3000CCE2282F30E0C9011F910F9108951F9327
:101B4000182F82508B3DA0F410FD12C0812FCDDFE5
:101B500097FF0EC09FB7F8941093BA008091BC0015
:101B600080648093BC001093D1E29FBF81E00EC0DF
:101B70008FB7F8941092BA009091BC009F7B90931D
:101B8000BC009FEF9093D1E28FBF80E01F9108953A
:101B900081E08093D5E21092CEE21092CFE2809362
:101BA000B90080E48093B8008091D1E28E7F809369
:101BB000BA0084E88093BC008091D2E28150880F03
:101BC0008093BD001092D6E21092CBE21092CAE24E
:101BD0001092DAE21092D9E21092DCE21092DBE28B
:101BE0001092D4E20895613041F48A3080F4882361
:101BF00011F48CED08958C5908C0623041F48823AB
:101C000011F488EC0895843610F4880F08958FEF4E
:101C10000895982FFB0182508B3D10F010820DC06B
:101C20009695953630F081E080839E3630F4945658
:101C300005C082E08083943609F490E0892F0895EE
:101C4000DC019091CBE28091CAE2981711F480E018
:101C500008959091CBE2E92FF0E0EA54FD418081B4
:101C60008C939F5F9093CBE28091CBE2843110F014
:101C70001092CBE29091CBE28091CAE2981711F0DA
:101C800081E0089586E080DD81E00895FC0112AADC
:101C900013AA14AA0895FC0194A983A920E0981717
:101CA00009F421E0822F0895FC0183A9813310F00B
:101CB00090E002C0982F9F5F84A9981789F083A9AC
:101CC000813310F080E005C08F5F813311F490E024
:101CD00002C0982F9F5F84A920E030E0981711F48C
:101CE00021E030E0822F0895DC01D3968C91D397C8
:101CF000813310F090E002C0982F9F5FD4968C91B2
:101D0000D497981711F480E008959FB7F894D3966C
:101D10008C91D397FD01E80FF11D6083D3968C91D0
:101D2000D397813310F080E001C08F5FD3968C93FE
:101D30009FBF81E00895DC012FB7F894D4968C9171
:101D4000D497FD01E80FF11D8081D4969C91D49722
:101D5000913310F090E001C09F5FD4969C932FBF09
:101D60000895FC0193A984A9981718F023A984A9C0
:101D700003C023A984A92E5C281B822F0895282F35
:101D8000613619F4E4EDF4E904C0613381F4E5EF60
:101D9000F4E9822F81548A3108F4205E90E0849126
:101DA000281731F09F5F903211F03196F8CF9FEFF6
:101DB000892F0895DB018B3111F481E303C08F314A
:101DC00019F481E68C930BC06C91613331F4E82FE8
:101DD000F0E0EB50FB4684910895613611F080E00D
:101DE0000895E82FF0E0EC52FB4684910895DF92CD
:101DF000EF92FF920F931F93CF93DF93D82E7B0127
:101E0000EA01890187E1D81641F48BE1888382E1F8
:101E1000F9018083FB01108224C08D2DFB016081BC
:101E2000AEDF88838FEFF801808388818F3FC9F40C
:101E30008D2D61E6A4DFF80180838F3F21F08FE1D3
:101E4000888381E60CC08D2D61E399DFF8018083E2
:101E50008F3F11F480E006C08BE1888381E3F701B6
:101E6000808381E0CDB7DEB7E7E08FC0629FD0010D
:101E7000739FF001829FE00DF11D649FE00DF11D45
:101E8000929FF00D839FF00D749FF00D659FF00DF4
:101E90009927729FB00DE11DF91F639FB00DE11DE1
:101EA000F91FBD01CF0111240895AA1BBB1B51E1ED
:101EB00007C0AA1FBB1FA617B70710F0A61BB70BBA
:101EC000881F991F5A95A9F780959095BC01CD015F
:101ED000089597FB092E07260AD077FD04D0E5DF89
:101EE00006D000201AF4709561957F4F0895F6F79B
:101EF000909581959F4F0895A1E21A2EAA1BBB1BB6
:101F0000FD010DC0AA1FBB1FEE1FFF1FA217B307C5
:101F1000E407F50720F0A21BB30BE40BF50B661FDB
:101F2000771F881F991F1A9469F76095709580959F
:101F300090959B01AC01BD01CF0108952F923F9276
:101F40004F925F926F927F928F929F92AF92BF92C9
:101F5000CF92DF92EF92FF920F931F93CF93DF9375
:101F6000CDB7DEB7CA1BDB0B0FB6F894DEBF0FBED2
:101F7000CDBF19942A88398848885F846E847D840F
:101F80008C849B84AA84B984C884DF80EE80FD8021
:101F90000C811B81AA81B981CE0FD11D0FB6F89497
:101FA000DEBF0FBECDBFED010895CF93DF93BC011F
:101FB0008230910510F462E070E0A091DFE2B09110
:101FC000E0E2ED01E0E0F0E040E050E021C0888197
:101FD00099818617970769F48A819B81309719F058
:101FE0009383828304C09093E0E28093DFE2FE015A
:101FF00034C06817790738F44115510519F0841772
:10200000950708F4AC01FE018A819B819C01E901DE
:102010002097E9F641155105A9F1CA01861B970BD6
:10202000049708F4BA01E0E0F0E02AC08D919C9199
:10203000119784179507F9F46417750781F41296C0
:102040008D919C911397309719F09383828304C0EC
:102050009093E0E28093DFE2FD0132964FC0CA0127
:10206000861B970BFD01E80FF91F6193719302978F
:102070008D939C9343C0FD01828193819C01D90182
:102080001097A1F68091DDE29091DEE2892B41F478
:1020900080912722909128229093DEE28093DDE2C6
:1020A0004091292250912A224115510541F44DB702
:1020B0005EB78091252290912622481B590B2091D2
:1020C000DDE23091DEE224173507B0F4CA01821B4D
:1020D000930B8617970780F0AB014E5F5F4F841715
:1020E000950750F0420F531F5093DEE24093DDE21C
:1020F000F9016193719302C0E0E0F0E0CF01DF915C
:10210000CF910895CF93DF93009709F450C0EC016D
:1021100022971B821A82A091DFE2B091E0E2109731
:1021200009F140E050E0AC17BD0708F1BB83AA837A
:10213000FE0121913191E20FF31FAE17BF0779F431
:102140008D919C911197280F391F2E5F3F4F398336
:10215000288312968D919C9113979B838A834115B6
:10216000510571F4D093E0E2C093DFE220C01296F3
:102170008D919C911397AD01009711F0DC01D3CFA5
:10218000FA01D383C28321913191E20FF31FCE175D
:10219000DF0769F488819981280F391F2E5F3F4F2F
:1021A000FA01318320838A819B8193838283DF912B
:1021B000CF910895FC0188279927E8942191203236
:1021C000E9F3293010F02E30C8F32B3239F02D32DC
:1021D00031F4689403C0B2D1820F911D2191205334
:1021E0002A30C8F31EF4909581959F4F08951F9350
:1021F000FC0199278827BC01E89411911032E9F37A
:10220000193010F01E30C8F31B3249F01D3241F472
:10221000689405C07ED1610F711D811D911D1191C2
:1022200010531A30B8F33EF49095809570956195EF
:102230007F4F8F4F9F4F1F910895FB01DC0104C01A
:102240008D910590801921F441505040C8F7881BAA
:10225000990B0895FB01DC0102C005900D924150DD
:102260005040D8F70895FB01DC010D900020E9F7FC
:10227000119705900D920020E1F70895FC0105905B
:10228000061621F00020D9F7C00108953197CF013B
:102290000895FB01DC018D91059080190110D9F39F
:1022A000990B0895FB01DC0105900D920020E1F7E8
:1022B0000895FC0105900020E9F7809590958E0F18
:1022C0009F1F0895FB01DC014150504088F08D9123
:1022D00081341CF08B350CF4805E659161341CF008
:1022E0006B350CF4605E861B611171F3990B0895D8
:1022F000881BFCCFFB01DC014150504048F00590A9
:102300000D920020C9F701C01D9241505040E0F7E6
:102310000895FB0155915523A9F0BF01DC014D91B2
:1023200045174111E1F759F4CD010590002049F01E
:102330004D9140154111C9F3FB014111EFCF81E0EF
:1023400090E001970895FB01DC0104C08D9101909C
:10235000801921F441505040C8F7881B990B08950B
:10236000FB01DC0102C001900D9241505040D8F7B2
:1023700008956817790768F4FB01DC01E40FF51F85
:10238000A40FB51F02C002900E9241505040D8F7E2
:102390000895E6CFDC0101C06D9341505040E0F755
:1023A0000895FB01DC010D900020E9F711970190E1
:1023B0000D920020E1F70895FC018191861721F02C
:1023C0008823D9F7992708953197CF010895FB0104
:1023D000DC018D91019080190110D9F3990B0895BA
:1023E000FB01DC0101900D920020E1F70895FC0152
:1023F00001900020E9F7809590958E0F9F1F08951A
:10240000FB01DC010D900020E9F71197415050408D
:1024100028F0019000200D92C9F708951C920895AC
:10242000FB01DC014150504030F08D91019080194A
:1024300019F40020B9F7881B990B0895FB01DC0102
:102440004150504048F001900D920020C9F701C062
:102450001D9241505040E0F70895FC0181E090E06A
:102460000190061609F4CF010020D1F701970895D5
:10247000FB019F01E8944230BCF04532ACF44A3095
:1024800029F497FB1EF4909581959F4F642F772731
:102490000CDD805D8A330CF0895D8193CB01009760
:1024A000A9F716F45DE251931082C901E7C2FA015F
:1024B000CF93FF93EF9322303CF125322CF5C22FBE
:1024C000E894CA3049F497FB3EF490958095709556
:1024D00061957F4F8F4F9F4F2C2F332744275527D0
:1024E000FF93EF9309DDEF91FF91605D6A330CF08C
:1024F000695D6193B901CA016050704080409040AD
:1025000059F716F4CDE2C19310828F919F91CF912C
:10251000B5C2592F482F372F262F660F771F881FD8
:10252000991F660F771F881F991F620F731F841FE3
:10253000951F660F771F881F991F08957AE0979F50
:10254000902D879F802D910D11240895DF93CF93B7
:10255000CDB7DEB7FE013696619171918091E3E2CD
:102560009091E4E2AF0155D0CF91DF910895DF93D0
:10257000CF93CDB7DEB7FE01369661917191A091F0
:10258000E3E2B091E4E213968C911397886013967E
:102590008C938091E3E29091E4E2AF013AD0E09134
:1025A000E3E2F091E4E22381277F2383CF91DF915F
:1025B00008950F931F93DF93CF93CDB7DEB72E9778
:1025C0000FB6F894DEBF0FBECDBF0E891F898EE017
:1025D0008C831A8309838FEF9FE79E838D839E01EF
:1025E000265E3F4FCE010196688D798DA90111D0ED
:1025F0002F813885020F131FF80110822E960FB617
:10260000F894DEBF0FBECDBFCF91DF911F910F9128
:1026100008952F923F924F925F926F927F928F9286
:102620009F92AF92BF92CF92DF92EF92FF920F9361
:102630001F93DF93CF93CDB7DEB72B970FB6F894E8
:10264000DEBF0FBECDBF3C012B015A01FC0117823A
:102650001682838181FD03C06FEF7FEFB9C19AE0DD
:10266000892E1E010894211C311CF3012381F201E3
:1026700023FD859123FF81912F01882309F4A5C1B2
:10268000853239F423FD859123FF81912F01853215
:1026900021F490E0B30102D2E8CF982FFF24EE247A
:1026A0009924FFE1FF15D0F09B3269F09C3228F4A9
:1026B000903259F0933291F40EC09D3249F090332C
:1026C00069F441E024C052E0F52A84E0F82A28C0E9
:1026D00098E0F92A25C0E0E1FE2A22C0F7FC29C0D3
:1026E000892F80538A3070F4F6FE05C0989C902C98
:1026F0001124980E15C0E89CE02C1124E80EF0E29D
:10270000FF2A0EC09E3229F4F6FC5FC140E4F42A91
:1027100007C09C3619F450E8F52A02C0983649F4EF
:10272000F20123FD959123FF91912F01992309F047
:10273000B8CF892F8554833018F08052833038F415
:1027400044E050E0A40EB51E5FE359830FC09336FA
:1027500031F0933779F0933509F052C01FC0F5017D
:102760008081898342E050E0A40EB51E610101E042
:1027700010E011C0F501C080D180F6FC03C06FEFFE
:102780007FEF02C0692D70E042E050E0A40EB51E5C
:10279000C60169D18C015FE7F52213C0F501C08045
:1027A000D180F6FC03C06FEF7FEF02C0692D70E0AF
:1027B00042E050E0A40EB51EC6014AD18C0150E89B
:1027C000F52AF3FE06C018C080E290E0B30166D19E
:1027D000EA948E2D90E008171907B0F30DC0F601AA
:1027E000F7FC8591F7FE81916F0190E0B30156D11E
:1027F000E110EA94015010400115110581F7E2C083
:10280000943611F0993661F5F7FE08C0F501208184
:1028100031814281538184E090E00AC0F5018081DA
:1028200091819C01442737FD4095542F82E090E030
:10283000A80EB91E9FE6F92257FF09C05095409592
:10284000309521953F4F4F4F5F4FE0E8FE2ACA0178
:10285000B901A1012AE030E04DD1D82ED2183FC0F5
:10286000953729F41F2D1F7E2AE030E01DC01F2D53
:10287000197F9F3661F0903720F4983509F0A5C094
:102880000FC0903739F0983709F09FC004C028E096
:1028900030E00AC0106114FD146020E130E004C093
:1028A00014FD166020E132E017FF08C0F5016081D9
:1028B00071818281938144E050E008C0F5018081FC
:1028C0009181BC0180E090E042E050E0A40EB51E92
:1028D000A10110D1D82ED2188FE7F82EF122F6FEE2
:1028E0000BC05EEFF522D91438F4F4FE07C0F2FCF9
:1028F00005C08FEEF82202C01D2D01C0192DF4FE77
:102900000DC0FE01ED0DF11D8081803319F499EEAB
:10291000F92208C01F5FF2FE05C003C08F2D867824
:1029200009F01F5F0F2DF3FC13C0F0FE0EC01E1543
:1029300010F09D2C0AC09D2C9E0C911A1E2D05C0D6
:1029400080E290E0B301AAD01F5F1E15C8F304C057
:102950001E1510F4E11A01C0EE2404FF0EC080E33E
:1029600090E0B3019BD002FF1BC001FD03C088E7CC
:1029700090E00EC088E590E00BC0802F867881F053
:1029800001FF02C08BE201C080E2F7FC8DE290E023
:10299000B30184D005C080E390E0B3017FD09A9466
:1029A000D914C8F3DA94F101ED0DF11D808190E0A6
:1029B000B30174D0DD20B1F705C080E290E0B3012F
:1029C0006DD0EA94EE20C9F750CEF301668177818D
:1029D000CB012B960FB6F894DEBF0FBECDBFCF91C3
:1029E000DF911F910F91FF90EF90DF90CF90BF90FC
:1029F000AF909F908F907F906F905F904F903F909F
:102A00002F900895DC01CB01FC01F999FECF06C09F
:102A1000F2BDE1BDF89A319600B40D92415050409C
:102A2000B8F70895F999FECF92BD81BDF89A99271C
:102A300080B50895262FF999FECF1FBA92BD81BDAA
:102A400020BD0FB6F894FA9AF99A0FBE0196089530
:102A5000FC010590615070400110D8F78095909569
:102A60008E0F9F1F0895FC0161507040019001106E
:102A7000D8F7809590958E0F9F1F0895DC01FC017B
:102A8000672F71917723E1F7329704C07C916D93A2
:102A900070836291AE17BF07C8F308950F931F9319
:102AA000CF93DF938C01EB018B8181FF1BC082FFF1
:102AB0000DC02E813F818C819D812817390764F4D8
:102AC000E881F9810193F983E88306C0E885F985F7
:102AD000802F1995892B31F48E819F8101969F83D8
:102AE0008E8302C00FEF1FEFC801DF91CF911F91BE
:102AF0000F910895FA01AA27283051F1203181F170
:102B0000E8946F936E7F6E5F7F4F8F4F9F4FAF4FF5
:102B1000B1E03ED0B4E03CD0670F781F891F9A1F08
:102B2000A11D680F791F8A1F911DA11D6A0F711DBC
:102B3000811D911DA11D20D009F468943F912AE0C8
:102B4000269F11243019305D3193DEF6CF010895B0
:102B5000462F4770405D4193B3E00FD0C9F7F6CFE1
:102B6000462F4F70405D4A3318F0495D31FD4052A9
:102B7000419302D0A9F7EACFB4E0A695979587953F
:102B800077956795BA95C9F700976105710508951E
:102B90009B01AC010A2E06945795479537952795CA
:102BA000BA95C9F7620F731F841F951FA01D089562
:102BB000F894FFCF4D4350636F6E666967002F0036
:102BC0002F006F6666006F6666002F002F004E654F
:102BD0007573746172740D0A002000E7E2FFFFFF55
:102BE0000102036F551CC8C0A8018EFFFFFF00C083
:102BF000A801FAC0A801FA0000000300000000FFCD
:102C000077D2770000FFFFFFFF83398E399939387B
:102C10005744574A5760570000775785579357AE28
:102C2000570000CD57D357E6570058000006538091
:102C30005229521D521D5201030507090E1012148C
:102C400016181C1E30073B0700D601120920090088
:102C5000DA00180D260D000A01310E410E00220186
:102C6000640F740F001B0190109F1000AA014A12FC
:102C7000591200A301FD130714009802A016AA160A
:102C800000C0016B187F18002002A01AB41A000EB1
:102C900002C31CDA1C003702121F291F000D023765
:102CA000214A21006701B222C522006701FB090FFA
:102CB0000A020903000000000000000083E790E022
:102CC0006091548F1ED361E00E940DBB882389F16F
:102CD00088E09EE80F94F711AC014E51504088E017
:102CE0009EE869E072EE0F94001285E790E0609133
:102CF000548F07D3BC0188E09EE80F94331119C0AC
:102D00000E94A3A491E090936D7A10926E7A83E072
:102D10008093717A9093767A2FB7F8948091127697
:102D2000909113769093ACE28093ABE22FBF81E059
:102D300001C080E0DF91CF910895CF93DF938FB7EB
:102D4000F89420911076309111768FBF8091ADE28A
:102D50009091AEE2281B390B8091AFE29091B0E2E6
:102D60002817390708F490C0809181E2882309F47C
:102D70008BC080910E76882339F480916B7A909184
:102D80006C7A8F5F9F4F71F08FB7F8942091107617
:102D9000309111763093AEE22093ADE28FBF82E1A5
:102DA00090E031C02FB7F894809110769091117611
:102DB0009093AEE28093ADE22FBF82E190E09093DA
:102DC000B0E28093AFE281EE91EE0E94D7739B0157
:102DD000AC012F3F8FEF38078FEF48078FEF580771
:102DE000B9F482E99DE60E94EAF581EE91EE0E9437
:102DF0007AF680E89DE60E94EAF5809181E226E07D
:102E0000829FC00111249093B0E28093AFE23CC056
:102E1000CA01B9014EE650E00E949762EC0190931E
:102E20006C7A80936B7A2FEF8F3F920759F489E386
:102E30009DE60E94EAF5D0936C7AC0936B7A10926B
:102E40006D7A22C08091A5DE823020F08CEF9CE666
:102E50000E94EAF50E94A3A481E080936D7A10920B
:102E60006E7A82E08093717A83E08093767A109212
:102E7000B1E22FB7F89480911276909113769093E7
:102E8000ACE28093ABE22FBFDF91CF910895EF9238
:102E9000FF920F931F93CF93DF93EC018091B2E2E7
:102EA000882309F45BC0CE016DE27EE60F948911A0
:102EB0007C0188818D3031F489818A3019F4109237
:102EC000B2E24CC0E114F10409F45FC087010C1BAD
:102ED0001D0BCE0168E27EE6A8010F946211892BDA
:102EE000E9F1CE0165E27EE6A8010F946211892B1B
:102EF000A9F1CE0160E27EE6A8010F946211892B50
:102F000069F1CE0168E17EE6A8010F946211892B78
:102F100099F4809182E2882309F1C70163E17EE69A
:102F20000F948911892BD1F4C7016EE07EE60F94CE
:102F30008911892B99F40FC0CE0161E07EE6A801CA
:102F40000F946211892B09F5C70166EF7DE60F9496
:102F50008911892BD1F481E08093B3E28EE796E763
:102F60000F94F7118C01CE010F94F711080F191F60
:102F700083E0083E180710F080E02AC08EE796E74D
:102F8000BE010F94D11111E001C010E08091A5DEC7
:102F90008330E8F087ED9DE60E94EAF5CE010F94BC
:102FA000F711BC01CE010E940EF6112361F08EE7ED
:102FB00096E70F94F711AC0160E070E081EC9DE6BC
:102FC0000E94ABF504C080EB9DE60E94EAF581E02B
:102FD000CDB7DEB7E6E0DAC6A0E0B0E0EFE8FAE4AD
:102FE000B5C68091747A9091757A892B09F085C164
:102FF000C091727AD091737A209709F47EC1FE0154
:10300000E858F548108288E79AE76AE070E00F9484
:10301000DC11892B29F484E0C23ED80708F46DC185
:103020008091787A8B3219F481E08093B1E28091BB
:10303000B1E2882381F48091A5DE882341F08EEDF2
:103040009CE60E94EAF588E79AE70E947AF681E01A
:103050000E947BB42BC0109240848091767A883095
:1030600070F4863018F5833029F1843020F48130F3
:1030700008F42DC11BC0843009F029C12DC08B304C
:1030800079F08C3030F48830C9F1893009F01FC1F3
:103090000AC08C3009F40CC18D3009F018C113C17D
:1030A000EE24FF24BFC020E030E037C081E08093F1
:1030B0006E7A23C180E494E868ED7CE6F3D780E47F
:1030C00094E861E372EE0F94D11180E494E865ED29
:1030D0007CE6C9D784E0F5C080E494E86FEC7CE638
:1030E000E1D780E494E869E572EE0F94D11180E4B1
:1030F00094E86CEC7CE6B7D788E0E3C080E494E821
:1031000065EC7CE6CFD789E0DCC0F901E858F548EA
:103110008081803231F02F5F3F4F2C173D07A8F39D
:1031200004C0CF0147D7892B21F080910E768823E8
:10313000D1F0809181E226E0829FC001112490931A
:10314000B0E28093AFE22FB7F8948091107690911F
:1031500011769093AEE28093ADE22FBF80E494E8C5
:103160006EEB7CE6A9C089E690E06091548FC9D0EF
:10317000BC018EE796E796D780E494E865EB7CE6A1
:1031800091D78BE08093767A81E08093B2E21092BF
:10319000B3E299C098E7C92E9AE7D92ECE0CDF1C6E
:1031A000C60161EB7CE675D7892B71F480E494E865
:1031B00068EA7CE677D78CE08093767A8EE796E7AC
:1031C00062EA7CE650D714C0C6016FE97CE6A1D75D
:1031D000EC01009791F4C701CF960817190750F139
:1031E0008091B3E2882321F4C60151DE882321F1C6
:1031F000E090727AF090737A1DC082E0A82EB12C14
:10320000AC0EBD1E8091B3E2882339F41A811A8274
:10321000C6013DDE1A83882379F0750188E79AE7B5
:10322000E81AF90A0091727A1091737AE016F106A1
:1032300008F4B0CF80E001C081E0E114F104B1F006
:103240004091727A5091737AE416F50678F4B701DA
:10325000685875484E195F0988E79AE78AD78091C0
:10326000727A9091737A8E199F091DC06091727A5B
:103270007091737AE616F70630F5882341F199E0EC
:10328000613B790720F18B01005B1940605B754859
:1032900080E094E848E250E06CD78091727A909197
:1032A000737A801B910B9093737A8093727A0FC01C
:1032B00080E494E868E97CE6F5D681E080936E7A54
:1032C0008DE08093767A1092737A1092727A80E40D
:1032D00094E88DD79093757A8093747A892B11F046
:1032E0001092B1E22FB7F8948091127690911376F4
:1032F0009093ACE28093ABE22FBFCDB7DEB7EAE0AC
:1033000041C5FC01EE0FFF1FE60FF11DEE0FFF1F81
:10331000E855FD4625913491C9010895A7E3B0E031
:10332000E3E9FAE412C5182F092F65EB72EE0E944B
:10333000BAA9812F902F6091B5E20E943DBB8823EE
:1033400009F41FC184E994E961E00E94BEF0E82E0F
:10335000882311F0EE24E3949E2C8AEA94E961E03C
:103360000E94BEF0F82E882311F0FF24F39488E920
:1033700094E90E94C3788F5F9F4F41F088E994E9F8
:10338000BE01685E7F4F0E947A7A01C0188E82EA81
:1033900094E90E94C378BE016F5F7F4F8F5F9F4F9C
:1033A00029F082EA94E90E947A7A04C0CB0162EDA6
:1033B00074E978D6A12EB02E0E94B69386E090E1F3
:1033C000A80EB91EF501808191812AEF3FEEA20E71
:1033D000B31E892B09F03CC08AEC94E90E94B8EE38
:1033E00087E790E06091B5E28CDF64E974E94E2DE7
:1033F0000E9428EE88E790E06091B5E282DF68E9FC
:1034000074E94FE150E09E01285E3F4F0E9453EE69
:1034100089E790E06091B5E274DF62EA74E943E025
:1034200050E09E012F5F3F4F0E9453EE8AE790E0ED
:103430006091B5E266DF6AEA74E94F2D0E9428EEDA
:103440008CE390E06091B5E25CDF0E9474ED82C095
:1034500088E390E06091B5E254DF0F920F92EDB7F0
:10346000FEB79283818383D787EB94E9EDB7FEB7EC
:10347000928381837CD70F900F9089E390E06091D5
:10348000B5E23FDF0F920F92EDB7FEB792838183D3
:103490006ED782EB94E9EDB7FEB79283818367D74D
:1034A0000F900F9087E790E06091B5E22ADFBC01B2
:1034B000C50144E954E92E2D0091B5E20E94D8EEF1
:1034C000811181E0982E88E790E06091B5E219DFE4
:1034D000BC01C50148E954E920E230E08E01085EF4
:1034E0001F4FE090B5E20E9421F089E790E06091E3
:1034F000B5E207DFBC01C50142EA54E924E030E04F
:103500006E010894C11CD11C8601E090B5E20E94B6
:1035100021F08AE790E06091B5E2F3DEBC01C501DD
:103520004AEA54E92F2D0091B5E20E94D8EE182FF7
:103530008091B5E20E94CAA7CE0105960E944C4F29
:10354000C60138D58E87111111E01F8BCE0105966B
:103550000E943B4F0E94A993992099F026E030E108
:10356000A20EB31EF50180819181892B51F02E8529
:1035700060E070E080E090E0AE01485E5F4F0E9446
:103580001873E796EBE0FDC34FB7F8949091CDE246
:1035900021E030E002C0220F331F8A95E2F7209528
:1035A00029232093CDE24FBF08954FB7F89490910F
:1035B000CDE221E030E002C0220F331F8A95E2F70E
:1035C000922B9093CDE24FBF0895982F8A3991F0B6
:1035D0008B3928F4833941F0863991F405C08C3950
:1035E00049F0893A69F4089581E08093D8E2109215
:1035F000D7E2089581E08093D8E28093D7E20895DE
:103600008091CAE2E82FF0E0EA54FD4190838F5F99
:103610008093CAE28091CAE2843148F08091CBE283
:10362000882311F483E10CC01092CAE20BC0909180
:10363000CAE28091CBE2981729F48091CAE28150C6
:103640008093CAE28091CDE280648093CDE2809144
:10365000CDE28F778093CDE208951F920F920FB63F
:103660000F920BB60F9211242F933F934F935F93BA
:103670006F937F938F939F93AF93BF93EF93FF933A
:103680008091D9E29091DAE201969093DAE2809308
:10369000D9E28091B90090E0887F907080359105E3
:1036A00009F49AC08135910594F58032910509F4A9
:1036B0008CC0813291059CF48830910509F460C07A
:1036C0008930910524F4892B09F474C0CEC080316F
:1036D000910509F461C0489709F0C7C061C08833FB
:1036E000910509F46CC08933910544F48832910541
:1036F00009F45BC0C09709F0B8C057C08034910589
:1037000009F496C08834910509F0AFC05EC0803AD4
:10371000910509F49BC0813A9105CCF48836910556
:1037200009F46DC0893691054CF48835910509F48A
:1037300053C08036910509F098C066C08038910565
:1037400009F473C08838910509F08FC073C0883BB5
:10375000910509F478C0893B91054CF4883A9105AC
:1037600009F471C0803B910509F07FC067C0803CBF
:10377000910509F46BC0883C910509F076C066C0DC
:103780008091CEE2813041F08091D0E281608093DF
:10379000BB001092D5E269C08091D0E28E7FF7CF56
:1037A0008091D4E28093BB0060C084E08093CEE23D
:1037B0001092CFE281E08093D5E285E559C08091F7
:1037C000D6E28F5F8093D6E252C084E08093CEE24F
:1037D00081E08093CFE2EFCF8091BB008093CCE279
:1037E0008091CEE2823009F78091CCE287FD3FC024
:1037F00084E08093CEE283E08093CFE2DBCF8091C0
:10380000D6E28F5F8093D6E2A8951092DCE2109208
:10381000DBE21092D5E29091BB008091D2E2815020
:10382000969589238093D3E203C08091BB00CDDEBF
:1038300085E01EC08091BB00C8DE08C08091D6E242
:103840008F5F8093D6E28091CDE2A1CF81E080931B
:10385000D5E28091CEE2833051F08091CEE281308A
:1038600031F08091CEE2823011F085E401C085E62E
:1038700080688093BC00FF91EF91BF91AF919F91C1
:103880008F917F916F915F914F913F912F910F9009
:103890000BBE0F900FBE0F901F9018958091CEE237
:1038A000882321F08091CEE28430C1F708951F93E0
:1038B000182FF4DF9FB7F8941093D4E217FF02C0DB
:1038C00081E001C082E08093CEE28091D5E288233E
:1038D00049F08091BC0084FDFCCF8091BC008062E7
:1038E0008093BC009FBF1F9108950F931F93182FC3
:1038F000D5DF0091D0E21093D0E283E08093CEE256
:103900008091D5E2882349F08091BC0084FDFCCFF2
:103910008091BC0080628093BC00C0DF0093D0E245
:103920008091CFE2882319F02FEF3FEF04C0809100
:10393000CCE2282F30E0C9011F910F9108951F9309
:10394000182F82508B3DA0F410FD12C0812FCDDFC7
:1039500097FF0EC09FB7F8941093BA008091BC00F7
:1039600080648093BC001093D1E29FBF81E00EC0C1
:103970008FB7F8941092BA009091BC009F7B9093FF
:10398000BC009FEF9093D1E28FBF80E01F9108951C
:1039900081E08093D5E21092CEE21092CFE2809344
:1039A000B90080E48093B8008091D1E28E7F80934B
:1039B000BA0084E88093BC008091D2E28150880FE5
:1039C0008093BD001092D6E21092CBE21092CAE230
:1039D0001092DAE21092D9E21092DCE21092DBE26D
:1039E0001092D4E20895613041F48A3080F4882343
:1039F00011F48CED08958C5908C0623041F488238D
:103A0000FFFFFFFFFFFFFFFFFFFFFFFFFFFFFFFFC6
:103A1000FFFFFFFFFFFFFFFFFFFFFFFFFFFFFFFFB6
:103A2000FFFFFFFFFFFFFFFFFFFFFFFFFFFFFFFFA6
:103A3000FFFFFFFFFFFFFFFFFFFFFFFFFFFFFFFF96
:103A4000FFFFFFFFFFFFFFFFFFFFFFFFFFFFFFFF86
:103A5000FFFFFFFFFFFFFFFFFFFFFFFFFFFFFFFF76
:103A6000FFFFFFFFFFFFFFFFFFFFFFFFFFFFFFFF66
:103A7000FFFFFFFFFFFFFFFFFFFFFFFFFFFFFFFF56
:103A8000FFFFFFFFFFFFFFFFFFFFFFFFFFFFFFFF46
:103A9000FFFFFFFFFFFFFFFFFFFFFFFFFFFFFFFF36
:103AA000FFFFFFFFFFFFFFFFFFFFFFFFFFFFFFFF26
:103AB000FFFFFFFFFFFFFFFFFFFFFFFFFFFFFFFF16
:103AC000FFFFFFFFFFFFFFFFFFFFFFFFFFFFFFFF06
:103AD000FFFFFFFFFFFFFFFFFFFFFFFFFFFFFFFFF6
:103AE000FFFFFFFFFFFFFFFFFFFFFFFFFFFFFFFFE6
:103AF000FFFFFFFFFFFFFFFFFFFFFFFFFFFFFFFFD6
:103B0000FFFFFFFFFFFFFFFFFFFFFFFFFFFFFFFFC5
:103B1000FFFFFFFFFFFFFFFFFFFFFFFFFFFFFFFFB5
:103B2000FFFFFFFFFFFFFFFFFFFFFFFFFFFFFFFFA5
:103B3000FFFFFFFFFFFFFFFFFFFFFFFFFFFFFFFF95
:103B4000FFFFFFFFFFFFFFFFFFFFFFFFFFFFFFFF85
:103B5000FFFFFFFFFFFFFFFFFFFFFFFFFFFFFFFF75
:103B6000FFFFFFFFFFFFFFFFFFFFFFFFFFFFFFFF65
:103B7000FFFFFFFFFFFFFFFFFFFFFFFFFFFFFFFF55
:103B8000FFFFFFFFFFFFFFFFFFFFFFFFFFFFFFFF45
:103B9000FFFFFFFFFFFFFFFFFFFFFFFFFFFFFFFF35
:103BA000FFFFFFFFFFFFFFFFFFFFFFFFFFFFFFFF25
:103BB000FFFFFFFFFFFFFFFFFFFFFFFFFFFFFFFF15
:103BC000FFFFFFFFFFFFFFFFFFFFFFFFFFFFFFFF05
:103BD000FFFFFFFFFFFFFFFFFFFFFFFFFFFFFFFFF5
:103BE000FFFFFFFFFFFFFFFFFFFFFFFFFFFFFFFFE5
:103BF000FFFFFFFFFFFFFFFFFFFFFFFFFFFFFFFFD5
:103C0000FFFFFFFFFFFFFFFFFFFFFFFFFFFFFFFFC4
:103C1000FFFFFFFFFFFFFFFFFFFFFFFFFFFFFFFFB4
:103C2000FFFFFFFFFFFFFFFFFFFFFFFFFFFFFFFFA4
:103C3000FFFFFFFFFFFFFFFFFFFFFFFFFFFFFFFF94
:103C4000FFFFFFFFFFFFFFFFFFFFFFFFFFFFFFFF84
:103C5000FFFFFFFFFFFFFFFFFFFFFFFFFFFFFFFF74
:103C6000FFFFFFFFFFFFFFFFFFFFFFFFFFFFFFFF64
:103C7000FFFFFFFFFFFFFFFFFFFFFFFFFFFFFFFF54
:103C8000FFFFFFFFFFFFFFFFFFFFFFFFFFFFFFFF44
:103C9000FFFFFFFFFFFFFFFFFFFFFFFFFFFFFFFF34
:103CA000FFFFFFFFFFFFFFFFFFFFFFFFFFFFFFFF24
:103CB000FFFFFFFFFFFFFFFFFFFFFFFFFFFFFFFF14
:103CC000FFFFFFFFFFFFFFFFFFFFFFFFFFFFFFFF04
:103CD000FFFFFFFFFFFFFFFFFFFFFFFFFFFFFFFFF4
:103CE000FFFFFFFFFFFFFFFFFFFFFFFFFFFFFFFFE4
:103CF000FFFFFFFFFFFFFFFFFFFFFFFFFFFFFFFFD4
:103D0000FFFFFFFFFFFFFFFFFFFFFFFFFFFFFFFFC3
:103D1000FFFFFFFFFFFFFFFFFFFFFFFFFFFFFFFFB3
:103D2000FFFFFFFFFFFFFFFFFFFFFFFFFFFFFFFFA3
:103D3000FFFFFFFFFFFFFFFFFFFFFFFFFFFFFFFF93
:103D4000FFFFFFFFFFFFFFFFFFFFFFFFFFFFFFFF83
:103D5000FFFFFFFFFFFFFFFFFFFFFFFFFFFFFFFF73
:103D6000FFFFFFFFFFFFFFFFFFFFFFFFFFFFFFFF63
:103D7000FFFFFFFFFFFFFFFFFFFFFFFFFFFFFFFF53
:103D8000FFFFFFFFFFFFFFFFFFFFFFFFFFFFFFFF43
:103D9000FFFFFFFFFFFFFFFFFFFFFFFFFFFFFFFF33
:103DA000FFFFFFFFFFFFFFFFFFFFFFFFFFFFFFFF23
:103DB000FFFFFFFFFFFFFFFFFFFFFFFFFFFFFFFF13
:103DC000FFFFFFFFFFFFFFFFFFFFFFFFFFFFFFFF03
:103DD000FFFFFFFFFFFFFFFFFFFFFFFFFFFFFFFFF3
:103DE000FFFFFFFFFFFFFFFFFFFFFFFFFFFFFFFFE3
:103DF000FFFFFFFFFFFFFFFFFFFFFFFFFFFFFFFFD3
:103E0000FFFFFFFFFFFFFFFFFFFFFFFFFFFFFFFFC2
:103E1000FFFFFFFFFFFFFFFFFFFFFFFFFFFFFFFFB2
:103E2000FFFFFFFFFFFFFFFFFFFFFFFFFFFFFFFFA2
:103E3000FFFFFFFFFFFFFFFFFFFFFFFFFFFFFFFF92
:103E4000FFFFFFFFFFFFFFFFFFFFFFFFFFFFFFFF82
:103E5000FFFFFFFFFFFFFFFFFFFFFFFFFFFFFFFF72
:103E6000FFFFFFFFFFFFFFFFFFFFFFFFFFFFFFFF62
:103E7000FFFFFFFFFFFFFFFFFFFFFFFFFFFFFFFF52
:103E8000FFFFFFFFFFFFFFFFFFFFFFFFFFFFFFFF42
:103E9000FFFFFFFFFFFFFFFFFFFFFFFFFFFFFFFF32
:103EA000FFFFFFFFFFFFFFFFFFFFFFFFFFFFFFFF22
:103EB000FFFFFFFFFFFFFFFFFFFFFFFFFFFFFFFF12
:103EC000FFFFFFFFFFFFFFFFFFFFFFFFFFFFFFFF02
:103ED000FFFFFFFFFFFFFFFFFFFFFFFFFFFFFFFFF2
:103EE000FFFFFFFFFFFFFFFFFFFFFFFFFFFFFFFFE2
:103EF000FFFFFFFFFFFFFFFFFFFFFFFFFFFFFFFFD2
:103F0000FFFFFFFFFFFFFFFFFFFFFFFFFFFFFFFFC1
:103F1000FFFFFFFFFFFFFFFFFFFFFFFFFFFFFFFFB1
:103F2000FFFFFFFFFFFFFFFFFFFFFFFFFFFFFFFFA1
:103F3000FFFFFFFFFFFFFFFFFFFFFFFFFFFFFFFF91
:103F4000FFFFFFFFFFFFFFFFFFFFFFFFFFFFFFFF81
:103F5000FFFFFFFFFFFFFFFFFFFFFFFFFFFFFFFF71
:103F6000FFFFFFFFFFFFFFFFFFFFFFFFFFFFFFFF61
:103F7000FFFFFFFFFFFFFFFFFFFFFFFFFFFFFFFF51
:103F8000FFFFFFFFFFFFFFFFFFFFFFFFFFFFFFFF41
:103F9000FFFFFFFFFFFFFFFFFFFFFFFFFFFFFFFF31
:103FA000FFFFFFFFFFFFFFFFFFFFFFFFFFFFFFFF21
:103FB000FFFFFFFFFFFFFFFFFFFFFFFFFFFFFFFF11
:103FC000FFFFFFFFFFFFFFFFFFFFFFFFFFFFFFFF01
:103FD000FFFFFFFFFFFFFFFFFFFFFFFFFFFFFFFFF1
:103FE000FFFFFFFFFFFFFFFFFFFFFFFFFFFFFFFFE1
:103FF000FFFFFFFFFFFFFFFFFFFFFFFFFFFFFFFFD1
:10400000FFFFFFFFFFFFFFFFFFFFFFFFFFFFFFFFC0
:10401000FFFFFFFFFFFFFFFFFFFFFFFFFFFFFFFFB0
:10402000FFFFFFFFFFFFFFFFFFFFFFFFFFFFFFFFA0
:10403000FFFFFFFFFFFFFFFFFFFFFFFFFFFFFFFF90
:10404000FFFFFFFFFFFFFFFFFFFFFFFFFFFFFFFF80
:10405000FFFFFFFFFFFFFFFFFFFFFFFFFFFFFFFF70
:10406000FFFFFFFFFFFFFFFFFFFFFFFFFFFFFFFF60
:10407000FFFFFFFFFFFFFFFFFFFFFFFFFFFFFFFF50
:10408000FFFFFFFFFFFFFFFFFFFFFFFFFFFFFFFF40
:10409000FFFFFFFFFFFFFFFFFFFFFFFFFFFFFFFF30
:1040A000FFFFFFFFFFFFFFFFFFFFFFFFFFFFFFFF20
:1040B000FFFFFFFFFFFFFFFFFFFFFFFFFFFFFFFF10
:1040C000FFFFFFFFFFFFFFFFFFFFFFFFFFFFFFFF00
:1040D000FFFFFFFFFFFFFFFFFFFFFFFFFFFFFFFFF0
:1040E000FFFFFFFFFFFFFFFFFFFFFFFFFFFFFFFFE0
:1040F000FFFFFFFFFFFFFFFFFFFFFFFFFFFFFFFFD0
:10410000FFFFFFFFFFFFFFFFFFFFFFFFFFFFFFFFBF
:10411000FFFFFFFFFFFFFFFFFFFFFFFFFFFFFFFFAF
:10412000FFFFFFFFFFFFFFFFFFFFFFFFFFFFFFFF9F
:10413000FFFFFFFFFFFFFFFFFFFFFFFFFFFFFFFF8F
:10414000FFFFFFFFFFFFFFFFFFFFFFFFFFFFFFFF7F
:10415000FFFFFFFFFFFFFFFFFFFFFFFFFFFFFFFF6F
:10416000FFFFFFFFFFFFFFFFFFFFFFFFFFFFFFFF5F
:10417000FFFFFFFFFFFFFFFFFFFFFFFFFFFFFFFF4F
:10418000FFFFFFFFFFFFFFFFFFFFFFFFFFFFFFFF3F
:10419000FFFFFFFFFFFFFFFFFFFFFFFFFFFFFFFF2F
:1041A000FFFFFFFFFFFFFFFFFFFFFFFFFFFFFFFF1F
:1041B000FFFFFFFFFFFFFFFFFFFFFFFFFFFFFFFF0F
:1041C000FFFFFFFFFFFFFFFFFFFFFFFFFFFFFFFFFF
:1041D000FFFFFFFFFFFFFFFFFFFFFFFFFFFFFFFFEF
:1041E000FFFFFFFFFFFFFFFFFFFFFFFFFFFFFFFFDF
:1041F000FFFFFFFFFFFFFFFFFFFFFFFFFFFFFFFFCF
:10420000FFFFFFFFFFFFFFFFFFFFFFFFFFFFFFFFBE
:10421000FFFFFFFFFFFFFFFFFFFFFFFFFFFFFFFFAE
:10422000FFFFFFFFFFFFFFFFFFFFFFFFFFFFFFFF9E
:10423000FFFFFFFFFFFFFFFFFFFFFFFFFFFFFFFF8E
:10424000FFFFFFFFFFFFFFFFFFFFFFFFFFFFFFFF7E
:10425000FFFFFFFFFFFFFFFFFFFFFFFFFFFFFFFF6E
:10426000FFFFFFFFFFFFFFFFFFFFFFFFFFFFFFFF5E
:10427000FFFFFFFFFFFFFFFFFFFFFFFFFFFFFFFF4E
:10428000FFFFFFFFFFFFFFFFFFFFFFFFFFFFFFFF3E
:10429000FFFFFFFFFFFFFFFFFFFFFFFFFFFFFFFF2E
:1042A000FFFFFFFFFFFFFFFFFFFFFFFFFFFFFFFF1E
:1042B000FFFFFFFFFFFFFFFFFFFFFFFFFFFFFFFF0E
:1042C000FFFFFFFFFFFFFFFFFFFFFFFFFFFFFFFFFE
:1042D000FFFFFFFFFFFFFFFFFFFFFFFFFFFFFFFFEE
:1042E000FFFFFFFFFFFFFFFFFFFFFFFFFFFFFFFFDE
:1042F000FFFFFFFFFFFFFFFFFFFFFFFFFFFFFFFFCE
:10430000FFFFFFFFFFFFFFFFFFFFFFFFFFFFFFFFBD
:10431000FFFFFFFFFFFFFFFFFFFFFFFFFFFFFFFFAD
:10432000FFFFFFFFFFFFFFFFFFFFFFFFFFFFFFFF9D
:10433000FFFFFFFFFFFFFFFFFFFFFFFFFFFFFFFF8D
:10434000FFFFFFFFFFFFFFFFFFFFFFFFFFFFFFFF7D
:10435000FFFFFFFFFFFFFFFFFFFFFFFFFFFFFFFF6D
:10436000FFFFFFFFFFFFFFFFFFFFFFFFFFFFFFFF5D
:10437000FFFFFFFFFFFFFFFFFFFFFFFFFFFFFFFF4D
:10438000FFFFFFFFFFFFFFFFFFFFFFFFFFFFFFFF3D
:10439000FFFFFFFFFFFFFFFFFFFFFFFFFFFFFFFF2D
:1043A000FFFFFFFFFFFFFFFFFFFFFFFFFFFFFFFF1D
:1043B000FFFFFFFFFFFFFFFFFFFFFFFFFFFFFFFF0D
:1043C000FFFFFFFFFFFFFFFFFFFFFFFFFFFFFFFFFD
:1043D000FFFFFFFFFFFFFFFFFFFFFFFFFFFFFFFFED
:1043E000FFFFFFFFFFFFFFFFFFFFFFFFFFFFFFFFDD
:1043F000FFFFFFFFFFFFFFFFFFFFFFFFFFFFFFFFCD
:10440000FFFFFFFFFFFFFFFFFFFFFFFFFFFFFFFFBC
:10441000FFFFFFFFFFFFFFFFFFFFFFFFFFFFFFFFAC
:10442000FFFFFFFFFFFFFFFFFFFFFFFFFFFFFFFF9C
:10443000FFFFFFFFFFFFFFFFFFFFFFFFFFFFFFFF8C
:10444000FFFFFFFFFFFFFFFFFFFFFFFFFFFFFFFF7C
:10445000FFFFFFFFFFFFFFFFFFFFFFFFFFFFFFFF6C
:10446000FFFFFFFFFFFFFFFFFFFFFFFFFFFFFFFF5C
:10447000FFFFFFFFFFFFFFFFFFFFFFFFFFFFFFFF4C
:10448000FFFFFFFFFFFFFFFFFFFFFFFFFFFFFFFF3C
:10449000FFFFFFFFFFFFFFFFFFFFFFFFFFFFFFFF2C
:1044A000FFFFFFFFFFFFFFFFFFFFFFFFFFFFFFFF1C
:1044B000FFFFFFFFFFFFFFFFFFFFFFFFFFFFFFFF0C
:1044C000FFFFFFFFFFFFFFFFFFFFFFFFFFFFFFFFFC
:1044D000FFFFFFFFFFFFFFFFFFFFFFFFFFFFFFFFEC
:1044E000FFFFFFFFFFFFFFFFFFFFFFFFFFFFFFFFDC
:1044F000FFFFFFFFFFFFFFFFFFFFFFFFFFFFFFFFCC
:10450000FFFFFFFFFFFFFFFFFFFFFFFFFFFFFFFFBB
:10451000FFFFFFFFFFFFFFFFFFFFFFFFFFFFFFFFAB
:10452000FFFFFFFFFFFFFFFFFFFFFFFFFFFFFFFF9B
:10453000FFFFFFFFFFFFFFFFFFFFFFFFFFFFFFFF8B
:10454000FFFFFFFFFFFFFFFFFFFFFFFFFFFFFFFF7B
:10455000FFFFFFFFFFFFFFFFFFFFFFFFFFFFFFFF6B
:10456000FFFFFFFFFFFFFFFFFFFFFFFFFFFFFFFF5B
:10457000FFFFFFFFFFFFFFFFFFFFFFFFFFFFFFFF4B
:10458000FFFFFFFFFFFFFFFFFFFFFFFFFFFFFFFF3B
:10459000FFFFFFFFFFFFFFFFFFFFFFFFFFFFFFFF2B
:1045A000FFFFFFFFFFFFFFFFFFFFFFFFFFFFFFFF1B
:1045B000FFFFFFFFFFFFFFFFFFFFFFFFFFFFFFFF0B
:1045C000FFFFFFFFFFFFFFFFFFFFFFFFFFFFFFFFFB
:1045D000FFFFFFFFFFFFFFFFFFFFFFFFFFFFFFFFEB
:1045E000FFFFFFFFFFFFFFFFFFFFFFFFFFFFFFFFDB
:1045F000FFFFFFFFFFFFFFFFFFFFFFFFFFFFFFFFCB
:10460000FFFFFFFFFFFFFFFFFFFFFFFFFFFFFFFFBA
:10461000FFFFFFFFFFFFFFFFFFFFFFFFFFFFFFFFAA
:10462000FFFFFFFFFFFFFFFFFFFFFFFFFFFFFFFF9A
:10463000FFFFFFFFFFFFFFFFFFFFFFFFFFFFFFFF8A
:10464000FFFFFFFFFFFFFFFFFFFFFFFFFFFFFFFF7A
:10465000FFFFFFFFFFFFFFFFFFFFFFFFFFFFFFFF6A
:10466000FFFFFFFFFFFFFFFFFFFFFFFFFFFFFFFF5A
:10467000FFFFFFFFFFFFFFFFFFFFFFFFFFFFFFFF4A
:10468000FFFFFFFFFFFFFFFFFFFFFFFFFFFFFFFF3A
:10469000FFFFFFFFFFFFFFFFFFFFFFFFFFFFFFFF2A
:1046A000FFFFFFFFFFFFFFFFFFFFFFFFFFFFFFFF1A
:1046B000FFFFFFFFFFFFFFFFFFFFFFFFFFFFFFFF0A
:1046C000FFFFFFFFFFFFFFFFFFFFFFFFFFFFFFFFFA
:1046D000FFFFFFFFFFFFFFFFFFFFFFFFFFFFFFFFEA
:1046E000FFFFFFFFFFFFFFFFFFFFFFFFFFFFFFFFDA
:1046F000FFFFFFFFFFFFFFFFFFFFFFFFFFFFFFFFCA
:10470000FFFFFFFFFFFFFFFFFFFFFFFFFFFFFFFFB9
:10471000FFFFFFFFFFFFFFFFFFFFFFFFFFFFFFFFA9
:10472000FFFFFFFFFFFFFFFFFFFFFFFFFFFFFFFF99
:10473000FFFFFFFFFFFFFFFFFFFFFFFFFFFFFFFF89
:10474000FFFFFFFFFFFFFFFFFFFFFFFFFFFFFFFF79
:10475000FFFFFFFFFFFFFFFFFFFFFFFFFFFFFFFF69
:10476000FFFFFFFFFFFFFFFFFFFFFFFFFFFFFFFF59
:10477000FFFFFFFFFFFFFFFFFFFFFFFFFFFFFFFF49
:10478000FFFFFFFFFFFFFFFFFFFFFFFFFFFFFFFF39
:10479000FFFFFFFFFFFFFFFFFFFFFFFFFFFFFFFF29
:1047A000FFFFFFFFFFFFFFFFFFFFFFFFFFFFFFFF19
:1047B000FFFFFFFFFFFFFFFFFFFFFFFFFFFFFFFF09
:1047C000FFFFFFFFFFFFFFFFFFFFFFFFFFFFFFFFF9
:1047D000FFFFFFFFFFFFFFFFFFFFFFFFFFFFFFFFE9
:1047E000FFFFFFFFFFFFFFFFFFFFFFFFFFFFFFFFD9
:1047F000FFFFFFFFFFFFFFFFFFFFFFFFFFFFFFFFC9
:10480000FFFFFFFFFFFFFFFFFFFFFFFFFFFFFFFFB8
:10481000FFFFFFFFFFFFFFFFFFFFFFFFFFFFFFFFA8
:10482000FFFFFFFFFFFFFFFFFFFFFFFFFFFFFFFF98
:10483000FFFFFFFFFFFFFFFFFFFFFFFFFFFFFFFF88
:10484000FFFFFFFFFFFFFFFFFFFFFFFFFFFFFFFF78
:10485000FFFFFFFFFFFFFFFFFFFFFFFFFFFFFFFF68
:10486000FFFFFFFFFFFFFFFFFFFFFFFFFFFFFFFF58
:10487000FFFFFFFFFFFFFFFFFFFFFFFFFFFFFFFF48
:10488000FFFFFFFFFFFFFFFFFFFFFFFFFFFFFFFF38
:10489000FFFFFFFFFFFFFFFFFFFFFFFFFFFFFFFF28
:1048A000FFFFFFFFFFFFFFFFFFFFFFFFFFFFFFFF18
:1048B000FFFFFFFFFFFFFFFFFFFFFFFFFFFFFFFF08
:1048C000FFFFFFFFFFFFFFFFFFFFFFFFFFFFFFFFF8
:1048D000FFFFFFFFFFFFFFFFFFFFFFFFFFFFFFFFE8
:1048E000FFFFFFFFFFFFFFFFFFFFFFFFFFFFFFFFD8
:1048F000FFFFFFFFFFFFFFFFFFFFFFFFFFFFFFFFC8
:10490000FFFFFFFFFFFFFFFFFFFFFFFFFFFFFFFFB7
:10491000FFFFFFFFFFFFFFFFFFFFFFFFFFFFFFFFA7
:10492000FFFFFFFFFFFFFFFFFFFFFFFFFFFFFFFF97
:10493000FFFFFFFFFFFFFFFFFFFFFFFFFFFFFFFF87
:10494000FFFFFFFFFFFFFFFFFFFFFFFFFFFFFFFF77
:10495000FFFFFFFFFFFFFFFFFFFFFFFFFFFFFFFF67
:10496000FFFFFFFFFFFFFFFFFFFFFFFFFFFFFFFF57
:10497000FFFFFFFFFFFFFFFFFFFFFFFFFFFFFFFF47
:10498000FFFFFFFFFFFFFFFFFFFFFFFFFFFFFFFF37
:10499000FFFFFFFFFFFFFFFFFFFFFFFFFFFFFFFF27
:1049A000FFFFFFFFFFFFFFFFFFFFFFFFFFFFFFFF17
:1049B000FFFFFFFFFFFFFFFFFFFFFFFFFFFFFFFF07
:1049C000FFFFFFFFFFFFFFFFFFFFFFFFFFFFFFFFF7
:1049D000FFFFFFFFFFFFFFFFFFFFFFFFFFFFFFFFE7
:1049E000FFFFFFFFFFFFFFFFFFFFFFFFFFFFFFFFD7
:1049F000FFFFFFFFFFFFFFFFFFFFFFFFFFFFFFFFC7
:104A0000FFFFFFFFFFFFFFFFFFFFFFFFFFFFFFFFB6
:104A1000FFFFFFFFFFFFFFFFFFFFFFFFFFFFFFFFA6
:104A2000FFFFFFFFFFFFFFFFFFFFFFFFFFFFFFFF96
:104A3000FFFFFFFFFFFFFFFFFFFFFFFFFFFFFFFF86
:104A4000FFFFFFFFFFFFFFFFFFFFFFFFFFFFFFFF76
:104A5000FFFFFFFFFFFFFFFFFFFFFFFFFFFFFFFF66
:104A6000FFFFFFFFFFFFFFFFFFFFFFFFFFFFFFFF56
:104A7000FFFFFFFFFFFFFFFFFFFFFFFFFFFFFFFF46
:104A8000FFFFFFFFFFFFFFFFFFFFFFFFFFFFFFFF36
:104A9000FFFFFFFFFFFFFFFFFFFFFFFFFFFFFFFF26
:104AA000FFFFFFFFFFFFFFFFFFFFFFFFFFFFFFFF16
:104AB000FFFFFFFFFFFFFFFFFFFFFFFFFFFFFFFF06
:104AC000FFFFFFFFFFFFFFFFFFFFFFFFFFFFFFFFF6
:104AD000FFFFFFFFFFFFFFFFFFFFFFFFFFFFFFFFE6
:104AE000FFFFFFFFFFFFFFFFFFFFFFFFFFFFFFFFD6
:104AF000FFFFFFFFFFFFFFFFFFFFFFFFFFFFFFFFC6
:104B0000FFFFFFFFFFFFFFFFFFFFFFFFFFFFFFFFB5
:104B1000FFFFFFFFFFFFFFFFFFFFFFFFFFFFFFFFA5
:104B2000FFFFFFFFFFFFFFFFFFFFFFFFFFFFFFFF95
:104B3000FFFFFFFFFFFFFFFFFFFFFFFFFFFFFFFF85
:104B4000FFFFFFFFFFFFFFFFFFFFFFFFFFFFFFFF75
:104B5000FFFFFFFFFFFFFFFFFFFFFFFFFFFFFFFF65
:104B6000FFFFFFFFFFFFFFFFFFFFFFFFFFFFFFFF55
:104B7000FFFFFFFFFFFFFFFFFFFFFFFFFFFFFFFF45
:104B8000FFFFFFFFFFFFFFFFFFFFFFFFFFFFFFFF35
:104B9000FFFFFFFFFFFFFFFFFFFFFFFFFFFFFFFF25
:104BA000FFFFFFFFFFFFFFFFFFFFFFFFFFFFFFFF15
:104BB000FFFFFFFFFFFFFFFFFFFFFFFFFFFFFFFF05
:104BC000FFFFFFFFFFFFFFFFFFFFFFFFFFFFFFFFF5
:104BD000FFFFFFFFFFFFFFFFFFFFFFFFFFFFFFFFE5
:104BE000FFFFFFFFFFFFFFFFFFFFFFFFFFFFFFFFD5
:104BF000FFFFFFFFFFFFFFFFFFFFFFFFFFFFFFFFC5
:104C0000FFFFFFFFFFFFFFFFFFFFFFFFFFFFFFFFB4
:104C1000FFFFFFFFFFFFFFFFFFFFFFFFFFFFFFFFA4
:104C2000FFFFFFFFFFFFFFFFFFFFFFFFFFFFFFFF94
:104C3000FFFFFFFFFFFFFFFFFFFFFFFFFFFFFFFF84
:104C4000FFFFFFFFFFFFFFFFFFFFFFFFFFFFFFFF74
:104C5000FFFFFFFFFFFFFFFFFFFFFFFFFFFFFFFF64
:104C6000FFFFFFFFFFFFFFFFFFFFFFFFFFFFFFFF54
:104C7000FFFFFFFFFFFFFFFFFFFFFFFFFFFFFFFF44
:104C8000FFFFFFFFFFFFFFFFFFFFFFFFFFFFFFFF34
:104C9000FFFFFFFFFFFFFFFFFFFFFFFFFFFFFFFF24
:104CA000FFFFFFFFFFFFFFFFFFFFFFFFFFFFFFFF14
:104CB000FFFFFFFFFFFFFFFFFFFFFFFFFFFFFFFF04
:104CC000FFFFFFFFFFFFFFFFFFFFFFFFFFFFFFFFF4
:104CD000FFFFFFFFFFFFFFFFFFFFFFFFFFFFFFFFE4
:104CE000FFFFFFFFFFFFFFFFFFFFFFFFFFFFFFFFD4
:104CF000FFFFFFFFFFFFFFFFFFFFFFFFFFFFFFFFC4
:104D0000FFFFFFFFFFFFFFFFFFFFFFFFFFFFFFFFB3
:104D1000FFFFFFFFFFFFFFFFFFFFFFFFFFFFFFFFA3
:104D2000FFFFFFFFFFFFFFFFFFFFFFFFFFFFFFFF93
:104D3000FFFFFFFFFFFFFFFFFFFFFFFFFFFFFFFF83
:104D4000FFFFFFFFFFFFFFFFFFFFFFFFFFFFFFFF73
:104D5000FFFFFFFFFFFFFFFFFFFFFFFFFFFFFFFF63
:104D6000FFFFFFFFFFFFFFFFFFFFFFFFFFFFFFFF53
:104D7000FFFFFFFFFFFFFFFFFFFFFFFFFFFFFFFF43
:104D8000FFFFFFFFFFFFFFFFFFFFFFFFFFFFFFFF33
:104D9000FFFFFFFFFFFFFFFFFFFFFFFFFFFFFFFF23
:104DA000FFFFFFFFFFFFFFFFFFFFFFFFFFFFFFFF13
:104DB000FFFFFFFFFFFFFFFFFFFFFFFFFFFFFFFF03
:104DC000FFFFFFFFFFFFFFFFFFFFFFFFFFFFFFFFF3
:104DD000FFFFFFFFFFFFFFFFFFFFFFFFFFFFFFFFE3
:104DE000FFFFFFFFFFFFFFFFFFFFFFFFFFFFFFFFD3
:104DF000FFFFFFFFFFFFFFFFFFFFFFFFFFFFFFFFC3
:104E0000FFFFFFFFFFFFFFFFFFFFFFFFFFFFFFFFB2
:104E1000FFFFFFFFFFFFFFFFFFFFFFFFFFFFFFFFA2
:104E2000FFFFFFFFFFFFFFFFFFFFFFFFFFFFFFFF92
:104E3000FFFFFFFFFFFFFFFFFFFFFFFFFFFFFFFF82
:104E4000FFFFFFFFFFFFFFFFFFFFFFFFFFFFFFFF72
:104E5000FFFFFFFFFFFFFFFFFFFFFFFFFFFFFFFF62
:104E6000FFFFFFFFFFFFFFFFFFFFFFFFFFFFFFFF52
:104E7000FFFFFFFFFFFFFFFFFFFFFFFFFFFFFFFF42
:104E8000FFFFFFFFFFFFFFFFFFFFFFFFFFFFFFFF32
:104E9000FFFFFFFFFFFFFFFFFFFFFFFFFFFFFFFF22
:104EA000FFFFFFFFFFFFFFFFFFFFFFFFFFFFFFFF12
:104EB000FFFFFFFFFFFFFFFFFFFFFFFFFFFFFFFF02
:104EC000FFFFFFFFFFFFFFFFFFFFFFFFFFFFFFFFF2
:104ED000FFFFFFFFFFFFFFFFFFFFFFFFFFFFFFFFE2
:104EE000FFFFFFFFFFFFFFFFFFFFFFFFFFFFFFFFD2
:104EF000FFFFFFFFFFFFFFFFFFFFFFFFFFFFFFFFC2
:104F0000FFFFFFFFFFFFFFFFFFFFFFFFFFFFFFFFB1
:104F1000FFFFFFFFFFFFFFFFFFFFFFFFFFFFFFFFA1
:104F2000FFFFFFFFFFFFFFFFFFFFFFFFFFFFFFFF91
:104F3000FFFFFFFFFFFFFFFFFFFFFFFFFFFFFFFF81
:104F4000FFFFFFFFFFFFFFFFFFFFFFFFFFFFFFFF71
:104F5000FFFFFFFFFFFFFFFFFFFFFFFFFFFFFFFF61
:104F6000FFFFFFFFFFFFFFFFFFFFFFFFFFFFFFFF51
:104F7000FFFFFFFFFFFFFFFFFFFFFFFFFFFFFFFF41
:104F8000FFFFFFFFFFFFFFFFFFFFFFFFFFFFFFFF31
:104F9000FFFFFFFFFFFFFFFFFFFFFFFFFFFFFFFF21
:104FA000FFFFFFFFFFFFFFFFFFFFFFFFFFFFFFFF11
:104FB000FFFFFFFFFFFFFFFFFFFFFFFFFFFFFFFF01
:104FC000FFFFFFFFFFFFFFFFFFFFFFFFFFFFFFFFF1
:104FD000FFFFFFFFFFFFFFFFFFFFFFFFFFFFFFFFE1
:104FE000FFFFFFFFFFFFFFFFFFFFFFFFFFFFFFFFD1
:104FF000FFFFFFFFFFFFFFFFFFFFFFFFFFFFFFFFC1
:10500000FFFFFFFFFFFFFFFFFFFFFFFFFFFFFFFFB0
:10501000FFFFFFFFFFFFFFFFFFFFFFFFFFFFFFFFA0
:10502000FFFFFFFFFFFFFFFFFFFFFFFFFFFFFFFF90
:10503000FFFFFFFFFFFFFFFFFFFFFFFFFFFFFFFF80
:10504000FFFFFFFFFFFFFFFFFFFFFFFFFFFFFFFF70
:10505000FFFFFFFFFFFFFFFFFFFFFFFFFFFFFFFF60
:10506000FFFFFFFFFFFFFFFFFFFFFFFFFFFFFFFF50
:10507000FFFFFFFFFFFFFFFFFFFFFFFFFFFFFFFF40
:10508000FFFFFFFFFFFFFFFFFFFFFFFFFFFFFFFF30
:10509000FFFFFFFFFFFFFFFFFFFFFFFFFFFFFFFF20
:1050A000FFFFFFFFFFFFFFFFFFFFFFFFFFFFFFFF10
:1050B000FFFFFFFFFFFFFFFFFFFFFFFFFFFFFFFF00
:1050C000FFFFFFFFFFFFFFFFFFFFFFFFFFFFFFFFF0
:1050D000FFFFFFFFFFFFFFFFFFFFFFFFFFFFFFFFE0
:1050E000FFFFFFFFFFFFFFFFFFFFFFFFFFFFFFFFD0
:1050F000FFFFFFFFFFFFFFFFFFFFFFFFFFFFFFFFC0
:10510000FFFFFFFFFFFFFFFFFFFFFFFFFFFFFFFFAF
:10511000FFFFFFFFFFFFFFFFFFFFFFFFFFFFFFFF9F
:10512000FFFFFFFFFFFFFFFFFFFFFFFFFFFFFFFF8F
:10513000FFFFFFFFFFFFFFFFFFFFFFFFFFFFFFFF7F
:10514000FFFFFFFFFFFFFFFFFFFFFFFFFFFFFFFF6F
:10515000FFFFFFFFFFFFFFFFFFFFFFFFFFFFFFFF5F
:10516000FFFFFFFFFFFFFFFFFFFFFFFFFFFFFFFF4F
:10517000FFFFFFFFFFFFFFFFFFFFFFFFFFFFFFFF3F
:10518000FFFFFFFFFFFFFFFFFFFFFFFFFFFFFFFF2F
:10519000FFFFFFFFFFFFFFFFFFFFFFFFFFFFFFFF1F
:1051A000FFFFFFFFFFFFFFFFFFFFFFFFFFFFFFFF0F
:1051B000FFFFFFFFFFFFFFFFFFFFFFFFFFFFFFFFFF
:1051C000FFFFFFFFFFFFFFFFFFFFFFFFFFFFFFFFEF
:1051D000FFFFFFFFFFFFFFFFFFFFFFFFFFFFFFFFDF
:1051E000FFFFFFFFFFFFFFFFFFFFFFFFFFFFFFFFCF
:1051F000FFFFFFFFFFFFFFFFFFFFFFFFFFFFFFFFBF
:10520000FFFFFFFFFFFFFFFFFFFFFFFFFFFFFFFFAE
:10521000FFFFFFFFFFFFFFFFFFFFFFFFFFFFFFFF9E
:10522000FFFFFFFFFFFFFFFFFFFFFFFFFFFFFFFF8E
:10523000FFFFFFFFFFFFFFFFFFFFFFFFFFFFFFFF7E
:10524000FFFFFFFFFFFFFFFFFFFFFFFFFFFFFFFF6E
:10525000FFFFFFFFFFFFFFFFFFFFFFFFFFFFFFFF5E
:10526000FFFFFFFFFFFFFFFFFFFFFFFFFFFFFFFF4E
:10527000FFFFFFFFFFFFFFFFFFFFFFFFFFFFFFFF3E
:10528000FFFFFFFFFFFFFFFFFFFFFFFFFFFFFFFF2E
:10529000FFFFFFFFFFFFFFFFFFFFFFFFFFFFFFFF1E
:1052A000FFFFFFFFFFFFFFFFFFFFFFFFFFFFFFFF0E
:1052B000FFFFFFFFFFFFFFFFFFFFFFFFFFFFFFFFFE
:1052C000FFFFFFFFFFFFFFFFFFFFFFFFFFFFFFFFEE
:1052D000FFFFFFFFFFFFFFFFFFFFFFFFFFFFFFFFDE
:1052E000FFFFFFFFFFFFFFFFFFFFFFFFFFFFFFFFCE
:1052F000FFFFFFFFFFFFFFFFFFFFFFFFFFFFFFFFBE
:10530000FFFFFFFFFFFFFFFFFFFFFFFFFFFFFFFFAD
:10531000FFFFFFFFFFFFFFFFFFFFFFFFFFFFFFFF9D
:10532000FFFFFFFFFFFFFFFFFFFFFFFFFFFFFFFF8D
:10533000FFFFFFFFFFFFFFFFFFFFFFFFFFFFFFFF7D
:10534000FFFFFFFFFFFFFFFFFFFFFFFFFFFFFFFF6D
:10535000FFFFFFFFFFFFFFFFFFFFFFFFFFFFFFFF5D
:10536000FFFFFFFFFFFFFFFFFFFFFFFFFFFFFFFF4D
:10537000FFFFFFFFFFFFFFFFFFFFFFFFFFFFFFFF3D
:10538000FFFFFFFFFFFFFFFFFFFFFFFFFFFFFFFF2D
:10539000FFFFFFFFFFFFFFFFFFFFFFFFFFFFFFFF1D
:1053A000FFFFFFFFFFFFFFFFFFFFFFFFFFFFFFFF0D
:1053B000FFFFFFFFFFFFFFFFFFFFFFFFFFFFFFFFFD
:1053C000FFFFFFFFFFFFFFFFFFFFFFFFFFFFFFFFED
:1053D000FFFFFFFFFFFFFFFFFFFFFFFFFFFFFFFFDD
:1053E000FFFFFFFFFFFFFFFFFFFFFFFFFFFFFFFFCD
:1053F000FFFFFFFFFFFFFFFFFFFFFFFFFFFFFFFFBD
:10540000FFFFFFFFFFFFFFFFFFFFFFFFFFFFFFFFAC
:10541000FFFFFFFFFFFFFFFFFFFFFFFFFFFFFFFF9C
:10542000FFFFFFFFFFFFFFFFFFFFFFFFFFFFFFFF8C
:10543000FFFFFFFFFFFFFFFFFFFFFFFFFFFFFFFF7C
:10544000FFFFFFFFFFFFFFFFFFFFFFFFFFFFFFFF6C
:10545000FFFFFFFFFFFFFFFFFFFFFFFFFFFFFFFF5C
:10546000FFFFFFFFFFFFFFFFFFFFFFFFFFFFFFFF4C
:10547000FFFFFFFFFFFFFFFFFFFFFFFFFFFFFFFF3C
:10548000FFFFFFFFFFFFFFFFFFFFFFFFFFFFFFFF2C
:10549000FFFFFFFFFFFFFFFFFFFFFFFFFFFFFFFF1C
:1054A000FFFFFFFFFFFFFFFFFFFFFFFFFFFFFFFF0C
:1054B000FFFFFFFFFFFFFFFFFFFFFFFFFFFFFFFFFC
:1054C000FFFFFFFFFFFFFFFFFFFFFFFFFFFFFFFFEC
:1054D000FFFFFFFFFFFFFFFFFFFFFFFFFFFFFFFFDC
:1054E000FFFFFFFFFFFFFFFFFFFFFFFFFFFFFFFFCC
:1054F000FFFFFFFFFFFFFFFFFFFFFFFFFFFFFFFFBC
:10550000FFFFFFFFFFFFFFFFFFFFFFFFFFFFFFFFAB
:10551000FFFFFFFFFFFFFFFFFFFFFFFFFFFFFFFF9B
:10552000FFFFFFFFFFFFFFFFFFFFFFFFFFFFFFFF8B
:10553000FFFFFFFFFFFFFFFFFFFFFFFFFFFFFFFF7B
:10554000FFFFFFFFFFFFFFFFFFFFFFFFFFFFFFFF6B
:10555000FFFFFFFFFFFFFFFFFFFFFFFFFFFFFFFF5B
:10556000FFFFFFFFFFFFFFFFFFFFFFFFFFFFFFFF4B
:10557000FFFFFFFFFFFFFFFFFFFFFFFFFFFFFFFF3B
:10558000FFFFFFFFFFFFFFFFFFFFFFFFFFFFFFFF2B
:10559000FFFFFFFFFFFFFFFFFFFFFFFFFFFFFFFF1B
:1055A000FFFFFFFFFFFFFFFFFFFFFFFFFFFFFFFF0B
:1055B000FFFFFFFFFFFFFFFFFFFFFFFFFFFFFFFFFB
:1055C000FFFFFFFFFFFFFFFFFFFFFFFFFFFFFFFFEB
:1055D000FFFFFFFFFFFFFFFFFFFFFFFFFFFFFFFFDB
:1055E000FFFFFFFFFFFFFFFFFFFFFFFFFFFFFFFFCB
:1055F000FFFFFFFFFFFFFFFFFFFFFFFFFFFFFFFFBB
:10560000FFFFFFFFFFFFFFFFFFFFFFFFFFFFFFFFAA
:10561000FFFFFFFFFFFFFFFFFFFFFFFFFFFFFFFF9A
:10562000FFFFFFFFFFFFFFFFFFFFFFFFFFFFFFFF8A
:10563000FFFFFFFFFFFFFFFFFFFFFFFFFFFFFFFF7A
:10564000FFFFFFFFFFFFFFFFFFFFFFFFFFFFFFFF6A
:10565000FFFFFFFFFFFFFFFFFFFFFFFFFFFFFFFF5A
:10566000FFFFFFFFFFFFFFFFFFFFFFFFFFFFFFFF4A
:10567000FFFFFFFFFFFFFFFFFFFFFFFFFFFFFFFF3A
:10568000FFFFFFFFFFFFFFFFFFFFFFFFFFFFFFFF2A
:10569000FFFFFFFFFFFFFFFFFFFFFFFFFFFFFFFF1A
:1056A000FFFFFFFFFFFFFFFFFFFFFFFFFFFFFFFF0A
:1056B000FFFFFFFFFFFFFFFFFFFFFFFFFFFFFFFFFA
:1056C000FFFFFFFFFFFFFFFFFFFFFFFFFFFFFFFFEA
:1056D000FFFFFFFFFFFFFFFFFFFFFFFFFFFFFFFFDA
:1056E000FFFFFFFFFFFFFFFFFFFFFFFFFFFFFFFFCA
:1056F000FFFFFFFFFFFFFFFFFFFFFFFFFFFFFFFFBA
:10570000FFFFFFFFFFFFFFFFFFFFFFFFFFFFFFFFA9
:10571000FFFFFFFFFFFFFFFFFFFFFFFFFFFFFFFF99
:10572000FFFFFFFFFFFFFFFFFFFFFFFFFFFFFFFF89
:10573000FFFFFFFFFFFFFFFFFFFFFFFFFFFFFFFF79
:10574000FFFFFFFFFFFFFFFFFFFFFFFFFFFFFFFF69
:10575000FFFFFFFFFFFFFFFFFFFFFFFFFFFFFFFF59
:10576000FFFFFFFFFFFFFFFFFFFFFFFFFFFFFFFF49
:10577000FFFFFFFFFFFFFFFFFFFFFFFFFFFFFFFF39
:10578000FFFFFFFFFFFFFFFFFFFFFFFFFFFFFFFF29
:10579000FFFFFFFFFFFFFFFFFFFFFFFFFFFFFFFF19
:1057A000FFFFFFFFFFFFFFFFFFFFFFFFFFFFFFFF09
:1057B000FFFFFFFFFFFFFFFFFFFFFFFFFFFFFFFFF9
:1057C000FFFFFFFFFFFFFFFFFFFFFFFFFFFFFFFFE9
:1057D000FFFFFFFFFFFFFFFFFFFFFFFFFFFFFFFFD9
:1057E000FFFFFFFFFFFFFFFFFFFFFFFFFFFFFFFFC9
:1057F000FFFFFFFFFFFFFFFFFFFFFFFFFFFFFFFFB9
:10580000FFFFFFFFFFFFFFFFFFFFFFFFFFFFFFFFA8
:10581000FFFFFFFFFFFFFFFFFFFFFFFFFFFFFFFF98
:10582000FFFFFFFFFFFFFFFFFFFFFFFFFFFFFFFF88
:10583000FFFFFFFFFFFFFFFFFFFFFFFFFFFFFFFF78
:10584000FFFFFFFFFFFFFFFFFFFFFFFFFFFFFFFF68
:10585000FFFFFFFFFFFFFFFFFFFFFFFFFFFFFFFF58
:10586000FFFFFFFFFFFFFFFFFFFFFFFFFFFFFFFF48
:10587000FFFFFFFFFFFFFFFFFFFFFFFFFFFFFFFF38
:10588000FFFFFFFFFFFFFFFFFFFFFFFFFFFFFFFF28
:10589000FFFFFFFFFFFFFFFFFFFFFFFFFFFFFFFF18
:1058A000FFFFFFFFFFFFFFFFFFFFFFFFFFFFFFFF08
:1058B000FFFFFFFFFFFFFFFFFFFFFFFFFFFFFFFFF8
:1058C000FFFFFFFFFFFFFFFFFFFFFFFFFFFFFFFFE8
:1058D000FFFFFFFFFFFFFFFFFFFFFFFFFFFFFFFFD8
:1058E000FFFFFFFFFFFFFFFFFFFFFFFFFFFFFFFFC8
:1058F000FFFFFFFFFFFFFFFFFFFFFFFFFFFFFFFFB8
:10590000FFFFFFFFFFFFFFFFFFFFFFFFFFFFFFFFA7
:10591000FFFFFFFFFFFFFFFFFFFFFFFFFFFFFFFF97
:10592000FFFFFFFFFFFFFFFFFFFFFFFFFFFFFFFF87
:10593000FFFFFFFFFFFFFFFFFFFFFFFFFFFFFFFF77
:10594000FFFFFFFFFFFFFFFFFFFFFFFFFFFFFFFF67
:10595000FFFFFFFFFFFFFFFFFFFFFFFFFFFFFFFF57
:10596000FFFFFFFFFFFFFFFFFFFFFFFFFFFFFFFF47
:10597000FFFFFFFFFFFFFFFFFFFFFFFFFFFFFFFF37
:10598000FFFFFFFFFFFFFFFFFFFFFFFFFFFFFFFF27
:10599000FFFFFFFFFFFFFFFFFFFFFFFFFFFFFFFF17
:1059A000FFFFFFFFFFFFFFFFFFFFFFFFFFFFFFFF07
:1059B000FFFFFFFFFFFFFFFFFFFFFFFFFFFFFFFFF7
:1059C000FFFFFFFFFFFFFFFFFFFFFFFFFFFFFFFFE7
:1059D000FFFFFFFFFFFFFFFFFFFFFFFFFFFFFFFFD7
:1059E000FFFFFFFFFFFFFFFFFFFFFFFFFFFFFFFFC7
:1059F000FFFFFFFFFFFFFFFFFFFFFFFFFFFFFFFFB7
:105A0000FFFFFFFFFFFFFFFFFFFFFFFFFFFFFFFFA6
:105A1000FFFFFFFFFFFFFFFFFFFFFFFFFFFFFFFF96
:105A2000FFFFFFFFFFFFFFFFFFFFFFFFFFFFFFFF86
:105A3000FFFFFFFFFFFFFFFFFFFFFFFFFFFFFFFF76
:105A4000FFFFFFFFFFFFFFFFFFFFFFFFFFFFFFFF66
:105A5000FFFFFFFFFFFFFFFFFFFFFFFFFFFFFFFF56
:105A6000FFFFFFFFFFFFFFFFFFFFFFFFFFFFFFFF46
:105A7000FFFFFFFFFFFFFFFFFFFFFFFFFFFFFFFF36
:105A8000FFFFFFFFFFFFFFFFFFFFFFFFFFFFFFFF26
:105A9000FFFFFFFFFFFFFFFFFFFFFFFFFFFFFFFF16
:105AA000FFFFFFFFFFFFFFFFFFFFFFFFFFFFFFFF06
:105AB000FFFFFFFFFFFFFFFFFFFFFFFFFFFFFFFFF6
:105AC000FFFFFFFFFFFFFFFFFFFFFFFFFFFFFFFFE6
:105AD000FFFFFFFFFFFFFFFFFFFFFFFFFFFFFFFFD6
:105AE000FFFFFFFFFFFFFFFFFFFFFFFFFFFFFFFFC6
:105AF000FFFFFFFFFFFFFFFFFFFFFFFFFFFFFFFFB6
:105B0000FFFFFFFFFFFFFFFFFFFFFFFFFFFFFFFFA5
:105B1000FFFFFFFFFFFFFFFFFFFFFFFFFFFFFFFF95
:105B2000FFFFFFFFFFFFFFFFFFFFFFFFFFFFFFFF85
:105B3000FFFFFFFFFFFFFFFFFFFFFFFFFFFFFFFF75
:105B4000FFFFFFFFFFFFFFFFFFFFFFFFFFFFFFFF65
:105B5000FFFFFFFFFFFFFFFFFFFFFFFFFFFFFFFF55
:105B6000FFFFFFFFFFFFFFFFFFFFFFFFFFFFFFFF45
:105B7000FFFFFFFFFFFFFFFFFFFFFFFFFFFFFFFF35
:105B8000FFFFFFFFFFFFFFFFFFFFFFFFFFFFFFFF25
:105B9000FFFFFFFFFFFFFFFFFFFFFFFFFFFFFFFF15
:105BA000FFFFFFFFFFFFFFFFFFFFFFFFFFFFFFFF05
:105BB000FFFFFFFFFFFFFFFFFFFFFFFFFFFFFFFFF5
:105BC000FFFFFFFFFFFFFFFFFFFFFFFFFFFFFFFFE5
:105BD000FFFFFFFFFFFFFFFFFFFFFFFFFFFFFFFFD5
:105BE000FFFFFFFFFFFFFFFFFFFFFFFFFFFFFFFFC5
:105BF000FFFFFFFFFFFFFFFFFFFFFFFFFFFFFFFFB5
:105C0000FFFFFFFFFFFFFFFFFFFFFFFFFFFFFFFFA4
:105C1000FFFFFFFFFFFFFFFFFFFFFFFFFFFFFFFF94
:105C2000FFFFFFFFFFFFFFFFFFFFFFFFFFFFFFFF84
:105C3000FFFFFFFFFFFFFFFFFFFFFFFFFFFFFFFF74
:105C4000FFFFFFFFFFFFFFFFFFFFFFFFFFFFFFFF64
:105C5000FFFFFFFFFFFFFFFFFFFFFFFFFFFFFFFF54
:105C6000FFFFFFFFFFFFFFFFFFFFFFFFFFFFFFFF44
:105C7000FFFFFFFFFFFFFFFFFFFFFFFFFFFFFFFF34
:105C8000FFFFFFFFFFFFFFFFFFFFFFFFFFFFFFFF24
:105C9000FFFFFFFFFFFFFFFFFFFFFFFFFFFFFFFF14
:105CA000FFFFFFFFFFFFFFFFFFFFFFFFFFFFFFFF04
:105CB000FFFFFFFFFFFFFFFFFFFFFFFFFFFFFFFFF4
:105CC000FFFFFFFFFFFFFFFFFFFFFFFFFFFFFFFFE4
:105CD000FFFFFFFFFFFFFFFFFFFFFFFFFFFFFFFFD4
:105CE000FFFFFFFFFFFFFFFFFFFFFFFFFFFFFFFFC4
:105CF000FFFFFFFFFFFFFFFFFFFFFFFFFFFFFFFFB4
:105D0000FFFFFFFFFFFFFFFFFFFFFFFFFFFFFFFFA3
:105D1000FFFFFFFFFFFFFFFFFFFFFFFFFFFFFFFF93
:105D2000FFFFFFFFFFFFFFFFFFFFFFFFFFFFFFFF83
:105D3000FFFFFFFFFFFFFFFFFFFFFFFFFFFFFFFF73
:105D4000FFFFFFFFFFFFFFFFFFFFFFFFFFFFFFFF63
:105D5000FFFFFFFFFFFFFFFFFFFFFFFFFFFFFFFF53
:105D6000FFFFFFFFFFFFFFFFFFFFFFFFFFFFFFFF43
:105D7000FFFFFFFFFFFFFFFFFFFFFFFFFFFFFFFF33
:105D8000FFFFFFFFFFFFFFFFFFFFFFFFFFFFFFFF23
:105D9000FFFFFFFFFFFFFFFFFFFFFFFFFFFFFFFF13
:105DA000FFFFFFFFFFFFFFFFFFFFFFFFFFFFFFFF03
:105DB000FFFFFFFFFFFFFFFFFFFFFFFFFFFFFFFFF3
:105DC000FFFFFFFFFFFFFFFFFFFFFFFFFFFFFFFFE3
:105DD000FFFFFFFFFFFFFFFFFFFFFFFFFFFFFFFFD3
:105DE000FFFFFFFFFFFFFFFFFFFFFFFFFFFFFFFFC3
:105DF000FFFFFFFFFFFFFFFFFFFFFFFFFFFFFFFFB3
:105E0000FFFFFFFFFFFFFFFFFFFFFFFFFFFFFFFFA2
:105E1000FFFFFFFFFFFFFFFFFFFFFFFFFFFFFFFF92
:105E2000FFFFFFFFFFFFFFFFFFFFFFFFFFFFFFFF82
:105E3000FFFFFFFFFFFFFFFFFFFFFFFFFFFFFFFF72
:105E4000FFFFFFFFFFFFFFFFFFFFFFFFFFFFFFFF62
:105E5000FFFFFFFFFFFFFFFFFFFFFFFFFFFFFFFF52
:105E6000FFFFFFFFFFFFFFFFFFFFFFFFFFFFFFFF42
:105E7000FFFFFFFFFFFFFFFFFFFFFFFFFFFFFFFF32
:105E8000FFFFFFFFFFFFFFFFFFFFFFFFFFFFFFFF22
:105E9000FFFFFFFFFFFFFFFFFFFFFFFFFFFFFFFF12
:105EA000FFFFFFFFFFFFFFFFFFFFFFFFFFFFFFFF02
:105EB000FFFFFFFFFFFFFFFFFFFFFFFFFFFFFFFFF2
:105EC000FFFFFFFFFFFFFFFFFFFFFFFFFFFFFFFFE2
:105ED000FFFFFFFFFFFFFFFFFFFFFFFFFFFFFFFFD2
:105EE000FFFFFFFFFFFFFFFFFFFFFFFFFFFFFFFFC2
:105EF000FFFFFFFFFFFFFFFFFFFFFFFFFFFFFFFFB2
:105F0000FFFFFFFFFFFFFFFFFFFFFFFFFFFFFFFFA1
:105F1000FFFFFFFFFFFFFFFFFFFFFFFFFFFFFFFF91
:105F2000FFFFFFFFFFFFFFFFFFFFFFFFFFFFFFFF81
:105F3000FFFFFFFFFFFFFFFFFFFFFFFFFFFFFFFF71
:105F4000FFFFFFFFFFFFFFFFFFFFFFFFFFFFFFFF61
:105F5000FFFFFFFFFFFFFFFFFFFFFFFFFFFFFFFF51
:105F6000FFFFFFFFFFFFFFFFFFFFFFFFFFFFFFFF41
:105F7000FFFFFFFFFFFFFFFFFFFFFFFFFFFFFFFF31
:105F8000FFFFFFFFFFFFFFFFFFFFFFFFFFFFFFFF21
:105F9000FFFFFFFFFFFFFFFFFFFFFFFFFFFFFFFF11
:105FA000FFFFFFFFFFFFFFFFFFFFFFFFFFFFFFFF01
:105FB000FFFFFFFFFFFFFFFFFFFFFFFFFFFFFFFFF1
:105FC000FFFFFFFFFFFFFFFFFFFFFFFFFFFFFFFFE1
:105FD000FFFFFFFFFFFFFFFFFFFFFFFFFFFFFFFFD1
:105FE000FFFFFFFFFFFFFFFFFFFFFFFFFFFFFFFFC1
:105FF000FFFFFFFFFFFFFFFFFFFFFFFFFFFFFFFFB1
:10600000FFFFFFFFFFFFFFFFFFFFFFFFFFFFFFFFA0
:10601000FFFFFFFFFFFFFFFFFFFFFFFFFFFFFFFF90
:10602000FFFFFFFFFFFFFFFFFFFFFFFFFFFFFFFF80
:10603000FFFFFFFFFFFFFFFFFFFFFFFFFFFFFFFF70
:10604000FFFFFFFFFFFFFFFFFFFFFFFFFFFFFFFF60
:10605000FFFFFFFFFFFFFFFFFFFFFFFFFFFFFFFF50
:10606000FFFFFFFFFFFFFFFFFFFFFFFFFFFFFFFF40
:10607000FFFFFFFFFFFFFFFFFFFFFFFFFFFFFFFF30
:10608000FFFFFFFFFFFFFFFFFFFFFFFFFFFFFFFF20
:10609000FFFFFFFFFFFFFFFFFFFFFFFFFFFFFFFF10
:1060A000FFFFFFFFFFFFFFFFFFFFFFFFFFFFFFFF00
:1060B000FFFFFFFFFFFFFFFFFFFFFFFFFFFFFFFFF0
:1060C000FFFFFFFFFFFFFFFFFFFFFFFFFFFFFFFFE0
:1060D000FFFFFFFFFFFFFFFFFFFFFFFFFFFFFFFFD0
:1060E000FFFFFFFFFFFFFFFFFFFFFFFFFFFFFFFFC0
:1060F000FFFFFFFFFFFFFFFFFFFFFFFFFFFFFFFFB0
:10610000FFFFFFFFFFFFFFFFFFFFFFFFFFFFFFFF9F
:10611000FFFFFFFFFFFFFFFFFFFFFFFFFFFFFFFF8F
:10612000FFFFFFFFFFFFFFFFFFFFFFFFFFFFFFFF7F
:10613000FFFFFFFFFFFFFFFFFFFFFFFFFFFFFFFF6F
:10614000FFFFFFFFFFFFFFFFFFFFFFFFFFFFFFFF5F
:10615000FFFFFFFFFFFFFFFFFFFFFFFFFFFFFFFF4F
:10616000FFFFFFFFFFFFFFFFFFFFFFFFFFFFFFFF3F
:10617000FFFFFFFFFFFFFFFFFFFFFFFFFFFFFFFF2F
:10618000FFFFFFFFFFFFFFFFFFFFFFFFFFFFFFFF1F
:10619000FFFFFFFFFFFFFFFFFFFFFFFFFFFFFFFF0F
:1061A000FFFFFFFFFFFFFFFFFFFFFFFFFFFFFFFFFF
:1061B000FFFFFFFFFFFFFFFFFFFFFFFFFFFFFFFFEF
:1061C000FFFFFFFFFFFFFFFFFFFFFFFFFFFFFFFFDF
:1061D000FFFFFFFFFFFFFFFFFFFFFFFFFFFFFFFFCF
:1061E000FFFFFFFFFFFFFFFFFFFFFFFFFFFFFFFFBF
:1061F000FFFFFFFFFFFFFFFFFFFFFFFFFFFFFFFFAF
:10620000FFFFFFFFFFFFFFFFFFFFFFFFFFFFFFFF9E
:10621000FFFFFFFFFFFFFFFFFFFFFFFFFFFFFFFF8E
:10622000FFFFFFFFFFFFFFFFFFFFFFFFFFFFFFFF7E
:10623000FFFFFFFFFFFFFFFFFFFFFFFFFFFFFFFF6E
:10624000FFFFFFFFFFFFFFFFFFFFFFFFFFFFFFFF5E
:10625000FFFFFFFFFFFFFFFFFFFFFFFFFFFFFFFF4E
:10626000FFFFFFFFFFFFFFFFFFFFFFFFFFFFFFFF3E
:10627000FFFFFFFFFFFFFFFFFFFFFFFFFFFFFFFF2E
:10628000FFFFFFFFFFFFFFFFFFFFFFFFFFFFFFFF1E
:10629000FFFFFFFFFFFFFFFFFFFFFFFFFFFFFFFF0E
:1062A000FFFFFFFFFFFFFFFFFFFFFFFFFFFFFFFFFE
:1062B000FFFFFFFFFFFFFFFFFFFFFFFFFFFFFFFFEE
:1062C000FFFFFFFFFFFFFFFFFFFFFFFFFFFFFFFFDE
:1062D000FFFFFFFFFFFFFFFFFFFFFFFFFFFFFFFFCE
:1062E000FFFFFFFFFFFFFFFFFFFFFFFFFFFFFFFFBE
:1062F000FFFFFFFFFFFFFFFFFFFFFFFFFFFFFFFFAE
:10630000FFFFFFFFFFFFFFFFFFFFFFFFFFFFFFFF9D
:10631000FFFFFFFFFFFFFFFFFFFFFFFFFFFFFFFF8D
:10632000FFFFFFFFFFFFFFFFFFFFFFFFFFFFFFFF7D
:10633000FFFFFFFFFFFFFFFFFFFFFFFFFFFFFFFF6D
:10634000FFFFFFFFFFFFFFFFFFFFFFFFFFFFFFFF5D
:10635000FFFFFFFFFFFFFFFFFFFFFFFFFFFFFFFF4D
:10636000FFFFFFFFFFFFFFFFFFFFFFFFFFFFFFFF3D
:10637000FFFFFFFFFFFFFFFFFFFFFFFFFFFFFFFF2D
:10638000FFFFFFFFFFFFFFFFFFFFFFFFFFFFFFFF1D
:10639000FFFFFFFFFFFFFFFFFFFFFFFFFFFFFFFF0D
:1063A000FFFFFFFFFFFFFFFFFFFFFFFFFFFFFFFFFD
:1063B000FFFFFFFFFFFFFFFFFFFFFFFFFFFFFFFFED
:1063C000FFFFFFFFFFFFFFFFFFFFFFFFFFFFFFFFDD
:1063D000FFFFFFFFFFFFFFFFFFFFFFFFFFFFFFFFCD
:1063E000FFFFFFFFFFFFFFFFFFFFFFFFFFFFFFFFBD
:1063F000FFFFFFFFFFFFFFFFFFFFFFFFFFFFFFFFAD
:10640000FFFFFFFFFFFFFFFFFFFFFFFFFFFFFFFF9C
:10641000FFFFFFFFFFFFFFFFFFFFFFFFFFFFFFFF8C
:10642000FFFFFFFFFFFFFFFFFFFFFFFFFFFFFFFF7C
:10643000FFFFFFFFFFFFFFFFFFFFFFFFFFFFFFFF6C
:10644000FFFFFFFFFFFFFFFFFFFFFFFFFFFFFFFF5C
:10645000FFFFFFFFFFFFFFFFFFFFFFFFFFFFFFFF4C
:10646000FFFFFFFFFFFFFFFFFFFFFFFFFFFFFFFF3C
:10647000FFFFFFFFFFFFFFFFFFFFFFFFFFFFFFFF2C
:10648000FFFFFFFFFFFFFFFFFFFFFFFFFFFFFFFF1C
:10649000FFFFFFFFFFFFFFFFFFFFFFFFFFFFFFFF0C
:1064A000FFFFFFFFFFFFFFFFFFFFFFFFFFFFFFFFFC
:1064B000FFFFFFFFFFFFFFFFFFFFFFFFFFFFFFFFEC
:1064C000FFFFFFFFFFFFFFFFFFFFFFFFFFFFFFFFDC
:1064D000FFFFFFFFFFFFFFFFFFFFFFFFFFFFFFFFCC
:1064E000FFFFFFFFFFFFFFFFFFFFFFFFFFFFFFFFBC
:1064F000FFFFFFFFFFFFFFFFFFFFFFFFFFFFFFFFAC
:10650000FFFFFFFFFFFFFFFFFFFFFFFFFFFFFFFF9B
:10651000FFFFFFFFFFFFFFFFFFFFFFFFFFFFFFFF8B
:10652000FFFFFFFFFFFFFFFFFFFFFFFFFFFFFFFF7B
:10653000FFFFFFFFFFFFFFFFFFFFFFFFFFFFFFFF6B
:10654000FFFFFFFFFFFFFFFFFFFFFFFFFFFFFFFF5B
:10655000FFFFFFFFFFFFFFFFFFFFFFFFFFFFFFFF4B
:10656000FFFFFFFFFFFFFFFFFFFFFFFFFFFFFFFF3B
:10657000FFFFFFFFFFFFFFFFFFFFFFFFFFFFFFFF2B
:10658000FFFFFFFFFFFFFFFFFFFFFFFFFFFFFFFF1B
:10659000FFFFFFFFFFFFFFFFFFFFFFFFFFFFFFFF0B
:1065A000FFFFFFFFFFFFFFFFFFFFFFFFFFFFFFFFFB
:1065B000FFFFFFFFFFFFFFFFFFFFFFFFFFFFFFFFEB
:1065C000FFFFFFFFFFFFFFFFFFFFFFFFFFFFFFFFDB
:1065D000FFFFFFFFFFFFFFFFFFFFFFFFFFFFFFFFCB
:1065E000FFFFFFFFFFFFFFFFFFFFFFFFFFFFFFFFBB
:1065F000FFFFFFFFFFFFFFFFFFFFFFFFFFFFFFFFAB
:10660000FFFFFFFFFFFFFFFFFFFFFFFFFFFFFFFF9A
:10661000FFFFFFFFFFFFFFFFFFFFFFFFFFFFFFFF8A
:10662000FFFFFFFFFFFFFFFFFFFFFFFFFFFFFFFF7A
:10663000FFFFFFFFFFFFFFFFFFFFFFFFFFFFFFFF6A
:10664000FFFFFFFFFFFFFFFFFFFFFFFFFFFFFFFF5A
:10665000FFFFFFFFFFFFFFFFFFFFFFFFFFFFFFFF4A
:10666000FFFFFFFFFFFFFFFFFFFFFFFFFFFFFFFF3A
:10667000FFFFFFFFFFFFFFFFFFFFFFFFFFFFFFFF2A
:10668000FFFFFFFFFFFFFFFFFFFFFFFFFFFFFFFF1A
:10669000FFFFFFFFFFFFFFFFFFFFFFFFFFFFFFFF0A
:1066A000FFFFFFFFFFFFFFFFFFFFFFFFFFFFFFFFFA
:1066B000FFFFFFFFFFFFFFFFFFFFFFFFFFFFFFFFEA
:1066C000FFFFFFFFFFFFFFFFFFFFFFFFFFFFFFFFDA
:1066D000FFFFFFFFFFFFFFFFFFFFFFFFFFFFFFFFCA
:1066E000FFFFFFFFFFFFFFFFFFFFFFFFFFFFFFFFBA
:1066F000FFFFFFFFFFFFFFFFFFFFFFFFFFFFFFFFAA
:10670000FFFFFFFFFFFFFFFFFFFFFFFFFFFFFFFF99
:10671000FFFFFFFFFFFFFFFFFFFFFFFFFFFFFFFF89
:10672000FFFFFFFFFFFFFFFFFFFFFFFFFFFFFFFF79
:10673000FFFFFFFFFFFFFFFFFFFFFFFFFFFFFFFF69
:10674000FFFFFFFFFFFFFFFFFFFFFFFFFFFFFFFF59
:10675000FFFFFFFFFFFFFFFFFFFFFFFFFFFFFFFF49
:10676000FFFFFFFFFFFFFFFFFFFFFFFFFFFFFFFF39
:10677000FFFFFFFFFFFFFFFFFFFFFFFFFFFFFFFF29
:10678000FFFFFFFFFFFFFFFFFFFFFFFFFFFFFFFF19
:10679000FFFFFFFFFFFFFFFFFFFFFFFFFFFFFFFF09
:1067A000FFFFFFFFFFFFFFFFFFFFFFFFFFFFFFFFF9
:1067B000FFFFFFFFFFFFFFFFFFFFFFFFFFFFFFFFE9
:1067C000FFFFFFFFFFFFFFFFFFFFFFFFFFFFFFFFD9
:1067D000FFFFFFFFFFFFFFFFFFFFFFFFFFFFFFFFC9
:1067E000FFFFFFFFFFFFFFFFFFFFFFFFFFFFFFFFB9
:1067F000FFFFFFFFFFFFFFFFFFFFFFFFFFFFFFFFA9
:10680000FFFFFFFFFFFFFFFFFFFFFFFFFFFFFFFF98
:10681000FFFFFFFFFFFFFFFFFFFFFFFFFFFFFFFF88
:10682000FFFFFFFFFFFFFFFFFFFFFFFFFFFFFFFF78
:10683000FFFFFFFFFFFFFFFFFFFFFFFFFFFFFFFF68
:10684000FFFFFFFFFFFFFFFFFFFFFFFFFFFFFFFF58
:10685000FFFFFFFFFFFFFFFFFFFFFFFFFFFFFFFF48
:10686000FFFFFFFFFFFFFFFFFFFFFFFFFFFFFFFF38
:10687000FFFFFFFFFFFFFFFFFFFFFFFFFFFFFFFF28
:10688000FFFFFFFFFFFFFFFFFFFFFFFFFFFFFFFF18
:10689000FFFFFFFFFFFFFFFFFFFFFFFFFFFFFFFF08
:1068A000FFFFFFFFFFFFFFFFFFFFFFFFFFFFFFFFF8
:1068B000FFFFFFFFFFFFFFFFFFFFFFFFFFFFFFFFE8
:1068C000FFFFFFFFFFFFFFFFFFFFFFFFFFFFFFFFD8
:1068D000FFFFFFFFFFFFFFFFFFFFFFFFFFFFFFFFC8
:1068E000FFFFFFFFFFFFFFFFFFFFFFFFFFFFFFFFB8
:1068F000FFFFFFFFFFFFFFFFFFFFFFFFFFFFFFFFA8
:10690000FFFFFFFFFFFFFFFFFFFFFFFFFFFFFFFF97
:10691000FFFFFFFFFFFFFFFFFFFFFFFFFFFFFFFF87
:10692000FFFFFFFFFFFFFFFFFFFFFFFFFFFFFFFF77
:10693000FFFFFFFFFFFFFFFFFFFFFFFFFFFFFFFF67
:10694000FFFFFFFFFFFFFFFFFFFFFFFFFFFFFFFF57
:10695000FFFFFFFFFFFFFFFFFFFFFFFFFFFFFFFF47
:10696000FFFFFFFFFFFFFFFFFFFFFFFFFFFFFFFF37
:10697000FFFFFFFFFFFFFFFFFFFFFFFFFFFFFFFF27
:10698000FFFFFFFFFFFFFFFFFFFFFFFFFFFFFFFF17
:10699000FFFFFFFFFFFFFFFFFFFFFFFFFFFFFFFF07
:1069A000FFFFFFFFFFFFFFFFFFFFFFFFFFFFFFFFF7
:1069B000FFFFFFFFFFFFFFFFFFFFFFFFFFFFFFFFE7
:1069C000FFFFFFFFFFFFFFFFFFFFFFFFFFFFFFFFD7
:1069D000FFFFFFFFFFFFFFFFFFFFFFFFFFFFFFFFC7
:1069E000FFFFFFFFFFFFFFFFFFFFFFFFFFFFFFFFB7
:1069F000FFFFFFFFFFFFFFFFFFFFFFFFFFFFFFFFA7
:106A0000FFFFFFFFFFFFFFFFFFFFFFFFFFFFFFFF96
:106A1000FFFFFFFFFFFFFFFFFFFFFFFFFFFFFFFF86
:106A2000FFFFFFFFFFFFFFFFFFFFFFFFFFFFFFFF76
:106A3000FFFFFFFFFFFFFFFFFFFFFFFFFFFFFFFF66
:106A4000FFFFFFFFFFFFFFFFFFFFFFFFFFFFFFFF56
:106A5000FFFFFFFFFFFFFFFFFFFFFFFFFFFFFFFF46
:106A6000FFFFFFFFFFFFFFFFFFFFFFFFFFFFFFFF36
:106A7000FFFFFFFFFFFFFFFFFFFFFFFFFFFFFFFF26
:106A8000FFFFFFFFFFFFFFFFFFFFFFFFFFFFFFFF16
:106A9000FFFFFFFFFFFFFFFFFFFFFFFFFFFFFFFF06
:106AA000FFFFFFFFFFFFFFFFFFFFFFFFFFFFFFFFF6
:106AB000FFFFFFFFFFFFFFFFFFFFFFFFFFFFFFFFE6
:106AC000FFFFFFFFFFFFFFFFFFFFFFFFFFFFFFFFD6
:106AD000FFFFFFFFFFFFFFFFFFFFFFFFFFFFFFFFC6
:106AE000FFFFFFFFFFFFFFFFFFFFFFFFFFFFFFFFB6
:106AF000FFFFFFFFFFFFFFFFFFFFFFFFFFFFFFFFA6
:106B0000FFFFFFFFFFFFFFFFFFFFFFFFFFFFFFFF95
:106B1000FFFFFFFFFFFFFFFFFFFFFFFFFFFFFFFF85
:106B2000FFFFFFFFFFFFFFFFFFFFFFFFFFFFFFFF75
:106B3000FFFFFFFFFFFFFFFFFFFFFFFFFFFFFFFF65
:106B4000FFFFFFFFFFFFFFFFFFFFFFFFFFFFFFFF55
:106B5000FFFFFFFFFFFFFFFFFFFFFFFFFFFFFFFF45
:106B6000FFFFFFFFFFFFFFFFFFFFFFFFFFFFFFFF35
:106B7000FFFFFFFFFFFFFFFFFFFFFFFFFFFFFFFF25
:106B8000FFFFFFFFFFFFFFFFFFFFFFFFFFFFFFFF15
:106B9000FFFFFFFFFFFFFFFFFFFFFFFFFFFFFFFF05
:106BA000FFFFFFFFFFFFFFFFFFFFFFFFFFFFFFFFF5
:106BB000FFFFFFFFFFFFFFFFFFFFFFFFFFFFFFFFE5
:106BC000FFFFFFFFFFFFFFFFFFFFFFFFFFFFFFFFD5
:106BD000FFFFFFFFFFFFFFFFFFFFFFFFFFFFFFFFC5
:106BE000FFFFFFFFFFFFFFFFFFFFFFFFFFFFFFFFB5
:106BF000FFFFFFFFFFFFFFFFFFFFFFFFFFFFFFFFA5
:106C0000FFFFFFFFFFFFFFFFFFFFFFFFFFFFFFFF94
:106C1000FFFFFFFFFFFFFFFFFFFFFFFFFFFFFFFF84
:106C2000FFFFFFFFFFFFFFFFFFFFFFFFFFFFFFFF74
:106C3000FFFFFFFFFFFFFFFFFFFFFFFFFFFFFFFF64
:106C4000FFFFFFFFFFFFFFFFFFFFFFFFFFFFFFFF54
:106C5000FFFFFFFFFFFFFFFFFFFFFFFFFFFFFFFF44
:106C6000FFFFFFFFFFFFFFFFFFFFFFFFFFFFFFFF34
:106C7000FFFFFFFFFFFFFFFFFFFFFFFFFFFFFFFF24
:106C8000FFFFFFFFFFFFFFFFFFFFFFFFFFFFFFFF14
:106C9000FFFFFFFFFFFFFFFFFFFFFFFFFFFFFFFF04
:106CA000FFFFFFFFFFFFFFFFFFFFFFFFFFFFFFFFF4
:106CB000FFFFFFFFFFFFFFFFFFFFFFFFFFFFFFFFE4
:106CC000FFFFFFFFFFFFFFFFFFFFFFFFFFFFFFFFD4
:106CD000FFFFFFFFFFFFFFFFFFFFFFFFFFFFFFFFC4
:106CE000FFFFFFFFFFFFFFFFFFFFFFFFFFFFFFFFB4
:106CF000FFFFFFFFFFFFFFFFFFFFFFFFFFFFFFFFA4
:106D0000FFFFFFFFFFFFFFFFFFFFFFFFFFFFFFFF93
:106D1000FFFFFFFFFFFFFFFFFFFFFFFFFFFFFFFF83
:106D2000FFFFFFFFFFFFFFFFFFFFFFFFFFFFFFFF73
:106D3000FFFFFFFFFFFFFFFFFFFFFFFFFFFFFFFF63
:106D4000FFFFFFFFFFFFFFFFFFFFFFFFFFFFFFFF53
:106D5000FFFFFFFFFFFFFFFFFFFFFFFFFFFFFFFF43
:106D6000FFFFFFFFFFFFFFFFFFFFFFFFFFFFFFFF33
:106D7000FFFFFFFFFFFFFFFFFFFFFFFFFFFFFFFF23
:106D8000FFFFFFFFFFFFFFFFFFFFFFFFFFFFFFFF13
:106D9000FFFFFFFFFFFFFFFFFFFFFFFFFFFFFFFF03
:106DA000FFFFFFFFFFFFFFFFFFFFFFFFFFFFFFFFF3
:106DB000FFFFFFFFFFFFFFFFFFFFFFFFFFFFFFFFE3
:106DC000FFFFFFFFFFFFFFFFFFFFFFFFFFFFFFFFD3
:106DD000FFFFFFFFFFFFFFFFFFFFFFFFFFFFFFFFC3
:106DE000FFFFFFFFFFFFFFFFFFFFFFFFFFFFFFFFB3
:106DF000FFFFFFFFFFFFFFFFFFFFFFFFFFFFFFFFA3
:106E0000FFFFFFFFFFFFFFFFFFFFFFFFFFFFFFFF92
:106E1000FFFFFFFFFFFFFFFFFFFFFFFFFFFFFFFF82
:106E2000FFFFFFFFFFFFFFFFFFFFFFFFFFFFFFFF72
:106E3000FFFFFFFFFFFFFFFFFFFFFFFFFFFFFFFF62
:106E4000FFFFFFFFFFFFFFFFFFFFFFFFFFFFFFFF52
:106E5000FFFFFFFFFFFFFFFFFFFFFFFFFFFFFFFF42
:106E6000FFFFFFFFFFFFFFFFFFFFFFFFFFFFFFFF32
:106E7000FFFFFFFFFFFFFFFFFFFFFFFFFFFFFFFF22
:106E8000FFFFFFFFFFFFFFFFFFFFFFFFFFFFFFFF12
:106E9000FFFFFFFFFFFFFFFFFFFFFFFFFFFFFFFF02
:106EA000FFFFFFFFFFFFFFFFFFFFFFFFFFFFFFFFF2
:106EB000FFFFFFFFFFFFFFFFFFFFFFFFFFFFFFFFE2
:106EC000FFFFFFFFFFFFFFFFFFFFFFFFFFFFFFFFD2
:106ED000FFFFFFFFFFFFFFFFFFFFFFFFFFFFFFFFC2
:106EE000FFFFFFFFFFFFFFFFFFFFFFFFFFFFFFFFB2
:106EF000FFFFFFFFFFFFFFFFFFFFFFFFFFFFFFFFA2
:106F0000FFFFFFFFFFFFFFFFFFFFFFFFFFFFFFFF91
:106F1000FFFFFFFFFFFFFFFFFFFFFFFFFFFFFFFF81
:106F2000FFFFFFFFFFFFFFFFFFFFFFFFFFFFFFFF71
:106F3000FFFFFFFFFFFFFFFFFFFFFFFFFFFFFFFF61
:106F4000FFFFFFFFFFFFFFFFFFFFFFFFFFFFFFFF51
:106F5000FFFFFFFFFFFFFFFFFFFFFFFFFFFFFFFF41
:106F6000FFFFFFFFFFFFFFFFFFFFFFFFFFFFFFFF31
:106F7000FFFFFFFFFFFFFFFFFFFFFFFFFFFFFFFF21
:106F8000FFFFFFFFFFFFFFFFFFFFFFFFFFFFFFFF11
:106F9000FFFFFFFFFFFFFFFFFFFFFFFFFFFFFFFF01
:106FA000FFFFFFFFFFFFFFFFFFFFFFFFFFFFFFFFF1
:106FB000FFFFFFFFFFFFFFFFFFFFFFFFFFFFFFFFE1
:106FC000FFFFFFFFFFFFFFFFFFFFFFFFFFFFFFFFD1
:106FD000FFFFFFFFFFFFFFFFFFFFFFFFFFFFFFFFC1
:106FE000FFFFFFFFFFFFFFFFFFFFFFFFFFFFFFFFB1
:106FF000FFFFFFFFFFFFFFFFFFFFFFFFFFFFFFFFA1
:10700000FFFFFFFFFFFFFFFFFFFFFFFFFFFFFFFF90
:10701000FFFFFFFFFFFFFFFFFFFFFFFFFFFFFFFF80
:10702000FFFFFFFFFFFFFFFFFFFFFFFFFFFFFFFF70
:10703000FFFFFFFFFFFFFFFFFFFFFFFFFFFFFFFF60
:10704000FFFFFFFFFFFFFFFFFFFFFFFFFFFFFFFF50
:10705000FFFFFFFFFFFFFFFFFFFFFFFFFFFFFFFF40
:10706000FFFFFFFFFFFFFFFFFFFFFFFFFFFFFFFF30
:10707000FFFFFFFFFFFFFFFFFFFFFFFFFFFFFFFF20
:10708000FFFFFFFFFFFFFFFFFFFFFFFFFFFFFFFF10
:10709000FFFFFFFFFFFFFFFFFFFFFFFFFFFFFFFF00
:1070A000FFFFFFFFFFFFFFFFFFFFFFFFFFFFFFFFF0
:1070B000FFFFFFFFFFFFFFFFFFFFFFFFFFFFFFFFE0
:1070C000FFFFFFFFFFFFFFFFFFFFFFFFFFFFFFFFD0
:1070D000FFFFFFFFFFFFFFFFFFFFFFFFFFFFFFFFC0
:1070E000FFFFFFFFFFFFFFFFFFFFFFFFFFFFFFFFB0
:1070F000FFFFFFFFFFFFFFFFFFFFFFFFFFFFFFFFA0
:10710000FFFFFFFFFFFFFFFFFFFFFFFFFFFFFFFF8F
:10711000FFFFFFFFFFFFFFFFFFFFFFFFFFFFFFFF7F
:10712000FFFFFFFFFFFFFFFFFFFFFFFFFFFFFFFF6F
:10713000FFFFFFFFFFFFFFFFFFFFFFFFFFFFFFFF5F
:10714000FFFFFFFFFFFFFFFFFFFFFFFFFFFFFFFF4F
:10715000FFFFFFFFFFFFFFFFFFFFFFFFFFFFFFFF3F
:10716000FFFFFFFFFFFFFFFFFFFFFFFFFFFFFFFF2F
:10717000FFFFFFFFFFFFFFFFFFFFFFFFFFFFFFFF1F
:10718000FFFFFFFFFFFFFFFFFFFFFFFFFFFFFFFF0F
:10719000FFFFFFFFFFFFFFFFFFFFFFFFFFFFFFFFFF
:1071A000FFFFFFFFFFFFFFFFFFFFFFFFFFFFFFFFEF
:1071B000FFFFFFFFFFFFFFFFFFFFFFFFFFFFFFFFDF
:1071C000FFFFFFFFFFFFFFFFFFFFFFFFFFFFFFFFCF
:1071D000FFFFFFFFFFFFFFFFFFFFFFFFFFFFFFFFBF
:1071E000FFFFFFFFFFFFFFFFFFFFFFFFFFFFFFFFAF
:1071F000FFFFFFFFFFFFFFFFFFFFFFFFFFFFFFFF9F
:10720000FFFFFFFFFFFFFFFFFFFFFFFFFFFFFFFF8E
:10721000FFFFFFFFFFFFFFFFFFFFFFFFFFFFFFFF7E
:10722000FFFFFFFFFFFFFFFFFFFFFFFFFFFFFFFF6E
:10723000FFFFFFFFFFFFFFFFFFFFFFFFFFFFFFFF5E
:10724000FFFFFFFFFFFFFFFFFFFFFFFFFFFFFFFF4E
:10725000FFFFFFFFFFFFFFFFFFFFFFFFFFFFFFFF3E
:10726000FFFFFFFFFFFFFFFFFFFFFFFFFFFFFFFF2E
:10727000FFFFFFFFFFFFFFFFFFFFFFFFFFFFFFFF1E
:10728000FFFFFFFFFFFFFFFFFFFFFFFFFFFFFFFF0E
:10729000FFFFFFFFFFFFFFFFFFFFFFFFFFFFFFFFFE
:1072A000FFFFFFFFFFFFFFFFFFFFFFFFFFFFFFFFEE
:1072B000FFFFFFFFFFFFFFFFFFFFFFFFFFFFFFFFDE
:1072C000FFFFFFFFFFFFFFFFFFFFFFFFFFFFFFFFCE
:1072D000FFFFFFFFFFFFFFFFFFFFFFFFFFFFFFFFBE
:1072E000FFFFFFFFFFFFFFFFFFFFFFFFFFFFFFFFAE
:1072F000FFFFFFFFFFFFFFFFFFFFFFFFFFFFFFFF9E
:10730000FFFFFFFFFFFFFFFFFFFFFFFFFFFFFFFF8D
:10731000FFFFFFFFFFFFFFFFFFFFFFFFFFFFFFFF7D
:10732000FFFFFFFFFFFFFFFFFFFFFFFFFFFFFFFF6D
:10733000FFFFFFFFFFFFFFFFFFFFFFFFFFFFFFFF5D
:10734000FFFFFFFFFFFFFFFFFFFFFFFFFFFFFFFF4D
:10735000FFFFFFFFFFFFFFFFFFFFFFFFFFFFFFFF3D
:10736000FFFFFFFFFFFFFFFFFFFFFFFFFFFFFFFF2D
:10737000FFFFFFFFFFFFFFFFFFFFFFFFFFFFFFFF1D
:10738000FFFFFFFFFFFFFFFFFFFFFFFFFFFFFFFF0D
:10739000FFFFFFFFFFFFFFFFFFFFFFFFFFFFFFFFFD
:1073A000FFFFFFFFFFFFFFFFFFFFFFFFFFFFFFFFED
:1073B000FFFFFFFFFFFFFFFFFFFFFFFFFFFFFFFFDD
:1073C000FFFFFFFFFFFFFFFFFFFFFFFFFFFFFFFFCD
:1073D000FFFFFFFFFFFFFFFFFFFFFFFFFFFFFFFFBD
:1073E000FFFFFFFFFFFFFFFFFFFFFFFFFFFFFFFFAD
:1073F000FFFFFFFFFFFFFFFFFFFFFFFFFFFFFFFF9D
:10740000FFFFFFFFFFFFFFFFFFFFFFFFFFFFFFFF8C
:10741000FFFFFFFFFFFFFFFFFFFFFFFFFFFFFFFF7C
:10742000FFFFFFFFFFFFFFFFFFFFFFFFFFFFFFFF6C
:10743000FFFFFFFFFFFFFFFFFFFFFFFFFFFFFFFF5C
:10744000FFFFFFFFFFFFFFFFFFFFFFFFFFFFFFFF4C
:10745000FFFFFFFFFFFFFFFFFFFFFFFFFFFFFFFF3C
:10746000FFFFFFFFFFFFFFFFFFFFFFFFFFFFFFFF2C
:10747000FFFFFFFFFFFFFFFFFFFFFFFFFFFFFFFF1C
:10748000FFFFFFFFFFFFFFFFFFFFFFFFFFFFFFFF0C
:10749000FFFFFFFFFFFFFFFFFFFFFFFFFFFFFFFFFC
:1074A000FFFFFFFFFFFFFFFFFFFFFFFFFFFFFFFFEC
:1074B000FFFFFFFFFFFFFFFFFFFFFFFFFFFFFFFFDC
:1074C000FFFFFFFFFFFFFFFFFFFFFFFFFFFFFFFFCC
:1074D000FFFFFFFFFFFFFFFFFFFFFFFFFFFFFFFFBC
:1074E000FFFFFFFFFFFFFFFFFFFFFFFFFFFFFFFFAC
:1074F000FFFFFFFFFFFFFFFFFFFFFFFFFFFFFFFF9C
:10750000FFFFFFFFFFFFFFFFFFFFFFFFFFFFFFFF8B
:10751000FFFFFFFFFFFFFFFFFFFFFFFFFFFFFFFF7B
:10752000FFFFFFFFFFFFFFFFFFFFFFFFFFFFFFFF6B
:10753000FFFFFFFFFFFFFFFFFFFFFFFFFFFFFFFF5B
:10754000FFFFFFFFFFFFFFFFFFFFFFFFFFFFFFFF4B
:10755000FFFFFFFFFFFFFFFFFFFFFFFFFFFFFFFF3B
:10756000FFFFFFFFFFFFFFFFFFFFFFFFFFFFFFFF2B
:10757000FFFFFFFFFFFFFFFFFFFFFFFFFFFFFFFF1B
:10758000FFFFFFFFFFFFFFFFFFFFFFFFFFFFFFFF0B
:10759000FFFFFFFFFFFFFFFFFFFFFFFFFFFFFFFFFB
:1075A000FFFFFFFFFFFFFFFFFFFFFFFFFFFFFFFFEB
:1075B000FFFFFFFFFFFFFFFFFFFFFFFFFFFFFFFFDB
:1075C000FFFFFFFFFFFFFFFFFFFFFFFFFFFFFFFFCB
:1075D000FFFFFFFFFFFFFFFFFFFFFFFFFFFFFFFFBB
:1075E000FFFFFFFFFFFFFFFFFFFFFFFFFFFFFFFFAB
:1075F000FFFFFFFFFFFFFFFFFFFFFFFFFFFFFFFF9B
:10760000FFFFFFFFFFFFFFFFFFFFFFFFFFFFFFFF8A
:10761000FFFFFFFFFFFFFFFFFFFFFFFFFFFFFFFF7A
:10762000FFFFFFFFFFFFFFFFFFFFFFFFFFFFFFFF6A
:10763000FFFFFFFFFFFFFFFFFFFFFFFFFFFFFFFF5A
:10764000FFFFFFFFFFFFFFFFFFFFFFFFFFFFFFFF4A
:10765000FFFFFFFFFFFFFFFFFFFFFFFFFFFFFFFF3A
:10766000FFFFFFFFFFFFFFFFFFFFFFFFFFFFFFFF2A
:10767000FFFFFFFFFFFFFFFFFFFFFFFFFFFFFFFF1A
:10768000FFFFFFFFFFFFFFFFFFFFFFFFFFFFFFFF0A
:10769000FFFFFFFFFFFFFFFFFFFFFFFFFFFFFFFFFA
:1076A000FFFFFFFFFFFFFFFFFFFFFFFFFFFFFFFFEA
:1076B000FFFFFFFFFFFFFFFFFFFFFFFFFFFFFFFFDA
:1076C000FFFFFFFFFFFFFFFFFFFFFFFFFFFFFFFFCA
:1076D000FFFFFFFFFFFFFFFFFFFFFFFFFFFFFFFFBA
:1076E000FFFFFFFFFFFFFFFFFFFFFFFFFFFFFFFFAA
:1076F000FFFFFFFFFFFFFFFFFFFFFFFFFFFFFFFF9A
:10770000FFFFFFFFFFFFFFFFFFFFFFFFFFFFFFFF89
:10771000FFFFFFFFFFFFFFFFFFFFFFFFFFFFFFFF79
:10772000FFFFFFFFFFFFFFFFFFFFFFFFFFFFFFFF69
:10773000FFFFFFFFFFFFFFFFFFFFFFFFFFFFFFFF59
:10774000FFFFFFFFFFFFFFFFFFFFFFFFFFFFFFFF49
:10775000FFFFFFFFFFFFFFFFFFFFFFFFFFFFFFFF39
:10776000FFFFFFFFFFFFFFFFFFFFFFFFFFFFFFFF29
:10777000FFFFFFFFFFFFFFFFFFFFFFFFFFFFFFFF19
:10778000FFFFFFFFFFFFFFFFFFFFFFFFFFFFFFFF09
:10779000FFFFFFFFFFFFFFFFFFFFFFFFFFFFFFFFF9
:1077A000FFFFFFFFFFFFFFFFFFFFFFFFFFFFFFFFE9
:1077B000FFFFFFFFFFFFFFFFFFFFFFFFFFFFFFFFD9
:1077C000FFFFFFFFFFFFFFFFFFFFFFFFFFFFFFFFC9
:1077D000FFFFFFFFFFFFFFFFFFFFFFFFFFFFFFFFB9
:1077E000FFFFFFFFFFFFFFFFFFFFFFFFFFFFFFFFA9
:1077F000FFFFFFFFFFFFFFFFFFFFFFFFFFFFFFFF99
:10780000FFFFFFFFFFFFFFFFFFFFFFFFFFFFFFFF88
:10781000FFFFFFFFFFFFFFFFFFFFFFFFFFFFFFFF78
:10782000FFFFFFFFFFFFFFFFFFFFFFFFFFFFFFFF68
:10783000FFFFFFFFFFFFFFFFFFFFFFFFFFFFFFFF58
:10784000FFFFFFFFFFFFFFFFFFFFFFFFFFFFFFFF48
:10785000FFFFFFFFFFFFFFFFFFFFFFFFFFFFFFFF38
:10786000FFFFFFFFFFFFFFFFFFFFFFFFFFFFFFFF28
:10787000FFFFFFFFFFFFFFFFFFFFFFFFFFFFFFFF18
:10788000FFFFFFFFFFFFFFFFFFFFFFFFFFFFFFFF08
:10789000FFFFFFFFFFFFFFFFFFFFFFFFFFFFFFFFF8
:1078A000FFFFFFFFFFFFFFFFFFFFFFFFFFFFFFFFE8
:1078B000FFFFFFFFFFFFFFFFFFFFFFFFFFFFFFFFD8
:1078C000FFFFFFFFFFFFFFFFFFFFFFFFFFFFFFFFC8
:1078D000FFFFFFFFFFFFFFFFFFFFFFFFFFFFFFFFB8
:1078E000FFFFFFFFFFFFFFFFFFFFFFFFFFFFFFFFA8
:1078F000FFFFFFFFFFFFFFFFFFFFFFFFFFFFFFFF98
:10790000FFFFFFFFFFFFFFFFFFFFFFFFFFFFFFFF87
:10791000FFFFFFFFFFFFFFFFFFFFFFFFFFFFFFFF77
:10792000FFFFFFFFFFFFFFFFFFFFFFFFFFFFFFFF67
:10793000FFFFFFFFFFFFFFFFFFFFFFFFFFFFFFFF57
:10794000FFFFFFFFFFFFFFFFFFFFFFFFFFFFFFFF47
:10795000FFFFFFFFFFFFFFFFFFFFFFFFFFFFFFFF37
:10796000FFFFFFFFFFFFFFFFFFFFFFFFFFFFFFFF27
:10797000FFFFFFFFFFFFFFFFFFFFFFFFFFFFFFFF17
:10798000FFFFFFFFFFFFFFFFFFFFFFFFFFFFFFFF07
:10799000FFFFFFFFFFFFFFFFFFFFFFFFFFFFFFFFF7
:1079A000FFFFFFFFFFFFFFFFFFFFFFFFFFFFFFFFE7
:1079B000FFFFFFFFFFFFFFFFFFFFFFFFFFFFFFFFD7
:1079C000FFFFFFFFFFFFFFFFFFFFFFFFFFFFFFFFC7
:1079D000FFFFFFFFFFFFFFFFFFFFFFFFFFFFFFFFB7
:1079E000FFFFFFFFFFFFFFFFFFFFFFFFFFFFFFFFA7
:1079F000FFFFFFFFFFFFFFFFFFFFFFFFFFFFFFFF97
:107A0000FFFFFFFFFFFFFFFFFFFFFFFFFFFFFFFF86
:107A1000FFFFFFFFFFFFFFFFFFFFFFFFFFFFFFFF76
:107A2000FFFFFFFFFFFFFFFFFFFFFFFFFFFFFFFF66
:107A3000FFFFFFFFFFFFFFFFFFFFFFFFFFFFFFFF56
:107A4000FFFFFFFFFFFFFFFFFFFFFFFFFFFFFFFF46
:107A5000FFFFFFFFFFFFFFFFFFFFFFFFFFFFFFFF36
:107A6000FFFFFFFFFFFFFFFFFFFFFFFFFFFFFFFF26
:107A7000FFFFFFFFFFFFFFFFFFFFFFFFFFFFFFFF16
:107A8000FFFFFFFFFFFFFFFFFFFFFFFFFFFFFFFF06
:107A9000FFFFFFFFFFFFFFFFFFFFFFFFFFFFFFFFF6
:107AA000FFFFFFFFFFFFFFFFFFFFFFFFFFFFFFFFE6
:107AB000FFFFFFFFFFFFFFFFFFFFFFFFFFFFFFFFD6
:107AC000FFFFFFFFFFFFFFFFFFFFFFFFFFFFFFFFC6
:107AD000FFFFFFFFFFFFFFFFFFFFFFFFFFFFFFFFB6
:107AE000FFFFFFFFFFFFFFFFFFFFFFFFFFFFFFFFA6
:107AF000FFFFFFFFFFFFFFFFFFFFFFFFFFFFFFFF96
:107B0000FFFFFFFFFFFFFFFFFFFFFFFFFFFFFFFF85
:107B1000FFFFFFFFFFFFFFFFFFFFFFFFFFFFFFFF75
:107B2000FFFFFFFFFFFFFFFFFFFFFFFFFFFFFFFF65
:107B3000FFFFFFFFFFFFFFFFFFFFFFFFFFFFFFFF55
:107B4000FFFFFFFFFFFFFFFFFFFFFFFFFFFFFFFF45
:107B5000FFFFFFFFFFFFFFFFFFFFFFFFFFFFFFFF35
:107B6000FFFFFFFFFFFFFFFFFFFFFFFFFFFFFFFF25
:107B7000FFFFFFFFFFFFFFFFFFFFFFFFFFFFFFFF15
:107B8000FFFFFFFFFFFFFFFFFFFFFFFFFFFFFFFF05
:107B9000FFFFFFFFFFFFFFFFFFFFFFFFFFFFFFFFF5
:107BA000FFFFFFFFFFFFFFFFFFFFFFFFFFFFFFFFE5
:107BB000FFFFFFFFFFFFFFFFFFFFFFFFFFFFFFFFD5
:107BC000FFFFFFFFFFFFFFFFFFFFFFFFFFFFFFFFC5
:107BD000FFFFFFFFFFFFFFFFFFFFFFFFFFFFFFFFB5
:107BE000FFFFFFFFFFFFFFFFFFFFFFFFFFFFFFFFA5
:107BF000FFFFFFFFFFFFFFFFFFFFFFFFFFFFFFFF95
:107C0000FFFFFFFFFFFFFFFFFFFFFFFFFFFFFFFF84
:107C1000FFFFFFFFFFFFFFFFFFFFFFFFFFFFFFFF74
:107C2000FFFFFFFFFFFFFFFFFFFFFFFFFFFFFFFF64
:107C3000FFFFFFFFFFFFFFFFFFFFFFFFFFFFFFFF54
:107C4000FFFFFFFFFFFFFFFFFFFFFFFFFFFFFFFF44
:107C5000FFFFFFFFFFFFFFFFFFFFFFFFFFFFFFFF34
:107C6000FFFFFFFFFFFFFFFFFFFFFFFFFFFFFFFF24
:107C7000FFFFFFFFFFFFFFFFFFFFFFFFFFFFFFFF14
:107C8000FFFFFFFFFFFFFFFFFFFFFFFFFFFFFFFF04
:107C9000FFFFFFFFFFFFFFFFFFFFFFFFFFFFFFFFF4
:107CA000FFFFFFFFFFFFFFFFFFFFFFFFFFFFFFFFE4
:107CB000FFFFFFFFFFFFFFFFFFFFFFFFFFFFFFFFD4
:107CC000FFFFFFFFFFFFFFFFFFFFFFFFFFFFFFFFC4
:107CD000FFFFFFFFFFFFFFFFFFFFFFFFFFFFFFFFB4
:107CE000FFFFFFFFFFFFFFFFFFFFFFFFFFFFFFFFA4
:107CF000FFFFFFFFFFFFFFFFFFFFFFFFFFFFFFFF94
:107D0000FFFFFFFFFFFFFFFFFFFFFFFFFFFFFFFF83
:107D1000FFFFFFFFFFFFFFFFFFFFFFFFFFFFFFFF73
:107D2000FFFFFFFFFFFFFFFFFFFFFFFFFFFFFFFF63
:107D3000FFFFFFFFFFFFFFFFFFFFFFFFFFFFFFFF53
:107D4000FFFFFFFFFFFFFFFFFFFFFFFFFFFFFFFF43
:107D5000FFFFFFFFFFFFFFFFFFFFFFFFFFFFFFFF33
:107D6000FFFFFFFFFFFFFFFFFFFFFFFFFFFFFFFF23
:107D7000FFFFFFFFFFFFFFFFFFFFFFFFFFFFFFFF13
:107D8000FFFFFFFFFFFFFFFFFFFFFFFFFFFFFFFF03
:107D9000FFFFFFFFFFFFFFFFFFFFFFFFFFFFFFFFF3
:107DA000FFFFFFFFFFFFFFFFFFFFFFFFFFFFFFFFE3
:107DB000FFFFFFFFFFFFFFFFFFFFFFFFFFFFFFFFD3
:107DC000FFFFFFFFFFFFFFFFFFFFFFFFFFFFFFFFC3
:107DD000FFFFFFFFFFFFFFFFFFFFFFFFFFFFFFFFB3
:107DE000FFFFFFFFFFFFFFFFFFFFFFFFFFFFFFFFA3
:107DF000FFFFFFFFFFFFFFFFFFFFFFFFFFFFFFFF93
:107E0000FFFFFFFFFFFFFFFFFFFFFFFFFFFFFFFF82
:107E1000FFFFFFFFFFFFFFFFFFFFFFFFFFFFFFFF72
:107E2000FFFFFFFFFFFFFFFFFFFFFFFFFFFFFFFF62
:107E3000FFFFFFFFFFFFFFFFFFFFFFFFFFFFFFFF52
:107E4000FFFFFFFFFFFFFFFFFFFFFFFFFFFFFFFF42
:107E5000FFFFFFFFFFFFFFFFFFFFFFFFFFFFFFFF32
:107E6000FFFFFFFFFFFFFFFFFFFFFFFFFFFFFFFF22
:107E7000FFFFFFFFFFFFFFFFFFFFFFFFFFFFFFFF12
:107E8000FFFFFFFFFFFFFFFFFFFFFFFFFFFFFFFF02
:107E9000FFFFFFFFFFFFFFFFFFFFFFFFFFFFFFFFF2
:107EA000FFFFFFFFFFFFFFFFFFFFFFFFFFFFFFFFE2
:107EB000FFFFFFFFFFFFFFFFFFFFFFFFFFFFFFFFD2
:107EC000FFFFFFFFFFFFFFFFFFFFFFFFFFFFFFFFC2
:107ED000FFFFFFFFFFFFFFFFFFFFFFFFFFFFFFFFB2
:107EE000FFFFFFFFFFFFFFFFFFFFFFFFFFFFFFFFA2
:107EF000FFFFFFFFFFFFFFFFFFFFFFFFFFFFFFFF92
:107F0000FFFFFFFFFFFFFFFFFFFFFFFFFFFFFFFF81
:107F1000FFFFFFFFFFFFFFFFFFFFFFFFFFFFFFFF71
:107F2000FFFFFFFFFFFFFFFFFFFFFFFFFFFFFFFF61
:107F3000FFFFFFFFFFFFFFFFFFFFFFFFFFFFFFFF51
:107F4000FFFFFFFFFFFFFFFFFFFFFFFFFFFFFFFF41
:107F5000FFFFFFFFFFFFFFFFFFFFFFFFFFFFFFFF31
:107F6000FFFFFFFFFFFFFFFFFFFFFFFFFFFFFFFF21
:107F7000FFFFFFFFFFFFFFFFFFFFFFFFFFFFFFFF11
:107F8000FFFFFFFFFFFFFFFFFFFFFFFFFFFFFFFF01
:107F9000FFFFFFFFFFFFFFFFFFFFFFFFFFFFFFFFF1
:107FA000FFFFFFFFFFFFFFFFFFFFFFFFFFFFFFFFE1
:107FB000FFFFFFFFFFFFFFFFFFFFFFFFFFFFFFFFD1
:107FC000FFFFFFFFFFFFFFFFFFFFFFFFFFFFFFFFC1
:107FD000FFFFFFFFFFFFFFFFFFFFFFFFFFFFFFFFB1
:107FE000FFFFFFFFFFFFFFFFFFFFFFFFFFFFFFFFA1
:107FF000FFFFFFFFFFFFFFFFFFFFFFFFFFFFFFFF91
:10800000FFFFFFFFFFFFFFFFFFFFFFFFFFFFFFFF80
:10801000FFFFFFFFFFFFFFFFFFFFFFFFFFFFFFFF70
:10802000FFFFFFFFFFFFFFFFFFFFFFFFFFFFFFFF60
:10803000FFFFFFFFFFFFFFFFFFFFFFFFFFFFFFFF50
:10804000FFFFFFFFFFFFFFFFFFFFFFFFFFFFFFFF40
:10805000FFFFFFFFFFFFFFFFFFFFFFFFFFFFFFFF30
:10806000FFFFFFFFFFFFFFFFFFFFFFFFFFFFFFFF20
:10807000FFFFFFFFFFFFFFFFFFFFFFFFFFFFFFFF10
:10808000FFFFFFFFFFFFFFFFFFFFFFFFFFFFFFFF00
:10809000FFFFFFFFFFFFFFFFFFFFFFFFFFFFFFFFF0
:1080A000FFFFFFFFFFFFFFFFFFFFFFFFFFFFFFFFE0
:1080B000FFFFFFFFFFFFFFFFFFFFFFFFFFFFFFFFD0
:1080C000FFFFFFFFFFFFFFFFFFFFFFFFFFFFFFFFC0
:1080D000FFFFFFFFFFFFFFFFFFFFFFFFFFFFFFFFB0
:1080E000FFFFFFFFFFFFFFFFFFFFFFFFFFFFFFFFA0
:1080F000FFFFFFFFFFFFFFFFFFFFFFFFFFFFFFFF90
:10810000FFFFFFFFFFFFFFFFFFFFFFFFFFFFFFFF7F
:10811000FFFFFFFFFFFFFFFFFFFFFFFFFFFFFFFF6F
:10812000FFFFFFFFFFFFFFFFFFFFFFFFFFFFFFFF5F
:10813000FFFFFFFFFFFFFFFFFFFFFFFFFFFFFFFF4F
:10814000FFFFFFFFFFFFFFFFFFFFFFFFFFFFFFFF3F
:10815000FFFFFFFFFFFFFFFFFFFFFFFFFFFFFFFF2F
:10816000FFFFFFFFFFFFFFFFFFFFFFFFFFFFFFFF1F
:10817000FFFFFFFFFFFFFFFFFFFFFFFFFFFFFFFF0F
:10818000FFFFFFFFFFFFFFFFFFFFFFFFFFFFFFFFFF
:10819000FFFFFFFFFFFFFFFFFFFFFFFFFFFFFFFFEF
:1081A000FFFFFFFFFFFFFFFFFFFFFFFFFFFFFFFFDF
:1081B000FFFFFFFFFFFFFFFFFFFFFFFFFFFFFFFFCF
:1081C000FFFFFFFFFFFFFFFFFFFFFFFFFFFFFFFFBF
:1081D000FFFFFFFFFFFFFFFFFFFFFFFFFFFFFFFFAF
:1081E000FFFFFFFFFFFFFFFFFFFFFFFFFFFFFFFF9F
:1081F000FFFFFFFFFFFFFFFFFFFFFFFFFFFFFFFF8F
:10820000FFFFFFFFFFFFFFFFFFFFFFFFFFFFFFFF7E
:10821000FFFFFFFFFFFFFFFFFFFFFFFFFFFFFFFF6E
:10822000FFFFFFFFFFFFFFFFFFFFFFFFFFFFFFFF5E
:10823000FFFFFFFFFFFFFFFFFFFFFFFFFFFFFFFF4E
:10824000FFFFFFFFFFFFFFFFFFFFFFFFFFFFFFFF3E
:10825000FFFFFFFFFFFFFFFFFFFFFFFFFFFFFFFF2E
:10826000FFFFFFFFFFFFFFFFFFFFFFFFFFFFFFFF1E
:10827000FFFFFFFFFFFFFFFFFFFFFFFFFFFFFFFF0E
:10828000FFFFFFFFFFFFFFFFFFFFFFFFFFFFFFFFFE
:10829000FFFFFFFFFFFFFFFFFFFFFFFFFFFFFFFFEE
:1082A000FFFFFFFFFFFFFFFFFFFFFFFFFFFFFFFFDE
:1082B000FFFFFFFFFFFFFFFFFFFFFFFFFFFFFFFFCE
:1082C000FFFFFFFFFFFFFFFFFFFFFFFFFFFFFFFFBE
:1082D000FFFFFFFFFFFFFFFFFFFFFFFFFFFFFFFFAE
:1082E000FFFFFFFFFFFFFFFFFFFFFFFFFFFFFFFF9E
:1082F000FFFFFFFFFFFFFFFFFFFFFFFFFFFFFFFF8E
:10830000FFFFFFFFFFFFFFFFFFFFFFFFFFFFFFFF7D
:10831000FFFFFFFFFFFFFFFFFFFFFFFFFFFFFFFF6D
:10832000FFFFFFFFFFFFFFFFFFFFFFFFFFFFFFFF5D
:10833000FFFFFFFFFFFFFFFFFFFFFFFFFFFFFFFF4D
:10834000FFFFFFFFFFFFFFFFFFFFFFFFFFFFFFFF3D
:10835000FFFFFFFFFFFFFFFFFFFFFFFFFFFFFFFF2D
:10836000FFFFFFFFFFFFFFFFFFFFFFFFFFFFFFFF1D
:10837000FFFFFFFFFFFFFFFFFFFFFFFFFFFFFFFF0D
:10838000FFFFFFFFFFFFFFFFFFFFFFFFFFFFFFFFFD
:10839000FFFFFFFFFFFFFFFFFFFFFFFFFFFFFFFFED
:1083A000FFFFFFFFFFFFFFFFFFFFFFFFFFFFFFFFDD
:1083B000FFFFFFFFFFFFFFFFFFFFFFFFFFFFFFFFCD
:1083C000FFFFFFFFFFFFFFFFFFFFFFFFFFFFFFFFBD
:1083D000FFFFFFFFFFFFFFFFFFFFFFFFFFFFFFFFAD
:1083E000FFFFFFFFFFFFFFFFFFFFFFFFFFFFFFFF9D
:1083F000FFFFFFFFFFFFFFFFFFFFFFFFFFFFFFFF8D
:10840000FFFFFFFFFFFFFFFFFFFFFFFFFFFFFFFF7C
:10841000FFFFFFFFFFFFFFFFFFFFFFFFFFFFFFFF6C
:10842000FFFFFFFFFFFFFFFFFFFFFFFFFFFFFFFF5C
:10843000FFFFFFFFFFFFFFFFFFFFFFFFFFFFFFFF4C
:10844000FFFFFFFFFFFFFFFFFFFFFFFFFFFFFFFF3C
:10845000FFFFFFFFFFFFFFFFFFFFFFFFFFFFFFFF2C
:10846000FFFFFFFFFFFFFFFFFFFFFFFFFFFFFFFF1C
:10847000FFFFFFFFFFFFFFFFFFFFFFFFFFFFFFFF0C
:10848000FFFFFFFFFFFFFFFFFFFFFFFFFFFFFFFFFC
:10849000FFFFFFFFFFFFFFFFFFFFFFFFFFFFFFFFEC
:1084A000FFFFFFFFFFFFFFFFFFFFFFFFFFFFFFFFDC
:1084B000FFFFFFFFFFFFFFFFFFFFFFFFFFFFFFFFCC
:1084C000FFFFFFFFFFFFFFFFFFFFFFFFFFFFFFFFBC
:1084D000FFFFFFFFFFFFFFFFFFFFFFFFFFFFFFFFAC
:1084E000FFFFFFFFFFFFFFFFFFFFFFFFFFFFFFFF9C
:1084F000FFFFFFFFFFFFFFFFFFFFFFFFFFFFFFFF8C
:10850000FFFFFFFFFFFFFFFFFFFFFFFFFFFFFFFF7B
:10851000FFFFFFFFFFFFFFFFFFFFFFFFFFFFFFFF6B
:10852000FFFFFFFFFFFFFFFFFFFFFFFFFFFFFFFF5B
:10853000FFFFFFFFFFFFFFFFFFFFFFFFFFFFFFFF4B
:10854000FFFFFFFFFFFFFFFFFFFFFFFFFFFFFFFF3B
:10855000FFFFFFFFFFFFFFFFFFFFFFFFFFFFFFFF2B
:10856000FFFFFFFFFFFFFFFFFFFFFFFFFFFFFFFF1B
:10857000FFFFFFFFFFFFFFFFFFFFFFFFFFFFFFFF0B
:10858000FFFFFFFFFFFFFFFFFFFFFFFFFFFFFFFFFB
:10859000FFFFFFFFFFFFFFFFFFFFFFFFFFFFFFFFEB
:1085A000FFFFFFFFFFFFFFFFFFFFFFFFFFFFFFFFDB
:1085B000FFFFFFFFFFFFFFFFFFFFFFFFFFFFFFFFCB
:1085C000FFFFFFFFFFFFFFFFFFFFFFFFFFFFFFFFBB
:1085D000FFFFFFFFFFFFFFFFFFFFFFFFFFFFFFFFAB
:1085E000FFFFFFFFFFFFFFFFFFFFFFFFFFFFFFFF9B
:1085F000FFFFFFFFFFFFFFFFFFFFFFFFFFFFFFFF8B
:10860000FFFFFFFFFFFFFFFFFFFFFFFFFFFFFFFF7A
:10861000FFFFFFFFFFFFFFFFFFFFFFFFFFFFFFFF6A
:10862000FFFFFFFFFFFFFFFFFFFFFFFFFFFFFFFF5A
:10863000FFFFFFFFFFFFFFFFFFFFFFFFFFFFFFFF4A
:10864000FFFFFFFFFFFFFFFFFFFFFFFFFFFFFFFF3A
:10865000FFFFFFFFFFFFFFFFFFFFFFFFFFFFFFFF2A
:10866000FFFFFFFFFFFFFFFFFFFFFFFFFFFFFFFF1A
:10867000FFFFFFFFFFFFFFFFFFFFFFFFFFFFFFFF0A
:10868000FFFFFFFFFFFFFFFFFFFFFFFFFFFFFFFFFA
:10869000FFFFFFFFFFFFFFFFFFFFFFFFFFFFFFFFEA
:1086A000FFFFFFFFFFFFFFFFFFFFFFFFFFFFFFFFDA
:1086B000FFFFFFFFFFFFFFFFFFFFFFFFFFFFFFFFCA
:1086C000FFFFFFFFFFFFFFFFFFFFFFFFFFFFFFFFBA
:1086D000FFFFFFFFFFFFFFFFFFFFFFFFFFFFFFFFAA
:1086E000FFFFFFFFFFFFFFFFFFFFFFFFFFFFFFFF9A
:1086F000FFFFFFFFFFFFFFFFFFFFFFFFFFFFFFFF8A
:10870000FFFFFFFFFFFFFFFFFFFFFFFFFFFFFFFF79
:10871000FFFFFFFFFFFFFFFFFFFFFFFFFFFFFFFF69
:10872000FFFFFFFFFFFFFFFFFFFFFFFFFFFFFFFF59
:10873000FFFFFFFFFFFFFFFFFFFFFFFFFFFFFFFF49
:10874000FFFFFFFFFFFFFFFFFFFFFFFFFFFFFFFF39
:10875000FFFFFFFFFFFFFFFFFFFFFFFFFFFFFFFF29
:10876000FFFFFFFFFFFFFFFFFFFFFFFFFFFFFFFF19
:10877000FFFFFFFFFFFFFFFFFFFFFFFFFFFFFFFF09
:10878000FFFFFFFFFFFFFFFFFFFFFFFFFFFFFFFFF9
:10879000FFFFFFFFFFFFFFFFFFFFFFFFFFFFFFFFE9
:1087A000FFFFFFFFFFFFFFFFFFFFFFFFFFFFFFFFD9
:1087B000FFFFFFFFFFFFFFFFFFFFFFFFFFFFFFFFC9
:1087C000FFFFFFFFFFFFFFFFFFFFFFFFFFFFFFFFB9
:1087D000FFFFFFFFFFFFFFFFFFFFFFFFFFFFFFFFA9
:1087E000FFFFFFFFFFFFFFFFFFFFFFFFFFFFFFFF99
:1087F000FFFFFFFFFFFFFFFFFFFFFFFFFFFFFFFF89
:10880000FFFFFFFFFFFFFFFFFFFFFFFFFFFFFFFF78
:10881000FFFFFFFFFFFFFFFFFFFFFFFFFFFFFFFF68
:10882000FFFFFFFFFFFFFFFFFFFFFFFFFFFFFFFF58
:10883000FFFFFFFFFFFFFFFFFFFFFFFFFFFFFFFF48
:10884000FFFFFFFFFFFFFFFFFFFFFFFFFFFFFFFF38
:10885000FFFFFFFFFFFFFFFFFFFFFFFFFFFFFFFF28
:10886000FFFFFFFFFFFFFFFFFFFFFFFFFFFFFFFF18
:10887000FFFFFFFFFFFFFFFFFFFFFFFFFFFFFFFF08
:10888000FFFFFFFFFFFFFFFFFFFFFFFFFFFFFFFFF8
:10889000FFFFFFFFFFFFFFFFFFFFFFFFFFFFFFFFE8
:1088A000FFFFFFFFFFFFFFFFFFFFFFFFFFFFFFFFD8
:1088B000FFFFFFFFFFFFFFFFFFFFFFFFFFFFFFFFC8
:1088C000FFFFFFFFFFFFFFFFFFFFFFFFFFFFFFFFB8
:1088D000FFFFFFFFFFFFFFFFFFFFFFFFFFFFFFFFA8
:1088E000FFFFFFFFFFFFFFFFFFFFFFFFFFFFFFFF98
:1088F000FFFFFFFFFFFFFFFFFFFFFFFFFFFFFFFF88
:10890000FFFFFFFFFFFFFFFFFFFFFFFFFFFFFFFF77
:10891000FFFFFFFFFFFFFFFFFFFFFFFFFFFFFFFF67
:10892000FFFFFFFFFFFFFFFFFFFFFFFFFFFFFFFF57
:10893000FFFFFFFFFFFFFFFFFFFFFFFFFFFFFFFF47
:10894000FFFFFFFFFFFFFFFFFFFFFFFFFFFFFFFF37
:10895000FFFFFFFFFFFFFFFFFFFFFFFFFFFFFFFF27
:10896000FFFFFFFFFFFFFFFFFFFFFFFFFFFFFFFF17
:10897000FFFFFFFFFFFFFFFFFFFFFFFFFFFFFFFF07
:10898000FFFFFFFFFFFFFFFFFFFFFFFFFFFFFFFFF7
:10899000FFFFFFFFFFFFFFFFFFFFFFFFFFFFFFFFE7
:1089A000FFFFFFFFFFFFFFFFFFFFFFFFFFFFFFFFD7
:1089B000FFFFFFFFFFFFFFFFFFFFFFFFFFFFFFFFC7
:1089C000FFFFFFFFFFFFFFFFFFFFFFFFFFFFFFFFB7
:1089D000FFFFFFFFFFFFFFFFFFFFFFFFFFFFFFFFA7
:1089E000FFFFFFFFFFFFFFFFFFFFFFFFFFFFFFFF97
:1089F000FFFFFFFFFFFFFFFFFFFFFFFFFFFFFFFF87
:108A0000FFFFFFFFFFFFFFFFFFFFFFFFFFFFFFFF76
:108A1000FFFFFFFFFFFFFFFFFFFFFFFFFFFFFFFF66
:108A2000FFFFFFFFFFFFFFFFFFFFFFFFFFFFFFFF56
:108A3000FFFFFFFFFFFFFFFFFFFFFFFFFFFFFFFF46
:108A4000FFFFFFFFFFFFFFFFFFFFFFFFFFFFFFFF36
:108A5000FFFFFFFFFFFFFFFFFFFFFFFFFFFFFFFF26
:108A6000FFFFFFFFFFFFFFFFFFFFFFFFFFFFFFFF16
:108A7000FFFFFFFFFFFFFFFFFFFFFFFFFFFFFFFF06
:108A8000FFFFFFFFFFFFFFFFFFFFFFFFFFFFFFFFF6
:108A9000FFFFFFFFFFFFFFFFFFFFFFFFFFFFFFFFE6
:108AA000FFFFFFFFFFFFFFFFFFFFFFFFFFFFFFFFD6
:108AB000FFFFFFFFFFFFFFFFFFFFFFFFFFFFFFFFC6
:108AC000FFFFFFFFFFFFFFFFFFFFFFFFFFFFFFFFB6
:108AD000FFFFFFFFFFFFFFFFFFFFFFFFFFFFFFFFA6
:108AE000FFFFFFFFFFFFFFFFFFFFFFFFFFFFFFFF96
:108AF000FFFFFFFFFFFFFFFFFFFFFFFFFFFFFFFF86
:108B0000FFFFFFFFFFFFFFFFFFFFFFFFFFFFFFFF75
:108B1000FFFFFFFFFFFFFFFFFFFFFFFFFFFFFFFF65
:108B2000FFFFFFFFFFFFFFFFFFFFFFFFFFFFFFFF55
:108B3000FFFFFFFFFFFFFFFFFFFFFFFFFFFFFFFF45
:108B4000FFFFFFFFFFFFFFFFFFFFFFFFFFFFFFFF35
:108B5000FFFFFFFFFFFFFFFFFFFFFFFFFFFFFFFF25
:108B6000FFFFFFFFFFFFFFFFFFFFFFFFFFFFFFFF15
:108B7000FFFFFFFFFFFFFFFFFFFFFFFFFFFFFFFF05
:108B8000FFFFFFFFFFFFFFFFFFFFFFFFFFFFFFFFF5
:108B9000FFFFFFFFFFFFFFFFFFFFFFFFFFFFFFFFE5
:108BA000FFFFFFFFFFFFFFFFFFFFFFFFFFFFFFFFD5
:108BB000FFFFFFFFFFFFFFFFFFFFFFFFFFFFFFFFC5
:108BC000FFFFFFFFFFFFFFFFFFFFFFFFFFFFFFFFB5
:108BD000FFFFFFFFFFFFFFFFFFFFFFFFFFFFFFFFA5
:108BE000FFFFFFFFFFFFFFFFFFFFFFFFFFFFFFFF95
:108BF000FFFFFFFFFFFFFFFFFFFFFFFFFFFFFFFF85
:108C0000FFFFFFFFFFFFFFFFFFFFFFFFFFFFFFFF74
:108C1000FFFFFFFFFFFFFFFFFFFFFFFFFFFFFFFF64
:108C2000FFFFFFFFFFFFFFFFFFFFFFFFFFFFFFFF54
:108C3000FFFFFFFFFFFFFFFFFFFFFFFFFFFFFFFF44
:108C4000FFFFFFFFFFFFFFFFFFFFFFFFFFFFFFFF34
:108C5000FFFFFFFFFFFFFFFFFFFFFFFFFFFFFFFF24
:108C6000FFFFFFFFFFFFFFFFFFFFFFFFFFFFFFFF14
:108C7000FFFFFFFFFFFFFFFFFFFFFFFFFFFFFFFF04
:108C8000FFFFFFFFFFFFFFFFFFFFFFFFFFFFFFFFF4
:108C9000FFFFFFFFFFFFFFFFFFFFFFFFFFFFFFFFE4
:108CA000FFFFFFFFFFFFFFFFFFFFFFFFFFFFFFFFD4
:108CB000FFFFFFFFFFFFFFFFFFFFFFFFFFFFFFFFC4
:108CC000FFFFFFFFFFFFFFFFFFFFFFFFFFFFFFFFB4
:108CD000FFFFFFFFFFFFFFFFFFFFFFFFFFFFFFFFA4
:108CE000FFFFFFFFFFFFFFFFFFFFFFFFFFFFFFFF94
:108CF000FFFFFFFFFFFFFFFFFFFFFFFFFFFFFFFF84
:108D0000FFFFFFFFFFFFFFFFFFFFFFFFFFFFFFFF73
:108D1000FFFFFFFFFFFFFFFFFFFFFFFFFFFFFFFF63
:108D2000FFFFFFFFFFFFFFFFFFFFFFFFFFFFFFFF53
:108D3000FFFFFFFFFFFFFFFFFFFFFFFFFFFFFFFF43
:108D4000FFFFFFFFFFFFFFFFFFFFFFFFFFFFFFFF33
:108D5000FFFFFFFFFFFFFFFFFFFFFFFFFFFFFFFF23
:108D6000FFFFFFFFFFFFFFFFFFFFFFFFFFFFFFFF13
:108D7000FFFFFFFFFFFFFFFFFFFFFFFFFFFFFFFF03
:108D8000FFFFFFFFFFFFFFFFFFFFFFFFFFFFFFFFF3
:108D9000FFFFFFFFFFFFFFFFFFFFFFFFFFFFFFFFE3
:108DA000FFFFFFFFFFFFFFFFFFFFFFFFFFFFFFFFD3
:108DB000FFFFFFFFFFFFFFFFFFFFFFFFFFFFFFFFC3
:108DC000FFFFFFFFFFFFFFFFFFFFFFFFFFFFFFFFB3
:108DD000FFFFFFFFFFFFFFFFFFFFFFFFFFFFFFFFA3
:108DE000FFFFFFFFFFFFFFFFFFFFFFFFFFFFFFFF93
:108DF000FFFFFFFFFFFFFFFFFFFFFFFFFFFFFFFF83
:108E0000FFFFFFFFFFFFFFFFFFFFFFFFFFFFFFFF72
:108E1000FFFFFFFFFFFFFFFFFFFFFFFFFFFFFFFF62
:108E2000FFFFFFFFFFFFFFFFFFFFFFFFFFFFFFFF52
:108E3000FFFFFFFFFFFFFFFFFFFFFFFFFFFFFFFF42
:108E4000FFFFFFFFFFFFFFFFFFFFFFFFFFFFFFFF32
:108E5000FFFFFFFFFFFFFFFFFFFFFFFFFFFFFFFF22
:108E6000FFFFFFFFFFFFFFFFFFFFFFFFFFFFFFFF12
:108E7000FFFFFFFFFFFFFFFFFFFFFFFFFFFFFFFF02
:108E8000FFFFFFFFFFFFFFFFFFFFFFFFFFFFFFFFF2
:108E9000FFFFFFFFFFFFFFFFFFFFFFFFFFFFFFFFE2
:108EA000FFFFFFFFFFFFFFFFFFFFFFFFFFFFFFFFD2
:108EB000FFFFFFFFFFFFFFFFFFFFFFFFFFFFFFFFC2
:108EC000FFFFFFFFFFFFFFFFFFFFFFFFFFFFFFFFB2
:108ED000FFFFFFFFFFFFFFFFFFFFFFFFFFFFFFFFA2
:108EE000FFFFFFFFFFFFFFFFFFFFFFFFFFFFFFFF92
:108EF000FFFFFFFFFFFFFFFFFFFFFFFFFFFFFFFF82
:108F0000FFFFFFFFFFFFFFFFFFFFFFFFFFFFFFFF71
:108F1000FFFFFFFFFFFFFFFFFFFFFFFFFFFFFFFF61
:108F2000FFFFFFFFFFFFFFFFFFFFFFFFFFFFFFFF51
:108F3000FFFFFFFFFFFFFFFFFFFFFFFFFFFFFFFF41
:108F4000FFFFFFFFFFFFFFFFFFFFFFFFFFFFFFFF31
:108F5000FFFFFFFFFFFFFFFFFFFFFFFFFFFFFFFF21
:108F6000FFFFFFFFFFFFFFFFFFFFFFFFFFFFFFFF11
:108F7000FFFFFFFFFFFFFFFFFFFFFFFFFFFFFFFF01
:108F8000FFFFFFFFFFFFFFFFFFFFFFFFFFFFFFFFF1
:108F9000FFFFFFFFFFFFFFFFFFFFFFFFFFFFFFFFE1
:108FA000FFFFFFFFFFFFFFFFFFFFFFFFFFFFFFFFD1
:108FB000FFFFFFFFFFFFFFFFFFFFFFFFFFFFFFFFC1
:108FC000FFFFFFFFFFFFFFFFFFFFFFFFFFFFFFFFB1
:108FD000FFFFFFFFFFFFFFFFFFFFFFFFFFFFFFFFA1
:108FE000FFFFFFFFFFFFFFFFFFFFFFFFFFFFFFFF91
:108FF000FFFFFFFFFFFFFFFFFFFFFFFFFFFFFFFF81
:10900000FFFFFFFFFFFFFFFFFFFFFFFFFFFFFFFF70
:10901000FFFFFFFFFFFFFFFFFFFFFFFFFFFFFFFF60
:10902000FFFFFFFFFFFFFFFFFFFFFFFFFFFFFFFF50
:10903000FFFFFFFFFFFFFFFFFFFFFFFFFFFFFFFF40
:10904000FFFFFFFFFFFFFFFFFFFFFFFFFFFFFFFF30
:10905000FFFFFFFFFFFFFFFFFFFFFFFFFFFFFFFF20
:10906000FFFFFFFFFFFFFFFFFFFFFFFFFFFFFFFF10
:10907000FFFFFFFFFFFFFFFFFFFFFFFFFFFFFFFF00
:10908000FFFFFFFFFFFFFFFFFFFFFFFFFFFFFFFFF0
:10909000FFFFFFFFFFFFFFFFFFFFFFFFFFFFFFFFE0
:1090A000FFFFFFFFFFFFFFFFFFFFFFFFFFFFFFFFD0
:1090B000FFFFFFFFFFFFFFFFFFFFFFFFFFFFFFFFC0
:1090C000FFFFFFFFFFFFFFFFFFFFFFFFFFFFFFFFB0
:1090D000FFFFFFFFFFFFFFFFFFFFFFFFFFFFFFFFA0
:1090E000FFFFFFFFFFFFFFFFFFFFFFFFFFFFFFFF90
:1090F000FFFFFFFFFFFFFFFFFFFFFFFFFFFFFFFF80
:10910000FFFFFFFFFFFFFFFFFFFFFFFFFFFFFFFF6F
:10911000FFFFFFFFFFFFFFFFFFFFFFFFFFFFFFFF5F
:10912000FFFFFFFFFFFFFFFFFFFFFFFFFFFFFFFF4F
:10913000FFFFFFFFFFFFFFFFFFFFFFFFFFFFFFFF3F
:10914000FFFFFFFFFFFFFFFFFFFFFFFFFFFFFFFF2F
:10915000FFFFFFFFFFFFFFFFFFFFFFFFFFFFFFFF1F
:10916000FFFFFFFFFFFFFFFFFFFFFFFFFFFFFFFF0F
:10917000FFFFFFFFFFFFFFFFFFFFFFFFFFFFFFFFFF
:10918000FFFFFFFFFFFFFFFFFFFFFFFFFFFFFFFFEF
:10919000FFFFFFFFFFFFFFFFFFFFFFFFFFFFFFFFDF
:1091A000FFFFFFFFFFFFFFFFFFFFFFFFFFFFFFFFCF
:1091B000FFFFFFFFFFFFFFFFFFFFFFFFFFFFFFFFBF
:1091C000FFFFFFFFFFFFFFFFFFFFFFFFFFFFFFFFAF
:1091D000FFFFFFFFFFFFFFFFFFFFFFFFFFFFFFFF9F
:1091E000FFFFFFFFFFFFFFFFFFFFFFFFFFFFFFFF8F
:1091F000FFFFFFFFFFFFFFFFFFFFFFFFFFFFFFFF7F
:10920000FFFFFFFFFFFFFFFFFFFFFFFFFFFFFFFF6E
:10921000FFFFFFFFFFFFFFFFFFFFFFFFFFFFFFFF5E
:10922000FFFFFFFFFFFFFFFFFFFFFFFFFFFFFFFF4E
:10923000FFFFFFFFFFFFFFFFFFFFFFFFFFFFFFFF3E
:10924000FFFFFFFFFFFFFFFFFFFFFFFFFFFFFFFF2E
:10925000FFFFFFFFFFFFFFFFFFFFFFFFFFFFFFFF1E
:10926000FFFFFFFFFFFFFFFFFFFFFFFFFFFFFFFF0E
:10927000FFFFFFFFFFFFFFFFFFFFFFFFFFFFFFFFFE
:10928000FFFFFFFFFFFFFFFFFFFFFFFFFFFFFFFFEE
:10929000FFFFFFFFFFFFFFFFFFFFFFFFFFFFFFFFDE
:1092A000FFFFFFFFFFFFFFFFFFFFFFFFFFFFFFFFCE
:1092B000FFFFFFFFFFFFFFFFFFFFFFFFFFFFFFFFBE
:1092C000FFFFFFFFFFFFFFFFFFFFFFFFFFFFFFFFAE
:1092D000FFFFFFFFFFFFFFFFFFFFFFFFFFFFFFFF9E
:1092E000FFFFFFFFFFFFFFFFFFFFFFFFFFFFFFFF8E
:1092F000FFFFFFFFFFFFFFFFFFFFFFFFFFFFFFFF7E
:10930000FFFFFFFFFFFFFFFFFFFFFFFFFFFFFFFF6D
:10931000FFFFFFFFFFFFFFFFFFFFFFFFFFFFFFFF5D
:10932000FFFFFFFFFFFFFFFFFFFFFFFFFFFFFFFF4D
:10933000FFFFFFFFFFFFFFFFFFFFFFFFFFFFFFFF3D
:10934000FFFFFFFFFFFFFFFFFFFFFFFFFFFFFFFF2D
:10935000FFFFFFFFFFFFFFFFFFFFFFFFFFFFFFFF1D
:10936000FFFFFFFFFFFFFFFFFFFFFFFFFFFFFFFF0D
:10937000FFFFFFFFFFFFFFFFFFFFFFFFFFFFFFFFFD
:10938000FFFFFFFFFFFFFFFFFFFFFFFFFFFFFFFFED
:10939000FFFFFFFFFFFFFFFFFFFFFFFFFFFFFFFFDD
:1093A000FFFFFFFFFFFFFFFFFFFFFFFFFFFFFFFFCD
:1093B000FFFFFFFFFFFFFFFFFFFFFFFFFFFFFFFFBD
:1093C000FFFFFFFFFFFFFFFFFFFFFFFFFFFFFFFFAD
:1093D000FFFFFFFFFFFFFFFFFFFFFFFFFFFFFFFF9D
:1093E000FFFFFFFFFFFFFFFFFFFFFFFFFFFFFFFF8D
:1093F000FFFFFFFFFFFFFFFFFFFFFFFFFFFFFFFF7D
:10940000FFFFFFFFFFFFFFFFFFFFFFFFFFFFFFFF6C
:10941000FFFFFFFFFFFFFFFFFFFFFFFFFFFFFFFF5C
:10942000FFFFFFFFFFFFFFFFFFFFFFFFFFFFFFFF4C
:10943000FFFFFFFFFFFFFFFFFFFFFFFFFFFFFFFF3C
:10944000FFFFFFFFFFFFFFFFFFFFFFFFFFFFFFFF2C
:10945000FFFFFFFFFFFFFFFFFFFFFFFFFFFFFFFF1C
:10946000FFFFFFFFFFFFFFFFFFFFFFFFFFFFFFFF0C
:10947000FFFFFFFFFFFFFFFFFFFFFFFFFFFFFFFFFC
:10948000FFFFFFFFFFFFFFFFFFFFFFFFFFFFFFFFEC
:10949000FFFFFFFFFFFFFFFFFFFFFFFFFFFFFFFFDC
:1094A000FFFFFFFFFFFFFFFFFFFFFFFFFFFFFFFFCC
:1094B000FFFFFFFFFFFFFFFFFFFFFFFFFFFFFFFFBC
:1094C000FFFFFFFFFFFFFFFFFFFFFFFFFFFFFFFFAC
:1094D000FFFFFFFFFFFFFFFFFFFFFFFFFFFFFFFF9C
:1094E000FFFFFFFFFFFFFFFFFFFFFFFFFFFFFFFF8C
:1094F000FFFFFFFFFFFFFFFFFFFFFFFFFFFFFFFF7C
:10950000FFFFFFFFFFFFFFFFFFFFFFFFFFFFFFFF6B
:10951000FFFFFFFFFFFFFFFFFFFFFFFFFFFFFFFF5B
:10952000FFFFFFFFFFFFFFFFFFFFFFFFFFFFFFFF4B
:10953000FFFFFFFFFFFFFFFFFFFFFFFFFFFFFFFF3B
:10954000FFFFFFFFFFFFFFFFFFFFFFFFFFFFFFFF2B
:10955000FFFFFFFFFFFFFFFFFFFFFFFFFFFFFFFF1B
:10956000FFFFFFFFFFFFFFFFFFFFFFFFFFFFFFFF0B
:10957000FFFFFFFFFFFFFFFFFFFFFFFFFFFFFFFFFB
:10958000FFFFFFFFFFFFFFFFFFFFFFFFFFFFFFFFEB
:10959000FFFFFFFFFFFFFFFFFFFFFFFFFFFFFFFFDB
:1095A000FFFFFFFFFFFFFFFFFFFFFFFFFFFFFFFFCB
:1095B000FFFFFFFFFFFFFFFFFFFFFFFFFFFFFFFFBB
:1095C000FFFFFFFFFFFFFFFFFFFFFFFFFFFFFFFFAB
:1095D000FFFFFFFFFFFFFFFFFFFFFFFFFFFFFFFF9B
:1095E000FFFFFFFFFFFFFFFFFFFFFFFFFFFFFFFF8B
:1095F000FFFFFFFFFFFFFFFFFFFFFFFFFFFFFFFF7B
:10960000FFFFFFFFFFFFFFFFFFFFFFFFFFFFFFFF6A
:10961000FFFFFFFFFFFFFFFFFFFFFFFFFFFFFFFF5A
:10962000FFFFFFFFFFFFFFFFFFFFFFFFFFFFFFFF4A
:10963000FFFFFFFFFFFFFFFFFFFFFFFFFFFFFFFF3A
:10964000FFFFFFFFFFFFFFFFFFFFFFFFFFFFFFFF2A
:10965000FFFFFFFFFFFFFFFFFFFFFFFFFFFFFFFF1A
:10966000FFFFFFFFFFFFFFFFFFFFFFFFFFFFFFFF0A
:10967000FFFFFFFFFFFFFFFFFFFFFFFFFFFFFFFFFA
:10968000FFFFFFFFFFFFFFFFFFFFFFFFFFFFFFFFEA
:10969000FFFFFFFFFFFFFFFFFFFFFFFFFFFFFFFFDA
:1096A000FFFFFFFFFFFFFFFFFFFFFFFFFFFFFFFFCA
:1096B000FFFFFFFFFFFFFFFFFFFFFFFFFFFFFFFFBA
:1096C000FFFFFFFFFFFFFFFFFFFFFFFFFFFFFFFFAA
:1096D000FFFFFFFFFFFFFFFFFFFFFFFFFFFFFFFF9A
:1096E000FFFFFFFFFFFFFFFFFFFFFFFFFFFFFFFF8A
:1096F000FFFFFFFFFFFFFFFFFFFFFFFFFFFFFFFF7A
:10970000FFFFFFFFFFFFFFFFFFFFFFFFFFFFFFFF69
:10971000FFFFFFFFFFFFFFFFFFFFFFFFFFFFFFFF59
:10972000FFFFFFFFFFFFFFFFFFFFFFFFFFFFFFFF49
:10973000FFFFFFFFFFFFFFFFFFFFFFFFFFFFFFFF39
:10974000FFFFFFFFFFFFFFFFFFFFFFFFFFFFFFFF29
:10975000FFFFFFFFFFFFFFFFFFFFFFFFFFFFFFFF19
:10976000FFFFFFFFFFFFFFFFFFFFFFFFFFFFFFFF09
:10977000FFFFFFFFFFFFFFFFFFFFFFFFFFFFFFFFF9
:10978000FFFFFFFFFFFFFFFFFFFFFFFFFFFFFFFFE9
:10979000FFFFFFFFFFFFFFFFFFFFFFFFFFFFFFFFD9
:1097A000FFFFFFFFFFFFFFFFFFFFFFFFFFFFFFFFC9
:1097B000FFFFFFFFFFFFFFFFFFFFFFFFFFFFFFFFB9
:1097C000FFFFFFFFFFFFFFFFFFFFFFFFFFFFFFFFA9
:1097D000FFFFFFFFFFFFFFFFFFFFFFFFFFFFFFFF99
:1097E000FFFFFFFFFFFFFFFFFFFFFFFFFFFFFFFF89
:1097F000FFFFFFFFFFFFFFFFFFFFFFFFFFFFFFFF79
:10980000FFFFFFFFFFFFFFFFFFFFFFFFFFFFFFFF68
:10981000FFFFFFFFFFFFFFFFFFFFFFFFFFFFFFFF58
:10982000FFFFFFFFFFFFFFFFFFFFFFFFFFFFFFFF48
:10983000FFFFFFFFFFFFFFFFFFFFFFFFFFFFFFFF38
:10984000FFFFFFFFFFFFFFFFFFFFFFFFFFFFFFFF28
:10985000FFFFFFFFFFFFFFFFFFFFFFFFFFFFFFFF18
:10986000FFFFFFFFFFFFFFFFFFFFFFFFFFFFFFFF08
:10987000FFFFFFFFFFFFFFFFFFFFFFFFFFFFFFFFF8
:10988000FFFFFFFFFFFFFFFFFFFFFFFFFFFFFFFFE8
:10989000FFFFFFFFFFFFFFFFFFFFFFFFFFFFFFFFD8
:1098A000FFFFFFFFFFFFFFFFFFFFFFFFFFFFFFFFC8
:1098B000FFFFFFFFFFFFFFFFFFFFFFFFFFFFFFFFB8
:1098C000FFFFFFFFFFFFFFFFFFFFFFFFFFFFFFFFA8
:1098D000FFFFFFFFFFFFFFFFFFFFFFFFFFFFFFFF98
:1098E000FFFFFFFFFFFFFFFFFFFFFFFFFFFFFFFF88
:1098F000FFFFFFFFFFFFFFFFFFFFFFFFFFFFFFFF78
:10990000FFFFFFFFFFFFFFFFFFFFFFFFFFFFFFFF67
:10991000FFFFFFFFFFFFFFFFFFFFFFFFFFFFFFFF57
:10992000FFFFFFFFFFFFFFFFFFFFFFFFFFFFFFFF47
:10993000FFFFFFFFFFFFFFFFFFFFFFFFFFFFFFFF37
:10994000FFFFFFFFFFFFFFFFFFFFFFFFFFFFFFFF27
:10995000FFFFFFFFFFFFFFFFFFFFFFFFFFFFFFFF17
:10996000FFFFFFFFFFFFFFFFFFFFFFFFFFFFFFFF07
:10997000FFFFFFFFFFFFFFFFFFFFFFFFFFFFFFFFF7
:10998000FFFFFFFFFFFFFFFFFFFFFFFFFFFFFFFFE7
:10999000FFFFFFFFFFFFFFFFFFFFFFFFFFFFFFFFD7
:1099A000FFFFFFFFFFFFFFFFFFFFFFFFFFFFFFFFC7
:1099B000FFFFFFFFFFFFFFFFFFFFFFFFFFFFFFFFB7
:1099C000FFFFFFFFFFFFFFFFFFFFFFFFFFFFFFFFA7
:1099D000FFFFFFFFFFFFFFFFFFFFFFFFFFFFFFFF97
:1099E000FFFFFFFFFFFFFFFFFFFFFFFFFFFFFFFF87
:1099F000FFFFFFFFFFFFFFFFFFFFFFFFFFFFFFFF77
:109A0000FFFFFFFFFFFFFFFFFFFFFFFFFFFFFFFF66
:109A1000FFFFFFFFFFFFFFFFFFFFFFFFFFFFFFFF56
:109A2000FFFFFFFFFFFFFFFFFFFFFFFFFFFFFFFF46
:109A3000FFFFFFFFFFFFFFFFFFFFFFFFFFFFFFFF36
:109A4000FFFFFFFFFFFFFFFFFFFFFFFFFFFFFFFF26
:109A5000FFFFFFFFFFFFFFFFFFFFFFFFFFFFFFFF16
:109A6000FFFFFFFFFFFFFFFFFFFFFFFFFFFFFFFF06
:109A7000FFFFFFFFFFFFFFFFFFFFFFFFFFFFFFFFF6
:109A8000FFFFFFFFFFFFFFFFFFFFFFFFFFFFFFFFE6
:109A9000FFFFFFFFFFFFFFFFFFFFFFFFFFFFFFFFD6
:109AA000FFFFFFFFFFFFFFFFFFFFFFFFFFFFFFFFC6
:109AB000FFFFFFFFFFFFFFFFFFFFFFFFFFFFFFFFB6
:109AC000FFFFFFFFFFFFFFFFFFFFFFFFFFFFFFFFA6
:109AD000FFFFFFFFFFFFFFFFFFFFFFFFFFFFFFFF96
:109AE000FFFFFFFFFFFFFFFFFFFFFFFFFFFFFFFF86
:109AF000FFFFFFFFFFFFFFFFFFFFFFFFFFFFFFFF76
:109B0000FFFFFFFFFFFFFFFFFFFFFFFFFFFFFFFF65
:109B1000FFFFFFFFFFFFFFFFFFFFFFFFFFFFFFFF55
:109B2000FFFFFFFFFFFFFFFFFFFFFFFFFFFFFFFF45
:109B3000FFFFFFFFFFFFFFFFFFFFFFFFFFFFFFFF35
:109B4000FFFFFFFFFFFFFFFFFFFFFFFFFFFFFFFF25
:109B5000FFFFFFFFFFFFFFFFFFFFFFFFFFFFFFFF15
:109B6000FFFFFFFFFFFFFFFFFFFFFFFFFFFFFFFF05
:109B7000FFFFFFFFFFFFFFFFFFFFFFFFFFFFFFFFF5
:109B8000FFFFFFFFFFFFFFFFFFFFFFFFFFFFFFFFE5
:109B9000FFFFFFFFFFFFFFFFFFFFFFFFFFFFFFFFD5
:109BA000FFFFFFFFFFFFFFFFFFFFFFFFFFFFFFFFC5
:109BB000FFFFFFFFFFFFFFFFFFFFFFFFFFFFFFFFB5
:109BC000FFFFFFFFFFFFFFFFFFFFFFFFFFFFFFFFA5
:109BD000FFFFFFFFFFFFFFFFFFFFFFFFFFFFFFFF95
:109BE000FFFFFFFFFFFFFFFFFFFFFFFFFFFFFFFF85
:109BF000FFFFFFFFFFFFFFFFFFFFFFFFFFFFFFFF75
:109C0000FFFFFFFFFFFFFFFFFFFFFFFFFFFFFFFF64
:109C1000FFFFFFFFFFFFFFFFFFFFFFFFFFFFFFFF54
:109C2000FFFFFFFFFFFFFFFFFFFFFFFFFFFFFFFF44
:109C3000FFFFFFFFFFFFFFFFFFFFFFFFFFFFFFFF34
:109C4000FFFFFFFFFFFFFFFFFFFFFFFFFFFFFFFF24
:109C5000FFFFFFFFFFFFFFFFFFFFFFFFFFFFFFFF14
:109C6000FFFFFFFFFFFFFFFFFFFFFFFFFFFFFFFF04
:109C7000FFFFFFFFFFFFFFFFFFFFFFFFFFFFFFFFF4
:109C8000FFFFFFFFFFFFFFFFFFFFFFFFFFFFFFFFE4
:109C9000FFFFFFFFFFFFFFFFFFFFFFFFFFFFFFFFD4
:109CA000FFFFFFFFFFFFFFFFFFFFFFFFFFFFFFFFC4
:109CB000FFFFFFFFFFFFFFFFFFFFFFFFFFFFFFFFB4
:109CC000FFFFFFFFFFFFFFFFFFFFFFFFFFFFFFFFA4
:109CD000FFFFFFFFFFFFFFFFFFFFFFFFFFFFFFFF94
:109CE000FFFFFFFFFFFFFFFFFFFFFFFFFFFFFFFF84
:109CF000FFFFFFFFFFFFFFFFFFFFFFFFFFFFFFFF74
:109D0000FFFFFFFFFFFFFFFFFFFFFFFFFFFFFFFF63
:109D1000FFFFFFFFFFFFFFFFFFFFFFFFFFFFFFFF53
:109D2000FFFFFFFFFFFFFFFFFFFFFFFFFFFFFFFF43
:109D3000FFFFFFFFFFFFFFFFFFFFFFFFFFFFFFFF33
:109D4000FFFFFFFFFFFFFFFFFFFFFFFFFFFFFFFF23
:109D5000FFFFFFFFFFFFFFFFFFFFFFFFFFFFFFFF13
:109D6000FFFFFFFFFFFFFFFFFFFFFFFFFFFFFFFF03
:109D7000FFFFFFFFFFFFFFFFFFFFFFFFFFFFFFFFF3
:109D8000FFFFFFFFFFFFFFFFFFFFFFFFFFFFFFFFE3
:109D9000FFFFFFFFFFFFFFFFFFFFFFFFFFFFFFFFD3
:109DA000FFFFFFFFFFFFFFFFFFFFFFFFFFFFFFFFC3
:109DB000FFFFFFFFFFFFFFFFFFFFFFFFFFFFFFFFB3
:109DC000FFFFFFFFFFFFFFFFFFFFFFFFFFFFFFFFA3
:109DD000FFFFFFFFFFFFFFFFFFFFFFFFFFFFFFFF93
:109DE000FFFFFFFFFFFFFFFFFFFFFFFFFFFFFFFF83
:109DF000FFFFFFFFFFFFFFFFFFFFFFFFFFFFFFFF73
:109E0000FFFFFFFFFFFFFFFFFFFFFFFFFFFFFFFF62
:109E1000FFFFFFFFFFFFFFFFFFFFFFFFFFFFFFFF52
:109E2000FFFFFFFFFFFFFFFFFFFFFFFFFFFFFFFF42
:109E3000FFFFFFFFFFFFFFFFFFFFFFFFFFFFFFFF32
:109E4000FFFFFFFFFFFFFFFFFFFFFFFFFFFFFFFF22
:109E5000FFFFFFFFFFFFFFFFFFFFFFFFFFFFFFFF12
:109E6000FFFFFFFFFFFFFFFFFFFFFFFFFFFFFFFF02
:109E7000FFFFFFFFFFFFFFFFFFFFFFFFFFFFFFFFF2
:109E8000FFFFFFFFFFFFFFFFFFFFFFFFFFFFFFFFE2
:109E9000FFFFFFFFFFFFFFFFFFFFFFFFFFFFFFFFD2
:109EA000FFFFFFFFFFFFFFFFFFFFFFFFFFFFFFFFC2
:109EB000FFFFFFFFFFFFFFFFFFFFFFFFFFFFFFFFB2
:109EC000FFFFFFFFFFFFFFFFFFFFFFFFFFFFFFFFA2
:109ED000FFFFFFFFFFFFFFFFFFFFFFFFFFFFFFFF92
:109EE000FFFFFFFFFFFFFFFFFFFFFFFFFFFFFFFF82
:109EF000FFFFFFFFFFFFFFFFFFFFFFFFFFFFFFFF72
:109F0000FFFFFFFFFFFFFFFFFFFFFFFFFFFFFFFF61
:109F1000FFFFFFFFFFFFFFFFFFFFFFFFFFFFFFFF51
:109F2000FFFFFFFFFFFFFFFFFFFFFFFFFFFFFFFF41
:109F3000FFFFFFFFFFFFFFFFFFFFFFFFFFFFFFFF31
:109F4000FFFFFFFFFFFFFFFFFFFFFFFFFFFFFFFF21
:109F5000FFFFFFFFFFFFFFFFFFFFFFFFFFFFFFFF11
:109F6000FFFFFFFFFFFFFFFFFFFFFFFFFFFFFFFF01
:109F7000FFFFFFFFFFFFFFFFFFFFFFFFFFFFFFFFF1
:109F8000FFFFFFFFFFFFFFFFFFFFFFFFFFFFFFFFE1
:109F9000FFFFFFFFFFFFFFFFFFFFFFFFFFFFFFFFD1
:109FA000FFFFFFFFFFFFFFFFFFFFFFFFFFFFFFFFC1
:109FB000FFFFFFFFFFFFFFFFFFFFFFFFFFFFFFFFB1
:109FC000FFFFFFFFFFFFFFFFFFFFFFFFFFFFFFFFA1
:109FD000FFFFFFFFFFFFFFFFFFFFFFFFFFFFFFFF91
:109FE000FFFFFFFFFFFFFFFFFFFFFFFFFFFFFFFF81
:109FF000FFFFFFFFFFFFFFFFFFFFFFFFFFFFFFFF71
:10A00000FFFFFFFFFFFFFFFFFFFFFFFFFFFFFFFF60
:10A01000FFFFFFFFFFFFFFFFFFFFFFFFFFFFFFFF50
:10A02000FFFFFFFFFFFFFFFFFFFFFFFFFFFFFFFF40
:10A03000FFFFFFFFFFFFFFFFFFFFFFFFFFFFFFFF30
:10A04000FFFFFFFFFFFFFFFFFFFFFFFFFFFFFFFF20
:10A05000FFFFFFFFFFFFFFFFFFFFFFFFFFFFFFFF10
:10A06000FFFFFFFFFFFFFFFFFFFFFFFFFFFFFFFF00
:10A07000FFFFFFFFFFFFFFFFFFFFFFFFFFFFFFFFF0
:10A08000FFFFFFFFFFFFFFFFFFFFFFFFFFFFFFFFE0
:10A09000FFFFFFFFFFFFFFFFFFFFFFFFFFFFFFFFD0
:10A0A000FFFFFFFFFFFFFFFFFFFFFFFFFFFFFFFFC0
:10A0B000FFFFFFFFFFFFFFFFFFFFFFFFFFFFFFFFB0
:10A0C000FFFFFFFFFFFFFFFFFFFFFFFFFFFFFFFFA0
:10A0D000FFFFFFFFFFFFFFFFFFFFFFFFFFFFFFFF90
:10A0E000FFFFFFFFFFFFFFFFFFFFFFFFFFFFFFFF80
:10A0F000FFFFFFFFFFFFFFFFFFFFFFFFFFFFFFFF70
:10A10000FFFFFFFFFFFFFFFFFFFFFFFFFFFFFFFF5F
:10A11000FFFFFFFFFFFFFFFFFFFFFFFFFFFFFFFF4F
:10A12000FFFFFFFFFFFFFFFFFFFFFFFFFFFFFFFF3F
:10A13000FFFFFFFFFFFFFFFFFFFFFFFFFFFFFFFF2F
:10A14000FFFFFFFFFFFFFFFFFFFFFFFFFFFFFFFF1F
:10A15000FFFFFFFFFFFFFFFFFFFFFFFFFFFFFFFF0F
:10A16000FFFFFFFFFFFFFFFFFFFFFFFFFFFFFFFFFF
:10A17000FFFFFFFFFFFFFFFFFFFFFFFFFFFFFFFFEF
:10A18000FFFFFFFFFFFFFFFFFFFFFFFFFFFFFFFFDF
:10A19000FFFFFFFFFFFFFFFFFFFFFFFFFFFFFFFFCF
:10A1A000FFFFFFFFFFFFFFFFFFFFFFFFFFFFFFFFBF
:10A1B000FFFFFFFFFFFFFFFFFFFFFFFFFFFFFFFFAF
:10A1C000FFFFFFFFFFFFFFFFFFFFFFFFFFFFFFFF9F
:10A1D000FFFFFFFFFFFFFFFFFFFFFFFFFFFFFFFF8F
:10A1E000FFFFFFFFFFFFFFFFFFFFFFFFFFFFFFFF7F
:10A1F000FFFFFFFFFFFFFFFFFFFFFFFFFFFFFFFF6F
:10A20000FFFFFFFFFFFFFFFFFFFFFFFFFFFFFFFF5E
:10A21000FFFFFFFFFFFFFFFFFFFFFFFFFFFFFFFF4E
:10A22000FFFFFFFFFFFFFFFFFFFFFFFFFFFFFFFF3E
:10A23000FFFFFFFFFFFFFFFFFFFFFFFFFFFFFFFF2E
:10A24000FFFFFFFFFFFFFFFFFFFFFFFFFFFFFFFF1E
:10A25000FFFFFFFFFFFFFFFFFFFFFFFFFFFFFFFF0E
:10A26000FFFFFFFFFFFFFFFFFFFFFFFFFFFFFFFFFE
:10A27000FFFFFFFFFFFFFFFFFFFFFFFFFFFFFFFFEE
:10A28000FFFFFFFFFFFFFFFFFFFFFFFFFFFFFFFFDE
:10A29000FFFFFFFFFFFFFFFFFFFFFFFFFFFFFFFFCE
:10A2A000FFFFFFFFFFFFFFFFFFFFFFFFFFFFFFFFBE
:10A2B000FFFFFFFFFFFFFFFFFFFFFFFFFFFFFFFFAE
:10A2C000FFFFFFFFFFFFFFFFFFFFFFFFFFFFFFFF9E
:10A2D000FFFFFFFFFFFFFFFFFFFFFFFFFFFFFFFF8E
:10A2E000FFFFFFFFFFFFFFFFFFFFFFFFFFFFFFFF7E
:10A2F000FFFFFFFFFFFFFFFFFFFFFFFFFFFFFFFF6E
:10A30000FFFFFFFFFFFFFFFFFFFFFFFFFFFFFFFF5D
:10A31000FFFFFFFFFFFFFFFFFFFFFFFFFFFFFFFF4D
:10A32000FFFFFFFFFFFFFFFFFFFFFFFFFFFFFFFF3D
:10A33000FFFFFFFFFFFFFFFFFFFFFFFFFFFFFFFF2D
:10A34000FFFFFFFFFFFFFFFFFFFFFFFFFFFFFFFF1D
:10A35000FFFFFFFFFFFFFFFFFFFFFFFFFFFFFFFF0D
:10A36000FFFFFFFFFFFFFFFFFFFFFFFFFFFFFFFFFD
:10A37000FFFFFFFFFFFFFFFFFFFFFFFFFFFFFFFFED
:10A38000FFFFFFFFFFFFFFFFFFFFFFFFFFFFFFFFDD
:10A39000FFFFFFFFFFFFFFFFFFFFFFFFFFFFFFFFCD
:10A3A000FFFFFFFFFFFFFFFFFFFFFFFFFFFFFFFFBD
:10A3B000FFFFFFFFFFFFFFFFFFFFFFFFFFFFFFFFAD
:10A3C000FFFFFFFFFFFFFFFFFFFFFFFFFFFFFFFF9D
:10A3D000FFFFFFFFFFFFFFFFFFFFFFFFFFFFFFFF8D
:10A3E000FFFFFFFFFFFFFFFFFFFFFFFFFFFFFFFF7D
:10A3F000FFFFFFFFFFFFFFFFFFFFFFFFFFFFFFFF6D
:10A40000FFFFFFFFFFFFFFFFFFFFFFFFFFFFFFFF5C
:10A41000FFFFFFFFFFFFFFFFFFFFFFFFFFFFFFFF4C
:10A42000FFFFFFFFFFFFFFFFFFFFFFFFFFFFFFFF3C
:10A43000FFFFFFFFFFFFFFFFFFFFFFFFFFFFFFFF2C
:10A44000FFFFFFFFFFFFFFFFFFFFFFFFFFFFFFFF1C
:10A45000FFFFFFFFFFFFFFFFFFFFFFFFFFFFFFFF0C
:10A46000FFFFFFFFFFFFFFFFFFFFFFFFFFFFFFFFFC
:10A47000FFFFFFFFFFFFFFFFFFFFFFFFFFFFFFFFEC
:10A48000FFFFFFFFFFFFFFFFFFFFFFFFFFFFFFFFDC
:10A49000FFFFFFFFFFFFFFFFFFFFFFFFFFFFFFFFCC
:10A4A000FFFFFFFFFFFFFFFFFFFFFFFFFFFFFFFFBC
:10A4B000FFFFFFFFFFFFFFFFFFFFFFFFFFFFFFFFAC
:10A4C000FFFFFFFFFFFFFFFFFFFFFFFFFFFFFFFF9C
:10A4D000FFFFFFFFFFFFFFFFFFFFFFFFFFFFFFFF8C
:10A4E000FFFFFFFFFFFFFFFFFFFFFFFFFFFFFFFF7C
:10A4F000FFFFFFFFFFFFFFFFFFFFFFFFFFFFFFFF6C
:10A50000FFFFFFFFFFFFFFFFFFFFFFFFFFFFFFFF5B
:10A51000FFFFFFFFFFFFFFFFFFFFFFFFFFFFFFFF4B
:10A52000FFFFFFFFFFFFFFFFFFFFFFFFFFFFFFFF3B
:10A53000FFFFFFFFFFFFFFFFFFFFFFFFFFFFFFFF2B
:10A54000FFFFFFFFFFFFFFFFFFFFFFFFFFFFFFFF1B
:10A55000FFFFFFFFFFFFFFFFFFFFFFFFFFFFFFFF0B
:10A56000FFFFFFFFFFFFFFFFFFFFFFFFFFFFFFFFFB
:10A57000FFFFFFFFFFFFFFFFFFFFFFFFFFFFFFFFEB
:10A58000FFFFFFFFFFFFFFFFFFFFFFFFFFFFFFFFDB
:10A59000FFFFFFFFFFFFFFFFFFFFFFFFFFFFFFFFCB
:10A5A000FFFFFFFFFFFFFFFFFFFFFFFFFFFFFFFFBB
:10A5B000FFFFFFFFFFFFFFFFFFFFFFFFFFFFFFFFAB
:10A5C000FFFFFFFFFFFFFFFFFFFFFFFFFFFFFFFF9B
:10A5D000FFFFFFFFFFFFFFFFFFFFFFFFFFFFFFFF8B
:10A5E000FFFFFFFFFFFFFFFFFFFFFFFFFFFFFFFF7B
:10A5F000FFFFFFFFFFFFFFFFFFFFFFFFFFFFFFFF6B
:10A60000FFFFFFFFFFFFFFFFFFFFFFFFFFFFFFFF5A
:10A61000FFFFFFFFFFFFFFFFFFFFFFFFFFFFFFFF4A
:10A62000FFFFFFFFFFFFFFFFFFFFFFFFFFFFFFFF3A
:10A63000FFFFFFFFFFFFFFFFFFFFFFFFFFFFFFFF2A
:10A64000FFFFFFFFFFFFFFFFFFFFFFFFFFFFFFFF1A
:10A65000FFFFFFFFFFFFFFFFFFFFFFFFFFFFFFFF0A
:10A66000FFFFFFFFFFFFFFFFFFFFFFFFFFFFFFFFFA
:10A67000FFFFFFFFFFFFFFFFFFFFFFFFFFFFFFFFEA
:10A68000FFFFFFFFFFFFFFFFFFFFFFFFFFFFFFFFDA
:10A69000FFFFFFFFFFFFFFFFFFFFFFFFFFFFFFFFCA
:10A6A000FFFFFFFFFFFFFFFFFFFFFFFFFFFFFFFFBA
:10A6B000FFFFFFFFFFFFFFFFFFFFFFFFFFFFFFFFAA
:10A6C000FFFFFFFFFFFFFFFFFFFFFFFFFFFFFFFF9A
:10A6D000FFFFFFFFFFFFFFFFFFFFFFFFFFFFFFFF8A
:10A6E000FFFFFFFFFFFFFFFFFFFFFFFFFFFFFFFF7A
:10A6F000FFFFFFFFFFFFFFFFFFFFFFFFFFFFFFFF6A
:10A70000FFFFFFFFFFFFFFFFFFFFFFFFFFFFFFFF59
:10A71000FFFFFFFFFFFFFFFFFFFFFFFFFFFFFFFF49
:10A72000FFFFFFFFFFFFFFFFFFFFFFFFFFFFFFFF39
:10A73000FFFFFFFFFFFFFFFFFFFFFFFFFFFFFFFF29
:10A74000FFFFFFFFFFFFFFFFFFFFFFFFFFFFFFFF19
:10A75000FFFFFFFFFFFFFFFFFFFFFFFFFFFFFFFF09
:10A76000FFFFFFFFFFFFFFFFFFFFFFFFFFFFFFFFF9
:10A77000FFFFFFFFFFFFFFFFFFFFFFFFFFFFFFFFE9
:10A78000FFFFFFFFFFFFFFFFFFFFFFFFFFFFFFFFD9
:10A79000FFFFFFFFFFFFFFFFFFFFFFFFFFFFFFFFC9
:10A7A000FFFFFFFFFFFFFFFFFFFFFFFFFFFFFFFFB9
:10A7B000FFFFFFFFFFFFFFFFFFFFFFFFFFFFFFFFA9
:10A7C000FFFFFFFFFFFFFFFFFFFFFFFFFFFFFFFF99
:10A7D000FFFFFFFFFFFFFFFFFFFFFFFFFFFFFFFF89
:10A7E000FFFFFFFFFFFFFFFFFFFFFFFFFFFFFFFF79
:10A7F000FFFFFFFFFFFFFFFFFFFFFFFFFFFFFFFF69
:10A80000FFFFFFFFFFFFFFFFFFFFFFFFFFFFFFFF58
:10A81000FFFFFFFFFFFFFFFFFFFFFFFFFFFFFFFF48
:10A82000FFFFFFFFFFFFFFFFFFFFFFFFFFFFFFFF38
:10A83000FFFFFFFFFFFFFFFFFFFFFFFFFFFFFFFF28
:10A84000FFFFFFFFFFFFFFFFFFFFFFFFFFFFFFFF18
:10A85000FFFFFFFFFFFFFFFFFFFFFFFFFFFFFFFF08
:10A86000FFFFFFFFFFFFFFFFFFFFFFFFFFFFFFFFF8
:10A87000FFFFFFFFFFFFFFFFFFFFFFFFFFFFFFFFE8
:10A88000FFFFFFFFFFFFFFFFFFFFFFFFFFFFFFFFD8
:10A89000FFFFFFFFFFFFFFFFFFFFFFFFFFFFFFFFC8
:10A8A000FFFFFFFFFFFFFFFFFFFFFFFFFFFFFFFFB8
:10A8B000FFFFFFFFFFFFFFFFFFFFFFFFFFFFFFFFA8
:10A8C000FFFFFFFFFFFFFFFFFFFFFFFFFFFFFFFF98
:10A8D000FFFFFFFFFFFFFFFFFFFFFFFFFFFFFFFF88
:10A8E000FFFFFFFFFFFFFFFFFFFFFFFFFFFFFFFF78
:10A8F000FFFFFFFFFFFFFFFFFFFFFFFFFFFFFFFF68
:10A90000FFFFFFFFFFFFFFFFFFFFFFFFFFFFFFFF57
:10A91000FFFFFFFFFFFFFFFFFFFFFFFFFFFFFFFF47
:10A92000FFFFFFFFFFFFFFFFFFFFFFFFFFFFFFFF37
:10A93000FFFFFFFFFFFFFFFFFFFFFFFFFFFFFFFF27
:10A94000FFFFFFFFFFFFFFFFFFFFFFFFFFFFFFFF17
:10A95000FFFFFFFFFFFFFFFFFFFFFFFFFFFFFFFF07
:10A96000FFFFFFFFFFFFFFFFFFFFFFFFFFFFFFFFF7
:10A97000FFFFFFFFFFFFFFFFFFFFFFFFFFFFFFFFE7
:10A98000FFFFFFFFFFFFFFFFFFFFFFFFFFFFFFFFD7
:10A99000FFFFFFFFFFFFFFFFFFFFFFFFFFFFFFFFC7
:10A9A000FFFFFFFFFFFFFFFFFFFFFFFFFFFFFFFFB7
:10A9B000FFFFFFFFFFFFFFFFFFFFFFFFFFFFFFFFA7
:10A9C000FFFFFFFFFFFFFFFFFFFFFFFFFFFFFFFF97
:10A9D000FFFFFFFFFFFFFFFFFFFFFFFFFFFFFFFF87
:10A9E000FFFFFFFFFFFFFFFFFFFFFFFFFFFFFFFF77
:10A9F000FFFFFFFFFFFFFFFFFFFFFFFFFFFFFFFF67
:10AA0000FFFFFFFFFFFFFFFFFFFFFFFFFFFFFFFF56
:10AA1000FFFFFFFFFFFFFFFFFFFFFFFFFFFFFFFF46
:10AA2000FFFFFFFFFFFFFFFFFFFFFFFFFFFFFFFF36
:10AA3000FFFFFFFFFFFFFFFFFFFFFFFFFFFFFFFF26
:10AA4000FFFFFFFFFFFFFFFFFFFFFFFFFFFFFFFF16
:10AA5000FFFFFFFFFFFFFFFFFFFFFFFFFFFFFFFF06
:10AA6000FFFFFFFFFFFFFFFFFFFFFFFFFFFFFFFFF6
:10AA7000FFFFFFFFFFFFFFFFFFFFFFFFFFFFFFFFE6
:10AA8000FFFFFFFFFFFFFFFFFFFFFFFFFFFFFFFFD6
:10AA9000FFFFFFFFFFFFFFFFFFFFFFFFFFFFFFFFC6
:10AAA000FFFFFFFFFFFFFFFFFFFFFFFFFFFFFFFFB6
:10AAB000FFFFFFFFFFFFFFFFFFFFFFFFFFFFFFFFA6
:10AAC000FFFFFFFFFFFFFFFFFFFFFFFFFFFFFFFF96
:10AAD000FFFFFFFFFFFFFFFFFFFFFFFFFFFFFFFF86
:10AAE000FFFFFFFFFFFFFFFFFFFFFFFFFFFFFFFF76
:10AAF000FFFFFFFFFFFFFFFFFFFFFFFFFFFFFFFF66
:10AB0000FFFFFFFFFFFFFFFFFFFFFFFFFFFFFFFF55
:10AB1000FFFFFFFFFFFFFFFFFFFFFFFFFFFFFFFF45
:10AB2000FFFFFFFFFFFFFFFFFFFFFFFFFFFFFFFF35
:10AB3000FFFFFFFFFFFFFFFFFFFFFFFFFFFFFFFF25
:10AB4000FFFFFFFFFFFFFFFFFFFFFFFFFFFFFFFF15
:10AB5000FFFFFFFFFFFFFFFFFFFFFFFFFFFFFFFF05
:10AB6000FFFFFFFFFFFFFFFFFFFFFFFFFFFFFFFFF5
:10AB7000FFFFFFFFFFFFFFFFFFFFFFFFFFFFFFFFE5
:10AB8000FFFFFFFFFFFFFFFFFFFFFFFFFFFFFFFFD5
:10AB9000FFFFFFFFFFFFFFFFFFFFFFFFFFFFFFFFC5
:10ABA000FFFFFFFFFFFFFFFFFFFFFFFFFFFFFFFFB5
:10ABB000FFFFFFFFFFFFFFFFFFFFFFFFFFFFFFFFA5
:10ABC000FFFFFFFFFFFFFFFFFFFFFFFFFFFFFFFF95
:10ABD000FFFFFFFFFFFFFFFFFFFFFFFFFFFFFFFF85
:10ABE000FFFFFFFFFFFFFFFFFFFFFFFFFFFFFFFF75
:10ABF000FFFFFFFFFFFFFFFFFFFFFFFFFFFFFFFF65
:10AC0000FFFFFFFFFFFFFFFFFFFFFFFFFFFFFFFF54
:10AC1000FFFFFFFFFFFFFFFFFFFFFFFFFFFFFFFF44
:10AC2000FFFFFFFFFFFFFFFFFFFFFFFFFFFFFFFF34
:10AC3000FFFFFFFFFFFFFFFFFFFFFFFFFFFFFFFF24
:10AC4000FFFFFFFFFFFFFFFFFFFFFFFFFFFFFFFF14
:10AC5000FFFFFFFFFFFFFFFFFFFFFFFFFFFFFFFF04
:10AC6000FFFFFFFFFFFFFFFFFFFFFFFFFFFFFFFFF4
:10AC7000FFFFFFFFFFFFFFFFFFFFFFFFFFFFFFFFE4
:10AC8000FFFFFFFFFFFFFFFFFFFFFFFFFFFFFFFFD4
:10AC9000FFFFFFFFFFFFFFFFFFFFFFFFFFFFFFFFC4
:10ACA000FFFFFFFFFFFFFFFFFFFFFFFFFFFFFFFFB4
:10ACB000FFFFFFFFFFFFFFFFFFFFFFFFFFFFFFFFA4
:10ACC000FFFFFFFFFFFFFFFFFFFFFFFFFFFFFFFF94
:10ACD000FFFFFFFFFFFFFFFFFFFFFFFFFFFFFFFF84
:10ACE000FFFFFFFFFFFFFFFFFFFFFFFFFFFFFFFF74
:10ACF000FFFFFFFFFFFFFFFFFFFFFFFFFFFFFFFF64
:10AD0000FFFFFFFFFFFFFFFFFFFFFFFFFFFFFFFF53
:10AD1000FFFFFFFFFFFFFFFFFFFFFFFFFFFFFFFF43
:10AD2000FFFFFFFFFFFFFFFFFFFFFFFFFFFFFFFF33
:10AD3000FFFFFFFFFFFFFFFFFFFFFFFFFFFFFFFF23
:10AD4000FFFFFFFFFFFFFFFFFFFFFFFFFFFFFFFF13
:10AD5000FFFFFFFFFFFFFFFFFFFFFFFFFFFFFFFF03
:10AD6000FFFFFFFFFFFFFFFFFFFFFFFFFFFFFFFFF3
:10AD7000FFFFFFFFFFFFFFFFFFFFFFFFFFFFFFFFE3
:10AD8000FFFFFFFFFFFFFFFFFFFFFFFFFFFFFFFFD3
:10AD9000FFFFFFFFFFFFFFFFFFFFFFFFFFFFFFFFC3
:10ADA000FFFFFFFFFFFFFFFFFFFFFFFFFFFFFFFFB3
:10ADB000FFFFFFFFFFFFFFFFFFFFFFFFFFFFFFFFA3
:10ADC000FFFFFFFFFFFFFFFFFFFFFFFFFFFFFFFF93
:10ADD000FFFFFFFFFFFFFFFFFFFFFFFFFFFFFFFF83
:10ADE000FFFFFFFFFFFFFFFFFFFFFFFFFFFFFFFF73
:10ADF000FFFFFFFFFFFFFFFFFFFFFFFFFFFFFFFF63
:10AE0000FFFFFFFFFFFFFFFFFFFFFFFFFFFFFFFF52
:10AE1000FFFFFFFFFFFFFFFFFFFFFFFFFFFFFFFF42
:10AE2000FFFFFFFFFFFFFFFFFFFFFFFFFFFFFFFF32
:10AE3000FFFFFFFFFFFFFFFFFFFFFFFFFFFFFFFF22
:10AE4000FFFFFFFFFFFFFFFFFFFFFFFFFFFFFFFF12
:10AE5000FFFFFFFFFFFFFFFFFFFFFFFFFFFFFFFF02
:10AE6000FFFFFFFFFFFFFFFFFFFFFFFFFFFFFFFFF2
:10AE7000FFFFFFFFFFFFFFFFFFFFFFFFFFFFFFFFE2
:10AE8000FFFFFFFFFFFFFFFFFFFFFFFFFFFFFFFFD2
:10AE9000FFFFFFFFFFFFFFFFFFFFFFFFFFFFFFFFC2
:10AEA000FFFFFFFFFFFFFFFFFFFFFFFFFFFFFFFFB2
:10AEB000FFFFFFFFFFFFFFFFFFFFFFFFFFFFFFFFA2
:10AEC000FFFFFFFFFFFFFFFFFFFFFFFFFFFFFFFF92
:10AED000FFFFFFFFFFFFFFFFFFFFFFFFFFFFFFFF82
:10AEE000FFFFFFFFFFFFFFFFFFFFFFFFFFFFFFFF72
:10AEF000FFFFFFFFFFFFFFFFFFFFFFFFFFFFFFFF62
:10AF0000FFFFFFFFFFFFFFFFFFFFFFFFFFFFFFFF51
:10AF1000FFFFFFFFFFFFFFFFFFFFFFFFFFFFFFFF41
:10AF2000FFFFFFFFFFFFFFFFFFFFFFFFFFFFFFFF31
:10AF3000FFFFFFFFFFFFFFFFFFFFFFFFFFFFFFFF21
:10AF4000FFFFFFFFFFFFFFFFFFFFFFFFFFFFFFFF11
:10AF5000FFFFFFFFFFFFFFFFFFFFFFFFFFFFFFFF01
:10AF6000FFFFFFFFFFFFFFFFFFFFFFFFFFFFFFFFF1
:10AF7000FFFFFFFFFFFFFFFFFFFFFFFFFFFFFFFFE1
:10AF8000FFFFFFFFFFFFFFFFFFFFFFFFFFFFFFFFD1
:10AF9000FFFFFFFFFFFFFFFFFFFFFFFFFFFFFFFFC1
:10AFA000FFFFFFFFFFFFFFFFFFFFFFFFFFFFFFFFB1
:10AFB000FFFFFFFFFFFFFFFFFFFFFFFFFFFFFFFFA1
:10AFC000FFFFFFFFFFFFFFFFFFFFFFFFFFFFFFFF91
:10AFD000FFFFFFFFFFFFFFFFFFFFFFFFFFFFFFFF81
:10AFE000FFFFFFFFFFFFFFFFFFFFFFFFFFFFFFFF71
:10AFF000FFFFFFFFFFFFFFFFFFFFFFFFFFFFFFFF61
:10B00000FFFFFFFFFFFFFFFFFFFFFFFFFFFFFFFF50
:10B01000FFFFFFFFFFFFFFFFFFFFFFFFFFFFFFFF40
:10B02000FFFFFFFFFFFFFFFFFFFFFFFFFFFFFFFF30
:10B03000FFFFFFFFFFFFFFFFFFFFFFFFFFFFFFFF20
:10B04000FFFFFFFFFFFFFFFFFFFFFFFFFFFFFFFF10
:10B05000FFFFFFFFFFFFFFFFFFFFFFFFFFFFFFFF00
:10B06000FFFFFFFFFFFFFFFFFFFFFFFFFFFFFFFFF0
:10B07000FFFFFFFFFFFFFFFFFFFFFFFFFFFFFFFFE0
:10B08000FFFFFFFFFFFFFFFFFFFFFFFFFFFFFFFFD0
:10B09000FFFFFFFFFFFFFFFFFFFFFFFFFFFFFFFFC0
:10B0A000FFFFFFFFFFFFFFFFFFFFFFFFFFFFFFFFB0
:10B0B000FFFFFFFFFFFFFFFFFFFFFFFFFFFFFFFFA0
:10B0C000FFFFFFFFFFFFFFFFFFFFFFFFFFFFFFFF90
:10B0D000FFFFFFFFFFFFFFFFFFFFFFFFFFFFFFFF80
:10B0E000FFFFFFFFFFFFFFFFFFFFFFFFFFFFFFFF70
:10B0F000FFFFFFFFFFFFFFFFFFFFFFFFFFFFFFFF60
:10B10000FFFFFFFFFFFFFFFFFFFFFFFFFFFFFFFF4F
:10B11000FFFFFFFFFFFFFFFFFFFFFFFFFFFFFFFF3F
:10B12000FFFFFFFFFFFFFFFFFFFFFFFFFFFFFFFF2F
:10B13000FFFFFFFFFFFFFFFFFFFFFFFFFFFFFFFF1F
:10B14000FFFFFFFFFFFFFFFFFFFFFFFFFFFFFFFF0F
:10B15000FFFFFFFFFFFFFFFFFFFFFFFFFFFFFFFFFF
:10B16000FFFFFFFFFFFFFFFFFFFFFFFFFFFFFFFFEF
:10B17000FFFFFFFFFFFFFFFFFFFFFFFFFFFFFFFFDF
:10B18000FFFFFFFFFFFFFFFFFFFFFFFFFFFFFFFFCF
:10B19000FFFFFFFFFFFFFFFFFFFFFFFFFFFFFFFFBF
:10B1A000FFFFFFFFFFFFFFFFFFFFFFFFFFFFFFFFAF
:10B1B000FFFFFFFFFFFFFFFFFFFFFFFFFFFFFFFF9F
:10B1C000FFFFFFFFFFFFFFFFFFFFFFFFFFFFFFFF8F
:10B1D000FFFFFFFFFFFFFFFFFFFFFFFFFFFFFFFF7F
:10B1E000FFFFFFFFFFFFFFFFFFFFFFFFFFFFFFFF6F
:10B1F000FFFFFFFFFFFFFFFFFFFFFFFFFFFFFFFF5F
:10B20000FFFFFFFFFFFFFFFFFFFFFFFFFFFFFFFF4E
:10B21000FFFFFFFFFFFFFFFFFFFFFFFFFFFFFFFF3E
:10B22000FFFFFFFFFFFFFFFFFFFFFFFFFFFFFFFF2E
:10B23000FFFFFFFFFFFFFFFFFFFFFFFFFFFFFFFF1E
:10B24000FFFFFFFFFFFFFFFFFFFFFFFFFFFFFFFF0E
:10B25000FFFFFFFFFFFFFFFFFFFFFFFFFFFFFFFFFE
:10B26000FFFFFFFFFFFFFFFFFFFFFFFFFFFFFFFFEE
:10B27000FFFFFFFFFFFFFFFFFFFFFFFFFFFFFFFFDE
:10B28000FFFFFFFFFFFFFFFFFFFFFFFFFFFFFFFFCE
:10B29000FFFFFFFFFFFFFFFFFFFFFFFFFFFFFFFFBE
:10B2A000FFFFFFFFFFFFFFFFFFFFFFFFFFFFFFFFAE
:10B2B000FFFFFFFFFFFFFFFFFFFFFFFFFFFFFFFF9E
:10B2C000FFFFFFFFFFFFFFFFFFFFFFFFFFFFFFFF8E
:10B2D000FFFFFFFFFFFFFFFFFFFFFFFFFFFFFFFF7E
:10B2E000FFFFFFFFFFFFFFFFFFFFFFFFFFFFFFFF6E
:10B2F000FFFFFFFFFFFFFFFFFFFFFFFFFFFFFFFF5E
:10B30000FFFFFFFFFFFFFFFFFFFFFFFFFFFFFFFF4D
:10B31000FFFFFFFFFFFFFFFFFFFFFFFFFFFFFFFF3D
:10B32000FFFFFFFFFFFFFFFFFFFFFFFFFFFFFFFF2D
:10B33000FFFFFFFFFFFFFFFFFFFFFFFFFFFFFFFF1D
:10B34000FFFFFFFFFFFFFFFFFFFFFFFFFFFFFFFF0D
:10B35000FFFFFFFFFFFFFFFFFFFFFFFFFFFFFFFFFD
:10B36000FFFFFFFFFFFFFFFFFFFFFFFFFFFFFFFFED
:10B37000FFFFFFFFFFFFFFFFFFFFFFFFFFFFFFFFDD
:10B38000FFFFFFFFFFFFFFFFFFFFFFFFFFFFFFFFCD
:10B39000FFFFFFFFFFFFFFFFFFFFFFFFFFFFFFFFBD
:10B3A000FFFFFFFFFFFFFFFFFFFFFFFFFFFFFFFFAD
:10B3B000FFFFFFFFFFFFFFFFFFFFFFFFFFFFFFFF9D
:10B3C000FFFFFFFFFFFFFFFFFFFFFFFFFFFFFFFF8D
:10B3D000FFFFFFFFFFFFFFFFFFFFFFFFFFFFFFFF7D
:10B3E000FFFFFFFFFFFFFFFFFFFFFFFFFFFFFFFF6D
:10B3F000FFFFFFFFFFFFFFFFFFFFFFFFFFFFFFFF5D
:10B40000FFFFFFFFFFFFFFFFFFFFFFFFFFFFFFFF4C
:10B41000FFFFFFFFFFFFFFFFFFFFFFFFFFFFFFFF3C
:10B42000FFFFFFFFFFFFFFFFFFFFFFFFFFFFFFFF2C
:10B43000FFFFFFFFFFFFFFFFFFFFFFFFFFFFFFFF1C
:10B44000FFFFFFFFFFFFFFFFFFFFFFFFFFFFFFFF0C
:10B45000FFFFFFFFFFFFFFFFFFFFFFFFFFFFFFFFFC
:10B46000FFFFFFFFFFFFFFFFFFFFFFFFFFFFFFFFEC
:10B47000FFFFFFFFFFFFFFFFFFFFFFFFFFFFFFFFDC
:10B48000FFFFFFFFFFFFFFFFFFFFFFFFFFFFFFFFCC
:10B49000FFFFFFFFFFFFFFFFFFFFFFFFFFFFFFFFBC
:10B4A000FFFFFFFFFFFFFFFFFFFFFFFFFFFFFFFFAC
:10B4B000FFFFFFFFFFFFFFFFFFFFFFFFFFFFFFFF9C
:10B4C000FFFFFFFFFFFFFFFFFFFFFFFFFFFFFFFF8C
:10B4D000FFFFFFFFFFFFFFFFFFFFFFFFFFFFFFFF7C
:10B4E000FFFFFFFFFFFFFFFFFFFFFFFFFFFFFFFF6C
:10B4F000FFFFFFFFFFFFFFFFFFFFFFFFFFFFFFFF5C
:10B50000FFFFFFFFFFFFFFFFFFFFFFFFFFFFFFFF4B
:10B51000FFFFFFFFFFFFFFFFFFFFFFFFFFFFFFFF3B
:10B52000FFFFFFFFFFFFFFFFFFFFFFFFFFFFFFFF2B
:10B53000FFFFFFFFFFFFFFFFFFFFFFFFFFFFFFFF1B
:10B54000FFFFFFFFFFFFFFFFFFFFFFFFFFFFFFFF0B
:10B55000FFFFFFFFFFFFFFFFFFFFFFFFFFFFFFFFFB
:10B56000FFFFFFFFFFFFFFFFFFFFFFFFFFFFFFFFEB
:10B57000FFFFFFFFFFFFFFFFFFFFFFFFFFFFFFFFDB
:10B58000FFFFFFFFFFFFFFFFFFFFFFFFFFFFFFFFCB
:10B59000FFFFFFFFFFFFFFFFFFFFFFFFFFFFFFFFBB
:10B5A000FFFFFFFFFFFFFFFFFFFFFFFFFFFFFFFFAB
:10B5B000FFFFFFFFFFFFFFFFFFFFFFFFFFFFFFFF9B
:10B5C000FFFFFFFFFFFFFFFFFFFFFFFFFFFFFFFF8B
:10B5D000FFFFFFFFFFFFFFFFFFFFFFFFFFFFFFFF7B
:10B5E000FFFFFFFFFFFFFFFFFFFFFFFFFFFFFFFF6B
:10B5F000FFFFFFFFFFFFFFFFFFFFFFFFFFFFFFFF5B
:10B60000FFFFFFFFFFFFFFFFFFFFFFFFFFFFFFFF4A
:10B61000FFFFFFFFFFFFFFFFFFFFFFFFFFFFFFFF3A
:10B62000FFFFFFFFFFFFFFFFFFFFFFFFFFFFFFFF2A
:10B63000FFFFFFFFFFFFFFFFFFFFFFFFFFFFFFFF1A
:10B64000FFFFFFFFFFFFFFFFFFFFFFFFFFFFFFFF0A
:10B65000FFFFFFFFFFFFFFFFFFFFFFFFFFFFFFFFFA
:10B66000FFFFFFFFFFFFFFFFFFFFFFFFFFFFFFFFEA
:10B67000FFFFFFFFFFFFFFFFFFFFFFFFFFFFFFFFDA
:10B68000FFFFFFFFFFFFFFFFFFFFFFFFFFFFFFFFCA
:10B69000FFFFFFFFFFFFFFFFFFFFFFFFFFFFFFFFBA
:10B6A000FFFFFFFFFFFFFFFFFFFFFFFFFFFFFFFFAA
:10B6B000FFFFFFFFFFFFFFFFFFFFFFFFFFFFFFFF9A
:10B6C000FFFFFFFFFFFFFFFFFFFFFFFFFFFFFFFF8A
:10B6D000FFFFFFFFFFFFFFFFFFFFFFFFFFFFFFFF7A
:10B6E000FFFFFFFFFFFFFFFFFFFFFFFFFFFFFFFF6A
:10B6F000FFFFFFFFFFFFFFFFFFFFFFFFFFFFFFFF5A
:10B70000FFFFFFFFFFFFFFFFFFFFFFFFFFFFFFFF49
:10B71000FFFFFFFFFFFFFFFFFFFFFFFFFFFFFFFF39
:10B72000FFFFFFFFFFFFFFFFFFFFFFFFFFFFFFFF29
:10B73000FFFFFFFFFFFFFFFFFFFFFFFFFFFFFFFF19
:10B74000FFFFFFFFFFFFFFFFFFFFFFFFFFFFFFFF09
:10B75000FFFFFFFFFFFFFFFFFFFFFFFFFFFFFFFFF9
:10B76000FFFFFFFFFFFFFFFFFFFFFFFFFFFFFFFFE9
:10B77000FFFFFFFFFFFFFFFFFFFFFFFFFFFFFFFFD9
:10B78000FFFFFFFFFFFFFFFFFFFFFFFFFFFFFFFFC9
:10B79000FFFFFFFFFFFFFFFFFFFFFFFFFFFFFFFFB9
:10B7A000FFFFFFFFFFFFFFFFFFFFFFFFFFFFFFFFA9
:10B7B000FFFFFFFFFFFFFFFFFFFFFFFFFFFFFFFF99
:10B7C000FFFFFFFFFFFFFFFFFFFFFFFFFFFFFFFF89
:10B7D000FFFFFFFFFFFFFFFFFFFFFFFFFFFFFFFF79
:10B7E000FFFFFFFFFFFFFFFFFFFFFFFFFFFFFFFF69
:10B7F000FFFFFFFFFFFFFFFFFFFFFFFFFFFFFFFF59
:10B80000FFFFFFFFFFFFFFFFFFFFFFFFFFFFFFFF48
:10B81000FFFFFFFFFFFFFFFFFFFFFFFFFFFFFFFF38
:10B82000FFFFFFFFFFFFFFFFFFFFFFFFFFFFFFFF28
:10B83000FFFFFFFFFFFFFFFFFFFFFFFFFFFFFFFF18
:10B84000FFFFFFFFFFFFFFFFFFFFFFFFFFFFFFFF08
:10B85000FFFFFFFFFFFFFFFFFFFFFFFFFFFFFFFFF8
:10B86000FFFFFFFFFFFFFFFFFFFFFFFFFFFFFFFFE8
:10B87000FFFFFFFFFFFFFFFFFFFFFFFFFFFFFFFFD8
:10B88000FFFFFFFFFFFFFFFFFFFFFFFFFFFFFFFFC8
:10B89000FFFFFFFFFFFFFFFFFFFFFFFFFFFFFFFFB8
:10B8A000FFFFFFFFFFFFFFFFFFFFFFFFFFFFFFFFA8
:10B8B000FFFFFFFFFFFFFFFFFFFFFFFFFFFFFFFF98
:10B8C000FFFFFFFFFFFFFFFFFFFFFFFFFFFFFFFF88
:10B8D000FFFFFFFFFFFFFFFFFFFFFFFFFFFFFFFF78
:10B8E000FFFFFFFFFFFFFFFFFFFFFFFFFFFFFFFF68
:10B8F000FFFFFFFFFFFFFFFFFFFFFFFFFFFFFFFF58
:10B90000FFFFFFFFFFFFFFFFFFFFFFFFFFFFFFFF47
:10B91000FFFFFFFFFFFFFFFFFFFFFFFFFFFFFFFF37
:10B92000FFFFFFFFFFFFFFFFFFFFFFFFFFFFFFFF27
:10B93000FFFFFFFFFFFFFFFFFFFFFFFFFFFFFFFF17
:10B94000FFFFFFFFFFFFFFFFFFFFFFFFFFFFFFFF07
:10B95000FFFFFFFFFFFFFFFFFFFFFFFFFFFFFFFFF7
:10B96000FFFFFFFFFFFFFFFFFFFFFFFFFFFFFFFFE7
:10B97000FFFFFFFFFFFFFFFFFFFFFFFFFFFFFFFFD7
:10B98000FFFFFFFFFFFFFFFFFFFFFFFFFFFFFFFFC7
:10B99000FFFFFFFFFFFFFFFFFFFFFFFFFFFFFFFFB7
:10B9A000FFFFFFFFFFFFFFFFFFFFFFFFFFFFFFFFA7
:10B9B000FFFFFFFFFFFFFFFFFFFFFFFFFFFFFFFF97
:10B9C000FFFFFFFFFFFFFFFFFFFFFFFFFFFFFFFF87
:10B9D000FFFFFFFFFFFFFFFFFFFFFFFFFFFFFFFF77
:10B9E000FFFFFFFFFFFFFFFFFFFFFFFFFFFFFFFF67
:10B9F000FFFFFFFFFFFFFFFFFFFFFFFFFFFFFFFF57
:10BA0000FFFFFFFFFFFFFFFFFFFFFFFFFFFFFFFF46
:10BA1000FFFFFFFFFFFFFFFFFFFFFFFFFFFFFFFF36
:10BA2000FFFFFFFFFFFFFFFFFFFFFFFFFFFFFFFF26
:10BA3000FFFFFFFFFFFFFFFFFFFFFFFFFFFFFFFF16
:10BA4000FFFFFFFFFFFFFFFFFFFFFFFFFFFFFFFF06
:10BA5000FFFFFFFFFFFFFFFFFFFFFFFFFFFFFFFFF6
:10BA6000FFFFFFFFFFFFFFFFFFFFFFFFFFFFFFFFE6
:10BA7000FFFFFFFFFFFFFFFFFFFFFFFFFFFFFFFFD6
:10BA8000FFFFFFFFFFFFFFFFFFFFFFFFFFFFFFFFC6
:10BA9000FFFFFFFFFFFFFFFFFFFFFFFFFFFFFFFFB6
:10BAA000FFFFFFFFFFFFFFFFFFFFFFFFFFFFFFFFA6
:10BAB000FFFFFFFFFFFFFFFFFFFFFFFFFFFFFFFF96
:10BAC000FFFFFFFFFFFFFFFFFFFFFFFFFFFFFFFF86
:10BAD000FFFFFFFFFFFFFFFFFFFFFFFFFFFFFFFF76
:10BAE000FFFFFFFFFFFFFFFFFFFFFFFFFFFFFFFF66
:10BAF000FFFFFFFFFFFFFFFFFFFFFFFFFFFFFFFF56
:10BB0000FFFFFFFFFFFFFFFFFFFFFFFFFFFFFFFF45
:10BB1000FFFFFFFFFFFFFFFFFFFFFFFFFFFFFFFF35
:10BB2000FFFFFFFFFFFFFFFFFFFFFFFFFFFFFFFF25
:10BB3000FFFFFFFFFFFFFFFFFFFFFFFFFFFFFFFF15
:10BB4000FFFFFFFFFFFFFFFFFFFFFFFFFFFFFFFF05
:10BB5000FFFFFFFFFFFFFFFFFFFFFFFFFFFFFFFFF5
:10BB6000FFFFFFFFFFFFFFFFFFFFFFFFFFFFFFFFE5
:10BB7000FFFFFFFFFFFFFFFFFFFFFFFFFFFFFFFFD5
:10BB8000FFFFFFFFFFFFFFFFFFFFFFFFFFFFFFFFC5
:10BB9000FFFFFFFFFFFFFFFFFFFFFFFFFFFFFFFFB5
:10BBA000FFFFFFFFFFFFFFFFFFFFFFFFFFFFFFFFA5
:10BBB000FFFFFFFFFFFFFFFFFFFFFFFFFFFFFFFF95
:10BBC000FFFFFFFFFFFFFFFFFFFFFFFFFFFFFFFF85
:10BBD000FFFFFFFFFFFFFFFFFFFFFFFFFFFFFFFF75
:10BBE000FFFFFFFFFFFFFFFFFFFFFFFFFFFFFFFF65
:10BBF000FFFFFFFFFFFFFFFFFFFFFFFFFFFFFFFF55
:10BC0000FFFFFFFFFFFFFFFFFFFFFFFFFFFFFFFF44
:10BC1000FFFFFFFFFFFFFFFFFFFFFFFFFFFFFFFF34
:10BC2000FFFFFFFFFFFFFFFFFFFFFFFFFFFFFFFF24
:10BC3000FFFFFFFFFFFFFFFFFFFFFFFFFFFFFFFF14
:10BC4000FFFFFFFFFFFFFFFFFFFFFFFFFFFFFFFF04
:10BC5000FFFFFFFFFFFFFFFFFFFFFFFFFFFFFFFFF4
:10BC6000FFFFFFFFFFFFFFFFFFFFFFFFFFFFFFFFE4
:10BC7000FFFFFFFFFFFFFFFFFFFFFFFFFFFFFFFFD4
:10BC8000FFFFFFFFFFFFFFFFFFFFFFFFFFFFFFFFC4
:10BC9000FFFFFFFFFFFFFFFFFFFFFFFFFFFFFFFFB4
:10BCA000FFFFFFFFFFFFFFFFFFFFFFFFFFFFFFFFA4
:10BCB000FFFFFFFFFFFFFFFFFFFFFFFFFFFFFFFF94
:10BCC000FFFFFFFFFFFFFFFFFFFFFFFFFFFFFFFF84
:10BCD000FFFFFFFFFFFFFFFFFFFFFFFFFFFFFFFF74
:10BCE000FFFFFFFFFFFFFFFFFFFFFFFFFFFFFFFF64
:10BCF000FFFFFFFFFFFFFFFFFFFFFFFFFFFFFFFF54
:10BD0000FFFFFFFFFFFFFFFFFFFFFFFFFFFFFFFF43
:10BD1000FFFFFFFFFFFFFFFFFFFFFFFFFFFFFFFF33
:10BD2000FFFFFFFFFFFFFFFFFFFFFFFFFFFFFFFF23
:10BD3000FFFFFFFFFFFFFFFFFFFFFFFFFFFFFFFF13
:10BD4000FFFFFFFFFFFFFFFFFFFFFFFFFFFFFFFF03
:10BD5000FFFFFFFFFFFFFFFFFFFFFFFFFFFFFFFFF3
:10BD6000FFFFFFFFFFFFFFFFFFFFFFFFFFFFFFFFE3
:10BD7000FFFFFFFFFFFFFFFFFFFFFFFFFFFFFFFFD3
:10BD8000FFFFFFFFFFFFFFFFFFFFFFFFFFFFFFFFC3
:10BD9000FFFFFFFFFFFFFFFFFFFFFFFFFFFFFFFFB3
:10BDA000FFFFFFFFFFFFFFFFFFFFFFFFFFFFFFFFA3
:10BDB000FFFFFFFFFFFFFFFFFFFFFFFFFFFFFFFF93
:10BDC000FFFFFFFFFFFFFFFFFFFFFFFFFFFFFFFF83
:10BDD000FFFFFFFFFFFFFFFFFFFFFFFFFFFFFFFF73
:10BDE000FFFFFFFFFFFFFFFFFFFFFFFFFFFFFFFF63
:10BDF000FFFFFFFFFFFFFFFFFFFFFFFFFFFFFFFF53
:10BE0000FFFFFFFFFFFFFFFFFFFFFFFFFFFFFFFF42
:10BE1000FFFFFFFFFFFFFFFFFFFFFFFFFFFFFFFF32
:10BE2000FFFFFFFFFFFFFFFFFFFFFFFFFFFFFFFF22
:10BE3000FFFFFFFFFFFFFFFFFFFFFFFFFFFFFFFF12
:10BE4000FFFFFFFFFFFFFFFFFFFFFFFFFFFFFFFF02
:10BE5000FFFFFFFFFFFFFFFFFFFFFFFFFFFFFFFFF2
:10BE6000FFFFFFFFFFFFFFFFFFFFFFFFFFFFFFFFE2
:10BE7000FFFFFFFFFFFFFFFFFFFFFFFFFFFFFFFFD2
:10BE8000FFFFFFFFFFFFFFFFFFFFFFFFFFFFFFFFC2
:10BE9000FFFFFFFFFFFFFFFFFFFFFFFFFFFFFFFFB2
:10BEA000FFFFFFFFFFFFFFFFFFFFFFFFFFFFFFFFA2
:10BEB000FFFFFFFFFFFFFFFFFFFFFFFFFFFFFFFF92
:10BEC000FFFFFFFFFFFFFFFFFFFFFFFFFFFFFFFF82
:10BED000FFFFFFFFFFFFFFFFFFFFFFFFFFFFFFFF72
:10BEE000FFFFFFFFFFFFFFFFFFFFFFFFFFFFFFFF62
:10BEF000FFFFFFFFFFFFFFFFFFFFFFFFFFFFFFFF52
:10BF0000FFFFFFFFFFFFFFFFFFFFFFFFFFFFFFFF41
:10BF1000FFFFFFFFFFFFFFFFFFFFFFFFFFFFFFFF31
:10BF2000FFFFFFFFFFFFFFFFFFFFFFFFFFFFFFFF21
:10BF3000FFFFFFFFFFFFFFFFFFFFFFFFFFFFFFFF11
:10BF4000FFFFFFFFFFFFFFFFFFFFFFFFFFFFFFFF01
:10BF5000FFFFFFFFFFFFFFFFFFFFFFFFFFFFFFFFF1
:10BF6000FFFFFFFFFFFFFFFFFFFFFFFFFFFFFFFFE1
:10BF7000FFFFFFFFFFFFFFFFFFFFFFFFFFFFFFFFD1
:10BF8000FFFFFFFFFFFFFFFFFFFFFFFFFFFFFFFFC1
:10BF9000FFFFFFFFFFFFFFFFFFFFFFFFFFFFFFFFB1
:10BFA000FFFFFFFFFFFFFFFFFFFFFFFFFFFFFFFFA1
:10BFB000FFFFFFFFFFFFFFFFFFFFFFFFFFFFFFFF91
:10BFC000FFFFFFFFFFFFFFFFFFFFFFFFFFFFFFFF81
:10BFD000FFFFFFFFFFFFFFFFFFFFFFFFFFFFFFFF71
:10BFE000FFFFFFFFFFFFFFFFFFFFFFFFFFFFFFFF61
:10BFF000FFFFFFFFFFFFFFFFFFFFFFFFFFFFFFFF51
:10C00000FFFFFFFFFFFFFFFFFFFFFFFFFFFFFFFF40
:10C01000FFFFFFFFFFFFFFFFFFFFFFFFFFFFFFFF30
:10C02000FFFFFFFFFFFFFFFFFFFFFFFFFFFFFFFF20
:10C03000FFFFFFFFFFFFFFFFFFFFFFFFFFFFFFFF10
:10C04000FFFFFFFFFFFFFFFFFFFFFFFFFFFFFFFF00
:10C05000FFFFFFFFFFFFFFFFFFFFFFFFFFFFFFFFF0
:10C06000FFFFFFFFFFFFFFFFFFFFFFFFFFFFFFFFE0
:10C07000FFFFFFFFFFFFFFFFFFFFFFFFFFFFFFFFD0
:10C08000FFFFFFFFFFFFFFFFFFFFFFFFFFFFFFFFC0
:10C09000FFFFFFFFFFFFFFFFFFFFFFFFFFFFFFFFB0
:10C0A000FFFFFFFFFFFFFFFFFFFFFFFFFFFFFFFFA0
:10C0B000FFFFFFFFFFFFFFFFFFFFFFFFFFFFFFFF90
:10C0C000FFFFFFFFFFFFFFFFFFFFFFFFFFFFFFFF80
:10C0D000FFFFFFFFFFFFFFFFFFFFFFFFFFFFFFFF70
:10C0E000FFFFFFFFFFFFFFFFFFFFFFFFFFFFFFFF60
:10C0F000FFFFFFFFFFFFFFFFFFFFFFFFFFFFFFFF50
:10C10000FFFFFFFFFFFFFFFFFFFFFFFFFFFFFFFF3F
:10C11000FFFFFFFFFFFFFFFFFFFFFFFFFFFFFFFF2F
:10C12000FFFFFFFFFFFFFFFFFFFFFFFFFFFFFFFF1F
:10C13000FFFFFFFFFFFFFFFFFFFFFFFFFFFFFFFF0F
:10C14000FFFFFFFFFFFFFFFFFFFFFFFFFFFFFFFFFF
:10C15000FFFFFFFFFFFFFFFFFFFFFFFFFFFFFFFFEF
:10C16000FFFFFFFFFFFFFFFFFFFFFFFFFFFFFFFFDF
:10C17000FFFFFFFFFFFFFFFFFFFFFFFFFFFFFFFFCF
:10C18000FFFFFFFFFFFFFFFFFFFFFFFFFFFFFFFFBF
:10C19000FFFFFFFFFFFFFFFFFFFFFFFFFFFFFFFFAF
:10C1A000FFFFFFFFFFFFFFFFFFFFFFFFFFFFFFFF9F
:10C1B000FFFFFFFFFFFFFFFFFFFFFFFFFFFFFFFF8F
:10C1C000FFFFFFFFFFFFFFFFFFFFFFFFFFFFFFFF7F
:10C1D000FFFFFFFFFFFFFFFFFFFFFFFFFFFFFFFF6F
:10C1E000FFFFFFFFFFFFFFFFFFFFFFFFFFFFFFFF5F
:10C1F000FFFFFFFFFFFFFFFFFFFFFFFFFFFFFFFF4F
:10C20000FFFFFFFFFFFFFFFFFFFFFFFFFFFFFFFF3E
:10C21000FFFFFFFFFFFFFFFFFFFFFFFFFFFFFFFF2E
:10C22000FFFFFFFFFFFFFFFFFFFFFFFFFFFFFFFF1E
:10C23000FFFFFFFFFFFFFFFFFFFFFFFFFFFFFFFF0E
:10C24000FFFFFFFFFFFFFFFFFFFFFFFFFFFFFFFFFE
:10C25000FFFFFFFFFFFFFFFFFFFFFFFFFFFFFFFFEE
:10C26000FFFFFFFFFFFFFFFFFFFFFFFFFFFFFFFFDE
:10C27000FFFFFFFFFFFFFFFFFFFFFFFFFFFFFFFFCE
:10C28000FFFFFFFFFFFFFFFFFFFFFFFFFFFFFFFFBE
:10C29000FFFFFFFFFFFFFFFFFFFFFFFFFFFFFFFFAE
:10C2A000FFFFFFFFFFFFFFFFFFFFFFFFFFFFFFFF9E
:10C2B000FFFFFFFFFFFFFFFFFFFFFFFFFFFFFFFF8E
:10C2C000FFFFFFFFFFFFFFFFFFFFFFFFFFFFFFFF7E
:10C2D000FFFFFFFFFFFFFFFFFFFFFFFFFFFFFFFF6E
:10C2E000FFFFFFFFFFFFFFFFFFFFFFFFFFFFFFFF5E
:10C2F000FFFFFFFFFFFFFFFFFFFFFFFFFFFFFFFF4E
:10C30000FFFFFFFFFFFFFFFFFFFFFFFFFFFFFFFF3D
:10C31000FFFFFFFFFFFFFFFFFFFFFFFFFFFFFFFF2D
:10C32000FFFFFFFFFFFFFFFFFFFFFFFFFFFFFFFF1D
:10C33000FFFFFFFFFFFFFFFFFFFFFFFFFFFFFFFF0D
:10C34000FFFFFFFFFFFFFFFFFFFFFFFFFFFFFFFFFD
:10C35000FFFFFFFFFFFFFFFFFFFFFFFFFFFFFFFFED
:10C36000FFFFFFFFFFFFFFFFFFFFFFFFFFFFFFFFDD
:10C37000FFFFFFFFFFFFFFFFFFFFFFFFFFFFFFFFCD
:10C38000FFFFFFFFFFFFFFFFFFFFFFFFFFFFFFFFBD
:10C39000FFFFFFFFFFFFFFFFFFFFFFFFFFFFFFFFAD
:10C3A000FFFFFFFFFFFFFFFFFFFFFFFFFFFFFFFF9D
:10C3B000FFFFFFFFFFFFFFFFFFFFFFFFFFFFFFFF8D
:10C3C000FFFFFFFFFFFFFFFFFFFFFFFFFFFFFFFF7D
:10C3D000FFFFFFFFFFFFFFFFFFFFFFFFFFFFFFFF6D
:10C3E000FFFFFFFFFFFFFFFFFFFFFFFFFFFFFFFF5D
:10C3F000FFFFFFFFFFFFFFFFFFFFFFFFFFFFFFFF4D
:10C40000FFFFFFFFFFFFFFFFFFFFFFFFFFFFFFFF3C
:10C41000FFFFFFFFFFFFFFFFFFFFFFFFFFFFFFFF2C
:10C42000FFFFFFFFFFFFFFFFFFFFFFFFFFFFFFFF1C
:10C43000FFFFFFFFFFFFFFFFFFFFFFFFFFFFFFFF0C
:10C44000FFFFFFFFFFFFFFFFFFFFFFFFFFFFFFFFFC
:10C45000FFFFFFFFFFFFFFFFFFFFFFFFFFFFFFFFEC
:10C46000FFFFFFFFFFFFFFFFFFFFFFFFFFFFFFFFDC
:10C47000FFFFFFFFFFFFFFFFFFFFFFFFFFFFFFFFCC
:10C48000FFFFFFFFFFFFFFFFFFFFFFFFFFFFFFFFBC
:10C49000FFFFFFFFFFFFFFFFFFFFFFFFFFFFFFFFAC
:10C4A000FFFFFFFFFFFFFFFFFFFFFFFFFFFFFFFF9C
:10C4B000FFFFFFFFFFFFFFFFFFFFFFFFFFFFFFFF8C
:10C4C000FFFFFFFFFFFFFFFFFFFFFFFFFFFFFFFF7C
:10C4D000FFFFFFFFFFFFFFFFFFFFFFFFFFFFFFFF6C
:10C4E000FFFFFFFFFFFFFFFFFFFFFFFFFFFFFFFF5C
:10C4F000FFFFFFFFFFFFFFFFFFFFFFFFFFFFFFFF4C
:10C50000FFFFFFFFFFFFFFFFFFFFFFFFFFFFFFFF3B
:10C51000FFFFFFFFFFFFFFFFFFFFFFFFFFFFFFFF2B
:10C52000FFFFFFFFFFFFFFFFFFFFFFFFFFFFFFFF1B
:10C53000FFFFFFFFFFFFFFFFFFFFFFFFFFFFFFFF0B
:10C54000FFFFFFFFFFFFFFFFFFFFFFFFFFFFFFFFFB
:10C55000FFFFFFFFFFFFFFFFFFFFFFFFFFFFFFFFEB
:10C56000FFFFFFFFFFFFFFFFFFFFFFFFFFFFFFFFDB
:10C57000FFFFFFFFFFFFFFFFFFFFFFFFFFFFFFFFCB
:10C58000FFFFFFFFFFFFFFFFFFFFFFFFFFFFFFFFBB
:10C59000FFFFFFFFFFFFFFFFFFFFFFFFFFFFFFFFAB
:10C5A000FFFFFFFFFFFFFFFFFFFFFFFFFFFFFFFF9B
:10C5B000FFFFFFFFFFFFFFFFFFFFFFFFFFFFFFFF8B
:10C5C000FFFFFFFFFFFFFFFFFFFFFFFFFFFFFFFF7B
:10C5D000FFFFFFFFFFFFFFFFFFFFFFFFFFFFFFFF6B
:10C5E000FFFFFFFFFFFFFFFFFFFFFFFFFFFFFFFF5B
:10C5F000FFFFFFFFFFFFFFFFFFFFFFFFFFFFFFFF4B
:10C60000FFFFFFFFFFFFFFFFFFFFFFFFFFFFFFFF3A
:10C61000FFFFFFFFFFFFFFFFFFFFFFFFFFFFFFFF2A
:10C62000FFFFFFFFFFFFFFFFFFFFFFFFFFFFFFFF1A
:10C63000FFFFFFFFFFFFFFFFFFFFFFFFFFFFFFFF0A
:10C64000FFFFFFFFFFFFFFFFFFFFFFFFFFFFFFFFFA
:10C65000FFFFFFFFFFFFFFFFFFFFFFFFFFFFFFFFEA
:10C66000FFFFFFFFFFFFFFFFFFFFFFFFFFFFFFFFDA
:10C67000FFFFFFFFFFFFFFFFFFFFFFFFFFFFFFFFCA
:10C68000FFFFFFFFFFFFFFFFFFFFFFFFFFFFFFFFBA
:10C69000FFFFFFFFFFFFFFFFFFFFFFFFFFFFFFFFAA
:10C6A000FFFFFFFFFFFFFFFFFFFFFFFFFFFFFFFF9A
:10C6B000FFFFFFFFFFFFFFFFFFFFFFFFFFFFFFFF8A
:10C6C000FFFFFFFFFFFFFFFFFFFFFFFFFFFFFFFF7A
:10C6D000FFFFFFFFFFFFFFFFFFFFFFFFFFFFFFFF6A
:10C6E000FFFFFFFFFFFFFFFFFFFFFFFFFFFFFFFF5A
:10C6F000FFFFFFFFFFFFFFFFFFFFFFFFFFFFFFFF4A
:10C70000FFFFFFFFFFFFFFFFFFFFFFFFFFFFFFFF39
:10C71000FFFFFFFFFFFFFFFFFFFFFFFFFFFFFFFF29
:10C72000FFFFFFFFFFFFFFFFFFFFFFFFFFFFFFFF19
:10C73000FFFFFFFFFFFFFFFFFFFFFFFFFFFFFFFF09
:10C74000FFFFFFFFFFFFFFFFFFFFFFFFFFFFFFFFF9
:10C75000FFFFFFFFFFFFFFFFFFFFFFFFFFFFFFFFE9
:10C76000FFFFFFFFFFFFFFFFFFFFFFFFFFFFFFFFD9
:10C77000FFFFFFFFFFFFFFFFFFFFFFFFFFFFFFFFC9
:10C78000FFFFFFFFFFFFFFFFFFFFFFFFFFFFFFFFB9
:10C79000FFFFFFFFFFFFFFFFFFFFFFFFFFFFFFFFA9
:10C7A000FFFFFFFFFFFFFFFFFFFFFFFFFFFFFFFF99
:10C7B000FFFFFFFFFFFFFFFFFFFFFFFFFFFFFFFF89
:10C7C000FFFFFFFFFFFFFFFFFFFFFFFFFFFFFFFF79
:10C7D000FFFFFFFFFFFFFFFFFFFFFFFFFFFFFFFF69
:10C7E000FFFFFFFFFFFFFFFFFFFFFFFFFFFFFFFF59
:10C7F000FFFFFFFFFFFFFFFFFFFFFFFFFFFFFFFF49
:10C80000FFFFFFFFFFFFFFFFFFFFFFFFFFFFFFFF38
:10C81000FFFFFFFFFFFFFFFFFFFFFFFFFFFFFFFF28
:10C82000FFFFFFFFFFFFFFFFFFFFFFFFFFFFFFFF18
:10C83000FFFFFFFFFFFFFFFFFFFFFFFFFFFFFFFF08
:10C84000FFFFFFFFFFFFFFFFFFFFFFFFFFFFFFFFF8
:10C85000FFFFFFFFFFFFFFFFFFFFFFFFFFFFFFFFE8
:10C86000FFFFFFFFFFFFFFFFFFFFFFFFFFFFFFFFD8
:10C87000FFFFFFFFFFFFFFFFFFFFFFFFFFFFFFFFC8
:10C88000FFFFFFFFFFFFFFFFFFFFFFFFFFFFFFFFB8
:10C89000FFFFFFFFFFFFFFFFFFFFFFFFFFFFFFFFA8
:10C8A000FFFFFFFFFFFFFFFFFFFFFFFFFFFFFFFF98
:10C8B000FFFFFFFFFFFFFFFFFFFFFFFFFFFFFFFF88
:10C8C000FFFFFFFFFFFFFFFFFFFFFFFFFFFFFFFF78
:10C8D000FFFFFFFFFFFFFFFFFFFFFFFFFFFFFFFF68
:10C8E000FFFFFFFFFFFFFFFFFFFFFFFFFFFFFFFF58
:10C8F000FFFFFFFFFFFFFFFFFFFFFFFFFFFFFFFF48
:10C90000FFFFFFFFFFFFFFFFFFFFFFFFFFFFFFFF37
:10C91000FFFFFFFFFFFFFFFFFFFFFFFFFFFFFFFF27
:10C92000FFFFFFFFFFFFFFFFFFFFFFFFFFFFFFFF17
:10C93000FFFFFFFFFFFFFFFFFFFFFFFFFFFFFFFF07
:10C94000FFFFFFFFFFFFFFFFFFFFFFFFFFFFFFFFF7
:10C95000FFFFFFFFFFFFFFFFFFFFFFFFFFFFFFFFE7
:10C96000FFFFFFFFFFFFFFFFFFFFFFFFFFFFFFFFD7
:10C97000FFFFFFFFFFFFFFFFFFFFFFFFFFFFFFFFC7
:10C98000FFFFFFFFFFFFFFFFFFFFFFFFFFFFFFFFB7
:10C99000FFFFFFFFFFFFFFFFFFFFFFFFFFFFFFFFA7
:10C9A000FFFFFFFFFFFFFFFFFFFFFFFFFFFFFFFF97
:10C9B000FFFFFFFFFFFFFFFFFFFFFFFFFFFFFFFF87
:10C9C000FFFFFFFFFFFFFFFFFFFFFFFFFFFFFFFF77
:10C9D000FFFFFFFFFFFFFFFFFFFFFFFFFFFFFFFF67
:10C9E000FFFFFFFFFFFFFFFFFFFFFFFFFFFFFFFF57
:10C9F000FFFFFFFFFFFFFFFFFFFFFFFFFFFFFFFF47
:10CA0000FFFFFFFFFFFFFFFFFFFFFFFFFFFFFFFF36
:10CA1000FFFFFFFFFFFFFFFFFFFFFFFFFFFFFFFF26
:10CA2000FFFFFFFFFFFFFFFFFFFFFFFFFFFFFFFF16
:10CA3000FFFFFFFFFFFFFFFFFFFFFFFFFFFFFFFF06
:10CA4000FFFFFFFFFFFFFFFFFFFFFFFFFFFFFFFFF6
:10CA5000FFFFFFFFFFFFFFFFFFFFFFFFFFFFFFFFE6
:10CA6000FFFFFFFFFFFFFFFFFFFFFFFFFFFFFFFFD6
:10CA7000FFFFFFFFFFFFFFFFFFFFFFFFFFFFFFFFC6
:10CA8000FFFFFFFFFFFFFFFFFFFFFFFFFFFFFFFFB6
:10CA9000FFFFFFFFFFFFFFFFFFFFFFFFFFFFFFFFA6
:10CAA000FFFFFFFFFFFFFFFFFFFFFFFFFFFFFFFF96
:10CAB000FFFFFFFFFFFFFFFFFFFFFFFFFFFFFFFF86
:10CAC000FFFFFFFFFFFFFFFFFFFFFFFFFFFFFFFF76
:10CAD000FFFFFFFFFFFFFFFFFFFFFFFFFFFFFFFF66
:10CAE000FFFFFFFFFFFFFFFFFFFFFFFFFFFFFFFF56
:10CAF000FFFFFFFFFFFFFFFFFFFFFFFFFFFFFFFF46
:10CB0000FFFFFFFFFFFFFFFFFFFFFFFFFFFFFFFF35
:10CB1000FFFFFFFFFFFFFFFFFFFFFFFFFFFFFFFF25
:10CB2000FFFFFFFFFFFFFFFFFFFFFFFFFFFFFFFF15
:10CB3000FFFFFFFFFFFFFFFFFFFFFFFFFFFFFFFF05
:10CB4000FFFFFFFFFFFFFFFFFFFFFFFFFFFFFFFFF5
:10CB5000FFFFFFFFFFFFFFFFFFFFFFFFFFFFFFFFE5
:10CB6000FFFFFFFFFFFFFFFFFFFFFFFFFFFFFFFFD5
:10CB7000FFFFFFFFFFFFFFFFFFFFFFFFFFFFFFFFC5
:10CB8000FFFFFFFFFFFFFFFFFFFFFFFFFFFFFFFFB5
:10CB9000FFFFFFFFFFFFFFFFFFFFFFFFFFFFFFFFA5
:10CBA000FFFFFFFFFFFFFFFFFFFFFFFFFFFFFFFF95
:10CBB000FFFFFFFFFFFFFFFFFFFFFFFFFFFFFFFF85
:10CBC000FFFFFFFFFFFFFFFFFFFFFFFFFFFFFFFF75
:10CBD000FFFFFFFFFFFFFFFFFFFFFFFFFFFFFFFF65
:10CBE000FFFFFFFFFFFFFFFFFFFFFFFFFFFFFFFF55
:10CBF000FFFFFFFFFFFFFFFFFFFFFFFFFFFFFFFF45
:10CC0000FFFFFFFFFFFFFFFFFFFFFFFFFFFFFFFF34
:10CC1000FFFFFFFFFFFFFFFFFFFFFFFFFFFFFFFF24
:10CC2000FFFFFFFFFFFFFFFFFFFFFFFFFFFFFFFF14
:10CC3000FFFFFFFFFFFFFFFFFFFFFFFFFFFFFFFF04
:10CC4000FFFFFFFFFFFFFFFFFFFFFFFFFFFFFFFFF4
:10CC5000FFFFFFFFFFFFFFFFFFFFFFFFFFFFFFFFE4
:10CC6000FFFFFFFFFFFFFFFFFFFFFFFFFFFFFFFFD4
:10CC7000FFFFFFFFFFFFFFFFFFFFFFFFFFFFFFFFC4
:10CC8000FFFFFFFFFFFFFFFFFFFFFFFFFFFFFFFFB4
:10CC9000FFFFFFFFFFFFFFFFFFFFFFFFFFFFFFFFA4
:10CCA000FFFFFFFFFFFFFFFFFFFFFFFFFFFFFFFF94
:10CCB000FFFFFFFFFFFFFFFFFFFFFFFFFFFFFFFF84
:10CCC000FFFFFFFFFFFFFFFFFFFFFFFFFFFFFFFF74
:10CCD000FFFFFFFFFFFFFFFFFFFFFFFFFFFFFFFF64
:10CCE000FFFFFFFFFFFFFFFFFFFFFFFFFFFFFFFF54
:10CCF000FFFFFFFFFFFFFFFFFFFFFFFFFFFFFFFF44
:10CD0000FFFFFFFFFFFFFFFFFFFFFFFFFFFFFFFF33
:10CD1000FFFFFFFFFFFFFFFFFFFFFFFFFFFFFFFF23
:10CD2000FFFFFFFFFFFFFFFFFFFFFFFFFFFFFFFF13
:10CD3000FFFFFFFFFFFFFFFFFFFFFFFFFFFFFFFF03
:10CD4000FFFFFFFFFFFFFFFFFFFFFFFFFFFFFFFFF3
:10CD5000FFFFFFFFFFFFFFFFFFFFFFFFFFFFFFFFE3
:10CD6000FFFFFFFFFFFFFFFFFFFFFFFFFFFFFFFFD3
:10CD7000FFFFFFFFFFFFFFFFFFFFFFFFFFFFFFFFC3
:10CD8000FFFFFFFFFFFFFFFFFFFFFFFFFFFFFFFFB3
:10CD9000FFFFFFFFFFFFFFFFFFFFFFFFFFFFFFFFA3
:10CDA000FFFFFFFFFFFFFFFFFFFFFFFFFFFFFFFF93
:10CDB000FFFFFFFFFFFFFFFFFFFFFFFFFFFFFFFF83
:10CDC000FFFFFFFFFFFFFFFFFFFFFFFFFFFFFFFF73
:10CDD000FFFFFFFFFFFFFFFFFFFFFFFFFFFFFFFF63
:10CDE000FFFFFFFFFFFFFFFFFFFFFFFFFFFFFFFF53
:10CDF000FFFFFFFFFFFFFFFFFFFFFFFFFFFFFFFF43
:10CE0000FFFFFFFFFFFFFFFFFFFFFFFFFFFFFFFF32
:10CE1000FFFFFFFFFFFFFFFFFFFFFFFFFFFFFFFF22
:10CE2000FFFFFFFFFFFFFFFFFFFFFFFFFFFFFFFF12
:10CE3000FFFFFFFFFFFFFFFFFFFFFFFFFFFFFFFF02
:10CE4000FFFFFFFFFFFFFFFFFFFFFFFFFFFFFFFFF2
:10CE5000FFFFFFFFFFFFFFFFFFFFFFFFFFFFFFFFE2
:10CE6000FFFFFFFFFFFFFFFFFFFFFFFFFFFFFFFFD2
:10CE7000FFFFFFFFFFFFFFFFFFFFFFFFFFFFFFFFC2
:10CE8000FFFFFFFFFFFFFFFFFFFFFFFFFFFFFFFFB2
:10CE9000FFFFFFFFFFFFFFFFFFFFFFFFFFFFFFFFA2
:10CEA000FFFFFFFFFFFFFFFFFFFFFFFFFFFFFFFF92
:10CEB000FFFFFFFFFFFFFFFFFFFFFFFFFFFFFFFF82
:10CEC000FFFFFFFFFFFFFFFFFFFFFFFFFFFFFFFF72
:10CED000FFFFFFFFFFFFFFFFFFFFFFFFFFFFFFFF62
:10CEE000FFFFFFFFFFFFFFFFFFFFFFFFFFFFFFFF52
:10CEF000FFFFFFFFFFFFFFFFFFFFFFFFFFFFFFFF42
:10CF0000FFFFFFFFFFFFFFFFFFFFFFFFFFFFFFFF31
:10CF1000FFFFFFFFFFFFFFFFFFFFFFFFFFFFFFFF21
:10CF2000FFFFFFFFFFFFFFFFFFFFFFFFFFFFFFFF11
:10CF3000FFFFFFFFFFFFFFFFFFFFFFFFFFFFFFFF01
:10CF4000FFFFFFFFFFFFFFFFFFFFFFFFFFFFFFFFF1
:10CF5000FFFFFFFFFFFFFFFFFFFFFFFFFFFFFFFFE1
:10CF6000FFFFFFFFFFFFFFFFFFFFFFFFFFFFFFFFD1
:10CF7000FFFFFFFFFFFFFFFFFFFFFFFFFFFFFFFFC1
:10CF8000FFFFFFFFFFFFFFFFFFFFFFFFFFFFFFFFB1
:10CF9000FFFFFFFFFFFFFFFFFFFFFFFFFFFFFFFFA1
:10CFA000FFFFFFFFFFFFFFFFFFFFFFFFFFFFFFFF91
:10CFB000FFFFFFFFFFFFFFFFFFFFFFFFFFFFFFFF81
:10CFC000FFFFFFFFFFFFFFFFFFFFFFFFFFFFFFFF71
:10CFD000FFFFFFFFFFFFFFFFFFFFFFFFFFFFFFFF61
:10CFE000FFFFFFFFFFFFFFFFFFFFFFFFFFFFFFFF51
:10CFF000FFFFFFFFFFFFFFFFFFFFFFFFFFFFFFFF41
:10D00000FFFFFFFFFFFFFFFFFFFFFFFFFFFFFFFF30
:10D01000FFFFFFFFFFFFFFFFFFFFFFFFFFFFFFFF20
:10D02000FFFFFFFFFFFFFFFFFFFFFFFFFFFFFFFF10
:10D03000FFFFFFFFFFFFFFFFFFFFFFFFFFFFFFFF00
:10D04000FFFFFFFFFFFFFFFFFFFFFFFFFFFFFFFFF0
:10D05000FFFFFFFFFFFFFFFFFFFFFFFFFFFFFFFFE0
:10D06000FFFFFFFFFFFFFFFFFFFFFFFFFFFFFFFFD0
:10D07000FFFFFFFFFFFFFFFFFFFFFFFFFFFFFFFFC0
:10D08000FFFFFFFFFFFFFFFFFFFFFFFFFFFFFFFFB0
:10D09000FFFFFFFFFFFFFFFFFFFFFFFFFFFFFFFFA0
:10D0A000FFFFFFFFFFFFFFFFFFFFFFFFFFFFFFFF90
:10D0B000FFFFFFFFFFFFFFFFFFFFFFFFFFFFFFFF80
:10D0C000FFFFFFFFFFFFFFFFFFFFFFFFFFFFFFFF70
:10D0D000FFFFFFFFFFFFFFFFFFFFFFFFFFFFFFFF60
:10D0E000FFFFFFFFFFFFFFFFFFFFFFFFFFFFFFFF50
:10D0F000FFFFFFFFFFFFFFFFFFFFFFFFFFFFFFFF40
:10D10000FFFFFFFFFFFFFFFFFFFFFFFFFFFFFFFF2F
:10D11000FFFFFFFFFFFFFFFFFFFFFFFFFFFFFFFF1F
:10D12000FFFFFFFFFFFFFFFFFFFFFFFFFFFFFFFF0F
:10D13000FFFFFFFFFFFFFFFFFFFFFFFFFFFFFFFFFF
:10D14000FFFFFFFFFFFFFFFFFFFFFFFFFFFFFFFFEF
:10D15000FFFFFFFFFFFFFFFFFFFFFFFFFFFFFFFFDF
:10D16000FFFFFFFFFFFFFFFFFFFFFFFFFFFFFFFFCF
:10D17000FFFFFFFFFFFFFFFFFFFFFFFFFFFFFFFFBF
:10D18000FFFFFFFFFFFFFFFFFFFFFFFFFFFFFFFFAF
:10D19000FFFFFFFFFFFFFFFFFFFFFFFFFFFFFFFF9F
:10D1A000FFFFFFFFFFFFFFFFFFFFFFFFFFFFFFFF8F
:10D1B000FFFFFFFFFFFFFFFFFFFFFFFFFFFFFFFF7F
:10D1C000FFFFFFFFFFFFFFFFFFFFFFFFFFFFFFFF6F
:10D1D000FFFFFFFFFFFFFFFFFFFFFFFFFFFFFFFF5F
:10D1E000FFFFFFFFFFFFFFFFFFFFFFFFFFFFFFFF4F
:10D1F000FFFFFFFFFFFFFFFFFFFFFFFFFFFFFFFF3F
:10D20000FFFFFFFFFFFFFFFFFFFFFFFFFFFFFFFF2E
:10D21000FFFFFFFFFFFFFFFFFFFFFFFFFFFFFFFF1E
:10D22000FFFFFFFFFFFFFFFFFFFFFFFFFFFFFFFF0E
:10D23000FFFFFFFFFFFFFFFFFFFFFFFFFFFFFFFFFE
:10D24000FFFFFFFFFFFFFFFFFFFFFFFFFFFFFFFFEE
:10D25000FFFFFFFFFFFFFFFFFFFFFFFFFFFFFFFFDE
:10D26000FFFFFFFFFFFFFFFFFFFFFFFFFFFFFFFFCE
:10D27000FFFFFFFFFFFFFFFFFFFFFFFFFFFFFFFFBE
:10D28000FFFFFFFFFFFFFFFFFFFFFFFFFFFFFFFFAE
:10D29000FFFFFFFFFFFFFFFFFFFFFFFFFFFFFFFF9E
:10D2A000FFFFFFFFFFFFFFFFFFFFFFFFFFFFFFFF8E
:10D2B000FFFFFFFFFFFFFFFFFFFFFFFFFFFFFFFF7E
:10D2C000FFFFFFFFFFFFFFFFFFFFFFFFFFFFFFFF6E
:10D2D000FFFFFFFFFFFFFFFFFFFFFFFFFFFFFFFF5E
:10D2E000FFFFFFFFFFFFFFFFFFFFFFFFFFFFFFFF4E
:10D2F000FFFFFFFFFFFFFFFFFFFFFFFFFFFFFFFF3E
:10D30000FFFFFFFFFFFFFFFFFFFFFFFFFFFFFFFF2D
:10D31000FFFFFFFFFFFFFFFFFFFFFFFFFFFFFFFF1D
:10D32000FFFFFFFFFFFFFFFFFFFFFFFFFFFFFFFF0D
:10D33000FFFFFFFFFFFFFFFFFFFFFFFFFFFFFFFFFD
:10D34000FFFFFFFFFFFFFFFFFFFFFFFFFFFFFFFFED
:10D35000FFFFFFFFFFFFFFFFFFFFFFFFFFFFFFFFDD
:10D36000FFFFFFFFFFFFFFFFFFFFFFFFFFFFFFFFCD
:10D37000FFFFFFFFFFFFFFFFFFFFFFFFFFFFFFFFBD
:10D38000FFFFFFFFFFFFFFFFFFFFFFFFFFFFFFFFAD
:10D39000FFFFFFFFFFFFFFFFFFFFFFFFFFFFFFFF9D
:10D3A000FFFFFFFFFFFFFFFFFFFFFFFFFFFFFFFF8D
:10D3B000FFFFFFFFFFFFFFFFFFFFFFFFFFFFFFFF7D
:10D3C000FFFFFFFFFFFFFFFFFFFFFFFFFFFFFFFF6D
:10D3D000FFFFFFFFFFFFFFFFFFFFFFFFFFFFFFFF5D
:10D3E000FFFFFFFFFFFFFFFFFFFFFFFFFFFFFFFF4D
:10D3F000FFFFFFFFFFFFFFFFFFFFFFFFFFFFFFFF3D
:10D40000FFFFFFFFFFFFFFFFFFFFFFFFFFFFFFFF2C
:10D41000FFFFFFFFFFFFFFFFFFFFFFFFFFFFFFFF1C
:10D42000FFFFFFFFFFFFFFFFFFFFFFFFFFFFFFFF0C
:10D43000FFFFFFFFFFFFFFFFFFFFFFFFFFFFFFFFFC
:10D44000FFFFFFFFFFFFFFFFFFFFFFFFFFFFFFFFEC
:10D45000FFFFFFFFFFFFFFFFFFFFFFFFFFFFFFFFDC
:10D46000FFFFFFFFFFFFFFFFFFFFFFFFFFFFFFFFCC
:10D47000FFFFFFFFFFFFFFFFFFFFFFFFFFFFFFFFBC
:10D48000FFFFFFFFFFFFFFFFFFFFFFFFFFFFFFFFAC
:10D49000FFFFFFFFFFFFFFFFFFFFFFFFFFFFFFFF9C
:10D4A000FFFFFFFFFFFFFFFFFFFFFFFFFFFFFFFF8C
:10D4B000FFFFFFFFFFFFFFFFFFFFFFFFFFFFFFFF7C
:10D4C000FFFFFFFFFFFFFFFFFFFFFFFFFFFFFFFF6C
:10D4D000FFFFFFFFFFFFFFFFFFFFFFFFFFFFFFFF5C
:10D4E000FFFFFFFFFFFFFFFFFFFFFFFFFFFFFFFF4C
:10D4F000FFFFFFFFFFFFFFFFFFFFFFFFFFFFFFFF3C
:10D50000FFFFFFFFFFFFFFFFFFFFFFFFFFFFFFFF2B
:10D51000FFFFFFFFFFFFFFFFFFFFFFFFFFFFFFFF1B
:10D52000FFFFFFFFFFFFFFFFFFFFFFFFFFFFFFFF0B
:10D53000FFFFFFFFFFFFFFFFFFFFFFFFFFFFFFFFFB
:10D54000FFFFFFFFFFFFFFFFFFFFFFFFFFFFFFFFEB
:10D55000FFFFFFFFFFFFFFFFFFFFFFFFFFFFFFFFDB
:10D56000FFFFFFFFFFFFFFFFFFFFFFFFFFFFFFFFCB
:10D57000FFFFFFFFFFFFFFFFFFFFFFFFFFFFFFFFBB
:10D58000FFFFFFFFFFFFFFFFFFFFFFFFFFFFFFFFAB
:10D59000FFFFFFFFFFFFFFFFFFFFFFFFFFFFFFFF9B
:10D5A000FFFFFFFFFFFFFFFFFFFFFFFFFFFFFFFF8B
:10D5B000FFFFFFFFFFFFFFFFFFFFFFFFFFFFFFFF7B
:10D5C000FFFFFFFFFFFFFFFFFFFFFFFFFFFFFFFF6B
:10D5D000FFFFFFFFFFFFFFFFFFFFFFFFFFFFFFFF5B
:10D5E000FFFFFFFFFFFFFFFFFFFFFFFFFFFFFFFF4B
:10D5F000FFFFFFFFFFFFFFFFFFFFFFFFFFFFFFFF3B
:10D60000FFFFFFFFFFFFFFFFFFFFFFFFFFFFFFFF2A
:10D61000FFFFFFFFFFFFFFFFFFFFFFFFFFFFFFFF1A
:10D62000FFFFFFFFFFFFFFFFFFFFFFFFFFFFFFFF0A
:10D63000FFFFFFFFFFFFFFFFFFFFFFFFFFFFFFFFFA
:10D64000FFFFFFFFFFFFFFFFFFFFFFFFFFFFFFFFEA
:10D65000FFFFFFFFFFFFFFFFFFFFFFFFFFFFFFFFDA
:10D66000FFFFFFFFFFFFFFFFFFFFFFFFFFFFFFFFCA
:10D67000FFFFFFFFFFFFFFFFFFFFFFFFFFFFFFFFBA
:10D68000FFFFFFFFFFFFFFFFFFFFFFFFFFFFFFFFAA
:10D69000FFFFFFFFFFFFFFFFFFFFFFFFFFFFFFFF9A
:10D6A000FFFFFFFFFFFFFFFFFFFFFFFFFFFFFFFF8A
:10D6B000FFFFFFFFFFFFFFFFFFFFFFFFFFFFFFFF7A
:10D6C000FFFFFFFFFFFFFFFFFFFFFFFFFFFFFFFF6A
:10D6D000FFFFFFFFFFFFFFFFFFFFFFFFFFFFFFFF5A
:10D6E000FFFFFFFFFFFFFFFFFFFFFFFFFFFFFFFF4A
:10D6F000FFFFFFFFFFFFFFFFFFFFFFFFFFFFFFFF3A
:10D70000FFFFFFFFFFFFFFFFFFFFFFFFFFFFFFFF29
:10D71000FFFFFFFFFFFFFFFFFFFFFFFFFFFFFFFF19
:10D72000FFFFFFFFFFFFFFFFFFFFFFFFFFFFFFFF09
:10D73000FFFFFFFFFFFFFFFFFFFFFFFFFFFFFFFFF9
:10D74000FFFFFFFFFFFFFFFFFFFFFFFFFFFFFFFFE9
:10D75000FFFFFFFFFFFFFFFFFFFFFFFFFFFFFFFFD9
:10D76000FFFFFFFFFFFFFFFFFFFFFFFFFFFFFFFFC9
:10D77000FFFFFFFFFFFFFFFFFFFFFFFFFFFFFFFFB9
:10D78000FFFFFFFFFFFFFFFFFFFFFFFFFFFFFFFFA9
:10D79000FFFFFFFFFFFFFFFFFFFFFFFFFFFFFFFF99
:10D7A000FFFFFFFFFFFFFFFFFFFFFFFFFFFFFFFF89
:10D7B000FFFFFFFFFFFFFFFFFFFFFFFFFFFFFFFF79
:10D7C000FFFFFFFFFFFFFFFFFFFFFFFFFFFFFFFF69
:10D7D000FFFFFFFFFFFFFFFFFFFFFFFFFFFFFFFF59
:10D7E000FFFFFFFFFFFFFFFFFFFFFFFFFFFFFFFF49
:10D7F000FFFFFFFFFFFFFFFFFFFFFFFFFFFFFFFF39
:10D80000FFFFFFFFFFFFFFFFFFFFFFFFFFFFFFFF28
:10D81000FFFFFFFFFFFFFFFFFFFFFFFFFFFFFFFF18
:10D82000FFFFFFFFFFFFFFFFFFFFFFFFFFFFFFFF08
:10D83000FFFFFFFFFFFFFFFFFFFFFFFFFFFFFFFFF8
:10D84000FFFFFFFFFFFFFFFFFFFFFFFFFFFFFFFFE8
:10D85000FFFFFFFFFFFFFFFFFFFFFFFFFFFFFFFFD8
:10D86000FFFFFFFFFFFFFFFFFFFFFFFFFFFFFFFFC8
:10D87000FFFFFFFFFFFFFFFFFFFFFFFFFFFFFFFFB8
:10D88000FFFFFFFFFFFFFFFFFFFFFFFFFFFFFFFFA8
:10D89000FFFFFFFFFFFFFFFFFFFFFFFFFFFFFFFF98
:10D8A000FFFFFFFFFFFFFFFFFFFFFFFFFFFFFFFF88
:10D8B000FFFFFFFFFFFFFFFFFFFFFFFFFFFFFFFF78
:10D8C000FFFFFFFFFFFFFFFFFFFFFFFFFFFFFFFF68
:10D8D000FFFFFFFFFFFFFFFFFFFFFFFFFFFFFFFF58
:10D8E000FFFFFFFFFFFFFFFFFFFFFFFFFFFFFFFF48
:10D8F000FFFFFFFFFFFFFFFFFFFFFFFFFFFFFFFF38
:10D90000FFFFFFFFFFFFFFFFFFFFFFFFFFFFFFFF27
:10D91000FFFFFFFFFFFFFFFFFFFFFFFFFFFFFFFF17
:10D92000FFFFFFFFFFFFFFFFFFFFFFFFFFFFFFFF07
:10D93000FFFFFFFFFFFFFFFFFFFFFFFFFFFFFFFFF7
:10D94000FFFFFFFFFFFFFFFFFFFFFFFFFFFFFFFFE7
:10D95000FFFFFFFFFFFFFFFFFFFFFFFFFFFFFFFFD7
:10D96000FFFFFFFFFFFFFFFFFFFFFFFFFFFFFFFFC7
:10D97000FFFFFFFFFFFFFFFFFFFFFFFFFFFFFFFFB7
:10D98000FFFFFFFFFFFFFFFFFFFFFFFFFFFFFFFFA7
:10D99000FFFFFFFFFFFFFFFFFFFFFFFFFFFFFFFF97
:10D9A000FFFFFFFFFFFFFFFFFFFFFFFFFFFFFFFF87
:10D9B000FFFFFFFFFFFFFFFFFFFFFFFFFFFFFFFF77
:10D9C000FFFFFFFFFFFFFFFFFFFFFFFFFFFFFFFF67
:10D9D000FFFFFFFFFFFFFFFFFFFFFFFFFFFFFFFF57
:10D9E000FFFFFFFFFFFFFFFFFFFFFFFFFFFFFFFF47
:10D9F000FFFFFFFFFFFFFFFFFFFFFFFFFFFFFFFF37
:10DA0000FFFFFFFFFFFFFFFFFFFFFFFFFFFFFFFF26
:10DA1000FFFFFFFFFFFFFFFFFFFFFFFFFFFFFFFF16
:10DA2000FFFFFFFFFFFFFFFFFFFFFFFFFFFFFFFF06
:10DA3000FFFFFFFFFFFFFFFFFFFFFFFFFFFFFFFFF6
:10DA4000FFFFFFFFFFFFFFFFFFFFFFFFFFFFFFFFE6
:10DA5000FFFFFFFFFFFFFFFFFFFFFFFFFFFFFFFFD6
:10DA6000FFFFFFFFFFFFFFFFFFFFFFFFFFFFFFFFC6
:10DA7000FFFFFFFFFFFFFFFFFFFFFFFFFFFFFFFFB6
:10DA8000FFFFFFFFFFFFFFFFFFFFFFFFFFFFFFFFA6
:10DA9000FFFFFFFFFFFFFFFFFFFFFFFFFFFFFFFF96
:10DAA000FFFFFFFFFFFFFFFFFFFFFFFFFFFFFFFF86
:10DAB000FFFFFFFFFFFFFFFFFFFFFFFFFFFFFFFF76
:10DAC000FFFFFFFFFFFFFFFFFFFFFFFFFFFFFFFF66
:10DAD000FFFFFFFFFFFFFFFFFFFFFFFFFFFFFFFF56
:10DAE000FFFFFFFFFFFFFFFFFFFFFFFFFFFFFFFF46
:10DAF000FFFFFFFFFFFFFFFFFFFFFFFFFFFFFFFF36
:10DB0000FFFFFFFFFFFFFFFFFFFFFFFFFFFFFFFF25
:10DB1000FFFFFFFFFFFFFFFFFFFFFFFFFFFFFFFF15
:10DB2000FFFFFFFFFFFFFFFFFFFFFFFFFFFFFFFF05
:10DB3000FFFFFFFFFFFFFFFFFFFFFFFFFFFFFFFFF5
:10DB4000FFFFFFFFFFFFFFFFFFFFFFFFFFFFFFFFE5
:10DB5000FFFFFFFFFFFFFFFFFFFFFFFFFFFFFFFFD5
:10DB6000FFFFFFFFFFFFFFFFFFFFFFFFFFFFFFFFC5
:10DB7000FFFFFFFFFFFFFFFFFFFFFFFFFFFFFFFFB5
:10DB8000FFFFFFFFFFFFFFFFFFFFFFFFFFFFFFFFA5
:10DB9000FFFFFFFFFFFFFFFFFFFFFFFFFFFFFFFF95
:10DBA000FFFFFFFFFFFFFFFFFFFFFFFFFFFFFFFF85
:10DBB000FFFFFFFFFFFFFFFFFFFFFFFFFFFFFFFF75
:10DBC000FFFFFFFFFFFFFFFFFFFFFFFFFFFFFFFF65
:10DBD000FFFFFFFFFFFFFFFFFFFFFFFFFFFFFFFF55
:10DBE000FFFFFFFFFFFFFFFFFFFFFFFFFFFFFFFF45
:10DBF000FFFFFFFFFFFFFFFFFFFFFFFFFFFFFFFF35
:10DC0000FFFFFFFFFFFFFFFFFFFFFFFFFFFFFFFF24
:10DC1000FFFFFFFFFFFFFFFFFFFFFFFFFFFFFFFF14
:10DC2000FFFFFFFFFFFFFFFFFFFFFFFFFFFFFFFF04
:10DC3000FFFFFFFFFFFFFFFFFFFFFFFFFFFFFFFFF4
:10DC4000FFFFFFFFFFFFFFFFFFFFFFFFFFFFFFFFE4
:10DC5000FFFFFFFFFFFFFFFFFFFFFFFFFFFFFFFFD4
:10DC6000FFFFFFFFFFFFFFFFFFFFFFFFFFFFFFFFC4
:10DC7000FFFFFFFFFFFFFFFFFFFFFFFFFFFFFFFFB4
:10DC8000FFFFFFFFFFFFFFFFFFFFFFFFFFFFFFFFA4
:10DC9000FFFFFFFFFFFFFFFFFFFFFFFFFFFFFFFF94
:10DCA000FFFFFFFFFFFFFFFFFFFFFFFFFFFFFFFF84
:10DCB000FFFFFFFFFFFFFFFFFFFFFFFFFFFFFFFF74
:10DCC000FFFFFFFFFFFFFFFFFFFFFFFFFFFFFFFF64
:10DCD000FFFFFFFFFFFFFFFFFFFFFFFFFFFFFFFF54
:10DCE000FFFFFFFFFFFFFFFFFFFFFFFFFFFFFFFF44
:10DCF000FFFFFFFFFFFFFFFFFFFFFFFFFFFFFFFF34
:10DD0000FFFFFFFFFFFFFFFFFFFFFFFFFFFFFFFF23
:10DD1000FFFFFFFFFFFFFFFFFFFFFFFFFFFFFFFF13
:10DD2000FFFFFFFFFFFFFFFFFFFFFFFFFFFFFFFF03
:10DD3000FFFFFFFFFFFFFFFFFFFFFFFFFFFFFFFFF3
:10DD4000FFFFFFFFFFFFFFFFFFFFFFFFFFFFFFFFE3
:10DD5000FFFFFFFFFFFFFFFFFFFFFFFFFFFFFFFFD3
:10DD6000FFFFFFFFFFFFFFFFFFFFFFFFFFFFFFFFC3
:10DD7000FFFFFFFFFFFFFFFFFFFFFFFFFFFFFFFFB3
:10DD8000FFFFFFFFFFFFFFFFFFFFFFFFFFFFFFFFA3
:10DD9000FFFFFFFFFFFFFFFFFFFFFFFFFFFFFFFF93
:10DDA000FFFFFFFFFFFFFFFFFFFFFFFFFFFFFFFF83
:10DDB000FFFFFFFFFFFFFFFFFFFFFFFFFFFFFFFF73
:10DDC000FFFFFFFFFFFFFFFFFFFFFFFFFFFFFFFF63
:10DDD000FFFFFFFFFFFFFFFFFFFFFFFFFFFFFFFF53
:10DDE000FFFFFFFFFFFFFFFFFFFFFFFFFFFFFFFF43
:10DDF000FFFFFFFFFFFFFFFFFFFFFFFFFFFFFFFF33
:10DE0000FFFFFFFFFFFFFFFFFFFFFFFFFFFFFFFF22
:10DE1000FFFFFFFFFFFFFFFFFFFFFFFFFFFFFFFF12
:10DE2000FFFFFFFFFFFFFFFFFFFFFFFFFFFFFFFF02
:10DE3000FFFFFFFFFFFFFFFFFFFFFFFFFFFFFFFFF2
:10DE4000FFFFFFFFFFFFFFFFFFFFFFFFFFFFFFFFE2
:10DE5000FFFFFFFFFFFFFFFFFFFFFFFFFFFFFFFFD2
:10DE6000FFFFFFFFFFFFFFFFFFFFFFFFFFFFFFFFC2
:10DE7000FFFFFFFFFFFFFFFFFFFFFFFFFFFFFFFFB2
:10DE8000FFFFFFFFFFFFFFFFFFFFFFFFFFFFFFFFA2
:10DE9000FFFFFFFFFFFFFFFFFFFFFFFFFFFFFFFF92
:10DEA000FFFFFFFFFFFFFFFFFFFFFFFFFFFFFFFF82
:10DEB000FFFFFFFFFFFFFFFFFFFFFFFFFFFFFFFF72
:10DEC000FFFFFFFFFFFFFFFFFFFFFFFFFFFFFFFF62
:10DED000FFFFFFFFFFFFFFFFFFFFFFFFFFFFFFFF52
:10DEE000FFFFFFFFFFFFFFFFFFFFFFFFFFFFFFFF42
:10DEF000FFFFFFFFFFFFFFFFFFFFFFFFFFFFFFFF32
:10DF0000FFFFFFFFFFFFFFFFFFFFFFFFFFFFFFFF21
:10DF1000FFFFFFFFFFFFFFFFFFFFFFFFFFFFFFFF11
:10DF2000FFFFFFFFFFFFFFFFFFFFFFFFFFFFFFFF01
:10DF3000FFFFFFFFFFFFFFFFFFFFFFFFFFFFFFFFF1
:10DF4000FFFFFFFFFFFFFFFFFFFFFFFFFFFFFFFFE1
:10DF5000FFFFFFFFFFFFFFFFFFFFFFFFFFFFFFFFD1
:10DF6000FFFFFFFFFFFFFFFFFFFFFFFFFFFFFFFFC1
:10DF7000FFFFFFFFFFFFFFFFFFFFFFFFFFFFFFFFB1
:10DF8000FFFFFFFFFFFFFFFFFFFFFFFFFFFFFFFFA1
:10DF9000FFFFFFFFFFFFFFFFFFFFFFFFFFFFFFFF91
:10DFA000FFFFFFFFFFFFFFFFFFFFFFFFFFFFFFFF81
:10DFB000FFFFFFFFFFFFFFFFFFFFFFFFFFFFFFFF71
:10DFC000FFFFFFFFFFFFFFFFFFFFFFFFFFFFFFFF61
:10DFD000FFFFFFFFFFFFFFFFFFFFFFFFFFFFFFFF51
:10DFE000FFFFFFFFFFFFFFFFFFFFFFFFFFFFFFFF41
:10DFF000FFFFFFFFFFFFFFFFFFFFFFFFFFFFFFFF31
:10E00000FFFFFFFFFFFFFFFFFFFFFFFFFFFFFFFF20
:10E01000FFFFFFFFFFFFFFFFFFFFFFFFFFFFFFFF10
:10E02000FFFFFFFFFFFFFFFFFFFFFFFFFFFFFFFF00
:10E03000FFFFFFFFFFFFFFFFFFFFFFFFFFFFFFFFF0
:10E04000FFFFFFFFFFFFFFFFFFFFFFFFFFFFFFFFE0
:10E05000FFFFFFFFFFFFFFFFFFFFFFFFFFFFFFFFD0
:10E06000FFFFFFFFFFFFFFFFFFFFFFFFFFFFFFFFC0
:10E07000FFFFFFFFFFFFFFFFFFFFFFFFFFFFFFFFB0
:10E08000FFFFFFFFFFFFFFFFFFFFFFFFFFFFFFFFA0
:10E09000FFFFFFFFFFFFFFFFFFFFFFFFFFFFFFFF90
:10E0A000FFFFFFFFFFFFFFFFFFFFFFFFFFFFFFFF80
:10E0B000FFFFFFFFFFFFFFFFFFFFFFFFFFFFFFFF70
:10E0C000FFFFFFFFFFFFFFFFFFFFFFFFFFFFFFFF60
:10E0D000FFFFFFFFFFFFFFFFFFFFFFFFFFFFFFFF50
:10E0E000FFFFFFFFFFFFFFFFFFFFFFFFFFFFFFFF40
:10E0F000FFFFFFFFFFFFFFFFFFFFFFFFFFFFFFFF30
:10E10000FFFFFFFFFFFFFFFFFFFFFFFFFFFFFFFF1F
:10E11000FFFFFFFFFFFFFFFFFFFFFFFFFFFFFFFF0F
:10E12000FFFFFFFFFFFFFFFFFFFFFFFFFFFFFFFFFF
:10E13000FFFFFFFFFFFFFFFFFFFFFFFFFFFFFFFFEF
:10E14000FFFFFFFFFFFFFFFFFFFFFFFFFFFFFFFFDF
:10E15000FFFFFFFFFFFFFFFFFFFFFFFFFFFFFFFFCF
:10E16000FFFFFFFFFFFFFFFFFFFFFFFFFFFFFFFFBF
:10E17000FFFFFFFFFFFFFFFFFFFFFFFFFFFFFFFFAF
:10E18000FFFFFFFFFFFFFFFFFFFFFFFFFFFFFFFF9F
:10E19000FFFFFFFFFFFFFFFFFFFFFFFFFFFFFFFF8F
:10E1A000FFFFFFFFFFFFFFFFFFFFFFFFFFFFFFFF7F
:10E1B000FFFFFFFFFFFFFFFFFFFFFFFFFFFFFFFF6F
:10E1C000FFFFFFFFFFFFFFFFFFFFFFFFFFFFFFFF5F
:10E1D000FFFFFFFFFFFFFFFFFFFFFFFFFFFFFFFF4F
:10E1E000FFFFFFFFFFFFFFFFFFFFFFFFFFFFFFFF3F
:10E1F000FFFFFFFFFFFFFFFFFFFFFFFFFFFFFFFF2F
:10E20000FFFFFFFFFFFFFFFFFFFFFFFFFFFFFFFF1E
:10E21000FFFFFFFFFFFFFFFFFFFFFFFFFFFFFFFF0E
:10E22000FFFFFFFFFFFFFFFFFFFFFFFFFFFFFFFFFE
:10E23000FFFFFFFFFFFFFFFFFFFFFFFFFFFFFFFFEE
:10E24000FFFFFFFFFFFFFFFFFFFFFFFFFFFFFFFFDE
:10E25000FFFFFFFFFFFFFFFFFFFFFFFFFFFFFFFFCE
:10E26000FFFFFFFFFFFFFFFFFFFFFFFFFFFFFFFFBE
:10E27000FFFFFFFFFFFFFFFFFFFFFFFFFFFFFFFFAE
:10E28000FFFFFFFFFFFFFFFFFFFFFFFFFFFFFFFF9E
:10E29000FFFFFFFFFFFFFFFFFFFFFFFFFFFFFFFF8E
:10E2A000FFFFFFFFFFFFFFFFFFFFFFFFFFFFFFFF7E
:10E2B000FFFFFFFFFFFFFFFFFFFFFFFFFFFFFFFF6E
:10E2C000FFFFFFFFFFFFFFFFFFFFFFFFFFFFFFFF5E
:10E2D000FFFFFFFFFFFFFFFFFFFFFFFFFFFFFFFF4E
:10E2E000FFFFFFFFFFFFFFFFFFFFFFFFFFFFFFFF3E
:10E2F000FFFFFFFFFFFFFFFFFFFFFFFFFFFFFFFF2E
:10E30000FFFFFFFFFFFFFFFFFFFFFFFFFFFFFFFF1D
:10E31000FFFFFFFFFFFFFFFFFFFFFFFFFFFFFFFF0D
:10E32000FFFFFFFFFFFFFFFFFFFFFFFFFFFFFFFFFD
:10E33000FFFFFFFFFFFFFFFFFFFFFFFFFFFFFFFFED
:10E34000FFFFFFFFFFFFFFFFFFFFFFFFFFFFFFFFDD
:10E35000FFFFFFFFFFFFFFFFFFFFFFFFFFFFFFFFCD
:10E36000FFFFFFFFFFFFFFFFFFFFFFFFFFFFFFFFBD
:10E37000FFFFFFFFFFFFFFFFFFFFFFFFFFFFFFFFAD
:10E38000FFFFFFFFFFFFFFFFFFFFFFFFFFFFFFFF9D
:10E39000FFFFFFFFFFFFFFFFFFFFFFFFFFFFFFFF8D
:10E3A000FFFFFFFFFFFFFFFFFFFFFFFFFFFFFFFF7D
:10E3B000FFFFFFFFFFFFFFFFFFFFFFFFFFFFFFFF6D
:10E3C000FFFFFFFFFFFFFFFFFFFFFFFFFFFFFFFF5D
:10E3D000FFFFFFFFFFFFFFFFFFFFFFFFFFFFFFFF4D
:10E3E000FFFFFFFFFFFFFFFFFFFFFFFFFFFFFFFF3D
:10E3F000FFFFFFFFFFFFFFFFFFFFFFFFFFFFFFFF2D
:10E40000FFFFFFFFFFFFFFFFFFFFFFFFFFFFFFFF1C
:10E41000FFFFFFFFFFFFFFFFFFFFFFFFFFFFFFFF0C
:10E42000FFFFFFFFFFFFFFFFFFFFFFFFFFFFFFFFFC
:10E43000FFFFFFFFFFFFFFFFFFFFFFFFFFFFFFFFEC
:10E44000FFFFFFFFFFFFFFFFFFFFFFFFFFFFFFFFDC
:10E45000FFFFFFFFFFFFFFFFFFFFFFFFFFFFFFFFCC
:10E46000FFFFFFFFFFFFFFFFFFFFFFFFFFFFFFFFBC
:10E47000FFFFFFFFFFFFFFFFFFFFFFFFFFFFFFFFAC
:10E48000FFFFFFFFFFFFFFFFFFFFFFFFFFFFFFFF9C
:10E49000FFFFFFFFFFFFFFFFFFFFFFFFFFFFFFFF8C
:10E4A000FFFFFFFFFFFFFFFFFFFFFFFFFFFFFFFF7C
:10E4B000FFFFFFFFFFFFFFFFFFFFFFFFFFFFFFFF6C
:10E4C000FFFFFFFFFFFFFFFFFFFFFFFFFFFFFFFF5C
:10E4D000FFFFFFFFFFFFFFFFFFFFFFFFFFFFFFFF4C
:10E4E000FFFFFFFFFFFFFFFFFFFFFFFFFFFFFFFF3C
:10E4F000FFFFFFFFFFFFFFFFFFFFFFFFFFFFFFFF2C
:10E50000FFFFFFFFFFFFFFFFFFFFFFFFFFFFFFFF1B
:10E51000FFFFFFFFFFFFFFFFFFFFFFFFFFFFFFFF0B
:10E52000FFFFFFFFFFFFFFFFFFFFFFFFFFFFFFFFFB
:10E53000FFFFFFFFFFFFFFFFFFFFFFFFFFFFFFFFEB
:10E54000FFFFFFFFFFFFFFFFFFFFFFFFFFFFFFFFDB
:10E55000FFFFFFFFFFFFFFFFFFFFFFFFFFFFFFFFCB
:10E56000FFFFFFFFFFFFFFFFFFFFFFFFFFFFFFFFBB
:10E57000FFFFFFFFFFFFFFFFFFFFFFFFFFFFFFFFAB
:10E58000FFFFFFFFFFFFFFFFFFFFFFFFFFFFFFFF9B
:10E59000FFFFFFFFFFFFFFFFFFFFFFFFFFFFFFFF8B
:10E5A000FFFFFFFFFFFFFFFFFFFFFFFFFFFFFFFF7B
:10E5B000FFFFFFFFFFFFFFFFFFFFFFFFFFFFFFFF6B
:10E5C000FFFFFFFFFFFFFFFFFFFFFFFFFFFFFFFF5B
:10E5D000FFFFFFFFFFFFFFFFFFFFFFFFFFFFFFFF4B
:10E5E000FFFFFFFFFFFFFFFFFFFFFFFFFFFFFFFF3B
:10E5F000FFFFFFFFFFFFFFFFFFFFFFFFFFFFFFFF2B
:10E60000FFFFFFFFFFFFFFFFFFFFFFFFFFFFFFFF1A
:10E61000FFFFFFFFFFFFFFFFFFFFFFFFFFFFFFFF0A
:10E62000FFFFFFFFFFFFFFFFFFFFFFFFFFFFFFFFFA
:10E63000FFFFFFFFFFFFFFFFFFFFFFFFFFFFFFFFEA
:10E64000FFFFFFFFFFFFFFFFFFFFFFFFFFFFFFFFDA
:10E65000FFFFFFFFFFFFFFFFFFFFFFFFFFFFFFFFCA
:10E66000FFFFFFFFFFFFFFFFFFFFFFFFFFFFFFFFBA
:10E67000FFFFFFFFFFFFFFFFFFFFFFFFFFFFFFFFAA
:10E68000FFFFFFFFFFFFFFFFFFFFFFFFFFFFFFFF9A
:10E69000FFFFFFFFFFFFFFFFFFFFFFFFFFFFFFFF8A
:10E6A000FFFFFFFFFFFFFFFFFFFFFFFFFFFFFFFF7A
:10E6B000FFFFFFFFFFFFFFFFFFFFFFFFFFFFFFFF6A
:10E6C000FFFFFFFFFFFFFFFFFFFFFFFFFFFFFFFF5A
:10E6D000FFFFFFFFFFFFFFFFFFFFFFFFFFFFFFFF4A
:10E6E000FFFFFFFFFFFFFFFFFFFFFFFFFFFFFFFF3A
:10E6F000FFFFFFFFFFFFFFFFFFFFFFFFFFFFFFFF2A
:10E70000FFFFFFFFFFFFFFFFFFFFFFFFFFFFFFFF19
:10E71000FFFFFFFFFFFFFFFFFFFFFFFFFFFFFFFF09
:10E72000FFFFFFFFFFFFFFFFFFFFFFFFFFFFFFFFF9
:10E73000FFFFFFFFFFFFFFFFFFFFFFFFFFFFFFFFE9
:10E74000FFFFFFFFFFFFFFFFFFFFFFFFFFFFFFFFD9
:10E75000FFFFFFFFFFFFFFFFFFFFFFFFFFFFFFFFC9
:10E76000FFFFFFFFFFFFFFFFFFFFFFFFFFFFFFFFB9
:10E77000FFFFFFFFFFFFFFFFFFFFFFFFFFFFFFFFA9
:10E78000FFFFFFFFFFFFFFFFFFFFFFFFFFFFFFFF99
:10E79000FFFFFFFFFFFFFFFFFFFFFFFFFFFFFFFF89
:10E7A000FFFFFFFFFFFFFFFFFFFFFFFFFFFFFFFF79
:10E7B000FFFFFFFFFFFFFFFFFFFFFFFFFFFFFFFF69
:10E7C000FFFFFFFFFFFFFFFFFFFFFFFFFFFFFFFF59
:10E7D000FFFFFFFFFFFFFFFFFFFFFFFFFFFFFFFF49
:10E7E000FFFFFFFFFFFFFFFFFFFFFFFFFFFFFFFF39
:10E7F000FFFFFFFFFFFFFFFFFFFFFFFFFFFFFFFF29
:10E80000FFFFFFFFFFFFFFFFFFFFFFFFFFFFFFFF18
:10E81000FFFFFFFFFFFFFFFFFFFFFFFFFFFFFFFF08
:10E82000FFFFFFFFFFFFFFFFFFFFFFFFFFFFFFFFF8
:10E83000FFFFFFFFFFFFFFFFFFFFFFFFFFFFFFFFE8
:10E84000FFFFFFFFFFFFFFFFFFFFFFFFFFFFFFFFD8
:10E85000FFFFFFFFFFFFFFFFFFFFFFFFFFFFFFFFC8
:10E86000FFFFFFFFFFFFFFFFFFFFFFFFFFFFFFFFB8
:10E87000FFFFFFFFFFFFFFFFFFFFFFFFFFFFFFFFA8
:10E88000FFFFFFFFFFFFFFFFFFFFFFFFFFFFFFFF98
:10E89000FFFFFFFFFFFFFFFFFFFFFFFFFFFFFFFF88
:10E8A000FFFFFFFFFFFFFFFFFFFFFFFFFFFFFFFF78
:10E8B000FFFFFFFFFFFFFFFFFFFFFFFFFFFFFFFF68
:10E8C000FFFFFFFFFFFFFFFFFFFFFFFFFFFFFFFF58
:10E8D000FFFFFFFFFFFFFFFFFFFFFFFFFFFFFFFF48
:10E8E000FFFFFFFFFFFFFFFFFFFFFFFFFFFFFFFF38
:10E8F000FFFFFFFFFFFFFFFFFFFFFFFFFFFFFFFF28
:10E90000FFFFFFFFFFFFFFFFFFFFFFFFFFFFFFFF17
:10E91000FFFFFFFFFFFFFFFFFFFFFFFFFFFFFFFF07
:10E92000FFFFFFFFFFFFFFFFFFFFFFFFFFFFFFFFF7
:10E93000FFFFFFFFFFFFFFFFFFFFFFFFFFFFFFFFE7
:10E94000FFFFFFFFFFFFFFFFFFFFFFFFFFFFFFFFD7
:10E95000FFFFFFFFFFFFFFFFFFFFFFFFFFFFFFFFC7
:10E96000FFFFFFFFFFFFFFFFFFFFFFFFFFFFFFFFB7
:10E97000FFFFFFFFFFFFFFFFFFFFFFFFFFFFFFFFA7
:10E98000FFFFFFFFFFFFFFFFFFFFFFFFFFFFFFFF97
:10E99000FFFFFFFFFFFFFFFFFFFFFFFFFFFFFFFF87
:10E9A000FFFFFFFFFFFFFFFFFFFFFFFFFFFFFFFF77
:10E9B000FFFFFFFFFFFFFFFFFFFFFFFFFFFFFFFF67
:10E9C000FFFFFFFFFFFFFFFFFFFFFFFFFFFFFFFF57
:10E9D000FFFFFFFFFFFFFFFFFFFFFFFFFFFFFFFF47
:10E9E000FFFFFFFFFFFFFFFFFFFFFFFFFFFFFFFF37
:10E9F000FFFFFFFFFFFFFFFFFFFFFFFFFFFFFFFF27
:10EA0000FFFFFFFFFFFFFFFFFFFFFFFFFFFFFFFF16
:10EA1000FFFFFFFFFFFFFFFFFFFFFFFFFFFFFFFF06
:10EA2000FFFFFFFFFFFFFFFFFFFFFFFFFFFFFFFFF6
:10EA3000FFFFFFFFFFFFFFFFFFFFFFFFFFFFFFFFE6
:10EA4000FFFFFFFFFFFFFFFFFFFFFFFFFFFFFFFFD6
:10EA5000FFFFFFFFFFFFFFFFFFFFFFFFFFFFFFFFC6
:10EA6000FFFFFFFFFFFFFFFFFFFFFFFFFFFFFFFFB6
:10EA7000FFFFFFFFFFFFFFFFFFFFFFFFFFFFFFFFA6
:10EA8000FFFFFFFFFFFFFFFFFFFFFFFFFFFFFFFF96
:10EA9000FFFFFFFFFFFFFFFFFFFFFFFFFFFFFFFF86
:10EAA000FFFFFFFFFFFFFFFFFFFFFFFFFFFFFFFF76
:10EAB000FFFFFFFFFFFFFFFFFFFFFFFFFFFFFFFF66
:10EAC000FFFFFFFFFFFFFFFFFFFFFFFFFFFFFFFF56
:10EAD000FFFFFFFFFFFFFFFFFFFFFFFFFFFFFFFF46
:10EAE000FFFFFFFFFFFFFFFFFFFFFFFFFFFFFFFF36
:10EAF000FFFFFFFFFFFFFFFFFFFFFFFFFFFFFFFF26
:10EB0000FFFFFFFFFFFFFFFFFFFFFFFFFFFFFFFF15
:10EB1000FFFFFFFFFFFFFFFFFFFFFFFFFFFFFFFF05
:10EB2000FFFFFFFFFFFFFFFFFFFFFFFFFFFFFFFFF5
:10EB3000FFFFFFFFFFFFFFFFFFFFFFFFFFFFFFFFE5
:10EB4000FFFFFFFFFFFFFFFFFFFFFFFFFFFFFFFFD5
:10EB5000FFFFFFFFFFFFFFFFFFFFFFFFFFFFFFFFC5
:10EB6000FFFFFFFFFFFFFFFFFFFFFFFFFFFFFFFFB5
:10EB7000FFFFFFFFFFFFFFFFFFFFFFFFFFFFFFFFA5
:10EB8000FFFFFFFFFFFFFFFFFFFFFFFFFFFFFFFF95
:10EB9000FFFFFFFFFFFFFFFFFFFFFFFFFFFFFFFF85
:10EBA000FFFFFFFFFFFFFFFFFFFFFFFFFFFFFFFF75
:10EBB000FFFFFFFFFFFFFFFFFFFFFFFFFFFFFFFF65
:10EBC000FFFFFFFFFFFFFFFFFFFFFFFFFFFFFFFF55
:10EBD000FFFFFFFFFFFFFFFFFFFFFFFFFFFFFFFF45
:10EBE000FFFFFFFFFFFFFFFFFFFFFFFFFFFFFFFF35
:10EBF000FFFFFFFFFFFFFFFFFFFFFFFFFFFFFFFF25
:10EC0000FFFFFFFFFFFFFFFFFFFFFFFFFFFFFFFF14
:10EC1000FFFFFFFFFFFFFFFFFFFFFFFFFFFFFFFF04
:10EC2000FFFFFFFFFFFFFFFFFFFFFFFFFFFFFFFFF4
:10EC3000FFFFFFFFFFFFFFFFFFFFFFFFFFFFFFFFE4
:10EC4000FFFFFFFFFFFFFFFFFFFFFFFFFFFFFFFFD4
:10EC5000FFFFFFFFFFFFFFFFFFFFFFFFFFFFFFFFC4
:10EC6000FFFFFFFFFFFFFFFFFFFFFFFFFFFFFFFFB4
:10EC7000FFFFFFFFFFFFFFFFFFFFFFFFFFFFFFFFA4
:10EC8000FFFFFFFFFFFFFFFFFFFFFFFFFFFFFFFF94
:10EC9000FFFFFFFFFFFFFFFFFFFFFFFFFFFFFFFF84
:10ECA000FFFFFFFFFFFFFFFFFFFFFFFFFFFFFFFF74
:10ECB000FFFFFFFFFFFFFFFFFFFFFFFFFFFFFFFF64
:10ECC000FFFFFFFFFFFFFFFFFFFFFFFFFFFFFFFF54
:10ECD000FFFFFFFFFFFFFFFFFFFFFFFFFFFFFFFF44
:10ECE000FFFFFFFFFFFFFFFFFFFFFFFFFFFFFFFF34
:10ECF000FFFFFFFFFFFFFFFFFFFFFFFFFFFFFFFF24
:10ED0000FFFFFFFFFFFFFFFFFFFFFFFFFFFFFFFF13
:10ED1000FFFFFFFFFFFFFFFFFFFFFFFFFFFFFFFF03
:10ED2000FFFFFFFFFFFFFFFFFFFFFFFFFFFFFFFFF3
:10ED3000FFFFFFFFFFFFFFFFFFFFFFFFFFFFFFFFE3
:10ED4000FFFFFFFFFFFFFFFFFFFFFFFFFFFFFFFFD3
:10ED5000FFFFFFFFFFFFFFFFFFFFFFFFFFFFFFFFC3
:10ED6000FFFFFFFFFFFFFFFFFFFFFFFFFFFFFFFFB3
:10ED7000FFFFFFFFFFFFFFFFFFFFFFFFFFFFFFFFA3
:10ED8000FFFFFFFFFFFFFFFFFFFFFFFFFFFFFFFF93
:10ED9000FFFFFFFFFFFFFFFFFFFFFFFFFFFFFFFF83
:10EDA000FFFFFFFFFFFFFFFFFFFFFFFFFFFFFFFF73
:10EDB000FFFFFFFFFFFFFFFFFFFFFFFFFFFFFFFF63
:10EDC000FFFFFFFFFFFFFFFFFFFFFFFFFFFFFFFF53
:10EDD000FFFFFFFFFFFFFFFFFFFFFFFFFFFFFFFF43
:10EDE000FFFFFFFFFFFFFFFFFFFFFFFFFFFFFFFF33
:10EDF000FFFFFFFFFFFFFFFFFFFFFFFFFFFFFFFF23
:10EE0000FFFFFFFFFFFFFFFFFFFFFFFFFFFFFFFF12
:10EE1000FFFFFFFFFFFFFFFFFFFFFFFFFFFFFFFF02
:10EE2000FFFFFFFFFFFFFFFFFFFFFFFFFFFFFFFFF2
:10EE3000FFFFFFFFFFFFFFFFFFFFFFFFFFFFFFFFE2
:10EE4000FFFFFFFFFFFFFFFFFFFFFFFFFFFFFFFFD2
:10EE5000FFFFFFFFFFFFFFFFFFFFFFFFFFFFFFFFC2
:10EE6000FFFFFFFFFFFFFFFFFFFFFFFFFFFFFFFFB2
:10EE7000FFFFFFFFFFFFFFFFFFFFFFFFFFFFFFFFA2
:10EE8000FFFFFFFFFFFFFFFFFFFFFFFFFFFFFFFF92
:10EE9000FFFFFFFFFFFFFFFFFFFFFFFFFFFFFFFF82
:10EEA000FFFFFFFFFFFFFFFFFFFFFFFFFFFFFFFF72
:10EEB000FFFFFFFFFFFFFFFFFFFFFFFFFFFFFFFF62
:10EEC000FFFFFFFFFFFFFFFFFFFFFFFFFFFFFFFF52
:10EED000FFFFFFFFFFFFFFFFFFFFFFFFFFFFFFFF42
:10EEE000FFFFFFFFFFFFFFFFFFFFFFFFFFFFFFFF32
:10EEF000FFFFFFFFFFFFFFFFFFFFFFFFFFFFFFFF22
:10EF0000FFFFFFFFFFFFFFFFFFFFFFFFFFFFFFFF11
:10EF1000FFFFFFFFFFFFFFFFFFFFFFFFFFFFFFFF01
:10EF2000FFFFFFFFFFFFFFFFFFFFFFFFFFFFFFFFF1
:10EF3000FFFFFFFFFFFFFFFFFFFFFFFFFFFFFFFFE1
:10EF4000FFFFFFFFFFFFFFFFFFFFFFFFFFFFFFFFD1
:10EF5000FFFFFFFFFFFFFFFFFFFFFFFFFFFFFFFFC1
:10EF6000FFFFFFFFFFFFFFFFFFFFFFFFFFFFFFFFB1
:10EF7000FFFFFFFFFFFFFFFFFFFFFFFFFFFFFFFFA1
:10EF8000FFFFFFFFFFFFFFFFFFFFFFFFFFFFFFFF91
:10EF9000FFFFFFFFFFFFFFFFFFFFFFFFFFFFFFFF81
:10EFA000FFFFFFFFFFFFFFFFFFFFFFFFFFFFFFFF71
:10EFB000FFFFFFFFFFFFFFFFFFFFFFFFFFFFFFFF61
:10EFC000FFFFFFFFFFFFFFFFFFFFFFFFFFFFFFFF51
:10EFD000FFFFFFFFFFFFFFFFFFFFFFFFFFFFFFFF41
:10EFE000FFFFFFFFFFFFFFFFFFFFFFFFFFFFFFFF31
:10EFF000FFFFFFFFFFFFFFFFFFFFFFFFFFFFFFFF21
:10F00000FFFFFFFFFFFFFFFFFFFFFFFFFFFFFFFF10
:10F01000FFFFFFFFFFFFFFFFFFFFFFFFFFFFFFFF00
:10F02000FFFFFFFFFFFFFFFFFFFFFFFFFFFFFFFFF0
:10F03000FFFFFFFFFFFFFFFFFFFFFFFFFFFFFFFFE0
:10F04000FFFFFFFFFFFFFFFFFFFFFFFFFFFFFFFFD0
:10F05000FFFFFFFFFFFFFFFFFFFFFFFFFFFFFFFFC0
:10F06000FFFFFFFFFFFFFFFFFFFFFFFFFFFFFFFFB0
:10F07000FFFFFFFFFFFFFFFFFFFFFFFFFFFFFFFFA0
:10F08000FFFFFFFFFFFFFFFFFFFFFFFFFFFFFFFF90
:10F09000FFFFFFFFFFFFFFFFFFFFFFFFFFFFFFFF80
:10F0A000FFFFFFFFFFFFFFFFFFFFFFFFFFFFFFFF70
:10F0B000FFFFFFFFFFFFFFFFFFFFFFFFFFFFFFFF60
:10F0C000FFFFFFFFFFFFFFFFFFFFFFFFFFFFFFFF50
:10F0D000FFFFFFFFFFFFFFFFFFFFFFFFFFFFFFFF40
:10F0E000FFFFFFFFFFFFFFFFFFFFFFFFFFFFFFFF30
:10F0F000FFFFFFFFFFFFFFFFFFFFFFFFFFFFFFFF20
:10F10000FFFFFFFFFFFFFFFFFFFFFFFFFFFFFFFF0F
:10F11000FFFFFFFFFFFFFFFFFFFFFFFFFFFFFFFFFF
:10F12000FFFFFFFFFFFFFFFFFFFFFFFFFFFFFFFFEF
:10F13000FFFFFFFFFFFFFFFFFFFFFFFFFFFFFFFFDF
:10F14000FFFFFFFFFFFFFFFFFFFFFFFFFFFFFFFFCF
:10F15000FFFFFFFFFFFFFFFFFFFFFFFFFFFFFFFFBF
:10F16000FFFFFFFFFFFFFFFFFFFFFFFFFFFFFFFFAF
:10F17000FFFFFFFFFFFFFFFFFFFFFFFFFFFFFFFF9F
:10F18000FFFFFFFFFFFFFFFFFFFFFFFFFFFFFFFF8F
:10F19000FFFFFFFFFFFFFFFFFFFFFFFFFFFFFFFF7F
:10F1A000FFFFFFFFFFFFFFFFFFFFFFFFFFFFFFFF6F
:10F1B000FFFFFFFFFFFFFFFFFFFFFFFFFFFFFFFF5F
:10F1C000FFFFFFFFFFFFFFFFFFFFFFFFFFFFFFFF4F
:10F1D000FFFFFFFFFFFFFFFFFFFFFFFFFFFFFFFF3F
:10F1E000FFFFFFFFFFFFFFFFFFFFFFFFFFFFFFFF2F
:10F1F000FFFFFFFFFFFFFFFFFFFFFFFFFFFFFFFF1F
:10F20000FFFFFFFFFFFFFFFFFFFFFFFFFFFFFFFF0E
:10F21000FFFFFFFFFFFFFFFFFFFFFFFFFFFFFFFFFE
:10F22000FFFFFFFFFFFFFFFFFFFFFFFFFFFFFFFFEE
:10F23000FFFFFFFFFFFFFFFFFFFFFFFFFFFFFFFFDE
:10F24000FFFFFFFFFFFFFFFFFFFFFFFFFFFFFFFFCE
:10F25000FFFFFFFFFFFFFFFFFFFFFFFFFFFFFFFFBE
:10F26000FFFFFFFFFFFFFFFFFFFFFFFFFFFFFFFFAE
:10F27000FFFFFFFFFFFFFFFFFFFFFFFFFFFFFFFF9E
:10F28000FFFFFFFFFFFFFFFFFFFFFFFFFFFFFFFF8E
:10F29000FFFFFFFFFFFFFFFFFFFFFFFFFFFFFFFF7E
:10F2A000FFFFFFFFFFFFFFFFFFFFFFFFFFFFFFFF6E
:10F2B000FFFFFFFFFFFFFFFFFFFFFFFFFFFFFFFF5E
:10F2C000FFFFFFFFFFFFFFFFFFFFFFFFFFFFFFFF4E
:10F2D000FFFFFFFFFFFFFFFFFFFFFFFFFFFFFFFF3E
:10F2E000FFFFFFFFFFFFFFFFFFFFFFFFFFFFFFFF2E
:10F2F000FFFFFFFFFFFFFFFFFFFFFFFFFFFFFFFF1E
:10F30000FFFFFFFFFFFFFFFFFFFFFFFFFFFFFFFF0D
:10F31000FFFFFFFFFFFFFFFFFFFFFFFFFFFFFFFFFD
:10F32000FFFFFFFFFFFFFFFFFFFFFFFFFFFFFFFFED
:10F33000FFFFFFFFFFFFFFFFFFFFFFFFFFFFFFFFDD
:10F34000FFFFFFFFFFFFFFFFFFFFFFFFFFFFFFFFCD
:10F35000FFFFFFFFFFFFFFFFFFFFFFFFFFFFFFFFBD
:10F36000FFFFFFFFFFFFFFFFFFFFFFFFFFFFFFFFAD
:10F37000FFFFFFFFFFFFFFFFFFFFFFFFFFFFFFFF9D
:10F38000FFFFFFFFFFFFFFFFFFFFFFFFFFFFFFFF8D
:10F39000FFFFFFFFFFFFFFFFFFFFFFFFFFFFFFFF7D
:10F3A000FFFFFFFFFFFFFFFFFFFFFFFFFFFFFFFF6D
:10F3B000FFFFFFFFFFFFFFFFFFFFFFFFFFFFFFFF5D
:10F3C000FFFFFFFFFFFFFFFFFFFFFFFFFFFFFFFF4D
:10F3D000FFFFFFFFFFFFFFFFFFFFFFFFFFFFFFFF3D
:10F3E000FFFFFFFFFFFFFFFFFFFFFFFFFFFFFFFF2D
:10F3F000FFFFFFFFFFFFFFFFFFFFFFFFFFFFFFFF1D
:10F40000FFFFFFFFFFFFFFFFFFFFFFFFFFFFFFFF0C
:10F41000FFFFFFFFFFFFFFFFFFFFFFFFFFFFFFFFFC
:10F42000FFFFFFFFFFFFFFFFFFFFFFFFFFFFFFFFEC
:10F43000FFFFFFFFFFFFFFFFFFFFFFFFFFFFFFFFDC
:10F44000FFFFFFFFFFFFFFFFFFFFFFFFFFFFFFFFCC
:10F45000FFFFFFFFFFFFFFFFFFFFFFFFFFFFFFFFBC
:10F46000FFFFFFFFFFFFFFFFFFFFFFFFFFFFFFFFAC
:10F47000FFFFFFFFFFFFFFFFFFFFFFFFFFFFFFFF9C
:10F48000FFFFFFFFFFFFFFFFFFFFFFFFFFFFFFFF8C
:10F49000FFFFFFFFFFFFFFFFFFFFFFFFFFFFFFFF7C
:10F4A000FFFFFFFFFFFFFFFFFFFFFFFFFFFFFFFF6C
:10F4B000FFFFFFFFFFFFFFFFFFFFFFFFFFFFFFFF5C
:10F4C000FFFFFFFFFFFFFFFFFFFFFFFFFFFFFFFF4C
:10F4D000FFFFFFFFFFFFFFFFFFFFFFFFFFFFFFFF3C
:10F4E000FFFFFFFFFFFFFFFFFFFFFFFFFFFFFFFF2C
:10F4F000FFFFFFFFFFFFFFFFFFFFFFFFFFFFFFFF1C
:10F50000FFFFFFFFFFFFFFFFFFFFFFFFFFFFFFFF0B
:10F51000FFFFFFFFFFFFFFFFFFFFFFFFFFFFFFFFFB
:10F52000FFFFFFFFFFFFFFFFFFFFFFFFFFFFFFFFEB
:10F53000FFFFFFFFFFFFFFFFFFFFFFFFFFFFFFFFDB
:10F54000FFFFFFFFFFFFFFFFFFFFFFFFFFFFFFFFCB
:10F55000FFFFFFFFFFFFFFFFFFFFFFFFFFFFFFFFBB
:10F56000FFFFFFFFFFFFFFFFFFFFFFFFFFFFFFFFAB
:10F57000FFFFFFFFFFFFFFFFFFFFFFFFFFFFFFFF9B
:10F58000FFFFFFFFFFFFFFFFFFFFFFFFFFFFFFFF8B
:10F59000FFFFFFFFFFFFFFFFFFFFFFFFFFFFFFFF7B
:10F5A000FFFFFFFFFFFFFFFFFFFFFFFFFFFFFFFF6B
:10F5B000FFFFFFFFFFFFFFFFFFFFFFFFFFFFFFFF5B
:10F5C000FFFFFFFFFFFFFFFFFFFFFFFFFFFFFFFF4B
:10F5D000FFFFFFFFFFFFFFFFFFFFFFFFFFFFFFFF3B
:10F5E000FFFFFFFFFFFFFFFFFFFFFFFFFFFFFFFF2B
:10F5F000FFFFFFFFFFFFFFFFFFFFFFFFFFFFFFFF1B
:10F60000FFFFFFFFFFFFFFFFFFFFFFFFFFFFFFFF0A
:10F61000FFFFFFFFFFFFFFFFFFFFFFFFFFFFFFFFFA
:10F62000FFFFFFFFFFFFFFFFFFFFFFFFFFFFFFFFEA
:10F63000FFFFFFFFFFFFFFFFFFFFFFFFFFFFFFFFDA
:10F64000FFFFFFFFFFFFFFFFFFFFFFFFFFFFFFFFCA
:10F65000FFFFFFFFFFFFFFFFFFFFFFFFFFFFFFFFBA
:10F66000FFFFFFFFFFFFFFFFFFFFFFFFFFFFFFFFAA
:10F67000FFFFFFFFFFFFFFFFFFFFFFFFFFFFFFFF9A
:10F68000FFFFFFFFFFFFFFFFFFFFFFFFFFFFFFFF8A
:10F69000FFFFFFFFFFFFFFFFFFFFFFFFFFFFFFFF7A
:10F6A000FFFFFFFFFFFFFFFFFFFFFFFFFFFFFFFF6A
:10F6B000FFFFFFFFFFFFFFFFFFFFFFFFFFFFFFFF5A
:10F6C000FFFFFFFFFFFFFFFFFFFFFFFFFFFFFFFF4A
:10F6D000FFFFFFFFFFFFFFFFFFFFFFFFFFFFFFFF3A
:10F6E000FFFFFFFFFFFFFFFFFFFFFFFFFFFFFFFF2A
:10F6F000FFFFFFFFFFFFFFFFFFFFFFFFFFFFFFFF1A
:10F70000FFFFFFFFFFFFFFFFFFFFFFFFFFFFFFFF09
:10F71000FFFFFFFFFFFFFFFFFFFFFFFFFFFFFFFFF9
:10F72000FFFFFFFFFFFFFFFFFFFFFFFFFFFFFFFFE9
:10F73000FFFFFFFFFFFFFFFFFFFFFFFFFFFFFFFFD9
:10F74000FFFFFFFFFFFFFFFFFFFFFFFFFFFFFFFFC9
:10F75000FFFFFFFFFFFFFFFFFFFFFFFFFFFFFFFFB9
:10F76000FFFFFFFFFFFFFFFFFFFFFFFFFFFFFFFFA9
:10F77000FFFFFFFFFFFFFFFFFFFFFFFFFFFFFFFF99
:10F78000FFFFFFFFFFFFFFFFFFFFFFFFFFFFFFFF89
:10F79000FFFFFFFFFFFFFFFFFFFFFFFFFFFFFFFF79
:10F7A000FFFFFFFFFFFFFFFFFFFFFFFFFFFFFFFF69
:10F7B000FFFFFFFFFFFFFFFFFFFFFFFFFFFFFFFF59
:10F7C000FFFFFFFFFFFFFFFFFFFFFFFFFFFFFFFF49
:10F7D000FFFFFFFFFFFFFFFFFFFFFFFFFFFFFFFF39
:10F7E000FFFFFFFFFFFFFFFFFFFFFFFFFFFFFFFF29
:10F7F000FFFFFFFFFFFFFFFFFFFFFFFFFFFFFFFF19
:10F80000FFFFFFFFFFFFFFFFFFFFFFFFFFFFFFFF08
:10F81000FFFFFFFFFFFFFFFFFFFFFFFFFFFFFFFFF8
:10F82000FFFFFFFFFFFFFFFFFFFFFFFFFFFFFFFFE8
:10F83000FFFFFFFFFFFFFFFFFFFFFFFFFFFFFFFFD8
:10F84000FFFFFFFFFFFFFFFFFFFFFFFFFFFFFFFFC8
:10F85000FFFFFFFFFFFFFFFFFFFFFFFFFFFFFFFFB8
:10F86000FFFFFFFFFFFFFFFFFFFFFFFFFFFFFFFFA8
:10F87000FFFFFFFFFFFFFFFFFFFFFFFFFFFFFFFF98
:10F88000FFFFFFFFFFFFFFFFFFFFFFFFFFFFFFFF88
:10F89000FFFFFFFFFFFFFFFFFFFFFFFFFFFFFFFF78
:10F8A000FFFFFFFFFFFFFFFFFFFFFFFFFFFFFFFF68
:10F8B000FFFFFFFFFFFFFFFFFFFFFFFFFFFFFFFF58
:10F8C000FFFFFFFFFFFFFFFFFFFFFFFFFFFFFFFF48
:10F8D000FFFFFFFFFFFFFFFFFFFFFFFFFFFFFFFF38
:10F8E000FFFFFFFFFFFFFFFFFFFFFFFFFFFFFFFF28
:10F8F000FFFFFFFFFFFFFFFFFFFFFFFFFFFFFFFF18
:10F90000FFFFFFFFFFFFFFFFFFFFFFFFFFFFFFFF07
:10F91000FFFFFFFFFFFFFFFFFFFFFFFFFFFFFFFFF7
:10F92000FFFFFFFFFFFFFFFFFFFFFFFFFFFFFFFFE7
:10F93000FFFFFFFFFFFFFFFFFFFFFFFFFFFFFFFFD7
:10F94000FFFFFFFFFFFFFFFFFFFFFFFFFFFFFFFFC7
:10F95000FFFFFFFFFFFFFFFFFFFFFFFFFFFFFFFFB7
:10F96000FFFFFFFFFFFFFFFFFFFFFFFFFFFFFFFFA7
:10F97000FFFFFFFFFFFFFFFFFFFFFFFFFFFFFFFF97
:10F98000FFFFFFFFFFFFFFFFFFFFFFFFFFFFFFFF87
:10F99000FFFFFFFFFFFFFFFFFFFFFFFFFFFFFFFF77
:10F9A000FFFFFFFFFFFFFFFFFFFFFFFFFFFFFFFF67
:10F9B000FFFFFFFFFFFFFFFFFFFFFFFFFFFFFFFF57
:10F9C000FFFFFFFFFFFFFFFFFFFFFFFFFFFFFFFF47
:10F9D000FFFFFFFFFFFFFFFFFFFFFFFFFFFFFFFF37
:10F9E000FFFFFFFFFFFFFFFFFFFFFFFFFFFFFFFF27
:10F9F000FFFFFFFFFFFFFFFFFFFFFFFFFFFFFFFF17
:10FA0000FFFFFFFFFFFFFFFFFFFFFFFFFFFFFFFF06
:10FA1000FFFFFFFFFFFFFFFFFFFFFFFFFFFFFFFFF6
:10FA2000FFFFFFFFFFFFFFFFFFFFFFFFFFFFFFFFE6
:10FA3000FFFFFFFFFFFFFFFFFFFFFFFFFFFFFFFFD6
:10FA4000FFFFFFFFFFFFFFFFFFFFFFFFFFFFFFFFC6
:10FA5000FFFFFFFFFFFFFFFFFFFFFFFFFFFFFFFFB6
:10FA6000FFFFFFFFFFFFFFFFFFFFFFFFFFFFFFFFA6
:10FA7000FFFFFFFFFFFFFFFFFFFFFFFFFFFFFFFF96
:10FA8000FFFFFFFFFFFFFFFFFFFFFFFFFFFFFFFF86
:10FA9000FFFFFFFFFFFFFFFFFFFFFFFFFFFFFFFF76
:10FAA000FFFFFFFFFFFFFFFFFFFFFFFFFFFFFFFF66
:10FAB000FFFFFFFFFFFFFFFFFFFFFFFFFFFFFFFF56
:10FAC000FFFFFFFFFFFFFFFFFFFFFFFFFFFFFFFF46
:10FAD000FFFFFFFFFFFFFFFFFFFFFFFFFFFFFFFF36
:10FAE000FFFFFFFFFFFFFFFFFFFFFFFFFFFFFFFF26
:10FAF000FFFFFFFFFFFFFFFFFFFFFFFFFFFFFFFF16
:10FB0000FFFFFFFFFFFFFFFFFFFFFFFFFFFFFFFF05
:10FB1000FFFFFFFFFFFFFFFFFFFFFFFFFFFFFFFFF5
:10FB2000FFFFFFFFFFFFFFFFFFFFFFFFFFFFFFFFE5
:10FB3000FFFFFFFFFFFFFFFFFFFFFFFFFFFFFFFFD5
:10FB4000FFFFFFFFFFFFFFFFFFFFFFFFFFFFFFFFC5
:10FB5000FFFFFFFFFFFFFFFFFFFFFFFFFFFFFFFFB5
:10FB6000FFFFFFFFFFFFFFFFFFFFFFFFFFFFFFFFA5
:10FB7000FFFFFFFFFFFFFFFFFFFFFFFFFFFFFFFF95
:10FB8000FFFFFFFFFFFFFFFFFFFFFFFFFFFFFFFF85
:10FB9000FFFFFFFFFFFFFFFFFFFFFFFFFFFFFFFF75
:10FBA000FFFFFFFFFFFFFFFFFFFFFFFFFFFFFFFF65
:10FBB000FFFFFFFFFFFFFFFFFFFFFFFFFFFFFFFF55
:10FBC000FFFFFFFFFFFFFFFFFFFFFFFFFFFFFFFF45
:10FBD000FFFFFFFFFFFFFFFFFFFFFFFFFFFFFFFF35
:10FBE000FFFFFFFFFFFFFFFFFFFFFFFFFFFFFFFF25
:10FBF000FFFFFFFFFFFFFFFFFFFFFFFFFFFFFFFF15
:10FC0000FFFFFFFFFFFFFFFFFFFFFFFFFFFFFFFF04
:10FC1000FFFFFFFFFFFFFFFFFFFFFFFFFFFFFFFFF4
:10FC2000FFFFFFFFFFFFFFFFFFFFFFFFFFFFFFFFE4
:10FC3000FFFFFFFFFFFFFFFFFFFFFFFFFFFFFFFFD4
:10FC4000FFFFFFFFFFFFFFFFFFFFFFFFFFFFFFFFC4
:10FC5000FFFFFFFFFFFFFFFFFFFFFFFFFFFFFFFFB4
:10FC6000FFFFFFFFFFFFFFFFFFFFFFFFFFFFFFFFA4
:10FC7000FFFFFFFFFFFFFFFFFFFFFFFFFFFFFFFF94
:10FC8000FFFFFFFFFFFFFFFFFFFFFFFFFFFFFFFF84
:10FC9000FFFFFFFFFFFFFFFFFFFFFFFFFFFFFFFF74
:10FCA000FFFFFFFFFFFFFFFFFFFFFFFFFFFFFFFF64
:10FCB000FFFFFFFFFFFFFFFFFFFFFFFFFFFFFFFF54
:10FCC000FFFFFFFFFFFFFFFFFFFFFFFFFFFFFFFF44
:10FCD000FFFFFFFFFFFFFFFFFFFFFFFFFFFFFFFF34
:10FCE000FFFFFFFFFFFFFFFFFFFFFFFFFFFFFFFF24
:10FCF000FFFFFFFFFFFFFFFFFFFFFFFFFFFFFFFF14
:10FD0000FFFFFFFFFFFFFFFFFFFFFFFFFFFFFFFF03
:10FD1000FFFFFFFFFFFFFFFFFFFFFFFFFFFFFFFFF3
:10FD2000FFFFFFFFFFFFFFFFFFFFFFFFFFFFFFFFE3
:10FD3000FFFFFFFFFFFFFFFFFFFFFFFFFFFFFFFFD3
:10FD4000FFFFFFFFFFFFFFFFFFFFFFFFFFFFFFFFC3
:10FD5000FFFFFFFFFFFFFFFFFFFFFFFFFFFFFFFFB3
:10FD6000FFFFFFFFFFFFFFFFFFFFFFFFFFFFFFFFA3
:10FD7000FFFFFFFFFFFFFFFFFFFFFFFFFFFFFFFF93
:10FD8000FFFFFFFFFFFFFFFFFFFFFFFFFFFFFFFF83
:10FD9000FFFFFFFFFFFFFFFFFFFFFFFFFFFFFFFF73
:10FDA000FFFFFFFFFFFFFFFFFFFFFFFFFFFFFFFF63
:10FDB000FFFFFFFFFFFFFFFFFFFFFFFFFFFFFFFF53
:10FDC000FFFFFFFFFFFFFFFFFFFFFFFFFFFFFFFF43
:10FDD000FFFFFFFFFFFFFFFFFFFFFFFFFFFFFFFF33
:10FDE000FFFFFFFFFFFFFFFFFFFFFFFFFFFFFFFF23
:10FDF000FFFFFFFFFFFFFFFFFFFFFFFFFFFFFFFF13
:10FE0000FFFFFFFFFFFFFFFFFFFFFFFFFFFFFFFF02
:10FE1000FFFFFFFFFFFFFFFFFFFFFFFFFFFFFFFFF2
:10FE2000FFFFFFFFFFFFFFFFFFFFFFFFFFFFFFFFE2
:10FE3000FFFFFFFFFFFFFFFFFFFFFFFFFFFFFFFFD2
:10FE4000FFFFFFFFFFFFFFFFFFFFFFFFFFFFFFFFC2
:10FE5000FFFFFFFFFFFFFFFFFFFFFFFFFFFFFFFFB2
:10FE6000FFFFFFFFFFFFFFFFFFFFFFFFFFFFFFFFA2
:10FE7000FFFFFFFFFFFFFFFFFFFFFFFFFFFFFFFF92
:10FE8000FFFFFFFFFFFFFFFFFFFFFFFFFFFFFFFF82
:10FE9000FFFFFFFFFFFFFFFFFFFFFFFFFFFFFFFF72
:10FEA000FFFFFFFFFFFFFFFFFFFFFFFFFFFFFFFF62
:10FEB000FFFFFFFFFFFFFFFFFFFFFFFFFFFFFFFF52
:10FEC000FFFFFFFFFFFFFFFFFFFFFFFFFFFFFFFF42
:10FED000FFFFFFFFFFFFFFFFFFFFFFFFFFFFFFFF32
:10FEE000FFFFFFFFFFFFFFFFFFFFFFFFFFFFFFFF22
:10FEF000FFFFFFFFFFFFFFFFFFFFFFFFFFFFFFFF12
:10FF0000FFFFFFFFFFFFFFFFFFFFFFFFFFFFFFFF01
:10FF1000FFFFFFFFFFFFFFFFFFFFFFFFFFFFFFFFF1
:10FF2000FFFFFFFFFFFFFFFFFFFFFFFFFFFFFFFFE1
:10FF3000FFFFFFFFFFFFFFFFFFFFFFFFFFFFFFFFD1
:10FF4000FFFFFFFFFFFFFFFFFFFFFFFFFFFFFFFFC1
:10FF5000FFFFFFFFFFFFFFFFFFFFFFFFFFFFFFFFB1
:10FF6000FFFFFFFFFFFFFFFFFFFFFFFFFFFFFFFFA1
:10FF7000FFFFFFFFFFFFFFFFFFFFFFFFFFFFFFFF91
:10FF8000FFFFFFFFFFFFFFFFFFFFFFFFFFFFFFFF81
:10FF9000FFFFFFFFFFFFFFFFFFFFFFFFFFFFFFFF71
:10FFA000FFFFFFFFFFFFFFFFFFFFFFFFFFFFFFFF61
:10FFB000FFFFFFFFFFFFFFFFFFFFFFFFFFFFFFFF51
:10FFC000FFFFFFFFFFFFFFFFFFFFFFFFFFFFFFFF41
:10FFD000FFFFFFFFFFFFFFFFFFFFFFFFFFFFFFFF31
:10FFE000FFFFFFFFFFFFFFFFFFFFFFFFFFFFFFFF21
:10FFF000FFFFFFFFFFFFFFFFFFFFFFFFFFFFFFFF11
:020000023000CC
:10000000FFFFFFFFFFFFFFFFFFFFFFFFFFFFFFFF00
:10001000FFFFFFFFFFFFFFFFFFFFFFFFFFFFFFFFF0
:10002000FFFFFFFFFFFFFFFFFFFFFFFFFFFFFFFFE0
:10003000FFFFFFFFFFFFFFFFFFFFFFFFFFFFFFFFD0
:10004000FFFFFFFFFFFFFFFFFFFFFFFFFFFFFFFFC0
:10005000FFFFFFFFFFFFFFFFFFFFFFFFFFFFFFFFB0
:10006000FFFFFFFFFFFFFFFFFFFFFFFFFFFFFFFFA0
:10007000FFFFFFFFFFFFFFFFFFFFFFFFFFFFFFFF90
:10008000FFFFFFFFFFFFFFFFFFFFFFFFFFFFFFFF80
:10009000FFFFFFFFFFFFFFFFFFFFFFFFFFFFFFFF70
:1000A000FFFFFFFFFFFFFFFFFFFFFFFFFFFFFFFF60
:1000B000FFFFFFFFFFFFFFFFFFFFFFFFFFFFFFFF50
:1000C000FFFFFFFFFFFFFFFFFFFFFFFFFFFFFFFF40
:1000D000FFFFFFFFFFFFFFFFFFFFFFFFFFFFFFFF30
:1000E000FFFFFFFFFFFFFFFFFFFFFFFFFFFFFFFF20
:1000F000FFFFFFFFFFFFFFFFFFFFFFFFFFFFFFFF10
:10010000FFFFFFFFFFFFFFFFFFFFFFFFFFFFFFFFFF
:10011000FFFFFFFFFFFFFFFFFFFFFFFFFFFFFFFFEF
:10012000FFFFFFFFFFFFFFFFFFFFFFFFFFFFFFFFDF
:10013000FFFFFFFFFFFFFFFFFFFFFFFFFFFFFFFFCF
:10014000FFFFFFFFFFFFFFFFFFFFFFFFFFFFFFFFBF
:10015000FFFFFFFFFFFFFFFFFFFFFFFFFFFFFFFFAF
:10016000FFFFFFFFFFFFFFFFFFFFFFFFFFFFFFFF9F
:10017000FFFFFFFFFFFFFFFFFFFFFFFFFFFFFFFF8F
:10018000FFFFFFFFFFFFFFFFFFFFFFFFFFFFFFFF7F
:10019000FFFFFFFFFFFFFFFFFFFFFFFFFFFFFFFF6F
:1001A000FFFFFFFFFFFFFFFFFFFFFFFFFFFFFFFF5F
:1001B000FFFFFFFFFFFFFFFFFFFFFFFFFFFFFFFF4F
:1001C000FFFFFFFFFFFFFFFFFFFFFFFFFFFFFFFF3F
:1001D000FFFFFFFFFFFFFFFFFFFFFFFFFFFFFFFF2F
:1001E000FFFFFFFFFFFFFFFFFFFFFFFFFFFFFFFF1F
:1001F000FFFFFFFFFFFFFFFFFFFFFFFFFFFFFFFF0F
:10020000FFFFFFFFFFFFFFFFFFFFFFFFFFFFFFFFFE
:10021000FFFFFFFFFFFFFFFFFFFFFFFFFFFFFFFFEE
:10022000FFFFFFFFFFFFFFFFFFFFFFFFFFFFFFFFDE
:10023000FFFFFFFFFFFFFFFFFFFFFFFFFFFFFFFFCE
:10024000FFFFFFFFFFFFFFFFFFFFFFFFFFFFFFFFBE
:10025000FFFFFFFFFFFFFFFFFFFFFFFFFFFFFFFFAE
:10026000FFFFFFFFFFFFFFFFFFFFFFFFFFFFFFFF9E
:10027000FFFFFFFFFFFFFFFFFFFFFFFFFFFFFFFF8E
:10028000FFFFFFFFFFFFFFFFFFFFFFFFFFFFFFFF7E
:10029000FFFFFFFFFFFFFFFFFFFFFFFFFFFFFFFF6E
:1002A000FFFFFFFFFFFFFFFFFFFFFFFFFFFFFFFF5E
:1002B000FFFFFFFFFFFFFFFFFFFFFFFFFFFFFFFF4E
:1002C000FFFFFFFFFFFFFFFFFFFFFFFFFFFFFFFF3E
:1002D000FFFFFFFFFFFFFFFFFFFFFFFFFFFFFFFF2E
:1002E000FFFFFFFFFFFFFFFFFFFFFFFFFFFFFFFF1E
:1002F000FFFFFFFFFFFFFFFFFFFFFFFFFFFFFFFF0E
:10030000FFFFFFFFFFFFFFFFFFFFFFFFFFFFFFFFFD
:10031000FFFFFFFFFFFFFFFFFFFFFFFFFFFFFFFFED
:10032000FFFFFFFFFFFFFFFFFFFFFFFFFFFFFFFFDD
:10033000FFFFFFFFFFFFFFFFFFFFFFFFFFFFFFFFCD
:10034000FFFFFFFFFFFFFFFFFFFFFFFFFFFFFFFFBD
:10035000FFFFFFFFFFFFFFFFFFFFFFFFFFFFFFFFAD
:10036000FFFFFFFFFFFFFFFFFFFFFFFFFFFFFFFF9D
:10037000FFFFFFFFFFFFFFFFFFFFFFFFFFFFFFFF8D
:10038000FFFFFFFFFFFFFFFFFFFFFFFFFFFFFFFF7D
:10039000FFFFFFFFFFFFFFFFFFFFFFFFFFFFFFFF6D
:1003A000FFFFFFFFFFFFFFFFFFFFFFFFFFFFFFFF5D
:1003B000FFFFFFFFFFFFFFFFFFFFFFFFFFFFFFFF4D
:1003C000FFFFFFFFFFFFFFFFFFFFFFFFFFFFFFFF3D
:1003D000FFFFFFFFFFFFFFFFFFFFFFFFFFFFFFFF2D
:1003E000FFFFFFFFFFFFFFFFFFFFFFFFFFFFFFFF1D
:1003F000FFFFFFFFFFFFFFFFFFFFFFFFFFFFFFFF0D
:10040000FFFFFFFFFFFFFFFFFFFFFFFFFFFFFFFFFC
:10041000FFFFFFFFFFFFFFFFFFFFFFFFFFFFFFFFEC
:10042000FFFFFFFFFFFFFFFFFFFFFFFFFFFFFFFFDC
:10043000FFFFFFFFFFFFFFFFFFFFFFFFFFFFFFFFCC
:10044000FFFFFFFFFFFFFFFFFFFFFFFFFFFFFFFFBC
:10045000FFFFFFFFFFFFFFFFFFFFFFFFFFFFFFFFAC
:10046000FFFFFFFFFFFFFFFFFFFFFFFFFFFFFFFF9C
:10047000FFFFFFFFFFFFFFFFFFFFFFFFFFFFFFFF8C
:10048000FFFFFFFFFFFFFFFFFFFFFFFFFFFFFFFF7C
:10049000FFFFFFFFFFFFFFFFFFFFFFFFFFFFFFFF6C
:1004A000FFFFFFFFFFFFFFFFFFFFFFFFFFFFFFFF5C
:1004B000FFFFFFFFFFFFFFFFFFFFFFFFFFFFFFFF4C
:1004C000FFFFFFFFFFFFFFFFFFFFFFFFFFFFFFFF3C
:1004D000FFFFFFFFFFFFFFFFFFFFFFFFFFFFFFFF2C
:1004E000FFFFFFFFFFFFFFFFFFFFFFFFFFFFFFFF1C
:1004F000FFFFFFFFFFFFFFFFFFFFFFFFFFFFFFFF0C
:10050000FFFFFFFFFFFFFFFFFFFFFFFFFFFFFFFFFB
:10051000FFFFFFFFFFFFFFFFFFFFFFFFFFFFFFFFEB
:10052000FFFFFFFFFFFFFFFFFFFFFFFFFFFFFFFFDB
:10053000FFFFFFFFFFFFFFFFFFFFFFFFFFFFFFFFCB
:10054000FFFFFFFFFFFFFFFFFFFFFFFFFFFFFFFFBB
:10055000FFFFFFFFFFFFFFFFFFFFFFFFFFFFFFFFAB
:10056000FFFFFFFFFFFFFFFFFFFFFFFFFFFFFFFF9B
:10057000FFFFFFFFFFFFFFFFFFFFFFFFFFFFFFFF8B
:10058000FFFFFFFFFFFFFFFFFFFFFFFFFFFFFFFF7B
:10059000FFFFFFFFFFFFFFFFFFFFFFFFFFFFFFFF6B
:1005A000FFFFFFFFFFFFFFFFFFFFFFFFFFFFFFFF5B
:1005B000FFFFFFFFFFFFFFFFFFFFFFFFFFFFFFFF4B
:1005C000FFFFFFFFFFFFFFFFFFFFFFFFFFFFFFFF3B
:1005D000FFFFFFFFFFFFFFFFFFFFFFFFFFFFFFFF2B
:1005E000FFFFFFFFFFFFFFFFFFFFFFFFFFFFFFFF1B
:1005F000FFFFFFFFFFFFFFFFFFFFFFFFFFFFFFFF0B
:10060000FFFFFFFFFFFFFFFFFFFFFFFFFFFFFFFFFA
:10061000FFFFFFFFFFFFFFFFFFFFFFFFFFFFFFFFEA
:10062000FFFFFFFFFFFFFFFFFFFFFFFFFFFFFFFFDA
:10063000FFFFFFFFFFFFFFFFFFFFFFFFFFFFFFFFCA
:10064000FFFFFFFFFFFFFFFFFFFFFFFFFFFFFFFFBA
:10065000FFFFFFFFFFFFFFFFFFFFFFFFFFFFFFFFAA
:10066000FFFFFFFFFFFFFFFFFFFFFFFFFFFFFFFF9A
:10067000FFFFFFFFFFFFFFFFFFFFFFFFFFFFFFFF8A
:10068000FFFFFFFFFFFFFFFFFFFFFFFFFFFFFFFF7A
:10069000FFFFFFFFFFFFFFFFFFFFFFFFFFFFFFFF6A
:1006A000FFFFFFFFFFFFFFFFFFFFFFFFFFFFFFFF5A
:1006B000FFFFFFFFFFFFFFFFFFFFFFFFFFFFFFFF4A
:1006C000FFFFFFFFFFFFFFFFFFFFFFFFFFFFFFFF3A
:1006D000FFFFFFFFFFFFFFFFFFFFFFFFFFFFFFFF2A
:1006E000FFFFFFFFFFFFFFFFFFFFFFFFFFFFFFFF1A
:1006F000FFFFFFFFFFFFFFFFFFFFFFFFFFFFFFFF0A
:10070000FFFFFFFFFFFFFFFFFFFFFFFFFFFFFFFFF9
:10071000FFFFFFFFFFFFFFFFFFFFFFFFFFFFFFFFE9
:10072000FFFFFFFFFFFFFFFFFFFFFFFFFFFFFFFFD9
:10073000FFFFFFFFFFFFFFFFFFFFFFFFFFFFFFFFC9
:10074000FFFFFFFFFFFFFFFFFFFFFFFFFFFFFFFFB9
:10075000FFFFFFFFFFFFFFFFFFFFFFFFFFFFFFFFA9
:10076000FFFFFFFFFFFFFFFFFFFFFFFFFFFFFFFF99
:10077000FFFFFFFFFFFFFFFFFFFFFFFFFFFFFFFF89
:10078000FFFFFFFFFFFFFFFFFFFFFFFFFFFFFFFF79
:10079000FFFFFFFFFFFFFFFFFFFFFFFFFFFFFFFF69
:1007A000FFFFFFFFFFFFFFFFFFFFFFFFFFFFFFFF59
:1007B000FFFFFFFFFFFFFFFFFFFFFFFFFFFFFFFF49
:1007C000FFFFFFFFFFFFFFFFFFFFFFFFFFFFFFFF39
:1007D000FFFFFFFFFFFFFFFFFFFFFFFFFFFFFFFF29
:1007E000FFFFFFFFFFFFFFFFFFFFFFFFFFFFFFFF19
:1007F000FFFFFFFFFFFFFFFFFFFFFFFFFFFFFFFF09
:10080000FFFFFFFFFFFFFFFFFFFFFFFFFFFFFFFFF8
:10081000FFFFFFFFFFFFFFFFFFFFFFFFFFFFFFFFE8
:10082000FFFFFFFFFFFFFFFFFFFFFFFFFFFFFFFFD8
:10083000FFFFFFFFFFFFFFFFFFFFFFFFFFFFFFFFC8
:10084000FFFFFFFFFFFFFFFFFFFFFFFFFFFFFFFFB8
:10085000FFFFFFFFFFFFFFFFFFFFFFFFFFFFFFFFA8
:10086000FFFFFFFFFFFFFFFFFFFFFFFFFFFFFFFF98
:10087000FFFFFFFFFFFFFFFFFFFFFFFFFFFFFFFF88
:10088000FFFFFFFFFFFFFFFFFFFFFFFFFFFFFFFF78
:10089000FFFFFFFFFFFFFFFFFFFFFFFFFFFFFFFF68
:1008A000FFFFFFFFFFFFFFFFFFFFFFFFFFFFFFFF58
:1008B000FFFFFFFFFFFFFFFFFFFFFFFFFFFFFFFF48
:1008C000FFFFFFFFFFFFFFFFFFFFFFFFFFFFFFFF38
:1008D000FFFFFFFFFFFFFFFFFFFFFFFFFFFFFFFF28
:1008E000FFFFFFFFFFFFFFFFFFFFFFFFFFFFFFFF18
:1008F000FFFFFFFFFFFFFFFFFFFFFFFFFFFFFFFF08
:10090000FFFFFFFFFFFFFFFFFFFFFFFFFFFFFFFFF7
:10091000FFFFFFFFFFFFFFFFFFFFFFFFFFFFFFFFE7
:10092000FFFFFFFFFFFFFFFFFFFFFFFFFFFFFFFFD7
:10093000FFFFFFFFFFFFFFFFFFFFFFFFFFFFFFFFC7
:10094000FFFFFFFFFFFFFFFFFFFFFFFFFFFFFFFFB7
:10095000FFFFFFFFFFFFFFFFFFFFFFFFFFFFFFFFA7
:10096000FFFFFFFFFFFFFFFFFFFFFFFFFFFFFFFF97
:10097000FFFFFFFFFFFFFFFFFFFFFFFFFFFFFFFF87
:10098000FFFFFFFFFFFFFFFFFFFFFFFFFFFFFFFF77
:10099000FFFFFFFFFFFFFFFFFFFFFFFFFFFFFFFF67
:1009A000FFFFFFFFFFFFFFFFFFFFFFFFFFFFFFFF57
:1009B000FFFFFFFFFFFFFFFFFFFFFFFFFFFFFFFF47
:1009C000FFFFFFFFFFFFFFFFFFFFFFFFFFFFFFFF37
:1009D000FFFFFFFFFFFFFFFFFFFFFFFFFFFFFFFF27
:1009E000FFFFFFFFFFFFFFFFFFFFFFFFFFFFFFFF17
:1009F000FFFFFFFFFFFFFFFFFFFFFFFFFFFFFFFF07
:100A0000FFFFFFFFFFFFFFFFFFFFFFFFFFFFFFFFF6
:100A1000FFFFFFFFFFFFFFFFFFFFFFFFFFFFFFFFE6
:100A2000FFFFFFFFFFFFFFFFFFFFFFFFFFFFFFFFD6
:100A3000FFFFFFFFFFFFFFFFFFFFFFFFFFFFFFFFC6
:100A4000FFFFFFFFFFFFFFFFFFFFFFFFFFFFFFFFB6
:100A5000FFFFFFFFFFFFFFFFFFFFFFFFFFFFFFFFA6
:100A6000FFFFFFFFFFFFFFFFFFFFFFFFFFFFFFFF96
:100A7000FFFFFFFFFFFFFFFFFFFFFFFFFFFFFFFF86
:100A8000FFFFFFFFFFFFFFFFFFFFFFFFFFFFFFFF76
:100A9000FFFFFFFFFFFFFFFFFFFFFFFFFFFFFFFF66
:100AA000FFFFFFFFFFFFFFFFFFFFFFFFFFFFFFFF56
:100AB000FFFFFFFFFFFFFFFFFFFFFFFFFFFFFFFF46
:100AC000FFFFFFFFFFFFFFFFFFFFFFFFFFFFFFFF36
:100AD000FFFFFFFFFFFFFFFFFFFFFFFFFFFFFFFF26
:100AE000FFFFFFFFFFFFFFFFFFFFFFFFFFFFFFFF16
:100AF000FFFFFFFFFFFFFFFFFFFFFFFFFFFFFFFF06
:100B0000FFFFFFFFFFFFFFFFFFFFFFFFFFFFFFFFF5
:100B1000FFFFFFFFFFFFFFFFFFFFFFFFFFFFFFFFE5
:100B2000FFFFFFFFFFFFFFFFFFFFFFFFFFFFFFFFD5
:100B3000FFFFFFFFFFFFFFFFFFFFFFFFFFFFFFFFC5
:100B4000FFFFFFFFFFFFFFFFFFFFFFFFFFFFFFFFB5
:100B5000FFFFFFFFFFFFFFFFFFFFFFFFFFFFFFFFA5
:100B6000FFFFFFFFFFFFFFFFFFFFFFFFFFFFFFFF95
:100B7000FFFFFFFFFFFFFFFFFFFFFFFFFFFFFFFF85
:100B8000FFFFFFFFFFFFFFFFFFFFFFFFFFFFFFFF75
:100B9000FFFFFFFFFFFFFFFFFFFFFFFFFFFFFFFF65
:100BA000FFFFFFFFFFFFFFFFFFFFFFFFFFFFFFFF55
:100BB000FFFFFFFFFFFFFFFFFFFFFFFFFFFFFFFF45
:100BC000FFFFFFFFFFFFFFFFFFFFFFFFFFFFFFFF35
:100BD000FFFFFFFFFFFFFFFFFFFFFFFFFFFFFFFF25
:100BE000FFFFFFFFFFFFFFFFFFFFFFFFFFFFFFFF15
:100BF000FFFFFFFFFFFFFFFFFFFFFFFFFFFFFFFF05
:100C0000FFFFFFFFFFFFFFFFFFFFFFFFFFFFFFFFF4
:100C1000FFFFFFFFFFFFFFFFFFFFFFFFFFFFFFFFE4
:100C2000FFFFFFFFFFFFFFFFFFFFFFFFFFFFFFFFD4
:100C3000FFFFFFFFFFFFFFFFFFFFFFFFFFFFFFFFC4
:100C4000FFFFFFFFFFFFFFFFFFFFFFFFFFFFFFFFB4
:100C5000FFFFFFFFFFFFFFFFFFFFFFFFFFFFFFFFA4
:100C6000FFFFFFFFFFFFFFFFFFFFFFFFFFFFFFFF94
:100C7000FFFFFFFFFFFFFFFFFFFFFFFFFFFFFFFF84
:100C8000FFFFFFFFFFFFFFFFFFFFFFFFFFFFFFFF74
:100C9000FFFFFFFFFFFFFFFFFFFFFFFFFFFFFFFF64
:100CA000FFFFFFFFFFFFFFFFFFFFFFFFFFFFFFFF54
:100CB000FFFFFFFFFFFFFFFFFFFFFFFFFFFFFFFF44
:100CC000FFFFFFFFFFFFFFFFFFFFFFFFFFFFFFFF34
:100CD000FFFFFFFFFFFFFFFFFFFFFFFFFFFFFFFF24
:100CE000FFFFFFFFFFFFFFFFFFFFFFFFFFFFFFFF14
:100CF000FFFFFFFFFFFFFFFFFFFFFFFFFFFFFFFF04
:100D0000FFFFFFFFFFFFFFFFFFFFFFFFFFFFFFFFF3
:100D1000FFFFFFFFFFFFFFFFFFFFFFFFFFFFFFFFE3
:100D2000FFFFFFFFFFFFFFFFFFFFFFFFFFFFFFFFD3
:100D3000FFFFFFFFFFFFFFFFFFFFFFFFFFFFFFFFC3
:100D4000FFFFFFFFFFFFFFFFFFFFFFFFFFFFFFFFB3
:100D5000FFFFFFFFFFFFFFFFFFFFFFFFFFFFFFFFA3
:100D6000FFFFFFFFFFFFFFFFFFFFFFFFFFFFFFFF93
:100D7000FFFFFFFFFFFFFFFFFFFFFFFFFFFFFFFF83
:100D8000FFFFFFFFFFFFFFFFFFFFFFFFFFFFFFFF73
:100D9000FFFFFFFFFFFFFFFFFFFFFFFFFFFFFFFF63
:100DA000FFFFFFFFFFFFFFFFFFFFFFFFFFFFFFFF53
:100DB000FFFFFFFFFFFFFFFFFFFFFFFFFFFFFFFF43
:100DC000FFFFFFFFFFFFFFFFFFFFFFFFFFFFFFFF33
:100DD000FFFFFFFFFFFFFFFFFFFFFFFFFFFFFFFF23
:100DE000FFFFFFFFFFFFFFFFFFFFFFFFFFFFFFFF13
:100DF000FFFFFFFFFFFFFFFFFFFFFFFFFFFFFFFF03
:100E0000FFFFFFFFFFFFFFFFFFFFFFFFFFFFFFFFF2
:100E1000FFFFFFFFFFFFFFFFFFFFFFFFFFFFFFFFE2
:100E2000FFFFFFFFFFFFFFFFFFFFFFFFFFFFFFFFD2
:100E3000FFFFFFFFFFFFFFFFFFFFFFFFFFFFFFFFC2
:100E4000FFFFFFFFFFFFFFFFFFFFFFFFFFFFFFFFB2
:100E5000FFFFFFFFFFFFFFFFFFFFFFFFFFFFFFFFA2
:100E6000FFFFFFFFFFFFFFFFFFFFFFFFFFFFFFFF92
:100E7000FFFFFFFFFFFFFFFFFFFFFFFFFFFFFFFF82
:100E8000FFFFFFFFFFFFFFFFFFFFFFFFFFFFFFFF72
:100E9000FFFFFFFFFFFFFFFFFFFFFFFFFFFFFFFF62
:100EA000FFFFFFFFFFFFFFFFFFFFFFFFFFFFFFFF52
:100EB000FFFFFFFFFFFFFFFFFFFFFFFFFFFFFFFF42
:100EC000FFFFFFFFFFFFFFFFFFFFFFFFFFFFFFFF32
:100ED000FFFFFFFFFFFFFFFFFFFFFFFFFFFFFFFF22
:100EE000FFFFFFFFFFFFFFFFFFFFFFFFFFFFFFFF12
:100EF000FFFFFFFFFFFFFFFFFFFFFFFFFFFFFFFF02
:100F0000FFFFFFFFFFFFFFFFFFFFFFFFFFFFFFFFF1
:100F1000FFFFFFFFFFFFFFFFFFFFFFFFFFFFFFFFE1
:100F2000FFFFFFFFFFFFFFFFFFFFFFFFFFFFFFFFD1
:100F3000FFFFFFFFFFFFFFFFFFFFFFFFFFFFFFFFC1
:100F4000FFFFFFFFFFFFFFFFFFFFFFFFFFFFFFFFB1
:100F5000FFFFFFFFFFFFFFFFFFFFFFFFFFFFFFFFA1
:100F6000FFFFFFFFFFFFFFFFFFFFFFFFFFFFFFFF91
:100F7000FFFFFFFFFFFFFFFFFFFFFFFFFFFFFFFF81
:100F8000FFFFFFFFFFFFFFFFFFFFFFFFFFFFFFFF71
:100F9000FFFFFFFFFFFFFFFFFFFFFFFFFFFFFFFF61
:100FA000FFFFFFFFFFFFFFFFFFFFFFFFFFFFFFFF51
:100FB000FFFFFFFFFFFFFFFFFFFFFFFFFFFFFFFF41
:100FC000FFFFFFFFFFFFFFFFFFFFFFFFFFFFFFFF31
:100FD000FFFFFFFFFFFFFFFFFFFFFFFFFFFFFFFF21
:100FE000FFFFFFFFFFFFFFFFFFFFFFFFFFFFFFFF11
:100FF000FFFFFFFFFFFFFFFFFFFFFFFFFFFFFFFF01
:10100000FFFFFFFFFFFFFFFFFFFFFFFFFFFFFFFFF0
:10101000FFFFFFFFFFFFFFFFFFFFFFFFFFFFFFFFE0
:10102000FFFFFFFFFFFFFFFFFFFFFFFFFFFFFFFFD0
:10103000FFFFFFFFFFFFFFFFFFFFFFFFFFFFFFFFC0
:10104000FFFFFFFFFFFFFFFFFFFFFFFFFFFFFFFFB0
:10105000FFFFFFFFFFFFFFFFFFFFFFFFFFFFFFFFA0
:10106000FFFFFFFFFFFFFFFFFFFFFFFFFFFFFFFF90
:10107000FFFFFFFFFFFFFFFFFFFFFFFFFFFFFFFF80
:10108000FFFFFFFFFFFFFFFFFFFFFFFFFFFFFFFF70
:10109000FFFFFFFFFFFFFFFFFFFFFFFFFFFFFFFF60
:1010A000FFFFFFFFFFFFFFFFFFFFFFFFFFFFFFFF50
:1010B000FFFFFFFFFFFFFFFFFFFFFFFFFFFFFFFF40
:1010C000FFFFFFFFFFFFFFFFFFFFFFFFFFFFFFFF30
:1010D000FFFFFFFFFFFFFFFFFFFFFFFFFFFFFFFF20
:1010E000FFFFFFFFFFFFFFFFFFFFFFFFFFFFFFFF10
:1010F000FFFFFFFFFFFFFFFFFFFFFFFFFFFFFFFF00
:10110000FFFFFFFFFFFFFFFFFFFFFFFFFFFFFFFFEF
:10111000FFFFFFFFFFFFFFFFFFFFFFFFFFFFFFFFDF
:10112000FFFFFFFFFFFFFFFFFFFFFFFFFFFFFFFFCF
:10113000FFFFFFFFFFFFFFFFFFFFFFFFFFFFFFFFBF
:10114000FFFFFFFFFFFFFFFFFFFFFFFFFFFFFFFFAF
:10115000FFFFFFFFFFFFFFFFFFFFFFFFFFFFFFFF9F
:10116000FFFFFFFFFFFFFFFFFFFFFFFFFFFFFFFF8F
:10117000FFFFFFFFFFFFFFFFFFFFFFFFFFFFFFFF7F
:10118000FFFFFFFFFFFFFFFFFFFFFFFFFFFFFFFF6F
:10119000FFFFFFFFFFFFFFFFFFFFFFFFFFFFFFFF5F
:1011A000FFFFFFFFFFFFFFFFFFFFFFFFFFFFFFFF4F
:1011B000FFFFFFFFFFFFFFFFFFFFFFFFFFFFFFFF3F
:1011C000FFFFFFFFFFFFFFFFFFFFFFFFFFFFFFFF2F
:1011D000FFFFFFFFFFFFFFFFFFFFFFFFFFFFFFFF1F
:1011E000FFFFFFFFFFFFFFFFFFFFFFFFFFFFFFFF0F
:1011F000FFFFFFFFFFFFFFFFFFFFFFFFFFFFFFFFFF
:10120000FFFFFFFFFFFFFFFFFFFFFFFFFFFFFFFFEE
:10121000FFFFFFFFFFFFFFFFFFFFFFFFFFFFFFFFDE
:10122000FFFFFFFFFFFFFFFFFFFFFFFFFFFFFFFFCE
:10123000FFFFFFFFFFFFFFFFFFFFFFFFFFFFFFFFBE
:10124000FFFFFFFFFFFFFFFFFFFFFFFFFFFFFFFFAE
:10125000FFFFFFFFFFFFFFFFFFFFFFFFFFFFFFFF9E
:10126000FFFFFFFFFFFFFFFFFFFFFFFFFFFFFFFF8E
:10127000FFFFFFFFFFFFFFFFFFFFFFFFFFFFFFFF7E
:10128000FFFFFFFFFFFFFFFFFFFFFFFFFFFFFFFF6E
:10129000FFFFFFFFFFFFFFFFFFFFFFFFFFFFFFFF5E
:1012A000FFFFFFFFFFFFFFFFFFFFFFFFFFFFFFFF4E
:1012B000FFFFFFFFFFFFFFFFFFFFFFFFFFFFFFFF3E
:1012C000FFFFFFFFFFFFFFFFFFFFFFFFFFFFFFFF2E
:1012D000FFFFFFFFFFFFFFFFFFFFFFFFFFFFFFFF1E
:1012E000FFFFFFFFFFFFFFFFFFFFFFFFFFFFFFFF0E
:1012F000FFFFFFFFFFFFFFFFFFFFFFFFFFFFFFFFFE
:10130000FFFFFFFFFFFFFFFFFFFFFFFFFFFFFFFFED
:10131000FFFFFFFFFFFFFFFFFFFFFFFFFFFFFFFFDD
:10132000FFFFFFFFFFFFFFFFFFFFFFFFFFFFFFFFCD
:10133000FFFFFFFFFFFFFFFFFFFFFFFFFFFFFFFFBD
:10134000FFFFFFFFFFFFFFFFFFFFFFFFFFFFFFFFAD
:10135000FFFFFFFFFFFFFFFFFFFFFFFFFFFFFFFF9D
:10136000FFFFFFFFFFFFFFFFFFFFFFFFFFFFFFFF8D
:10137000FFFFFFFFFFFFFFFFFFFFFFFFFFFFFFFF7D
:10138000FFFFFFFFFFFFFFFFFFFFFFFFFFFFFFFF6D
:10139000FFFFFFFFFFFFFFFFFFFFFFFFFFFFFFFF5D
:1013A000FFFFFFFFFFFFFFFFFFFFFFFFFFFFFFFF4D
:1013B000FFFFFFFFFFFFFFFFFFFFFFFFFFFFFFFF3D
:1013C000FFFFFFFFFFFFFFFFFFFFFFFFFFFFFFFF2D
:1013D000FFFFFFFFFFFFFFFFFFFFFFFFFFFFFFFF1D
:1013E000FFFFFFFFFFFFFFFFFFFFFFFFFFFFFFFF0D
:1013F000FFFFFFFFFFFFFFFFFFFFFFFFFFFFFFFFFD
:10140000FFFFFFFFFFFFFFFFFFFFFFFFFFFFFFFFEC
:10141000FFFFFFFFFFFFFFFFFFFFFFFFFFFFFFFFDC
:10142000FFFFFFFFFFFFFFFFFFFFFFFFFFFFFFFFCC
:10143000FFFFFFFFFFFFFFFFFFFFFFFFFFFFFFFFBC
:10144000FFFFFFFFFFFFFFFFFFFFFFFFFFFFFFFFAC
:10145000FFFFFFFFFFFFFFFFFFFFFFFFFFFFFFFF9C
:10146000FFFFFFFFFFFFFFFFFFFFFFFFFFFFFFFF8C
:10147000FFFFFFFFFFFFFFFFFFFFFFFFFFFFFFFF7C
:10148000FFFFFFFFFFFFFFFFFFFFFFFFFFFFFFFF6C
:10149000FFFFFFFFFFFFFFFFFFFFFFFFFFFFFFFF5C
:1014A000FFFFFFFFFFFFFFFFFFFFFFFFFFFFFFFF4C
:1014B000FFFFFFFFFFFFFFFFFFFFFFFFFFFFFFFF3C
:1014C000FFFFFFFFFFFFFFFFFFFFFFFFFFFFFFFF2C
:1014D000FFFFFFFFFFFFFFFFFFFFFFFFFFFFFFFF1C
:1014E000FFFFFFFFFFFFFFFFFFFFFFFFFFFFFFFF0C
:1014F000FFFFFFFFFFFFFFFFFFFFFFFFFFFFFFFFFC
:10150000FFFFFFFFFFFFFFFFFFFFFFFFFFFFFFFFEB
:10151000FFFFFFFFFFFFFFFFFFFFFFFFFFFFFFFFDB
:10152000FFFFFFFFFFFFFFFFFFFFFFFFFFFFFFFFCB
:10153000FFFFFFFFFFFFFFFFFFFFFFFFFFFFFFFFBB
:10154000FFFFFFFFFFFFFFFFFFFFFFFFFFFFFFFFAB
:10155000FFFFFFFFFFFFFFFFFFFFFFFFFFFFFFFF9B
:10156000FFFFFFFFFFFFFFFFFFFFFFFFFFFFFFFF8B
:10157000FFFFFFFFFFFFFFFFFFFFFFFFFFFFFFFF7B
:10158000FFFFFFFFFFFFFFFFFFFFFFFFFFFFFFFF6B
:10159000FFFFFFFFFFFFFFFFFFFFFFFFFFFFFFFF5B
:1015A000FFFFFFFFFFFFFFFFFFFFFFFFFFFFFFFF4B
:1015B000FFFFFFFFFFFFFFFFFFFFFFFFFFFFFFFF3B
:1015C000FFFFFFFFFFFFFFFFFFFFFFFFFFFFFFFF2B
:1015D000FFFFFFFFFFFFFFFFFFFFFFFFFFFFFFFF1B
:1015E000FFFFFFFFFFFFFFFFFFFFFFFFFFFFFFFF0B
:1015F000FFFFFFFFFFFFFFFFFFFFFFFFFFFFFFFFFB
:10160000FFFFFFFFFFFFFFFFFFFFFFFFFFFFFFFFEA
:10161000FFFFFFFFFFFFFFFFFFFFFFFFFFFFFFFFDA
:10162000FFFFFFFFFFFFFFFFFFFFFFFFFFFFFFFFCA
:10163000FFFFFFFFFFFFFFFFFFFFFFFFFFFFFFFFBA
:10164000FFFFFFFFFFFFFFFFFFFFFFFFFFFFFFFFAA
:10165000FFFFFFFFFFFFFFFFFFFFFFFFFFFFFFFF9A
:10166000FFFFFFFFFFFFFFFFFFFFFFFFFFFFFFFF8A
:10167000FFFFFFFFFFFFFFFFFFFFFFFFFFFFFFFF7A
:10168000FFFFFFFFFFFFFFFFFFFFFFFFFFFFFFFF6A
:10169000FFFFFFFFFFFFFFFFFFFFFFFFFFFFFFFF5A
:1016A000FFFFFFFFFFFFFFFFFFFFFFFFFFFFFFFF4A
:1016B000FFFFFFFFFFFFFFFFFFFFFFFFFFFFFFFF3A
:1016C000FFFFFFFFFFFFFFFFFFFFFFFFFFFFFFFF2A
:1016D000FFFFFFFFFFFFFFFFFFFFFFFFFFFFFFFF1A
:1016E000FFFFFFFFFFFFFFFFFFFFFFFFFFFFFFFF0A
:1016F000FFFFFFFFFFFFFFFFFFFFFFFFFFFFFFFFFA
:10170000FFFFFFFFFFFFFFFFFFFFFFFFFFFFFFFFE9
:10171000FFFFFFFFFFFFFFFFFFFFFFFFFFFFFFFFD9
:10172000FFFFFFFFFFFFFFFFFFFFFFFFFFFFFFFFC9
:10173000FFFFFFFFFFFFFFFFFFFFFFFFFFFFFFFFB9
:10174000FFFFFFFFFFFFFFFFFFFFFFFFFFFFFFFFA9
:10175000FFFFFFFFFFFFFFFFFFFFFFFFFFFFFFFF99
:10176000FFFFFFFFFFFFFFFFFFFFFFFFFFFFFFFF89
:10177000FFFFFFFFFFFFFFFFFFFFFFFFFFFFFFFF79
:10178000FFFFFFFFFFFFFFFFFFFFFFFFFFFFFFFF69
:10179000FFFFFFFFFFFFFFFFFFFFFFFFFFFFFFFF59
:1017A000FFFFFFFFFFFFFFFFFFFFFFFFFFFFFFFF49
:1017B000FFFFFFFFFFFFFFFFFFFFFFFFFFFFFFFF39
:1017C000FFFFFFFFFFFFFFFFFFFFFFFFFFFFFFFF29
:1017D000FFFFFFFFFFFFFFFFFFFFFFFFFFFFFFFF19
:1017E000FFFFFFFFFFFFFFFFFFFFFFFFFFFFFFFF09
:1017F000FFFFFFFFFFFFFFFFFFFFFFFFFFFFFFFFF9
:10180000FFFFFFFFFFFFFFFFFFFFFFFFFFFFFFFFE8
:10181000FFFFFFFFFFFFFFFFFFFFFFFFFFFFFFFFD8
:10182000FFFFFFFFFFFFFFFFFFFFFFFFFFFFFFFFC8
:10183000FFFFFFFFFFFFFFFFFFFFFFFFFFFFFFFFB8
:10184000FFFFFFFFFFFFFFFFFFFFFFFFFFFFFFFFA8
:10185000FFFFFFFFFFFFFFFFFFFFFFFFFFFFFFFF98
:10186000FFFFFFFFFFFFFFFFFFFFFFFFFFFFFFFF88
:10187000FFFFFFFFFFFFFFFFFFFFFFFFFFFFFFFF78
:10188000FFFFFFFFFFFFFFFFFFFFFFFFFFFFFFFF68
:10189000FFFFFFFFFFFFFFFFFFFFFFFFFFFFFFFF58
:1018A000FFFFFFFFFFFFFFFFFFFFFFFFFFFFFFFF48
:1018B000FFFFFFFFFFFFFFFFFFFFFFFFFFFFFFFF38
:1018C000FFFFFFFFFFFFFFFFFFFFFFFFFFFFFFFF28
:1018D000FFFFFFFFFFFFFFFFFFFFFFFFFFFFFFFF18
:1018E000FFFFFFFFFFFFFFFFFFFFFFFFFFFFFFFF08
:1018F000FFFFFFFFFFFFFFFFFFFFFFFFFFFFFFFFF8
:10190000FFFFFFFFFFFFFFFFFFFFFFFFFFFFFFFFE7
:10191000FFFFFFFFFFFFFFFFFFFFFFFFFFFFFFFFD7
:10192000FFFFFFFFFFFFFFFFFFFFFFFFFFFFFFFFC7
:10193000FFFFFFFFFFFFFFFFFFFFFFFFFFFFFFFFB7
:10194000FFFFFFFFFFFFFFFFFFFFFFFFFFFFFFFFA7
:10195000FFFFFFFFFFFFFFFFFFFFFFFFFFFFFFFF97
:10196000FFFFFFFFFFFFFFFFFFFFFFFFFFFFFFFF87
:10197000FFFFFFFFFFFFFFFFFFFFFFFFFFFFFFFF77
:10198000FFFFFFFFFFFFFFFFFFFFFFFFFFFFFFFF67
:10199000FFFFFFFFFFFFFFFFFFFFFFFFFFFFFFFF57
:1019A000FFFFFFFFFFFFFFFFFFFFFFFFFFFFFFFF47
:1019B000FFFFFFFFFFFFFFFFFFFFFFFFFFFFFFFF37
:1019C000FFFFFFFFFFFFFFFFFFFFFFFFFFFFFFFF27
:1019D000FFFFFFFFFFFFFFFFFFFFFFFFFFFFFFFF17
:1019E000FFFFFFFFFFFFFFFFFFFFFFFFFFFFFFFF07
:1019F000FFFFFFFFFFFFFFFFFFFFFFFFFFFFFFFFF7
:101A0000FFFFFFFFFFFFFFFFFFFFFFFFFFFFFFFFE6
:101A1000FFFFFFFFFFFFFFFFFFFFFFFFFFFFFFFFD6
:101A2000FFFFFFFFFFFFFFFFFFFFFFFFFFFFFFFFC6
:101A3000FFFFFFFFFFFFFFFFFFFFFFFFFFFFFFFFB6
:101A4000FFFFFFFFFFFFFFFFFFFFFFFFFFFFFFFFA6
:101A5000FFFFFFFFFFFFFFFFFFFFFFFFFFFFFFFF96
:101A6000FFFFFFFFFFFFFFFFFFFFFFFFFFFFFFFF86
:101A7000FFFFFFFFFFFFFFFFFFFFFFFFFFFFFFFF76
:101A8000FFFFFFFFFFFFFFFFFFFFFFFFFFFFFFFF66
:101A9000FFFFFFFFFFFFFFFFFFFFFFFFFFFFFFFF56
:101AA000FFFFFFFFFFFFFFFFFFFFFFFFFFFFFFFF46
:101AB000FFFFFFFFFFFFFFFFFFFFFFFFFFFFFFFF36
:101AC000FFFFFFFFFFFFFFFFFFFFFFFFFFFFFFFF26
:101AD000FFFFFFFFFFFFFFFFFFFFFFFFFFFFFFFF16
:101AE000FFFFFFFFFFFFFFFFFFFFFFFFFFFFFFFF06
:101AF000FFFFFFFFFFFFFFFFFFFFFFFFFFFFFFFFF6
:101B0000FFFFFFFFFFFFFFFFFFFFFFFFFFFFFFFFE5
:101B1000FFFFFFFFFFFFFFFFFFFFFFFFFFFFFFFFD5
:101B2000FFFFFFFFFFFFFFFFFFFFFFFFFFFFFFFFC5
:101B3000FFFFFFFFFFFFFFFFFFFFFFFFFFFFFFFFB5
:101B4000FFFFFFFFFFFFFFFFFFFFFFFFFFFFFFFFA5
:101B5000FFFFFFFFFFFFFFFFFFFFFFFFFFFFFFFF95
:101B6000FFFFFFFFFFFFFFFFFFFFFFFFFFFFFFFF85
:101B7000FFFFFFFFFFFFFFFFFFFFFFFFFFFFFFFF75
:101B8000FFFFFFFFFFFFFFFFFFFFFFFFFFFFFFFF65
:101B9000FFFFFFFFFFFFFFFFFFFFFFFFFFFFFFFF55
:101BA000FFFFFFFFFFFFFFFFFFFFFFFFFFFFFFFF45
:101BB000FFFFFFFFFFFFFFFFFFFFFFFFFFFFFFFF35
:101BC000FFFFFFFFFFFFFFFFFFFFFFFFFFFFFFFF25
:101BD000FFFFFFFFFFFFFFFFFFFFFFFFFFFFFFFF15
:101BE000FFFFFFFFFFFFFFFFFFFFFFFFFFFFFFFF05
:101BF000FFFFFFFFFFFFFFFFFFFFFFFFFFFFFFFFF5
:101C0000FFFFFFFFFFFFFFFFFFFFFFFFFFFFFFFFE4
:101C1000FFFFFFFFFFFFFFFFFFFFFFFFFFFFFFFFD4
:101C2000FFFFFFFFFFFFFFFFFFFFFFFFFFFFFFFFC4
:101C3000FFFFFFFFFFFFFFFFFFFFFFFFFFFFFFFFB4
:101C4000FFFFFFFFFFFFFFFFFFFFFFFFFFFFFFFFA4
:101C5000FFFFFFFFFFFFFFFFFFFFFFFFFFFFFFFF94
:101C6000FFFFFFFFFFFFFFFFFFFFFFFFFFFFFFFF84
:101C7000FFFFFFFFFFFFFFFFFFFFFFFFFFFFFFFF74
:101C8000FFFFFFFFFFFFFFFFFFFFFFFFFFFFFFFF64
:101C9000FFFFFFFFFFFFFFFFFFFFFFFFFFFFFFFF54
:101CA000FFFFFFFFFFFFFFFFFFFFFFFFFFFFFFFF44
:101CB000FFFFFFFFFFFFFFFFFFFFFFFFFFFFFFFF34
:101CC000FFFFFFFFFFFFFFFFFFFFFFFFFFFFFFFF24
:101CD000FFFFFFFFFFFFFFFFFFFFFFFFFFFFFFFF14
:101CE000FFFFFFFFFFFFFFFFFFFFFFFFFFFFFFFF04
:101CF000FFFFFFFFFFFFFFFFFFFFFFFFFFFFFFFFF4
:101D0000FFFFFFFFFFFFFFFFFFFFFFFFFFFFFFFFE3
:101D1000FFFFFFFFFFFFFFFFFFFFFFFFFFFFFFFFD3
:101D2000FFFFFFFFFFFFFFFFFFFFFFFFFFFFFFFFC3
:101D3000FFFFFFFFFFFFFFFFFFFFFFFFFFFFFFFFB3
:101D4000FFFFFFFFFFFFFFFFFFFFFFFFFFFFFFFFA3
:101D5000FFFFFFFFFFFFFFFFFFFFFFFFFFFFFFFF93
:101D6000FFFFFFFFFFFFFFFFFFFFFFFFFFFFFFFF83
:101D7000FFFFFFFFFFFFFFFFFFFFFFFFFFFFFFFF73
:101D8000FFFFFFFFFFFFFFFFFFFFFFFFFFFFFFFF63
:101D9000FFFFFFFFFFFFFFFFFFFFFFFFFFFFFFFF53
:101DA000FFFFFFFFFFFFFFFFFFFFFFFFFFFFFFFF43
:101DB000FFFFFFFFFFFFFFFFFFFFFFFFFFFFFFFF33
:101DC000FFFFFFFFFFFFFFFFFFFFFFFFFFFFFFFF23
:101DD000FFFFFFFFFFFFFFFFFFFFFFFFFFFFFFFF13
:101DE000FFFFFFFFFFFFFFFFFFFFFFFFFFFFFFFF03
:101DF000FFFFFFFFFFFFFFFFFFFFFFFFFFFFFFFFF3
:101E0000FFFFFFFFFFFFFFFFFFFFFFFFFFFFFFFFE2
:101E1000FFFFFFFFFFFFFFFFFFFFFFFFFFFFFFFFD2
:101E2000FFFFFFFFFFFFFFFFFFFFFFFFFFFFFFFFC2
:101E3000FFFFFFFFFFFFFFFFFFFFFFFFFFFFFFFFB2
:101E4000FFFFFFFFFFFFFFFFFFFFFFFFFFFFFFFFA2
:101E5000FFFFFFFFFFFFFFFFFFFFFFFFFFFFFFFF92
:101E6000FFFFFFFFFFFFFFFFFFFFFFFFFFFFFFFF82
:101E7000FFFFFFFFFFFFFFFFFFFFFFFFFFFFFFFF72
:101E8000FFFFFFFFFFFFFFFFFFFFFFFFFFFFFFFF62
:101E9000FFFFFFFFFFFFFFFFFFFFFFFFFFFFFFFF52
:101EA000FFFFFFFFFFFFFFFFFFFFFFFFFFFFFFFF42
:101EB000FFFFFFFFFFFFFFFFFFFFFFFFFFFFFFFF32
:101EC000FFFFFFFFFFFFFFFFFFFFFFFFFFFFFFFF22
:101ED000FFFFFFFFFFFFFFFFFFFFFFFFFFFFFFFF12
:101EE000FFFFFFFFFFFFFFFFFFFFFFFFFFFFFFFF02
:101EF000FFFFFFFFFFFFFFFFFFFFFFFFFFFFFFFFF2
:101F0000FFFFFFFFFFFFFFFFFFFFFFFFFFFFFFFFE1
:101F1000FFFFFFFFFFFFFFFFFFFFFFFFFFFFFFFFD1
:101F2000FFFFFFFFFFFFFFFFFFFFFFFFFFFFFFFFC1
:101F3000FFFFFFFFFFFFFFFFFFFFFFFFFFFFFFFFB1
:101F4000FFFFFFFFFFFFFFFFFFFFFFFFFFFFFFFFA1
:101F5000FFFFFFFFFFFFFFFFFFFFFFFFFFFFFFFF91
:101F6000FFFFFFFFFFFFFFFFFFFFFFFFFFFFFFFF81
:101F7000FFFFFFFFFFFFFFFFFFFFFFFFFFFFFFFF71
:101F8000FFFFFFFFFFFFFFFFFFFFFFFFFFFFFFFF61
:101F9000FFFFFFFFFFFFFFFFFFFFFFFFFFFFFFFF51
:101FA000FFFFFFFFFFFFFFFFFFFFFFFFFFFFFFFF41
:101FB000FFFFFFFFFFFFFFFFFFFFFFFFFFFFFFFF31
:101FC000FFFFFFFFFFFFFFFFFFFFFFFFFFFFFFFF21
:101FD000FFFFFFFFFFFFFFFFFFFFFFFFFFFFFFFF11
:101FE000FFFFFFFFFFFFFFFFFFFFFFFFFFFFFFFF01
:101FF000FFFFFFFFFFFFFFFFFFFFFFFFFFFFFFFFF1
:10200000FFFFFFFFFFFFFFFFFFFFFFFFFFFFFFFFE0
:10201000FFFFFFFFFFFFFFFFFFFFFFFFFFFFFFFFD0
:10202000FFFFFFFFFFFFFFFFFFFFFFFFFFFFFFFFC0
:10203000FFFFFFFFFFFFFFFFFFFFFFFFFFFFFFFFB0
:10204000FFFFFFFFFFFFFFFFFFFFFFFFFFFFFFFFA0
:10205000FFFFFFFFFFFFFFFFFFFFFFFFFFFFFFFF90
:10206000FFFFFFFFFFFFFFFFFFFFFFFFFFFFFFFF80
:10207000FFFFFFFFFFFFFFFFFFFFFFFFFFFFFFFF70
:10208000FFFFFFFFFFFFFFFFFFFFFFFFFFFFFFFF60
:10209000FFFFFFFFFFFFFFFFFFFFFFFFFFFFFFFF50
:1020A000FFFFFFFFFFFFFFFFFFFFFFFFFFFFFFFF40
:1020B000FFFFFFFFFFFFFFFFFFFFFFFFFFFFFFFF30
:1020C000FFFFFFFFFFFFFFFFFFFFFFFFFFFFFFFF20
:1020D000FFFFFFFFFFFFFFFFFFFFFFFFFFFFFFFF10
:1020E000FFFFFFFFFFFFFFFFFFFFFFFFFFFFFFFF00
:1020F000FFFFFFFFFFFFFFFFFFFFFFFFFFFFFFFFF0
:10210000FFFFFFFFFFFFFFFFFFFFFFFFFFFFFFFFDF
:10211000FFFFFFFFFFFFFFFFFFFFFFFFFFFFFFFFCF
:10212000FFFFFFFFFFFFFFFFFFFFFFFFFFFFFFFFBF
:10213000FFFFFFFFFFFFFFFFFFFFFFFFFFFFFFFFAF
:10214000FFFFFFFFFFFFFFFFFFFFFFFFFFFFFFFF9F
:10215000FFFFFFFFFFFFFFFFFFFFFFFFFFFFFFFF8F
:10216000FFFFFFFFFFFFFFFFFFFFFFFFFFFFFFFF7F
:10217000FFFFFFFFFFFFFFFFFFFFFFFFFFFFFFFF6F
:10218000FFFFFFFFFFFFFFFFFFFFFFFFFFFFFFFF5F
:10219000FFFFFFFFFFFFFFFFFFFFFFFFFFFFFFFF4F
:1021A000FFFFFFFFFFFFFFFFFFFFFFFFFFFFFFFF3F
:1021B000FFFFFFFFFFFFFFFFFFFFFFFFFFFFFFFF2F
:1021C000FFFFFFFFFFFFFFFFFFFFFFFFFFFFFFFF1F
:1021D000FFFFFFFFFFFFFFFFFFFFFFFFFFFFFFFF0F
:1021E000FFFFFFFFFFFFFFFFFFFFFFFFFFFFFFFFFF
:1021F000FFFFFFFFFFFFFFFFFFFFFFFFFFFFFFFFEF
:10220000FFFFFFFFFFFFFFFFFFFFFFFFFFFFFFFFDE
:10221000FFFFFFFFFFFFFFFFFFFFFFFFFFFFFFFFCE
:10222000FFFFFFFFFFFFFFFFFFFFFFFFFFFFFFFFBE
:10223000FFFFFFFFFFFFFFFFFFFFFFFFFFFFFFFFAE
:10224000FFFFFFFFFFFFFFFFFFFFFFFFFFFFFFFF9E
:10225000FFFFFFFFFFFFFFFFFFFFFFFFFFFFFFFF8E
:10226000FFFFFFFFFFFFFFFFFFFFFFFFFFFFFFFF7E
:10227000FFFFFFFFFFFFFFFFFFFFFFFFFFFFFFFF6E
:10228000FFFFFFFFFFFFFFFFFFFFFFFFFFFFFFFF5E
:10229000FFFFFFFFFFFFFFFFFFFFFFFFFFFFFFFF4E
:1022A000FFFFFFFFFFFFFFFFFFFFFFFFFFFFFFFF3E
:1022B000FFFFFFFFFFFFFFFFFFFFFFFFFFFFFFFF2E
:1022C000FFFFFFFFFFFFFFFFFFFFFFFFFFFFFFFF1E
:1022D000FFFFFFFFFFFFFFFFFFFFFFFFFFFFFFFF0E
:1022E000FFFFFFFFFFFFFFFFFFFFFFFFFFFFFFFFFE
:1022F000FFFFFFFFFFFFFFFFFFFFFFFFFFFFFFFFEE
:10230000FFFFFFFFFFFFFFFFFFFFFFFFFFFFFFFFDD
:10231000FFFFFFFFFFFFFFFFFFFFFFFFFFFFFFFFCD
:10232000FFFFFFFFFFFFFFFFFFFFFFFFFFFFFFFFBD
:10233000FFFFFFFFFFFFFFFFFFFFFFFFFFFFFFFFAD
:10234000FFFFFFFFFFFFFFFFFFFFFFFFFFFFFFFF9D
:10235000FFFFFFFFFFFFFFFFFFFFFFFFFFFFFFFF8D
:10236000FFFFFFFFFFFFFFFFFFFFFFFFFFFFFFFF7D
:10237000FFFFFFFFFFFFFFFFFFFFFFFFFFFFFFFF6D
:10238000FFFFFFFFFFFFFFFFFFFFFFFFFFFFFFFF5D
:10239000FFFFFFFFFFFFFFFFFFFFFFFFFFFFFFFF4D
:1023A000FFFFFFFFFFFFFFFFFFFFFFFFFFFFFFFF3D
:1023B000FFFFFFFFFFFFFFFFFFFFFFFFFFFFFFFF2D
:1023C000FFFFFFFFFFFFFFFFFFFFFFFFFFFFFFFF1D
:1023D000FFFFFFFFFFFFFFFFFFFFFFFFFFFFFFFF0D
:1023E000FFFFFFFFFFFFFFFFFFFFFFFFFFFFFFFFFD
:1023F000FFFFFFFFFFFFFFFFFFFFFFFFFFFFFFFFED
:10240000FFFFFFFFFFFFFFFFFFFFFFFFFFFFFFFFDC
:10241000FFFFFFFFFFFFFFFFFFFFFFFFFFFFFFFFCC
:10242000FFFFFFFFFFFFFFFFFFFFFFFFFFFFFFFFBC
:10243000FFFFFFFFFFFFFFFFFFFFFFFFFFFFFFFFAC
:10244000FFFFFFFFFFFFFFFFFFFFFFFFFFFFFFFF9C
:10245000FFFFFFFFFFFFFFFFFFFFFFFFFFFFFFFF8C
:10246000FFFFFFFFFFFFFFFFFFFFFFFFFFFFFFFF7C
:10247000FFFFFFFFFFFFFFFFFFFFFFFFFFFFFFFF6C
:10248000FFFFFFFFFFFFFFFFFFFFFFFFFFFFFFFF5C
:10249000FFFFFFFFFFFFFFFFFFFFFFFFFFFFFFFF4C
:1024A000FFFFFFFFFFFFFFFFFFFFFFFFFFFFFFFF3C
:1024B000FFFFFFFFFFFFFFFFFFFFFFFFFFFFFFFF2C
:1024C000FFFFFFFFFFFFFFFFFFFFFFFFFFFFFFFF1C
:1024D000FFFFFFFFFFFFFFFFFFFFFFFFFFFFFFFF0C
:1024E000FFFFFFFFFFFFFFFFFFFFFFFFFFFFFFFFFC
:1024F000FFFFFFFFFFFFFFFFFFFFFFFFFFFFFFFFEC
:10250000FFFFFFFFFFFFFFFFFFFFFFFFFFFFFFFFDB
:10251000FFFFFFFFFFFFFFFFFFFFFFFFFFFFFFFFCB
:10252000FFFFFFFFFFFFFFFFFFFFFFFFFFFFFFFFBB
:10253000FFFFFFFFFFFFFFFFFFFFFFFFFFFFFFFFAB
:10254000FFFFFFFFFFFFFFFFFFFFFFFFFFFFFFFF9B
:10255000FFFFFFFFFFFFFFFFFFFFFFFFFFFFFFFF8B
:10256000FFFFFFFFFFFFFFFFFFFFFFFFFFFFFFFF7B
:10257000FFFFFFFFFFFFFFFFFFFFFFFFFFFFFFFF6B
:10258000FFFFFFFFFFFFFFFFFFFFFFFFFFFFFFFF5B
:10259000FFFFFFFFFFFFFFFFFFFFFFFFFFFFFFFF4B
:1025A000FFFFFFFFFFFFFFFFFFFFFFFFFFFFFFFF3B
:1025B000FFFFFFFFFFFFFFFFFFFFFFFFFFFFFFFF2B
:1025C000FFFFFFFFFFFFFFFFFFFFFFFFFFFFFFFF1B
:1025D000FFFFFFFFFFFFFFFFFFFFFFFFFFFFFFFF0B
:1025E000FFFFFFFFFFFFFFFFFFFFFFFFFFFFFFFFFB
:1025F000FFFFFFFFFFFFFFFFFFFFFFFFFFFFFFFFEB
:10260000FFFFFFFFFFFFFFFFFFFFFFFFFFFFFFFFDA
:10261000FFFFFFFFFFFFFFFFFFFFFFFFFFFFFFFFCA
:10262000FFFFFFFFFFFFFFFFFFFFFFFFFFFFFFFFBA
:10263000FFFFFFFFFFFFFFFFFFFFFFFFFFFFFFFFAA
:10264000FFFFFFFFFFFFFFFFFFFFFFFFFFFFFFFF9A
:10265000FFFFFFFFFFFFFFFFFFFFFFFFFFFFFFFF8A
:10266000FFFFFFFFFFFFFFFFFFFFFFFFFFFFFFFF7A
:10267000FFFFFFFFFFFFFFFFFFFFFFFFFFFFFFFF6A
:10268000FFFFFFFFFFFFFFFFFFFFFFFFFFFFFFFF5A
:10269000FFFFFFFFFFFFFFFFFFFFFFFFFFFFFFFF4A
:1026A000FFFFFFFFFFFFFFFFFFFFFFFFFFFFFFFF3A
:1026B000FFFFFFFFFFFFFFFFFFFFFFFFFFFFFFFF2A
:1026C000FFFFFFFFFFFFFFFFFFFFFFFFFFFFFFFF1A
:1026D000FFFFFFFFFFFFFFFFFFFFFFFFFFFFFFFF0A
:1026E000FFFFFFFFFFFFFFFFFFFFFFFFFFFFFFFFFA
:1026F000FFFFFFFFFFFFFFFFFFFFFFFFFFFFFFFFEA
:10270000FFFFFFFFFFFFFFFFFFFFFFFFFFFFFFFFD9
:10271000FFFFFFFFFFFFFFFFFFFFFFFFFFFFFFFFC9
:10272000FFFFFFFFFFFFFFFFFFFFFFFFFFFFFFFFB9
:10273000FFFFFFFFFFFFFFFFFFFFFFFFFFFFFFFFA9
:10274000FFFFFFFFFFFFFFFFFFFFFFFFFFFFFFFF99
:10275000FFFFFFFFFFFFFFFFFFFFFFFFFFFFFFFF89
:10276000FFFFFFFFFFFFFFFFFFFFFFFFFFFFFFFF79
:10277000FFFFFFFFFFFFFFFFFFFFFFFFFFFFFFFF69
:10278000FFFFFFFFFFFFFFFFFFFFFFFFFFFFFFFF59
:10279000FFFFFFFFFFFFFFFFFFFFFFFFFFFFFFFF49
:1027A000FFFFFFFFFFFFFFFFFFFFFFFFFFFFFFFF39
:1027B000FFFFFFFFFFFFFFFFFFFFFFFFFFFFFFFF29
:1027C000FFFFFFFFFFFFFFFFFFFFFFFFFFFFFFFF19
:1027D000FFFFFFFFFFFFFFFFFFFFFFFFFFFFFFFF09
:1027E000FFFFFFFFFFFFFFFFFFFFFFFFFFFFFFFFF9
:1027F000FFFFFFFFFFFFFFFFFFFFFFFFFFFFFFFFE9
:10280000FFFFFFFFFFFFFFFFFFFFFFFFFFFFFFFFD8
:10281000FFFFFFFFFFFFFFFFFFFFFFFFFFFFFFFFC8
:10282000FFFFFFFFFFFFFFFFFFFFFFFFFFFFFFFFB8
:10283000FFFFFFFFFFFFFFFFFFFFFFFFFFFFFFFFA8
:10284000FFFFFFFFFFFFFFFFFFFFFFFFFFFFFFFF98
:10285000FFFFFFFFFFFFFFFFFFFFFFFFFFFFFFFF88
:10286000FFFFFFFFFFFFFFFFFFFFFFFFFFFFFFFF78
:10287000FFFFFFFFFFFFFFFFFFFFFFFFFFFFFFFF68
:10288000FFFFFFFFFFFFFFFFFFFFFFFFFFFFFFFF58
:10289000FFFFFFFFFFFFFFFFFFFFFFFFFFFFFFFF48
:1028A000FFFFFFFFFFFFFFFFFFFFFFFFFFFFFFFF38
:1028B000FFFFFFFFFFFFFFFFFFFFFFFFFFFFFFFF28
:1028C000FFFFFFFFFFFFFFFFFFFFFFFFFFFFFFFF18
:1028D000FFFFFFFFFFFFFFFFFFFFFFFFFFFFFFFF08
:1028E000FFFFFFFFFFFFFFFFFFFFFFFFFFFFFFFFF8
:1028F000FFFFFFFFFFFFFFFFFFFFFFFFFFFFFFFFE8
:10290000FFFFFFFFFFFFFFFFFFFFFFFFFFFFFFFFD7
:10291000FFFFFFFFFFFFFFFFFFFFFFFFFFFFFFFFC7
:10292000FFFFFFFFFFFFFFFFFFFFFFFFFFFFFFFFB7
:10293000FFFFFFFFFFFFFFFFFFFFFFFFFFFFFFFFA7
:10294000FFFFFFFFFFFFFFFFFFFFFFFFFFFFFFFF97
:10295000FFFFFFFFFFFFFFFFFFFFFFFFFFFFFFFF87
:10296000FFFFFFFFFFFFFFFFFFFFFFFFFFFFFFFF77
:10297000FFFFFFFFFFFFFFFFFFFFFFFFFFFFFFFF67
:10298000FFFFFFFFFFFFFFFFFFFFFFFFFFFFFFFF57
:10299000FFFFFFFFFFFFFFFFFFFFFFFFFFFFFFFF47
:1029A000FFFFFFFFFFFFFFFFFFFFFFFFFFFFFFFF37
:1029B000FFFFFFFFFFFFFFFFFFFFFFFFFFFFFFFF27
:1029C000FFFFFFFFFFFFFFFFFFFFFFFFFFFFFFFF17
:1029D000FFFFFFFFFFFFFFFFFFFFFFFFFFFFFFFF07
:1029E000FFFFFFFFFFFFFFFFFFFFFFFFFFFFFFFFF7
:1029F000FFFFFFFFFFFFFFFFFFFFFFFFFFFFFFFFE7
:102A0000FFFFFFFFFFFFFFFFFFFFFFFFFFFFFFFFD6
:102A1000FFFFFFFFFFFFFFFFFFFFFFFFFFFFFFFFC6
:102A2000FFFFFFFFFFFFFFFFFFFFFFFFFFFFFFFFB6
:102A3000FFFFFFFFFFFFFFFFFFFFFFFFFFFFFFFFA6
:102A4000FFFFFFFFFFFFFFFFFFFFFFFFFFFFFFFF96
:102A5000FFFFFFFFFFFFFFFFFFFFFFFFFFFFFFFF86
:102A6000FFFFFFFFFFFFFFFFFFFFFFFFFFFFFFFF76
:102A7000FFFFFFFFFFFFFFFFFFFFFFFFFFFFFFFF66
:102A8000FFFFFFFFFFFFFFFFFFFFFFFFFFFFFFFF56
:102A9000FFFFFFFFFFFFFFFFFFFFFFFFFFFFFFFF46
:102AA000FFFFFFFFFFFFFFFFFFFFFFFFFFFFFFFF36
:102AB000FFFFFFFFFFFFFFFFFFFFFFFFFFFFFFFF26
:102AC000FFFFFFFFFFFFFFFFFFFFFFFFFFFFFFFF16
:102AD000FFFFFFFFFFFFFFFFFFFFFFFFFFFFFFFF06
:102AE000FFFFFFFFFFFFFFFFFFFFFFFFFFFFFFFFF6
:102AF000FFFFFFFFFFFFFFFFFFFFFFFFFFFFFFFFE6
:102B0000FFFFFFFFFFFFFFFFFFFFFFFFFFFFFFFFD5
:102B1000FFFFFFFFFFFFFFFFFFFFFFFFFFFFFFFFC5
:102B2000FFFFFFFFFFFFFFFFFFFFFFFFFFFFFFFFB5
:102B3000FFFFFFFFFFFFFFFFFFFFFFFFFFFFFFFFA5
:102B4000FFFFFFFFFFFFFFFFFFFFFFFFFFFFFFFF95
:102B5000FFFFFFFFFFFFFFFFFFFFFFFFFFFFFFFF85
:102B6000FFFFFFFFFFFFFFFFFFFFFFFFFFFFFFFF75
:102B7000FFFFFFFFFFFFFFFFFFFFFFFFFFFFFFFF65
:102B8000FFFFFFFFFFFFFFFFFFFFFFFFFFFFFFFF55
:102B9000FFFFFFFFFFFFFFFFFFFFFFFFFFFFFFFF45
:102BA000FFFFFFFFFFFFFFFFFFFFFFFFFFFFFFFF35
:102BB000FFFFFFFFFFFFFFFFFFFFFFFFFFFFFFFF25
:102BC000FFFFFFFFFFFFFFFFFFFFFFFFFFFFFFFF15
:102BD000FFFFFFFFFFFFFFFFFFFFFFFFFFFFFFFF05
:102BE000FFFFFFFFFFFFFFFFFFFFFFFFFFFFFFFFF5
:102BF000FFFFFFFFFFFFFFFFFFFFFFFFFFFFFFFFE5
:102C0000FFFFFFFFFFFFFFFFFFFFFFFFFFFFFFFFD4
:102C1000FFFFFFFFFFFFFFFFFFFFFFFFFFFFFFFFC4
:102C2000FFFFFFFFFFFFFFFFFFFFFFFFFFFFFFFFB4
:102C3000FFFFFFFFFFFFFFFFFFFFFFFFFFFFFFFFA4
:102C4000FFFFFFFFFFFFFFFFFFFFFFFFFFFFFFFF94
:102C5000FFFFFFFFFFFFFFFFFFFFFFFFFFFFFFFF84
:102C6000FFFFFFFFFFFFFFFFFFFFFFFFFFFFFFFF74
:102C7000FFFFFFFFFFFFFFFFFFFFFFFFFFFFFFFF64
:102C8000FFFFFFFFFFFFFFFFFFFFFFFFFFFFFFFF54
:102C9000FFFFFFFFFFFFFFFFFFFFFFFFFFFFFFFF44
:102CA000FFFFFFFFFFFFFFFFFFFFFFFFFFFFFFFF34
:102CB000FFFFFFFFFFFFFFFFFFFFFFFFFFFFFFFF24
:102CC000FFFFFFFFFFFFFFFFFFFFFFFFFFFFFFFF14
:102CD000FFFFFFFFFFFFFFFFFFFFFFFFFFFFFFFF04
:102CE000FFFFFFFFFFFFFFFFFFFFFFFFFFFFFFFFF4
:102CF000FFFFFFFFFFFFFFFFFFFFFFFFFFFFFFFFE4
:102D0000FFFFFFFFFFFFFFFFFFFFFFFFFFFFFFFFD3
:102D1000FFFFFFFFFFFFFFFFFFFFFFFFFFFFFFFFC3
:102D2000FFFFFFFFFFFFFFFFFFFFFFFFFFFFFFFFB3
:102D3000FFFFFFFFFFFFFFFFFFFFFFFFFFFFFFFFA3
:102D4000FFFFFFFFFFFFFFFFFFFFFFFFFFFFFFFF93
:102D5000FFFFFFFFFFFFFFFFFFFFFFFFFFFFFFFF83
:102D6000FFFFFFFFFFFFFFFFFFFFFFFFFFFFFFFF73
:102D7000FFFFFFFFFFFFFFFFFFFFFFFFFFFFFFFF63
:102D8000FFFFFFFFFFFFFFFFFFFFFFFFFFFFFFFF53
:102D9000FFFFFFFFFFFFFFFFFFFFFFFFFFFFFFFF43
:102DA000FFFFFFFFFFFFFFFFFFFFFFFFFFFFFFFF33
:102DB000FFFFFFFFFFFFFFFFFFFFFFFFFFFFFFFF23
:102DC000FFFFFFFFFFFFFFFFFFFFFFFFFFFFFFFF13
:102DD000FFFFFFFFFFFFFFFFFFFFFFFFFFFFFFFF03
:102DE000FFFFFFFFFFFFFFFFFFFFFFFFFFFFFFFFF3
:102DF000FFFFFFFFFFFFFFFFFFFFFFFFFFFFFFFFE3
:102E0000FFFFFFFFFFFFFFFFFFFFFFFFFFFFFFFFD2
:102E1000FFFFFFFFFFFFFFFFFFFFFFFFFFFFFFFFC2
:102E2000FFFFFFFFFFFFFFFFFFFFFFFFFFFFFFFFB2
:102E3000FFFFFFFFFFFFFFFFFFFFFFFFFFFFFFFFA2
:102E4000FFFFFFFFFFFFFFFFFFFFFFFFFFFFFFFF92
:102E5000FFFFFFFFFFFFFFFFFFFFFFFFFFFFFFFF82
:102E6000FFFFFFFFFFFFFFFFFFFFFFFFFFFFFFFF72
:102E7000FFFFFFFFFFFFFFFFFFFFFFFFFFFFFFFF62
:102E8000FFFFFFFFFFFFFFFFFFFFFFFFFFFFFFFF52
:102E9000FFFFFFFFFFFFFFFFFFFFFFFFFFFFFFFF42
:102EA000FFFFFFFFFFFFFFFFFFFFFFFFFFFFFFFF32
:102EB000FFFFFFFFFFFFFFFFFFFFFFFFFFFFFFFF22
:102EC000FFFFFFFFFFFFFFFFFFFFFFFFFFFFFFFF12
:102ED000FFFFFFFFFFFFFFFFFFFFFFFFFFFFFFFF02
:102EE000FFFFFFFFFFFFFFFFFFFFFFFFFFFFFFFFF2
:102EF000FFFFFFFFFFFFFFFFFFFFFFFFFFFFFFFFE2
:102F0000FFFFFFFFFFFFFFFFFFFFFFFFFFFFFFFFD1
:102F1000FFFFFFFFFFFFFFFFFFFFFFFFFFFFFFFFC1
:102F2000FFFFFFFFFFFFFFFFFFFFFFFFFFFFFFFFB1
:102F3000FFFFFFFFFFFFFFFFFFFFFFFFFFFFFFFFA1
:102F4000FFFFFFFFFFFFFFFFFFFFFFFFFFFFFFFF91
:102F5000FFFFFFFFFFFFFFFFFFFFFFFFFFFFFFFF81
:102F6000FFFFFFFFFFFFFFFFFFFFFFFFFFFFFFFF71
:102F7000FFFFFFFFFFFFFFFFFFFFFFFFFFFFFFFF61
:102F8000FFFFFFFFFFFFFFFFFFFFFFFFFFFFFFFF51
:102F9000FFFFFFFFFFFFFFFFFFFFFFFFFFFFFFFF41
:102FA000FFFFFFFFFFFFFFFFFFFFFFFFFFFFFFFF31
:102FB000FFFFFFFFFFFFFFFFFFFFFFFFFFFFFFFF21
:102FC000FFFFFFFFFFFFFFFFFFFFFFFFFFFFFFFF11
:102FD000FFFFFFFFFFFFFFFFFFFFFFFFFFFFFFFF01
:102FE000FFFFFFFFFFFFFFFFFFFFFFFFFFFFFFFFF1
:102FF000FFFFFFFFFFFFFFFFFFFFFFFFFFFFFFFFE1
:10300000FFFFFFFFFFFFFFFFFFFFFFFFFFFFFFFFD0
:10301000FFFFFFFFFFFFFFFFFFFFFFFFFFFFFFFFC0
:10302000FFFFFFFFFFFFFFFFFFFFFFFFFFFFFFFFB0
:10303000FFFFFFFFFFFFFFFFFFFFFFFFFFFFFFFFA0
:10304000FFFFFFFFFFFFFFFFFFFFFFFFFFFFFFFF90
:10305000FFFFFFFFFFFFFFFFFFFFFFFFFFFFFFFF80
:10306000FFFFFFFFFFFFFFFFFFFFFFFFFFFFFFFF70
:10307000FFFFFFFFFFFFFFFFFFFFFFFFFFFFFFFF60
:10308000FFFFFFFFFFFFFFFFFFFFFFFFFFFFFFFF50
:10309000FFFFFFFFFFFFFFFFFFFFFFFFFFFFFFFF40
:1030A000FFFFFFFFFFFFFFFFFFFFFFFFFFFFFFFF30
:1030B000FFFFFFFFFFFFFFFFFFFFFFFFFFFFFFFF20
:1030C000FFFFFFFFFFFFFFFFFFFFFFFFFFFFFFFF10
:1030D000FFFFFFFFFFFFFFFFFFFFFFFFFFFFFFFF00
:1030E000FFFFFFFFFFFFFFFFFFFFFFFFFFFFFFFFF0
:1030F000FFFFFFFFFFFFFFFFFFFFFFFFFFFFFFFFE0
:10310000FFFFFFFFFFFFFFFFFFFFFFFFFFFFFFFFCF
:10311000FFFFFFFFFFFFFFFFFFFFFFFFFFFFFFFFBF
:10312000FFFFFFFFFFFFFFFFFFFFFFFFFFFFFFFFAF
:10313000FFFFFFFFFFFFFFFFFFFFFFFFFFFFFFFF9F
:10314000FFFFFFFFFFFFFFFFFFFFFFFFFFFFFFFF8F
:10315000FFFFFFFFFFFFFFFFFFFFFFFFFFFFFFFF7F
:10316000FFFFFFFFFFFFFFFFFFFFFFFFFFFFFFFF6F
:10317000FFFFFFFFFFFFFFFFFFFFFFFFFFFFFFFF5F
:10318000FFFFFFFFFFFFFFFFFFFFFFFFFFFFFFFF4F
:10319000FFFFFFFFFFFFFFFFFFFFFFFFFFFFFFFF3F
:1031A000FFFFFFFFFFFFFFFFFFFFFFFFFFFFFFFF2F
:1031B000FFFFFFFFFFFFFFFFFFFFFFFFFFFFFFFF1F
:1031C000FFFFFFFFFFFFFFFFFFFFFFFFFFFFFFFF0F
:1031D000FFFFFFFFFFFFFFFFFFFFFFFFFFFFFFFFFF
:1031E000FFFFFFFFFFFFFFFFFFFFFFFFFFFFFFFFEF
:1031F000FFFFFFFFFFFFFFFFFFFFFFFFFFFFFFFFDF
:10320000FFFFFFFFFFFFFFFFFFFFFFFFFFFFFFFFCE
:10321000FFFFFFFFFFFFFFFFFFFFFFFFFFFFFFFFBE
:10322000FFFFFFFFFFFFFFFFFFFFFFFFFFFFFFFFAE
:10323000FFFFFFFFFFFFFFFFFFFFFFFFFFFFFFFF9E
:10324000FFFFFFFFFFFFFFFFFFFFFFFFFFFFFFFF8E
:10325000FFFFFFFFFFFFFFFFFFFFFFFFFFFFFFFF7E
:10326000FFFFFFFFFFFFFFFFFFFFFFFFFFFFFFFF6E
:10327000FFFFFFFFFFFFFFFFFFFFFFFFFFFFFFFF5E
:10328000FFFFFFFFFFFFFFFFFFFFFFFFFFFFFFFF4E
:10329000FFFFFFFFFFFFFFFFFFFFFFFFFFFFFFFF3E
:1032A000FFFFFFFFFFFFFFFFFFFFFFFFFFFFFFFF2E
:1032B000FFFFFFFFFFFFFFFFFFFFFFFFFFFFFFFF1E
:1032C000FFFFFFFFFFFFFFFFFFFFFFFFFFFFFFFF0E
:1032D000FFFFFFFFFFFFFFFFFFFFFFFFFFFFFFFFFE
:1032E000FFFFFFFFFFFFFFFFFFFFFFFFFFFFFFFFEE
:1032F000FFFFFFFFFFFFFFFFFFFFFFFFFFFFFFFFDE
:10330000FFFFFFFFFFFFFFFFFFFFFFFFFFFFFFFFCD
:10331000FFFFFFFFFFFFFFFFFFFFFFFFFFFFFFFFBD
:10332000FFFFFFFFFFFFFFFFFFFFFFFFFFFFFFFFAD
:10333000FFFFFFFFFFFFFFFFFFFFFFFFFFFFFFFF9D
:10334000FFFFFFFFFFFFFFFFFFFFFFFFFFFFFFFF8D
:10335000FFFFFFFFFFFFFFFFFFFFFFFFFFFFFFFF7D
:10336000FFFFFFFFFFFFFFFFFFFFFFFFFFFFFFFF6D
:10337000FFFFFFFFFFFFFFFFFFFFFFFFFFFFFFFF5D
:10338000FFFFFFFFFFFFFFFFFFFFFFFFFFFFFFFF4D
:10339000FFFFFFFFFFFFFFFFFFFFFFFFFFFFFFFF3D
:1033A000FFFFFFFFFFFFFFFFFFFFFFFFFFFFFFFF2D
:1033B000FFFFFFFFFFFFFFFFFFFFFFFFFFFFFFFF1D
:1033C000FFFFFFFFFFFFFFFFFFFFFFFFFFFFFFFF0D
:1033D000FFFFFFFFFFFFFFFFFFFFFFFFFFFFFFFFFD
:1033E000FFFFFFFFFFFFFFFFFFFFFFFFFFFFFFFFED
:1033F000FFFFFFFFFFFFFFFFFFFFFFFFFFFFFFFFDD
:10340000FFFFFFFFFFFFFFFFFFFFFFFFFFFFFFFFCC
:10341000FFFFFFFFFFFFFFFFFFFFFFFFFFFFFFFFBC
:10342000FFFFFFFFFFFFFFFFFFFFFFFFFFFFFFFFAC
:10343000FFFFFFFFFFFFFFFFFFFFFFFFFFFFFFFF9C
:10344000FFFFFFFFFFFFFFFFFFFFFFFFFFFFFFFF8C
:10345000FFFFFFFFFFFFFFFFFFFFFFFFFFFFFFFF7C
:10346000FFFFFFFFFFFFFFFFFFFFFFFFFFFFFFFF6C
:10347000FFFFFFFFFFFFFFFFFFFFFFFFFFFFFFFF5C
:10348000FFFFFFFFFFFFFFFFFFFFFFFFFFFFFFFF4C
:10349000FFFFFFFFFFFFFFFFFFFFFFFFFFFFFFFF3C
:1034A000FFFFFFFFFFFFFFFFFFFFFFFFFFFFFFFF2C
:1034B000FFFFFFFFFFFFFFFFFFFFFFFFFFFFFFFF1C
:1034C000FFFFFFFFFFFFFFFFFFFFFFFFFFFFFFFF0C
:1034D000FFFFFFFFFFFFFFFFFFFFFFFFFFFFFFFFFC
:1034E000FFFFFFFFFFFFFFFFFFFFFFFFFFFFFFFFEC
:1034F000FFFFFFFFFFFFFFFFFFFFFFFFFFFFFFFFDC
:10350000FFFFFFFFFFFFFFFFFFFFFFFFFFFFFFFFCB
:10351000FFFFFFFFFFFFFFFFFFFFFFFFFFFFFFFFBB
:10352000FFFFFFFFFFFFFFFFFFFFFFFFFFFFFFFFAB
:10353000FFFFFFFFFFFFFFFFFFFFFFFFFFFFFFFF9B
:10354000FFFFFFFFFFFFFFFFFFFFFFFFFFFFFFFF8B
:10355000FFFFFFFFFFFFFFFFFFFFFFFFFFFFFFFF7B
:10356000FFFFFFFFFFFFFFFFFFFFFFFFFFFFFFFF6B
:10357000FFFFFFFFFFFFFFFFFFFFFFFFFFFFFFFF5B
:10358000FFFFFFFFFFFFFFFFFFFFFFFFFFFFFFFF4B
:10359000FFFFFFFFFFFFFFFFFFFFFFFFFFFFFFFF3B
:1035A000FFFFFFFFFFFFFFFFFFFFFFFFFFFFFFFF2B
:1035B000FFFFFFFFFFFFFFFFFFFFFFFFFFFFFFFF1B
:1035C000FFFFFFFFFFFFFFFFFFFFFFFFFFFFFFFF0B
:1035D000FFFFFFFFFFFFFFFFFFFFFFFFFFFFFFFFFB
:1035E000FFFFFFFFFFFFFFFFFFFFFFFFFFFFFFFFEB
:1035F000FFFFFFFFFFFFFFFFFFFFFFFFFFFFFFFFDB
:10360000FFFFFFFFFFFFFFFFFFFFFFFFFFFFFFFFCA
:10361000FFFFFFFFFFFFFFFFFFFFFFFFFFFFFFFFBA
:10362000FFFFFFFFFFFFFFFFFFFFFFFFFFFFFFFFAA
:10363000FFFFFFFFFFFFFFFFFFFFFFFFFFFFFFFF9A
:10364000FFFFFFFFFFFFFFFFFFFFFFFFFFFFFFFF8A
:10365000FFFFFFFFFFFFFFFFFFFFFFFFFFFFFFFF7A
:10366000FFFFFFFFFFFFFFFFFFFFFFFFFFFFFFFF6A
:10367000FFFFFFFFFFFFFFFFFFFFFFFFFFFFFFFF5A
:10368000FFFFFFFFFFFFFFFFFFFFFFFFFFFFFFFF4A
:10369000FFFFFFFFFFFFFFFFFFFFFFFFFFFFFFFF3A
:1036A000FFFFFFFFFFFFFFFFFFFFFFFFFFFFFFFF2A
:1036B000FFFFFFFFFFFFFFFFFFFFFFFFFFFFFFFF1A
:1036C000FFFFFFFFFFFFFFFFFFFFFFFFFFFFFFFF0A
:1036D000FFFFFFFFFFFFFFFFFFFFFFFFFFFFFFFFFA
:1036E000FFFFFFFFFFFFFFFFFFFFFFFFFFFFFFFFEA
:1036F000FFFFFFFFFFFFFFFFFFFFFFFFFFFFFFFFDA
:10370000FFFFFFFFFFFFFFFFFFFFFFFFFFFFFFFFC9
:10371000FFFFFFFFFFFFFFFFFFFFFFFFFFFFFFFFB9
:10372000FFFFFFFFFFFFFFFFFFFFFFFFFFFFFFFFA9
:10373000FFFFFFFFFFFFFFFFFFFFFFFFFFFFFFFF99
:10374000FFFFFFFFFFFFFFFFFFFFFFFFFFFFFFFF89
:10375000FFFFFFFFFFFFFFFFFFFFFFFFFFFFFFFF79
:10376000FFFFFFFFFFFFFFFFFFFFFFFFFFFFFFFF69
:10377000FFFFFFFFFFFFFFFFFFFFFFFFFFFFFFFF59
:10378000FFFFFFFFFFFFFFFFFFFFFFFFFFFFFFFF49
:10379000FFFFFFFFFFFFFFFFFFFFFFFFFFFFFFFF39
:1037A000FFFFFFFFFFFFFFFFFFFFFFFFFFFFFFFF29
:1037B000FFFFFFFFFFFFFFFFFFFFFFFFFFFFFFFF19
:1037C000FFFFFFFFFFFFFFFFFFFFFFFFFFFFFFFF09
:1037D000FFFFFFFFFFFFFFFFFFFFFFFFFFFFFFFFF9
:1037E000FFFFFFFFFFFFFFFFFFFFFFFFFFFFFFFFE9
:1037F000FFFFFFFFFFFFFFFFFFFFFFFFFFFFFFFFD9
:10380000FFFFFFFFFFFFFFFFFFFFFFFFFFFFFFFFC8
:10381000FFFFFFFFFFFFFFFFFFFFFFFFFFFFFFFFB8
:10382000FFFFFFFFFFFFFFFFFFFFFFFFFFFFFFFFA8
:10383000FFFFFFFFFFFFFFFFFFFFFFFFFFFFFFFF98
:10384000FFFFFFFFFFFFFFFFFFFFFFFFFFFFFFFF88
:10385000FFFFFFFFFFFFFFFFFFFFFFFFFFFFFFFF78
:10386000FFFFFFFFFFFFFFFFFFFFFFFFFFFFFFFF68
:10387000FFFFFFFFFFFFFFFFFFFFFFFFFFFFFFFF58
:10388000FFFFFFFFFFFFFFFFFFFFFFFFFFFFFFFF48
:10389000FFFFFFFFFFFFFFFFFFFFFFFFFFFFFFFF38
:1038A000FFFFFFFFFFFFFFFFFFFFFFFFFFFFFFFF28
:1038B000FFFFFFFFFFFFFFFFFFFFFFFFFFFFFFFF18
:1038C000FFFFFFFFFFFFFFFFFFFFFFFFFFFFFFFF08
:1038D000FFFFFFFFFFFFFFFFFFFFFFFFFFFFFFFFF8
:1038E000FFFFFFFFFFFFFFFFFFFFFFFFFFFFFFFFE8
:1038F000FFFFFFFFFFFFFFFFFFFFFFFFFFFFFFFFD8
:10390000FFFFFFFFFFFFFFFFFFFFFFFFFFFFFFFFC7
:10391000FFFFFFFFFFFFFFFFFFFFFFFFFFFFFFFFB7
:10392000FFFFFFFFFFFFFFFFFFFFFFFFFFFFFFFFA7
:10393000FFFFFFFFFFFFFFFFFFFFFFFFFFFFFFFF97
:10394000FFFFFFFFFFFFFFFFFFFFFFFFFFFFFFFF87
:10395000FFFFFFFFFFFFFFFFFFFFFFFFFFFFFFFF77
:10396000FFFFFFFFFFFFFFFFFFFFFFFFFFFFFFFF67
:10397000FFFFFFFFFFFFFFFFFFFFFFFFFFFFFFFF57
:10398000FFFFFFFFFFFFFFFFFFFFFFFFFFFFFFFF47
:10399000FFFFFFFFFFFFFFFFFFFFFFFFFFFFFFFF37
:1039A000FFFFFFFFFFFFFFFFFFFFFFFFFFFFFFFF27
:1039B000FFFFFFFFFFFFFFFFFFFFFFFFFFFFFFFF17
:1039C000FFFFFFFFFFFFFFFFFFFFFFFFFFFFFFFF07
:1039D000FFFFFFFFFFFFFFFFFFFFFFFFFFFFFFFFF7
:1039E000FFFFFFFFFFFFFFFFFFFFFFFFFFFFFFFFE7
:1039F000FFFFFFFFFFFFFFFFFFFFFFFFFFFFFFFFD7
:103A0000FFFFFFFFFFFFFFFFFFFFFFFFFFFFFFFFC6
:103A1000FFFFFFFFFFFFFFFFFFFFFFFFFFFFFFFFB6
:103A2000FFFFFFFFFFFFFFFFFFFFFFFFFFFFFFFFA6
:103A3000FFFFFFFFFFFFFFFFFFFFFFFFFFFFFFFF96
:103A4000FFFFFFFFFFFFFFFFFFFFFFFFFFFFFFFF86
:103A5000FFFFFFFFFFFFFFFFFFFFFFFFFFFFFFFF76
:103A6000FFFFFFFFFFFFFFFFFFFFFFFFFFFFFFFF66
:103A7000FFFFFFFFFFFFFFFFFFFFFFFFFFFFFFFF56
:103A8000FFFFFFFFFFFFFFFFFFFFFFFFFFFFFFFF46
:103A9000FFFFFFFFFFFFFFFFFFFFFFFFFFFFFFFF36
:103AA000FFFFFFFFFFFFFFFFFFFFFFFFFFFFFFFF26
:103AB000FFFFFFFFFFFFFFFFFFFFFFFFFFFFFFFF16
:103AC000FFFFFFFFFFFFFFFFFFFFFFFFFFFFFFFF06
:103AD000FFFFFFFFFFFFFFFFFFFFFFFFFFFFFFFFF6
:103AE000FFFFFFFFFFFFFFFFFFFFFFFFFFFFFFFFE6
:103AF000FFFFFFFFFFFFFFFFFFFFFFFFFFFFFFFFD6
:103B0000FFFFFFFFFFFFFFFFFFFFFFFFFFFFFFFFC5
:103B1000FFFFFFFFFFFFFFFFFFFFFFFFFFFFFFFFB5
:103B2000FFFFFFFFFFFFFFFFFFFFFFFFFFFFFFFFA5
:103B3000FFFFFFFFFFFFFFFFFFFFFFFFFFFFFFFF95
:103B4000FFFFFFFFFFFFFFFFFFFFFFFFFFFFFFFF85
:103B5000FFFFFFFFFFFFFFFFFFFFFFFFFFFFFFFF75
:103B6000FFFFFFFFFFFFFFFFFFFFFFFFFFFFFFFF65
:103B7000FFFFFFFFFFFFFFFFFFFFFFFFFFFFFFFF55
:103B8000FFFFFFFFFFFFFFFFFFFFFFFFFFFFFFFF45
:103B9000FFFFFFFFFFFFFFFFFFFFFFFFFFFFFFFF35
:103BA000FFFFFFFFFFFFFFFFFFFFFFFFFFFFFFFF25
:103BB000FFFFFFFFFFFFFFFFFFFFFFFFFFFFFFFF15
:103BC000FFFFFFFFFFFFFFFFFFFFFFFFFFFFFFFF05
:103BD000FFFFFFFFFFFFFFFFFFFFFFFFFFFFFFFFF5
:103BE000FFFFFFFFFFFFFFFFFFFFFFFFFFFFFFFFE5
:103BF000FFFFFFFFFFFFFFFFFFFFFFFFFFFFFFFFD5
:103C0000FFFFFFFFFFFFFFFFFFFFFFFFFFFFFFFFC4
:103C1000FFFFFFFFFFFFFFFFFFFFFFFFFFFFFFFFB4
:103C2000FFFFFFFFFFFFFFFFFFFFFFFFFFFFFFFFA4
:103C3000FFFFFFFFFFFFFFFFFFFFFFFFFFFFFFFF94
:103C4000FFFFFFFFFFFFFFFFFFFFFFFFFFFFFFFF84
:103C5000FFFFFFFFFFFFFFFFFFFFFFFFFFFFFFFF74
:103C6000FFFFFFFFFFFFFFFFFFFFFFFFFFFFFFFF64
:103C7000FFFFFFFFFFFFFFFFFFFFFFFFFFFFFFFF54
:103C8000FFFFFFFFFFFFFFFFFFFFFFFFFFFFFFFF44
:103C9000FFFFFFFFFFFFFFFFFFFFFFFFFFFFFFFF34
:103CA000FFFFFFFFFFFFFFFFFFFFFFFFFFFFFFFF24
:103CB000FFFFFFFFFFFFFFFFFFFFFFFFFFFFFFFF14
:103CC000FFFFFFFFFFFFFFFFFFFFFFFFFFFFFFFF04
:103CD000FFFFFFFFFFFFFFFFFFFFFFFFFFFFFFFFF4
:103CE000FFFFFFFFFFFFFFFFFFFFFFFFFFFFFFFFE4
:103CF000FFFFFFFFFFFFFFFFFFFFFFFFFFFFFFFFD4
:103D0000FFFFFFFFFFFFFFFFFFFFFFFFFFFFFFFFC3
:103D1000FFFFFFFFFFFFFFFFFFFFFFFFFFFFFFFFB3
:103D2000FFFFFFFFFFFFFFFFFFFFFFFFFFFFFFFFA3
:103D3000FFFFFFFFFFFFFFFFFFFFFFFFFFFFFFFF93
:103D4000FFFFFFFFFFFFFFFFFFFFFFFFFFFFFFFF83
:103D5000FFFFFFFFFFFFFFFFFFFFFFFFFFFFFFFF73
:103D6000FFFFFFFFFFFFFFFFFFFFFFFFFFFFFFFF63
:103D7000FFFFFFFFFFFFFFFFFFFFFFFFFFFFFFFF53
:103D8000FFFFFFFFFFFFFFFFFFFFFFFFFFFFFFFF43
:103D9000FFFFFFFFFFFFFFFFFFFFFFFFFFFFFFFF33
:103DA000FFFFFFFFFFFFFFFFFFFFFFFFFFFFFFFF23
:103DB000FFFFFFFFFFFFFFFFFFFFFFFFFFFFFFFF13
:103DC000FFFFFFFFFFFFFFFFFFFFFFFFFFFFFFFF03
:103DD000FFFFFFFFFFFFFFFFFFFFFFFFFFFFFFFFF3
:103DE000FFFFFFFFFFFFFFFFFFFFFFFFFFFFFFFFE3
:103DF000FFFFFFFFFFFFFFFFFFFFFFFFFFFFFFFFD3
:103E0000FFFFFFFFFFFFFFFFFFFFFFFFFFFFFFFFC2
:103E1000FFFFFFFFFFFFFFFFFFFFFFFFFFFFFFFFB2
:103E2000FFFFFFFFFFFFFFFFFFFFFFFFFFFFFFFFA2
:103E3000FFFFFFFFFFFFFFFFFFFFFFFFFFFFFFFF92
:103E4000FFFFFFFFFFFFFFFFFFFFFFFFFFFFFFFF82
:103E5000FFFFFFFFFFFFFFFFFFFFFFFFFFFFFFFF72
:103E6000FFFFFFFFFFFFFFFFFFFFFFFFFFFFFFFF62
:103E7000FFFFFFFFFFFFFFFFFFFFFFFFFFFFFFFF52
:103E8000FFFFFFFFFFFFFFFFFFFFFFFFFFFFFFFF42
:103E9000FFFFFFFFFFFFFFFFFFFFFFFFFFFFFFFF32
:103EA000FFFFFFFFFFFFFFFFFFFFFFFFFFFFFFFF22
:103EB000FFFFFFFFFFFFFFFFFFFFFFFFFFFFFFFF12
:103EC000FFFFFFFFFFFFFFFFFFFFFFFFFFFFFFFF02
:103ED000FFFFFFFFFFFFFFFFFFFFFFFFFFFFFFFFF2
:103EE000FFFFFFFFFFFFFFFFFFFFFFFFFFFFFFFFE2
:103EF000FFFFFFFFFFFFFFFFFFFFFFFFFFFFFFFFD2
:103F0000FFFFFFFFFFFFFFFFFFFFFFFFFFFFFFFFC1
:103F1000FFFFFFFFFFFFFFFFFFFFFFFFFFFFFFFFB1
:103F2000FFFFFFFFFFFFFFFFFFFFFFFFFFFFFFFFA1
:103F3000FFFFFFFFFFFFFFFFFFFFFFFFFFFFFFFF91
:103F4000FFFFFFFFFFFFFFFFFFFFFFFFFFFFFFFF81
:103F5000FFFFFFFFFFFFFFFFFFFFFFFFFFFFFFFF71
:103F6000FFFFFFFFFFFFFFFFFFFFFFFFFFFFFFFF61
:103F7000FFFFFFFFFFFFFFFFFFFFFFFFFFFFFFFF51
:103F8000FFFFFFFFFFFFFFFFFFFFFFFFFFFFFFFF41
:103F9000FFFFFFFFFFFFFFFFFFFFFFFFFFFFFFFF31
:103FA000FFFFFFFFFFFFFFFFFFFFFFFFFFFFFFFF21
:103FB000FFFFFFFFFFFFFFFFFFFFFFFFFFFFFFFF11
:103FC000FFFFFFFFFFFFFFFFFFFFFFFFFFFFFFFF01
:103FD000FFFFFFFFFFFFFFFFFFFFFFFFFFFFFFFFF1
:103FE000FFFFFFFFFFFFFFFFFFFFFFFFFFFFFFFFE1
:103FF000FFFFFFFFFFFFFFFFFFFFFFFFFFFFFFFFD1
:10400000FFFFFFFFFFFFFFFFFFFFFFFFFFFFFFFFC0
:10401000FFFFFFFFFFFFFFFFFFFFFFFFFFFFFFFFB0
:10402000FFFFFFFFFFFFFFFFFFFFFFFFFFFFFFFFA0
:10403000FFFFFFFFFFFFFFFFFFFFFFFFFFFFFFFF90
:10404000FFFFFFFFFFFFFFFFFFFFFFFFFFFFFFFF80
:10405000FFFFFFFFFFFFFFFFFFFFFFFFFFFFFFFF70
:10406000FFFFFFFFFFFFFFFFFFFFFFFFFFFFFFFF60
:10407000FFFFFFFFFFFFFFFFFFFFFFFFFFFFFFFF50
:10408000FFFFFFFFFFFFFFFFFFFFFFFFFFFFFFFF40
:10409000FFFFFFFFFFFFFFFFFFFFFFFFFFFFFFFF30
:1040A000FFFFFFFFFFFFFFFFFFFFFFFFFFFFFFFF20
:1040B000FFFFFFFFFFFFFFFFFFFFFFFFFFFFFFFF10
:1040C000FFFFFFFFFFFFFFFFFFFFFFFFFFFFFFFF00
:1040D000FFFFFFFFFFFFFFFFFFFFFFFFFFFFFFFFF0
:1040E000FFFFFFFFFFFFFFFFFFFFFFFFFFFFFFFFE0
:1040F000FFFFFFFFFFFFFFFFFFFFFFFFFFFFFFFFD0
:10410000FFFFFFFFFFFFFFFFFFFFFFFFFFFFFFFFBF
:10411000FFFFFFFFFFFFFFFFFFFFFFFFFFFFFFFFAF
:10412000FFFFFFFFFFFFFFFFFFFFFFFFFFFFFFFF9F
:10413000FFFFFFFFFFFFFFFFFFFFFFFFFFFFFFFF8F
:10414000FFFFFFFFFFFFFFFFFFFFFFFFFFFFFFFF7F
:10415000FFFFFFFFFFFFFFFFFFFFFFFFFFFFFFFF6F
:10416000FFFFFFFFFFFFFFFFFFFFFFFFFFFFFFFF5F
:10417000FFFFFFFFFFFFFFFFFFFFFFFFFFFFFFFF4F
:10418000FFFFFFFFFFFFFFFFFFFFFFFFFFFFFFFF3F
:10419000FFFFFFFFFFFFFFFFFFFFFFFFFFFFFFFF2F
:1041A000FFFFFFFFFFFFFFFFFFFFFFFFFFFFFFFF1F
:1041B000FFFFFFFFFFFFFFFFFFFFFFFFFFFFFFFF0F
:1041C000FFFFFFFFFFFFFFFFFFFFFFFFFFFFFFFFFF
:1041D000FFFFFFFFFFFFFFFFFFFFFFFFFFFFFFFFEF
:1041E000FFFFFFFFFFFFFFFFFFFFFFFFFFFFFFFFDF
:1041F000FFFFFFFFFFFFFFFFFFFFFFFFFFFFFFFFCF
:10420000FFFFFFFFFFFFFFFFFFFFFFFFFFFFFFFFBE
:10421000FFFFFFFFFFFFFFFFFFFFFFFFFFFFFFFFAE
:10422000FFFFFFFFFFFFFFFFFFFFFFFFFFFFFFFF9E
:10423000FFFFFFFFFFFFFFFFFFFFFFFFFFFFFFFF8E
:10424000FFFFFFFFFFFFFFFFFFFFFFFFFFFFFFFF7E
:10425000FFFFFFFFFFFFFFFFFFFFFFFFFFFFFFFF6E
:10426000FFFFFFFFFFFFFFFFFFFFFFFFFFFFFFFF5E
:10427000FFFFFFFFFFFFFFFFFFFFFFFFFFFFFFFF4E
:10428000FFFFFFFFFFFFFFFFFFFFFFFFFFFFFFFF3E
:10429000FFFFFFFFFFFFFFFFFFFFFFFFFFFFFFFF2E
:1042A000FFFFFFFFFFFFFFFFFFFFFFFFFFFFFFFF1E
:1042B000FFFFFFFFFFFFFFFFFFFFFFFFFFFFFFFF0E
:1042C000FFFFFFFFFFFFFFFFFFFFFFFFFFFFFFFFFE
:1042D000FFFFFFFFFFFFFFFFFFFFFFFFFFFFFFFFEE
:1042E000FFFFFFFFFFFFFFFFFFFFFFFFFFFFFFFFDE
:1042F000FFFFFFFFFFFFFFFFFFFFFFFFFFFFFFFFCE
:10430000FFFFFFFFFFFFFFFFFFFFFFFFFFFFFFFFBD
:10431000FFFFFFFFFFFFFFFFFFFFFFFFFFFFFFFFAD
:10432000FFFFFFFFFFFFFFFFFFFFFFFFFFFFFFFF9D
:10433000FFFFFFFFFFFFFFFFFFFFFFFFFFFFFFFF8D
:10434000FFFFFFFFFFFFFFFFFFFFFFFFFFFFFFFF7D
:10435000FFFFFFFFFFFFFFFFFFFFFFFFFFFFFFFF6D
:10436000FFFFFFFFFFFFFFFFFFFFFFFFFFFFFFFF5D
:10437000FFFFFFFFFFFFFFFFFFFFFFFFFFFFFFFF4D
:10438000FFFFFFFFFFFFFFFFFFFFFFFFFFFFFFFF3D
:10439000FFFFFFFFFFFFFFFFFFFFFFFFFFFFFFFF2D
:1043A000FFFFFFFFFFFFFFFFFFFFFFFFFFFFFFFF1D
:1043B000FFFFFFFFFFFFFFFFFFFFFFFFFFFFFFFF0D
:1043C000FFFFFFFFFFFFFFFFFFFFFFFFFFFFFFFFFD
:1043D000FFFFFFFFFFFFFFFFFFFFFFFFFFFFFFFFED
:1043E000FFFFFFFFFFFFFFFFFFFFFFFFFFFFFFFFDD
:1043F000FFFFFFFFFFFFFFFFFFFFFFFFFFFFFFFFCD
:10440000FFFFFFFFFFFFFFFFFFFFFFFFFFFFFFFFBC
:10441000FFFFFFFFFFFFFFFFFFFFFFFFFFFFFFFFAC
:10442000FFFFFFFFFFFFFFFFFFFFFFFFFFFFFFFF9C
:10443000FFFFFFFFFFFFFFFFFFFFFFFFFFFFFFFF8C
:10444000FFFFFFFFFFFFFFFFFFFFFFFFFFFFFFFF7C
:10445000FFFFFFFFFFFFFFFFFFFFFFFFFFFFFFFF6C
:10446000FFFFFFFFFFFFFFFFFFFFFFFFFFFFFFFF5C
:10447000FFFFFFFFFFFFFFFFFFFFFFFFFFFFFFFF4C
:10448000FFFFFFFFFFFFFFFFFFFFFFFFFFFFFFFF3C
:10449000FFFFFFFFFFFFFFFFFFFFFFFFFFFFFFFF2C
:1044A000FFFFFFFFFFFFFFFFFFFFFFFFFFFFFFFF1C
:1044B000FFFFFFFFFFFFFFFFFFFFFFFFFFFFFFFF0C
:1044C000FFFFFFFFFFFFFFFFFFFFFFFFFFFFFFFFFC
:1044D000FFFFFFFFFFFFFFFFFFFFFFFFFFFFFFFFEC
:1044E000FFFFFFFFFFFFFFFFFFFFFFFFFFFFFFFFDC
:1044F000FFFFFFFFFFFFFFFFFFFFFFFFFFFFFFFFCC
:10450000FFFFFFFFFFFFFFFFFFFFFFFFFFFFFFFFBB
:10451000FFFFFFFFFFFFFFFFFFFFFFFFFFFFFFFFAB
:10452000FFFFFFFFFFFFFFFFFFFFFFFFFFFFFFFF9B
:10453000FFFFFFFFFFFFFFFFFFFFFFFFFFFFFFFF8B
:10454000FFFFFFFFFFFFFFFFFFFFFFFFFFFFFFFF7B
:10455000FFFFFFFFFFFFFFFFFFFFFFFFFFFFFFFF6B
:10456000FFFFFFFFFFFFFFFFFFFFFFFFFFFFFFFF5B
:10457000FFFFFFFFFFFFFFFFFFFFFFFFFFFFFFFF4B
:10458000FFFFFFFFFFFFFFFFFFFFFFFFFFFFFFFF3B
:10459000FFFFFFFFFFFFFFFFFFFFFFFFFFFFFFFF2B
:1045A000FFFFFFFFFFFFFFFFFFFFFFFFFFFFFFFF1B
:1045B000FFFFFFFFFFFFFFFFFFFFFFFFFFFFFFFF0B
:1045C000FFFFFFFFFFFFFFFFFFFFFFFFFFFFFFFFFB
:1045D000FFFFFFFFFFFFFFFFFFFFFFFFFFFFFFFFEB
:1045E000FFFFFFFFFFFFFFFFFFFFFFFFFFFFFFFFDB
:1045F000FFFFFFFFFFFFFFFFFFFFFFFFFFFFFFFFCB
:10460000FFFFFFFFFFFFFFFFFFFFFFFFFFFFFFFFBA
:10461000FFFFFFFFFFFFFFFFFFFFFFFFFFFFFFFFAA
:10462000FFFFFFFFFFFFFFFFFFFFFFFFFFFFFFFF9A
:10463000FFFFFFFFFFFFFFFFFFFFFFFFFFFFFFFF8A
:10464000FFFFFFFFFFFFFFFFFFFFFFFFFFFFFFFF7A
:10465000FFFFFFFFFFFFFFFFFFFFFFFFFFFFFFFF6A
:10466000FFFFFFFFFFFFFFFFFFFFFFFFFFFFFFFF5A
:10467000FFFFFFFFFFFFFFFFFFFFFFFFFFFFFFFF4A
:10468000FFFFFFFFFFFFFFFFFFFFFFFFFFFFFFFF3A
:10469000FFFFFFFFFFFFFFFFFFFFFFFFFFFFFFFF2A
:1046A000FFFFFFFFFFFFFFFFFFFFFFFFFFFFFFFF1A
:1046B000FFFFFFFFFFFFFFFFFFFFFFFFFFFFFFFF0A
:1046C000FFFFFFFFFFFFFFFFFFFFFFFFFFFFFFFFFA
:1046D000FFFFFFFFFFFFFFFFFFFFFFFFFFFFFFFFEA
:1046E000FFFFFFFFFFFFFFFFFFFFFFFFFFFFFFFFDA
:1046F000FFFFFFFFFFFFFFFFFFFFFFFFFFFFFFFFCA
:10470000FFFFFFFFFFFFFFFFFFFFFFFFFFFFFFFFB9
:10471000FFFFFFFFFFFFFFFFFFFFFFFFFFFFFFFFA9
:10472000FFFFFFFFFFFFFFFFFFFFFFFFFFFFFFFF99
:10473000FFFFFFFFFFFFFFFFFFFFFFFFFFFFFFFF89
:10474000FFFFFFFFFFFFFFFFFFFFFFFFFFFFFFFF79
:10475000FFFFFFFFFFFFFFFFFFFFFFFFFFFFFFFF69
:10476000FFFFFFFFFFFFFFFFFFFFFFFFFFFFFFFF59
:10477000FFFFFFFFFFFFFFFFFFFFFFFFFFFFFFFF49
:10478000FFFFFFFFFFFFFFFFFFFFFFFFFFFFFFFF39
:10479000FFFFFFFFFFFFFFFFFFFFFFFFFFFFFFFF29
:1047A000FFFFFFFFFFFFFFFFFFFFFFFFFFFFFFFF19
:1047B000FFFFFFFFFFFFFFFFFFFFFFFFFFFFFFFF09
:1047C000FFFFFFFFFFFFFFFFFFFFFFFFFFFFFFFFF9
:1047D000FFFFFFFFFFFFFFFFFFFFFFFFFFFFFFFFE9
:1047E000FFFFFFFFFFFFFFFFFFFFFFFFFFFFFFFFD9
:1047F000FFFFFFFFFFFFFFFFFFFFFFFFFFFFFFFFC9
:10480000FFFFFFFFFFFFFFFFFFFFFFFFFFFFFFFFB8
:10481000FFFFFFFFFFFFFFFFFFFFFFFFFFFFFFFFA8
:10482000FFFFFFFFFFFFFFFFFFFFFFFFFFFFFFFF98
:10483000FFFFFFFFFFFFFFFFFFFFFFFFFFFFFFFF88
:10484000FFFFFFFFFFFFFFFFFFFFFFFFFFFFFFFF78
:10485000FFFFFFFFFFFFFFFFFFFFFFFFFFFFFFFF68
:10486000FFFFFFFFFFFFFFFFFFFFFFFFFFFFFFFF58
:10487000FFFFFFFFFFFFFFFFFFFFFFFFFFFFFFFF48
:10488000FFFFFFFFFFFFFFFFFFFFFFFFFFFFFFFF38
:10489000FFFFFFFFFFFFFFFFFFFFFFFFFFFFFFFF28
:1048A000FFFFFFFFFFFFFFFFFFFFFFFFFFFFFFFF18
:1048B000FFFFFFFFFFFFFFFFFFFFFFFFFFFFFFFF08
:1048C000FFFFFFFFFFFFFFFFFFFFFFFFFFFFFFFFF8
:1048D000FFFFFFFFFFFFFFFFFFFFFFFFFFFFFFFFE8
:1048E000FFFFFFFFFFFFFFFFFFFFFFFFFFFFFFFFD8
:1048F000FFFFFFFFFFFFFFFFFFFFFFFFFFFFFFFFC8
:10490000FFFFFFFFFFFFFFFFFFFFFFFFFFFFFFFFB7
:10491000FFFFFFFFFFFFFFFFFFFFFFFFFFFFFFFFA7
:10492000FFFFFFFFFFFFFFFFFFFFFFFFFFFFFFFF97
:10493000FFFFFFFFFFFFFFFFFFFFFFFFFFFFFFFF87
:10494000FFFFFFFFFFFFFFFFFFFFFFFFFFFFFFFF77
:10495000FFFFFFFFFFFFFFFFFFFFFFFFFFFFFFFF67
:10496000FFFFFFFFFFFFFFFFFFFFFFFFFFFFFFFF57
:10497000FFFFFFFFFFFFFFFFFFFFFFFFFFFFFFFF47
:10498000FFFFFFFFFFFFFFFFFFFFFFFFFFFFFFFF37
:10499000FFFFFFFFFFFFFFFFFFFFFFFFFFFFFFFF27
:1049A000FFFFFFFFFFFFFFFFFFFFFFFFFFFFFFFF17
:1049B000FFFFFFFFFFFFFFFFFFFFFFFFFFFFFFFF07
:1049C000FFFFFFFFFFFFFFFFFFFFFFFFFFFFFFFFF7
:1049D000FFFFFFFFFFFFFFFFFFFFFFFFFFFFFFFFE7
:1049E000FFFFFFFFFFFFFFFFFFFFFFFFFFFFFFFFD7
:1049F000FFFFFFFFFFFFFFFFFFFFFFFFFFFFFFFFC7
:104A0000FFFFFFFFFFFFFFFFFFFFFFFFFFFFFFFFB6
:104A1000FFFFFFFFFFFFFFFFFFFFFFFFFFFFFFFFA6
:104A2000FFFFFFFFFFFFFFFFFFFFFFFFFFFFFFFF96
:104A3000FFFFFFFFFFFFFFFFFFFFFFFFFFFFFFFF86
:104A4000FFFFFFFFFFFFFFFFFFFFFFFFFFFFFFFF76
:104A5000FFFFFFFFFFFFFFFFFFFFFFFFFFFFFFFF66
:104A6000FFFFFFFFFFFFFFFFFFFFFFFFFFFFFFFF56
:104A7000FFFFFFFFFFFFFFFFFFFFFFFFFFFFFFFF46
:104A8000FFFFFFFFFFFFFFFFFFFFFFFFFFFFFFFF36
:104A9000FFFFFFFFFFFFFFFFFFFFFFFFFFFFFFFF26
:104AA000FFFFFFFFFFFFFFFFFFFFFFFFFFFFFFFF16
:104AB000FFFFFFFFFFFFFFFFFFFFFFFFFFFFFFFF06
:104AC000FFFFFFFFFFFFFFFFFFFFFFFFFFFFFFFFF6
:104AD000FFFFFFFFFFFFFFFFFFFFFFFFFFFFFFFFE6
:104AE000FFFFFFFFFFFFFFFFFFFFFFFFFFFFFFFFD6
:104AF000FFFFFFFFFFFFFFFFFFFFFFFFFFFFFFFFC6
:104B0000FFFFFFFFFFFFFFFFFFFFFFFFFFFFFFFFB5
:104B1000FFFFFFFFFFFFFFFFFFFFFFFFFFFFFFFFA5
:104B2000FFFFFFFFFFFFFFFFFFFFFFFFFFFFFFFF95
:104B3000FFFFFFFFFFFFFFFFFFFFFFFFFFFFFFFF85
:104B4000FFFFFFFFFFFFFFFFFFFFFFFFFFFFFFFF75
:104B5000FFFFFFFFFFFFFFFFFFFFFFFFFFFFFFFF65
:104B6000FFFFFFFFFFFFFFFFFFFFFFFFFFFFFFFF55
:104B7000FFFFFFFFFFFFFFFFFFFFFFFFFFFFFFFF45
:104B8000FFFFFFFFFFFFFFFFFFFFFFFFFFFFFFFF35
:104B9000FFFFFFFFFFFFFFFFFFFFFFFFFFFFFFFF25
:104BA000FFFFFFFFFFFFFFFFFFFFFFFFFFFFFFFF15
:104BB000FFFFFFFFFFFFFFFFFFFFFFFFFFFFFFFF05
:104BC000FFFFFFFFFFFFFFFFFFFFFFFFFFFFFFFFF5
:104BD000FFFFFFFFFFFFFFFFFFFFFFFFFFFFFFFFE5
:104BE000FFFFFFFFFFFFFFFFFFFFFFFFFFFFFFFFD5
:104BF000FFFFFFFFFFFFFFFFFFFFFFFFFFFFFFFFC5
:104C0000FFFFFFFFFFFFFFFFFFFFFFFFFFFFFFFFB4
:104C1000FFFFFFFFFFFFFFFFFFFFFFFFFFFFFFFFA4
:104C2000FFFFFFFFFFFFFFFFFFFFFFFFFFFFFFFF94
:104C3000FFFFFFFFFFFFFFFFFFFFFFFFFFFFFFFF84
:104C4000FFFFFFFFFFFFFFFFFFFFFFFFFFFFFFFF74
:104C5000FFFFFFFFFFFFFFFFFFFFFFFFFFFFFFFF64
:104C6000FFFFFFFFFFFFFFFFFFFFFFFFFFFFFFFF54
:104C7000FFFFFFFFFFFFFFFFFFFFFFFFFFFFFFFF44
:104C8000FFFFFFFFFFFFFFFFFFFFFFFFFFFFFFFF34
:104C9000FFFFFFFFFFFFFFFFFFFFFFFFFFFFFFFF24
:104CA000FFFFFFFFFFFFFFFFFFFFFFFFFFFFFFFF14
:104CB000FFFFFFFFFFFFFFFFFFFFFFFFFFFFFFFF04
:104CC000FFFFFFFFFFFFFFFFFFFFFFFFFFFFFFFFF4
:104CD000FFFFFFFFFFFFFFFFFFFFFFFFFFFFFFFFE4
:104CE000FFFFFFFFFFFFFFFFFFFFFFFFFFFFFFFFD4
:104CF000FFFFFFFFFFFFFFFFFFFFFFFFFFFFFFFFC4
:104D0000FFFFFFFFFFFFFFFFFFFFFFFFFFFFFFFFB3
:104D1000FFFFFFFFFFFFFFFFFFFFFFFFFFFFFFFFA3
:104D2000FFFFFFFFFFFFFFFFFFFFFFFFFFFFFFFF93
:104D3000FFFFFFFFFFFFFFFFFFFFFFFFFFFFFFFF83
:104D4000FFFFFFFFFFFFFFFFFFFFFFFFFFFFFFFF73
:104D5000FFFFFFFFFFFFFFFFFFFFFFFFFFFFFFFF63
:104D6000FFFFFFFFFFFFFFFFFFFFFFFFFFFFFFFF53
:104D7000FFFFFFFFFFFFFFFFFFFFFFFFFFFFFFFF43
:104D8000FFFFFFFFFFFFFFFFFFFFFFFFFFFFFFFF33
:104D9000FFFFFFFFFFFFFFFFFFFFFFFFFFFFFFFF23
:104DA000FFFFFFFFFFFFFFFFFFFFFFFFFFFFFFFF13
:104DB000FFFFFFFFFFFFFFFFFFFFFFFFFFFFFFFF03
:104DC000FFFFFFFFFFFFFFFFFFFFFFFFFFFFFFFFF3
:104DD000FFFFFFFFFFFFFFFFFFFFFFFFFFFFFFFFE3
:104DE000FFFFFFFFFFFFFFFFFFFFFFFFFFFFFFFFD3
:104DF000FFFFFFFFFFFFFFFFFFFFFFFFFFFFFFFFC3
:104E0000FFFFFFFFFFFFFFFFFFFFFFFFFFFFFFFFB2
:104E1000FFFFFFFFFFFFFFFFFFFFFFFFFFFFFFFFA2
:104E2000FFFFFFFFFFFFFFFFFFFFFFFFFFFFFFFF92
:104E3000FFFFFFFFFFFFFFFFFFFFFFFFFFFFFFFF82
:104E4000FFFFFFFFFFFFFFFFFFFFFFFFFFFFFFFF72
:104E5000FFFFFFFFFFFFFFFFFFFFFFFFFFFFFFFF62
:104E6000FFFFFFFFFFFFFFFFFFFFFFFFFFFFFFFF52
:104E7000FFFFFFFFFFFFFFFFFFFFFFFFFFFFFFFF42
:104E8000FFFFFFFFFFFFFFFFFFFFFFFFFFFFFFFF32
:104E9000FFFFFFFFFFFFFFFFFFFFFFFFFFFFFFFF22
:104EA000FFFFFFFFFFFFFFFFFFFFFFFFFFFFFFFF12
:104EB000FFFFFFFFFFFFFFFFFFFFFFFFFFFFFFFF02
:104EC000FFFFFFFFFFFFFFFFFFFFFFFFFFFFFFFFF2
:104ED000FFFFFFFFFFFFFFFFFFFFFFFFFFFFFFFFE2
:104EE000FFFFFFFFFFFFFFFFFFFFFFFFFFFFFFFFD2
:104EF000FFFFFFFFFFFFFFFFFFFFFFFFFFFFFFFFC2
:104F0000FFFFFFFFFFFFFFFFFFFFFFFFFFFFFFFFB1
:104F1000FFFFFFFFFFFFFFFFFFFFFFFFFFFFFFFFA1
:104F2000FFFFFFFFFFFFFFFFFFFFFFFFFFFFFFFF91
:104F3000FFFFFFFFFFFFFFFFFFFFFFFFFFFFFFFF81
:104F4000FFFFFFFFFFFFFFFFFFFFFFFFFFFFFFFF71
:104F5000FFFFFFFFFFFFFFFFFFFFFFFFFFFFFFFF61
:104F6000FFFFFFFFFFFFFFFFFFFFFFFFFFFFFFFF51
:104F7000FFFFFFFFFFFFFFFFFFFFFFFFFFFFFFFF41
:104F8000FFFFFFFFFFFFFFFFFFFFFFFFFFFFFFFF31
:104F9000FFFFFFFFFFFFFFFFFFFFFFFFFFFFFFFF21
:104FA000FFFFFFFFFFFFFFFFFFFFFFFFFFFFFFFF11
:104FB000FFFFFFFFFFFFFFFFFFFFFFFFFFFFFFFF01
:104FC000FFFFFFFFFFFFFFFFFFFFFFFFFFFFFFFFF1
:104FD000FFFFFFFFFFFFFFFFFFFFFFFFFFFFFFFFE1
:104FE000FFFFFFFFFFFFFFFFFFFFFFFFFFFFFFFFD1
:104FF000FFFFFFFFFFFFFFFFFFFFFFFFFFFFFFFFC1
:10500000FFFFFFFFFFFFFFFFFFFFFFFFFFFFFFFFB0
:10501000FFFFFFFFFFFFFFFFFFFFFFFFFFFFFFFFA0
:10502000FFFFFFFFFFFFFFFFFFFFFFFFFFFFFFFF90
:10503000FFFFFFFFFFFFFFFFFFFFFFFFFFFFFFFF80
:10504000FFFFFFFFFFFFFFFFFFFFFFFFFFFFFFFF70
:10505000FFFFFFFFFFFFFFFFFFFFFFFFFFFFFFFF60
:10506000FFFFFFFFFFFFFFFFFFFFFFFFFFFFFFFF50
:10507000FFFFFFFFFFFFFFFFFFFFFFFFFFFFFFFF40
:10508000FFFFFFFFFFFFFFFFFFFFFFFFFFFFFFFF30
:10509000FFFFFFFFFFFFFFFFFFFFFFFFFFFFFFFF20
:1050A000FFFFFFFFFFFFFFFFFFFFFFFFFFFFFFFF10
:1050B000FFFFFFFFFFFFFFFFFFFFFFFFFFFFFFFF00
:1050C000FFFFFFFFFFFFFFFFFFFFFFFFFFFFFFFFF0
:1050D000FFFFFFFFFFFFFFFFFFFFFFFFFFFFFFFFE0
:1050E000FFFFFFFFFFFFFFFFFFFFFFFFFFFFFFFFD0
:1050F000FFFFFFFFFFFFFFFFFFFFFFFFFFFFFFFFC0
:10510000FFFFFFFFFFFFFFFFFFFFFFFFFFFFFFFFAF
:10511000FFFFFFFFFFFFFFFFFFFFFFFFFFFFFFFF9F
:10512000FFFFFFFFFFFFFFFFFFFFFFFFFFFFFFFF8F
:10513000FFFFFFFFFFFFFFFFFFFFFFFFFFFFFFFF7F
:10514000FFFFFFFFFFFFFFFFFFFFFFFFFFFFFFFF6F
:10515000FFFFFFFFFFFFFFFFFFFFFFFFFFFFFFFF5F
:10516000FFFFFFFFFFFFFFFFFFFFFFFFFFFFFFFF4F
:10517000FFFFFFFFFFFFFFFFFFFFFFFFFFFFFFFF3F
:10518000FFFFFFFFFFFFFFFFFFFFFFFFFFFFFFFF2F
:10519000FFFFFFFFFFFFFFFFFFFFFFFFFFFFFFFF1F
:1051A000FFFFFFFFFFFFFFFFFFFFFFFFFFFFFFFF0F
:1051B000FFFFFFFFFFFFFFFFFFFFFFFFFFFFFFFFFF
:1051C000FFFFFFFFFFFFFFFFFFFFFFFFFFFFFFFFEF
:1051D000FFFFFFFFFFFFFFFFFFFFFFFFFFFFFFFFDF
:1051E000FFFFFFFFFFFFFFFFFFFFFFFFFFFFFFFFCF
:1051F000FFFFFFFFFFFFFFFFFFFFFFFFFFFFFFFFBF
:10520000FFFFFFFFFFFFFFFFFFFFFFFFFFFFFFFFAE
:10521000FFFFFFFFFFFFFFFFFFFFFFFFFFFFFFFF9E
:10522000FFFFFFFFFFFFFFFFFFFFFFFFFFFFFFFF8E
:10523000FFFFFFFFFFFFFFFFFFFFFFFFFFFFFFFF7E
:10524000FFFFFFFFFFFFFFFFFFFFFFFFFFFFFFFF6E
:10525000FFFFFFFFFFFFFFFFFFFFFFFFFFFFFFFF5E
:10526000FFFFFFFFFFFFFFFFFFFFFFFFFFFFFFFF4E
:10527000FFFFFFFFFFFFFFFFFFFFFFFFFFFFFFFF3E
:10528000FFFFFFFFFFFFFFFFFFFFFFFFFFFFFFFF2E
:10529000FFFFFFFFFFFFFFFFFFFFFFFFFFFFFFFF1E
:1052A000FFFFFFFFFFFFFFFFFFFFFFFFFFFFFFFF0E
:1052B000FFFFFFFFFFFFFFFFFFFFFFFFFFFFFFFFFE
:1052C000FFFFFFFFFFFFFFFFFFFFFFFFFFFFFFFFEE
:1052D000FFFFFFFFFFFFFFFFFFFFFFFFFFFFFFFFDE
:1052E000FFFFFFFFFFFFFFFFFFFFFFFFFFFFFFFFCE
:1052F000FFFFFFFFFFFFFFFFFFFFFFFFFFFFFFFFBE
:10530000FFFFFFFFFFFFFFFFFFFFFFFFFFFFFFFFAD
:10531000FFFFFFFFFFFFFFFFFFFFFFFFFFFFFFFF9D
:10532000FFFFFFFFFFFFFFFFFFFFFFFFFFFFFFFF8D
:10533000FFFFFFFFFFFFFFFFFFFFFFFFFFFFFFFF7D
:10534000FFFFFFFFFFFFFFFFFFFFFFFFFFFFFFFF6D
:10535000FFFFFFFFFFFFFFFFFFFFFFFFFFFFFFFF5D
:10536000FFFFFFFFFFFFFFFFFFFFFFFFFFFFFFFF4D
:10537000FFFFFFFFFFFFFFFFFFFFFFFFFFFFFFFF3D
:10538000FFFFFFFFFFFFFFFFFFFFFFFFFFFFFFFF2D
:10539000FFFFFFFFFFFFFFFFFFFFFFFFFFFFFFFF1D
:1053A000FFFFFFFFFFFFFFFFFFFFFFFFFFFFFFFF0D
:1053B000FFFFFFFFFFFFFFFFFFFFFFFFFFFFFFFFFD
:1053C000FFFFFFFFFFFFFFFFFFFFFFFFFFFFFFFFED
:1053D000FFFFFFFFFFFFFFFFFFFFFFFFFFFFFFFFDD
:1053E000FFFFFFFFFFFFFFFFFFFFFFFFFFFFFFFFCD
:1053F000FFFFFFFFFFFFFFFFFFFFFFFFFFFFFFFFBD
:10540000FFFFFFFFFFFFFFFFFFFFFFFFFFFFFFFFAC
:10541000FFFFFFFFFFFFFFFFFFFFFFFFFFFFFFFF9C
:10542000FFFFFFFFFFFFFFFFFFFFFFFFFFFFFFFF8C
:10543000FFFFFFFFFFFFFFFFFFFFFFFFFFFFFFFF7C
:10544000FFFFFFFFFFFFFFFFFFFFFFFFFFFFFFFF6C
:10545000FFFFFFFFFFFFFFFFFFFFFFFFFFFFFFFF5C
:10546000FFFFFFFFFFFFFFFFFFFFFFFFFFFFFFFF4C
:10547000FFFFFFFFFFFFFFFFFFFFFFFFFFFFFFFF3C
:10548000FFFFFFFFFFFFFFFFFFFFFFFFFFFFFFFF2C
:10549000FFFFFFFFFFFFFFFFFFFFFFFFFFFFFFFF1C
:1054A000FFFFFFFFFFFFFFFFFFFFFFFFFFFFFFFF0C
:1054B000FFFFFFFFFFFFFFFFFFFFFFFFFFFFFFFFFC
:1054C000FFFFFFFFFFFFFFFFFFFFFFFFFFFFFFFFEC
:1054D000FFFFFFFFFFFFFFFFFFFFFFFFFFFFFFFFDC
:1054E000FFFFFFFFFFFFFFFFFFFFFFFFFFFFFFFFCC
:1054F000FFFFFFFFFFFFFFFFFFFFFFFFFFFFFFFFBC
:10550000FFFFFFFFFFFFFFFFFFFFFFFFFFFFFFFFAB
:10551000FFFFFFFFFFFFFFFFFFFFFFFFFFFFFFFF9B
:10552000FFFFFFFFFFFFFFFFFFFFFFFFFFFFFFFF8B
:10553000FFFFFFFFFFFFFFFFFFFFFFFFFFFFFFFF7B
:10554000FFFFFFFFFFFFFFFFFFFFFFFFFFFFFFFF6B
:10555000FFFFFFFFFFFFFFFFFFFFFFFFFFFFFFFF5B
:10556000FFFFFFFFFFFFFFFFFFFFFFFFFFFFFFFF4B
:10557000FFFFFFFFFFFFFFFFFFFFFFFFFFFFFFFF3B
:10558000FFFFFFFFFFFFFFFFFFFFFFFFFFFFFFFF2B
:10559000FFFFFFFFFFFFFFFFFFFFFFFFFFFFFFFF1B
:1055A000FFFFFFFFFFFFFFFFFFFFFFFFFFFFFFFF0B
:1055B000FFFFFFFFFFFFFFFFFFFFFFFFFFFFFFFFFB
:1055C000FFFFFFFFFFFFFFFFFFFFFFFFFFFFFFFFEB
:1055D000FFFFFFFFFFFFFFFFFFFFFFFFFFFFFFFFDB
:1055E000FFFFFFFFFFFFFFFFFFFFFFFFFFFFFFFFCB
:1055F000FFFFFFFFFFFFFFFFFFFFFFFFFFFFFFFFBB
:10560000FFFFFFFFFFFFFFFFFFFFFFFFFFFFFFFFAA
:10561000FFFFFFFFFFFFFFFFFFFFFFFFFFFFFFFF9A
:10562000FFFFFFFFFFFFFFFFFFFFFFFFFFFFFFFF8A
:10563000FFFFFFFFFFFFFFFFFFFFFFFFFFFFFFFF7A
:10564000FFFFFFFFFFFFFFFFFFFFFFFFFFFFFFFF6A
:10565000FFFFFFFFFFFFFFFFFFFFFFFFFFFFFFFF5A
:10566000FFFFFFFFFFFFFFFFFFFFFFFFFFFFFFFF4A
:10567000FFFFFFFFFFFFFFFFFFFFFFFFFFFFFFFF3A
:10568000FFFFFFFFFFFFFFFFFFFFFFFFFFFFFFFF2A
:10569000FFFFFFFFFFFFFFFFFFFFFFFFFFFFFFFF1A
:1056A000FFFFFFFFFFFFFFFFFFFFFFFFFFFFFFFF0A
:1056B000FFFFFFFFFFFFFFFFFFFFFFFFFFFFFFFFFA
:1056C000FFFFFFFFFFFFFFFFFFFFFFFFFFFFFFFFEA
:1056D000FFFFFFFFFFFFFFFFFFFFFFFFFFFFFFFFDA
:1056E000FFFFFFFFFFFFFFFFFFFFFFFFFFFFFFFFCA
:1056F000FFFFFFFFFFFFFFFFFFFFFFFFFFFFFFFFBA
:10570000FFFFFFFFFFFFFFFFFFFFFFFFFFFFFFFFA9
:10571000FFFFFFFFFFFFFFFFFFFFFFFFFFFFFFFF99
:10572000FFFFFFFFFFFFFFFFFFFFFFFFFFFFFFFF89
:10573000FFFFFFFFFFFFFFFFFFFFFFFFFFFFFFFF79
:10574000FFFFFFFFFFFFFFFFFFFFFFFFFFFFFFFF69
:10575000FFFFFFFFFFFFFFFFFFFFFFFFFFFFFFFF59
:10576000FFFFFFFFFFFFFFFFFFFFFFFFFFFFFFFF49
:10577000FFFFFFFFFFFFFFFFFFFFFFFFFFFFFFFF39
:10578000FFFFFFFFFFFFFFFFFFFFFFFFFFFFFFFF29
:10579000FFFFFFFFFFFFFFFFFFFFFFFFFFFFFFFF19
:1057A000FFFFFFFFFFFFFFFFFFFFFFFFFFFFFFFF09
:1057B000FFFFFFFFFFFFFFFFFFFFFFFFFFFFFFFFF9
:1057C000FFFFFFFFFFFFFFFFFFFFFFFFFFFFFFFFE9
:1057D000FFFFFFFFFFFFFFFFFFFFFFFFFFFFFFFFD9
:1057E000FFFFFFFFFFFFFFFFFFFFFFFFFFFFFFFFC9
:1057F000FFFFFFFFFFFFFFFFFFFFFFFFFFFFFFFFB9
:10580000FFFFFFFFFFFFFFFFFFFFFFFFFFFFFFFFA8
:10581000FFFFFFFFFFFFFFFFFFFFFFFFFFFFFFFF98
:10582000FFFFFFFFFFFFFFFFFFFFFFFFFFFFFFFF88
:10583000FFFFFFFFFFFFFFFFFFFFFFFFFFFFFFFF78
:10584000FFFFFFFFFFFFFFFFFFFFFFFFFFFFFFFF68
:10585000FFFFFFFFFFFFFFFFFFFFFFFFFFFFFFFF58
:10586000FFFFFFFFFFFFFFFFFFFFFFFFFFFFFFFF48
:10587000FFFFFFFFFFFFFFFFFFFFFFFFFFFFFFFF38
:10588000FFFFFFFFFFFFFFFFFFFFFFFFFFFFFFFF28
:10589000FFFFFFFFFFFFFFFFFFFFFFFFFFFFFFFF18
:1058A000FFFFFFFFFFFFFFFFFFFFFFFFFFFFFFFF08
:1058B000FFFFFFFFFFFFFFFFFFFFFFFFFFFFFFFFF8
:1058C000FFFFFFFFFFFFFFFFFFFFFFFFFFFFFFFFE8
:1058D000FFFFFFFFFFFFFFFFFFFFFFFFFFFFFFFFD8
:1058E000FFFFFFFFFFFFFFFFFFFFFFFFFFFFFFFFC8
:1058F000FFFFFFFFFFFFFFFFFFFFFFFFFFFFFFFFB8
:10590000FFFFFFFFFFFFFFFFFFFFFFFFFFFFFFFFA7
:10591000FFFFFFFFFFFFFFFFFFFFFFFFFFFFFFFF97
:10592000FFFFFFFFFFFFFFFFFFFFFFFFFFFFFFFF87
:10593000FFFFFFFFFFFFFFFFFFFFFFFFFFFFFFFF77
:10594000FFFFFFFFFFFFFFFFFFFFFFFFFFFFFFFF67
:10595000FFFFFFFFFFFFFFFFFFFFFFFFFFFFFFFF57
:10596000FFFFFFFFFFFFFFFFFFFFFFFFFFFFFFFF47
:10597000FFFFFFFFFFFFFFFFFFFFFFFFFFFFFFFF37
:10598000FFFFFFFFFFFFFFFFFFFFFFFFFFFFFFFF27
:10599000FFFFFFFFFFFFFFFFFFFFFFFFFFFFFFFF17
:1059A000FFFFFFFFFFFFFFFFFFFFFFFFFFFFFFFF07
:1059B000FFFFFFFFFFFFFFFFFFFFFFFFFFFFFFFFF7
:1059C000FFFFFFFFFFFFFFFFFFFFFFFFFFFFFFFFE7
:1059D000FFFFFFFFFFFFFFFFFFFFFFFFFFFFFFFFD7
:1059E000FFFFFFFFFFFFFFFFFFFFFFFFFFFFFFFFC7
:1059F000FFFFFFFFFFFFFFFFFFFFFFFFFFFFFFFFB7
:105A0000FFFFFFFFFFFFFFFFFFFFFFFFFFFFFFFFA6
:105A1000FFFFFFFFFFFFFFFFFFFFFFFFFFFFFFFF96
:105A2000FFFFFFFFFFFFFFFFFFFFFFFFFFFFFFFF86
:105A3000FFFFFFFFFFFFFFFFFFFFFFFFFFFFFFFF76
:105A4000FFFFFFFFFFFFFFFFFFFFFFFFFFFFFFFF66
:105A5000FFFFFFFFFFFFFFFFFFFFFFFFFFFFFFFF56
:105A6000FFFFFFFFFFFFFFFFFFFFFFFFFFFFFFFF46
:105A7000FFFFFFFFFFFFFFFFFFFFFFFFFFFFFFFF36
:105A8000FFFFFFFFFFFFFFFFFFFFFFFFFFFFFFFF26
:105A9000FFFFFFFFFFFFFFFFFFFFFFFFFFFFFFFF16
:105AA000FFFFFFFFFFFFFFFFFFFFFFFFFFFFFFFF06
:105AB000FFFFFFFFFFFFFFFFFFFFFFFFFFFFFFFFF6
:105AC000FFFFFFFFFFFFFFFFFFFFFFFFFFFFFFFFE6
:105AD000FFFFFFFFFFFFFFFFFFFFFFFFFFFFFFFFD6
:105AE000FFFFFFFFFFFFFFFFFFFFFFFFFFFFFFFFC6
:105AF000FFFFFFFFFFFFFFFFFFFFFFFFFFFFFFFFB6
:105B0000FFFFFFFFFFFFFFFFFFFFFFFFFFFFFFFFA5
:105B1000FFFFFFFFFFFFFFFFFFFFFFFFFFFFFFFF95
:105B2000FFFFFFFFFFFFFFFFFFFFFFFFFFFFFFFF85
:105B3000FFFFFFFFFFFFFFFFFFFFFFFFFFFFFFFF75
:105B4000FFFFFFFFFFFFFFFFFFFFFFFFFFFFFFFF65
:105B5000FFFFFFFFFFFFFFFFFFFFFFFFFFFFFFFF55
:105B6000FFFFFFFFFFFFFFFFFFFFFFFFFFFFFFFF45
:105B7000FFFFFFFFFFFFFFFFFFFFFFFFFFFFFFFF35
:105B8000FFFFFFFFFFFFFFFFFFFFFFFFFFFFFFFF25
:105B9000FFFFFFFFFFFFFFFFFFFFFFFFFFFFFFFF15
:105BA000FFFFFFFFFFFFFFFFFFFFFFFFFFFFFFFF05
:105BB000FFFFFFFFFFFFFFFFFFFFFFFFFFFFFFFFF5
:105BC000FFFFFFFFFFFFFFFFFFFFFFFFFFFFFFFFE5
:105BD000FFFFFFFFFFFFFFFFFFFFFFFFFFFFFFFFD5
:105BE000FFFFFFFFFFFFFFFFFFFFFFFFFFFFFFFFC5
:105BF000FFFFFFFFFFFFFFFFFFFFFFFFFFFFFFFFB5
:105C0000FFFFFFFFFFFFFFFFFFFFFFFFFFFFFFFFA4
:105C1000FFFFFFFFFFFFFFFFFFFFFFFFFFFFFFFF94
:105C2000FFFFFFFFFFFFFFFFFFFFFFFFFFFFFFFF84
:105C3000FFFFFFFFFFFFFFFFFFFFFFFFFFFFFFFF74
:105C4000FFFFFFFFFFFFFFFFFFFFFFFFFFFFFFFF64
:105C5000FFFFFFFFFFFFFFFFFFFFFFFFFFFFFFFF54
:105C6000FFFFFFFFFFFFFFFFFFFFFFFFFFFFFFFF44
:105C7000FFFFFFFFFFFFFFFFFFFFFFFFFFFFFFFF34
:105C8000FFFFFFFFFFFFFFFFFFFFFFFFFFFFFFFF24
:105C9000FFFFFFFFFFFFFFFFFFFFFFFFFFFFFFFF14
:105CA000FFFFFFFFFFFFFFFFFFFFFFFFFFFFFFFF04
:105CB000FFFFFFFFFFFFFFFFFFFFFFFFFFFFFFFFF4
:105CC000FFFFFFFFFFFFFFFFFFFFFFFFFFFFFFFFE4
:105CD000FFFFFFFFFFFFFFFFFFFFFFFFFFFFFFFFD4
:105CE000FFFFFFFFFFFFFFFFFFFFFFFFFFFFFFFFC4
:105CF000FFFFFFFFFFFFFFFFFFFFFFFFFFFFFFFFB4
:105D0000FFFFFFFFFFFFFFFFFFFFFFFFFFFFFFFFA3
:105D1000FFFFFFFFFFFFFFFFFFFFFFFFFFFFFFFF93
:105D2000FFFFFFFFFFFFFFFFFFFFFFFFFFFFFFFF83
:105D3000FFFFFFFFFFFFFFFFFFFFFFFFFFFFFFFF73
:105D4000FFFFFFFFFFFFFFFFFFFFFFFFFFFFFFFF63
:105D5000FFFFFFFFFFFFFFFFFFFFFFFFFFFFFFFF53
:105D6000FFFFFFFFFFFFFFFFFFFFFFFFFFFFFFFF43
:105D7000FFFFFFFFFFFFFFFFFFFFFFFFFFFFFFFF33
:105D8000FFFFFFFFFFFFFFFFFFFFFFFFFFFFFFFF23
:105D9000FFFFFFFFFFFFFFFFFFFFFFFFFFFFFFFF13
:105DA000FFFFFFFFFFFFFFFFFFFFFFFFFFFFFFFF03
:105DB000FFFFFFFFFFFFFFFFFFFFFFFFFFFFFFFFF3
:105DC000FFFFFFFFFFFFFFFFFFFFFFFFFFFFFFFFE3
:105DD000FFFFFFFFFFFFFFFFFFFFFFFFFFFFFFFFD3
:105DE000FFFFFFFFFFFFFFFFFFFFFFFFFFFFFFFFC3
:105DF000FFFFFFFFFFFFFFFFFFFFFFFFFFFFFFFFB3
:105E0000FFFFFFFFFFFFFFFFFFFFFFFFFFFFFFFFA2
:105E1000FFFFFFFFFFFFFFFFFFFFFFFFFFFFFFFF92
:105E2000FFFFFFFFFFFFFFFFFFFFFFFFFFFFFFFF82
:105E3000FFFFFFFFFFFFFFFFFFFFFFFFFFFFFFFF72
:105E4000FFFFFFFFFFFFFFFFFFFFFFFFFFFFFFFF62
:105E5000FFFFFFFFFFFFFFFFFFFFFFFFFFFFFFFF52
:105E6000FFFFFFFFFFFFFFFFFFFFFFFFFFFFFFFF42
:105E7000FFFFFFFFFFFFFFFFFFFFFFFFFFFFFFFF32
:105E8000FFFFFFFFFFFFFFFFFFFFFFFFFFFFFFFF22
:105E9000FFFFFFFFFFFFFFFFFFFFFFFFFFFFFFFF12
:105EA000FFFFFFFFFFFFFFFFFFFFFFFFFFFFFFFF02
:105EB000FFFFFFFFFFFFFFFFFFFFFFFFFFFFFFFFF2
:105EC000FFFFFFFFFFFFFFFFFFFFFFFFFFFFFFFFE2
:105ED000FFFFFFFFFFFFFFFFFFFFFFFFFFFFFFFFD2
:105EE000FFFFFFFFFFFFFFFFFFFFFFFFFFFFFFFFC2
:105EF000FFFFFFFFFFFFFFFFFFFFFFFFFFFFFFFFB2
:105F0000FFFFFFFFFFFFFFFFFFFFFFFFFFFFFFFFA1
:105F1000FFFFFFFFFFFFFFFFFFFFFFFFFFFFFFFF91
:105F2000FFFFFFFFFFFFFFFFFFFFFFFFFFFFFFFF81
:105F3000FFFFFFFFFFFFFFFFFFFFFFFFFFFFFFFF71
:105F4000FFFFFFFFFFFFFFFFFFFFFFFFFFFFFFFF61
:105F5000FFFFFFFFFFFFFFFFFFFFFFFFFFFFFFFF51
:105F6000FFFFFFFFFFFFFFFFFFFFFFFFFFFFFFFF41
:105F7000FFFFFFFFFFFFFFFFFFFFFFFFFFFFFFFF31
:105F8000FFFFFFFFFFFFFFFFFFFFFFFFFFFFFFFF21
:105F9000FFFFFFFFFFFFFFFFFFFFFFFFFFFFFFFF11
:105FA000FFFFFFFFFFFFFFFFFFFFFFFFFFFFFFFF01
:105FB000FFFFFFFFFFFFFFFFFFFFFFFFFFFFFFFFF1
:105FC000FFFFFFFFFFFFFFFFFFFFFFFFFFFFFFFFE1
:105FD000FFFFFFFFFFFFFFFFFFFFFFFFFFFFFFFFD1
:105FE000FFFFFFFFFFFFFFFFFFFFFFFFFFFFFFFFC1
:105FF000FFFFFFFFFFFFFFFFFFFFFFFFFFFFFFFFB1
:10600000FFFFFFFFFFFFFFFFFFFFFFFFFFFFFFFFA0
:10601000FFFFFFFFFFFFFFFFFFFFFFFFFFFFFFFF90
:10602000FFFFFFFFFFFFFFFFFFFFFFFFFFFFFFFF80
:10603000FFFFFFFFFFFFFFFFFFFFFFFFFFFFFFFF70
:10604000FFFFFFFFFFFFFFFFFFFFFFFFFFFFFFFF60
:10605000FFFFFFFFFFFFFFFFFFFFFFFFFFFFFFFF50
:10606000FFFFFFFFFFFFFFFFFFFFFFFFFFFFFFFF40
:10607000FFFFFFFFFFFFFFFFFFFFFFFFFFFFFFFF30
:10608000FFFFFFFFFFFFFFFFFFFFFFFFFFFFFFFF20
:10609000FFFFFFFFFFFFFFFFFFFFFFFFFFFFFFFF10
:1060A000FFFFFFFFFFFFFFFFFFFFFFFFFFFFFFFF00
:1060B000FFFFFFFFFFFFFFFFFFFFFFFFFFFFFFFFF0
:1060C000FFFFFFFFFFFFFFFFFFFFFFFFFFFFFFFFE0
:1060D000FFFFFFFFFFFFFFFFFFFFFFFFFFFFFFFFD0
:1060E000FFFFFFFFFFFFFFFFFFFFFFFFFFFFFFFFC0
:1060F000FFFFFFFFFFFFFFFFFFFFFFFFFFFFFFFFB0
:10610000FFFFFFFFFFFFFFFFFFFFFFFFFFFFFFFF9F
:10611000FFFFFFFFFFFFFFFFFFFFFFFFFFFFFFFF8F
:10612000FFFFFFFFFFFFFFFFFFFFFFFFFFFFFFFF7F
:10613000FFFFFFFFFFFFFFFFFFFFFFFFFFFFFFFF6F
:10614000FFFFFFFFFFFFFFFFFFFFFFFFFFFFFFFF5F
:10615000FFFFFFFFFFFFFFFFFFFFFFFFFFFFFFFF4F
:10616000FFFFFFFFFFFFFFFFFFFFFFFFFFFFFFFF3F
:10617000FFFFFFFFFFFFFFFFFFFFFFFFFFFFFFFF2F
:10618000FFFFFFFFFFFFFFFFFFFFFFFFFFFFFFFF1F
:10619000FFFFFFFFFFFFFFFFFFFFFFFFFFFFFFFF0F
:1061A000FFFFFFFFFFFFFFFFFFFFFFFFFFFFFFFFFF
:1061B000FFFFFFFFFFFFFFFFFFFFFFFFFFFFFFFFEF
:1061C000FFFFFFFFFFFFFFFFFFFFFFFFFFFFFFFFDF
:1061D000FFFFFFFFFFFFFFFFFFFFFFFFFFFFFFFFCF
:1061E000FFFFFFFFFFFFFFFFFFFFFFFFFFFFFFFFBF
:1061F000FFFFFFFFFFFFFFFFFFFFFFFFFFFFFFFFAF
:10620000FFFFFFFFFFFFFFFFFFFFFFFFFFFFFFFF9E
:10621000FFFFFFFFFFFFFFFFFFFFFFFFFFFFFFFF8E
:10622000FFFFFFFFFFFFFFFFFFFFFFFFFFFFFFFF7E
:10623000FFFFFFFFFFFFFFFFFFFFFFFFFFFFFFFF6E
:10624000FFFFFFFFFFFFFFFFFFFFFFFFFFFFFFFF5E
:10625000FFFFFFFFFFFFFFFFFFFFFFFFFFFFFFFF4E
:10626000FFFFFFFFFFFFFFFFFFFFFFFFFFFFFFFF3E
:10627000FFFFFFFFFFFFFFFFFFFFFFFFFFFFFFFF2E
:10628000FFFFFFFFFFFFFFFFFFFFFFFFFFFFFFFF1E
:10629000FFFFFFFFFFFFFFFFFFFFFFFFFFFFFFFF0E
:1062A000FFFFFFFFFFFFFFFFFFFFFFFFFFFFFFFFFE
:1062B000FFFFFFFFFFFFFFFFFFFFFFFFFFFFFFFFEE
:1062C000FFFFFFFFFFFFFFFFFFFFFFFFFFFFFFFFDE
:1062D000FFFFFFFFFFFFFFFFFFFFFFFFFFFFFFFFCE
:1062E000FFFFFFFFFFFFFFFFFFFFFFFFFFFFFFFFBE
:1062F000FFFFFFFFFFFFFFFFFFFFFFFFFFFFFFFFAE
:10630000FFFFFFFFFFFFFFFFFFFFFFFFFFFFFFFF9D
:10631000FFFFFFFFFFFFFFFFFFFFFFFFFFFFFFFF8D
:10632000FFFFFFFFFFFFFFFFFFFFFFFFFFFFFFFF7D
:10633000FFFFFFFFFFFFFFFFFFFFFFFFFFFFFFFF6D
:10634000FFFFFFFFFFFFFFFFFFFFFFFFFFFFFFFF5D
:10635000FFFFFFFFFFFFFFFFFFFFFFFFFFFFFFFF4D
:10636000FFFFFFFFFFFFFFFFFFFFFFFFFFFFFFFF3D
:10637000FFFFFFFFFFFFFFFFFFFFFFFFFFFFFFFF2D
:10638000FFFFFFFFFFFFFFFFFFFFFFFFFFFFFFFF1D
:10639000FFFFFFFFFFFFFFFFFFFFFFFFFFFFFFFF0D
:1063A000FFFFFFFFFFFFFFFFFFFFFFFFFFFFFFFFFD
:1063B000FFFFFFFFFFFFFFFFFFFFFFFFFFFFFFFFED
:1063C000FFFFFFFFFFFFFFFFFFFFFFFFFFFFFFFFDD
:1063D000FFFFFFFFFFFFFFFFFFFFFFFFFFFFFFFFCD
:1063E000FFFFFFFFFFFFFFFFFFFFFFFFFFFFFFFFBD
:1063F000FFFFFFFFFFFFFFFFFFFFFFFFFFFFFFFFAD
:10640000FFFFFFFFFFFFFFFFFFFFFFFFFFFFFFFF9C
:10641000FFFFFFFFFFFFFFFFFFFFFFFFFFFFFFFF8C
:10642000FFFFFFFFFFFFFFFFFFFFFFFFFFFFFFFF7C
:10643000FFFFFFFFFFFFFFFFFFFFFFFFFFFFFFFF6C
:10644000FFFFFFFFFFFFFFFFFFFFFFFFFFFFFFFF5C
:10645000FFFFFFFFFFFFFFFFFFFFFFFFFFFFFFFF4C
:10646000FFFFFFFFFFFFFFFFFFFFFFFFFFFFFFFF3C
:10647000FFFFFFFFFFFFFFFFFFFFFFFFFFFFFFFF2C
:10648000FFFFFFFFFFFFFFFFFFFFFFFFFFFFFFFF1C
:10649000FFFFFFFFFFFFFFFFFFFFFFFFFFFFFFFF0C
:1064A000FFFFFFFFFFFFFFFFFFFFFFFFFFFFFFFFFC
:1064B000FFFFFFFFFFFFFFFFFFFFFFFFFFFFFFFFEC
:1064C000FFFFFFFFFFFFFFFFFFFFFFFFFFFFFFFFDC
:1064D000FFFFFFFFFFFFFFFFFFFFFFFFFFFFFFFFCC
:1064E000FFFFFFFFFFFFFFFFFFFFFFFFFFFFFFFFBC
:1064F000FFFFFFFFFFFFFFFFFFFFFFFFFFFFFFFFAC
:10650000FFFFFFFFFFFFFFFFFFFFFFFFFFFFFFFF9B
:10651000FFFFFFFFFFFFFFFFFFFFFFFFFFFFFFFF8B
:10652000FFFFFFFFFFFFFFFFFFFFFFFFFFFFFFFF7B
:10653000FFFFFFFFFFFFFFFFFFFFFFFFFFFFFFFF6B
:10654000FFFFFFFFFFFFFFFFFFFFFFFFFFFFFFFF5B
:10655000FFFFFFFFFFFFFFFFFFFFFFFFFFFFFFFF4B
:10656000FFFFFFFFFFFFFFFFFFFFFFFFFFFFFFFF3B
:10657000FFFFFFFFFFFFFFFFFFFFFFFFFFFFFFFF2B
:10658000FFFFFFFFFFFFFFFFFFFFFFFFFFFFFFFF1B
:10659000FFFFFFFFFFFFFFFFFFFFFFFFFFFFFFFF0B
:1065A000FFFFFFFFFFFFFFFFFFFFFFFFFFFFFFFFFB
:1065B000FFFFFFFFFFFFFFFFFFFFFFFFFFFFFFFFEB
:1065C000FFFFFFFFFFFFFFFFFFFFFFFFFFFFFFFFDB
:1065D000FFFFFFFFFFFFFFFFFFFFFFFFFFFFFFFFCB
:1065E000FFFFFFFFFFFFFFFFFFFFFFFFFFFFFFFFBB
:1065F000FFFFFFFFFFFFFFFFFFFFFFFFFFFFFFFFAB
:10660000FFFFFFFFFFFFFFFFFFFFFFFFFFFFFFFF9A
:10661000FFFFFFFFFFFFFFFFFFFFFFFFFFFFFFFF8A
:10662000FFFFFFFFFFFFFFFFFFFFFFFFFFFFFFFF7A
:10663000FFFFFFFFFFFFFFFFFFFFFFFFFFFFFFFF6A
:10664000FFFFFFFFFFFFFFFFFFFFFFFFFFFFFFFF5A
:10665000FFFFFFFFFFFFFFFFFFFFFFFFFFFFFFFF4A
:10666000FFFFFFFFFFFFFFFFFFFFFFFFFFFFFFFF3A
:10667000FFFFFFFFFFFFFFFFFFFFFFFFFFFFFFFF2A
:10668000FFFFFFFFFFFFFFFFFFFFFFFFFFFFFFFF1A
:10669000FFFFFFFFFFFFFFFFFFFFFFFFFFFFFFFF0A
:1066A000FFFFFFFFFFFFFFFFFFFFFFFFFFFFFFFFFA
:1066B000FFFFFFFFFFFFFFFFFFFFFFFFFFFFFFFFEA
:1066C000FFFFFFFFFFFFFFFFFFFFFFFFFFFFFFFFDA
:1066D000FFFFFFFFFFFFFFFFFFFFFFFFFFFFFFFFCA
:1066E000FFFFFFFFFFFFFFFFFFFFFFFFFFFFFFFFBA
:1066F000FFFFFFFFFFFFFFFFFFFFFFFFFFFFFFFFAA
:10670000FFFFFFFFFFFFFFFFFFFFFFFFFFFFFFFF99
:10671000FFFFFFFFFFFFFFFFFFFFFFFFFFFFFFFF89
:10672000FFFFFFFFFFFFFFFFFFFFFFFFFFFFFFFF79
:10673000FFFFFFFFFFFFFFFFFFFFFFFFFFFFFFFF69
:10674000FFFFFFFFFFFFFFFFFFFFFFFFFFFFFFFF59
:10675000FFFFFFFFFFFFFFFFFFFFFFFFFFFFFFFF49
:10676000FFFFFFFFFFFFFFFFFFFFFFFFFFFFFFFF39
:10677000FFFFFFFFFFFFFFFFFFFFFFFFFFFFFFFF29
:10678000FFFFFFFFFFFFFFFFFFFFFFFFFFFFFFFF19
:10679000FFFFFFFFFFFFFFFFFFFFFFFFFFFFFFFF09
:1067A000FFFFFFFFFFFFFFFFFFFFFFFFFFFFFFFFF9
:1067B000FFFFFFFFFFFFFFFFFFFFFFFFFFFFFFFFE9
:1067C000FFFFFFFFFFFFFFFFFFFFFFFFFFFFFFFFD9
:1067D000FFFFFFFFFFFFFFFFFFFFFFFFFFFFFFFFC9
:1067E000FFFFFFFFFFFFFFFFFFFFFFFFFFFFFFFFB9
:1067F000FFFFFFFFFFFFFFFFFFFFFFFFFFFFFFFFA9
:10680000FFFFFFFFFFFFFFFFFFFFFFFFFFFFFFFF98
:10681000FFFFFFFFFFFFFFFFFFFFFFFFFFFFFFFF88
:10682000FFFFFFFFFFFFFFFFFFFFFFFFFFFFFFFF78
:10683000FFFFFFFFFFFFFFFFFFFFFFFFFFFFFFFF68
:10684000FFFFFFFFFFFFFFFFFFFFFFFFFFFFFFFF58
:10685000FFFFFFFFFFFFFFFFFFFFFFFFFFFFFFFF48
:10686000FFFFFFFFFFFFFFFFFFFFFFFFFFFFFFFF38
:10687000FFFFFFFFFFFFFFFFFFFFFFFFFFFFFFFF28
:10688000FFFFFFFFFFFFFFFFFFFFFFFFFFFFFFFF18
:10689000FFFFFFFFFFFFFFFFFFFFFFFFFFFFFFFF08
:1068A000FFFFFFFFFFFFFFFFFFFFFFFFFFFFFFFFF8
:1068B000FFFFFFFFFFFFFFFFFFFFFFFFFFFFFFFFE8
:1068C000FFFFFFFFFFFFFFFFFFFFFFFFFFFFFFFFD8
:1068D000FFFFFFFFFFFFFFFFFFFFFFFFFFFFFFFFC8
:1068E000FFFFFFFFFFFFFFFFFFFFFFFFFFFFFFFFB8
:1068F000FFFFFFFFFFFFFFFFFFFFFFFFFFFFFFFFA8
:10690000FFFFFFFFFFFFFFFFFFFFFFFFFFFFFFFF97
:10691000FFFFFFFFFFFFFFFFFFFFFFFFFFFFFFFF87
:10692000FFFFFFFFFFFFFFFFFFFFFFFFFFFFFFFF77
:10693000FFFFFFFFFFFFFFFFFFFFFFFFFFFFFFFF67
:10694000FFFFFFFFFFFFFFFFFFFFFFFFFFFFFFFF57
:10695000FFFFFFFFFFFFFFFFFFFFFFFFFFFFFFFF47
:10696000FFFFFFFFFFFFFFFFFFFFFFFFFFFFFFFF37
:10697000FFFFFFFFFFFFFFFFFFFFFFFFFFFFFFFF27
:10698000FFFFFFFFFFFFFFFFFFFFFFFFFFFFFFFF17
:10699000FFFFFFFFFFFFFFFFFFFFFFFFFFFFFFFF07
:1069A000FFFFFFFFFFFFFFFFFFFFFFFFFFFFFFFFF7
:1069B000FFFFFFFFFFFFFFFFFFFFFFFFFFFFFFFFE7
:1069C000FFFFFFFFFFFFFFFFFFFFFFFFFFFFFFFFD7
:1069D000FFFFFFFFFFFFFFFFFFFFFFFFFFFFFFFFC7
:1069E000FFFFFFFFFFFFFFFFFFFFFFFFFFFFFFFFB7
:1069F000FFFFFFFFFFFFFFFFFFFFFFFFFFFFFFFFA7
:106A0000FFFFFFFFFFFFFFFFFFFFFFFFFFFFFFFF96
:106A1000FFFFFFFFFFFFFFFFFFFFFFFFFFFFFFFF86
:106A2000FFFFFFFFFFFFFFFFFFFFFFFFFFFFFFFF76
:106A3000FFFFFFFFFFFFFFFFFFFFFFFFFFFFFFFF66
:106A4000FFFFFFFFFFFFFFFFFFFFFFFFFFFFFFFF56
:106A5000FFFFFFFFFFFFFFFFFFFFFFFFFFFFFFFF46
:106A6000FFFFFFFFFFFFFFFFFFFFFFFFFFFFFFFF36
:106A7000FFFFFFFFFFFFFFFFFFFFFFFFFFFFFFFF26
:106A8000FFFFFFFFFFFFFFFFFFFFFFFFFFFFFFFF16
:106A9000FFFFFFFFFFFFFFFFFFFFFFFFFFFFFFFF06
:106AA000FFFFFFFFFFFFFFFFFFFFFFFFFFFFFFFFF6
:106AB000FFFFFFFFFFFFFFFFFFFFFFFFFFFFFFFFE6
:106AC000FFFFFFFFFFFFFFFFFFFFFFFFFFFFFFFFD6
:106AD000FFFFFFFFFFFFFFFFFFFFFFFFFFFFFFFFC6
:106AE000FFFFFFFFFFFFFFFFFFFFFFFFFFFFFFFFB6
:106AF000FFFFFFFFFFFFFFFFFFFFFFFFFFFFFFFFA6
:106B0000FFFFFFFFFFFFFFFFFFFFFFFFFFFFFFFF95
:106B1000FFFFFFFFFFFFFFFFFFFFFFFFFFFFFFFF85
:106B2000FFFFFFFFFFFFFFFFFFFFFFFFFFFFFFFF75
:106B3000FFFFFFFFFFFFFFFFFFFFFFFFFFFFFFFF65
:106B4000FFFFFFFFFFFFFFFFFFFFFFFFFFFFFFFF55
:106B5000FFFFFFFFFFFFFFFFFFFFFFFFFFFFFFFF45
:106B6000FFFFFFFFFFFFFFFFFFFFFFFFFFFFFFFF35
:106B7000FFFFFFFFFFFFFFFFFFFFFFFFFFFFFFFF25
:106B8000FFFFFFFFFFFFFFFFFFFFFFFFFFFFFFFF15
:106B9000FFFFFFFFFFFFFFFFFFFFFFFFFFFFFFFF05
:106BA000FFFFFFFFFFFFFFFFFFFFFFFFFFFFFFFFF5
:106BB000FFFFFFFFFFFFFFFFFFFFFFFFFFFFFFFFE5
:106BC000FFFFFFFFFFFFFFFFFFFFFFFFFFFFFFFFD5
:106BD000FFFFFFFFFFFFFFFFFFFFFFFFFFFFFFFFC5
:106BE000FFFFFFFFFFFFFFFFFFFFFFFFFFFFFFFFB5
:106BF000FFFFFFFFFFFFFFFFFFFFFFFFFFFFFFFFA5
:106C0000FFFFFFFFFFFFFFFFFFFFFFFFFFFFFFFF94
:106C1000FFFFFFFFFFFFFFFFFFFFFFFFFFFFFFFF84
:106C2000FFFFFFFFFFFFFFFFFFFFFFFFFFFFFFFF74
:106C3000FFFFFFFFFFFFFFFFFFFFFFFFFFFFFFFF64
:106C4000FFFFFFFFFFFFFFFFFFFFFFFFFFFFFFFF54
:106C5000FFFFFFFFFFFFFFFFFFFFFFFFFFFFFFFF44
:106C6000FFFFFFFFFFFFFFFFFFFFFFFFFFFFFFFF34
:106C7000FFFFFFFFFFFFFFFFFFFFFFFFFFFFFFFF24
:106C8000FFFFFFFFFFFFFFFFFFFFFFFFFFFFFFFF14
:106C9000FFFFFFFFFFFFFFFFFFFFFFFFFFFFFFFF04
:106CA000FFFFFFFFFFFFFFFFFFFFFFFFFFFFFFFFF4
:106CB000FFFFFFFFFFFFFFFFFFFFFFFFFFFFFFFFE4
:106CC000FFFFFFFFFFFFFFFFFFFFFFFFFFFFFFFFD4
:106CD000FFFFFFFFFFFFFFFFFFFFFFFFFFFFFFFFC4
:106CE000FFFFFFFFFFFFFFFFFFFFFFFFFFFFFFFFB4
:106CF000FFFFFFFFFFFFFFFFFFFFFFFFFFFFFFFFA4
:106D0000FFFFFFFFFFFFFFFFFFFFFFFFFFFFFFFF93
:106D1000FFFFFFFFFFFFFFFFFFFFFFFFFFFFFFFF83
:106D2000FFFFFFFFFFFFFFFFFFFFFFFFFFFFFFFF73
:106D3000FFFFFFFFFFFFFFFFFFFFFFFFFFFFFFFF63
:106D4000FFFFFFFFFFFFFFFFFFFFFFFFFFFFFFFF53
:106D5000FFFFFFFFFFFFFFFFFFFFFFFFFFFFFFFF43
:106D6000FFFFFFFFFFFFFFFFFFFFFFFFFFFFFFFF33
:106D7000FFFFFFFFFFFFFFFFFFFFFFFFFFFFFFFF23
:106D8000FFFFFFFFFFFFFFFFFFFFFFFFFFFFFFFF13
:106D9000FFFFFFFFFFFFFFFFFFFFFFFFFFFFFFFF03
:106DA000FFFFFFFFFFFFFFFFFFFFFFFFFFFFFFFFF3
:106DB000FFFFFFFFFFFFFFFFFFFFFFFFFFFFFFFFE3
:106DC000FFFFFFFFFFFFFFFFFFFFFFFFFFFFFFFFD3
:106DD000FFFFFFFFFFFFFFFFFFFFFFFFFFFFFFFFC3
:106DE000FFFFFFFFFFFFFFFFFFFFFFFFFFFFFFFFB3
:106DF000FFFFFFFFFFFFFFFFFFFFFFFFFFFFFFFFA3
:106E0000FFFFFFFFFFFFFFFFFFFFFFFFFFFFFFFF92
:106E1000FFFFFFFFFFFFFFFFFFFFFFFFFFFFFFFF82
:106E2000FFFFFFFFFFFFFFFFFFFFFFFFFFFFFFFF72
:106E3000FFFFFFFFFFFFFFFFFFFFFFFFFFFFFFFF62
:106E4000FFFFFFFFFFFFFFFFFFFFFFFFFFFFFFFF52
:106E5000FFFFFFFFFFFFFFFFFFFFFFFFFFFFFFFF42
:106E6000FFFFFFFFFFFFFFFFFFFFFFFFFFFFFFFF32
:106E7000FFFFFFFFFFFFFFFFFFFFFFFFFFFFFFFF22
:106E8000FFFFFFFFFFFFFFFFFFFFFFFFFFFFFFFF12
:106E9000FFFFFFFFFFFFFFFFFFFFFFFFFFFFFFFF02
:106EA000FFFFFFFFFFFFFFFFFFFFFFFFFFFFFFFFF2
:106EB000FFFFFFFFFFFFFFFFFFFFFFFFFFFFFFFFE2
:106EC000FFFFFFFFFFFFFFFFFFFFFFFFFFFFFFFFD2
:106ED000FFFFFFFFFFFFFFFFFFFFFFFFFFFFFFFFC2
:106EE000FFFFFFFFFFFFFFFFFFFFFFFFFFFFFFFFB2
:106EF000FFFFFFFFFFFFFFFFFFFFFFFFFFFFFFFFA2
:106F0000FFFFFFFFFFFFFFFFFFFFFFFFFFFFFFFF91
:106F1000FFFFFFFFFFFFFFFFFFFFFFFFFFFFFFFF81
:106F2000FFFFFFFFFFFFFFFFFFFFFFFFFFFFFFFF71
:106F3000FFFFFFFFFFFFFFFFFFFFFFFFFFFFFFFF61
:106F4000FFFFFFFFFFFFFFFFFFFFFFFFFFFFFFFF51
:106F5000FFFFFFFFFFFFFFFFFFFFFFFFFFFFFFFF41
:106F6000FFFFFFFFFFFFFFFFFFFFFFFFFFFFFFFF31
:106F7000FFFFFFFFFFFFFFFFFFFFFFFFFFFFFFFF21
:106F8000FFFFFFFFFFFFFFFFFFFFFFFFFFFFFFFF11
:106F9000FFFFFFFFFFFFFFFFFFFFFFFFFFFFFFFF01
:106FA000FFFFFFFFFFFFFFFFFFFFFFFFFFFFFFFFF1
:106FB000FFFFFFFFFFFFFFFFFFFFFFFFFFFFFFFFE1
:106FC000FFFFFFFFFFFFFFFFFFFFFFFFFFFFFFFFD1
:106FD000FFFFFFFFFFFFFFFFFFFFFFFFFFFFFFFFC1
:106FE000FFFFFFFFFFFFFFFFFFFFFFFFFFFFFFFFB1
:106FF000FFFFFFFFFFFFFFFFFFFFFFFFFFFFFFFFA1
:10700000FFFFFFFFFFFFFFFFFFFFFFFFFFFFFFFF90
:10701000FFFFFFFFFFFFFFFFFFFFFFFFFFFFFFFF80
:10702000FFFFFFFFFFFFFFFFFFFFFFFFFFFFFFFF70
:10703000FFFFFFFFFFFFFFFFFFFFFFFFFFFFFFFF60
:10704000FFFFFFFFFFFFFFFFFFFFFFFFFFFFFFFF50
:10705000FFFFFFFFFFFFFFFFFFFFFFFFFFFFFFFF40
:10706000FFFFFFFFFFFFFFFFFFFFFFFFFFFFFFFF30
:10707000FFFFFFFFFFFFFFFFFFFFFFFFFFFFFFFF20
:10708000FFFFFFFFFFFFFFFFFFFFFFFFFFFFFFFF10
:10709000FFFFFFFFFFFFFFFFFFFFFFFFFFFFFFFF00
:1070A000FFFFFFFFFFFFFFFFFFFFFFFFFFFFFFFFF0
:1070B000FFFFFFFFFFFFFFFFFFFFFFFFFFFFFFFFE0
:1070C000FFFFFFFFFFFFFFFFFFFFFFFFFFFFFFFFD0
:1070D000FFFFFFFFFFFFFFFFFFFFFFFFFFFFFFFFC0
:1070E000FFFFFFFFFFFFFFFFFFFFFFFFFFFFFFFFB0
:1070F000FFFFFFFFFFFFFFFFFFFFFFFFFFFFFFFFA0
:10710000FFFFFFFFFFFFFFFFFFFFFFFFFFFFFFFF8F
:10711000FFFFFFFFFFFFFFFFFFFFFFFFFFFFFFFF7F
:10712000FFFFFFFFFFFFFFFFFFFFFFFFFFFFFFFF6F
:10713000FFFFFFFFFFFFFFFFFFFFFFFFFFFFFFFF5F
:10714000FFFFFFFFFFFFFFFFFFFFFFFFFFFFFFFF4F
:10715000FFFFFFFFFFFFFFFFFFFFFFFFFFFFFFFF3F
:10716000FFFFFFFFFFFFFFFFFFFFFFFFFFFFFFFF2F
:10717000FFFFFFFFFFFFFFFFFFFFFFFFFFFFFFFF1F
:10718000FFFFFFFFFFFFFFFFFFFFFFFFFFFFFFFF0F
:10719000FFFFFFFFFFFFFFFFFFFFFFFFFFFFFFFFFF
:1071A000FFFFFFFFFFFFFFFFFFFFFFFFFFFFFFFFEF
:1071B000FFFFFFFFFFFFFFFFFFFFFFFFFFFFFFFFDF
:1071C000FFFFFFFFFFFFFFFFFFFFFFFFFFFFFFFFCF
:1071D000FFFFFFFFFFFFFFFFFFFFFFFFFFFFFFFFBF
:1071E000FFFFFFFFFFFFFFFFFFFFFFFFFFFFFFFFAF
:1071F000FFFFFFFFFFFFFFFFFFFFFFFFFFFFFFFF9F
:10720000FFFFFFFFFFFFFFFFFFFFFFFFFFFFFFFF8E
:10721000FFFFFFFFFFFFFFFFFFFFFFFFFFFFFFFF7E
:10722000FFFFFFFFFFFFFFFFFFFFFFFFFFFFFFFF6E
:10723000FFFFFFFFFFFFFFFFFFFFFFFFFFFFFFFF5E
:10724000FFFFFFFFFFFFFFFFFFFFFFFFFFFFFFFF4E
:10725000FFFFFFFFFFFFFFFFFFFFFFFFFFFFFFFF3E
:10726000FFFFFFFFFFFFFFFFFFFFFFFFFFFFFFFF2E
:10727000FFFFFFFFFFFFFFFFFFFFFFFFFFFFFFFF1E
:10728000FFFFFFFFFFFFFFFFFFFFFFFFFFFFFFFF0E
:10729000FFFFFFFFFFFFFFFFFFFFFFFFFFFFFFFFFE
:1072A000FFFFFFFFFFFFFFFFFFFFFFFFFFFFFFFFEE
:1072B000FFFFFFFFFFFFFFFFFFFFFFFFFFFFFFFFDE
:1072C000FFFFFFFFFFFFFFFFFFFFFFFFFFFFFFFFCE
:1072D000FFFFFFFFFFFFFFFFFFFFFFFFFFFFFFFFBE
:1072E000FFFFFFFFFFFFFFFFFFFFFFFFFFFFFFFFAE
:1072F000FFFFFFFFFFFFFFFFFFFFFFFFFFFFFFFF9E
:10730000FFFFFFFFFFFFFFFFFFFFFFFFFFFFFFFF8D
:10731000FFFFFFFFFFFFFFFFFFFFFFFFFFFFFFFF7D
:10732000FFFFFFFFFFFFFFFFFFFFFFFFFFFFFFFF6D
:10733000FFFFFFFFFFFFFFFFFFFFFFFFFFFFFFFF5D
:10734000FFFFFFFFFFFFFFFFFFFFFFFFFFFFFFFF4D
:10735000FFFFFFFFFFFFFFFFFFFFFFFFFFFFFFFF3D
:10736000FFFFFFFFFFFFFFFFFFFFFFFFFFFFFFFF2D
:10737000FFFFFFFFFFFFFFFFFFFFFFFFFFFFFFFF1D
:10738000FFFFFFFFFFFFFFFFFFFFFFFFFFFFFFFF0D
:10739000FFFFFFFFFFFFFFFFFFFFFFFFFFFFFFFFFD
:1073A000FFFFFFFFFFFFFFFFFFFFFFFFFFFFFFFFED
:1073B000FFFFFFFFFFFFFFFFFFFFFFFFFFFFFFFFDD
:1073C000FFFFFFFFFFFFFFFFFFFFFFFFFFFFFFFFCD
:1073D000FFFFFFFFFFFFFFFFFFFFFFFFFFFFFFFFBD
:1073E000FFFFFFFFFFFFFFFFFFFFFFFFFFFFFFFFAD
:1073F000FFFFFFFFFFFFFFFFFFFFFFFFFFFFFFFF9D
:10740000FFFFFFFFFFFFFFFFFFFFFFFFFFFFFFFF8C
:10741000FFFFFFFFFFFFFFFFFFFFFFFFFFFFFFFF7C
:10742000FFFFFFFFFFFFFFFFFFFFFFFFFFFFFFFF6C
:10743000FFFFFFFFFFFFFFFFFFFFFFFFFFFFFFFF5C
:10744000FFFFFFFFFFFFFFFFFFFFFFFFFFFFFFFF4C
:10745000FFFFFFFFFFFFFFFFFFFFFFFFFFFFFFFF3C
:10746000FFFFFFFFFFFFFFFFFFFFFFFFFFFFFFFF2C
:10747000FFFFFFFFFFFFFFFFFFFFFFFFFFFFFFFF1C
:10748000FFFFFFFFFFFFFFFFFFFFFFFFFFFFFFFF0C
:10749000FFFFFFFFFFFFFFFFFFFFFFFFFFFFFFFFFC
:1074A000FFFFFFFFFFFFFFFFFFFFFFFFFFFFFFFFEC
:1074B000FFFFFFFFFFFFFFFFFFFFFFFFFFFFFFFFDC
:1074C000FFFFFFFFFFFFFFFFFFFFFFFFFFFFFFFFCC
:1074D000FFFFFFFFFFFFFFFFFFFFFFFFFFFFFFFFBC
:1074E000FFFFFFFFFFFFFFFFFFFFFFFFFFFFFFFFAC
:1074F000FFFFFFFFFFFFFFFFFFFFFFFFFFFFFFFF9C
:10750000FFFFFFFFFFFFFFFFFFFFFFFFFFFFFFFF8B
:10751000FFFFFFFFFFFFFFFFFFFFFFFFFFFFFFFF7B
:10752000FFFFFFFFFFFFFFFFFFFFFFFFFFFFFFFF6B
:10753000FFFFFFFFFFFFFFFFFFFFFFFFFFFFFFFF5B
:10754000FFFFFFFFFFFFFFFFFFFFFFFFFFFFFFFF4B
:10755000FFFFFFFFFFFFFFFFFFFFFFFFFFFFFFFF3B
:10756000FFFFFFFFFFFFFFFFFFFFFFFFFFFFFFFF2B
:10757000FFFFFFFFFFFFFFFFFFFFFFFFFFFFFFFF1B
:10758000FFFFFFFFFFFFFFFFFFFFFFFFFFFFFFFF0B
:10759000FFFFFFFFFFFFFFFFFFFFFFFFFFFFFFFFFB
:1075A000FFFFFFFFFFFFFFFFFFFFFFFFFFFFFFFFEB
:1075B000FFFFFFFFFFFFFFFFFFFFFFFFFFFFFFFFDB
:1075C000FFFFFFFFFFFFFFFFFFFFFFFFFFFFFFFFCB
:1075D000FFFFFFFFFFFFFFFFFFFFFFFFFFFFFFFFBB
:1075E000FFFFFFFFFFFFFFFFFFFFFFFFFFFFFFFFAB
:1075F000FFFFFFFFFFFFFFFFFFFFFFFFFFFFFFFF9B
:10760000FFFFFFFFFFFFFFFFFFFFFFFFFFFFFFFF8A
:10761000FFFFFFFFFFFFFFFFFFFFFFFFFFFFFFFF7A
:10762000FFFFFFFFFFFFFFFFFFFFFFFFFFFFFFFF6A
:10763000FFFFFFFFFFFFFFFFFFFFFFFFFFFFFFFF5A
:10764000FFFFFFFFFFFFFFFFFFFFFFFFFFFFFFFF4A
:10765000FFFFFFFFFFFFFFFFFFFFFFFFFFFFFFFF3A
:10766000FFFFFFFFFFFFFFFFFFFFFFFFFFFFFFFF2A
:10767000FFFFFFFFFFFFFFFFFFFFFFFFFFFFFFFF1A
:10768000FFFFFFFFFFFFFFFFFFFFFFFFFFFFFFFF0A
:10769000FFFFFFFFFFFFFFFFFFFFFFFFFFFFFFFFFA
:1076A000FFFFFFFFFFFFFFFFFFFFFFFFFFFFFFFFEA
:1076B000FFFFFFFFFFFFFFFFFFFFFFFFFFFFFFFFDA
:1076C000FFFFFFFFFFFFFFFFFFFFFFFFFFFFFFFFCA
:1076D000FFFFFFFFFFFFFFFFFFFFFFFFFFFFFFFFBA
:1076E000FFFFFFFFFFFFFFFFFFFFFFFFFFFFFFFFAA
:1076F000FFFFFFFFFFFFFFFFFFFFFFFFFFFFFFFF9A
:10770000FFFFFFFFFFFFFFFFFFFFFFFFFFFFFFFF89
:10771000FFFFFFFFFFFFFFFFFFFFFFFFFFFFFFFF79
:10772000FFFFFFFFFFFFFFFFFFFFFFFFFFFFFFFF69
:10773000FFFFFFFFFFFFFFFFFFFFFFFFFFFFFFFF59
:10774000FFFFFFFFFFFFFFFFFFFFFFFFFFFFFFFF49
:10775000FFFFFFFFFFFFFFFFFFFFFFFFFFFFFFFF39
:10776000FFFFFFFFFFFFFFFFFFFFFFFFFFFFFFFF29
:10777000FFFFFFFFFFFFFFFFFFFFFFFFFFFFFFFF19
:10778000FFFFFFFFFFFFFFFFFFFFFFFFFFFFFFFF09
:10779000FFFFFFFFFFFFFFFFFFFFFFFFFFFFFFFFF9
:1077A000FFFFFFFFFFFFFFFFFFFFFFFFFFFFFFFFE9
:1077B000FFFFFFFFFFFFFFFFFFFFFFFFFFFFFFFFD9
:1077C000FFFFFFFFFFFFFFFFFFFFFFFFFFFFFFFFC9
:1077D000FFFFFFFFFFFFFFFFFFFFFFFFFFFFFFFFB9
:1077E000FFFFFFFFFFFFFFFFFFFFFFFFFFFFFFFFA9
:1077F000FFFFFFFFFFFFFFFFFFFFFFFFFFFFFFFF99
:10780000FFFFFFFFFFFFFFFFFFFFFFFFFFFFFFFF88
:10781000FFFFFFFFFFFFFFFFFFFFFFFFFFFFFFFF78
:10782000FFFFFFFFFFFFFFFFFFFFFFFFFFFFFFFF68
:10783000FFFFFFFFFFFFFFFFFFFFFFFFFFFFFFFF58
:10784000FFFFFFFFFFFFFFFFFFFFFFFFFFFFFFFF48
:10785000FFFFFFFFFFFFFFFFFFFFFFFFFFFFFFFF38
:10786000FFFFFFFFFFFFFFFFFFFFFFFFFFFFFFFF28
:10787000FFFFFFFFFFFFFFFFFFFFFFFFFFFFFFFF18
:10788000FFFFFFFFFFFFFFFFFFFFFFFFFFFFFFFF08
:10789000FFFFFFFFFFFFFFFFFFFFFFFFFFFFFFFFF8
:1078A000FFFFFFFFFFFFFFFFFFFFFFFFFFFFFFFFE8
:1078B000FFFFFFFFFFFFFFFFFFFFFFFFFFFFFFFFD8
:1078C000FFFFFFFFFFFFFFFFFFFFFFFFFFFFFFFFC8
:1078D000FFFFFFFFFFFFFFFFFFFFFFFFFFFFFFFFB8
:1078E000FFFFFFFFFFFFFFFFFFFFFFFFFFFFFFFFA8
:1078F000FFFFFFFFFFFFFFFFFFFFFFFFFFFFFFFF98
:10790000FFFFFFFFFFFFFFFFFFFFFFFFFFFFFFFF87
:10791000FFFFFFFFFFFFFFFFFFFFFFFFFFFFFFFF77
:10792000FFFFFFFFFFFFFFFFFFFFFFFFFFFFFFFF67
:10793000FFFFFFFFFFFFFFFFFFFFFFFFFFFFFFFF57
:10794000FFFFFFFFFFFFFFFFFFFFFFFFFFFFFFFF47
:10795000FFFFFFFFFFFFFFFFFFFFFFFFFFFFFFFF37
:10796000FFFFFFFFFFFFFFFFFFFFFFFFFFFFFFFF27
:10797000FFFFFFFFFFFFFFFFFFFFFFFFFFFFFFFF17
:10798000FFFFFFFFFFFFFFFFFFFFFFFFFFFFFFFF07
:10799000FFFFFFFFFFFFFFFFFFFFFFFFFFFFFFFFF7
:1079A000FFFFFFFFFFFFFFFFFFFFFFFFFFFFFFFFE7
:1079B000FFFFFFFFFFFFFFFFFFFFFFFFFFFFFFFFD7
:1079C000FFFFFFFFFFFFFFFFFFFFFFFFFFFFFFFFC7
:1079D000FFFFFFFFFFFFFFFFFFFFFFFFFFFFFFFFB7
:1079E000FFFFFFFFFFFFFFFFFFFFFFFFFFFFFFFFA7
:1079F000FFFFFFFFFFFFFFFFFFFFFFFFFFFFFFFF97
:107A0000FFFFFFFFFFFFFFFFFFFFFFFFFFFFFFFF86
:107A1000FFFFFFFFFFFFFFFFFFFFFFFFFFFFFFFF76
:107A2000FFFFFFFFFFFFFFFFFFFFFFFFFFFFFFFF66
:107A3000FFFFFFFFFFFFFFFFFFFFFFFFFFFFFFFF56
:107A4000FFFFFFFFFFFFFFFFFFFFFFFFFFFFFFFF46
:107A5000FFFFFFFFFFFFFFFFFFFFFFFFFFFFFFFF36
:107A6000FFFFFFFFFFFFFFFFFFFFFFFFFFFFFFFF26
:107A7000FFFFFFFFFFFFFFFFFFFFFFFFFFFFFFFF16
:107A8000FFFFFFFFFFFFFFFFFFFFFFFFFFFFFFFF06
:107A9000FFFFFFFFFFFFFFFFFFFFFFFFFFFFFFFFF6
:107AA000FFFFFFFFFFFFFFFFFFFFFFFFFFFFFFFFE6
:107AB000FFFFFFFFFFFFFFFFFFFFFFFFFFFFFFFFD6
:107AC000FFFFFFFFFFFFFFFFFFFFFFFFFFFFFFFFC6
:107AD000FFFFFFFFFFFFFFFFFFFFFFFFFFFFFFFFB6
:107AE000FFFFFFFFFFFFFFFFFFFFFFFFFFFFFFFFA6
:107AF000FFFFFFFFFFFFFFFFFFFFFFFFFFFFFFFF96
:107B0000FFFFFFFFFFFFFFFFFFFFFFFFFFFFFFFF85
:107B1000FFFFFFFFFFFFFFFFFFFFFFFFFFFFFFFF75
:107B2000FFFFFFFFFFFFFFFFFFFFFFFFFFFFFFFF65
:107B3000FFFFFFFFFFFFFFFFFFFFFFFFFFFFFFFF55
:107B4000FFFFFFFFFFFFFFFFFFFFFFFFFFFFFFFF45
:107B5000FFFFFFFFFFFFFFFFFFFFFFFFFFFFFFFF35
:107B6000FFFFFFFFFFFFFFFFFFFFFFFFFFFFFFFF25
:107B7000FFFFFFFFFFFFFFFFFFFFFFFFFFFFFFFF15
:107B8000FFFFFFFFFFFFFFFFFFFFFFFFFFFFFFFF05
:107B9000FFFFFFFFFFFFFFFFFFFFFFFFFFFFFFFFF5
:107BA000FFFFFFFFFFFFFFFFFFFFFFFFFFFFFFFFE5
:107BB000FFFFFFFFFFFFFFFFFFFFFFFFFFFFFFFFD5
:107BC000FFFFFFFFFFFFFFFFFFFFFFFFFFFFFFFFC5
:107BD000FFFFFFFFFFFFFFFFFFFFFFFFFFFFFFFFB5
:107BE000FFFFFFFFFFFFFFFFFFFFFFFFFFFFFFFFA5
:107BF000FFFFFFFFFFFFFFFFFFFFFFFFFFFFFFFF95
:107C0000FFFFFFFFFFFFFFFFFFFFFFFFFFFFFFFF84
:107C1000FFFFFFFFFFFFFFFFFFFFFFFFFFFFFFFF74
:107C2000FFFFFFFFFFFFFFFFFFFFFFFFFFFFFFFF64
:107C3000FFFFFFFFFFFFFFFFFFFFFFFFFFFFFFFF54
:107C4000FFFFFFFFFFFFFFFFFFFFFFFFFFFFFFFF44
:107C5000FFFFFFFFFFFFFFFFFFFFFFFFFFFFFFFF34
:107C6000FFFFFFFFFFFFFFFFFFFFFFFFFFFFFFFF24
:107C7000FFFFFFFFFFFFFFFFFFFFFFFFFFFFFFFF14
:107C8000FFFFFFFFFFFFFFFFFFFFFFFFFFFFFFFF04
:107C9000FFFFFFFFFFFFFFFFFFFFFFFFFFFFFFFFF4
:107CA000FFFFFFFFFFFFFFFFFFFFFFFFFFFFFFFFE4
:107CB000FFFFFFFFFFFFFFFFFFFFFFFFFFFFFFFFD4
:107CC000FFFFFFFFFFFFFFFFFFFFFFFFFFFFFFFFC4
:107CD000FFFFFFFFFFFFFFFFFFFFFFFFFFFFFFFFB4
:107CE000FFFFFFFFFFFFFFFFFFFFFFFFFFFFFFFFA4
:107CF000FFFFFFFFFFFFFFFFFFFFFFFFFFFFFFFF94
:107D0000FFFFFFFFFFFFFFFFFFFFFFFFFFFFFFFF83
:107D1000FFFFFFFFFFFFFFFFFFFFFFFFFFFFFFFF73
:107D2000FFFFFFFFFFFFFFFFFFFFFFFFFFFFFFFF63
:107D3000FFFFFFFFFFFFFFFFFFFFFFFFFFFFFFFF53
:107D4000FFFFFFFFFFFFFFFFFFFFFFFFFFFFFFFF43
:107D5000FFFFFFFFFFFFFFFFFFFFFFFFFFFFFFFF33
:107D6000FFFFFFFFFFFFFFFFFFFFFFFFFFFFFFFF23
:107D7000FFFFFFFFFFFFFFFFFFFFFFFFFFFFFFFF13
:107D8000FFFFFFFFFFFFFFFFFFFFFFFFFFFFFFFF03
:107D9000FFFFFFFFFFFFFFFFFFFFFFFFFFFFFFFFF3
:107DA000FFFFFFFFFFFFFFFFFFFFFFFFFFFFFFFFE3
:107DB000FFFFFFFFFFFFFFFFFFFFFFFFFFFFFFFFD3
:107DC000FFFFFFFFFFFFFFFFFFFFFFFFFFFFFFFFC3
:107DD000FFFFFFFFFFFFFFFFFFFFFFFFFFFFFFFFB3
:107DE000FFFFFFFFFFFFFFFFFFFFFFFFFFFFFFFFA3
:107DF000FFFFFFFFFFFFFFFFFFFFFFFFFFFFFFFF93
:107E0000FFFFFFFFFFFFFFFFFFFFFFFFFFFFFFFF82
:107E1000FFFFFFFFFFFFFFFFFFFFFFFFFFFFFFFF72
:107E2000FFFFFFFFFFFFFFFFFFFFFFFFFFFFFFFF62
:107E3000FFFFFFFFFFFFFFFFFFFFFFFFFFFFFFFF52
:107E4000FFFFFFFFFFFFFFFFFFFFFFFFFFFFFFFF42
:107E5000FFFFFFFFFFFFFFFFFFFFFFFFFFFFFFFF32
:107E6000FFFFFFFFFFFFFFFFFFFFFFFFFFFFFFFF22
:107E7000FFFFFFFFFFFFFFFFFFFFFFFFFFFFFFFF12
:107E8000FFFFFFFFFFFFFFFFFFFFFFFFFFFFFFFF02
:107E9000FFFFFFFFFFFFFFFFFFFFFFFFFFFFFFFFF2
:107EA000FFFFFFFFFFFFFFFFFFFFFFFFFFFFFFFFE2
:107EB000FFFFFFFFFFFFFFFFFFFFFFFFFFFFFFFFD2
:107EC000FFFFFFFFFFFFFFFFFFFFFFFFFFFFFFFFC2
:107ED000FFFFFFFFFFFFFFFFFFFFFFFFFFFFFFFFB2
:107EE000FFFFFFFFFFFFFFFFFFFFFFFFFFFFFFFFA2
:107EF000FFFFFFFFFFFFFFFFFFFFFFFFFFFFFFFF92
:107F0000FFFFFFFFFFFFFFFFFFFFFFFFFFFFFFFF81
:107F1000FFFFFFFFFFFFFFFFFFFFFFFFFFFFFFFF71
:107F2000FFFFFFFFFFFFFFFFFFFFFFFFFFFFFFFF61
:107F3000FFFFFFFFFFFFFFFFFFFFFFFFFFFFFFFF51
:107F4000FFFFFFFFFFFFFFFFFFFFFFFFFFFFFFFF41
:107F5000FFFFFFFFFFFFFFFFFFFFFFFFFFFFFFFF31
:107F6000FFFFFFFFFFFFFFFFFFFFFFFFFFFFFFFF21
:107F7000FFFFFFFFFFFFFFFFFFFFFFFFFFFFFFFF11
:107F8000FFFFFFFFFFFFFFFFFFFFFFFFFFFFFFFF01
:107F9000FFFFFFFFFFFFFFFFFFFFFFFFFFFFFFFFF1
:107FA000FFFFFFFFFFFFFFFFFFFFFFFFFFFFFFFFE1
:107FB000FFFFFFFFFFFFFFFFFFFFFFFFFFFFFFFFD1
:107FC000FFFFFFFFFFFFFFFFFFFFFFFFFFFFFFFFC1
:107FD000FFFFFFFFFFFFFFFFFFFFFFFFFFFFFFFFB1
:107FE000FFFFFFFFFFFFFFFFFFFFFFFFFFFFFFFFA1
:107FF000FFFFFFFFFFFFFFFFFFFFFFFFFFFFFFFF91
:10800000FFFFFFFFFFFFFFFFFFFFFFFFFFFFFFFF80
:10801000FFFFFFFFFFFFFFFFFFFFFFFFFFFFFFFF70
:10802000FFFFFFFFFFFFFFFFFFFFFFFFFFFFFFFF60
:10803000FFFFFFFFFFFFFFFFFFFFFFFFFFFFFFFF50
:10804000FFFFFFFFFFFFFFFFFFFFFFFFFFFFFFFF40
:10805000FFFFFFFFFFFFFFFFFFFFFFFFFFFFFFFF30
:10806000FFFFFFFFFFFFFFFFFFFFFFFFFFFFFFFF20
:10807000FFFFFFFFFFFFFFFFFFFFFFFFFFFFFFFF10
:10808000FFFFFFFFFFFFFFFFFFFFFFFFFFFFFFFF00
:10809000FFFFFFFFFFFFFFFFFFFFFFFFFFFFFFFFF0
:1080A000FFFFFFFFFFFFFFFFFFFFFFFFFFFFFFFFE0
:1080B000FFFFFFFFFFFFFFFFFFFFFFFFFFFFFFFFD0
:1080C000FFFFFFFFFFFFFFFFFFFFFFFFFFFFFFFFC0
:1080D000FFFFFFFFFFFFFFFFFFFFFFFFFFFFFFFFB0
:1080E000FFFFFFFFFFFFFFFFFFFFFFFFFFFFFFFFA0
:1080F000FFFFFFFFFFFFFFFFFFFFFFFFFFFFFFFF90
:10810000FFFFFFFFFFFFFFFFFFFFFFFFFFFFFFFF7F
:10811000FFFFFFFFFFFFFFFFFFFFFFFFFFFFFFFF6F
:10812000FFFFFFFFFFFFFFFFFFFFFFFFFFFFFFFF5F
:10813000FFFFFFFFFFFFFFFFFFFFFFFFFFFFFFFF4F
:10814000FFFFFFFFFFFFFFFFFFFFFFFFFFFFFFFF3F
:10815000FFFFFFFFFFFFFFFFFFFFFFFFFFFFFFFF2F
:10816000FFFFFFFFFFFFFFFFFFFFFFFFFFFFFFFF1F
:10817000FFFFFFFFFFFFFFFFFFFFFFFFFFFFFFFF0F
:10818000FFFFFFFFFFFFFFFFFFFFFFFFFFFFFFFFFF
:10819000FFFFFFFFFFFFFFFFFFFFFFFFFFFFFFFFEF
:1081A000FFFFFFFFFFFFFFFFFFFFFFFFFFFFFFFFDF
:1081B000FFFFFFFFFFFFFFFFFFFFFFFFFFFFFFFFCF
:1081C000FFFFFFFFFFFFFFFFFFFFFFFFFFFFFFFFBF
:1081D000FFFFFFFFFFFFFFFFFFFFFFFFFFFFFFFFAF
:1081E000FFFFFFFFFFFFFFFFFFFFFFFFFFFFFFFF9F
:1081F000FFFFFFFFFFFFFFFFFFFFFFFFFFFFFFFF8F
:10820000FFFFFFFFFFFFFFFFFFFFFFFFFFFFFFFF7E
:10821000FFFFFFFFFFFFFFFFFFFFFFFFFFFFFFFF6E
:10822000FFFFFFFFFFFFFFFFFFFFFFFFFFFFFFFF5E
:10823000FFFFFFFFFFFFFFFFFFFFFFFFFFFFFFFF4E
:10824000FFFFFFFFFFFFFFFFFFFFFFFFFFFFFFFF3E
:10825000FFFFFFFFFFFFFFFFFFFFFFFFFFFFFFFF2E
:10826000FFFFFFFFFFFFFFFFFFFFFFFFFFFFFFFF1E
:10827000FFFFFFFFFFFFFFFFFFFFFFFFFFFFFFFF0E
:10828000FFFFFFFFFFFFFFFFFFFFFFFFFFFFFFFFFE
:10829000FFFFFFFFFFFFFFFFFFFFFFFFFFFFFFFFEE
:1082A000FFFFFFFFFFFFFFFFFFFFFFFFFFFFFFFFDE
:1082B000FFFFFFFFFFFFFFFFFFFFFFFFFFFFFFFFCE
:1082C000FFFFFFFFFFFFFFFFFFFFFFFFFFFFFFFFBE
:1082D000FFFFFFFFFFFFFFFFFFFFFFFFFFFFFFFFAE
:1082E000FFFFFFFFFFFFFFFFFFFFFFFFFFFFFFFF9E
:1082F000FFFFFFFFFFFFFFFFFFFFFFFFFFFFFFFF8E
:10830000FFFFFFFFFFFFFFFFFFFFFFFFFFFFFFFF7D
:10831000FFFFFFFFFFFFFFFFFFFFFFFFFFFFFFFF6D
:10832000FFFFFFFFFFFFFFFFFFFFFFFFFFFFFFFF5D
:10833000FFFFFFFFFFFFFFFFFFFFFFFFFFFFFFFF4D
:10834000FFFFFFFFFFFFFFFFFFFFFFFFFFFFFFFF3D
:10835000FFFFFFFFFFFFFFFFFFFFFFFFFFFFFFFF2D
:10836000FFFFFFFFFFFFFFFFFFFFFFFFFFFFFFFF1D
:10837000FFFFFFFFFFFFFFFFFFFFFFFFFFFFFFFF0D
:10838000FFFFFFFFFFFFFFFFFFFFFFFFFFFFFFFFFD
:10839000FFFFFFFFFFFFFFFFFFFFFFFFFFFFFFFFED
:1083A000FFFFFFFFFFFFFFFFFFFFFFFFFFFFFFFFDD
:1083B000FFFFFFFFFFFFFFFFFFFFFFFFFFFFFFFFCD
:1083C000FFFFFFFFFFFFFFFFFFFFFFFFFFFFFFFFBD
:1083D000FFFFFFFFFFFFFFFFFFFFFFFFFFFFFFFFAD
:1083E000FFFFFFFFFFFFFFFFFFFFFFFFFFFFFFFF9D
:1083F000FFFFFFFFFFFFFFFFFFFFFFFFFFFFFFFF8D
:10840000FFFFFFFFFFFFFFFFFFFFFFFFFFFFFFFF7C
:10841000FFFFFFFFFFFFFFFFFFFFFFFFFFFFFFFF6C
:10842000FFFFFFFFFFFFFFFFFFFFFFFFFFFFFFFF5C
:10843000FFFFFFFFFFFFFFFFFFFFFFFFFFFFFFFF4C
:10844000FFFFFFFFFFFFFFFFFFFFFFFFFFFFFFFF3C
:10845000FFFFFFFFFFFFFFFFFFFFFFFFFFFFFFFF2C
:10846000FFFFFFFFFFFFFFFFFFFFFFFFFFFFFFFF1C
:10847000FFFFFFFFFFFFFFFFFFFFFFFFFFFFFFFF0C
:10848000FFFFFFFFFFFFFFFFFFFFFFFFFFFFFFFFFC
:10849000FFFFFFFFFFFFFFFFFFFFFFFFFFFFFFFFEC
:1084A000FFFFFFFFFFFFFFFFFFFFFFFFFFFFFFFFDC
:1084B000FFFFFFFFFFFFFFFFFFFFFFFFFFFFFFFFCC
:1084C000FFFFFFFFFFFFFFFFFFFFFFFFFFFFFFFFBC
:1084D000FFFFFFFFFFFFFFFFFFFFFFFFFFFFFFFFAC
:1084E000FFFFFFFFFFFFFFFFFFFFFFFFFFFFFFFF9C
:1084F000FFFFFFFFFFFFFFFFFFFFFFFFFFFFFFFF8C
:10850000FFFFFFFFFFFFFFFFFFFFFFFFFFFFFFFF7B
:10851000FFFFFFFFFFFFFFFFFFFFFFFFFFFFFFFF6B
:10852000FFFFFFFFFFFFFFFFFFFFFFFFFFFFFFFF5B
:10853000FFFFFFFFFFFFFFFFFFFFFFFFFFFFFFFF4B
:10854000FFFFFFFFFFFFFFFFFFFFFFFFFFFFFFFF3B
:10855000FFFFFFFFFFFFFFFFFFFFFFFFFFFFFFFF2B
:10856000FFFFFFFFFFFFFFFFFFFFFFFFFFFFFFFF1B
:10857000FFFFFFFFFFFFFFFFFFFFFFFFFFFFFFFF0B
:10858000FFFFFFFFFFFFFFFFFFFFFFFFFFFFFFFFFB
:10859000FFFFFFFFFFFFFFFFFFFFFFFFFFFFFFFFEB
:1085A000FFFFFFFFFFFFFFFFFFFFFFFFFFFFFFFFDB
:1085B000FFFFFFFFFFFFFFFFFFFFFFFFFFFFFFFFCB
:1085C000FFFFFFFFFFFFFFFFFFFFFFFFFFFFFFFFBB
:1085D000FFFFFFFFFFFFFFFFFFFFFFFFFFFFFFFFAB
:1085E000FFFFFFFFFFFFFFFFFFFFFFFFFFFFFFFF9B
:1085F000FFFFFFFFFFFFFFFFFFFFFFFFFFFFFFFF8B
:10860000FFFFFFFFFFFFFFFFFFFFFFFFFFFFFFFF7A
:10861000FFFFFFFFFFFFFFFFFFFFFFFFFFFFFFFF6A
:10862000FFFFFFFFFFFFFFFFFFFFFFFFFFFFFFFF5A
:10863000FFFFFFFFFFFFFFFFFFFFFFFFFFFFFFFF4A
:10864000FFFFFFFFFFFFFFFFFFFFFFFFFFFFFFFF3A
:10865000FFFFFFFFFFFFFFFFFFFFFFFFFFFFFFFF2A
:10866000FFFFFFFFFFFFFFFFFFFFFFFFFFFFFFFF1A
:10867000FFFFFFFFFFFFFFFFFFFFFFFFFFFFFFFF0A
:10868000FFFFFFFFFFFFFFFFFFFFFFFFFFFFFFFFFA
:10869000FFFFFFFFFFFFFFFFFFFFFFFFFFFFFFFFEA
:1086A000FFFFFFFFFFFFFFFFFFFFFFFFFFFFFFFFDA
:1086B000FFFFFFFFFFFFFFFFFFFFFFFFFFFFFFFFCA
:1086C000FFFFFFFFFFFFFFFFFFFFFFFFFFFFFFFFBA
:1086D000FFFFFFFFFFFFFFFFFFFFFFFFFFFFFFFFAA
:1086E000FFFFFFFFFFFFFFFFFFFFFFFFFFFFFFFF9A
:1086F000FFFFFFFFFFFFFFFFFFFFFFFFFFFFFFFF8A
:10870000FFFFFFFFFFFFFFFFFFFFFFFFFFFFFFFF79
:10871000FFFFFFFFFFFFFFFFFFFFFFFFFFFFFFFF69
:10872000FFFFFFFFFFFFFFFFFFFFFFFFFFFFFFFF59
:10873000FFFFFFFFFFFFFFFFFFFFFFFFFFFFFFFF49
:10874000FFFFFFFFFFFFFFFFFFFFFFFFFFFFFFFF39
:10875000FFFFFFFFFFFFFFFFFFFFFFFFFFFFFFFF29
:10876000FFFFFFFFFFFFFFFFFFFFFFFFFFFFFFFF19
:10877000FFFFFFFFFFFFFFFFFFFFFFFFFFFFFFFF09
:10878000FFFFFFFFFFFFFFFFFFFFFFFFFFFFFFFFF9
:10879000FFFFFFFFFFFFFFFFFFFFFFFFFFFFFFFFE9
:1087A000FFFFFFFFFFFFFFFFFFFFFFFFFFFFFFFFD9
:1087B000FFFFFFFFFFFFFFFFFFFFFFFFFFFFFFFFC9
:1087C000FFFFFFFFFFFFFFFFFFFFFFFFFFFFFFFFB9
:1087D000FFFFFFFFFFFFFFFFFFFFFFFFFFFFFFFFA9
:1087E000FFFFFFFFFFFFFFFFFFFFFFFFFFFFFFFF99
:1087F000FFFFFFFFFFFFFFFFFFFFFFFFFFFFFFFF89
:10880000FFFFFFFFFFFFFFFFFFFFFFFFFFFFFFFF78
:10881000FFFFFFFFFFFFFFFFFFFFFFFFFFFFFFFF68
:10882000FFFFFFFFFFFFFFFFFFFFFFFFFFFFFFFF58
:10883000FFFFFFFFFFFFFFFFFFFFFFFFFFFFFFFF48
:10884000FFFFFFFFFFFFFFFFFFFFFFFFFFFFFFFF38
:10885000FFFFFFFFFFFFFFFFFFFFFFFFFFFFFFFF28
:10886000FFFFFFFFFFFFFFFFFFFFFFFFFFFFFFFF18
:10887000FFFFFFFFFFFFFFFFFFFFFFFFFFFFFFFF08
:10888000FFFFFFFFFFFFFFFFFFFFFFFFFFFFFFFFF8
:10889000FFFFFFFFFFFFFFFFFFFFFFFFFFFFFFFFE8
:1088A000FFFFFFFFFFFFFFFFFFFFFFFFFFFFFFFFD8
:1088B000FFFFFFFFFFFFFFFFFFFFFFFFFFFFFFFFC8
:1088C000FFFFFFFFFFFFFFFFFFFFFFFFFFFFFFFFB8
:1088D000FFFFFFFFFFFFFFFFFFFFFFFFFFFFFFFFA8
:1088E000FFFFFFFFFFFFFFFFFFFFFFFFFFFFFFFF98
:1088F000FFFFFFFFFFFFFFFFFFFFFFFFFFFFFFFF88
:10890000FFFFFFFFFFFFFFFFFFFFFFFFFFFFFFFF77
:10891000FFFFFFFFFFFFFFFFFFFFFFFFFFFFFFFF67
:10892000FFFFFFFFFFFFFFFFFFFFFFFFFFFFFFFF57
:10893000FFFFFFFFFFFFFFFFFFFFFFFFFFFFFFFF47
:10894000FFFFFFFFFFFFFFFFFFFFFFFFFFFFFFFF37
:10895000FFFFFFFFFFFFFFFFFFFFFFFFFFFFFFFF27
:10896000FFFFFFFFFFFFFFFFFFFFFFFFFFFFFFFF17
:10897000FFFFFFFFFFFFFFFFFFFFFFFFFFFFFFFF07
:10898000FFFFFFFFFFFFFFFFFFFFFFFFFFFFFFFFF7
:10899000FFFFFFFFFFFFFFFFFFFFFFFFFFFFFFFFE7
:1089A000FFFFFFFFFFFFFFFFFFFFFFFFFFFFFFFFD7
:1089B000FFFFFFFFFFFFFFFFFFFFFFFFFFFFFFFFC7
:1089C000FFFFFFFFFFFFFFFFFFFFFFFFFFFFFFFFB7
:1089D000FFFFFFFFFFFFFFFFFFFFFFFFFFFFFFFFA7
:1089E000FFFFFFFFFFFFFFFFFFFFFFFFFFFFFFFF97
:1089F000FFFFFFFFFFFFFFFFFFFFFFFFFFFFFFFF87
:108A0000FFFFFFFFFFFFFFFFFFFFFFFFFFFFFFFF76
:108A1000FFFFFFFFFFFFFFFFFFFFFFFFFFFFFFFF66
:108A2000FFFFFFFFFFFFFFFFFFFFFFFFFFFFFFFF56
:108A3000FFFFFFFFFFFFFFFFFFFFFFFFFFFFFFFF46
:108A4000FFFFFFFFFFFFFFFFFFFFFFFFFFFFFFFF36
:108A5000FFFFFFFFFFFFFFFFFFFFFFFFFFFFFFFF26
:108A6000FFFFFFFFFFFFFFFFFFFFFFFFFFFFFFFF16
:108A7000FFFFFFFFFFFFFFFFFFFFFFFFFFFFFFFF06
:108A8000FFFFFFFFFFFFFFFFFFFFFFFFFFFFFFFFF6
:108A9000FFFFFFFFFFFFFFFFFFFFFFFFFFFFFFFFE6
:108AA000FFFFFFFFFFFFFFFFFFFFFFFFFFFFFFFFD6
:108AB000FFFFFFFFFFFFFFFFFFFFFFFFFFFFFFFFC6
:108AC000FFFFFFFFFFFFFFFFFFFFFFFFFFFFFFFFB6
:108AD000FFFFFFFFFFFFFFFFFFFFFFFFFFFFFFFFA6
:108AE000FFFFFFFFFFFFFFFFFFFFFFFFFFFFFFFF96
:108AF000FFFFFFFFFFFFFFFFFFFFFFFFFFFFFFFF86
:108B0000FFFFFFFFFFFFFFFFFFFFFFFFFFFFFFFF75
:108B1000FFFFFFFFFFFFFFFFFFFFFFFFFFFFFFFF65
:108B2000FFFFFFFFFFFFFFFFFFFFFFFFFFFFFFFF55
:108B3000FFFFFFFFFFFFFFFFFFFFFFFFFFFFFFFF45
:108B4000FFFFFFFFFFFFFFFFFFFFFFFFFFFFFFFF35
:108B5000FFFFFFFFFFFFFFFFFFFFFFFFFFFFFFFF25
:108B6000FFFFFFFFFFFFFFFFFFFFFFFFFFFFFFFF15
:108B7000FFFFFFFFFFFFFFFFFFFFFFFFFFFFFFFF05
:108B8000FFFFFFFFFFFFFFFFFFFFFFFFFFFFFFFFF5
:108B9000FFFFFFFFFFFFFFFFFFFFFFFFFFFFFFFFE5
:108BA000FFFFFFFFFFFFFFFFFFFFFFFFFFFFFFFFD5
:108BB000FFFFFFFFFFFFFFFFFFFFFFFFFFFFFFFFC5
:108BC000FFFFFFFFFFFFFFFFFFFFFFFFFFFFFFFFB5
:108BD000FFFFFFFFFFFFFFFFFFFFFFFFFFFFFFFFA5
:108BE000FFFFFFFFFFFFFFFFFFFFFFFFFFFFFFFF95
:108BF000FFFFFFFFFFFFFFFFFFFFFFFFFFFFFFFF85
:108C0000FFFFFFFFFFFFFFFFFFFFFFFFFFFFFFFF74
:108C1000FFFFFFFFFFFFFFFFFFFFFFFFFFFFFFFF64
:108C2000FFFFFFFFFFFFFFFFFFFFFFFFFFFFFFFF54
:108C3000FFFFFFFFFFFFFFFFFFFFFFFFFFFFFFFF44
:108C4000FFFFFFFFFFFFFFFFFFFFFFFFFFFFFFFF34
:108C5000FFFFFFFFFFFFFFFFFFFFFFFFFFFFFFFF24
:108C6000FFFFFFFFFFFFFFFFFFFFFFFFFFFFFFFF14
:108C7000FFFFFFFFFFFFFFFFFFFFFFFFFFFFFFFF04
:108C8000FFFFFFFFFFFFFFFFFFFFFFFFFFFFFFFFF4
:108C9000FFFFFFFFFFFFFFFFFFFFFFFFFFFFFFFFE4
:108CA000FFFFFFFFFFFFFFFFFFFFFFFFFFFFFFFFD4
:108CB000FFFFFFFFFFFFFFFFFFFFFFFFFFFFFFFFC4
:108CC000FFFFFFFFFFFFFFFFFFFFFFFFFFFFFFFFB4
:108CD000FFFFFFFFFFFFFFFFFFFFFFFFFFFFFFFFA4
:108CE000FFFFFFFFFFFFFFFFFFFFFFFFFFFFFFFF94
:108CF000FFFFFFFFFFFFFFFFFFFFFFFFFFFFFFFF84
:108D0000FFFFFFFFFFFFFFFFFFFFFFFFFFFFFFFF73
:108D1000FFFFFFFFFFFFFFFFFFFFFFFFFFFFFFFF63
:108D2000FFFFFFFFFFFFFFFFFFFFFFFFFFFFFFFF53
:108D3000FFFFFFFFFFFFFFFFFFFFFFFFFFFFFFFF43
:108D4000FFFFFFFFFFFFFFFFFFFFFFFFFFFFFFFF33
:108D5000FFFFFFFFFFFFFFFFFFFFFFFFFFFFFFFF23
:108D6000FFFFFFFFFFFFFFFFFFFFFFFFFFFFFFFF13
:108D7000FFFFFFFFFFFFFFFFFFFFFFFFFFFFFFFF03
:108D8000FFFFFFFFFFFFFFFFFFFFFFFFFFFFFFFFF3
:108D9000FFFFFFFFFFFFFFFFFFFFFFFFFFFFFFFFE3
:108DA000FFFFFFFFFFFFFFFFFFFFFFFFFFFFFFFFD3
:108DB000FFFFFFFFFFFFFFFFFFFFFFFFFFFFFFFFC3
:108DC000FFFFFFFFFFFFFFFFFFFFFFFFFFFFFFFFB3
:108DD000FFFFFFFFFFFFFFFFFFFFFFFFFFFFFFFFA3
:108DE000FFFFFFFFFFFFFFFFFFFFFFFFFFFFFFFF93
:108DF000FFFFFFFFFFFFFFFFFFFFFFFFFFFFFFFF83
:108E0000FFFFFFFFFFFFFFFFFFFFFFFFFFFFFFFF72
:108E1000FFFFFFFFFFFFFFFFFFFFFFFFFFFFFFFF62
:108E2000FFFFFFFFFFFFFFFFFFFFFFFFFFFFFFFF52
:108E3000FFFFFFFFFFFFFFFFFFFFFFFFFFFFFFFF42
:108E4000FFFFFFFFFFFFFFFFFFFFFFFFFFFFFFFF32
:108E5000FFFFFFFFFFFFFFFFFFFFFFFFFFFFFFFF22
:108E6000FFFFFFFFFFFFFFFFFFFFFFFFFFFFFFFF12
:108E7000FFFFFFFFFFFFFFFFFFFFFFFFFFFFFFFF02
:108E8000FFFFFFFFFFFFFFFFFFFFFFFFFFFFFFFFF2
:108E9000FFFFFFFFFFFFFFFFFFFFFFFFFFFFFFFFE2
:108EA000FFFFFFFFFFFFFFFFFFFFFFFFFFFFFFFFD2
:108EB000FFFFFFFFFFFFFFFFFFFFFFFFFFFFFFFFC2
:108EC000FFFFFFFFFFFFFFFFFFFFFFFFFFFFFFFFB2
:108ED000FFFFFFFFFFFFFFFFFFFFFFFFFFFFFFFFA2
:108EE000FFFFFFFFFFFFFFFFFFFFFFFFFFFFFFFF92
:108EF000FFFFFFFFFFFFFFFFFFFFFFFFFFFFFFFF82
:108F0000FFFFFFFFFFFFFFFFFFFFFFFFFFFFFFFF71
:108F1000FFFFFFFFFFFFFFFFFFFFFFFFFFFFFFFF61
:108F2000FFFFFFFFFFFFFFFFFFFFFFFFFFFFFFFF51
:108F3000FFFFFFFFFFFFFFFFFFFFFFFFFFFFFFFF41
:108F4000FFFFFFFFFFFFFFFFFFFFFFFFFFFFFFFF31
:108F5000FFFFFFFFFFFFFFFFFFFFFFFFFFFFFFFF21
:108F6000FFFFFFFFFFFFFFFFFFFFFFFFFFFFFFFF11
:108F7000FFFFFFFFFFFFFFFFFFFFFFFFFFFFFFFF01
:108F8000FFFFFFFFFFFFFFFFFFFFFFFFFFFFFFFFF1
:108F9000FFFFFFFFFFFFFFFFFFFFFFFFFFFFFFFFE1
:108FA000FFFFFFFFFFFFFFFFFFFFFFFFFFFFFFFFD1
:108FB000FFFFFFFFFFFFFFFFFFFFFFFFFFFFFFFFC1
:108FC000FFFFFFFFFFFFFFFFFFFFFFFFFFFFFFFFB1
:108FD000FFFFFFFFFFFFFFFFFFFFFFFFFFFFFFFFA1
:108FE000FFFFFFFFFFFFFFFFFFFFFFFFFFFFFFFF91
:108FF000FFFFFFFFFFFFFFFFFFFFFFFFFFFFFFFF81
:10900000FFFFFFFFFFFFFFFFFFFFFFFFFFFFFFFF70
:10901000FFFFFFFFFFFFFFFFFFFFFFFFFFFFFFFF60
:10902000FFFFFFFFFFFFFFFFFFFFFFFFFFFFFFFF50
:10903000FFFFFFFFFFFFFFFFFFFFFFFFFFFFFFFF40
:10904000FFFFFFFFFFFFFFFFFFFFFFFFFFFFFFFF30
:10905000FFFFFFFFFFFFFFFFFFFFFFFFFFFFFFFF20
:10906000FFFFFFFFFFFFFFFFFFFFFFFFFFFFFFFF10
:10907000FFFFFFFFFFFFFFFFFFFFFFFFFFFFFFFF00
:10908000FFFFFFFFFFFFFFFFFFFFFFFFFFFFFFFFF0
:10909000FFFFFFFFFFFFFFFFFFFFFFFFFFFFFFFFE0
:1090A000FFFFFFFFFFFFFFFFFFFFFFFFFFFFFFFFD0
:1090B000FFFFFFFFFFFFFFFFFFFFFFFFFFFFFFFFC0
:1090C000FFFFFFFFFFFFFFFFFFFFFFFFFFFFFFFFB0
:1090D000FFFFFFFFFFFFFFFFFFFFFFFFFFFFFFFFA0
:1090E000FFFFFFFFFFFFFFFFFFFFFFFFFFFFFFFF90
:1090F000FFFFFFFFFFFFFFFFFFFFFFFFFFFFFFFF80
:10910000FFFFFFFFFFFFFFFFFFFFFFFFFFFFFFFF6F
:10911000FFFFFFFFFFFFFFFFFFFFFFFFFFFFFFFF5F
:10912000FFFFFFFFFFFFFFFFFFFFFFFFFFFFFFFF4F
:10913000FFFFFFFFFFFFFFFFFFFFFFFFFFFFFFFF3F
:10914000FFFFFFFFFFFFFFFFFFFFFFFFFFFFFFFF2F
:10915000FFFFFFFFFFFFFFFFFFFFFFFFFFFFFFFF1F
:10916000FFFFFFFFFFFFFFFFFFFFFFFFFFFFFFFF0F
:10917000FFFFFFFFFFFFFFFFFFFFFFFFFFFFFFFFFF
:10918000FFFFFFFFFFFFFFFFFFFFFFFFFFFFFFFFEF
:10919000FFFFFFFFFFFFFFFFFFFFFFFFFFFFFFFFDF
:1091A000FFFFFFFFFFFFFFFFFFFFFFFFFFFFFFFFCF
:1091B000FFFFFFFFFFFFFFFFFFFFFFFFFFFFFFFFBF
:1091C000FFFFFFFFFFFFFFFFFFFFFFFFFFFFFFFFAF
:1091D000FFFFFFFFFFFFFFFFFFFFFFFFFFFFFFFF9F
:1091E000FFFFFFFFFFFFFFFFFFFFFFFFFFFFFFFF8F
:1091F000FFFFFFFFFFFFFFFFFFFFFFFFFFFFFFFF7F
:10920000FFFFFFFFFFFFFFFFFFFFFFFFFFFFFFFF6E
:10921000FFFFFFFFFFFFFFFFFFFFFFFFFFFFFFFF5E
:10922000FFFFFFFFFFFFFFFFFFFFFFFFFFFFFFFF4E
:10923000FFFFFFFFFFFFFFFFFFFFFFFFFFFFFFFF3E
:10924000FFFFFFFFFFFFFFFFFFFFFFFFFFFFFFFF2E
:10925000FFFFFFFFFFFFFFFFFFFFFFFFFFFFFFFF1E
:10926000FFFFFFFFFFFFFFFFFFFFFFFFFFFFFFFF0E
:10927000FFFFFFFFFFFFFFFFFFFFFFFFFFFFFFFFFE
:10928000FFFFFFFFFFFFFFFFFFFFFFFFFFFFFFFFEE
:10929000FFFFFFFFFFFFFFFFFFFFFFFFFFFFFFFFDE
:1092A000FFFFFFFFFFFFFFFFFFFFFFFFFFFFFFFFCE
:1092B000FFFFFFFFFFFFFFFFFFFFFFFFFFFFFFFFBE
:1092C000FFFFFFFFFFFFFFFFFFFFFFFFFFFFFFFFAE
:1092D000FFFFFFFFFFFFFFFFFFFFFFFFFFFFFFFF9E
:1092E000FFFFFFFFFFFFFFFFFFFFFFFFFFFFFFFF8E
:1092F000FFFFFFFFFFFFFFFFFFFFFFFFFFFFFFFF7E
:10930000FFFFFFFFFFFFFFFFFFFFFFFFFFFFFFFF6D
:10931000FFFFFFFFFFFFFFFFFFFFFFFFFFFFFFFF5D
:10932000FFFFFFFFFFFFFFFFFFFFFFFFFFFFFFFF4D
:10933000FFFFFFFFFFFFFFFFFFFFFFFFFFFFFFFF3D
:10934000FFFFFFFFFFFFFFFFFFFFFFFFFFFFFFFF2D
:10935000FFFFFFFFFFFFFFFFFFFFFFFFFFFFFFFF1D
:10936000FFFFFFFFFFFFFFFFFFFFFFFFFFFFFFFF0D
:10937000FFFFFFFFFFFFFFFFFFFFFFFFFFFFFFFFFD
:10938000FFFFFFFFFFFFFFFFFFFFFFFFFFFFFFFFED
:10939000FFFFFFFFFFFFFFFFFFFFFFFFFFFFFFFFDD
:1093A000FFFFFFFFFFFFFFFFFFFFFFFFFFFFFFFFCD
:1093B000FFFFFFFFFFFFFFFFFFFFFFFFFFFFFFFFBD
:1093C000FFFFFFFFFFFFFFFFFFFFFFFFFFFFFFFFAD
:1093D000FFFFFFFFFFFFFFFFFFFFFFFFFFFFFFFF9D
:1093E000FFFFFFFFFFFFFFFFFFFFFFFFFFFFFFFF8D
:1093F000FFFFFFFFFFFFFFFFFFFFFFFFFFFFFFFF7D
:10940000FFFFFFFFFFFFFFFFFFFFFFFFFFFFFFFF6C
:10941000FFFFFFFFFFFFFFFFFFFFFFFFFFFFFFFF5C
:10942000FFFFFFFFFFFFFFFFFFFFFFFFFFFFFFFF4C
:10943000FFFFFFFFFFFFFFFFFFFFFFFFFFFFFFFF3C
:10944000FFFFFFFFFFFFFFFFFFFFFFFFFFFFFFFF2C
:10945000FFFFFFFFFFFFFFFFFFFFFFFFFFFFFFFF1C
:10946000FFFFFFFFFFFFFFFFFFFFFFFFFFFFFFFF0C
:10947000FFFFFFFFFFFFFFFFFFFFFFFFFFFFFFFFFC
:10948000FFFFFFFFFFFFFFFFFFFFFFFFFFFFFFFFEC
:10949000FFFFFFFFFFFFFFFFFFFFFFFFFFFFFFFFDC
:1094A000FFFFFFFFFFFFFFFFFFFFFFFFFFFFFFFFCC
:1094B000FFFFFFFFFFFFFFFFFFFFFFFFFFFFFFFFBC
:1094C000FFFFFFFFFFFFFFFFFFFFFFFFFFFFFFFFAC
:1094D000FFFFFFFFFFFFFFFFFFFFFFFFFFFFFFFF9C
:1094E000FFFFFFFFFFFFFFFFFFFFFFFFFFFFFFFF8C
:1094F000FFFFFFFFFFFFFFFFFFFFFFFFFFFFFFFF7C
:10950000FFFFFFFFFFFFFFFFFFFFFFFFFFFFFFFF6B
:10951000FFFFFFFFFFFFFFFFFFFFFFFFFFFFFFFF5B
:10952000FFFFFFFFFFFFFFFFFFFFFFFFFFFFFFFF4B
:10953000FFFFFFFFFFFFFFFFFFFFFFFFFFFFFFFF3B
:10954000FFFFFFFFFFFFFFFFFFFFFFFFFFFFFFFF2B
:10955000FFFFFFFFFFFFFFFFFFFFFFFFFFFFFFFF1B
:10956000FFFFFFFFFFFFFFFFFFFFFFFFFFFFFFFF0B
:10957000FFFFFFFFFFFFFFFFFFFFFFFFFFFFFFFFFB
:10958000FFFFFFFFFFFFFFFFFFFFFFFFFFFFFFFFEB
:10959000FFFFFFFFFFFFFFFFFFFFFFFFFFFFFFFFDB
:1095A000FFFFFFFFFFFFFFFFFFFFFFFFFFFFFFFFCB
:1095B000FFFFFFFFFFFFFFFFFFFFFFFFFFFFFFFFBB
:1095C000FFFFFFFFFFFFFFFFFFFFFFFFFFFFFFFFAB
:1095D000FFFFFFFFFFFFFFFFFFFFFFFFFFFFFFFF9B
:1095E000FFFFFFFFFFFFFFFFFFFFFFFFFFFFFFFF8B
:1095F000FFFFFFFFFFFFFFFFFFFFFFFFFFFFFFFF7B
:10960000FFFFFFFFFFFFFFFFFFFFFFFFFFFFFFFF6A
:10961000FFFFFFFFFFFFFFFFFFFFFFFFFFFFFFFF5A
:10962000FFFFFFFFFFFFFFFFFFFFFFFFFFFFFFFF4A
:10963000FFFFFFFFFFFFFFFFFFFFFFFFFFFFFFFF3A
:10964000FFFFFFFFFFFFFFFFFFFFFFFFFFFFFFFF2A
:10965000FFFFFFFFFFFFFFFFFFFFFFFFFFFFFFFF1A
:10966000FFFFFFFFFFFFFFFFFFFFFFFFFFFFFFFF0A
:10967000FFFFFFFFFFFFFFFFFFFFFFFFFFFFFFFFFA
:10968000FFFFFFFFFFFFFFFFFFFFFFFFFFFFFFFFEA
:10969000FFFFFFFFFFFFFFFFFFFFFFFFFFFFFFFFDA
:1096A000FFFFFFFFFFFFFFFFFFFFFFFFFFFFFFFFCA
:1096B000FFFFFFFFFFFFFFFFFFFFFFFFFFFFFFFFBA
:1096C000FFFFFFFFFFFFFFFFFFFFFFFFFFFFFFFFAA
:1096D000FFFFFFFFFFFFFFFFFFFFFFFFFFFFFFFF9A
:1096E000FFFFFFFFFFFFFFFFFFFFFFFFFFFFFFFF8A
:1096F000FFFFFFFFFFFFFFFFFFFFFFFFFFFFFFFF7A
:10970000FFFFFFFFFFFFFFFFFFFFFFFFFFFFFFFF69
:10971000FFFFFFFFFFFFFFFFFFFFFFFFFFFFFFFF59
:10972000FFFFFFFFFFFFFFFFFFFFFFFFFFFFFFFF49
:10973000FFFFFFFFFFFFFFFFFFFFFFFFFFFFFFFF39
:10974000FFFFFFFFFFFFFFFFFFFFFFFFFFFFFFFF29
:10975000FFFFFFFFFFFFFFFFFFFFFFFFFFFFFFFF19
:10976000FFFFFFFFFFFFFFFFFFFFFFFFFFFFFFFF09
:10977000FFFFFFFFFFFFFFFFFFFFFFFFFFFFFFFFF9
:10978000FFFFFFFFFFFFFFFFFFFFFFFFFFFFFFFFE9
:10979000FFFFFFFFFFFFFFFFFFFFFFFFFFFFFFFFD9
:1097A000FFFFFFFFFFFFFFFFFFFFFFFFFFFFFFFFC9
:1097B000FFFFFFFFFFFFFFFFFFFFFFFFFFFFFFFFB9
:1097C000FFFFFFFFFFFFFFFFFFFFFFFFFFFFFFFFA9
:1097D000FFFFFFFFFFFFFFFFFFFFFFFFFFFFFFFF99
:1097E000FFFFFFFFFFFFFFFFFFFFFFFFFFFFFFFF89
:1097F000FFFFFFFFFFFFFFFFFFFFFFFFFFFFFFFF79
:10980000FFFFFFFFFFFFFFFFFFFFFFFFFFFFFFFF68
:10981000FFFFFFFFFFFFFFFFFFFFFFFFFFFFFFFF58
:10982000FFFFFFFFFFFFFFFFFFFFFFFFFFFFFFFF48
:10983000FFFFFFFFFFFFFFFFFFFFFFFFFFFFFFFF38
:10984000FFFFFFFFFFFFFFFFFFFFFFFFFFFFFFFF28
:10985000FFFFFFFFFFFFFFFFFFFFFFFFFFFFFFFF18
:10986000FFFFFFFFFFFFFFFFFFFFFFFFFFFFFFFF08
:10987000FFFFFFFFFFFFFFFFFFFFFFFFFFFFFFFFF8
:10988000FFFFFFFFFFFFFFFFFFFFFFFFFFFFFFFFE8
:10989000FFFFFFFFFFFFFFFFFFFFFFFFFFFFFFFFD8
:1098A000FFFFFFFFFFFFFFFFFFFFFFFFFFFFFFFFC8
:1098B000FFFFFFFFFFFFFFFFFFFFFFFFFFFFFFFFB8
:1098C000FFFFFFFFFFFFFFFFFFFFFFFFFFFFFFFFA8
:1098D000FFFFFFFFFFFFFFFFFFFFFFFFFFFFFFFF98
:1098E000FFFFFFFFFFFFFFFFFFFFFFFFFFFFFFFF88
:1098F000FFFFFFFFFFFFFFFFFFFFFFFFFFFFFFFF78
:10990000FFFFFFFFFFFFFFFFFFFFFFFFFFFFFFFF67
:10991000FFFFFFFFFFFFFFFFFFFFFFFFFFFFFFFF57
:10992000FFFFFFFFFFFFFFFFFFFFFFFFFFFFFFFF47
:10993000FFFFFFFFFFFFFFFFFFFFFFFFFFFFFFFF37
:10994000FFFFFFFFFFFFFFFFFFFFFFFFFFFFFFFF27
:10995000FFFFFFFFFFFFFFFFFFFFFFFFFFFFFFFF17
:10996000FFFFFFFFFFFFFFFFFFFFFFFFFFFFFFFF07
:10997000FFFFFFFFFFFFFFFFFFFFFFFFFFFFFFFFF7
:10998000FFFFFFFFFFFFFFFFFFFFFFFFFFFFFFFFE7
:10999000FFFFFFFFFFFFFFFFFFFFFFFFFFFFFFFFD7
:1099A000FFFFFFFFFFFFFFFFFFFFFFFFFFFFFFFFC7
:1099B000FFFFFFFFFFFFFFFFFFFFFFFFFFFFFFFFB7
:1099C000FFFFFFFFFFFFFFFFFFFFFFFFFFFFFFFFA7
:1099D000FFFFFFFFFFFFFFFFFFFFFFFFFFFFFFFF97
:1099E000FFFFFFFFFFFFFFFFFFFFFFFFFFFFFFFF87
:1099F000FFFFFFFFFFFFFFFFFFFFFFFFFFFFFFFF77
:109A0000FFFFFFFFFFFFFFFFFFFFFFFFFFFFFFFF66
:109A1000FFFFFFFFFFFFFFFFFFFFFFFFFFFFFFFF56
:109A2000FFFFFFFFFFFFFFFFFFFFFFFFFFFFFFFF46
:109A3000FFFFFFFFFFFFFFFFFFFFFFFFFFFFFFFF36
:109A4000FFFFFFFFFFFFFFFFFFFFFFFFFFFFFFFF26
:109A5000FFFFFFFFFFFFFFFFFFFFFFFFFFFFFFFF16
:109A6000FFFFFFFFFFFFFFFFFFFFFFFFFFFFFFFF06
:109A7000FFFFFFFFFFFFFFFFFFFFFFFFFFFFFFFFF6
:109A8000FFFFFFFFFFFFFFFFFFFFFFFFFFFFFFFFE6
:109A9000FFFFFFFFFFFFFFFFFFFFFFFFFFFFFFFFD6
:109AA000FFFFFFFFFFFFFFFFFFFFFFFFFFFFFFFFC6
:109AB000FFFFFFFFFFFFFFFFFFFFFFFFFFFFFFFFB6
:109AC000FFFFFFFFFFFFFFFFFFFFFFFFFFFFFFFFA6
:109AD000FFFFFFFFFFFFFFFFFFFFFFFFFFFFFFFF96
:109AE000FFFFFFFFFFFFFFFFFFFFFFFFFFFFFFFF86
:109AF000FFFFFFFFFFFFFFFFFFFFFFFFFFFFFFFF76
:109B0000FFFFFFFFFFFFFFFFFFFFFFFFFFFFFFFF65
:109B1000FFFFFFFFFFFFFFFFFFFFFFFFFFFFFFFF55
:109B2000FFFFFFFFFFFFFFFFFFFFFFFFFFFFFFFF45
:109B3000FFFFFFFFFFFFFFFFFFFFFFFFFFFFFFFF35
:109B4000FFFFFFFFFFFFFFFFFFFFFFFFFFFFFFFF25
:109B5000FFFFFFFFFFFFFFFFFFFFFFFFFFFFFFFF15
:109B6000FFFFFFFFFFFFFFFFFFFFFFFFFFFFFFFF05
:109B7000FFFFFFFFFFFFFFFFFFFFFFFFFFFFFFFFF5
:109B8000FFFFFFFFFFFFFFFFFFFFFFFFFFFFFFFFE5
:109B9000FFFFFFFFFFFFFFFFFFFFFFFFFFFFFFFFD5
:109BA000FFFFFFFFFFFFFFFFFFFFFFFFFFFFFFFFC5
:109BB000FFFFFFFFFFFFFFFFFFFFFFFFFFFFFFFFB5
:109BC000FFFFFFFFFFFFFFFFFFFFFFFFFFFFFFFFA5
:109BD000FFFFFFFFFFFFFFFFFFFFFFFFFFFFFFFF95
:109BE000FFFFFFFFFFFFFFFFFFFFFFFFFFFFFFFF85
:109BF000FFFFFFFFFFFFFFFFFFFFFFFFFFFFFFFF75
:109C0000FFFFFFFFFFFFFFFFFFFFFFFFFFFFFFFF64
:109C1000FFFFFFFFFFFFFFFFFFFFFFFFFFFFFFFF54
:109C2000FFFFFFFFFFFFFFFFFFFFFFFFFFFFFFFF44
:109C3000FFFFFFFFFFFFFFFFFFFFFFFFFFFFFFFF34
:109C4000FFFFFFFFFFFFFFFFFFFFFFFFFFFFFFFF24
:109C5000FFFFFFFFFFFFFFFFFFFFFFFFFFFFFFFF14
:109C6000FFFFFFFFFFFFFFFFFFFFFFFFFFFFFFFF04
:109C7000FFFFFFFFFFFFFFFFFFFFFFFFFFFFFFFFF4
:109C8000FFFFFFFFFFFFFFFFFFFFFFFFFFFFFFFFE4
:109C9000FFFFFFFFFFFFFFFFFFFFFFFFFFFFFFFFD4
:109CA000FFFFFFFFFFFFFFFFFFFFFFFFFFFFFFFFC4
:109CB000FFFFFFFFFFFFFFFFFFFFFFFFFFFFFFFFB4
:109CC000FFFFFFFFFFFFFFFFFFFFFFFFFFFFFFFFA4
:109CD000FFFFFFFFFFFFFFFFFFFFFFFFFFFFFFFF94
:109CE000FFFFFFFFFFFFFFFFFFFFFFFFFFFFFFFF84
:109CF000FFFFFFFFFFFFFFFFFFFFFFFFFFFFFFFF74
:109D0000FFFFFFFFFFFFFFFFFFFFFFFFFFFFFFFF63
:109D1000FFFFFFFFFFFFFFFFFFFFFFFFFFFFFFFF53
:109D2000FFFFFFFFFFFFFFFFFFFFFFFFFFFFFFFF43
:109D3000FFFFFFFFFFFFFFFFFFFFFFFFFFFFFFFF33
:109D4000FFFFFFFFFFFFFFFFFFFFFFFFFFFFFFFF23
:109D5000FFFFFFFFFFFFFFFFFFFFFFFFFFFFFFFF13
:109D6000FFFFFFFFFFFFFFFFFFFFFFFFFFFFFFFF03
:109D7000FFFFFFFFFFFFFFFFFFFFFFFFFFFFFFFFF3
:109D8000FFFFFFFFFFFFFFFFFFFFFFFFFFFFFFFFE3
:109D9000FFFFFFFFFFFFFFFFFFFFFFFFFFFFFFFFD3
:109DA000FFFFFFFFFFFFFFFFFFFFFFFFFFFFFFFFC3
:109DB000FFFFFFFFFFFFFFFFFFFFFFFFFFFFFFFFB3
:109DC000FFFFFFFFFFFFFFFFFFFFFFFFFFFFFFFFA3
:109DD000FFFFFFFFFFFFFFFFFFFFFFFFFFFFFFFF93
:109DE000FFFFFFFFFFFFFFFFFFFFFFFFFFFFFFFF83
:109DF000FFFFFFFFFFFFFFFFFFFFFFFFFFFFFFFF73
:109E0000FFFFFFFFFFFFFFFFFFFFFFFFFFFFFFFF62
:109E1000FFFFFFFFFFFFFFFFFFFFFFFFFFFFFFFF52
:109E2000FFFFFFFFFFFFFFFFFFFFFFFFFFFFFFFF42
:109E3000FFFFFFFFFFFFFFFFFFFFFFFFFFFFFFFF32
:109E4000FFFFFFFFFFFFFFFFFFFFFFFFFFFFFFFF22
:109E5000FFFFFFFFFFFFFFFFFFFFFFFFFFFFFFFF12
:109E6000FFFFFFFFFFFFFFFFFFFFFFFFFFFFFFFF02
:109E7000FFFFFFFFFFFFFFFFFFFFFFFFFFFFFFFFF2
:109E8000FFFFFFFFFFFFFFFFFFFFFFFFFFFFFFFFE2
:109E9000FFFFFFFFFFFFFFFFFFFFFFFFFFFFFFFFD2
:109EA000FFFFFFFFFFFFFFFFFFFFFFFFFFFFFFFFC2
:109EB000FFFFFFFFFFFFFFFFFFFFFFFFFFFFFFFFB2
:109EC000FFFFFFFFFFFFFFFFFFFFFFFFFFFFFFFFA2
:109ED000FFFFFFFFFFFFFFFFFFFFFFFFFFFFFFFF92
:109EE000FFFFFFFFFFFFFFFFFFFFFFFFFFFFFFFF82
:109EF000FFFFFFFFFFFFFFFFFFFFFFFFFFFFFFFF72
:109F0000FFFFFFFFFFFFFFFFFFFFFFFFFFFFFFFF61
:109F1000FFFFFFFFFFFFFFFFFFFFFFFFFFFFFFFF51
:109F2000FFFFFFFFFFFFFFFFFFFFFFFFFFFFFFFF41
:109F3000FFFFFFFFFFFFFFFFFFFFFFFFFFFFFFFF31
:109F4000FFFFFFFFFFFFFFFFFFFFFFFFFFFFFFFF21
:109F5000FFFFFFFFFFFFFFFFFFFFFFFFFFFFFFFF11
:109F6000FFFFFFFFFFFFFFFFFFFFFFFFFFFFFFFF01
:109F7000FFFFFFFFFFFFFFFFFFFFFFFFFFFFFFFFF1
:109F8000FFFFFFFFFFFFFFFFFFFFFFFFFFFFFFFFE1
:109F9000FFFFFFFFFFFFFFFFFFFFFFFFFFFFFFFFD1
:109FA000FFFFFFFFFFFFFFFFFFFFFFFFFFFFFFFFC1
:109FB000FFFFFFFFFFFFFFFFFFFFFFFFFFFFFFFFB1
:109FC000FFFFFFFFFFFFFFFFFFFFFFFFFFFFFFFFA1
:109FD000FFFFFFFFFFFFFFFFFFFFFFFFFFFFFFFF91
:109FE000FFFFFFFFFFFFFFFFFFFFFFFFFFFFFFFF81
:109FF000FFFFFFFFFFFFFFFFFFFFFFFFFFFFFFFF71
:10A00000FFFFFFFFFFFFFFFFFFFFFFFFFFFFFFFF60
:10A01000FFFFFFFFFFFFFFFFFFFFFFFFFFFFFFFF50
:10A02000FFFFFFFFFFFFFFFFFFFFFFFFFFFFFFFF40
:10A03000FFFFFFFFFFFFFFFFFFFFFFFFFFFFFFFF30
:10A04000FFFFFFFFFFFFFFFFFFFFFFFFFFFFFFFF20
:10A05000FFFFFFFFFFFFFFFFFFFFFFFFFFFFFFFF10
:10A06000FFFFFFFFFFFFFFFFFFFFFFFFFFFFFFFF00
:10A07000FFFFFFFFFFFFFFFFFFFFFFFFFFFFFFFFF0
:10A08000FFFFFFFFFFFFFFFFFFFFFFFFFFFFFFFFE0
:10A09000FFFFFFFFFFFFFFFFFFFFFFFFFFFFFFFFD0
:10A0A000FFFFFFFFFFFFFFFFFFFFFFFFFFFFFFFFC0
:10A0B000FFFFFFFFFFFFFFFFFFFFFFFFFFFFFFFFB0
:10A0C000FFFFFFFFFFFFFFFFFFFFFFFFFFFFFFFFA0
:10A0D000FFFFFFFFFFFFFFFFFFFFFFFFFFFFFFFF90
:10A0E000FFFFFFFFFFFFFFFFFFFFFFFFFFFFFFFF80
:10A0F000FFFFFFFFFFFFFFFFFFFFFFFFFFFFFFFF70
:10A10000FFFFFFFFFFFFFFFFFFFFFFFFFFFFFFFF5F
:10A11000FFFFFFFFFFFFFFFFFFFFFFFFFFFFFFFF4F
:10A12000FFFFFFFFFFFFFFFFFFFFFFFFFFFFFFFF3F
:10A13000FFFFFFFFFFFFFFFFFFFFFFFFFFFFFFFF2F
:10A14000FFFFFFFFFFFFFFFFFFFFFFFFFFFFFFFF1F
:10A15000FFFFFFFFFFFFFFFFFFFFFFFFFFFFFFFF0F
:10A16000FFFFFFFFFFFFFFFFFFFFFFFFFFFFFFFFFF
:10A17000FFFFFFFFFFFFFFFFFFFFFFFFFFFFFFFFEF
:10A18000FFFFFFFFFFFFFFFFFFFFFFFFFFFFFFFFDF
:10A19000FFFFFFFFFFFFFFFFFFFFFFFFFFFFFFFFCF
:10A1A000FFFFFFFFFFFFFFFFFFFFFFFFFFFFFFFFBF
:10A1B000FFFFFFFFFFFFFFFFFFFFFFFFFFFFFFFFAF
:10A1C000FFFFFFFFFFFFFFFFFFFFFFFFFFFFFFFF9F
:10A1D000FFFFFFFFFFFFFFFFFFFFFFFFFFFFFFFF8F
:10A1E000FFFFFFFFFFFFFFFFFFFFFFFFFFFFFFFF7F
:10A1F000FFFFFFFFFFFFFFFFFFFFFFFFFFFFFFFF6F
:10A20000FFFFFFFFFFFFFFFFFFFFFFFFFFFFFFFF5E
:10A21000FFFFFFFFFFFFFFFFFFFFFFFFFFFFFFFF4E
:10A22000FFFFFFFFFFFFFFFFFFFFFFFFFFFFFFFF3E
:10A23000FFFFFFFFFFFFFFFFFFFFFFFFFFFFFFFF2E
:10A24000FFFFFFFFFFFFFFFFFFFFFFFFFFFFFFFF1E
:10A25000FFFFFFFFFFFFFFFFFFFFFFFFFFFFFFFF0E
:10A26000FFFFFFFFFFFFFFFFFFFFFFFFFFFFFFFFFE
:10A27000FFFFFFFFFFFFFFFFFFFFFFFFFFFFFFFFEE
:10A28000FFFFFFFFFFFFFFFFFFFFFFFFFFFFFFFFDE
:10A29000FFFFFFFFFFFFFFFFFFFFFFFFFFFFFFFFCE
:10A2A000FFFFFFFFFFFFFFFFFFFFFFFFFFFFFFFFBE
:10A2B000FFFFFFFFFFFFFFFFFFFFFFFFFFFFFFFFAE
:10A2C000FFFFFFFFFFFFFFFFFFFFFFFFFFFFFFFF9E
:10A2D000FFFFFFFFFFFFFFFFFFFFFFFFFFFFFFFF8E
:10A2E000FFFFFFFFFFFFFFFFFFFFFFFFFFFFFFFF7E
:10A2F000FFFFFFFFFFFFFFFFFFFFFFFFFFFFFFFF6E
:10A30000FFFFFFFFFFFFFFFFFFFFFFFFFFFFFFFF5D
:10A31000FFFFFFFFFFFFFFFFFFFFFFFFFFFFFFFF4D
:10A32000FFFFFFFFFFFFFFFFFFFFFFFFFFFFFFFF3D
:10A33000FFFFFFFFFFFFFFFFFFFFFFFFFFFFFFFF2D
:10A34000FFFFFFFFFFFFFFFFFFFFFFFFFFFFFFFF1D
:10A35000FFFFFFFFFFFFFFFFFFFFFFFFFFFFFFFF0D
:10A36000FFFFFFFFFFFFFFFFFFFFFFFFFFFFFFFFFD
:10A37000FFFFFFFFFFFFFFFFFFFFFFFFFFFFFFFFED
:10A38000FFFFFFFFFFFFFFFFFFFFFFFFFFFFFFFFDD
:10A39000FFFFFFFFFFFFFFFFFFFFFFFFFFFFFFFFCD
:10A3A000FFFFFFFFFFFFFFFFFFFFFFFFFFFFFFFFBD
:10A3B000FFFFFFFFFFFFFFFFFFFFFFFFFFFFFFFFAD
:10A3C000FFFFFFFFFFFFFFFFFFFFFFFFFFFFFFFF9D
:10A3D000FFFFFFFFFFFFFFFFFFFFFFFFFFFFFFFF8D
:10A3E000FFFFFFFFFFFFFFFFFFFFFFFFFFFFFFFF7D
:10A3F000FFFFFFFFFFFFFFFFFFFFFFFFFFFFFFFF6D
:10A40000FFFFFFFFFFFFFFFFFFFFFFFFFFFFFFFF5C
:10A41000FFFFFFFFFFFFFFFFFFFFFFFFFFFFFFFF4C
:10A42000FFFFFFFFFFFFFFFFFFFFFFFFFFFFFFFF3C
:10A43000FFFFFFFFFFFFFFFFFFFFFFFFFFFFFFFF2C
:10A44000FFFFFFFFFFFFFFFFFFFFFFFFFFFFFFFF1C
:10A45000FFFFFFFFFFFFFFFFFFFFFFFFFFFFFFFF0C
:10A46000FFFFFFFFFFFFFFFFFFFFFFFFFFFFFFFFFC
:10A47000FFFFFFFFFFFFFFFFFFFFFFFFFFFFFFFFEC
:10A48000FFFFFFFFFFFFFFFFFFFFFFFFFFFFFFFFDC
:10A49000FFFFFFFFFFFFFFFFFFFFFFFFFFFFFFFFCC
:10A4A000FFFFFFFFFFFFFFFFFFFFFFFFFFFFFFFFBC
:10A4B000FFFFFFFFFFFFFFFFFFFFFFFFFFFFFFFFAC
:10A4C000FFFFFFFFFFFFFFFFFFFFFFFFFFFFFFFF9C
:10A4D000FFFFFFFFFFFFFFFFFFFFFFFFFFFFFFFF8C
:10A4E000FFFFFFFFFFFFFFFFFFFFFFFFFFFFFFFF7C
:10A4F000FFFFFFFFFFFFFFFFFFFFFFFFFFFFFFFF6C
:10A50000FFFFFFFFFFFFFFFFFFFFFFFFFFFFFFFF5B
:10A51000FFFFFFFFFFFFFFFFFFFFFFFFFFFFFFFF4B
:10A52000FFFFFFFFFFFFFFFFFFFFFFFFFFFFFFFF3B
:10A53000FFFFFFFFFFFFFFFFFFFFFFFFFFFFFFFF2B
:10A54000FFFFFFFFFFFFFFFFFFFFFFFFFFFFFFFF1B
:10A55000FFFFFFFFFFFFFFFFFFFFFFFFFFFFFFFF0B
:10A56000FFFFFFFFFFFFFFFFFFFFFFFFFFFFFFFFFB
:10A57000FFFFFFFFFFFFFFFFFFFFFFFFFFFFFFFFEB
:10A58000FFFFFFFFFFFFFFFFFFFFFFFFFFFFFFFFDB
:10A59000FFFFFFFFFFFFFFFFFFFFFFFFFFFFFFFFCB
:10A5A000FFFFFFFFFFFFFFFFFFFFFFFFFFFFFFFFBB
:10A5B000FFFFFFFFFFFFFFFFFFFFFFFFFFFFFFFFAB
:10A5C000FFFFFFFFFFFFFFFFFFFFFFFFFFFFFFFF9B
:10A5D000FFFFFFFFFFFFFFFFFFFFFFFFFFFFFFFF8B
:10A5E000FFFFFFFFFFFFFFFFFFFFFFFFFFFFFFFF7B
:10A5F000FFFFFFFFFFFFFFFFFFFFFFFFFFFFFFFF6B
:10A60000FFFFFFFFFFFFFFFFFFFFFFFFFFFFFFFF5A
:10A61000FFFFFFFFFFFFFFFFFFFFFFFFFFFFFFFF4A
:10A62000FFFFFFFFFFFFFFFFFFFFFFFFFFFFFFFF3A
:10A63000FFFFFFFFFFFFFFFFFFFFFFFFFFFFFFFF2A
:10A64000FFFFFFFFFFFFFFFFFFFFFFFFFFFFFFFF1A
:10A65000FFFFFFFFFFFFFFFFFFFFFFFFFFFFFFFF0A
:10A66000FFFFFFFFFFFFFFFFFFFFFFFFFFFFFFFFFA
:10A67000FFFFFFFFFFFFFFFFFFFFFFFFFFFFFFFFEA
:10A68000FFFFFFFFFFFFFFFFFFFFFFFFFFFFFFFFDA
:10A69000FFFFFFFFFFFFFFFFFFFFFFFFFFFFFFFFCA
:10A6A000FFFFFFFFFFFFFFFFFFFFFFFFFFFFFFFFBA
:10A6B000FFFFFFFFFFFFFFFFFFFFFFFFFFFFFFFFAA
:10A6C000FFFFFFFFFFFFFFFFFFFFFFFFFFFFFFFF9A
:10A6D000FFFFFFFFFFFFFFFFFFFFFFFFFFFFFFFF8A
:10A6E000FFFFFFFFFFFFFFFFFFFFFFFFFFFFFFFF7A
:10A6F000FFFFFFFFFFFFFFFFFFFFFFFFFFFFFFFF6A
:10A70000FFFFFFFFFFFFFFFFFFFFFFFFFFFFFFFF59
:10A71000FFFFFFFFFFFFFFFFFFFFFFFFFFFFFFFF49
:10A72000FFFFFFFFFFFFFFFFFFFFFFFFFFFFFFFF39
:10A73000FFFFFFFFFFFFFFFFFFFFFFFFFFFFFFFF29
:10A74000FFFFFFFFFFFFFFFFFFFFFFFFFFFFFFFF19
:10A75000FFFFFFFFFFFFFFFFFFFFFFFFFFFFFFFF09
:10A76000FFFFFFFFFFFFFFFFFFFFFFFFFFFFFFFFF9
:10A77000FFFFFFFFFFFFFFFFFFFFFFFFFFFFFFFFE9
:10A78000FFFFFFFFFFFFFFFFFFFFFFFFFFFFFFFFD9
:10A79000FFFFFFFFFFFFFFFFFFFFFFFFFFFFFFFFC9
:10A7A000FFFFFFFFFFFFFFFFFFFFFFFFFFFFFFFFB9
:10A7B000FFFFFFFFFFFFFFFFFFFFFFFFFFFFFFFFA9
:10A7C000FFFFFFFFFFFFFFFFFFFFFFFFFFFFFFFF99
:10A7D000FFFFFFFFFFFFFFFFFFFFFFFFFFFFFFFF89
:10A7E000FFFFFFFFFFFFFFFFFFFFFFFFFFFFFFFF79
:10A7F000FFFFFFFFFFFFFFFFFFFFFFFFFFFFFFFF69
:10A80000FFFFFFFFFFFFFFFFFFFFFFFFFFFFFFFF58
:10A81000FFFFFFFFFFFFFFFFFFFFFFFFFFFFFFFF48
:10A82000FFFFFFFFFFFFFFFFFFFFFFFFFFFFFFFF38
:10A83000FFFFFFFFFFFFFFFFFFFFFFFFFFFFFFFF28
:10A84000FFFFFFFFFFFFFFFFFFFFFFFFFFFFFFFF18
:10A85000FFFFFFFFFFFFFFFFFFFFFFFFFFFFFFFF08
:10A86000FFFFFFFFFFFFFFFFFFFFFFFFFFFFFFFFF8
:10A87000FFFFFFFFFFFFFFFFFFFFFFFFFFFFFFFFE8
:10A88000FFFFFFFFFFFFFFFFFFFFFFFFFFFFFFFFD8
:10A89000FFFFFFFFFFFFFFFFFFFFFFFFFFFFFFFFC8
:10A8A000FFFFFFFFFFFFFFFFFFFFFFFFFFFFFFFFB8
:10A8B000FFFFFFFFFFFFFFFFFFFFFFFFFFFFFFFFA8
:10A8C000FFFFFFFFFFFFFFFFFFFFFFFFFFFFFFFF98
:10A8D000FFFFFFFFFFFFFFFFFFFFFFFFFFFFFFFF88
:10A8E000FFFFFFFFFFFFFFFFFFFFFFFFFFFFFFFF78
:10A8F000FFFFFFFFFFFFFFFFFFFFFFFFFFFFFFFF68
:10A90000FFFFFFFFFFFFFFFFFFFFFFFFFFFFFFFF57
:10A91000FFFFFFFFFFFFFFFFFFFFFFFFFFFFFFFF47
:10A92000FFFFFFFFFFFFFFFFFFFFFFFFFFFFFFFF37
:10A93000FFFFFFFFFFFFFFFFFFFFFFFFFFFFFFFF27
:10A94000FFFFFFFFFFFFFFFFFFFFFFFFFFFFFFFF17
:10A95000FFFFFFFFFFFFFFFFFFFFFFFFFFFFFFFF07
:10A96000FFFFFFFFFFFFFFFFFFFFFFFFFFFFFFFFF7
:10A97000FFFFFFFFFFFFFFFFFFFFFFFFFFFFFFFFE7
:10A98000FFFFFFFFFFFFFFFFFFFFFFFFFFFFFFFFD7
:10A99000FFFFFFFFFFFFFFFFFFFFFFFFFFFFFFFFC7
:10A9A000FFFFFFFFFFFFFFFFFFFFFFFFFFFFFFFFB7
:10A9B000FFFFFFFFFFFFFFFFFFFFFFFFFFFFFFFFA7
:10A9C000FFFFFFFFFFFFFFFFFFFFFFFFFFFFFFFF97
:10A9D000FFFFFFFFFFFFFFFFFFFFFFFFFFFFFFFF87
:10A9E000FFFFFFFFFFFFFFFFFFFFFFFFFFFFFFFF77
:10A9F000FFFFFFFFFFFFFFFFFFFFFFFFFFFFFFFF67
:10AA0000FFFFFFFFFFFFFFFFFFFFFFFFFFFFFFFF56
:10AA1000FFFFFFFFFFFFFFFFFFFFFFFFFFFFFFFF46
:10AA2000FFFFFFFFFFFFFFFFFFFFFFFFFFFFFFFF36
:10AA3000FFFFFFFFFFFFFFFFFFFFFFFFFFFFFFFF26
:10AA4000FFFFFFFFFFFFFFFFFFFFFFFFFFFFFFFF16
:10AA5000FFFFFFFFFFFFFFFFFFFFFFFFFFFFFFFF06
:10AA6000FFFFFFFFFFFFFFFFFFFFFFFFFFFFFFFFF6
:10AA7000FFFFFFFFFFFFFFFFFFFFFFFFFFFFFFFFE6
:10AA8000FFFFFFFFFFFFFFFFFFFFFFFFFFFFFFFFD6
:10AA9000FFFFFFFFFFFFFFFFFFFFFFFFFFFFFFFFC6
:10AAA000FFFFFFFFFFFFFFFFFFFFFFFFFFFFFFFFB6
:10AAB000FFFFFFFFFFFFFFFFFFFFFFFFFFFFFFFFA6
:10AAC000FFFFFFFFFFFFFFFFFFFFFFFFFFFFFFFF96
:10AAD000FFFFFFFFFFFFFFFFFFFFFFFFFFFFFFFF86
:10AAE000FFFFFFFFFFFFFFFFFFFFFFFFFFFFFFFF76
:10AAF000FFFFFFFFFFFFFFFFFFFFFFFFFFFFFFFF66
:10AB0000FFFFFFFFFFFFFFFFFFFFFFFFFFFFFFFF55
:10AB1000FFFFFFFFFFFFFFFFFFFFFFFFFFFFFFFF45
:10AB2000FFFFFFFFFFFFFFFFFFFFFFFFFFFFFFFF35
:10AB3000FFFFFFFFFFFFFFFFFFFFFFFFFFFFFFFF25
:10AB4000FFFFFFFFFFFFFFFFFFFFFFFFFFFFFFFF15
:10AB5000FFFFFFFFFFFFFFFFFFFFFFFFFFFFFFFF05
:10AB6000FFFFFFFFFFFFFFFFFFFFFFFFFFFFFFFFF5
:10AB7000FFFFFFFFFFFFFFFFFFFFFFFFFFFFFFFFE5
:10AB8000FFFFFFFFFFFFFFFFFFFFFFFFFFFFFFFFD5
:10AB9000FFFFFFFFFFFFFFFFFFFFFFFFFFFFFFFFC5
:10ABA000FFFFFFFFFFFFFFFFFFFFFFFFFFFFFFFFB5
:10ABB000FFFFFFFFFFFFFFFFFFFFFFFFFFFFFFFFA5
:10ABC000FFFFFFFFFFFFFFFFFFFFFFFFFFFFFFFF95
:10ABD000FFFFFFFFFFFFFFFFFFFFFFFFFFFFFFFF85
:10ABE000FFFFFFFFFFFFFFFFFFFFFFFFFFFFFFFF75
:10ABF000FFFFFFFFFFFFFFFFFFFFFFFFFFFFFFFF65
:10AC0000FFFFFFFFFFFFFFFFFFFFFFFFFFFFFFFF54
:10AC1000FFFFFFFFFFFFFFFFFFFFFFFFFFFFFFFF44
:10AC2000FFFFFFFFFFFFFFFFFFFFFFFFFFFFFFFF34
:10AC3000FFFFFFFFFFFFFFFFFFFFFFFFFFFFFFFF24
:10AC4000FFFFFFFFFFFFFFFFFFFFFFFFFFFFFFFF14
:10AC5000FFFFFFFFFFFFFFFFFFFFFFFFFFFFFFFF04
:10AC6000FFFFFFFFFFFFFFFFFFFFFFFFFFFFFFFFF4
:10AC7000FFFFFFFFFFFFFFFFFFFFFFFFFFFFFFFFE4
:10AC8000FFFFFFFFFFFFFFFFFFFFFFFFFFFFFFFFD4
:10AC9000FFFFFFFFFFFFFFFFFFFFFFFFFFFFFFFFC4
:10ACA000FFFFFFFFFFFFFFFFFFFFFFFFFFFFFFFFB4
:10ACB000FFFFFFFFFFFFFFFFFFFFFFFFFFFFFFFFA4
:10ACC000FFFFFFFFFFFFFFFFFFFFFFFFFFFFFFFF94
:10ACD000FFFFFFFFFFFFFFFFFFFFFFFFFFFFFFFF84
:10ACE000FFFFFFFFFFFFFFFFFFFFFFFFFFFFFFFF74
:10ACF000FFFFFFFFFFFFFFFFFFFFFFFFFFFFFFFF64
:10AD0000FFFFFFFFFFFFFFFFFFFFFFFFFFFFFFFF53
:10AD1000FFFFFFFFFFFFFFFFFFFFFFFFFFFFFFFF43
:10AD2000FFFFFFFFFFFFFFFFFFFFFFFFFFFFFFFF33
:10AD3000FFFFFFFFFFFFFFFFFFFFFFFFFFFFFFFF23
:10AD4000FFFFFFFFFFFFFFFFFFFFFFFFFFFFFFFF13
:10AD5000FFFFFFFFFFFFFFFFFFFFFFFFFFFFFFFF03
:10AD6000FFFFFFFFFFFFFFFFFFFFFFFFFFFFFFFFF3
:10AD7000FFFFFFFFFFFFFFFFFFFFFFFFFFFFFFFFE3
:10AD8000FFFFFFFFFFFFFFFFFFFFFFFFFFFFFFFFD3
:10AD9000FFFFFFFFFFFFFFFFFFFFFFFFFFFFFFFFC3
:10ADA000FFFFFFFFFFFFFFFFFFFFFFFFFFFFFFFFB3
:10ADB000FFFFFFFFFFFFFFFFFFFFFFFFFFFFFFFFA3
:10ADC000FFFFFFFFFFFFFFFFFFFFFFFFFFFFFFFF93
:10ADD000FFFFFFFFFFFFFFFFFFFFFFFFFFFFFFFF83
:10ADE000FFFFFFFFFFFFFFFFFFFFFFFFFFFFFFFF73
:10ADF000FFFFFFFFFFFFFFFFFFFFFFFFFFFFFFFF63
:10AE0000FFFFFFFFFFFFFFFFFFFFFFFFFFFFFFFF52
:10AE1000FFFFFFFFFFFFFFFFFFFFFFFFFFFFFFFF42
:10AE2000FFFFFFFFFFFFFFFFFFFFFFFFFFFFFFFF32
:10AE3000FFFFFFFFFFFFFFFFFFFFFFFFFFFFFFFF22
:10AE4000FFFFFFFFFFFFFFFFFFFFFFFFFFFFFFFF12
:10AE5000FFFFFFFFFFFFFFFFFFFFFFFFFFFFFFFF02
:10AE6000FFFFFFFFFFFFFFFFFFFFFFFFFFFFFFFFF2
:10AE7000FFFFFFFFFFFFFFFFFFFFFFFFFFFFFFFFE2
:10AE8000FFFFFFFFFFFFFFFFFFFFFFFFFFFFFFFFD2
:10AE9000FFFFFFFFFFFFFFFFFFFFFFFFFFFFFFFFC2
:10AEA000FFFFFFFFFFFFFFFFFFFFFFFFFFFFFFFFB2
:10AEB000FFFFFFFFFFFFFFFFFFFFFFFFFFFFFFFFA2
:10AEC000FFFFFFFFFFFFFFFFFFFFFFFFFFFFFFFF92
:10AED000FFFFFFFFFFFFFFFFFFFFFFFFFFFFFFFF82
:10AEE000FFFFFFFFFFFFFFFFFFFFFFFFFFFFFFFF72
:10AEF000FFFFFFFFFFFFFFFFFFFFFFFFFFFFFFFF62
:10AF0000FFFFFFFFFFFFFFFFFFFFFFFFFFFFFFFF51
:10AF1000FFFFFFFFFFFFFFFFFFFFFFFFFFFFFFFF41
:10AF2000FFFFFFFFFFFFFFFFFFFFFFFFFFFFFFFF31
:10AF3000FFFFFFFFFFFFFFFFFFFFFFFFFFFFFFFF21
:10AF4000FFFFFFFFFFFFFFFFFFFFFFFFFFFFFFFF11
:10AF5000FFFFFFFFFFFFFFFFFFFFFFFFFFFFFFFF01
:10AF6000FFFFFFFFFFFFFFFFFFFFFFFFFFFFFFFFF1
:10AF7000FFFFFFFFFFFFFFFFFFFFFFFFFFFFFFFFE1
:10AF8000FFFFFFFFFFFFFFFFFFFFFFFFFFFFFFFFD1
:10AF9000FFFFFFFFFFFFFFFFFFFFFFFFFFFFFFFFC1
:10AFA000FFFFFFFFFFFFFFFFFFFFFFFFFFFFFFFFB1
:10AFB000FFFFFFFFFFFFFFFFFFFFFFFFFFFFFFFFA1
:10AFC000FFFFFFFFFFFFFFFFFFFFFFFFFFFFFFFF91
:10AFD000FFFFFFFFFFFFFFFFFFFFFFFFFFFFFFFF81
:10AFE000FFFFFFFFFFFFFFFFFFFFFFFFFFFFFFFF71
:10AFF000FFFFFFFFFFFFFFFFFFFFFFFFFFFFFFFF61
:10B00000FFFFFFFFFFFFFFFFFFFFFFFFFFFFFFFF50
:10B01000FFFFFFFFFFFFFFFFFFFFFFFFFFFFFFFF40
:10B02000FFFFFFFFFFFFFFFFFFFFFFFFFFFFFFFF30
:10B03000FFFFFFFFFFFFFFFFFFFFFFFFFFFFFFFF20
:10B04000FFFFFFFFFFFFFFFFFFFFFFFFFFFFFFFF10
:10B05000FFFFFFFFFFFFFFFFFFFFFFFFFFFFFFFF00
:10B06000FFFFFFFFFFFFFFFFFFFFFFFFFFFFFFFFF0
:10B07000FFFFFFFFFFFFFFFFFFFFFFFFFFFFFFFFE0
:10B08000FFFFFFFFFFFFFFFFFFFFFFFFFFFFFFFFD0
:10B09000FFFFFFFFFFFFFFFFFFFFFFFFFFFFFFFFC0
:10B0A000FFFFFFFFFFFFFFFFFFFFFFFFFFFFFFFFB0
:10B0B000FFFFFFFFFFFFFFFFFFFFFFFFFFFFFFFFA0
:10B0C000FFFFFFFFFFFFFFFFFFFFFFFFFFFFFFFF90
:10B0D000FFFFFFFFFFFFFFFFFFFFFFFFFFFFFFFF80
:10B0E000FFFFFFFFFFFFFFFFFFFFFFFFFFFFFFFF70
:10B0F000FFFFFFFFFFFFFFFFFFFFFFFFFFFFFFFF60
:10B10000FFFFFFFFFFFFFFFFFFFFFFFFFFFFFFFF4F
:10B11000FFFFFFFFFFFFFFFFFFFFFFFFFFFFFFFF3F
:10B12000FFFFFFFFFFFFFFFFFFFFFFFFFFFFFFFF2F
:10B13000FFFFFFFFFFFFFFFFFFFFFFFFFFFFFFFF1F
:10B14000FFFFFFFFFFFFFFFFFFFFFFFFFFFFFFFF0F
:10B15000FFFFFFFFFFFFFFFFFFFFFFFFFFFFFFFFFF
:10B16000FFFFFFFFFFFFFFFFFFFFFFFFFFFFFFFFEF
:10B17000FFFFFFFFFFFFFFFFFFFFFFFFFFFFFFFFDF
:10B18000FFFFFFFFFFFFFFFFFFFFFFFFFFFFFFFFCF
:10B19000FFFFFFFFFFFFFFFFFFFFFFFFFFFFFFFFBF
:10B1A000FFFFFFFFFFFFFFFFFFFFFFFFFFFFFFFFAF
:10B1B000FFFFFFFFFFFFFFFFFFFFFFFFFFFFFFFF9F
:10B1C000FFFFFFFFFFFFFFFFFFFFFFFFFFFFFFFF8F
:10B1D000FFFFFFFFFFFFFFFFFFFFFFFFFFFFFFFF7F
:10B1E000FFFFFFFFFFFFFFFFFFFFFFFFFFFFFFFF6F
:10B1F000FFFFFFFFFFFFFFFFFFFFFFFFFFFFFFFF5F
:10B20000FFFFFFFFFFFFFFFFFFFFFFFFFFFFFFFF4E
:10B21000FFFFFFFFFFFFFFFFFFFFFFFFFFFFFFFF3E
:10B22000FFFFFFFFFFFFFFFFFFFFFFFFFFFFFFFF2E
:10B23000FFFFFFFFFFFFFFFFFFFFFFFFFFFFFFFF1E
:10B24000FFFFFFFFFFFFFFFFFFFFFFFFFFFFFFFF0E
:10B25000FFFFFFFFFFFFFFFFFFFFFFFFFFFFFFFFFE
:10B26000FFFFFFFFFFFFFFFFFFFFFFFFFFFFFFFFEE
:10B27000FFFFFFFFFFFFFFFFFFFFFFFFFFFFFFFFDE
:10B28000FFFFFFFFFFFFFFFFFFFFFFFFFFFFFFFFCE
:10B29000FFFFFFFFFFFFFFFFFFFFFFFFFFFFFFFFBE
:10B2A000FFFFFFFFFFFFFFFFFFFFFFFFFFFFFFFFAE
:10B2B000FFFFFFFFFFFFFFFFFFFFFFFFFFFFFFFF9E
:10B2C000FFFFFFFFFFFFFFFFFFFFFFFFFFFFFFFF8E
:10B2D000FFFFFFFFFFFFFFFFFFFFFFFFFFFFFFFF7E
:10B2E000FFFFFFFFFFFFFFFFFFFFFFFFFFFFFFFF6E
:10B2F000FFFFFFFFFFFFFFFFFFFFFFFFFFFFFFFF5E
:10B30000FFFFFFFFFFFFFFFFFFFFFFFFFFFFFFFF4D
:10B31000FFFFFFFFFFFFFFFFFFFFFFFFFFFFFFFF3D
:10B32000FFFFFFFFFFFFFFFFFFFFFFFFFFFFFFFF2D
:10B33000FFFFFFFFFFFFFFFFFFFFFFFFFFFFFFFF1D
:10B34000FFFFFFFFFFFFFFFFFFFFFFFFFFFFFFFF0D
:10B35000FFFFFFFFFFFFFFFFFFFFFFFFFFFFFFFFFD
:10B36000FFFFFFFFFFFFFFFFFFFFFFFFFFFFFFFFED
:10B37000FFFFFFFFFFFFFFFFFFFFFFFFFFFFFFFFDD
:10B38000FFFFFFFFFFFFFFFFFFFFFFFFFFFFFFFFCD
:10B39000FFFFFFFFFFFFFFFFFFFFFFFFFFFFFFFFBD
:10B3A000FFFFFFFFFFFFFFFFFFFFFFFFFFFFFFFFAD
:10B3B000FFFFFFFFFFFFFFFFFFFFFFFFFFFFFFFF9D
:10B3C000FFFFFFFFFFFFFFFFFFFFFFFFFFFFFFFF8D
:10B3D000FFFFFFFFFFFFFFFFFFFFFFFFFFFFFFFF7D
:10B3E000FFFFFFFFFFFFFFFFFFFFFFFFFFFFFFFF6D
:10B3F000FFFFFFFFFFFFFFFFFFFFFFFFFFFFFFFF5D
:10B40000FFFFFFFFFFFFFFFFFFFFFFFFFFFFFFFF4C
:10B41000FFFFFFFFFFFFFFFFFFFFFFFFFFFFFFFF3C
:10B42000FFFFFFFFFFFFFFFFFFFFFFFFFFFFFFFF2C
:10B43000FFFFFFFFFFFFFFFFFFFFFFFFFFFFFFFF1C
:10B44000FFFFFFFFFFFFFFFFFFFFFFFFFFFFFFFF0C
:10B45000FFFFFFFFFFFFFFFFFFFFFFFFFFFFFFFFFC
:10B46000FFFFFFFFFFFFFFFFFFFFFFFFFFFFFFFFEC
:10B47000FFFFFFFFFFFFFFFFFFFFFFFFFFFFFFFFDC
:10B48000FFFFFFFFFFFFFFFFFFFFFFFFFFFFFFFFCC
:10B49000FFFFFFFFFFFFFFFFFFFFFFFFFFFFFFFFBC
:10B4A000FFFFFFFFFFFFFFFFFFFFFFFFFFFFFFFFAC
:10B4B000FFFFFFFFFFFFFFFFFFFFFFFFFFFFFFFF9C
:10B4C000FFFFFFFFFFFFFFFFFFFFFFFFFFFFFFFF8C
:10B4D000FFFFFFFFFFFFFFFFFFFFFFFFFFFFFFFF7C
:10B4E000FFFFFFFFFFFFFFFFFFFFFFFFFFFFFFFF6C
:10B4F000FFFFFFFFFFFFFFFFFFFFFFFFFFFFFFFF5C
:10B50000FFFFFFFFFFFFFFFFFFFFFFFFFFFFFFFF4B
:10B51000FFFFFFFFFFFFFFFFFFFFFFFFFFFFFFFF3B
:10B52000FFFFFFFFFFFFFFFFFFFFFFFFFFFFFFFF2B
:10B53000FFFFFFFFFFFFFFFFFFFFFFFFFFFFFFFF1B
:10B54000FFFFFFFFFFFFFFFFFFFFFFFFFFFFFFFF0B
:10B55000FFFFFFFFFFFFFFFFFFFFFFFFFFFFFFFFFB
:10B56000FFFFFFFFFFFFFFFFFFFFFFFFFFFFFFFFEB
:10B57000FFFFFFFFFFFFFFFFFFFFFFFFFFFFFFFFDB
:10B58000FFFFFFFFFFFFFFFFFFFFFFFFFFFFFFFFCB
:10B59000FFFFFFFFFFFFFFFFFFFFFFFFFFFFFFFFBB
:10B5A000FFFFFFFFFFFFFFFFFFFFFFFFFFFFFFFFAB
:10B5B000FFFFFFFFFFFFFFFFFFFFFFFFFFFFFFFF9B
:10B5C000FFFFFFFFFFFFFFFFFFFFFFFFFFFFFFFF8B
:10B5D000FFFFFFFFFFFFFFFFFFFFFFFFFFFFFFFF7B
:10B5E000FFFFFFFFFFFFFFFFFFFFFFFFFFFFFFFF6B
:10B5F000FFFFFFFFFFFFFFFFFFFFFFFFFFFFFFFF5B
:10B60000FFFFFFFFFFFFFFFFFFFFFFFFFFFFFFFF4A
:10B61000FFFFFFFFFFFFFFFFFFFFFFFFFFFFFFFF3A
:10B62000FFFFFFFFFFFFFFFFFFFFFFFFFFFFFFFF2A
:10B63000FFFFFFFFFFFFFFFFFFFFFFFFFFFFFFFF1A
:10B64000FFFFFFFFFFFFFFFFFFFFFFFFFFFFFFFF0A
:10B65000FFFFFFFFFFFFFFFFFFFFFFFFFFFFFFFFFA
:10B66000FFFFFFFFFFFFFFFFFFFFFFFFFFFFFFFFEA
:10B67000FFFFFFFFFFFFFFFFFFFFFFFFFFFFFFFFDA
:10B68000FFFFFFFFFFFFFFFFFFFFFFFFFFFFFFFFCA
:10B69000FFFFFFFFFFFFFFFFFFFFFFFFFFFFFFFFBA
:10B6A000FFFFFFFFFFFFFFFFFFFFFFFFFFFFFFFFAA
:10B6B000FFFFFFFFFFFFFFFFFFFFFFFFFFFFFFFF9A
:10B6C000FFFFFFFFFFFFFFFFFFFFFFFFFFFFFFFF8A
:10B6D000FFFFFFFFFFFFFFFFFFFFFFFFFFFFFFFF7A
:10B6E000FFFFFFFFFFFFFFFFFFFFFFFFFFFFFFFF6A
:10B6F000FFFFFFFFFFFFFFFFFFFFFFFFFFFFFFFF5A
:10B70000FFFFFFFFFFFFFFFFFFFFFFFFFFFFFFFF49
:10B71000FFFFFFFFFFFFFFFFFFFFFFFFFFFFFFFF39
:10B72000FFFFFFFFFFFFFFFFFFFFFFFFFFFFFFFF29
:10B73000FFFFFFFFFFFFFFFFFFFFFFFFFFFFFFFF19
:10B74000FFFFFFFFFFFFFFFFFFFFFFFFFFFFFFFF09
:10B75000FFFFFFFFFFFFFFFFFFFFFFFFFFFFFFFFF9
:10B76000FFFFFFFFFFFFFFFFFFFFFFFFFFFFFFFFE9
:10B77000FFFFFFFFFFFFFFFFFFFFFFFFFFFFFFFFD9
:10B78000FFFFFFFFFFFFFFFFFFFFFFFFFFFFFFFFC9
:10B79000FFFFFFFFFFFFFFFFFFFFFFFFFFFFFFFFB9
:10B7A000FFFFFFFFFFFFFFFFFFFFFFFFFFFFFFFFA9
:10B7B000FFFFFFFFFFFFFFFFFFFFFFFFFFFFFFFF99
:10B7C000FFFFFFFFFFFFFFFFFFFFFFFFFFFFFFFF89
:10B7D000FFFFFFFFFFFFFFFFFFFFFFFFFFFFFFFF79
:10B7E000FFFFFFFFFFFFFFFFFFFFFFFFFFFFFFFF69
:10B7F000FFFFFFFFFFFFFFFFFFFFFFFFFFFFFFFF59
:10B80000FFFFFFFFFFFFFFFFFFFFFFFFFFFFFFFF48
:10B81000FFFFFFFFFFFFFFFFFFFFFFFFFFFFFFFF38
:10B82000FFFFFFFFFFFFFFFFFFFFFFFFFFFFFFFF28
:10B83000FFFFFFFFFFFFFFFFFFFFFFFFFFFFFFFF18
:10B84000FFFFFFFFFFFFFFFFFFFFFFFFFFFFFFFF08
:10B85000FFFFFFFFFFFFFFFFFFFFFFFFFFFFFFFFF8
:10B86000FFFFFFFFFFFFFFFFFFFFFFFFFFFFFFFFE8
:10B87000FFFFFFFFFFFFFFFFFFFFFFFFFFFFFFFFD8
:10B88000FFFFFFFFFFFFFFFFFFFFFFFFFFFFFFFFC8
:10B89000FFFFFFFFFFFFFFFFFFFFFFFFFFFFFFFFB8
:10B8A000FFFFFFFFFFFFFFFFFFFFFFFFFFFFFFFFA8
:10B8B000FFFFFFFFFFFFFFFFFFFFFFFFFFFFFFFF98
:10B8C000FFFFFFFFFFFFFFFFFFFFFFFFFFFFFFFF88
:10B8D000FFFFFFFFFFFFFFFFFFFFFFFFFFFFFFFF78
:10B8E000FFFFFFFFFFFFFFFFFFFFFFFFFFFFFFFF68
:10B8F000FFFFFFFFFFFFFFFFFFFFFFFFFFFFFFFF58
:10B90000FFFFFFFFFFFFFFFFFFFFFFFFFFFFFFFF47
:10B91000FFFFFFFFFFFFFFFFFFFFFFFFFFFFFFFF37
:10B92000FFFFFFFFFFFFFFFFFFFFFFFFFFFFFFFF27
:10B93000FFFFFFFFFFFFFFFFFFFFFFFFFFFFFFFF17
:10B94000FFFFFFFFFFFFFFFFFFFFFFFFFFFFFFFF07
:10B95000FFFFFFFFFFFFFFFFFFFFFFFFFFFFFFFFF7
:10B96000FFFFFFFFFFFFFFFFFFFFFFFFFFFFFFFFE7
:10B97000FFFFFFFFFFFFFFFFFFFFFFFFFFFFFFFFD7
:10B98000FFFFFFFFFFFFFFFFFFFFFFFFFFFFFFFFC7
:10B99000FFFFFFFFFFFFFFFFFFFFFFFFFFFFFFFFB7
:10B9A000FFFFFFFFFFFFFFFFFFFFFFFFFFFFFFFFA7
:10B9B000FFFFFFFFFFFFFFFFFFFFFFFFFFFFFFFF97
:10B9C000FFFFFFFFFFFFFFFFFFFFFFFFFFFFFFFF87
:10B9D000FFFFFFFFFFFFFFFFFFFFFFFFFFFFFFFF77
:10B9E000FFFFFFFFFFFFFFFFFFFFFFFFFFFFFFFF67
:10B9F000FFFFFFFFFFFFFFFFFFFFFFFFFFFFFFFF57
:10BA0000FFFFFFFFFFFFFFFFFFFFFFFFFFFFFFFF46
:10BA1000FFFFFFFFFFFFFFFFFFFFFFFFFFFFFFFF36
:10BA2000FFFFFFFFFFFFFFFFFFFFFFFFFFFFFFFF26
:10BA3000FFFFFFFFFFFFFFFFFFFFFFFFFFFFFFFF16
:10BA4000FFFFFFFFFFFFFFFFFFFFFFFFFFFFFFFF06
:10BA5000FFFFFFFFFFFFFFFFFFFFFFFFFFFFFFFFF6
:10BA6000FFFFFFFFFFFFFFFFFFFFFFFFFFFFFFFFE6
:10BA7000FFFFFFFFFFFFFFFFFFFFFFFFFFFFFFFFD6
:10BA8000FFFFFFFFFFFFFFFFFFFFFFFFFFFFFFFFC6
:10BA9000FFFFFFFFFFFFFFFFFFFFFFFFFFFFFFFFB6
:10BAA000FFFFFFFFFFFFFFFFFFFFFFFFFFFFFFFFA6
:10BAB000FFFFFFFFFFFFFFFFFFFFFFFFFFFFFFFF96
:10BAC000FFFFFFFFFFFFFFFFFFFFFFFFFFFFFFFF86
:10BAD000FFFFFFFFFFFFFFFFFFFFFFFFFFFFFFFF76
:10BAE000FFFFFFFFFFFFFFFFFFFFFFFFFFFFFFFF66
:10BAF000FFFFFFFFFFFFFFFFFFFFFFFFFFFFFFFF56
:10BB0000FFFFFFFFFFFFFFFFFFFFFFFFFFFFFFFF45
:10BB1000FFFFFFFFFFFFFFFFFFFFFFFFFFFFFFFF35
:10BB2000FFFFFFFFFFFFFFFFFFFFFFFFFFFFFFFF25
:10BB3000FFFFFFFFFFFFFFFFFFFFFFFFFFFFFFFF15
:10BB4000FFFFFFFFFFFFFFFFFFFFFFFFFFFFFFFF05
:10BB5000FFFFFFFFFFFFFFFFFFFFFFFFFFFFFFFFF5
:10BB6000FFFFFFFFFFFFFFFFFFFFFFFFFFFFFFFFE5
:10BB7000FFFFFFFFFFFFFFFFFFFFFFFFFFFFFFFFD5
:10BB8000FFFFFFFFFFFFFFFFFFFFFFFFFFFFFFFFC5
:10BB9000FFFFFFFFFFFFFFFFFFFFFFFFFFFFFFFFB5
:10BBA000FFFFFFFFFFFFFFFFFFFFFFFFFFFFFFFFA5
:10BBB000FFFFFFFFFFFFFFFFFFFFFFFFFFFFFFFF95
:10BBC000FFFFFFFFFFFFFFFFFFFFFFFFFFFFFFFF85
:10BBD000FFFFFFFFFFFFFFFFFFFFFFFFFFFFFFFF75
:10BBE000FFFFFFFFFFFFFFFFFFFFFFFFFFFFFFFF65
:10BBF000FFFFFFFFFFFFFFFFFFFFFFFFFFFFFFFF55
:10BC0000FFFFFFFFFFFFFFFFFFFFFFFFFFFFFFFF44
:10BC1000FFFFFFFFFFFFFFFFFFFFFFFFFFFFFFFF34
:10BC2000FFFFFFFFFFFFFFFFFFFFFFFFFFFFFFFF24
:10BC3000FFFFFFFFFFFFFFFFFFFFFFFFFFFFFFFF14
:10BC4000FFFFFFFFFFFFFFFFFFFFFFFFFFFFFFFF04
:10BC5000FFFFFFFFFFFFFFFFFFFFFFFFFFFFFFFFF4
:10BC6000FFFFFFFFFFFFFFFFFFFFFFFFFFFFFFFFE4
:10BC7000FFFFFFFFFFFFFFFFFFFFFFFFFFFFFFFFD4
:10BC8000FFFFFFFFFFFFFFFFFFFFFFFFFFFFFFFFC4
:10BC9000FFFFFFFFFFFFFFFFFFFFFFFFFFFFFFFFB4
:10BCA000FFFFFFFFFFFFFFFFFFFFFFFFFFFFFFFFA4
:10BCB000FFFFFFFFFFFFFFFFFFFFFFFFFFFFFFFF94
:10BCC000FFFFFFFFFFFFFFFFFFFFFFFFFFFFFFFF84
:10BCD000FFFFFFFFFFFFFFFFFFFFFFFFFFFFFFFF74
:10BCE000FFFFFFFFFFFFFFFFFFFFFFFFFFFFFFFF64
:10BCF000FFFFFFFFFFFFFFFFFFFFFFFFFFFFFFFF54
:10BD0000FFFFFFFFFFFFFFFFFFFFFFFFFFFFFFFF43
:10BD1000FFFFFFFFFFFFFFFFFFFFFFFFFFFFFFFF33
:10BD2000FFFFFFFFFFFFFFFFFFFFFFFFFFFFFFFF23
:10BD3000FFFFFFFFFFFFFFFFFFFFFFFFFFFFFFFF13
:10BD4000FFFFFFFFFFFFFFFFFFFFFFFFFFFFFFFF03
:10BD5000FFFFFFFFFFFFFFFFFFFFFFFFFFFFFFFFF3
:10BD6000FFFFFFFFFFFFFFFFFFFFFFFFFFFFFFFFE3
:10BD7000FFFFFFFFFFFFFFFFFFFFFFFFFFFFFFFFD3
:10BD8000FFFFFFFFFFFFFFFFFFFFFFFFFFFFFFFFC3
:10BD9000FFFFFFFFFFFFFFFFFFFFFFFFFFFFFFFFB3
:10BDA000FFFFFFFFFFFFFFFFFFFFFFFFFFFFFFFFA3
:10BDB000FFFFFFFFFFFFFFFFFFFFFFFFFFFFFFFF93
:10BDC000FFFFFFFFFFFFFFFFFFFFFFFFFFFFFFFF83
:10BDD000FFFFFFFFFFFFFFFFFFFFFFFFFFFFFFFF73
:10BDE000FFFFFFFFFFFFFFFFFFFFFFFFFFFFFFFF63
:10BDF000FFFFFFFFFFFFFFFFFFFFFFFFFFFFFFFF53
:10BE0000FFFFFFFFFFFFFFFFFFFFFFFFFFFFFFFF42
:10BE1000FFFFFFFFFFFFFFFFFFFFFFFFFFFFFFFF32
:10BE2000FFFFFFFFFFFFFFFFFFFFFFFFFFFFFFFF22
:10BE3000FFFFFFFFFFFFFFFFFFFFFFFFFFFFFFFF12
:10BE4000FFFFFFFFFFFFFFFFFFFFFFFFFFFFFFFF02
:10BE5000FFFFFFFFFFFFFFFFFFFFFFFFFFFFFFFFF2
:10BE6000FFFFFFFFFFFFFFFFFFFFFFFFFFFFFFFFE2
:10BE7000FFFFFFFFFFFFFFFFFFFFFFFFFFFFFFFFD2
:10BE8000FFFFFFFFFFFFFFFFFFFFFFFFFFFFFFFFC2
:10BE9000FFFFFFFFFFFFFFFFFFFFFFFFFFFFFFFFB2
:10BEA000FFFFFFFFFFFFFFFFFFFFFFFFFFFFFFFFA2
:10BEB000FFFFFFFFFFFFFFFFFFFFFFFFFFFFFFFF92
:10BEC000FFFFFFFFFFFFFFFFFFFFFFFFFFFFFFFF82
:10BED000FFFFFFFFFFFFFFFFFFFFFFFFFFFFFFFF72
:10BEE000FFFFFFFFFFFFFFFFFFFFFFFFFFFFFFFF62
:10BEF000FFFFFFFFFFFFFFFFFFFFFFFFFFFFFFFF52
:10BF0000FFFFFFFFFFFFFFFFFFFFFFFFFFFFFFFF41
:10BF1000FFFFFFFFFFFFFFFFFFFFFFFFFFFFFFFF31
:10BF2000FFFFFFFFFFFFFFFFFFFFFFFFFFFFFFFF21
:10BF3000FFFFFFFFFFFFFFFFFFFFFFFFFFFFFFFF11
:10BF4000FFFFFFFFFFFFFFFFFFFFFFFFFFFFFFFF01
:10BF5000FFFFFFFFFFFFFFFFFFFFFFFFFFFFFFFFF1
:10BF6000FFFFFFFFFFFFFFFFFFFFFFFFFFFFFFFFE1
:10BF7000FFFFFFFFFFFFFFFFFFFFFFFFFFFFFFFFD1
:10BF8000FFFFFFFFFFFFFFFFFFFFFFFFFFFFFFFFC1
:10BF9000FFFFFFFFFFFFFFFFFFFFFFFFFFFFFFFFB1
:10BFA000FFFFFFFFFFFFFFFFFFFFFFFFFFFFFFFFA1
:10BFB000FFFFFFFFFFFFFFFFFFFFFFFFFFFFFFFF91
:10BFC000FFFFFFFFFFFFFFFFFFFFFFFFFFFFFFFF81
:10BFD000FFFFFFFFFFFFFFFFFFFFFFFFFFFFFFFF71
:10BFE000FFFFFFFFFFFFFFFFFFFFFFFFFFFFFFFF61
:10BFF000FFFFFFFFFFFFFFFFFFFFFFFFFFFFFFFF51
:10C00000FFFFFFFFFFFFFFFFFFFFFFFFFFFFFFFF40
:10C01000FFFFFFFFFFFFFFFFFFFFFFFFFFFFFFFF30
:10C02000FFFFFFFFFFFFFFFFFFFFFFFFFFFFFFFF20
:10C03000FFFFFFFFFFFFFFFFFFFFFFFFFFFFFFFF10
:10C04000FFFFFFFFFFFFFFFFFFFFFFFFFFFFFFFF00
:10C05000FFFFFFFFFFFFFFFFFFFFFFFFFFFFFFFFF0
:10C06000FFFFFFFFFFFFFFFFFFFFFFFFFFFFFFFFE0
:10C07000FFFFFFFFFFFFFFFFFFFFFFFFFFFFFFFFD0
:10C08000FFFFFFFFFFFFFFFFFFFFFFFFFFFFFFFFC0
:10C09000FFFFFFFFFFFFFFFFFFFFFFFFFFFFFFFFB0
:10C0A000FFFFFFFFFFFFFFFFFFFFFFFFFFFFFFFFA0
:10C0B000FFFFFFFFFFFFFFFFFFFFFFFFFFFFFFFF90
:10C0C000FFFFFFFFFFFFFFFFFFFFFFFFFFFFFFFF80
:10C0D000FFFFFFFFFFFFFFFFFFFFFFFFFFFFFFFF70
:10C0E000FFFFFFFFFFFFFFFFFFFFFFFFFFFFFFFF60
:10C0F000FFFFFFFFFFFFFFFFFFFFFFFFFFFFFFFF50
:10C10000FFFFFFFFFFFFFFFFFFFFFFFFFFFFFFFF3F
:10C11000FFFFFFFFFFFFFFFFFFFFFFFFFFFFFFFF2F
:10C12000FFFFFFFFFFFFFFFFFFFFFFFFFFFFFFFF1F
:10C13000FFFFFFFFFFFFFFFFFFFFFFFFFFFFFFFF0F
:10C14000FFFFFFFFFFFFFFFFFFFFFFFFFFFFFFFFFF
:10C15000FFFFFFFFFFFFFFFFFFFFFFFFFFFFFFFFEF
:10C16000FFFFFFFFFFFFFFFFFFFFFFFFFFFFFFFFDF
:10C17000FFFFFFFFFFFFFFFFFFFFFFFFFFFFFFFFCF
:10C18000FFFFFFFFFFFFFFFFFFFFFFFFFFFFFFFFBF
:10C19000FFFFFFFFFFFFFFFFFFFFFFFFFFFFFFFFAF
:10C1A000FFFFFFFFFFFFFFFFFFFFFFFFFFFFFFFF9F
:10C1B000FFFFFFFFFFFFFFFFFFFFFFFFFFFFFFFF8F
:10C1C000FFFFFFFFFFFFFFFFFFFFFFFFFFFFFFFF7F
:10C1D000FFFFFFFFFFFFFFFFFFFFFFFFFFFFFFFF6F
:10C1E000FFFFFFFFFFFFFFFFFFFFFFFFFFFFFFFF5F
:10C1F000FFFFFFFFFFFFFFFFFFFFFFFFFFFFFFFF4F
:10C20000FFFFFFFFFFFFFFFFFFFFFFFFFFFFFFFF3E
:10C21000FFFFFFFFFFFFFFFFFFFFFFFFFFFFFFFF2E
:10C22000FFFFFFFFFFFFFFFFFFFFFFFFFFFFFFFF1E
:10C23000FFFFFFFFFFFFFFFFFFFFFFFFFFFFFFFF0E
:10C24000FFFFFFFFFFFFFFFFFFFFFFFFFFFFFFFFFE
:10C25000FFFFFFFFFFFFFFFFFFFFFFFFFFFFFFFFEE
:10C26000FFFFFFFFFFFFFFFFFFFFFFFFFFFFFFFFDE
:10C27000FFFFFFFFFFFFFFFFFFFFFFFFFFFFFFFFCE
:10C28000FFFFFFFFFFFFFFFFFFFFFFFFFFFFFFFFBE
:10C29000FFFFFFFFFFFFFFFFFFFFFFFFFFFFFFFFAE
:10C2A000FFFFFFFFFFFFFFFFFFFFFFFFFFFFFFFF9E
:10C2B000FFFFFFFFFFFFFFFFFFFFFFFFFFFFFFFF8E
:10C2C000FFFFFFFFFFFFFFFFFFFFFFFFFFFFFFFF7E
:10C2D000FFFFFFFFFFFFFFFFFFFFFFFFFFFFFFFF6E
:10C2E000FFFFFFFFFFFFFFFFFFFFFFFFFFFFFFFF5E
:10C2F000FFFFFFFFFFFFFFFFFFFFFFFFFFFFFFFF4E
:10C30000FFFFFFFFFFFFFFFFFFFFFFFFFFFFFFFF3D
:10C31000FFFFFFFFFFFFFFFFFFFFFFFFFFFFFFFF2D
:10C32000FFFFFFFFFFFFFFFFFFFFFFFFFFFFFFFF1D
:10C33000FFFFFFFFFFFFFFFFFFFFFFFFFFFFFFFF0D
:10C34000FFFFFFFFFFFFFFFFFFFFFFFFFFFFFFFFFD
:10C35000FFFFFFFFFFFFFFFFFFFFFFFFFFFFFFFFED
:10C36000FFFFFFFFFFFFFFFFFFFFFFFFFFFFFFFFDD
:10C37000FFFFFFFFFFFFFFFFFFFFFFFFFFFFFFFFCD
:10C38000FFFFFFFFFFFFFFFFFFFFFFFFFFFFFFFFBD
:10C39000FFFFFFFFFFFFFFFFFFFFFFFFFFFFFFFFAD
:10C3A000FFFFFFFFFFFFFFFFFFFFFFFFFFFFFFFF9D
:10C3B000FFFFFFFFFFFFFFFFFFFFFFFFFFFFFFFF8D
:10C3C000FFFFFFFFFFFFFFFFFFFFFFFFFFFFFFFF7D
:10C3D000FFFFFFFFFFFFFFFFFFFFFFFFFFFFFFFF6D
:10C3E000FFFFFFFFFFFFFFFFFFFFFFFFFFFFFFFF5D
:10C3F000FFFFFFFFFFFFFFFFFFFFFFFFFFFFFFFF4D
:10C40000FFFFFFFFFFFFFFFFFFFFFFFFFFFFFFFF3C
:10C41000FFFFFFFFFFFFFFFFFFFFFFFFFFFFFFFF2C
:10C42000FFFFFFFFFFFFFFFFFFFFFFFFFFFFFFFF1C
:10C43000FFFFFFFFFFFFFFFFFFFFFFFFFFFFFFFF0C
:10C44000FFFFFFFFFFFFFFFFFFFFFFFFFFFFFFFFFC
:10C45000FFFFFFFFFFFFFFFFFFFFFFFFFFFFFFFFEC
:10C46000FFFFFFFFFFFFFFFFFFFFFFFFFFFFFFFFDC
:10C47000FFFFFFFFFFFFFFFFFFFFFFFFFFFFFFFFCC
:10C48000FFFFFFFFFFFFFFFFFFFFFFFFFFFFFFFFBC
:10C49000FFFFFFFFFFFFFFFFFFFFFFFFFFFFFFFFAC
:10C4A000FFFFFFFFFFFFFFFFFFFFFFFFFFFFFFFF9C
:10C4B000FFFFFFFFFFFFFFFFFFFFFFFFFFFFFFFF8C
:10C4C000FFFFFFFFFFFFFFFFFFFFFFFFFFFFFFFF7C
:10C4D000FFFFFFFFFFFFFFFFFFFFFFFFFFFFFFFF6C
:10C4E000FFFFFFFFFFFFFFFFFFFFFFFFFFFFFFFF5C
:10C4F000FFFFFFFFFFFFFFFFFFFFFFFFFFFFFFFF4C
:10C50000FFFFFFFFFFFFFFFFFFFFFFFFFFFFFFFF3B
:10C51000FFFFFFFFFFFFFFFFFFFFFFFFFFFFFFFF2B
:10C52000FFFFFFFFFFFFFFFFFFFFFFFFFFFFFFFF1B
:10C53000FFFFFFFFFFFFFFFFFFFFFFFFFFFFFFFF0B
:10C54000FFFFFFFFFFFFFFFFFFFFFFFFFFFFFFFFFB
:10C55000FFFFFFFFFFFFFFFFFFFFFFFFFFFFFFFFEB
:10C56000FFFFFFFFFFFFFFFFFFFFFFFFFFFFFFFFDB
:10C57000FFFFFFFFFFFFFFFFFFFFFFFFFFFFFFFFCB
:10C58000FFFFFFFFFFFFFFFFFFFFFFFFFFFFFFFFBB
:10C59000FFFFFFFFFFFFFFFFFFFFFFFFFFFFFFFFAB
:10C5A000FFFFFFFFFFFFFFFFFFFFFFFFFFFFFFFF9B
:10C5B000FFFFFFFFFFFFFFFFFFFFFFFFFFFFFFFF8B
:10C5C000FFFFFFFFFFFFFFFFFFFFFFFFFFFFFFFF7B
:10C5D000FFFFFFFFFFFFFFFFFFFFFFFFFFFFFFFF6B
:10C5E000FFFFFFFFFFFFFFFFFFFFFFFFFFFFFFFF5B
:10C5F000FFFFFFFFFFFFFFFFFFFFFFFFFFFFFFFF4B
:10C60000FFFFFFFFFFFFFFFFFFFFFFFFFFFFFFFF3A
:10C61000FFFFFFFFFFFFFFFFFFFFFFFFFFFFFFFF2A
:10C62000FFFFFFFFFFFFFFFFFFFFFFFFFFFFFFFF1A
:10C63000FFFFFFFFFFFFFFFFFFFFFFFFFFFFFFFF0A
:10C64000FFFFFFFFFFFFFFFFFFFFFFFFFFFFFFFFFA
:10C65000FFFFFFFFFFFFFFFFFFFFFFFFFFFFFFFFEA
:10C66000FFFFFFFFFFFFFFFFFFFFFFFFFFFFFFFFDA
:10C67000FFFFFFFFFFFFFFFFFFFFFFFFFFFFFFFFCA
:10C68000FFFFFFFFFFFFFFFFFFFFFFFFFFFFFFFFBA
:10C69000FFFFFFFFFFFFFFFFFFFFFFFFFFFFFFFFAA
:10C6A000FFFFFFFFFFFFFFFFFFFFFFFFFFFFFFFF9A
:10C6B000FFFFFFFFFFFFFFFFFFFFFFFFFFFFFFFF8A
:10C6C000FFFFFFFFFFFFFFFFFFFFFFFFFFFFFFFF7A
:10C6D000FFFFFFFFFFFFFFFFFFFFFFFFFFFFFFFF6A
:10C6E000FFFFFFFFFFFFFFFFFFFFFFFFFFFFFFFF5A
:10C6F000FFFFFFFFFFFFFFFFFFFFFFFFFFFFFFFF4A
:10C70000FFFFFFFFFFFFFFFFFFFFFFFFFFFFFFFF39
:10C71000FFFFFFFFFFFFFFFFFFFFFFFFFFFFFFFF29
:10C72000FFFFFFFFFFFFFFFFFFFFFFFFFFFFFFFF19
:10C73000FFFFFFFFFFFFFFFFFFFFFFFFFFFFFFFF09
:10C74000FFFFFFFFFFFFFFFFFFFFFFFFFFFFFFFFF9
:10C75000FFFFFFFFFFFFFFFFFFFFFFFFFFFFFFFFE9
:10C76000FFFFFFFFFFFFFFFFFFFFFFFFFFFFFFFFD9
:10C77000FFFFFFFFFFFFFFFFFFFFFFFFFFFFFFFFC9
:10C78000FFFFFFFFFFFFFFFFFFFFFFFFFFFFFFFFB9
:10C79000FFFFFFFFFFFFFFFFFFFFFFFFFFFFFFFFA9
:10C7A000FFFFFFFFFFFFFFFFFFFFFFFFFFFFFFFF99
:10C7B000FFFFFFFFFFFFFFFFFFFFFFFFFFFFFFFF89
:10C7C000FFFFFFFFFFFFFFFFFFFFFFFFFFFFFFFF79
:10C7D000FFFFFFFFFFFFFFFFFFFFFFFFFFFFFFFF69
:10C7E000FFFFFFFFFFFFFFFFFFFFFFFFFFFFFFFF59
:10C7F000FFFFFFFFFFFFFFFFFFFFFFFFFFFFFFFF49
:10C80000FFFFFFFFFFFFFFFFFFFFFFFFFFFFFFFF38
:10C81000FFFFFFFFFFFFFFFFFFFFFFFFFFFFFFFF28
:10C82000FFFFFFFFFFFFFFFFFFFFFFFFFFFFFFFF18
:10C83000FFFFFFFFFFFFFFFFFFFFFFFFFFFFFFFF08
:10C84000FFFFFFFFFFFFFFFFFFFFFFFFFFFFFFFFF8
:10C85000FFFFFFFFFFFFFFFFFFFFFFFFFFFFFFFFE8
:10C86000FFFFFFFFFFFFFFFFFFFFFFFFFFFFFFFFD8
:10C87000FFFFFFFFFFFFFFFFFFFFFFFFFFFFFFFFC8
:10C88000FFFFFFFFFFFFFFFFFFFFFFFFFFFFFFFFB8
:10C89000FFFFFFFFFFFFFFFFFFFFFFFFFFFFFFFFA8
:10C8A000FFFFFFFFFFFFFFFFFFFFFFFFFFFFFFFF98
:10C8B000FFFFFFFFFFFFFFFFFFFFFFFFFFFFFFFF88
:10C8C000FFFFFFFFFFFFFFFFFFFFFFFFFFFFFFFF78
:10C8D000FFFFFFFFFFFFFFFFFFFFFFFFFFFFFFFF68
:10C8E000FFFFFFFFFFFFFFFFFFFFFFFFFFFFFFFF58
:10C8F000FFFFFFFFFFFFFFFFFFFFFFFFFFFFFFFF48
:10C90000FFFFFFFFFFFFFFFFFFFFFFFFFFFFFFFF37
:10C91000FFFFFFFFFFFFFFFFFFFFFFFFFFFFFFFF27
:10C92000FFFFFFFFFFFFFFFFFFFFFFFFFFFFFFFF17
:10C93000FFFFFFFFFFFFFFFFFFFFFFFFFFFFFFFF07
:10C94000FFFFFFFFFFFFFFFFFFFFFFFFFFFFFFFFF7
:10C95000FFFFFFFFFFFFFFFFFFFFFFFFFFFFFFFFE7
:10C96000FFFFFFFFFFFFFFFFFFFFFFFFFFFFFFFFD7
:10C97000FFFFFFFFFFFFFFFFFFFFFFFFFFFFFFFFC7
:10C98000FFFFFFFFFFFFFFFFFFFFFFFFFFFFFFFFB7
:10C99000FFFFFFFFFFFFFFFFFFFFFFFFFFFFFFFFA7
:10C9A000FFFFFFFFFFFFFFFFFFFFFFFFFFFFFFFF97
:10C9B000FFFFFFFFFFFFFFFFFFFFFFFFFFFFFFFF87
:10C9C000FFFFFFFFFFFFFFFFFFFFFFFFFFFFFFFF77
:10C9D000FFFFFFFFFFFFFFFFFFFFFFFFFFFFFFFF67
:10C9E000FFFFFFFFFFFFFFFFFFFFFFFFFFFFFFFF57
:10C9F000FFFFFFFFFFFFFFFFFFFFFFFFFFFFFFFF47
:10CA0000FFFFFFFFFFFFFFFFFFFFFFFFFFFFFFFF36
:10CA1000FFFFFFFFFFFFFFFFFFFFFFFFFFFFFFFF26
:10CA2000FFFFFFFFFFFFFFFFFFFFFFFFFFFFFFFF16
:10CA3000FFFFFFFFFFFFFFFFFFFFFFFFFFFFFFFF06
:10CA4000FFFFFFFFFFFFFFFFFFFFFFFFFFFFFFFFF6
:10CA5000FFFFFFFFFFFFFFFFFFFFFFFFFFFFFFFFE6
:10CA6000FFFFFFFFFFFFFFFFFFFFFFFFFFFFFFFFD6
:10CA7000FFFFFFFFFFFFFFFFFFFFFFFFFFFFFFFFC6
:10CA8000FFFFFFFFFFFFFFFFFFFFFFFFFFFFFFFFB6
:10CA9000FFFFFFFFFFFFFFFFFFFFFFFFFFFFFFFFA6
:10CAA000FFFFFFFFFFFFFFFFFFFFFFFFFFFFFFFF96
:10CAB000FFFFFFFFFFFFFFFFFFFFFFFFFFFFFFFF86
:10CAC000FFFFFFFFFFFFFFFFFFFFFFFFFFFFFFFF76
:10CAD000FFFFFFFFFFFFFFFFFFFFFFFFFFFFFFFF66
:10CAE000FFFFFFFFFFFFFFFFFFFFFFFFFFFFFFFF56
:10CAF000FFFFFFFFFFFFFFFFFFFFFFFFFFFFFFFF46
:10CB0000FFFFFFFFFFFFFFFFFFFFFFFFFFFFFFFF35
:10CB1000FFFFFFFFFFFFFFFFFFFFFFFFFFFFFFFF25
:10CB2000FFFFFFFFFFFFFFFFFFFFFFFFFFFFFFFF15
:10CB3000FFFFFFFFFFFFFFFFFFFFFFFFFFFFFFFF05
:10CB4000FFFFFFFFFFFFFFFFFFFFFFFFFFFFFFFFF5
:10CB5000FFFFFFFFFFFFFFFFFFFFFFFFFFFFFFFFE5
:10CB6000FFFFFFFFFFFFFFFFFFFFFFFFFFFFFFFFD5
:10CB7000FFFFFFFFFFFFFFFFFFFFFFFFFFFFFFFFC5
:10CB8000FFFFFFFFFFFFFFFFFFFFFFFFFFFFFFFFB5
:10CB9000FFFFFFFFFFFFFFFFFFFFFFFFFFFFFFFFA5
:10CBA000FFFFFFFFFFFFFFFFFFFFFFFFFFFFFFFF95
:10CBB000FFFFFFFFFFFFFFFFFFFFFFFFFFFFFFFF85
:10CBC000FFFFFFFFFFFFFFFFFFFFFFFFFFFFFFFF75
:10CBD000FFFFFFFFFFFFFFFFFFFFFFFFFFFFFFFF65
:10CBE000FFFFFFFFFFFFFFFFFFFFFFFFFFFFFFFF55
:10CBF000FFFFFFFFFFFFFFFFFFFFFFFFFFFFFFFF45
:10CC0000FFFFFFFFFFFFFFFFFFFFFFFFFFFFFFFF34
:10CC1000FFFFFFFFFFFFFFFFFFFFFFFFFFFFFFFF24
:10CC2000FFFFFFFFFFFFFFFFFFFFFFFFFFFFFFFF14
:10CC3000FFFFFFFFFFFFFFFFFFFFFFFFFFFFFFFF04
:10CC4000FFFFFFFFFFFFFFFFFFFFFFFFFFFFFFFFF4
:10CC5000FFFFFFFFFFFFFFFFFFFFFFFFFFFFFFFFE4
:10CC6000FFFFFFFFFFFFFFFFFFFFFFFFFFFFFFFFD4
:10CC7000FFFFFFFFFFFFFFFFFFFFFFFFFFFFFFFFC4
:10CC8000FFFFFFFFFFFFFFFFFFFFFFFFFFFFFFFFB4
:10CC9000FFFFFFFFFFFFFFFFFFFFFFFFFFFFFFFFA4
:10CCA000FFFFFFFFFFFFFFFFFFFFFFFFFFFFFFFF94
:10CCB000FFFFFFFFFFFFFFFFFFFFFFFFFFFFFFFF84
:10CCC000FFFFFFFFFFFFFFFFFFFFFFFFFFFFFFFF74
:10CCD000FFFFFFFFFFFFFFFFFFFFFFFFFFFFFFFF64
:10CCE000FFFFFFFFFFFFFFFFFFFFFFFFFFFFFFFF54
:10CCF000FFFFFFFFFFFFFFFFFFFFFFFFFFFFFFFF44
:10CD0000FFFFFFFFFFFFFFFFFFFFFFFFFFFFFFFF33
:10CD1000FFFFFFFFFFFFFFFFFFFFFFFFFFFFFFFF23
:10CD2000FFFFFFFFFFFFFFFFFFFFFFFFFFFFFFFF13
:10CD3000FFFFFFFFFFFFFFFFFFFFFFFFFFFFFFFF03
:10CD4000FFFFFFFFFFFFFFFFFFFFFFFFFFFFFFFFF3
:10CD5000FFFFFFFFFFFFFFFFFFFFFFFFFFFFFFFFE3
:10CD6000FFFFFFFFFFFFFFFFFFFFFFFFFFFFFFFFD3
:10CD7000FFFFFFFFFFFFFFFFFFFFFFFFFFFFFFFFC3
:10CD8000FFFFFFFFFFFFFFFFFFFFFFFFFFFFFFFFB3
:10CD9000FFFFFFFFFFFFFFFFFFFFFFFFFFFFFFFFA3
:10CDA000FFFFFFFFFFFFFFFFFFFFFFFFFFFFFFFF93
:10CDB000FFFFFFFFFFFFFFFFFFFFFFFFFFFFFFFF83
:10CDC000FFFFFFFFFFFFFFFFFFFFFFFFFFFFFFFF73
:10CDD000FFFFFFFFFFFFFFFFFFFFFFFFFFFFFFFF63
:10CDE000FFFFFFFFFFFFFFFFFFFFFFFFFFFFFFFF53
:10CDF000FFFFFFFFFFFFFFFFFFFFFFFFFFFFFFFF43
:10CE0000FFFFFFFFFFFFFFFFFFFFFFFFFFFFFFFF32
:10CE1000FFFFFFFFFFFFFFFFFFFFFFFFFFFFFFFF22
:10CE2000FFFFFFFFFFFFFFFFFFFFFFFFFFFFFFFF12
:10CE3000FFFFFFFFFFFFFFFFFFFFFFFFFFFFFFFF02
:10CE4000FFFFFFFFFFFFFFFFFFFFFFFFFFFFFFFFF2
:10CE5000FFFFFFFFFFFFFFFFFFFFFFFFFFFFFFFFE2
:10CE6000FFFFFFFFFFFFFFFFFFFFFFFFFFFFFFFFD2
:10CE7000FFFFFFFFFFFFFFFFFFFFFFFFFFFFFFFFC2
:10CE8000FFFFFFFFFFFFFFFFFFFFFFFFFFFFFFFFB2
:10CE9000FFFFFFFFFFFFFFFFFFFFFFFFFFFFFFFFA2
:10CEA000FFFFFFFFFFFFFFFFFFFFFFFFFFFFFFFF92
:10CEB000FFFFFFFFFFFFFFFFFFFFFFFFFFFFFFFF82
:10CEC000FFFFFFFFFFFFFFFFFFFFFFFFFFFFFFFF72
:10CED000FFFFFFFFFFFFFFFFFFFFFFFFFFFFFFFF62
:10CEE000FFFFFFFFFFFFFFFFFFFFFFFFFFFFFFFF52
:10CEF000FFFFFFFFFFFFFFFFFFFFFFFFFFFFFFFF42
:10CF0000FFFFFFFFFFFFFFFFFFFFFFFFFFFFFFFF31
:10CF1000FFFFFFFFFFFFFFFFFFFFFFFFFFFFFFFF21
:10CF2000FFFFFFFFFFFFFFFFFFFFFFFFFFFFFFFF11
:10CF3000FFFFFFFFFFFFFFFFFFFFFFFFFFFFFFFF01
:10CF4000FFFFFFFFFFFFFFFFFFFFFFFFFFFFFFFFF1
:10CF5000FFFFFFFFFFFFFFFFFFFFFFFFFFFFFFFFE1
:10CF6000FFFFFFFFFFFFFFFFFFFFFFFFFFFFFFFFD1
:10CF7000FFFFFFFFFFFFFFFFFFFFFFFFFFFFFFFFC1
:10CF8000FFFFFFFFFFFFFFFFFFFFFFFFFFFFFFFFB1
:10CF9000FFFFFFFFFFFFFFFFFFFFFFFFFFFFFFFFA1
:10CFA000FFFFFFFFFFFFFFFFFFFFFFFFFFFFFFFF91
:10CFB000FFFFFFFFFFFFFFFFFFFFFFFFFFFFFFFF81
:10CFC000FFFFFFFFFFFFFFFFFFFFFFFFFFFFFFFF71
:10CFD000FFFFFFFFFFFFFFFFFFFFFFFFFFFFFFFF61
:10CFE000FFFFFFFFFFFFFFFFFFFFFFFFFFFFFFFF51
:10CFF000FFFFFFFFFFFFFFFFFFFFFFFFFFFFFFFF41
:10D00000FFFFFFFFFFFFFFFFFFFFFFFFFFFFFFFF30
:10D01000FFFFFFFFFFFFFFFFFFFFFFFFFFFFFFFF20
:10D02000FFFFFFFFFFFFFFFFFFFFFFFFFFFFFFFF10
:10D03000FFFFFFFFFFFFFFFFFFFFFFFFFFFFFFFF00
:10D04000FFFFFFFFFFFFFFFFFFFFFFFFFFFFFFFFF0
:10D05000FFFFFFFFFFFFFFFFFFFFFFFFFFFFFFFFE0
:10D06000FFFFFFFFFFFFFFFFFFFFFFFFFFFFFFFFD0
:10D07000FFFFFFFFFFFFFFFFFFFFFFFFFFFFFFFFC0
:10D08000FFFFFFFFFFFFFFFFFFFFFFFFFFFFFFFFB0
:10D09000FFFFFFFFFFFFFFFFFFFFFFFFFFFFFFFFA0
:10D0A000FFFFFFFFFFFFFFFFFFFFFFFFFFFFFFFF90
:10D0B000FFFFFFFFFFFFFFFFFFFFFFFFFFFFFFFF80
:10D0C000FFFFFFFFFFFFFFFFFFFFFFFFFFFFFFFF70
:10D0D000FFFFFFFFFFFFFFFFFFFFFFFFFFFFFFFF60
:10D0E000FFFFFFFFFFFFFFFFFFFFFFFFFFFFFFFF50
:10D0F000FFFFFFFFFFFFFFFFFFFFFFFFFFFFFFFF40
:10D10000FFFFFFFFFFFFFFFFFFFFFFFFFFFFFFFF2F
:10D11000FFFFFFFFFFFFFFFFFFFFFFFFFFFFFFFF1F
:10D12000FFFFFFFFFFFFFFFFFFFFFFFFFFFFFFFF0F
:10D13000FFFFFFFFFFFFFFFFFFFFFFFFFFFFFFFFFF
:10D14000FFFFFFFFFFFFFFFFFFFFFFFFFFFFFFFFEF
:10D15000FFFFFFFFFFFFFFFFFFFFFFFFFFFFFFFFDF
:10D16000FFFFFFFFFFFFFFFFFFFFFFFFFFFFFFFFCF
:10D17000FFFFFFFFFFFFFFFFFFFFFFFFFFFFFFFFBF
:10D18000FFFFFFFFFFFFFFFFFFFFFFFFFFFFFFFFAF
:10D19000FFFFFFFFFFFFFFFFFFFFFFFFFFFFFFFF9F
:10D1A000FFFFFFFFFFFFFFFFFFFFFFFFFFFFFFFF8F
:10D1B000FFFFFFFFFFFFFFFFFFFFFFFFFFFFFFFF7F
:10D1C000FFFFFFFFFFFFFFFFFFFFFFFFFFFFFFFF6F
:10D1D000FFFFFFFFFFFFFFFFFFFFFFFFFFFFFFFF5F
:10D1E000FFFFFFFFFFFFFFFFFFFFFFFFFFFFFFFF4F
:10D1F000FFFFFFFFFFFFFFFFFFFFFFFFFFFFFFFF3F
:10D20000FFFFFFFFFFFFFFFFFFFFFFFFFFFFFFFF2E
:10D21000FFFFFFFFFFFFFFFFFFFFFFFFFFFFFFFF1E
:10D22000FFFFFFFFFFFFFFFFFFFFFFFFFFFFFFFF0E
:10D23000FFFFFFFFFFFFFFFFFFFFFFFFFFFFFFFFFE
:10D24000FFFFFFFFFFFFFFFFFFFFFFFFFFFFFFFFEE
:10D25000FFFFFFFFFFFFFFFFFFFFFFFFFFFFFFFFDE
:10D26000FFFFFFFFFFFFFFFFFFFFFFFFFFFFFFFFCE
:10D27000FFFFFFFFFFFFFFFFFFFFFFFFFFFFFFFFBE
:10D28000FFFFFFFFFFFFFFFFFFFFFFFFFFFFFFFFAE
:10D29000FFFFFFFFFFFFFFFFFFFFFFFFFFFFFFFF9E
:10D2A000FFFFFFFFFFFFFFFFFFFFFFFFFFFFFFFF8E
:10D2B000FFFFFFFFFFFFFFFFFFFFFFFFFFFFFFFF7E
:10D2C000FFFFFFFFFFFFFFFFFFFFFFFFFFFFFFFF6E
:10D2D000FFFFFFFFFFFFFFFFFFFFFFFFFFFFFFFF5E
:10D2E000FFFFFFFFFFFFFFFFFFFFFFFFFFFFFFFF4E
:10D2F000FFFFFFFFFFFFFFFFFFFFFFFFFFFFFFFF3E
:10D30000FFFFFFFFFFFFFFFFFFFFFFFFFFFFFFFF2D
:10D31000FFFFFFFFFFFFFFFFFFFFFFFFFFFFFFFF1D
:10D32000FFFFFFFFFFFFFFFFFFFFFFFFFFFFFFFF0D
:10D33000FFFFFFFFFFFFFFFFFFFFFFFFFFFFFFFFFD
:10D34000FFFFFFFFFFFFFFFFFFFFFFFFFFFFFFFFED
:10D35000FFFFFFFFFFFFFFFFFFFFFFFFFFFFFFFFDD
:10D36000FFFFFFFFFFFFFFFFFFFFFFFFFFFFFFFFCD
:10D37000FFFFFFFFFFFFFFFFFFFFFFFFFFFFFFFFBD
:10D38000FFFFFFFFFFFFFFFFFFFFFFFFFFFFFFFFAD
:10D39000FFFFFFFFFFFFFFFFFFFFFFFFFFFFFFFF9D
:10D3A000FFFFFFFFFFFFFFFFFFFFFFFFFFFFFFFF8D
:10D3B000FFFFFFFFFFFFFFFFFFFFFFFFFFFFFFFF7D
:10D3C000FFFFFFFFFFFFFFFFFFFFFFFFFFFFFFFF6D
:10D3D000FFFFFFFFFFFFFFFFFFFFFFFFFFFFFFFF5D
:10D3E000FFFFFFFFFFFFFFFFFFFFFFFFFFFFFFFF4D
:10D3F000FFFFFFFFFFFFFFFFFFFFFFFFFFFFFFFF3D
:10D40000FFFFFFFFFFFFFFFFFFFFFFFFFFFFFFFF2C
:10D41000FFFFFFFFFFFFFFFFFFFFFFFFFFFFFFFF1C
:10D42000FFFFFFFFFFFFFFFFFFFFFFFFFFFFFFFF0C
:10D43000FFFFFFFFFFFFFFFFFFFFFFFFFFFFFFFFFC
:10D44000FFFFFFFFFFFFFFFFFFFFFFFFFFFFFFFFEC
:10D45000FFFFFFFFFFFFFFFFFFFFFFFFFFFFFFFFDC
:10D46000FFFFFFFFFFFFFFFFFFFFFFFFFFFFFFFFCC
:10D47000FFFFFFFFFFFFFFFFFFFFFFFFFFFFFFFFBC
:10D48000FFFFFFFFFFFFFFFFFFFFFFFFFFFFFFFFAC
:10D49000FFFFFFFFFFFFFFFFFFFFFFFFFFFFFFFF9C
:10D4A000FFFFFFFFFFFFFFFFFFFFFFFFFFFFFFFF8C
:10D4B000FFFFFFFFFFFFFFFFFFFFFFFFFFFFFFFF7C
:10D4C000FFFFFFFFFFFFFFFFFFFFFFFFFFFFFFFF6C
:10D4D000FFFFFFFFFFFFFFFFFFFFFFFFFFFFFFFF5C
:10D4E000FFFFFFFFFFFFFFFFFFFFFFFFFFFFFFFF4C
:10D4F000FFFFFFFFFFFFFFFFFFFFFFFFFFFFFFFF3C
:10D50000FFFFFFFFFFFFFFFFFFFFFFFFFFFFFFFF2B
:10D51000FFFFFFFFFFFFFFFFFFFFFFFFFFFFFFFF1B
:10D52000FFFFFFFFFFFFFFFFFFFFFFFFFFFFFFFF0B
:10D53000FFFFFFFFFFFFFFFFFFFFFFFFFFFFFFFFFB
:10D54000FFFFFFFFFFFFFFFFFFFFFFFFFFFFFFFFEB
:10D55000FFFFFFFFFFFFFFFFFFFFFFFFFFFFFFFFDB
:10D56000FFFFFFFFFFFFFFFFFFFFFFFFFFFFFFFFCB
:10D57000FFFFFFFFFFFFFFFFFFFFFFFFFFFFFFFFBB
:10D58000FFFFFFFFFFFFFFFFFFFFFFFFFFFFFFFFAB
:10D59000FFFFFFFFFFFFFFFFFFFFFFFFFFFFFFFF9B
:10D5A000FFFFFFFFFFFFFFFFFFFFFFFFFFFFFFFF8B
:10D5B000FFFFFFFFFFFFFFFFFFFFFFFFFFFFFFFF7B
:10D5C000FFFFFFFFFFFFFFFFFFFFFFFFFFFFFFFF6B
:10D5D000FFFFFFFFFFFFFFFFFFFFFFFFFFFFFFFF5B
:10D5E000FFFFFFFFFFFFFFFFFFFFFFFFFFFFFFFF4B
:10D5F000FFFFFFFFFFFFFFFFFFFFFFFFFFFFFFFF3B
:10D60000FFFFFFFFFFFFFFFFFFFFFFFFFFFFFFFF2A
:10D61000FFFFFFFFFFFFFFFFFFFFFFFFFFFFFFFF1A
:10D62000FFFFFFFFFFFFFFFFFFFFFFFFFFFFFFFF0A
:10D63000FFFFFFFFFFFFFFFFFFFFFFFFFFFFFFFFFA
:10D64000FFFFFFFFFFFFFFFFFFFFFFFFFFFFFFFFEA
:10D65000FFFFFFFFFFFFFFFFFFFFFFFFFFFFFFFFDA
:10D66000FFFFFFFFFFFFFFFFFFFFFFFFFFFFFFFFCA
:10D67000FFFFFFFFFFFFFFFFFFFFFFFFFFFFFFFFBA
:10D68000FFFFFFFFFFFFFFFFFFFFFFFFFFFFFFFFAA
:10D69000FFFFFFFFFFFFFFFFFFFFFFFFFFFFFFFF9A
:10D6A000FFFFFFFFFFFFFFFFFFFFFFFFFFFFFFFF8A
:10D6B000FFFFFFFFFFFFFFFFFFFFFFFFFFFFFFFF7A
:10D6C000FFFFFFFFFFFFFFFFFFFFFFFFFFFFFFFF6A
:10D6D000FFFFFFFFFFFFFFFFFFFFFFFFFFFFFFFF5A
:10D6E000FFFFFFFFFFFFFFFFFFFFFFFFFFFFFFFF4A
:10D6F000FFFFFFFFFFFFFFFFFFFFFFFFFFFFFFFF3A
:10D70000FFFFFFFFFFFFFFFFFFFFFFFFFFFFFFFF29
:10D71000FFFFFFFFFFFFFFFFFFFFFFFFFFFFFFFF19
:10D72000FFFFFFFFFFFFFFFFFFFFFFFFFFFFFFFF09
:10D73000FFFFFFFFFFFFFFFFFFFFFFFFFFFFFFFFF9
:10D74000FFFFFFFFFFFFFFFFFFFFFFFFFFFFFFFFE9
:10D75000FFFFFFFFFFFFFFFFFFFFFFFFFFFFFFFFD9
:10D76000FFFFFFFFFFFFFFFFFFFFFFFFFFFFFFFFC9
:10D77000FFFFFFFFFFFFFFFFFFFFFFFFFFFFFFFFB9
:10D78000FFFFFFFFFFFFFFFFFFFFFFFFFFFFFFFFA9
:10D79000FFFFFFFFFFFFFFFFFFFFFFFFFFFFFFFF99
:10D7A000FFFFFFFFFFFFFFFFFFFFFFFFFFFFFFFF89
:10D7B000FFFFFFFFFFFFFFFFFFFFFFFFFFFFFFFF79
:10D7C000FFFFFFFFFFFFFFFFFFFFFFFFFFFFFFFF69
:10D7D000FFFFFFFFFFFFFFFFFFFFFFFFFFFFFFFF59
:10D7E000FFFFFFFFFFFFFFFFFFFFFFFFFFFFFFFF49
:10D7F000FFFFFFFFFFFFFFFFFFFFFFFFFFFFFFFF39
:10D80000FFFFFFFFFFFFFFFFFFFFFFFFFFFFFFFF28
:10D81000FFFFFFFFFFFFFFFFFFFFFFFFFFFFFFFF18
:10D82000FFFFFFFFFFFFFFFFFFFFFFFFFFFFFFFF08
:10D83000FFFFFFFFFFFFFFFFFFFFFFFFFFFFFFFFF8
:10D84000FFFFFFFFFFFFFFFFFFFFFFFFFFFFFFFFE8
:10D85000FFFFFFFFFFFFFFFFFFFFFFFFFFFFFFFFD8
:10D86000FFFFFFFFFFFFFFFFFFFFFFFFFFFFFFFFC8
:10D87000FFFFFFFFFFFFFFFFFFFFFFFFFFFFFFFFB8
:10D88000FFFFFFFFFFFFFFFFFFFFFFFFFFFFFFFFA8
:10D89000FFFFFFFFFFFFFFFFFFFFFFFFFFFFFFFF98
:10D8A000FFFFFFFFFFFFFFFFFFFFFFFFFFFFFFFF88
:10D8B000FFFFFFFFFFFFFFFFFFFFFFFFFFFFFFFF78
:10D8C000FFFFFFFFFFFFFFFFFFFFFFFFFFFFFFFF68
:10D8D000FFFFFFFFFFFFFFFFFFFFFFFFFFFFFFFF58
:10D8E000FFFFFFFFFFFFFFFFFFFFFFFFFFFFFFFF48
:10D8F000FFFFFFFFFFFFFFFFFFFFFFFFFFFFFFFF38
:10D90000FFFFFFFFFFFFFFFFFFFFFFFFFFFFFFFF27
:10D91000FFFFFFFFFFFFFFFFFFFFFFFFFFFFFFFF17
:10D92000FFFFFFFFFFFFFFFFFFFFFFFFFFFFFFFF07
:10D93000FFFFFFFFFFFFFFFFFFFFFFFFFFFFFFFFF7
:10D94000FFFFFFFFFFFFFFFFFFFFFFFFFFFFFFFFE7
:10D95000FFFFFFFFFFFFFFFFFFFFFFFFFFFFFFFFD7
:10D96000FFFFFFFFFFFFFFFFFFFFFFFFFFFFFFFFC7
:10D97000FFFFFFFFFFFFFFFFFFFFFFFFFFFFFFFFB7
:10D98000FFFFFFFFFFFFFFFFFFFFFFFFFFFFFFFFA7
:10D99000FFFFFFFFFFFFFFFFFFFFFFFFFFFFFFFF97
:10D9A000FFFFFFFFFFFFFFFFFFFFFFFFFFFFFFFF87
:10D9B000FFFFFFFFFFFFFFFFFFFFFFFFFFFFFFFF77
:10D9C000FFFFFFFFFFFFFFFFFFFFFFFFFFFFFFFF67
:10D9D000FFFFFFFFFFFFFFFFFFFFFFFFFFFFFFFF57
:10D9E000FFFFFFFFFFFFFFFFFFFFFFFFFFFFFFFF47
:10D9F000FFFFFFFFFFFFFFFFFFFFFFFFFFFFFFFF37
:10DA0000FFFFFFFFFFFFFFFFFFFFFFFFFFFFFFFF26
:10DA1000FFFFFFFFFFFFFFFFFFFFFFFFFFFFFFFF16
:10DA2000FFFFFFFFFFFFFFFFFFFFFFFFFFFFFFFF06
:10DA3000FFFFFFFFFFFFFFFFFFFFFFFFFFFFFFFFF6
:10DA4000FFFFFFFFFFFFFFFFFFFFFFFFFFFFFFFFE6
:10DA5000FFFFFFFFFFFFFFFFFFFFFFFFFFFFFFFFD6
:10DA6000FFFFFFFFFFFFFFFFFFFFFFFFFFFFFFFFC6
:10DA7000FFFFFFFFFFFFFFFFFFFFFFFFFFFFFFFFB6
:10DA8000FFFFFFFFFFFFFFFFFFFFFFFFFFFFFFFFA6
:10DA9000FFFFFFFFFFFFFFFFFFFFFFFFFFFFFFFF96
:10DAA000FFFFFFFFFFFFFFFFFFFFFFFFFFFFFFFF86
:10DAB000FFFFFFFFFFFFFFFFFFFFFFFFFFFFFFFF76
:10DAC000FFFFFFFFFFFFFFFFFFFFFFFFFFFFFFFF66
:10DAD000FFFFFFFFFFFFFFFFFFFFFFFFFFFFFFFF56
:10DAE000FFFFFFFFFFFFFFFFFFFFFFFFFFFFFFFF46
:10DAF000FFFFFFFFFFFFFFFFFFFFFFFFFFFFFFFF36
:10DB0000FFFFFFFFFFFFFFFFFFFFFFFFFFFFFFFF25
:10DB1000FFFFFFFFFFFFFFFFFFFFFFFFFFFFFFFF15
:10DB2000FFFFFFFFFFFFFFFFFFFFFFFFFFFFFFFF05
:10DB3000FFFFFFFFFFFFFFFFFFFFFFFFFFFFFFFFF5
:10DB4000FFFFFFFFFFFFFFFFFFFFFFFFFFFFFFFFE5
:10DB5000FFFFFFFFFFFFFFFFFFFFFFFFFFFFFFFFD5
:10DB6000FFFFFFFFFFFFFFFFFFFFFFFFFFFFFFFFC5
:10DB7000FFFFFFFFFFFFFFFFFFFFFFFFFFFFFFFFB5
:10DB8000FFFFFFFFFFFFFFFFFFFFFFFFFFFFFFFFA5
:10DB9000FFFFFFFFFFFFFFFFFFFFFFFFFFFFFFFF95
:10DBA000FFFFFFFFFFFFFFFFFFFFFFFFFFFFFFFF85
:10DBB000FFFFFFFFFFFFFFFFFFFFFFFFFFFFFFFF75
:10DBC000FFFFFFFFFFFFFFFFFFFFFFFFFFFFFFFF65
:10DBD000FFFFFFFFFFFFFFFFFFFFFFFFFFFFFFFF55
:10DBE000FFFFFFFFFFFFFFFFFFFFFFFFFFFFFFFF45
:10DBF000FFFFFFFFFFFFFFFFFFFFFFFFFFFFFFFF35
:10DC0000FFFFFFFFFFFFFFFFFFFFFFFFFFFFFFFF24
:10DC1000FFFFFFFFFFFFFFFFFFFFFFFFFFFFFFFF14
:10DC2000FFFFFFFFFFFFFFFFFFFFFFFFFFFFFFFF04
:10DC3000FFFFFFFFFFFFFFFFFFFFFFFFFFFFFFFFF4
:10DC4000FFFFFFFFFFFFFFFFFFFFFFFFFFFFFFFFE4
:10DC5000FFFFFFFFFFFFFFFFFFFFFFFFFFFFFFFFD4
:10DC6000FFFFFFFFFFFFFFFFFFFFFFFFFFFFFFFFC4
:10DC7000FFFFFFFFFFFFFFFFFFFFFFFFFFFFFFFFB4
:10DC8000FFFFFFFFFFFFFFFFFFFFFFFFFFFFFFFFA4
:10DC9000FFFFFFFFFFFFFFFFFFFFFFFFFFFFFFFF94
:10DCA000FFFFFFFFFFFFFFFFFFFFFFFFFFFFFFFF84
:10DCB000FFFFFFFFFFFFFFFFFFFFFFFFFFFFFFFF74
:10DCC000FFFFFFFFFFFFFFFFFFFFFFFFFFFFFFFF64
:10DCD000FFFFFFFFFFFFFFFFFFFFFFFFFFFFFFFF54
:10DCE000FFFFFFFFFFFFFFFFFFFFFFFFFFFFFFFF44
:10DCF000FFFFFFFFFFFFFFFFFFFFFFFFFFFFFFFF34
:10DD0000FFFFFFFFFFFFFFFFFFFFFFFFFFFFFFFF23
:10DD1000FFFFFFFFFFFFFFFFFFFFFFFFFFFFFFFF13
:10DD2000FFFFFFFFFFFFFFFFFFFFFFFFFFFFFFFF03
:10DD3000FFFFFFFFFFFFFFFFFFFFFFFFFFFFFFFFF3
:10DD4000FFFFFFFFFFFFFFFFFFFFFFFFFFFFFFFFE3
:10DD5000FFFFFFFFFFFFFFFFFFFFFFFFFFFFFFFFD3
:10DD6000FFFFFFFFFFFFFFFFFFFFFFFFFFFFFFFFC3
:10DD7000FFFFFFFFFFFFFFFFFFFFFFFFFFFFFFFFB3
:10DD8000FFFFFFFFFFFFFFFFFFFFFFFFFFFFFFFFA3
:10DD9000FFFFFFFFFFFFFFFFFFFFFFFFFFFFFFFF93
:10DDA000FFFFFFFFFFFFFFFFFFFFFFFFFFFFFFFF83
:10DDB000FFFFFFFFFFFFFFFFFFFFFFFFFFFFFFFF73
:10DDC000FFFFFFFFFFFFFFFFFFFFFFFFFFFFFFFF63
:10DDD000FFFFFFFFFFFFFFFFFFFFFFFFFFFFFFFF53
:10DDE000FFFFFFFFFFFFFFFFFFFFFFFFFFFFFFFF43
:10DDF000FFFFFFFFFFFFFFFFFFFFFFFFFFFFFFFF33
:10DE0000FFFFFFFFFFFFFFFFFFFFFFFFFFFFFFFF22
:10DE1000FFFFFFFFFFFFFFFFFFFFFFFFFFFFFFFF12
:10DE2000FFFFFFFFFFFFFFFFFFFFFFFFFFFFFFFF02
:10DE3000FFFFFFFFFFFFFFFFFFFFFFFFFFFFFFFFF2
:10DE4000FFFFFFFFFFFFFFFFFFFFFFFFFFFFFFFFE2
:10DE5000FFFFFFFFFFFFFFFFFFFFFFFFFFFFFFFFD2
:10DE6000FFFFFFFFFFFFFFFFFFFFFFFFFFFFFFFFC2
:10DE7000FFFFFFFFFFFFFFFFFFFFFFFFFFFFFFFFB2
:10DE8000FFFFFFFFFFFFFFFFFFFFFFFFFFFFFFFFA2
:10DE9000FFFFFFFFFFFFFFFFFFFFFFFFFFFFFFFF92
:10DEA000FFFFFFFFFFFFFFFFFFFFFFFFFFFFFFFF82
:10DEB000FFFFFFFFFFFFFFFFFFFFFFFFFFFFFFFF72
:10DEC000FFFFFFFFFFFFFFFFFFFFFFFFFFFFFFFF62
:10DED000FFFFFFFFFFFFFFFFFFFFFFFFFFFFFFFF52
:10DEE000FFFFFFFFFFFFFFFFFFFFFFFFFFFFFFFF42
:10DEF000FFFFFFFFFFFFFFFFFFFFFFFFFFFFFFFF32
:10DF0000FFFFFFFFFFFFFFFFFFFFFFFFFFFFFFFF21
:10DF1000FFFFFFFFFFFFFFFFFFFFFFFFFFFFFFFF11
:10DF2000FFFFFFFFFFFFFFFFFFFFFFFFFFFFFFFF01
:10DF3000FFFFFFFFFFFFFFFFFFFFFFFFFFFFFFFFF1
:10DF4000FFFFFFFFFFFFFFFFFFFFFFFFFFFFFFFFE1
:10DF5000FFFFFFFFFFFFFFFFFFFFFFFFFFFFFFFFD1
:10DF6000FFFFFFFFFFFFFFFFFFFFFFFFFFFFFFFFC1
:10DF7000FFFFFFFFFFFFFFFFFFFFFFFFFFFFFFFFB1
:10DF8000FFFFFFFFFFFFFFFFFFFFFFFFFFFFFFFFA1
:10DF9000FFFFFFFFFFFFFFFFFFFFFFFFFFFFFFFF91
:10DFA000FFFFFFFFFFFFFFFFFFFFFFFFFFFFFFFF81
:10DFB000FFFFFFFFFFFFFFFFFFFFFFFFFFFFFFFF71
:10DFC000FFFFFFFFFFFFFFFFFFFFFFFFFFFFFFFF61
:10DFD000FFFFFFFFFFFFFFFFFFFFFFFFFFFFFFFF51
:10DFE000FFFFFFFFFFFFFFFFFFFFFFFFFFFFFFFF41
:10DFF000FFFFFFFFFFFFFFFFFFFFFFFFFFFFFFFF31
:10E00000FFFFFFFFFFFFFFFFFFFFFFFFFFFFFFFF20
:10E01000FFFFFFFFFFFFFFFFFFFFFFFFFFFFFFFF10
:10E02000FFFFFFFFFFFFFFFFFFFFFFFFFFFFFFFF00
:10E03000FFFFFFFFFFFFFFFFFFFFFFFFFFFFFFFFF0
:10E04000FFFFFFFFFFFFFFFFFFFFFFFFFFFFFFFFE0
:10E05000FFFFFFFFFFFFFFFFFFFFFFFFFFFFFFFFD0
:10E06000FFFFFFFFFFFFFFFFFFFFFFFFFFFFFFFFC0
:10E07000FFFFFFFFFFFFFFFFFFFFFFFFFFFFFFFFB0
:10E08000FFFFFFFFFFFFFFFFFFFFFFFFFFFFFFFFA0
:10E09000FFFFFFFFFFFFFFFFFFFFFFFFFFFFFFFF90
:10E0A000FFFFFFFFFFFFFFFFFFFFFFFFFFFFFFFF80
:10E0B000FFFFFFFFFFFFFFFFFFFFFFFFFFFFFFFF70
:10E0C000FFFFFFFFFFFFFFFFFFFFFFFFFFFFFFFF60
:10E0D000FFFFFFFFFFFFFFFFFFFFFFFFFFFFFFFF50
:10E0E000FFFFFFFFFFFFFFFFFFFFFFFFFFFFFFFF40
:10E0F000FFFFFFFFFFFFFFFFFFFFFFFFFFFFFFFF30
:10E10000FFFFFFFFFFFFFFFFFFFFFFFFFFFFFFFF1F
:10E11000FFFFFFFFFFFFFFFFFFFFFFFFFFFFFFFF0F
:10E12000FFFFFFFFFFFFFFFFFFFFFFFFFFFFFFFFFF
:10E13000FFFFFFFFFFFFFFFFFFFFFFFFFFFFFFFFEF
:10E14000FFFFFFFFFFFFFFFFFFFFFFFFFFFFFFFFDF
:10E15000FFFFFFFFFFFFFFFFFFFFFFFFFFFFFFFFCF
:10E16000FFFFFFFFFFFFFFFFFFFFFFFFFFFFFFFFBF
:10E17000FFFFFFFFFFFFFFFFFFFFFFFFFFFFFFFFAF
:10E18000FFFFFFFFFFFFFFFFFFFFFFFFFFFFFFFF9F
:10E19000FFFFFFFFFFFFFFFFFFFFFFFFFFFFFFFF8F
:10E1A000FFFFFFFFFFFFFFFFFFFFFFFFFFFFFFFF7F
:10E1B000FFFFFFFFFFFFFFFFFFFFFFFFFFFFFFFF6F
:10E1C000FFFFFFFFFFFFFFFFFFFFFFFFFFFFFFFF5F
:10E1D000FFFFFFFFFFFFFFFFFFFFFFFFFFFFFFFF4F
:10E1E000FFFFFFFFFFFFFFFFFFFFFFFFFFFFFFFF3F
:10E1F000FFFFFFFFFFFFFFFFFFFFFFFFFFFFFFFF2F
:10E20000FFFFFFFFFFFFFFFFFFFFFFFFFFFFFFFF1E
:10E21000FFFFFFFFFFFFFFFFFFFFFFFFFFFFFFFF0E
:10E22000FFFFFFFFFFFFFFFFFFFFFFFFFFFFFFFFFE
:10E23000FFFFFFFFFFFFFFFFFFFFFFFFFFFFFFFFEE
:10E24000FFFFFFFFFFFFFFFFFFFFFFFFFFFFFFFFDE
:10E25000FFFFFFFFFFFFFFFFFFFFFFFFFFFFFFFFCE
:10E26000FFFFFFFFFFFFFFFFFFFFFFFFFFFFFFFFBE
:10E27000FFFFFFFFFFFFFFFFFFFFFFFFFFFFFFFFAE
:10E28000FFFFFFFFFFFFFFFFFFFFFFFFFFFFFFFF9E
:10E29000FFFFFFFFFFFFFFFFFFFFFFFFFFFFFFFF8E
:10E2A000FFFFFFFFFFFFFFFFFFFFFFFFFFFFFFFF7E
:10E2B000FFFFFFFFFFFFFFFFFFFFFFFFFFFFFFFF6E
:10E2C000FFFFFFFFFFFFFFFFFFFFFFFFFFFFFFFF5E
:10E2D000FFFFFFFFFFFFFFFFFFFFFFFFFFFFFFFF4E
:10E2E000FFFFFFFFFFFFFFFFFFFFFFFFFFFFFFFF3E
:10E2F000FFFFFFFFFFFFFFFFFFFFFFFFFFFFFFFF2E
:10E30000FFFFFFFFFFFFFFFFFFFFFFFFFFFFFFFF1D
:10E31000FFFFFFFFFFFFFFFFFFFFFFFFFFFFFFFF0D
:10E32000FFFFFFFFFFFFFFFFFFFFFFFFFFFFFFFFFD
:10E33000FFFFFFFFFFFFFFFFFFFFFFFFFFFFFFFFED
:10E34000FFFFFFFFFFFFFFFFFFFFFFFFFFFFFFFFDD
:10E35000FFFFFFFFFFFFFFFFFFFFFFFFFFFFFFFFCD
:10E36000FFFFFFFFFFFFFFFFFFFFFFFFFFFFFFFFBD
:10E37000FFFFFFFFFFFFFFFFFFFFFFFFFFFFFFFFAD
:10E38000FFFFFFFFFFFFFFFFFFFFFFFFFFFFFFFF9D
:10E39000FFFFFFFFFFFFFFFFFFFFFFFFFFFFFFFF8D
:10E3A000FFFFFFFFFFFFFFFFFFFFFFFFFFFFFFFF7D
:10E3B000FFFFFFFFFFFFFFFFFFFFFFFFFFFFFFFF6D
:10E3C000FFFFFFFFFFFFFFFFFFFFFFFFFFFFFFFF5D
:10E3D000FFFFFFFFFFFFFFFFFFFFFFFFFFFFFFFF4D
:10E3E000FFFFFFFFFFFFFFFFFFFFFFFFFFFFFFFF3D
:10E3F000FFFFFFFFFFFFFFFFFFFFFFFFFFFFFFFF2D
:10E40000FFFFFFFFFFFFFFFFFFFFFFFFFFFFFFFF1C
:10E41000FFFFFFFFFFFFFFFFFFFFFFFFFFFFFFFF0C
:10E42000FFFFFFFFFFFFFFFFFFFFFFFFFFFFFFFFFC
:10E43000FFFFFFFFFFFFFFFFFFFFFFFFFFFFFFFFEC
:10E44000FFFFFFFFFFFFFFFFFFFFFFFFFFFFFFFFDC
:10E45000FFFFFFFFFFFFFFFFFFFFFFFFFFFFFFFFCC
:10E46000FFFFFFFFFFFFFFFFFFFFFFFFFFFFFFFFBC
:10E47000FFFFFFFFFFFFFFFFFFFFFFFFFFFFFFFFAC
:10E48000FFFFFFFFFFFFFFFFFFFFFFFFFFFFFFFF9C
:10E49000FFFFFFFFFFFFFFFFFFFFFFFFFFFFFFFF8C
:10E4A000FFFFFFFFFFFFFFFFFFFFFFFFFFFFFFFF7C
:10E4B000FFFFFFFFFFFFFFFFFFFFFFFFFFFFFFFF6C
:10E4C000FFFFFFFFFFFFFFFFFFFFFFFFFFFFFFFF5C
:10E4D000FFFFFFFFFFFFFFFFFFFFFFFFFFFFFFFF4C
:10E4E000FFFFFFFFFFFFFFFFFFFFFFFFFFFFFFFF3C
:10E4F000FFFFFFFFFFFFFFFFFFFFFFFFFFFFFFFF2C
:10E50000FFFFFFFFFFFFFFFFFFFFFFFFFFFFFFFF1B
:10E51000FFFFFFFFFFFFFFFFFFFFFFFFFFFFFFFF0B
:10E52000FFFFFFFFFFFFFFFFFFFFFFFFFFFFFFFFFB
:10E53000FFFFFFFFFFFFFFFFFFFFFFFFFFFFFFFFEB
:10E54000FFFFFFFFFFFFFFFFFFFFFFFFFFFFFFFFDB
:10E55000FFFFFFFFFFFFFFFFFFFFFFFFFFFFFFFFCB
:10E56000FFFFFFFFFFFFFFFFFFFFFFFFFFFFFFFFBB
:10E57000FFFFFFFFFFFFFFFFFFFFFFFFFFFFFFFFAB
:10E58000FFFFFFFFFFFFFFFFFFFFFFFFFFFFFFFF9B
:10E59000FFFFFFFFFFFFFFFFFFFFFFFFFFFFFFFF8B
:10E5A000FFFFFFFFFFFFFFFFFFFFFFFFFFFFFFFF7B
:10E5B000FFFFFFFFFFFFFFFFFFFFFFFFFFFFFFFF6B
:10E5C000FFFFFFFFFFFFFFFFFFFFFFFFFFFFFFFF5B
:10E5D000FFFFFFFFFFFFFFFFFFFFFFFFFFFFFFFF4B
:10E5E000FFFFFFFFFFFFFFFFFFFFFFFFFFFFFFFF3B
:10E5F000FFFFFFFFFFFFFFFFFFFFFFFFFFFFFFFF2B
:10E60000FFFFFFFFFFFFFFFFFFFFFFFFFFFFFFFF1A
:10E61000FFFFFFFFFFFFFFFFFFFFFFFFFFFFFFFF0A
:10E62000FFFFFFFFFFFFFFFFFFFFFFFFFFFFFFFFFA
:10E63000FFFFFFFFFFFFFFFFFFFFFFFFFFFFFFFFEA
:10E64000FFFFFFFFFFFFFFFFFFFFFFFFFFFFFFFFDA
:10E65000FFFFFFFFFFFFFFFFFFFFFFFFFFFFFFFFCA
:10E66000FFFFFFFFFFFFFFFFFFFFFFFFFFFFFFFFBA
:10E67000FFFFFFFFFFFFFFFFFFFFFFFFFFFFFFFFAA
:10E68000FFFFFFFFFFFFFFFFFFFFFFFFFFFFFFFF9A
:10E69000FFFFFFFFFFFFFFFFFFFFFFFFFFFFFFFF8A
:10E6A000FFFFFFFFFFFFFFFFFFFFFFFFFFFFFFFF7A
:10E6B000FFFFFFFFFFFFFFFFFFFFFFFFFFFFFFFF6A
:10E6C000FFFFFFFFFFFFFFFFFFFFFFFFFFFFFFFF5A
:10E6D000FFFFFFFFFFFFFFFFFFFFFFFFFFFFFFFF4A
:10E6E000FFFFFFFFFFFFFFFFFFFFFFFFFFFFFFFF3A
:10E6F000FFFFFFFFFFFFFFFFFFFFFFFFFFFFFFFF2A
:10E70000FFFFFFFFFFFFFFFFFFFFFFFFFFFFFFFF19
:10E71000FFFFFFFFFFFFFFFFFFFFFFFFFFFFFFFF09
:10E72000FFFFFFFFFFFFFFFFFFFFFFFFFFFFFFFFF9
:10E73000FFFFFFFFFFFFFFFFFFFFFFFFFFFFFFFFE9
:10E74000FFFFFFFFFFFFFFFFFFFFFFFFFFFFFFFFD9
:10E75000FFFFFFFFFFFFFFFFFFFFFFFFFFFFFFFFC9
:10E76000FFFFFFFFFFFFFFFFFFFFFFFFFFFFFFFFB9
:10E77000FFFFFFFFFFFFFFFFFFFFFFFFFFFFFFFFA9
:10E78000FFFFFFFFFFFFFFFFFFFFFFFFFFFFFFFF99
:10E79000FFFFFFFFFFFFFFFFFFFFFFFFFFFFFFFF89
:10E7A000FFFFFFFFFFFFFFFFFFFFFFFFFFFFFFFF79
:10E7B000FFFFFFFFFFFFFFFFFFFFFFFFFFFFFFFF69
:10E7C000FFFFFFFFFFFFFFFFFFFFFFFFFFFFFFFF59
:10E7D000FFFFFFFFFFFFFFFFFFFFFFFFFFFFFFFF49
:10E7E000FFFFFFFFFFFFFFFFFFFFFFFFFFFFFFFF39
:10E7F000FFFFFFFFFFFFFFFFFFFFFFFFFFFFFFFF29
:10E80000FFFFFFFFFFFFFFFFFFFFFFFFFFFFFFFF18
:10E81000FFFFFFFFFFFFFFFFFFFFFFFFFFFFFFFF08
:10E82000FFFFFFFFFFFFFFFFFFFFFFFFFFFFFFFFF8
:10E83000FFFFFFFFFFFFFFFFFFFFFFFFFFFFFFFFE8
:10E84000FFFFFFFFFFFFFFFFFFFFFFFFFFFFFFFFD8
:10E85000FFFFFFFFFFFFFFFFFFFFFFFFFFFFFFFFC8
:10E86000FFFFFFFFFFFFFFFFFFFFFFFFFFFFFFFFB8
:10E87000FFFFFFFFFFFFFFFFFFFFFFFFFFFFFFFFA8
:10E88000FFFFFFFFFFFFFFFFFFFFFFFFFFFFFFFF98
:10E89000FFFFFFFFFFFFFFFFFFFFFFFFFFFFFFFF88
:10E8A000FFFFFFFFFFFFFFFFFFFFFFFFFFFFFFFF78
:10E8B000FFFFFFFFFFFFFFFFFFFFFFFFFFFFFFFF68
:10E8C000FFFFFFFFFFFFFFFFFFFFFFFFFFFFFFFF58
:10E8D000FFFFFFFFFFFFFFFFFFFFFFFFFFFFFFFF48
:10E8E000FFFFFFFFFFFFFFFFFFFFFFFFFFFFFFFF38
:10E8F000FFFFFFFFFFFFFFFFFFFFFFFFFFFFFFFF28
:10E90000FFFFFFFFFFFFFFFFFFFFFFFFFFFFFFFF17
:10E91000FFFFFFFFFFFFFFFFFFFFFFFFFFFFFFFF07
:10E92000FFFFFFFFFFFFFFFFFFFFFFFFFFFFFFFFF7
:10E93000FFFFFFFFFFFFFFFFFFFFFFFFFFFFFFFFE7
:10E94000FFFFFFFFFFFFFFFFFFFFFFFFFFFFFFFFD7
:10E95000FFFFFFFFFFFFFFFFFFFFFFFFFFFFFFFFC7
:10E96000FFFFFFFFFFFFFFFFFFFFFFFFFFFFFFFFB7
:10E97000FFFFFFFFFFFFFFFFFFFFFFFFFFFFFFFFA7
:10E98000FFFFFFFFFFFFFFFFFFFFFFFFFFFFFFFF97
:10E99000FFFFFFFFFFFFFFFFFFFFFFFFFFFFFFFF87
:10E9A000FFFFFFFFFFFFFFFFFFFFFFFFFFFFFFFF77
:10E9B000FFFFFFFFFFFFFFFFFFFFFFFFFFFFFFFF67
:10E9C000FFFFFFFFFFFFFFFFFFFFFFFFFFFFFFFF57
:10E9D000FFFFFFFFFFFFFFFFFFFFFFFFFFFFFFFF47
:10E9E000FFFFFFFFFFFFFFFFFFFFFFFFFFFFFFFF37
:10E9F000FFFFFFFFFFFFFFFFFFFFFFFFFFFFFFFF27
:10EA0000FFFFFFFFFFFFFFFFFFFFFFFFFFFFFFFF16
:10EA1000FFFFFFFFFFFFFFFFFFFFFFFFFFFFFFFF06
:10EA2000FFFFFFFFFFFFFFFFFFFFFFFFFFFFFFFFF6
:10EA3000FFFFFFFFFFFFFFFFFFFFFFFFFFFFFFFFE6
:10EA4000FFFFFFFFFFFFFFFFFFFFFFFFFFFFFFFFD6
:10EA5000FFFFFFFFFFFFFFFFFFFFFFFFFFFFFFFFC6
:10EA6000FFFFFFFFFFFFFFFFFFFFFFFFFFFFFFFFB6
:10EA7000FFFFFFFFFFFFFFFFFFFFFFFFFFFFFFFFA6
:10EA8000FFFFFFFFFFFFFFFFFFFFFFFFFFFFFFFF96
:10EA9000FFFFFFFFFFFFFFFFFFFFFFFFFFFFFFFF86
:10EAA000FFFFFFFFFFFFFFFFFFFFFFFFFFFFFFFF76
:10EAB000FFFFFFFFFFFFFFFFFFFFFFFFFFFFFFFF66
:10EAC000FFFFFFFFFFFFFFFFFFFFFFFFFFFFFFFF56
:10EAD000FFFFFFFFFFFFFFFFFFFFFFFFFFFFFFFF46
:10EAE000FFFFFFFFFFFFFFFFFFFFFFFFFFFFFFFF36
:10EAF000FFFFFFFFFFFFFFFFFFFFFFFFFFFFFFFF26
:10EB0000FFFFFFFFFFFFFFFFFFFFFFFFFFFFFFFF15
:10EB1000FFFFFFFFFFFFFFFFFFFFFFFFFFFFFFFF05
:10EB2000FFFFFFFFFFFFFFFFFFFFFFFFFFFFFFFFF5
:10EB3000FFFFFFFFFFFFFFFFFFFFFFFFFFFFFFFFE5
:10EB4000FFFFFFFFFFFFFFFFFFFFFFFFFFFFFFFFD5
:10EB5000FFFFFFFFFFFFFFFFFFFFFFFFFFFFFFFFC5
:10EB6000FFFFFFFFFFFFFFFFFFFFFFFFFFFFFFFFB5
:10EB7000FFFFFFFFFFFFFFFFFFFFFFFFFFFFFFFFA5
:10EB8000FFFFFFFFFFFFFFFFFFFFFFFFFFFFFFFF95
:10EB9000FFFFFFFFFFFFFFFFFFFFFFFFFFFFFFFF85
:10EBA000FFFFFFFFFFFFFFFFFFFFFFFFFFFFFFFF75
:10EBB000FFFFFFFFFFFFFFFFFFFFFFFFFFFFFFFF65
:10EBC000FFFFFFFFFFFFFFFFFFFFFFFFFFFFFFFF55
:10EBD000FFFFFFFFFFFFFFFFFFFFFFFFFFFFFFFF45
:10EBE000FFFFFFFFFFFFFFFFFFFFFFFFFFFFFFFF35
:10EBF000FFFFFFFFFFFFFFFFFFFFFFFFFFFFFFFF25
:10EC0000FFFFFFFFFFFFFFFFFFFFFFFFFFFFFFFF14
:10EC1000FFFFFFFFFFFFFFFFFFFFFFFFFFFFFFFF04
:10EC2000FFFFFFFFFFFFFFFFFFFFFFFFFFFFFFFFF4
:10EC3000FFFFFFFFFFFFFFFFFFFFFFFFFFFFFFFFE4
:10EC4000FFFFFFFFFFFFFFFFFFFFFFFFFFFFFFFFD4
:10EC5000FFFFFFFFFFFFFFFFFFFFFFFFFFFFFFFFC4
:10EC6000FFFFFFFFFFFFFFFFFFFFFFFFFFFFFFFFB4
:10EC7000FFFFFFFFFFFFFFFFFFFFFFFFFFFFFFFFA4
:10EC8000FFFFFFFFFFFFFFFFFFFFFFFFFFFFFFFF94
:10EC9000FFFFFFFFFFFFFFFFFFFFFFFFFFFFFFFF84
:10ECA000FFFFFFFFFFFFFFFFFFFFFFFFFFFFFFFF74
:10ECB000FFFFFFFFFFFFFFFFFFFFFFFFFFFFFFFF64
:10ECC000FFFFFFFFFFFFFFFFFFFFFFFFFFFFFFFF54
:10ECD000FFFFFFFFFFFFFFFFFFFFFFFFFFFFFFFF44
:10ECE000FFFFFFFFFFFFFFFFFFFFFFFFFFFFFFFF34
:10ECF000FFFFFFFFFFFFFFFFFFFFFFFFFFFFFFFF24
:10ED0000FFFFFFFFFFFFFFFFFFFFFFFFFFFFFFFF13
:10ED1000FFFFFFFFFFFFFFFFFFFFFFFFFFFFFFFF03
:10ED2000FFFFFFFFFFFFFFFFFFFFFFFFFFFFFFFFF3
:10ED3000FFFFFFFFFFFFFFFFFFFFFFFFFFFFFFFFE3
:10ED4000FFFFFFFFFFFFFFFFFFFFFFFFFFFFFFFFD3
:10ED5000FFFFFFFFFFFFFFFFFFFFFFFFFFFFFFFFC3
:10ED6000FFFFFFFFFFFFFFFFFFFFFFFFFFFFFFFFB3
:10ED7000FFFFFFFFFFFFFFFFFFFFFFFFFFFFFFFFA3
:10ED8000FFFFFFFFFFFFFFFFFFFFFFFFFFFFFFFF93
:10ED9000FFFFFFFFFFFFFFFFFFFFFFFFFFFFFFFF83
:10EDA000FFFFFFFFFFFFFFFFFFFFFFFFFFFFFFFF73
:10EDB000FFFFFFFFFFFFFFFFFFFFFFFFFFFFFFFF63
:10EDC000FFFFFFFFFFFFFFFFFFFFFFFFFFFFFFFF53
:10EDD000FFFFFFFFFFFFFFFFFFFFFFFFFFFFFFFF43
:10EDE000FFFFFFFFFFFFFFFFFFFFFFFFFFFFFFFF33
:10EDF000FFFFFFFFFFFFFFFFFFFFFFFFFFFFFFFF23
:10EE0000FFFFFFFFFFFFFFFFFFFFFFFFFFFFFFFF12
:10EE1000FFFFFFFFFFFFFFFFFFFFFFFFFFFFFFFF02
:10EE2000FFFFFFFFFFFFFFFFFFFFFFFFFFFFFFFFF2
:10EE3000FFFFFFFFFFFFFFFFFFFFFFFFFFFFFFFFE2
:10EE4000FFFFFFFFFFFFFFFFFFFFFFFFFFFFFFFFD2
:10EE5000FFFFFFFFFFFFFFFFFFFFFFFFFFFFFFFFC2
:10EE6000FFFFFFFFFFFFFFFFFFFFFFFFFFFFFFFFB2
:10EE7000FFFFFFFFFFFFFFFFFFFFFFFFFFFFFFFFA2
:10EE8000FFFFFFFFFFFFFFFFFFFFFFFFFFFFFFFF92
:10EE9000FFFFFFFFFFFFFFFFFFFFFFFFFFFFFFFF82
:10EEA000FFFFFFFFFFFFFFFFFFFFFFFFFFFFFFFF72
:10EEB000FFFFFFFFFFFFFFFFFFFFFFFFFFFFFFFF62
:10EEC000FFFFFFFFFFFFFFFFFFFFFFFFFFFFFFFF52
:10EED000FFFFFFFFFFFFFFFFFFFFFFFFFFFFFFFF42
:10EEE000FFFFFFFFFFFFFFFFFFFFFFFFFFFFFFFF32
:10EEF000FFFFFFFFFFFFFFFFFFFFFFFFFFFFFFFF22
:10EF0000FFFFFFFFFFFFFFFFFFFFFFFFFFFFFFFF11
:10EF1000FFFFFFFFFFFFFFFFFFFFFFFFFFFFFFFF01
:10EF2000FFFFFFFFFFFFFFFFFFFFFFFFFFFFFFFFF1
:10EF3000FFFFFFFFFFFFFFFFFFFFFFFFFFFFFFFFE1
:10EF4000FFFFFFFFFFFFFFFFFFFFFFFFFFFFFFFFD1
:10EF5000FFFFFFFFFFFFFFFFFFFFFFFFFFFFFFFFC1
:10EF6000FFFFFFFFFFFFFFFFFFFFFFFFFFFFFFFFB1
:10EF7000FFFFFFFFFFFFFFFFFFFFFFFFFFFFFFFFA1
:10EF8000FFFFFFFFFFFFFFFFFFFFFFFFFFFFFFFF91
:10EF9000FFFFFFFFFFFFFFFFFFFFFFFFFFFFFFFF81
:10EFA000FFFFFFFFFFFFFFFFFFFFFFFFFFFFFFFF71
:10EFB000FFFFFFFFFFFFFFFFFFFFFFFFFFFFFFFF61
:10EFC000FFFFFFFFFFFFFFFFFFFFFFFFFFFFFFFF51
:10EFD000FFFFFFFFFFFFFFFFFFFFFFFFFFFFFFFF41
:10EFE000FFFFFFFFFFFFFFFFFFFFFFFFFFFFFFFF31
:10EFF000FFFFFFFFFFFFFFFFFFFFFFFFFFFFFFFF21
:10F00000FFFFFFFFFFFFFFFFFFFFFFFFFFFFFFFF10
:10F01000FFFFFFFFFFFFFFFFFFFFFFFFFFFFFFFF00
:10F02000FFFFFFFFFFFFFFFFFFFFFFFFFFFFFFFFF0
:10F03000FFFFFFFFFFFFFFFFFFFFFFFFFFFFFFFFE0
:10F04000FFFFFFFFFFFFFFFFFFFFFFFFFFFFFFFFD0
:10F05000FFFFFFFFFFFFFFFFFFFFFFFFFFFFFFFFC0
:10F06000FFFFFFFFFFFFFFFFFFFFFFFFFFFFFFFFB0
:10F07000FFFFFFFFFFFFFFFFFFFFFFFFFFFFFFFFA0
:10F08000FFFFFFFFFFFFFFFFFFFFFFFFFFFFFFFF90
:10F09000FFFFFFFFFFFFFFFFFFFFFFFFFFFFFFFF80
:10F0A000FFFFFFFFFFFFFFFFFFFFFFFFFFFFFFFF70
:10F0B000FFFFFFFFFFFFFFFFFFFFFFFFFFFFFFFF60
:10F0C000FFFFFFFFFFFFFFFFFFFFFFFFFFFFFFFF50
:10F0D000FFFFFFFFFFFFFFFFFFFFFFFFFFFFFFFF40
:10F0E000FFFFFFFFFFFFFFFFFFFFFFFFFFFFFFFF30
:10F0F000FFFFFFFFFFFFFFFFFFFFFFFFFFFFFFFF20
:10F10000FFFFFFFFFFFFFFFFFFFFFFFFFFFFFFFF0F
:10F11000FFFFFFFFFFFFFFFFFFFFFFFFFFFFFFFFFF
:10F12000FFFFFFFFFFFFFFFFFFFFFFFFFFFFFFFFEF
:10F13000FFFFFFFFFFFFFFFFFFFFFFFFFFFFFFFFDF
:10F14000FFFFFFFFFFFFFFFFFFFFFFFFFFFFFFFFCF
:10F15000FFFFFFFFFFFFFFFFFFFFFFFFFFFFFFFFBF
:10F16000FFFFFFFFFFFFFFFFFFFFFFFFFFFFFFFFAF
:10F17000FFFFFFFFFFFFFFFFFFFFFFFFFFFFFFFF9F
:10F18000FFFFFFFFFFFFFFFFFFFFFFFFFFFFFFFF8F
:10F19000FFFFFFFFFFFFFFFFFFFFFFFFFFFFFFFF7F
:10F1A000FFFFFFFFFFFFFFFFFFFFFFFFFFFFFFFF6F
:10F1B000FFFFFFFFFFFFFFFFFFFFFFFFFFFFFFFF5F
:10F1C000FFFFFFFFFFFFFFFFFFFFFFFFFFFFFFFF4F
:10F1D000FFFFFFFFFFFFFFFFFFFFFFFFFFFFFFFF3F
:10F1E000FFFFFFFFFFFFFFFFFFFFFFFFFFFFFFFF2F
:10F1F000FFFFFFFFFFFFFFFFFFFFFFFFFFFFFFFF1F
:10F20000FFFFFFFFFFFFFFFFFFFFFFFFFFFFFFFF0E
:10F21000FFFFFFFFFFFFFFFFFFFFFFFFFFFFFFFFFE
:10F22000FFFFFFFFFFFFFFFFFFFFFFFFFFFFFFFFEE
:10F23000FFFFFFFFFFFFFFFFFFFFFFFFFFFFFFFFDE
:10F24000FFFFFFFFFFFFFFFFFFFFFFFFFFFFFFFFCE
:10F25000FFFFFFFFFFFFFFFFFFFFFFFFFFFFFFFFBE
:10F26000FFFFFFFFFFFFFFFFFFFFFFFFFFFFFFFFAE
:10F27000FFFFFFFFFFFFFFFFFFFFFFFFFFFFFFFF9E
:10F28000FFFFFFFFFFFFFFFFFFFFFFFFFFFFFFFF8E
:10F29000FFFFFFFFFFFFFFFFFFFFFFFFFFFFFFFF7E
:10F2A000FFFFFFFFFFFFFFFFFFFFFFFFFFFFFFFF6E
:10F2B000FFFFFFFFFFFFFFFFFFFFFFFFFFFFFFFF5E
:10F2C000FFFFFFFFFFFFFFFFFFFFFFFFFFFFFFFF4E
:10F2D000FFFFFFFFFFFFFFFFFFFFFFFFFFFFFFFF3E
:10F2E000FFFFFFFFFFFFFFFFFFFFFFFFFFFFFFFF2E
:10F2F000FFFFFFFFFFFFFFFFFFFFFFFFFFFFFFFF1E
:10F30000FFFFFFFFFFFFFFFFFFFFFFFFFFFFFFFF0D
:10F31000FFFFFFFFFFFFFFFFFFFFFFFFFFFFFFFFFD
:10F32000FFFFFFFFFFFFFFFFFFFFFFFFFFFFFFFFED
:10F33000FFFFFFFFFFFFFFFFFFFFFFFFFFFFFFFFDD
:10F34000FFFFFFFFFFFFFFFFFFFFFFFFFFFFFFFFCD
:10F35000FFFFFFFFFFFFFFFFFFFFFFFFFFFFFFFFBD
:10F36000FFFFFFFFFFFFFFFFFFFFFFFFFFFFFFFFAD
:10F37000FFFFFFFFFFFFFFFFFFFFFFFFFFFFFFFF9D
:10F38000FFFFFFFFFFFFFFFFFFFFFFFFFFFFFFFF8D
:10F39000FFFFFFFFFFFFFFFFFFFFFFFFFFFFFFFF7D
:10F3A000FFFFFFFFFFFFFFFFFFFFFFFFFFFFFFFF6D
:10F3B000FFFFFFFFFFFFFFFFFFFFFFFFFFFFFFFF5D
:10F3C000FFFFFFFFFFFFFFFFFFFFFFFFFFFFFFFF4D
:10F3D000FFFFFFFFFFFFFFFFFFFFFFFFFFFFFFFF3D
:10F3E000FFFFFFFFFFFFFFFFFFFFFFFFFFFFFFFF2D
:10F3F000FFFFFFFFFFFFFFFFFFFFFFFFFFFFFFFF1D
:10F40000FFFFFFFFFFFFFFFFFFFFFFFFFFFFFFFF0C
:10F41000FFFFFFFFFFFFFFFFFFFFFFFFFFFFFFFFFC
:10F42000FFFFFFFFFFFFFFFFFFFFFFFFFFFFFFFFEC
:10F43000FFFFFFFFFFFFFFFFFFFFFFFFFFFFFFFFDC
:10F44000FFFFFFFFFFFFFFFFFFFFFFFFFFFFFFFFCC
:10F45000FFFFFFFFFFFFFFFFFFFFFFFFFFFFFFFFBC
:10F46000FFFFFFFFFFFFFFFFFFFFFFFFFFFFFFFFAC
:10F47000FFFFFFFFFFFFFFFFFFFFFFFFFFFFFFFF9C
:10F48000FFFFFFFFFFFFFFFFFFFFFFFFFFFFFFFF8C
:10F49000FFFFFFFFFFFFFFFFFFFFFFFFFFFFFFFF7C
:10F4A000FFFFFFFFFFFFFFFFFFFFFFFFFFFFFFFF6C
:10F4B000FFFFFFFFFFFFFFFFFFFFFFFFFFFFFFFF5C
:10F4C000FFFFFFFFFFFFFFFFFFFFFFFFFFFFFFFF4C
:10F4D000FFFFFFFFFFFFFFFFFFFFFFFFFFFFFFFF3C
:10F4E000FFFFFFFFFFFFFFFFFFFFFFFFFFFFFFFF2C
:10F4F000FFFFFFFFFFFFFFFFFFFFFFFFFFFFFFFF1C
:10F50000FFFFFFFFFFFFFFFFFFFFFFFFFFFFFFFF0B
:10F51000FFFFFFFFFFFFFFFFFFFFFFFFFFFFFFFFFB
:10F52000FFFFFFFFFFFFFFFFFFFFFFFFFFFFFFFFEB
:10F53000FFFFFFFFFFFFFFFFFFFFFFFFFFFFFFFFDB
:10F54000FFFFFFFFFFFFFFFFFFFFFFFFFFFFFFFFCB
:10F55000FFFFFFFFFFFFFFFFFFFFFFFFFFFFFFFFBB
:10F56000FFFFFFFFFFFFFFFFFFFFFFFFFFFFFFFFAB
:10F57000FFFFFFFFFFFFFFFFFFFFFFFFFFFFFFFF9B
:10F58000FFFFFFFFFFFFFFFFFFFFFFFFFFFFFFFF8B
:10F59000FFFFFFFFFFFFFFFFFFFFFFFFFFFFFFFF7B
:10F5A000FFFFFFFFFFFFFFFFFFFFFFFFFFFFFFFF6B
:10F5B000FFFFFFFFFFFFFFFFFFFFFFFFFFFFFFFF5B
:10F5C000FFFFFFFFFFFFFFFFFFFFFFFFFFFFFFFF4B
:10F5D000FFFFFFFFFFFFFFFFFFFFFFFFFFFFFFFF3B
:10F5E000FFFFFFFFFFFFFFFFFFFFFFFFFFFFFFFF2B
:10F5F000FFFFFFFFFFFFFFFFFFFFFFFFFFFFFFFF1B
:10F60000FFFFFFFFFFFFFFFFFFFFFFFFFFFFFFFF0A
:10F61000FFFFFFFFFFFFFFFFFFFFFFFFFFFFFFFFFA
:10F62000FFFFFFFFFFFFFFFFFFFFFFFFFFFFFFFFEA
:10F63000FFFFFFFFFFFFFFFFFFFFFFFFFFFFFFFFDA
:10F64000FFFFFFFFFFFFFFFFFFFFFFFFFFFFFFFFCA
:10F65000FFFFFFFFFFFFFFFFFFFFFFFFFFFFFFFFBA
:10F66000FFFFFFFFFFFFFFFFFFFFFFFFFFFFFFFFAA
:10F67000FFFFFFFFFFFFFFFFFFFFFFFFFFFFFFFF9A
:10F68000FFFFFFFFFFFFFFFFFFFFFFFFFFFFFFFF8A
:10F69000FFFFFFFFFFFFFFFFFFFFFFFFFFFFFFFF7A
:10F6A000FFFFFFFFFFFFFFFFFFFFFFFFFFFFFFFF6A
:10F6B000FFFFFFFFFFFFFFFFFFFFFFFFFFFFFFFF5A
:10F6C000FFFFFFFFFFFFFFFFFFFFFFFFFFFFFFFF4A
:10F6D000FFFFFFFFFFFFFFFFFFFFFFFFFFFFFFFF3A
:10F6E000FFFFFFFFFFFFFFFFFFFFFFFFFFFFFFFF2A
:10F6F000FFFFFFFFFFFFFFFFFFFFFFFFFFFFFFFF1A
:10F70000FFFFFFFFFFFFFFFFFFFFFFFFFFFFFFFF09
:10F71000FFFFFFFFFFFFFFFFFFFFFFFFFFFFFFFFF9
:10F72000FFFFFFFFFFFFFFFFFFFFFFFFFFFFFFFFE9
:10F73000FFFFFFFFFFFFFFFFFFFFFFFFFFFFFFFFD9
:10F74000FFFFFFFFFFFFFFFFFFFFFFFFFFFFFFFFC9
:10F75000FFFFFFFFFFFFFFFFFFFFFFFFFFFFFFFFB9
:10F76000FFFFFFFFFFFFFFFFFFFFFFFFFFFFFFFFA9
:10F77000FFFFFFFFFFFFFFFFFFFFFFFFFFFFFFFF99
:10F78000FFFFFFFFFFFFFFFFFFFFFFFFFFFFFFFF89
:10F79000FFFFFFFFFFFFFFFFFFFFFFFFFFFFFFFF79
:10F7A000FFFFFFFFFFFFFFFFFFFFFFFFFFFFFFFF69
:10F7B000FFFFFFFFFFFFFFFFFFFFFFFFFFFFFFFF59
:10F7C000FFFFFFFFFFFFFFFFFFFFFFFFFFFFFFFF49
:10F7D000FFFFFFFFFFFFFFFFFFFFFFFFFFFFFFFF39
:10F7E000FFFFFFFFFFFFFFFFFFFFFFFFFFFFFFFF29
:10F7F000FFFFFFFFFFFFFFFFFFFFFFFFFFFFFFFF19
:10F80000FFFFFFFFFFFFFFFFFFFFFFFFFFFFFFFF08
:10F81000FFFFFFFFFFFFFFFFFFFFFFFFFFFFFFFFF8
:10F82000FFFFFFFFFFFFFFFFFFFFFFFFFFFFFFFFE8
:10F83000FFFFFFFFFFFFFFFFFFFFFFFFFFFFFFFFD8
:10F84000FFFFFFFFFFFFFFFFFFFFFFFFFFFFFFFFC8
:10F85000FFFFFFFFFFFFFFFFFFFFFFFFFFFFFFFFB8
:10F86000FFFFFFFFFFFFFFFFFFFFFFFFFFFFFFFFA8
:10F87000FFFFFFFFFFFFFFFFFFFFFFFFFFFFFFFF98
:10F88000FFFFFFFFFFFFFFFFFFFFFFFFFFFFFFFF88
:10F89000FFFFFFFFFFFFFFFFFFFFFFFFFFFFFFFF78
:10F8A000FFFFFFFFFFFFFFFFFFFFFFFFFFFFFFFF68
:10F8B000FFFFFFFFFFFFFFFFFFFFFFFFFFFFFFFF58
:10F8C000FFFFFFFFFFFFFFFFFFFFFFFFFFFFFFFF48
:10F8D000FFFFFFFFFFFFFFFFFFFFFFFFFFFFFFFF38
:10F8E000FFFFFFFFFFFFFFFFFFFFFFFFFFFFFFFF28
:10F8F000FFFFFFFFFFFFFFFFFFFFFFFFFFFFFFFF18
:10F90000FFFFFFFFFFFFFFFFFFFFFFFFFFFFFFFF07
:10F91000FFFFFFFFFFFFFFFFFFFFFFFFFFFFFFFFF7
:10F92000FFFFFFFFFFFFFFFFFFFFFFFFFFFFFFFFE7
:10F93000FFFFFFFFFFFFFFFFFFFFFFFFFFFFFFFFD7
:10F94000FFFFFFFFFFFFFFFFFFFFFFFFFFFFFFFFC7
:10F95000FFFFFFFFFFFFFFFFFFFFFFFFFFFFFFFFB7
:10F96000FFFFFFFFFFFFFFFFFFFFFFFFFFFFFFFFA7
:10F97000FFFFFFFFFFFFFFFFFFFFFFFFFFFFFFFF97
:10F98000FFFFFFFFFFFFFFFFFFFFFFFFFFFFFFFF87
:10F99000FFFFFFFFFFFFFFFFFFFFFFFFFFFFFFFF77
:10F9A000FFFFFFFFFFFFFFFFFFFFFFFFFFFFFFFF67
:10F9B000FFFFFFFFFFFFFFFFFFFFFFFFFFFFFFFF57
:10F9C000FFFFFFFFFFFFFFFFFFFFFFFFFFFFFFFF47
:10F9D000FFFFFFFFFFFFFFFFFFFFFFFFFFFFFFFF37
:10F9E000FFFFFFFFFFFFFFFFFFFFFFFFFFFFFFFF27
:10F9F000FFFFFFFFFFFFFFFFFFFFFFFFFFFFFFFF17
:10FA0000FFFFFFFFFFFFFFFFFFFFFFFFFFFFFFFF06
:10FA1000FFFFFFFFFFFFFFFFFFFFFFFFFFFFFFFFF6
:10FA2000FFFFFFFFFFFFFFFFFFFFFFFFFFFFFFFFE6
:10FA3000FFFFFFFFFFFFFFFFFFFFFFFFFFFFFFFFD6
:10FA4000FFFFFFFFFFFFFFFFFFFFFFFFFFFFFFFFC6
:10FA5000FFFFFFFFFFFFFFFFFFFFFFFFFFFFFFFFB6
:10FA6000FFFFFFFFFFFFFFFFFFFFFFFFFFFFFFFFA6
:10FA7000FFFFFFFFFFFFFFFFFFFFFFFFFFFFFFFF96
:10FA8000FFFFFFFFFFFFFFFFFFFFFFFFFFFFFFFF86
:10FA9000FFFFFFFFFFFFFFFFFFFFFFFFFFFFFFFF76
:10FAA000FFFFFFFFFFFFFFFFFFFFFFFFFFFFFFFF66
:10FAB000FFFFFFFFFFFFFFFFFFFFFFFFFFFFFFFF56
:10FAC000FFFFFFFFFFFFFFFFFFFFFFFFFFFFFFFF46
:10FAD000FFFFFFFFFFFFFFFFFFFFFFFFFFFFFFFF36
:10FAE000FFFFFFFFFFFFFFFFFFFFFFFFFFFFFFFF26
:10FAF000FFFFFFFFFFFFFFFFFFFFFFFFFFFFFFFF16
:10FB0000FFFFFFFFFFFFFFFFFFFFFFFFFFFFFFFF05
:10FB1000FFFFFFFFFFFFFFFFFFFFFFFFFFFFFFFFF5
:10FB2000FFFFFFFFFFFFFFFFFFFFFFFFFFFFFFFFE5
:10FB3000FFFFFFFFFFFFFFFFFFFFFFFFFFFFFFFFD5
:10FB4000FFFFFFFFFFFFFFFFFFFFFFFFFFFFFFFFC5
:10FB5000FFFFFFFFFFFFFFFFFFFFFFFFFFFFFFFFB5
:10FB6000FFFFFFFFFFFFFFFFFFFFFFFFFFFFFFFFA5
:10FB7000FFFFFFFFFFFFFFFFFFFFFFFFFFFFFFFF95
:10FB8000FFFFFFFFFFFFFFFFFFFFFFFFFFFFFFFF85
:10FB9000FFFFFFFFFFFFFFFFFFFFFFFFFFFFFFFF75
:10FBA000FFFFFFFFFFFFFFFFFFFFFFFFFFFFFFFF65
:10FBB000FFFFFFFFFFFFFFFFFFFFFFFFFFFFFFFF55
:10FBC000FFFFFFFFFFFFFFFFFFFFFFFFFFFFFFFF45
:10FBD000FFFFFFFFFFFFFFFFFFFFFFFFFFFFFFFF35
:10FBE000FFFFFFFFFFFFFFFFFFFFFFFFFFFFFFFF25
:10FBF000FFFFFFFFFFFFFFFFFFFFFFFFFFFFFFFF15
:10FC0000F8946FEF6DBF61E26EBF22243324A89594
:10FC10006091600060617FE06093600063FD7093BD
:10FC20006000279A2F9A5A9A5B9A539A21E030EAF9
:10FC300061E5F101EF01F101019760404A99E1F7B7
:10FC4000F1F121973496D8F14A9BFBCF0F2EC59541
:10FC50000694E9F72397269668F7EA35F20550F3FC
:10FC6000F797F695E7952F01CAE063E06BBFE4EEE6
:10FC7000FDEF0790002031F080D00616D1F3CA9531
:10FC8000F1F0F5CF66EA93D078D0E1F76AEA8FD049
:10FC900074D0F1F772D0F1F350E0F101E8946430E0
:10FCA00090F081F1653059F0673019F167EA78F723
:10FCB00064D063D0672851F331016BEAE8CF2AB8EA
:10FCC0002BB80C94000053E05BBFEAEEFDEFC0E000
:10FCD000EC0FF21DC6916150D8F768EA68D06791C1
:10FCE000C150E0F7D3CF5BBF06903196521D06128C
:10FCF000689443D0C1F741D06058A9F7F6F2C6CF57
:10FD000069EA55D06894A0E0B2E0D0E236D031F490
:10FD100034D0605819F496F0689405C0E8946D9357
:10FD2000A030BD0799F7A0E0B2E009D030F6E0506E
:10FD3000FF4F5F4FA030BD07C1F716F7A7CFE030E8
:10FD40006CEFF60763E05607B8F40D901D9061E084
:10FD50000BD032966E2F6E7FC1F7E050F14063E01A
:10FD600003D065E001D061E167BF5BBF67BFE89585
:10FD700067B760FDFDCF08940895A8954A9BFDCF15
:10FD80004A99FECF78E0C2019695879523D021D07D
:10FD900066954A99606867FD62267694679408F4D0
:10FDA000622608F473267A9591F7653A089511D082
:10FDB0005B98749179E0609500C000C00AD06695A8
:10FDC00018F400005B9802C05B9A00C07A95A1F716
:10FDD0000895C2010497F0F78D3F18F011F08F3F9E
:10FDE00001F00895506564610000030201031E00E4
:10FDF000041E98020403FC007FB7F894613860EF9A
:10FE000021F49DDF60E808F061EF7FBF08950000F6
:10FE100000000000000000000000000000000000E2
:10FE200000000000000000000000000000000000D2
:10FE300000000000000000000000000000000000C2
:10FE400000000000000000000000000000000000B2
:10FE500000000000000000000000000000000000A2
:10FE60000000000000000000000000000000000092
:10FE70000000000000000000000000000000000082
:10FE80000000000000000000000000000000000072
:10FE90000000000000000000000000000000000062
:10FEA0000000000000000000000000000000000052
:10FEB0000000000000000000000000000000000042
:10FEC0000000000000000000000000000000000032
:10FED0000000000000000000000000000000000022
:10FEE0000000000000000000000000000000000012
:10FEF0000000000000000000000000000000000002
:10FF000000000000000000000000000000000000F1
:10FF100000000000000000000000000000000000E1
:10FF200000000000000000000000000000000000D1
:10FF300000000000000000000000000000000000C1
:10FF400000000000000000000000000000000000B1
:10FF500000000000000000000000000000000000A1
:10FF60000000000000000000000000000000000091
:10FF70000000000000000000000000000000000081
:10FF80000000000000000000000000000000000071
:10FF90000000000000000000000000000000000061
:10FFA0000000000000000000000000000000000051
:10FFB0000000000000000000000000000000000041
:10FFC0000000000000000000000000000000000031
:10FFD0000000000000000000000000000000000021
:10FFE0000000000000000000000000000000000011
:10FFF0000000000000000000000000000000FCCE37
:00000001FF
