:100000000C941C120C94FC160C9427170C94521789
:100010000C947D170C94A8170C94D3170C94FE170E
:100020000C9429180C947A120C947A120C947A126B
:100030000C947A120C947A120C947A120C947A1210
:100040000C947A120C94C41B0C947A120C947A12AD
:100050000C947A120C947A230C947A120C947A12DF
:100060000C947A120C94E21C0C94A11C0C94861C27
:100070000C947A120C947A120C947A120C947A12D0
:100080000C947A120C947A120C947A120C947A12C0
:100090000C94E61D0C945A1D0C941D1D0C9490603C
:1000A0000C947A120C947A120C947A120C947A12A0
:1000B0000C947A120C947A120C947A120C947A1290
:1000C0000C947A120C947A120C947A120C0D0E0F76
:1000D000253032783A253032783A253032783A2550
:1000E0003032783A253032783A253032780025643B
:1000F0002E25642E25642E25640044484350206D2F
:10010000736720747970652035332076616C75656E
:100110002025750D0A0044484350206D73672074F4
:100120007970652035332076616C75652025750DF5
:100130000A004950004D41534B00444E5300474183
:10014000544500444843502D436F6E6669672067ED
:1001500065686F6C740D0A00444843502D436F6E00
:10016000666967204665686C67657363686C61677C
:10017000656E0D0A00207C2D3E20566572737563F6
:10018000686520444843502D436F6E666967207A46
:100190007520686F6C656E2E2000206665686C6740
:1001A000657363686C6167656E0D0A00206665683B
:1001B0006C67657363686C6167656E0D0A00205A31
:1001C0006569743A20253032643A253032643A2524
:1001D0003032642E253032640D0A004E545053459F
:1001E00052564552005554435A4F4E4500207C2DDF
:1001F0003E204E54502D536572766572205A6569C3
:100200007420616B7475616C6973696572656E3AAF
:10021000006F6E004E545000207C202020444E532E
:10022000202020203A2025730D0A00207C20202049
:10023000476174657761793A2025730D0A00207C47
:100240002020204E65746D61736B3A2025730D0A72
:1002500000207C202020495020202020203A2025EA
:10026000730D0A006F6E00444843500044484350E9
:1002700000207C2D3E20544350202848757272691E
:1002800063616E2D656E67696E652920696E69749C
:1002900069616C6973696572740D0A00207C2D3E7A
:1002A000205544502028546F726E61646F2D656E26
:1002B00067696E652920696E697469616C69736923
:1002C0006572740D0A002D2B2D3E2041525020697D
:1002D0006E697469616C6973696572740D0A0020D6
:1002E0004C696E6B2072656164790D0A0020467559
:1002F0006C6C6475706C65783A00454E4332386AB0
:10030000363020285265762E3A2025642920696EE1
:10031000697469616C697369657274202820485733
:100320002D4164643A20253032783A253032783ACB
:10033000253032783A253032783A253032783A25ED
:100340003032782029004D4143004D4143004D4358
:1003500050636F6E666967000D0A000A002563002E
:10036000436F6E6669672069737420256420627923
:100370007465732067726F73732C20256420627913
:1003800074652077657264656E2062656E75747A37
:10039000742E204F66667365742025640D0A0D0A5D
:1003A000004F46460057524954455F50524F5445FE
:1003B00043540020496E697469616C6973696572A0
:1003C000740D0A00204572726F720D0A0054485273
:1003D000454144005348454C4C00455854494E54FF
:1003E00000436F6E666967004C45445F636F7265DA
:1003F00000434C4F434B005354444F555400554118
:100400005254004F70656E4D4350202E2E2E0D0A13
:10041000000D0A00466F6C67656E64652042656674
:1004200065686C652073696E6420766F7268616EB2
:1004300064656E3A0D0A0D0A0068656C70004854D8
:1004400054502F312E30203430330D0A436F6E74E8
:10045000656E742D547970653A20746578742F68D0
:10046000746D6C0D0A4B6565702D416C6976653A4B
:1004700020636C6F73650D0A0D0A3C48544D4C3E69
:100480003C424F44593E3430332046696C65206EFF
:100490006F7420666F756E64213C2F424F44593E45
:1004A0003C2F48544D4C3E0D0A0D0A00504F5354FA
:1004B0000047455400687474706400485454502DCB
:1004C00053657276657220506F72742025642E0D0C
:1004D0000A00696E6465782E68746D6C003C2F426A
:1004E0004F44593E3C2F48544D4C3E0D0A0D0A00D6
:1004F0003C48544D4C3E3C484541443E3C6D65743F
:100500006120687474702D65717569763D22657817
:1005100070697265732220636F6E74656E743D221C
:1005200030223E3C2F484541443E3C424F44593ED8
:1005300000485454502F312E302032303020446F38
:1005400063756D656E7420666F6C6C6F77730D0AE2
:10055000436F6E74656E742D547970653A207465BE
:1005600078742F68746D6C0D0A436F6E6E656374DA
:10057000696F6E3A20636C6F73650D0A0D0A00692E
:100580006E6465782E68746D6C003C48544D4C3E2A
:100590003C484541443E3C5449544C453E547850B7
:1005A000322D4E6574202D2044617320496E746590
:1005B000726E65742D496E74657266616365207A2A
:1005C000756D2054656C657850686F6E653C2F546E
:1005D00049544C453E3C2F484541443E3C424F44E3
:1005E000593E3C68323E547850322D4E6574202D71
:1005F0002044617320496E7465726E65742D496E76
:1006000074657266616365207A756D2054656C65EA
:100610007850686F6E653C2F68323E3C68313E48CA
:100620006175707473656974653C2F68313E3C7008
:1006300072653E5F5F5F5F5F5F5F5F5F5F5F5F5FD2
:100640005F5F5F5F5F5F5F5F5F5F5F5F5F5F5F5FBA
:100650005F5F5F5F5F5F5F5F5F5F5F5F5F5F5F5FAA
:100660005F5F5F5F5F5F5F5F5F5F5F5F5F5F5F5F9A
:100670005F5F5F5F5F5F5F5F5F5F5F5F5F0D0A2070
:100680004F4F4F4F4F20204F4F4F4F4F20204F2065
:1006900020202020204F4F4F4F4F20204F20202040
:1006A0004F202020202020204F4F4F4F2020204F30
:1006B0002020204F2020204F4F4F2020204F20204F
:1006C000204F20204F4F4F4F4F200D0A2020204F0A
:1006D000202020204F2020202020204F20202020BC
:1006E00020204F202020202020204F204F2020207D
:1006F00020202020204F2020204F20204F2020206D
:100700004F20204F2020204F20204F4F20204F20CF
:10071000204F20202020200D0A202E2E2E2E2E2E7F
:100720002E2E2E2E2E2E2E2E2E2E2E2E2E2E2E2EE9
:100730002E2E2E2E2E2E2E2E2E2E2E2E2E2E2E2ED9
:100740002E2E2E2E2E2E2E2E2E2E2E2E2E2E2E2EC9
:100750002E2E2E2E2E2E2E2E2E2E2E2E2E2E2E2EB9
:100760002E2E2E0D0A2020204F202020204F4F4FCC
:10077000202020204F2020202020204F4F4F2020BD
:10078000202020204F202020204F4F4F20204F4F4F
:100790004F4F2020204F4F4F4F4F20204F202020E1
:1007A0004F20204F204F204F20204F4F4F20202000
:1007B0000D0A2020204F202020204F202020202004
:1007C000204F2020202020204F20202020202020CB
:1007D0004F204F20202020202020204F202020208C
:1007E00020204F2020204F20204F2020204F20204D
:1007F0004F20204F4F20204F20202020200D0A2066
:1008000020204F202020204F4F4F4F4F20204F4F70
:100810004F4F4F20204F4F4F4F4F20204F20202031
:100820004F202020202020204F2020202020204F3B
:100830002020204F2020204F4F4F2020204F2020CD
:10084000204F20204F4F4F4F4F0D0A5F5F5F5F5F7C
:100850005F5F5F5F5F5F5F5F5F5F5F5F5F5F5F5FA8
:100860005F5F5F5F5F5F5F5F5F5F5F5F5F5F5F5F98
:100870005F5F5F5F5F5F5F5F5F5F5F5F5F5F5F5F88
:100880005F5F5F5F5F5F5F5F5F5F5F5F5F5F5F5F78
:100890005F5F5F5F5F3C2F7072653E3C703E3C6106
:1008A00020687265663D227478702D6D73672E63C3
:1008B0006769223E4E61636872696368742073657C
:1008C0006E64656E3C2F613E3C703E3C61206872F8
:1008D00065663D227478702D636F6E6669672E635E
:1008E0006769223E45696E7374656C6C756E6765E9
:1008F0006E3C2F613E3C703E3C6120687265663DF7
:10090000227478702D64656275672E636769223E74
:1009100044656275672D496E666F733C2F613E3C7E
:10092000703E3C6120687265663D226E6574776F2B
:10093000726B2E68746D6C223E4E65747A776572A8
:100940006B3C2F613E3C703E3C6120687265663DA9
:100950002273797374656D2E68746D6C223E5379C1
:100960007374656D3C2F613E3C703E3C68333E477E
:1009700072756E646C6167653A204F70656E4D43A9
:10098000503C2F68333E4D6963726F7765627365C3
:1009900072766572206275696C64206F6E204156B4
:1009A000522D6C6962632076657273696F6E3A20AE
:1009B000312E362E362F32303039303330392077E1
:1009C000697468206176722D67636320342E332E3C
:1009D000322C20446174653A20417072202031200D
:1009E000323031312030373A30343A35323C2F42D0
:1009F0004F44593E3C2F48544D4C3E0D0A0D0A00C1
:100A00006E6574776F726B2E68746D6C003C485421
:100A10004D4C3E3C484541443E3C5449544C453E77
:100A2000547850322D4E6574202D20446173204936
:100A30006E7465726E65742D496E7465726661635D
:100A400065207A756D2054656C657850686F6E65A9
:100A50003C2F5449544C453E3C2F484541443E3C74
:100A6000424F44593E3C68323E547850322D4E65D8
:100A700074202D2044617320496E7465726E657414
:100A80002D496E74657266616365207A756D2054B8
:100A9000656C657850686F6E653C2F68323E3C68C7
:100AA000313E4E65747A7765726B2D4D656E756556
:100AB0003C2F68313E3C6120687265663D226E6560
:100AC00074776F726B2E636769223E4E65747A7716
:100AD00065726B2D496E666F733C2F613E3C703EB4
:100AE0003C6120687265663D226E6574776F726B3B
:100AF0002E6367693F636F6E666967223E4E657459
:100B00007A7765726B2D4B6F6E666967757261746B
:100B1000696F6E3C2F613E3C703E3C61206872659F
:100B2000663D22696E6465782E68746D6C223E485D
:100B30006175707473656974653C2F613E3C703EED
:100B40003C2F424F44593E3C2F48544D4C3E0D0AD9
:100B50000D0A0073797374656D2E68746D6C003CBA
:100B600048544D4C3E3C484541443E3C5449544C0D
:100B7000453E547850322D4E6574202D20446173CB
:100B800020496E7465726E65742D496E7465726667
:100B9000616365207A756D2054656C657850686F67
:100BA0006E653C2F5449544C453E3C2F48454144CA
:100BB0003E3C424F44593E3C68323E547850322DC0
:100BC0004E6574202D2044617320496E7465726EE9
:100BD00065742D496E74657266616365207A756D02
:100BE0002054656C657850686F6E653C2F68323EA6
:100BF0003C68313E53797374656D2D4D656E756536
:100C00003C2F68313E3C6120687265663D226D6113
:100C1000696E6D656E752E68746D6C223E7A7572A4
:100C20007565636B3C2F613E3C703E3C6120687291
:100C300065663D2272657365742E636769223E5254
:100C4000657365743C2F613E3C703E3C6120687268
:100C500065663D226E74702E636769223E4E545065
:100C60003C2F613E3C703E3C6120687265663D22CF
:100C700065656D656D2E636769223E45456D656DE1
:100C80003C2F613E3C703E3C2F424F44593E3C2F2E
:100C900048544D4C3E0D0A0D0A000D0A436F6E7408
:100CA000656E742D4C656E6774683A2025640D0A74
:100CB00043616368652D436F6E74726F6C3A206D8B
:100CC00061782D6167653D333630300D0A436F6EB4
:100CD0006E656374696F6E3A20636C6F73650D0A9D
:100CE0000D0A0062696E00746578742F68746D6C0B
:100CF000006A70656700706E6700485454502F3169
:100D00002E302032303020446F63756D656E742054
:100D1000666F6C6C6F77730D0A436F6E74656E74DB
:100D20002D547970653A200043524F4E5F454E5422
:100D300052595F253032640025643A206E69636839
:100D4000742062656C6567740D0A0025643A20257D
:100D5000642025642025730D0A0063726F6E00669F
:100D60006F6F2E6367690025732F25732573004904
:100D7000502F4D41432F54544C0D0A0061727000A6
:100D8000696E20256C64205061636B6574656E200C
:100D90003B20447520626973742064657220256469
:100DA0002E204265737563686572206175662053F5
:100DB0006F636B65742025642E3C2F424F44593E6F
:100DC0003C2F48544D4C3E0D0A0D0A0020256C6402
:100DD0002E2530336C6420474279746573200020DF
:100DE000256C642E2530336C64204D427974657314
:100DF000200020256C64206B4279746573200020EC
:100E0000256C6420427974657320002C2045746839
:100E100065726E65743A00256C642073656B0025FD
:100E20006C64206D696E2000256C642073746420EE
:100E300000256C6420746167652000256C64207453
:100E4000616720003C48544D4C3E3C484541443E7F
:100E50003C6D65746120687474702D657175697678
:100E60003D22726566726573682220636F6E7465D9
:100E70006E743D223630303B20223E3C5449544C67
:100E8000453E53747265616D696E673C2F544954D9
:100E90004C453E3C2F484541443E3C424F4459203E
:100EA0006267636F6C6F723D222332323842323296
:100EB0002220746578743D222346464646464622E3
:100EC0003E5A6569743A20253032643A25303264DE
:100ED0003A253032642E2530326420282025752FA3
:100EE00025752F2530347520292C20557074696D97
:100EF000653A200050485354415432207C203078C9
:100F0000253034580D0A0050485354415431207C48
:100F1000203078253034580D0A005265762E494429
:100F200020207C2020203078253032580D0A002DDA
:100F30002D2D2D2D2D2D2D2B2D2D2D2D2D2D2D2DE3
:100F40000D0A005265672E202020207C20576572F4
:100F5000740D0A00454E4332384A36303A0D0A00C5
:100F60005443502D5458204572726F72733A2025A5
:100F700064205443502D5258204572726F72733A58
:100F80002025642028756E736F7274656420256453
:100F90002C206F6C64736571202564290D0A0D0A7D
:100FA0000045746865726E65743A20256C64204251
:100FB0007974657320696E20256C64205061636BC1
:100FC0006574656E204C6F636B4572726F7273202F
:100FD000256C640D0A0073746174732E6367690075
:100FE0007374617473005265736574007265736520
:100FF00074007265736574007265736574003C6695
:101000006F726D20616374696F6E3D2272657365E6
:10101000742E63676922206D6574686F643D226772
:10102000657422206163636570742D6368617273F7
:1010300065743D2249534F2D383835392D31223EC4
:101040003C703E3C696E70757420747970653D2209
:101050007375626D697422206E616D653D227265E3
:10106000736574222076616C75653D2272657365C7
:1010700074223E3C2F703E3C2F666F726D3E0072B4
:10108000657365742E6367690072657365740064C7
:101090006E73203C686F73746E616D653E0D0A005F
:1010A0004950207A75202573203D2025730D0A00B4
:1010B000646E730044484350004950004D41534B07
:1010C000004741544500444E53004D41430045699B
:1010D0006E7374656C6C756E67656E2075656265A0
:1010E000726E6F6D6D656E210D0A003C74723E3C30
:1010F000746420616C69676E3D227269676874224E
:101100003E48617264776172652D4D41433C2F7496
:10111000643E3C74643E3C696E707574206E616D13
:10112000653D224D41432220747970653D227465EE
:101130007874222073697A653D22313722207661E6
:101140006C75653D22257322206D61786C656E6734
:1011500074683D223137223E3C2F74643E3C2F742C
:10116000723E3C74723E3C74643E3C2F74643E3C60
:1011700074643E3C696E70757420747970653D22AC
:101180007375626D6974222076616C75653D2220ED
:1011900045696E7374656C6C756E67202655756D48
:1011A0006C3B6265726E65686D656E20223E3C2FF9
:1011B00074643E3C2F74723E3C2F7461626C653ED9
:1011C0003C2F666F726D3E004D4143003C74723E91
:1011D0003C746420616C69676E3D22726967687453
:1011E000223E444E532D5365727665723C2F7464D3
:1011F0003E3C74643E3C696E707574206E616D6532
:101200003D22444E532220747970653D22746578E6
:1012100074222073697A653D223135222076616C13
:1012200075653D22257322206D61786C656E67744B
:10123000683D223135223E3C2F74643E3C2F74724F
:101240003E00444E53003C74723E3C746420616C1A
:1012500069676E3D227269676874223E47617465F2
:101260007761793C2F74643E3C74643E3C696E70D7
:101270007574206E616D653D22474154452220748E
:101280007970653D2274657874222073697A653DB2
:10129000223135222076616C75653D22257322202E
:1012A0006D61786C656E6774683D223135223E3C15
:1012B0002F74643E3C2F74723E0047415445003CFD
:1012C00074723E3C746420616C69676E3D22726981
:1012D000676874223E4E65747A7765726B6D6173D0
:1012E0006B653C2F74643E3C74643E3C696E707563
:1012F00074206E616D653D224D41534B22207479FF
:1013000070653D2274657874222073697A653D2288
:101310003135222076616C75653D22257322206D62
:1013200061786C656E6774683D223135223E3C2FD2
:1013300074643E3C2F74723E004D41534B003C742C
:10134000723E3C746420616C69676E3D227269670D
:101350006874223E49502D416472657373653C2F59
:1013600074643E3C74643E3C696E707574206E61BA
:101370006D653D2249502220747970653D22746567
:101380007874222073697A653D2231352220766196
:101390006C75653D22257322206D61786C656E67E2
:1013A00074683D223135223E3C2F74643E3C2F74DC
:1013B000723E004950003E3C2F74643E3C2F7472D4
:1013C0003E00636865636B6564006F6E003C747219
:1013D0003E3C746420616C69676E3D227269676887
:1013E00074223E4448435020616B7469766965728B
:1013F000656E3C2F74643E3C74643E3C696E70754F
:101400007420747970653D22636865636B626F78E0
:1014100022206E616D653D22444843502220766152
:101420006C75653D226F6E22200044484350003C9D
:10143000666F726D20616374696F6E3D226E6574B4
:10144000776F726B2E636769223E3C7461626C65D4
:1014500020626F726465723D2230222063656C6C7D
:1014600070616464696E673D2235222063656C6C2F
:1014700073706163696E673D2230223E00636F6E58
:10148000666967003C2F7072653E0D0A00737461D7
:101490007473006966636F6E666967003C7072659D
:1014A0003E0D0A000D0A48572D4164723A2025303E
:1014B00032783A253032783A253032783A2530324F
:1014C000783A253032783A253032780D0A0D0A0004
:1014D000444E533A25730D0A00476174657761796C
:1014E0003A25730D0A004E65746D61736B3A25736E
:1014F0000D0A0049503A25730D0A006E6574776F26
:10150000726B2E636769006966636F6E6669670058
:101510004E5450004E545053455256455200555467
:10152000435A4F4E450045696E7374656C6C756E19
:1015300067656E2075656265726E6F6D6D656E2193
:101540000D0A003C74723E3C746420616C69676EE5
:101550003D227269676874223E534E54502D536584
:10156000727665723C2F74643E3C74643E3C696ED6
:10157000707574206E616D653D224E545053455216
:101580005645522220747970653D22746578742224
:101590002073697A653D223235222076616C75654B
:1015A0003D22257322206D61786C656E6774683DFD
:1015B000223235223E3C2F74643E3C2F74723E3CF6
:1015C00074723E3C746420616C69676E3D2272697E
:1015D000676874223E5A6569747A6F6E653C2F7431
:1015E000643E3C74643E3C696E707574206E616D3F
:1015F000653D225554435A4F4E45222074797065FB
:101600003D2274657874222073697A653D22332205
:101610002076616C75653D22257322206D61786CA2
:10162000656E6774683D2233223E3C2F74643E3CF5
:101630002F74723E3C74723E3C74643E3C2F746462
:101640003E3C74643E3C696E7075742074797065BC
:101650003D227375626D6974222076616C75653DFB
:10166000222045696E7374656C6C756E6720265513
:10167000756D6C3B6265726E65686D656E20223EAD
:101680003C2F74643E3C2F74723E3C2F7461626C3C
:10169000653E3C2F666F726D3E00300074696D656B
:1016A0002E66752D6265726C696E2E6465003E3C17
:1016B0002F74643E3C2F74723E00636865636B65F3
:1016C00064006F6E003C666F726D20616374696FB9
:1016D0006E3D226E74702E636769223E0D3C74610C
:1016E000626C6520626F726465723D2230222063F5
:1016F000656C6C70616464696E673D22352220639D
:10170000656C6C73706163696E673D2230223E3C8C
:1017100074723E3C746420616C69676E3D2272692C
:10172000676874223E534E545020616B7469766929
:101730006572656E3C2F74643E3C74643E3C696E19
:1017400070757420747970653D22636865636B629F
:101750006F7822206E616D653D224E5450222076B6
:10176000616C75653D226F6E2220006E7470203CA6
:101770006E74707365727665723E0D0A0046656818
:101780006C65720D0A004E657565205A6569743A7C
:1017900020253032643A253032643A253032640DE7
:1017A0000A00486F6C65205A65697420766F6E2058
:1017B00025730D0A004665686C65720D0A006E742B
:1017C000702E636769006E7470003C2F7072653E06
:1017D000003C7072653E0065656D656D203C707201
:1017E0006F746563743E7C3C756E70726F74656374
:1017F000743E203C616464205B6E616D652076619F
:101800006C5D3E203C64656C205B6E616D655D3E89
:10181000203C7072696E743E203C636C65616E3E64
:101820000D0A00636C65616E007072696E7400640D
:10183000656C0061646400756E70726F74656374CA
:1018400065740D0A0057524954455F50524F544534
:101850004354004F464600756E70726F7465637432
:101860000057524954455F50524F54454354004F1E
:101870004E0070726F746563740065656D656D2EE2
:101880006367690065656D656D0048415550545347
:1018900054454C4C4500454947454E454E554D4DE8
:1018A0004552004645535445485053540044555200
:1018B00043485741484C54414200547850005465C5
:1018C0006C657850686F6E6520506F727420256467
:1018D0002E0D0A007478702D64656275672E63673B
:1018E00069007478702D636F6E6669672E6367692F
:1018F000007478702D6D73672E636769003C6272A7
:101900003E44757263687761686C656E3A20257332
:101910000025642C25642C25642C25642C25642C3E
:1019200025642C25642C25642C2564003C62723EC1
:1019300046657374652048617570747374656C6C6A
:10194000653A202564003C62723E4861757074738C
:1019500074656C6C653A202564003C62723E456992
:1019600067656E65204E756D6D6572206B6F6E6E6E
:101970007465206E696368742067652661756D6C97
:101980003B6E646572742077657264656E003C62BC
:10199000723E456967656E65204E756D6D65723A7C
:1019A000202564006E6575652045696E7374656CED
:1019B0006C756E67656E3A203C6120687265663DA5
:1019C000227478702D636F6E6669672E6367692273
:1019D0003E7765697465723C2F613E003C74723ECF
:1019E0003C74643E3C696E70757420747970653D1A
:1019F000227375626D6974222076616C75653D2273
:101A00002045696E7374656C6C756E67202655751C
:101A10006D6C3B6265726E65686D656E20223E3C42
:101A20002F74643E3C2F74723E3C2F7461626C656F
:101A30003E3C2F666F726D3E003C74723E3C746497
:101A400020616C69676E3D227269676874223E444A
:101A5000757263687761686C656E3A3C62723E28A5
:101A60006D6974204B6F6D6D61207472656E6E656B
:101A70006E293C2F74643E3C74643E3C696E707504
:101A800074206E616D653D2244555243485741486C
:101A90004C5441422220747970653D2274657874FB
:101AA000222073697A653D223330222076616C757D
:101AB000653D22257322206D61786C656E677468C0
:101AC0003D223330223E3C2F74643E3C2F74723EE4
:101AD000003E3C2F74643E3C2F74723E0063686588
:101AE000636B6564003C74723E3C746420616C6995
:101AF000676E3D227269676874223E66657374651D
:101B00002048617570747374656C6C653A3C2F7411
:101B1000643E3C74643E3C696E707574206E616D09
:101B2000653D22464553544548505354222074790C
:101B300070653D22636865636B626F782220766111
:101B40006C75653D22312220003C74723E3C746409
:101B500020616C69676E3D227269676874223E4835
:101B6000617570747374656C6C653A3C2F74643E77
:101B70003C74643E3C696E707574206E616D653DA9
:101B80002248415550545354454C4C4522207479B9
:101B900070653D2274657874222073697A653D22F0
:101BA00032222076616C75653D22256422206D61AC
:101BB000786C656E6774683D2232223E3C2F7464F7
:101BC0003E3C2F74723E003C74723E3C7464206153
:101BD0006C69676E3D227269676874223E45696769
:101BE000656E65204E756D6D65723A3C2F74643E6E
:101BF0003C74643E3C696E707574206E616D653D29
:101C000022454947454E454E554D4D45522220747B
:101C10007970653D2274657874222073697A653D18
:101C20002232222076616C75653D22256422206D6A
:101C300061786C656E6774683D2232223E3C2F7479
:101C4000643E3C2F74723E003C68323E46726564CE
:101C5000732054656C65782D50686F6E652D496EE4
:101C6000746572666163653C2F68323E3C68333E42
:101C70004772756E646C6167653A204F70656E4D92
:101C800043503C2F68333E3C68313E54656C657868
:101C900050686F6E652045696E7374656C6C756E07
:101CA00067656E3C2F68313E3C6120687265663D19
:101CB00022696E6465782E68746D6C223E7A757246
:101CC0002675756D6C3B636B207A75722048617563
:101CD000707473656974653C2F613E3C703E3C6670
:101CE0006F726D20616374696F6E3D227478702D20
:101CF000636F6E6669672E636769223E3C7461623A
:101D00006C6520626F726465723D223022206365CB
:101D10006C6C70616464696E673D22352220636576
:101D20006C6C73706163696E673D2230223E003CCB
:101D30002F666F726D3E003C703E45696E67616252
:101D4000653A203C696E707574206E616D653D2248
:101D500045696E676162652220747970653D227401
:101D6000657874222073697A653D223635222076A3
:101D7000616C75653D2222206D61786C656E6774BB
:101D8000683D223635223E3C696E70757420747948
:101D900070653D227375626D6974222076616C7581
:101DA000653D2220416273656E64656E20223E3C73
:101DB000703E003C693E447275636B206C26617511
:101DC0006D6C3B756674206E6F63682C206269745D
:101DD00074652077617274656E2E2E2E3C2F693EDD
:101DE000003C693E4665726E736368726569626540
:101DF00072207769726420676573746172746574A8
:101E00002C2062697474652077617274656E2E2E61
:101E10002E3C2F693E005465787465696E67616277
:101E2000652073746172746574204665726E7363A5
:101E30006872656962657200447275636B7370697C
:101E40006567656C3A3C62723E3C7072653E257314
:101E50003C2F7072653E003C68323E46726564738A
:101E60002054656C65782D50686F6E652D496E74D1
:101E70006572666163653C2F68323E3C68333E475D
:101E800072756E646C6167653A204F70656E4D4384
:101E9000503C2F68333E3C68313E54656C65785049
:101EA000686F6E65204E61636872696368743C2F69
:101EB00068313E3C6120687265663D227478702D01
:101EC0006D73672E636769223E416B7475616C693F
:101ED00073696572656E3C2F613E203C61206872BB
:101EE00065663D22696E6465782E68746D6C223E6D
:101EF000486175707473656974653C2F613E3C7010
:101F00003E3C666F726D20616374696F6E3D227432
:101F100078702D6D73672E636769223E003C2F48F1
:101F20004541443E3C424F44593E003C6D6574611E
:101F300020687474702D65717569763D22726566CE
:101F4000726573682220636F6E74656E743D22251E
:101F5000643B2055524C3D7478702D6D73672E6331
:101F60006769223E003C48544D4C3E3C4845414444
:101F70003E3C6D65746120687474702D657175697F
:101F8000763D22657870697265732220636F6E7486
:101F9000656E743D2230223E000D0A0045696E6771
:101FA0006162650045696E67616265003C703E3C38
:101FB0006120687265663D22696E6465782E68747A
:101FC0006D6C223E486175707473656974653C2F51
:101FD000613E3C703E003C703E45746865726E65C3
:101FE000743A20256C6420427974657320696E20F0
:101FF000256C64205061636B6574656E204C6F6363
:102000006B4572726F727320256C640D0A003C621E
:10201000723E547870546872656164436F756E7473
:10202000202F20353030203D202564003C62723E58
:1020300054696D65723043616C6C6261636B436FB0
:10204000756E74202F20353030203D202564003CF3
:1020500062723E547769497372436F756E74203DA6
:10206000202564003C62723E46616C736368657251
:10207000436F6465203D202564003C62723E4C65E0
:1020800062656E737A65696368656E5A6165686CCE
:102090006572203D202564003C62723E53656E648B
:1020A000654D61726B203D202564003C62723E5399
:1020B0006572556D53656E64446174656E203D2094
:1020C0002564003C62723E536572556D53656E64C3
:1020D0004269744E72203D2025640020253032581C
:1020E000003C62723E507566666572416E7A616848
:1020F0006C2826456D706650756666657229203DB0
:10210000202564003C62723E527568655A616568BC
:102110006C6572203D202564003C62723E536572FE
:10212000556D5469636B5A6165686C657253656E71
:1021300064203D202564003C62723E536572556DFB
:102140005469636B5A6165686C6572456D70662091
:102150003D202564003C62723E536572556D456DAD
:1021600070664D61726B5A6165686C203D20256414
:10217000003C62723E536572556D456D70664665F2
:10218000686C6572203D202564003C62723E536598
:1021900072556D456D7066446174656E203D2025F5
:1021A00064003C62723E536572556D456D706642C7
:1021B00069744E72203D202564003C62723E427577
:1021C00073456D70664D61726B203D202564003C47
:1021D00062723E537461747573203D202564003C27
:1021E00062723E4D6F647573203D202564003C6231
:1021F000723E54696D65723043616C6C6261636BF1
:102200005F4D6178203D202564003C62723E546938
:102210006D657230436E745F4D6178203D2025649A
:10222000003C62723E54696D657230436E745F4D5E
:10223000696E203D202564005D3C703E44656275FA
:10224000674D73673A2025733C62723E005D3C62C5
:10225000723E53656E6465546578743A205B003C49
:1022600068323E46726564732054656C65782D5003
:10227000686F6E652D496E746572666163653C2F8B
:1022800068323E3C68333E4772756E646C616765C8
:102290003A204F70656E4D43503C2F68333E3C688A
:1022A000313E54656C657850686F6E652044656298
:1022B00075672D496E666F733C2F68313E3C612017
:1022C000687265663D227478702D64656275672E4C
:1022D000636769223E416B7475616C6973696572ED
:1022E000656E3C2F613E3C703E456D70665465786E
:1022F000743A205B0054656C6E65742D417363699C
:10230000692D56657262696E64756E6720426565F7
:102310006E64656E0D0A002B2B2B0054656C6E6588
:10232000742D41736369692D56657262696E6475B7
:102330006E672067657472656E6E740D0A00546571
:102340006C6E65742D41736369692D56657262699F
:102350006E64756E672068657267657374656C6C12
:10236000740D0A00526573657276696572756E67E1
:102370002066FC722045696E736368616C74756ECB
:1023800067206B6F6E6E7465206E6963687420766B
:10239000657273616E642077657264656E00536365
:1023A000686C7573737175697474756E67206F6886
:1023B0006E6520417566666F72646572756E670042
:1023C0000D0A0A646174756D3A20253032752E2528
:1023D0003032752E2530347520207568727A656923
:1023E000743A20253032643A253032643A2530324E
:1023F000640D0A0A0023740D6F20686E6D0A6C72FA
:102400006769706376657A64627379667861776A02
:102410002375716B230023350D3920232C2E0A29B7
:10242000342338303A3D332B233F2736232F2D32A8
:10243000232337312823000014BE88E10FB6F89417
:1024400080936000109260000FBE11241FBECFEF7A
:10245000D1E2DEBFCDBF00E00CBF80917400806888
:1024600080937400579A5F980E946C2280E00E94CB
:102470004E22C0E0D2E2CE010E942C2289938FEF3F
:10248000CF3FD807C1F7C0E0D2E2EE24FF24188185
:10249000CE010E942C22181719F00894E11CF11C9F
:1024A00019928FEFCF3FD80791F7E114F10421F093
:1024B00081E00E944E22FFCF81E00E944E2280E008
:1024C0000E94442212E2A0E0B2E2E8EDF7EC00E064
:1024D0000BBF02C007900D92A238B107D9F713EADB
:1024E000A2E8B2E201C01D92A737B107E1F708D414
:1024F0000C94EA630C940000FC0188279927E89467
:1025000021912032E9F3293010F02E30C8F32B321C
:1025100039F02D3231F4689403C00ED1820F911D31
:10252000219120532A30C8F31EF4909581959F4F36
:1025300008951F93FC0199278827BC01E894119105
:102540001032E9F3193010F01E30C8F31B3249F095
:102550001D3241F4689405C0DAD0610F711D811DF0
:10256000911D119110531A30B8F33EF49095809557
:10257000709561957F4F8F4F9F4F1F910895FB017D
:10258000DC0104C08D910590801921F44150504028
:10259000C8F7881B990B0895FB01DC0102C0059068
:1025A0000D9241505040D8F70895FB01DC010D9089
:1025B0000020E9F7119705900D920020E1F70895AA
:1025C000FB01DC018D91059080190110D9F3990B65
:1025D0000895FB01DC0105900D920020E1F70895BC
:1025E000FC0105900020E9F7809590958E0F9F1FC4
:1025F0000895FB01DC014150504030F08D91059071
:10260000801919F40020B9F7881B990B0895FB0174
:10261000DC0104C08D910190801921F4415050409B
:10262000C8F7881B990B0895FB01DC0102C00190DB
:102630000D9241505040D8F70895DC0101C06D93D0
:1026400041505040E0F70895FB01DC010D9000205F
:10265000E9F7119701900D920020E1F70895FB0131
:10266000DC018D91019080190110D9F3990B089527
:10267000FB01DC0101900D920020E1F70895FC01BF
:1026800001900020E9F7809590958E0F9F1F089587
:10269000FB01DC010D900020E9F7119741505040FB
:1026A00028F0019000200D92C9F708951C9208951A
:1026B000FB01DC014150504048F001900D92002098
:1026C000C9F701C01D9241505040E0F70895FB0149
:1026D0009F01E8944230C4F04532B4F44A3029F402
:1026E00097FB1EF4909581959F4F642F77270E944A
:1026F0006A63805D8A330CF0895D8193CB0100971A
:10270000A1F716F45DE251931082C9015FC2592FFF
:10271000482F372F262F660F771F881F991F660FA8
:10272000771F881F991F620F731F841F951F660FE5
:10273000771F881F991F08957AE0979F902D879F94
:10274000802D910D11240895A0E0B0E0EAEAF3E1B4
:102750000C94C363FE01369661917191809173A3CD
:10276000909174A3AF014CD02096E2E00C94DF630B
:10277000A0E0B0E0EEEBF3E10C94C363FE0136960B
:1027800061917191A09173A3B09174A313968C91F0
:102790001397886013968C93809173A3909174A380
:1027A000AF012ED0E09173A3F09174A32381277F12
:1027B00023832096E2E00C94DF63AEE0B0E0E3EE2A
:1027C000F3E10C94C1630E891F898EE08C831A8318
:1027D00009838FEF9FE79E838D839E01265E3F4F87
:1027E000CE010196688D798DA9010AD02F81388597
:1027F000020F131FF80110822E96E4E00C94DD63A3
:10280000ABE0B0E0E6E0F4E10C94B3633C012B01F3
:102810005A01FC0117821682838181FD03C06FEF8C
:102820007FEFB9C19AE0892E1E010894211C311C4A
:10283000F3012381F20123FD859123FF81912F0173
:10284000882309F4A5C1853239F423FD859123FF3E
:1028500081912F01853221F490E0B301C7D1E8CFF7
:10286000982FFF24EE249924FFE1FF15D0F09B322E
:1028700069F09C3228F4903259F0933291F40EC0F2
:102880009D3249F0903369F441E024C052E0F52ACA
:1028900084E0F82A28C098E0F92A25C0E0E1FE2A61
:1028A00022C0F7FC29C0892F80538A3070F4F6FECD
:1028B00005C0989C902C1124980E15C0E89CE02C23
:1028C0001124E80EF0E2FF2A0EC09E3229F4F6FC35
:1028D0005FC140E4F42A07C09C3619F450E8F52A99
:1028E00002C0983649F4F20123FD959123FF91919E
:1028F0002F01992309F0B8CF892F8554833018F020
:102900008052833038F444E050E0A40EB51E5FE3FB
:1029100059830FC0933631F0933779F0933509F02E
:1029200052C01FC0F5018081898342E050E0A40EAF
:10293000B51E610101E010E011C0F501C080D18039
:10294000F6FC03C06FEF7FEF02C0692D70E042E03C
:1029500050E0A40EB51EC6012ED18C015FE7F52212
:1029600013C0F501C080D180F6FC03C06FEF7FEF8C
:1029700002C0692D70E042E050E0A40EB51EC60111
:102980000FD18C0150E8F52AF3FE06C018C080E292
:1029900090E0B3012BD1EA948E2D90E0081719072F
:1029A000B0F30DC0F601F7FC8591F7FE81916F0140
:1029B00090E0B3011BD1E110EA94015010400115E1
:1029C000110581F7E2C0943611F0993661F5F7FEF2
:1029D00008C0F501208131814281538184E090E07B
:1029E0000AC0F501808191819C01442737FD409503
:1029F000542F82E090E0A80EB91E9FE6F92257FFFF
:102A000009C050954095309521953F4F4F4F5F4FEE
:102A1000E0E8FE2ACA01B901A1012AE030E012D1A2
:102A2000D82ED2183FC0953729F41F2D1F7E2AE0DB
:102A300030E01DC01F2D197F9F3661F0903720F4C4
:102A4000983509F0A5C00FC0903739F0983709F0D4
:102A50009FC004C028E030E00AC0106114FD14607B
:102A600020E130E004C014FD166020E132E017FFE1
:102A700008C0F501608171818281938144E050E05A
:102A800008C0F50180819181BC0180E090E042E0C6
:102A900050E0A40EB51EA101D5D0D82ED2188FE7D4
:102AA000F82EF122F6FE0BC05EEFF522D91438F4B1
:102AB000F4FE07C0F2FC05C08FEEF82202C01D2D07
:102AC00001C0192DF4FE0DC0FE01ED0DF11D808138
:102AD000803319F499EEF92208C01F5FF2FE05C099
:102AE00003C08F2D867809F01F5F0F2DF3FC13C0F4
:102AF000F0FE0EC01E1510F09D2C0AC09D2C9E0CE1
:102B0000911A1E2D05C080E290E0B3016FD01F5FC7
:102B10001E15C8F304C01E1510F4E11A01C0EE24FE
:102B200004FF0EC080E390E0B30160D002FF1BC041
:102B300001FD03C088E790E00EC088E590E00BC07F
:102B4000802F867881F001FF02C08BE201C080E215
:102B5000F7FC8DE290E0B30149D005C080E390E03E
:102B6000B30144D09A94D914C8F3DA94F101ED0D6D
:102B7000F11D808190E0B30139D0DD20B1F705C0AF
:102B800080E290E0B30132D0EA94EE20C9F750CE53
:102B9000F30166817781CB012B96E2E10C94CF6340
:102BA000FC010590615070400110D8F78095909518
:102BB0008E0F9F1F0895FC0161507040019001101D
:102BC000D8F7809590958E0F9F1F0895DC01FC012A
:102BD000672F71917723E1F7329704C07C916D9351
:102BE00070836291AE17BF07C8F308950F931F93C8
:102BF000CF93DF938C01EB018B8181FF1BC082FFA0
:102C00000DC02E813F818C819D812817390764F486
:102C1000E881F9810193F983E88306C0E885F985A5
:102C2000802F1995892B31F48E819F8101969F8386
:102C30008E8302C00FEF1FEFC801DF91CF911F916C
:102C40000F910895FA01AA27283051F1203181F11E
:102C5000E8946F936E7F6E5F7F4F8F4F9F4FAF4FA4
:102C6000B1E03ED0B4E03CD0670F781F891F9A1FB7
:102C7000A11D680F791F8A1F911DA11D6A0F711D6B
:102C8000811D911DA11D20D009F468943F912AE077
:102C9000269F11243019305D3193DEF6CF0108955F
:102CA000462F4770405D4193B3E00FD0C9F7F6CF90
:102CB000462F4F70405D4A3318F0495D31FD405258
:102CC000419302D0A9F7EACFB4E0A69597958795EE
:102CD00077956795BA95C9F70097610571050895CD
:102CE0009B01AC010A2E0694579547953795279579
:102CF000BA95C9F7620F731F841F951FA01D089511
:102D00000E9408450E94664C0E94694C0E94B95579
:102D10000E94F745FDCF1092690010926A00089555
:102D2000AC018830910554F42DB381E090E002C0ED
:102D3000880F991F4A95E2F7282B2DBB0895DC01D7
:102D40008830910514F08EEF08956430710514F009
:102D50008FEF0895FC01EE0FFF1FA430B105CCF4F6
:102D60008091690023E030E00E2E02C0220F331F55
:102D70000A94E2F720952823209369008091690046
:102D800002C0660F771FEA95E2F7862B80936900F1
:102D900018C080916A0023E030E00E2E02C0220F9E
:102DA000331F0A94E2F72095282320936A0080912C
:102DB0006A0002C0660F771FEA95E2F7862B8093C0
:102DC0006A00FD01EE0FFF1FEE57FD4D518340835A
:102DD000CD01A6DF80E00895AC01883091055CF458
:102DE0002DB381E090E002C0880F991F4A95E2F769
:102DF000809582238DBB08951F920F920FB60F927C
:102E00000BB60F9211242F933F934F935F936F93C1
:102E10007F938F939F93AF93BF93EF93FF93E09133
:102E20008222F09183221995FF91EF91BF91AF918A
:102E30009F918F917F916F915F914F913F912F91D2
:102E40000F900BBE0F900FBE0F901F9018951F9202
:102E50000F920FB60F920BB60F9211242F933F9340
:102E60004F935F936F937F938F939F93AF93BF9392
:102E7000EF93FF93E0918422F09185221995FF91C1
:102E8000EF91BF91AF919F918F917F916F915F91E2
:102E90004F913F912F910F900BBE0F900FBE0F904F
:102EA0001F9018951F920F920FB60F920BB60F92AC
:102EB00011242F933F934F935F936F937F938F933F
:102EC0009F93AF93BF93EF93FF93E0918622F0918E
:102ED00087221995FF91EF91BF91AF919F918F91AB
:102EE0007F916F915F914F913F912F910F900BBE0A
:102EF0000F900FBE0F901F9018951F920F920FB654
:102F00000F920BB60F9211242F933F934F935F9321
:102F10006F937F938F939F93AF93BF93EF93FF93A1
:102F2000E0918822F09189221995FF91EF91BF914C
:102F3000AF919F918F917F916F915F914F913F9151
:102F40002F910F900BBE0F900FBE0F901F901895F2
:102F50001F920F920FB60F920BB60F9211242F9360
:102F60003F934F935F936F937F938F939F93AF9311
:102F7000BF93EF93FF93E0918A22F0918B221995F2
:102F8000FF91EF91BF91AF919F918F917F916F9141
:102F90005F914F913F912F910F900BBE0F900FBEFD
:102FA0000F901F9018951F920F920FB60F920BB6AD
:102FB0000F9211242F933F934F935F936F937F93BF
:102FC0008F939F93AF93BF93EF93FF93E0918C22E6
:102FD000F0918D221995FF91EF91BF91AF919F9143
:102FE0008F917F916F915F914F913F912F910F90B2
:102FF0000BBE0F900FBE0F901F9018951F920F924F
:103000000FB60F920BB60F9211242F933F934F934D
:103010005F936F937F938F939F93AF93BF93EF9340
:10302000FF93E0918E22F0918F221995FF91EF91FD
:10303000BF91AF919F918F917F916F915F914F91D0
:103040003F912F910F900BBE0F900FBE0F901F90CE
:1030500018951F920F920FB60F920BB60F92112474
:103060002F933F934F935F936F937F938F939F9390
:10307000AF93BF93EF93FF93E0919022F091912251
:103080001995FF91EF91BF91AF919F918F917F9192
:103090006F915F914F913F912F910F900BBE0F90C9
:1030A0000FBE0F901F901895FC01EE0FFF1FEE0F43
:1030B000FF1FE80FF91FEE52FD4D86E0848308954F
:1030C000613011F4845E0895673008F0615060FD4E
:1030D00002C08FE108958EE10895A0E0B0E0E3E73B
:1030E000F8E10C94B963EC018E849F84A888B988B8
:1030F000EE84FF8408891989698570E080E090E09A
:1031000020E13EE040E050E00E944B63E60EF71EF7
:10311000081F191FEE86FF86088B198B8CE697E037
:1031200098878F836E857F858889998920E831E526
:1031300041E050E00E949163162F072FF82EE92EF0
:103140006E857F858889998920E831E541E050E0E6
:103150000E9491636901612F702F8F2D9E2D2CE3AA
:1031600030E040E050E00E9491636983612F702F4E
:103170008F2D9E2D20E13EE040E050E00E949163C3
:103180002CE330E040E050E00E9491632A83612FFD
:10319000702F8F2D9E2D20E13EE040E050E00E94F8
:1031A00091632B83C601049667E070E00E946A6316
:1031B0008C8322C08F81988583709070892B99F4BD
:1031C0008F81988564E670E00E946A63892B41F4E0
:1031D0008F81988560E971E00E946A63892B19F4F8
:1031E0008EE691E002C08DE691E0C81AD90A8F817F
:1031F0009885019698878F838F81988583709070CA
:10320000892B99F48F81988564E670E00E946A6347
:10321000892B41F48F81988560E971E00E946A638F
:10322000892B19F48EE691E002C08DE691E0C81674
:10323000D90608F0BFCF1E8228C08F819885837081
:103240009070892B19F080E090E018C08F819885EC
:1032500064E670E00E946A63892B19F081E090E0D7
:103260000DC08F81988520E030E060E971E00E9418
:103270006A63892B11F421E030E0C9016E8120DFFF
:10328000C81AD1088E818F5F8E838F819885837055
:103290009070892B19F080E090E018C08F8198859C
:1032A00064E670E00E946A63892B19F081E090E087
:1032B0000DC08F81988520E030E060E971E00E94C8
:1032C0006A63892B11F421E030E0C9016E81F8DED8
:1032D00090E0C816D90608F0B0CF8E818F5F8E833C
:1032E0008C2D8F5F8D838E81833010F430E007C08A
:1032F0008E8130E08B3008F031E081E038278D811D
:103300002C8190E0821B9109499754F08C8188238D
:1033100019F48B81823020F08E818A3021F440C0F4
:103320008E818330E9F13323D9F18B818F5F8B83D9
:103330008B818831A9F51B828C818F5F8C838C8176
:10334000873009F41C821D818F819885837090706D
:10335000892B19F080E090E018C08F81988564E691
:1033600070E00E946A63892B19F081E090E00DC043
:103370008F81988520E030E060E971E00E946A6307
:10338000892B11F421E030E0C9016E8199DE181714
:1033900021F41D828E818F5F8E838D818F5F8D835F
:1033A0008E869F86A88AB98ACDB7DEB7ECE00C94EA
:1033B000D5631F93CF93DF93809172238F5F8093A8
:1033C000722380917223843611F011E053C0109261
:1033D0007223809173238F5F8093732380917C236A
:1033E00090917D23A0917E23B0917F230196A11D12
:1033F000B11D80937C2390937D23A0937E23B09373
:103400007F238091802390918123A0918223B0918A
:1034100083230196A11DB11D809380239093812366
:10342000A0938223B0938323809173238C3311F074
:1034300012E020C010927323809174238F5F8093D9
:103440007423809174238C3311F013E013C0109215
:103450007423809175238F5F8093752382E793E2B5
:103460003CDE80917523883111F014E003C0109286
:10347000752315E0C0E0D0E0FE01EE0FFF1FEE0F58
:10348000FF1FEE56FD4D8281181750F0123018F0D4
:1034900081E0838305C013820190F081E02D1995AE
:1034A0002196C031D10541F720E030E0F901EE0F5F
:1034B000FF1FEE0FFF1FEE56FD4DDF0113968381B8
:1034C000813041F41C920190F081E02D199520E0AB
:1034D00030E006C02F5F3F4F2031310539F7F7CF7D
:1034E000F901EE0FFF1FEE0FFF1FE20FF31FEE5269
:1034F000FD4D8481181798F080819181A281B3815C
:103500000097A105B10559F080819181A281B38115
:103510000197A109B10980839183A283B3832F5FAF
:103520003F4F20323105E1F6DF91CF911F91089591
:103530000F931F938C011CD182E793E2B80142E103
:1035400050E072D81BD180E090E01F910F91089558
:103550000F931F938C010CD1C80162E773E242E123
:1035600050E062D80BD180E090E01F910F91089558
:10357000EF92FF920F931F938C01FAD0F801EE0F98
:10358000FF1FEE0FFF1FE00FF11FEE52FD4DE08019
:10359000F18002811381F2D0C7011F910F91FF903A
:1035A000EF900895BF92CF92DF92EF92FF920F9328
:1035B0001F936C017B01B42EDBD000E010E0F6011C
:1035C000EE0FFF1FEE0FFF1FEC0DFD1DEE52FD4D28
:1035D000E082F18202831383B482D0D01F910F91D5
:1035E000FF90EF90DF90CF90BF900895CF93DF933F
:1035F000BFD0C0E0D0E0FE01EE0FFF1FEE0FFF1FB7
:10360000EC0FFD1FEE52FD4D8481863031F41082A7
:10361000118212821382B2D007C02196C032D10526
:1036200051F7ACD0CFEFDFEFCE01DF91CF9108950E
:103630001F93CF93DF93EC01162F9AD020E030E058
:10364000F901EE0FFF1FEE0FFF1FEE56FD4D8081BB
:1036500091818C179D07A9F02F5F3F4F20313105D5
:1036600079F720E030E0F901EE0FFF1FEE0FFF1FAA
:10367000EE56FD4D80819181892B31F4D183C08339
:1036800012837CD080E007C02F5F3F4F203131058F
:1036900051F774D08FEFDF91CF911F91089520E003
:1036A00030E0F901EE0FFF1FEE0FFF1FEE56FD4D4C
:1036B0001182108286E082832F5F3F4F20313105D7
:1036C00081F720E030E0F901EE0FFF1FEE0FFF1F42
:1036D000E20FF31FEE52FD4D10821182128213820F
:1036E00086E084832F5F3F4F2032310561F71092CF
:1036F0007C2310927D2310927E2310927F231092C0
:10370000802310928123109282231092832310929F
:103710007B2382E793E2E1DC84E690E060E070E006
:1037200003D089ED99E15DC00F931F938B01109237
:103730008523109284232AE0209381009C0183E05A
:10374000220F331F8A95E1F740E050E060E074E219
:1037500084EF90E00E949163201B310B309389002D
:103760002093880082E080936F001F910F9108954D
:10377000EFE6F0E080818D7F80830895EFE6F0E052
:1037800080818260808308951F920F920FB60F92FE
:103790000BB60F9211242F933F934F935F936F9328
:1037A0007F938F939F93AF93BF93EF93FF93E0919A
:1037B0008423F0918523309709F01995FF91EF91BB
:1037C000BF91AF919F918F917F916F915F914F9139
:1037D0003F912F910F900BBE0F900FBE0F901F9037
:1037E000189520918423309185232817390711F4E7
:1037F00081E00895232B11F080E0089590938523B4
:103800008093842381E008959C01FC0193E0EE0FF6
:10381000FF1F9A95E1F7220F331FE20FF31FE35CBE
:10382000FD4D0190F081E02D199508959C01FC015A
:1038300053E0EE0FFF1F5A95E1F7220F331FE20FFF
:10384000F31FE35CFD4D0280F381E02D862F199577
:1038500008959C01FC0193E0EE0FFF1F9A95E1F79C
:10386000220F331FE20FF31FE35CFD4D0680F7814B
:10387000E02DCB01BA01199508959C01FC0193E05C
:10388000EE0FFF1F9A95E1F7220F331FE20FF31F90
:10389000E55AFD4D0190F081E02D199508959C01A8
:1038A000FC0153E0EE0FFF1F5A95E1F7220F331F83
:1038B000E20FF31FE55AFD4D0280F381E02D862FC4
:1038C000199508959C01FC0173E0EE0FFF1F7A9596
:1038D000E1F7220F331FE20FF31FE55AFD4D04807D
:1038E000F581E02D199508959C01FC01B3E0EE0FE0
:1038F000FF1FBA95E1F7220F331FE20FF31FE55ABE
:10390000FD4D0680F781E02D199508951F920F92C5
:103910000FB60F920BB60F9211248F93EF93FF9374
:10392000E1ECF0E080818F7B808310928623FF9111
:10393000EF918F910F900BBE0F900FBE0F901F90C5
:1039400018951F920F920FB60F920BB60F9211247B
:103950002F933F934F935F936F937F938F939F9397
:10396000AF93BF93EF93FF938091892390918A2324
:103970000E941843892B49F08091892390918A23D2
:103980000E9486438093C6000AC08091C100806473
:103990008093C1008091C1008F7D8093C100FF9111
:1039A000EF91BF91AF919F918F917F916F915F91B7
:1039B0004F913F912F910F900BBE0F900FBE0F9024
:1039C0001F9018951F920F920FB60F920BB60F9281
:1039D00011241F932F933F934F935F936F937F9384
:1039E0008F939F93AF93BF93EF93FF931091C60074
:1039F00080918723909188230E9418438F3F9105DF
:103A000009F03CF48091872390918823612F0E94D4
:103A10003143FF91EF91BF91AF919F918F917F9132
:103A20006F915F914F913F912F911F910F900BBE1E
:103A30000F900FBE0F901F9018951F920F920FB608
:103A40000F920BB60F9211248F93EF93FF93E9EC33
:103A5000F0E080818F7B808310928B23FF91EF9128
:103A60008F910F900BBE0F900FBE0F901F90189567
:103A70001F931FB7F89480918C2590918D250E94FB
:103A800018431FBF1F9108951F931FB7F89480918B
:103A90008C2590918D250E941843892B11F480E08C
:103AA00006C080918C2590918D250E9486431FBF72
:103AB0001F9108951F920F920FB60F920BB60F929F
:103AC00011242F933F934F935F936F937F938F9323
:103AD0009F93AF93BF93EF93FF9380918E25909127
:103AE0008F250E941843892B49F080918E25909153
:103AF0008F250E9486438093CE000AC08091C90022
:103B000080648093C9008091C9008F7D8093C90033
:103B1000FF91EF91BF91AF919F918F917F916F91A5
:103B20005F914F913F912F910F900BBE0F900FBE61
:103B30000F901F9018950F931F93182F0FB7F8949D
:103B400080918E2590918F250E941843892B31F505
:103B500080918B23813091F480918E2590918F25D7
:103B6000612F0E9431438091C9008F7B8093C900EF
:103B70008091C90080628093C90024C01093CE0058
:103B80008091C90080648093C9008091C9008F7DB5
:103B90008093C90081E080938B2314C0F8948091B6
:103BA0008E2590918F250E9418438F3F910519F023
:103BB00014F00FBFF3CF80918E2590918F25612F48
:103BC0000E9431430FBF1F910F9108951F920F92D2
:103BD0000FB60F920BB60F9211241F932F933F93A2
:103BE0004F935F936F937F938F939F93AF93BF9305
:103BF000EF93FF931091CE0080918C2590918D25AD
:103C00000E9418438F3F910509F03CF480918C2568
:103C100090918D25612F0E943143FF91EF91BF91CB
:103C2000AF919F918F917F916F915F914F913F9154
:103C30002F911F910F900BBE0F900FBE0F901F90F2
:103C400018958CE894E260E071E00E94EC42909359
:103C50008D2580938C258CE893E260E071E00E94D2
:103C6000EC4290938F2580938E2510928B23109297
:103C7000CD0087E68093CC0088E98093C90086E078
:103C80008093CA000895362F3770669566956695BD
:103C9000623009F44AC0633030F4662371F0613059
:103CA00009F0B0C026C0643009F477C0643008F46D
:103CB00058C0653009F0A6C08BC0813059F421B1DD
:103CC00081E090E002C0880F991F3A95E2F7282B17
:103CD00021B998C0823009F095C021B181E090E00F
:103CE00002C0880F991F3A95E2F78095822381B927
:103CF00089C0813059F424B181E090E002C0880F7E
:103D0000991F3A95E2F7282B24B97CC0823009F03C
:103D100079C024B181E090E002C0880F991F3A95E4
:103D2000E2F78095822384B96DC0813059F427B1C0
:103D300081E090E002C0880F991F3A95E2F7282BA6
:103D400027B960C0823009F05DC027B181E090E002
:103D500002C0880F991F3A95E2F78095822387B9B0
:103D600051C0813059F42AB181E090E002C0880F3F
:103D7000991F3A95E2F7282B2AB944C0823009F0FE
:103D800041C02AB181E090E002C0880F991F3A95A6
:103D9000E2F7809582238AB935C0813059F42DB17C
:103DA00081E090E002C0880F991F3A95E2F7282B36
:103DB0002DB928C0823031F52DB181E090E002C0EC
:103DC000880F991F3A95E2F7809582238DB91AC022
:103DD000813059F420B381E090E002C0880F991F30
:103DE0003A95E2F7282B20BB0DC0823059F420B35E
:103DF00081E090E002C0880F991F3A95E2F7809524
:103E0000822380BB8FEF90E00895382F377086951E
:103E100086958695823031F1833030F4882361F0C5
:103E2000813009F04AC013C0843091F1843028F108
:103E3000853009F042C037C022B181E090E002C075
:103E4000880F991F3A95E2F7282B22B936C025B181
:103E500081E090E002C0880F991F3A95E2F7282B85
:103E600025B92BC028B181E090E002C0880F991FCE
:103E70003A95E2F7282B28B920C02BB181E090E0D9
:103E800002C0880F991F3A95E2F7282B2BB915C06D
:103E90002EB181E090E002C0880F991F3A95E2F7B9
:103EA000282B2EB90AC021B381E090E002C0880F10
:103EB000991F3A95E2F7282B21BB8FEF90E00895E8
:103EC000382F3770869586958695823041F18330FC
:103ED00030F4882361F0813009F050C014C0843080
:103EE000B1F1843040F1853009F048C03CC022B1C6
:103EF00081E090E002C0880F991F3A95E2F7809523
:103F0000822382B93BC025B181E090E002C0880FD6
:103F1000991F3A95E2F78095822385B92FC028B181
:103F200081E090E002C0880F991F3A95E2F78095F2
:103F3000822388B923C02BB181E090E002C0880FB2
:103F4000991F3A95E2F7809582238BB917C02EB15D
:103F500081E090E002C0880F991F3A95E2F78095C2
:103F600082238EB90BC021B381E090E002C0880F9C
:103F7000991F3A95E2F78095822381BB8FEF90E0FD
:103F80000895382F3770869586958695823099F0FA
:103F9000833028F4882359F0813039F40AC0843002
:103FA00071F0843050F0853061F02FEF13C020B1F4
:103FB00009C023B107C026B105C029B103C02CB187
:103FC00001C02FB181E090E002C0880F991F3A959F
:103FD000E2F72823822F90E008950F931F93CF9349
:103FE000DF93EC018B01739881E090E06AE705C0F4
:103FF000F80161918F0181E090E018DC2197FFEFDB
:10400000CF3FDF07A9F783E08A9501F0E9F7C8956C
:10401000739ADF91CF911F910F9108951F93142FE1
:1040200073986F71682B81E090E000DC81E090E094
:10403000612FFCDB83E08A9501F0E9F7C895739A5C
:104040001F9108951F93CF93DF93182FC82FD0E0AF
:10405000C076D0708091902590E0C817D90781F084
:1040600080EA6FE143E0DADF85E0D595C7958A9570
:10407000E1F780E86FE14C2FD1DF107610939025A7
:10408000DF91CF911F9108950F931F93182F062F43
:10409000D9DF80E4612F402FC1DF1F910F91089578
:1040A0000F931F938C0184EEF8016081EDDF85EEA4
:1040B000F8016181E9DF82EEF8016281E5DF83EEDC
:1040C000F8016381E1DF80EEF8016481DDDF81EEDC
:1040D000F8016581D9DF1F910F9108951F93162F65
:1040E00073986F71682B81E090E0A0DB81E090E035
:1040F00060E09CDB17FF04C081E090E060E096DBAD
:1041000093E09A9501F0E9F7C895739A1F91089585
:104110001F93182F97DF80E0612FE0DF1F91089534
:104120000F931F93CF93DF93EC018B018FE1F0DFAF
:1041300083FDFCCF82E060E0A7DF83E068E1A4DFDD
:1041400086E06C2FA1DFC050D84E6D2F772767FD1A
:104150007A95C050D84187E097DF8AE760E040E079
:104160005DDFCE01B80139DF80E86FE140E856DF5E
:1041700080EA6FE140E852DF80E86FE148E04EDF1F
:10418000DF91CF911F910F91089582E7C1DF90E0F9
:1041900008950F931F93982F8B0184ED692F74DF7F
:1041A00086ED602F71DF012F110F110B87ED602F4E
:1041B0006BDF8AEEADDF80FDFCCF1F910F9108957C
:1041C00081E090E021DB6B9A739A8FEF60E04FEF14
:1041D00025DF8DE19DDF80FFFCCF109292251092AC
:1041E000912588E060E050DF89E060E04DDF8CE001
:1041F00060E04ADF8DE060E047DF8AE06EEF44DF99
:104200008BE067E141DF84E060E03EDF85E068E16C
:104210003BDF88E361EA38DF80EC6DE035DF81EC7D
:1042200060E032DF88EC63E02FDF80E862EC42E39D
:10423000F5DE86EC62E128DF87EC6CE025DF84ECBC
:1042400062E122DF8AEC6EEE1FDF8BEC65E01CDFA3
:1042500080E160E071E09DDF8FE1F4DE80E86BE1FA
:1042600040ECDCDE80E86FE144E0D8DE84E166E724
:1042700074E08FCF0F931F93682F84ED05DF82EDDD
:1042800061E002DF8AEE44DF80FDFCCF82ED60E07A
:10429000FBDE88ED3DDF082F10E089ED39DF382F98
:1042A00020E0202B312BC9011F910F91089581E04F
:1042B000E1DF96958795969587958095817008950D
:1042C00080EA6FE14CE0AADE80E0D4DFBC017E7FB3
:1042D00080E05FDF82EC1CDF682F70E06E7F82EC95
:1042E000D3DE84EC65E1D0DE86EC62E1CDDE87ECE6
:1042F0006CE0CADE80E86FE144E090CEEF92FF927E
:104300000F931F937C018B01739881E090E06AE327
:104310008DDA81E090E0B801A7019BDA83E08A950D
:1043200001F0E9F7C895739A1F910F91FF90EF90F4
:104330000895A0E0B0E0EFE9F1E20C94BB63EC017A
:104340007B018CE1E5DE86FD05C089E3E1DE8823A3
:1043500009F43DC080E06091912596DE6091922540
:1043600081E092DE8AE360E0B9DE082F10E010936E
:104370009225009391258AE360E0B0DE382F20E09B
:10438000202B312B30939225209391258AE360E0F6
:10439000A5DEA82EBB248AE360E0A0DE382F20E053
:1043A000A22AB32A8AE360E099DE8AE360E096DE1F
:1043B000CA15DB057CF48CE06091912565DE609187
:1043C00092258DE061DE80E86EE140E427DEAA24DC
:1043D000BB243CC0C501B70191DF89E099DE182FED
:1043E00000E088E095DEC82E8BE092DEF82EEE2409
:1043F0008AE08EDEC82FD0E0CE29DF29609191259A
:1044000070919225CB010197DD240C291D2980177D
:10441000910718F0C817D90748F48CE06C2F34DEE8
:104420006D2F772767FD7A958DE00BC061508CE08A
:104430002BDE2091912530919225215030408DE046
:10444000632F22DE80E86EE140E4E8DDC501CDB7F0
:10445000DEB7EAE00C94D763292F280F892F90E06C
:104460006DE070E00E946A6390E007C027FF03C020
:10447000220F216001C0220F9F5F9817B8F3883088
:1044800008F02095822F0895843038F4E82FF0E06A
:10449000E453FF4FE4918E2F13CD0895843038F408
:1044A000E82FF0E0E453FF4FE4918E2FAECC089557
:1044B0001F93182F843070F4E82FF0E0E453FF4F7F
:1044C000E4918E2F5EDD892B19F0812FDDDF02C094
:1044D000812FE4DF1F9108951F93CF93DF93CCECDE
:1044E000D0E010E0FE01649181E0CDDB812FCCDFD4
:1044F00021961F5F1430B1F7DF91CF911F9108957E
:1045000085B1836085B984B1876084B9239880E5DB
:104510008CBD81E08DBD08958EBD0DB407FEFDCF2D
:104520008EB50895DC018C918EBD81E090E009C0CC
:10453000FD01E80FF91FE0810DB407FEFDCFEEBDD0
:10454000019686179707A0F30DB407FEFDCF0895D7
:10455000AC011EBC20E030E00BC00DB407FEFDCF67
:104560001EBC8EB5FA01E20FF31F80832F5F3F4F11
:104570002617370790F30DB407FEFDCF0895E4EC3E
:10458000F0E0118210826A9A80EC8093C20088E188
:104590008093C100118210820895982F8091C000ED
:1045A00085FFFCCF9093C6008091C00087FFFCCFB1
:1045B0008091C6000895DC018C918093C60021E0B3
:1045C00030E00CC0FD01E20FF31FE0818091C000DC
:1045D00085FFFCCFE093C6002F5F3F4F26173707BC
:1045E0008CF38091C00087FFFCCF0895AC0120E0E0
:1045F00030E013C08091C00085FFFCCF8FEF809327
:10460000C6008091C00087FFFCCF8091C600FA01F0
:10461000E20FF31F80832F5F3F4F6217730754F73A
:104620008091C00085FFFCCF0895299884B18A60ED
:1046300084B922980895282F90E080E0880F27FF02
:1046400002C02B9A01C02B98299A1A998160299847
:104650009F5F983011F0220FF1CF089520E030E0F5
:1046600013C0FC01E20FF31FE08140E0E7FF02C04E
:104670002B9A01C02B98299A29984F5F483011F046
:10468000EE0FF4CF2F5F3F4F2617370750F30895F3
:10469000FC012B9880E090E030E00BC020E0330F6D
:1046A000299A1A99316029982F5F2830C1F73193E0
:1046B00001968617970790F308951F9310929425FB
:1046C0001092932512E014BD9C01442737FD4095BC
:1046D000542F542F432F322F222760E074E284EFAF
:1046E00090E00E94916327BD84E085BD10936E0029
:1046F0001F9108951F920F920FB60F920BB60F9253
:1047000011242F933F934F935F936F937F938F93D6
:104710009F93AF93BF93EF93FF93E0919325F09115
:104720009425309709F01995FF91EF91BF91AF91C2
:104730009F918F917F916F915F914F913F912F91B9
:104740000F900BBE0F900FBE0F901F9018952091E9
:104750009325309194252817390711F48FEF089588
:10476000232B11F080E00895909394258093932556
:104770008FEF0895A0E0B0E0E0ECF3E20C94BB63AF
:104780006C017B01B62EAF2C8B01025F1F4FFB012A
:104790008685682F70E06F707070660F771F660FE8
:1047A000771F625F7F4FE701C60FD71F6E507040C3
:1047B0008881882309F441C0883009F04AC0F80193
:1047C00084859585A685B785808B918BA28BB38BCD
:1047D00080911B2290911C22A0911D22B0911E223B
:1047E00084879587A687B78713861286C8010E949B
:1047F0000B3E0E947846F8019387828718821982BF
:104800008A81883F18F08B818F5F8B838A81885FD4
:104810008A832B2D3A2DC901FC01A4E1B2E28681E5
:1048200080838D918683319622E2AA31B207B9F74F
:10483000C601B7010E9467320CC08C819D818D51E9
:104840009C4A39F480911222813019F482E08093DD
:104850001222CDB7DEB7EAE00C94D7639C01833017
:1048600091051CF0EFEFFFEF12C08FB7F894F9013C
:10487000EE0FFF1FE20FF31F93E0EE0FFF1F9A955D
:10488000E1F7EB56FA4D0190F081E02D8FBFCF019B
:1048900008959C01833091051CF02FEF3FEF11C06C
:1048A0008FB7F894F901EE0FFF1FE20FF31F53E0EB
:1048B000EE0FFF1F5A95E1F7EB56FA4D2289338927
:1048C0008FBFC90108959C01833091051CF02FEF23
:1048D0003FEF17C08FB7F894F901EE0FFF1FE20FFB
:1048E000F31F93E0EE0FFF1F9A95E1F7EB56FA4D99
:1048F000138A128A20E130E0318320838FBF20E0C9
:1049000030E0C9010895833091051CF02FEF3FEF8F
:1049100027C02FB7F894FC01EE0FFF1FE80FF91F17
:1049200073E0EE0FFF1F7A95E1F7EB56FA4D8081A9
:104930009181892B91F0118210821282138214824C
:1049400015821186108617821682138A128A118A9E
:10495000108A158A148A178A168A2FBF20E030E041
:10496000C901089580E090E0CEDF81E090E0CBDFE8
:1049700082E090E0C8CF4FB7F89480919525909150
:104980009625892B19F480E090E014C08091AD2524
:104990009091AE25892B19F481E090E00BC08091B5
:1049A000C5259091C625892B19F02FEF3FEF03C045
:1049B00082E090E09C014FBFC9010895EF92FF9201
:1049C0000F931F93CF93DF937B01FA0183309105FF
:1049D0001CF02FEF3FEF30C02685C22FD0E0CF7004
:1049E000D070CC0FDD1FCC0FDD1F2E96C40FD51F4E
:1049F0008C01000F111F080F191F93E0000F111FEA
:104A00009A95E1F70B561A4DF801808591850E9421
:104A100078469B838A83F801868197810E94784635
:104A2000998388831F821E82C70108960E94784658
:104A30009D838C8320E030E0C901CDB7DEB7E6E08E
:104A40000C94DB63A0E0B0E0E8E2F5E20C94B8631C
:104A50005C01FEE08F2E912C880E991EFC0186854C
:104A6000C82FD0E0CF70D070CC0FDD1FCC0FDD1F72
:104A70002E96CA0DDB1D7FB6F89477E9E72E75E216
:104A8000F72ECC24DD24F701048115818A819B81D6
:104A90000E9478460817190709F046C0F7010681F9
:104AA0001781888199810E94784608171907D1F1EA
:104AB000F70186819781892BB9F580819181A28147
:104AC000B3810097A105B10579F58601000F111F8B
:104AD0000C0D1D1D53E0000F111F5A95E1F745E91C
:104AE000E42E45E2F42EE00EF11EF4018485958556
:104AF000A685B785F70182839383A483B5838881D4
:104B000099810E947846F7019187808786E090E03E
:104B1000A80EB91EC80181569A4DB50146E050E075
:104B20000E94141396010EC00894C11CD11CE8E128
:104B3000F0E0EE0EFF1EF3E0CF16D10409F0A3CF94
:104B40002FEF3FEF7FBEC901CDB7DEB7EDE00C948C
:104B5000D463A0E0B0E0EFEAF5E20C94B9634B0156
:104B6000FB011685CB016EDF5C01FFEF8F3F9F07D6
:104B700009F47FC0012F10E00F701070000F111F9B
:104B8000000F111F025F1F4F080D191DF8018481CE
:104B900095810E947846089709F46BC0F4018685D8
:104BA000E82EFF24FFE0EF22FF24EE0CFF1CEE0CAA
:104BB000FF1C86E190E0E80EF91EE501CC0FDD1F39
:104BC000CA0DDB1D83E0CC0FDD1F8A95E1F7CB56C4
:104BD000DA4DCE88DF88C114D104C1F0F801848198
:104BE00095810E947846BC01C4018E0D9F1DF6017F
:104BF000199580E190E099838883198618861A8236
:104C00001B821C821D821B8A1A8A33C0888199816B
:104C1000409779F5F801848195810E94784648890A
:104C2000598908978417950748F4F801848195817C
:104C30000E9478469C012850304001C09A01F5013D
:104C4000EE0FFF1FEA0DFB1DA3E0EE0FFF1FAA955D
:104C5000E1F7EB56FA4D228B338B80E290E09183A3
:104C60008083E80CF91C84899589B701A9010E9409
:104C70001413CDB7DEB7ECE00C94D563A0E0B0E040
:104C8000E4E4F6E20C94B5634C013B018A014DB6B5
:104C90005EB683E0881691041CF02FEF3FEF49C009
:104CA0000E9440326AE2A62EB12CA60CB71CEDB7CA
:104CB000FEB7EA19FB090FB6F894FEBF0FBEEDBFB1
:104CC000CDB6DEB60894C11CD11C85E4F6018687FA
:104CD0008DB79EB78B96B801A3010E94141374017F
:104CE000EE0CFF1CE80CF91C43E0EE0CFF1C4A958F
:104CF000E1F7F701EB56FA4D62817381848195816A
:104D00009301285F3F4F41E186010E94DF35C401D6
:104D1000B301A60153DEC70181569A4DB6010E9428
:104D2000FF31C501B6010E9467320E941A3220E0AD
:104D300030E0C9010FB6F8945EBE0FBE4DBE20969E
:104D4000E0E10C94D1636F927F929F92AF92BF92F9
:104D5000CF92DF92EF92FF920F931F93CF93DF9347
:104D60006B017C01EA0139019FB6F89404DE5C0115
:104D70008FEFA8168FEFB80609F48CC0F501EE0F7F
:104D8000FF1FEA0DFB1DA3E0EE0FFF1FAA95E1F741
:104D9000EB56FA4D80E190E091838083D187C08704
:104DA000C334D10529F484E490E09783868304C05A
:104DB000C095D095D783C683A501440F551F4A0DD2
:104DC0005B1D73E0440F551F7A95E1F7FA01EB562E
:104DD000FA4DC282D382E482F582138A128A718AE2
:104DE000608A158B048B178A168A8FEFC8168FEF8F
:104DF000D8068FEFE8068FEFF80659F100911F22D1
:104E0000109120222091212230912222009510958C
:104E10002095309580911B2290911C22A0911D22FB
:104E2000B0911E228C259D25AE25BF258023912380
:104E3000A223B3230097A105B105E9F4D701C60168
:104E400080239123A223B32380179107A207B307DE
:104E500041F48FEF8287838784878587868787875A
:104E600019C09FBE41565A4DC701B6010E943C343D
:104E70009FB6F8940FC09FBE6091232270912422A8
:104E8000809125229091262241565A4D0E943C3411
:104E90009FB6F8949FBEC501DF91CF911F910F91EE
:104EA000FF90EF90DF90CF90BF90AF909F907F905A
:104EB0006F90089510921322089581E08093132239
:104EC000089520E030E088E290E1289FF001299FDA
:104ED000F00D389FF00D1124EB51FA4D808188239D
:104EE00021F486899789892B39F02F5F3F4F26302F
:104EF000310549F72FEF3FEFC9010895AC0120E0DC
:104F000030E0F901EE0FFF1FEB52F94780819181EC
:104F1000892B29F45183408320E030E007C02F5FC4
:104F20003F4F2430310569F72FEF3FEFC901089556
:104F3000AC0120E030E0F901EE0FFF1FEB52F94722
:104F4000808191818417950719F420E030E007C033
:104F50002F5F3F4F2430310571F72FEF3FEFC9012D
:104F60000895DC014FEF5FEF6EE170E020E030E08C
:104F700088E290E1289FF001299FF00D389FF00D05
:104F80001124EB51FA4D848195818A179B0769F4AE
:104F900080818F3051F4868997898617970728F486
:104FA0006689778980E18083A9012F5F3F4F263092
:104FB0003105F1F6CA0108959C018630910510F083
:104FC0008FEF089588E290E1289FF001299FF00D6E
:104FD000389FF00D1124EB51FA4D808108959C010A
:104FE00086309105A0F488E290E1289FF001299F86
:104FF000F00D389FF00D1124EB51FA4D8081803176
:1050000031F486A197A10E9418439C0102C02FEFA2
:105010003FEFC9010895A0E0B0E0E1E1F8E20C94AF
:10502000BD636C01FB01EA0137C08081813041F032
:105030008130A0F19F012F5F3F4F883029F503C0D9
:105040003196219729C0018110E079010894E11C73
:10505000F11C88E290E19C01C29EC001C39E900DAC
:10506000D29E900D112483509A4DB70144E050E038
:105070000E94141302501040F701E00FF11F0E5F61
:105080001F4FC01BD10B08C0818190E0F901E80FD0
:10509000F91F3197C81BD90B209739F6CDB7DEB76A
:1050A000E8E00C94D963DF92EF92FF920F931F9385
:1050B000CF93DF937B018A01FA01D68428E230E1A5
:1050C000829FE001839FD00D929FD00D1124CB5180
:1050D000DA4D8EA19FA10E94EE438E159F0524F408
:1050E000EE24EA94FE2C27C0ED2DF0E0EF70F07076
:1050F000EE0FFF1FEE0FFF1F3E96E00FF11F2485FE
:105100008EA19FA1F801468550E04F705070440F6A
:10511000551F440F551F30E0207F3070359527957F
:1051200035952795420F531F425F5F4F400F511F28
:10513000B7010E948744C701CDB7DEB7E7E00C9402
:10514000DA63A0E0B0E0E7EAF8E20C94BB63FC01AC
:105150008EE0A82EB12CAE0EBF1E8685C82FD0E0E3
:10516000CF70D070CC0FDD1FCC0FDD1F2E96CE0F71
:10517000DF1FEE24FF2488E290E1E89E6001E99EB3
:10518000D00CF89ED00C112485EE95E2C80ED91EE5
:10519000F6018081882311F1028113818881998130
:1051A0000E94784608171907C9F4F6010481158191
:1051B0008A819B810E9478460817190779F4F601C5
:1051C0002681378140855185F50184859585A685A1
:1051D000B785281739074A075B0751F00894E11C87
:1051E000F11CF6E0EF16F10431F6EE24EA94FE2C01
:1051F000C701CDB7DEB7EAE00C94D763A0E0B0E01A
:10520000E4E0F9E20C94B963EC013EE0832E912CCA
:10521000880E991E0E8555DE5C018FEFA8168FEF64
:10522000B80609F485C010E00F701070000F111F50
:10523000000F111F025F1F4F0C0F1D1FF80180810F
:1052400091810E9478469C0188E290E1A89E6001CD
:10525000A99ED00CB89ED00C112495EEE92E95E2B3
:10526000F92EEC0CFD1CF70133832283F8018281B7
:1052700093810E947846F70195838483F4018485A5
:105280009585A685B785F70186839783A087B18723
:10529000F80164817581868197810E947E466095C0
:1052A000709580959095F7016287738784879587BD
:1052B000F80164817581868197810E947E469B01F9
:1052C000AC01F70126873787408B518B11828AE02A
:1052D00090E0978B868B108E118E128E138E6AE063
:1052E00070E080E090E00E947E469B01AC01F701F7
:1052F000248F358F468F578F86A197A10E94CF4369
:10530000F801868597850E947846F701938B828BFA
:10531000158A148A2696C6018B5F994DBE0146E018
:1053200050E00E941413F70186A197A10E94CF4379
:10533000C501CDB7DEB7ECE00C94D5632F923F9258
:105340004F925F926F927F928F929F92AF92BF9295
:10535000DF92EF92FF920F931F93DF93CF9300D0D2
:105360000F92CDB7DEB79A838983D62E2A017901B1
:10537000480198012E5D3F4F3C832B830A5E1F4FEF
:1053800088E290E1E981FA81E89F3001E99F700CA1
:10539000F89F700C112455EEA52E55E2B52EA60CE3
:1053A000B71CF50186819781A085B185F401868BB4
:1053B000978BA08FB18F80911B2290911C22A0917E
:1053C0001D22B0911E22F80184839583A683B783A2
:1053D000108686E0818744E2242E312C240C351C73
:1053E000C1010E947846F80193878287F501848184
:1053F00095810E947846F40193A382A3F5018281EE
:1054000093810E947846EB81FC8193838283F5012E
:1054100062857385848595850E947E469B01AC01DB
:10542000EB81FC812483358346835783F5016685B0
:105430007785808991890E947E469B01AC01EB8132
:10544000FC81208731874287538780E98487D5860E
:10545000C7010E947846EB81FC8197878687118A75
:10546000108A138A128AF501648D758D868D978D49
:105470000E947E466F5F7F4F8F4F9F4F0E947E46F8
:105480009B01AC01F501248F358F468F578FC401E6
:10549000C69660E070E040E150E00E941D13F50107
:1054A0008081813049F582E0EB81FC81848B84E04E
:1054B000858B85E0868B8CEA878BF501808D918DBD
:1054C000A28DB38D0097A105B105B9F188E0EB81FC
:1054D000FC81808F8AE0818FB3016F5F794DC401B9
:1054E000CC9644E050E00E941413B30163507A4D0F
:1054F0008B819C814E961DC0F501808D918DA28D72
:10550000B38D0097A105B105C1F088E0EB81FC8166
:10551000848B8AE0858BB3016F5F794DC401C89697
:1055200044E050E00E941413B30163507A4DC4016B
:10553000CC9644E050E00E94141320E330E0420E89
:10554000531EC4014696B2010E940B3E0E9478464B
:10555000EB81FC81918B808B88E290E129813A81FB
:10556000289F7001299FF00C389FF00C1124F7013F
:10557000EB51FA4D668177818085918546E09101F6
:1055800084010E94DF35C7018B5F994DB40137D785
:10559000C2014696B4019BD70F900F900F900F90C9
:1055A000CF91DF911F910F91FF90EF90DF90BF900F
:1055B000AF909F908F907F906F905F904F903F90B3
:1055C0002F900895A6E4B0E0E8EEFAE20C94BE63F2
:1055D0007C0186E0E816F104B0F588E290E1E89EEF
:1055E0008001E99E100DF89E100D11240B511A4DEB
:1055F000F8018081803139F586A197A10E94184376
:10560000892B09F13DD7F80186A197A10E94864315
:10561000D82EF80186A197A10E941843892B89F4FE
:10562000F80186A197A10E94184320E030E1281BD1
:10563000390BC70160E140E050E08E010F5F1F4F62
:105640007DDEF8D601C0DD248D2DCA5BDF4FE7E09B
:105650000C94DA63A6E4B0E0E0E3FBE20C94BB63F5
:105660006C017B015A018630910508F074C088E214
:1056700090E1C89E8001C99E100DD89E100D112486
:105680000B511A4DF8018081803109F064C086A168
:1056900097A10E941843892B19F4EE24FF245EC0C1
:1056A000EFD6F80186A197A10E941843E816F906E3
:1056B00054F4F80186A197A1B701A5010E940844FE
:1056C000EE24FF2422C0F80186A197A10E9418436E
:1056D0008C01EE24FF2416C088E290E1C89EF00100
:1056E000C99EF00DD89EF00D1124EB51FA4D86A104
:1056F00097A10E948643F501EE0DFF1D808308945B
:10570000E11CF11CE016F1063CF388E290E1C89E32
:105710008001C99E100DD89E100D11240B511A4DF9
:10572000F80186A197A10E941843805098408CF4FC
:10573000F80186A197A10E94184320E030E1281BC0
:10574000390BC60160E140E050E08E010F5F1F4F52
:10575000F5DD70D603C0EE24EA94FE2CC701CA5BC7
:10576000DF4FEAE00C94D763A2EFB5E0EAEBFBE28F
:105770000C94B3632C013B01180186E048165104D8
:1057800008F0D7C088E290E1489EF001499EF00DF4
:10579000589EF00D1124EB51FA4D8081803109F0B3
:1057A000C8C0222349F0213009F0C3C0DE01A95B43
:1057B000BF4F882499241AC0DE01A95BBF4F8824FB
:1057C000992408C0FA01E80DF91D80818D93089491
:1057D000811C911C86149704ACF30BC0FA01E80DF0
:1057E000F91DE491ED930894811C911C8614970493
:1057F000ACF346D688E290E1489E7001499EF00CD9
:10580000589EF00C1124E5EEF5E2EE0EFF1EF701B6
:1058100086A197A10E941843C12C60E1D62E960163
:10582000281B390BC20168E1A3015E010894A11C89
:10583000B11C850183DDF70186A197A10E94184361
:10584000C81AD90AC20160E140E050E0960176DD55
:10585000F70182859385A485B5855401CC24B7FCD6
:10586000C094DC2C8A0D9B1DAC1DBD1D82879387C7
:10587000A487B587758A648ADDD50E94F61A8C01E3
:10588000FFEF8F3F9F0709F454C0121413041CF05C
:105890006CE070E007C083E02816310434F4C801DE
:1058A00068EC70E041E00E94D21AEAD5C8010E947B
:1058B000B81A892B39F5C8010E94541888E290E182
:1058C000489EF001499EF00D589EF00D1124EB51B9
:1058D000FA4D82859385A485B5858A199B09AC0903
:1058E000BD0982879387A487B5878091DD25909134
:1058F000DE2501969093DE258093DD2566246A944B
:10590000762C15C088E290E1489EF001499EF00D8A
:10591000589EF00D1124EB51FA4D84899589892BFD
:1059200021F4C8010E94541802C084D5BECF82D58C
:1059300003C066246A94762CC301CE50DA4FE2E1AC
:105940000C94CF63A6E4B0E0E8EAFCE20C94BD63FB
:105950006C0186E0C816D10408F09EC088E290E190
:10596000C89EF001C99EF00DD89EF00D1124EB5198
:10597000FA4D8081803109F08FC00E94F61A8C01A7
:105980009FEF0F3F190709F487C0C80168EC70E06A
:1059900041E00E94D21A88E290E1C89E7001C99E3F
:1059A000F00CD89EF00C1124E5EEF5E2EE0EFF1E91
:1059B000F7018181882331F5C8010E94B81A892B2B
:1059C00009F1C8010E9454185BD5F70186A197A17F
:1059D0000E94184320E030E1281B390BC60161E129
:1059E00040E050E08E010F5F1F4FA8DC81E7F70118
:1059F000808320D50E94F61A8C01FFEF8F3F9F070E
:105A0000C1F44AC0C8010E94B81A892B21F688E265
:105A100090E1C89EF001C99EF00DD89EF00D1124B2
:105A2000EB51FA4D178A168A1082C8010E94541849
:105A300033C068EC70E041E00E94D21A21D588E2C0
:105A400090E1C89EF001C99EF00DD89EF00D112482
:105A5000EB51FA4D8081882329F4C8010E94B81ABD
:105A6000892B99F4C8010E94B81A892B99F488E20D
:105A700090E1C89EF001C99EF00DD89EF00D112452
:105A8000EB51FA4D178A168A1082C8010E945418E9
:105A9000D1D402C0CFD4D2CFCA5BDF4FE8E00C94A0
:105AA000D963A4E0B0E0E7E5FDE20C94B4633C0107
:105AB0005B015A834983522E8630910508F078C0E5
:105AC00088E290E1689EF001699EF00D789EF00DED
:105AD0001124EB51FA4D8081803109F069C0CB016E
:105AE0006CEA75E00E947E637B01C980DA808824BD
:105AF00099241C821B821EC081E0851508F461C0B8
:105B0000C3016CEA75E0432D542D252D0B811C81BA
:105B10002BDE8F5F9F4F39F48B819C8101969C8394
:105B20008B83039749F70894811C911CECEAF5E0FC
:105B3000CE0EDF1E8E149F042CF43C2C4D2C1C82A8
:105B40001B82DACF8B819C81039781F1C5016CEABE
:105B500075E00E947E637C01009721F18CEA95E05C
:105B6000889E6001899ED00C989ED00C1124E981FA
:105B7000FA81CE0EDF1E1C821B82F1E0F51500F1CA
:105B8000C301B701A601252D0B811C81EDDD8F5FBF
:105B90009F4F41F48B819C8101969C838B8303975B
:105BA00029F0EBCFEB81FC81339729F4C301CADEE6
:105BB000AA24AA94BA2CC5012496E1E10C94D063DE
:105BC000FFCFFFCFA6E4B0E0E8EEFDE20C94BD63AA
:105BD00080911322813009F05BC0CC24DD2488E25F
:105BE00090E1C89E7001C99EF00CD89EF00C112463
:105BF00085EE95E2E80EF91EF70186899789892BD3
:105C000089F18081882371F1868997890197978B23
:105C1000868B868997890A97A1F486A197A10E940D
:105C2000184320E030E1281B390BC60161E140E058
:105C300050E08E010F5F1F4F81DB81E7F70180830A
:105C40001FC0F70186899789892BD1F4C60164E0CA
:105C500040E050E020E030E08E010F5F1F4F6EDB30
:105C6000F7010BC088E290E1C89EF001C99EF00DDB
:105C7000D89EF00D1124EB51FA4D178A168A108226
:105C80000894C11CD11CF6E0CF16D10409F0A7CFAF
:105C9000CA5BDF4FE8E00C94D963A0E0B0E0E3E535
:105CA000FEE20C94B3631B018B01025F1F4FFB01EB
:105CB0008685682E7724FFE06F227724660C771C98
:105CC000660C771C8EE090E0680E791E660E771EDB
:105CD000CB0137DA2C01F301858583718587FFEFCE
:105CE0004F16FFEF5F0651F4F301828193810E940A
:105CF00078461ED98F5F9F4F09F447C3F30184850F
:105D0000C82FD0E0C07FD070D595C795D595C795E1
:105D100064978585823009F04CC0C1016FDA8C012F
:105D2000FFEF8F3F9F0709F430C3B3016C5E7F4FD5
:105D3000AE0171D988E290E1089F7001099FF00CD3
:105D4000189FF00C112485EE95E2E80EF91E81E013
:105D5000F7018083F301868597850E947846F701D5
:105D6000938B828B86859785A089B1890196A11D29
:105D7000B11D86879787A08BB18BC80162E140E097
:105D800050E020E030E18101D9DAF7018285938586
:105D9000A485B5850196A11DB11D82879387A4872F
:105DA000B58784E0808311828AE090E0978B868BB0
:105DB000ECC2FFEF4F16FFEF5F0609F4E6C288E280
:105DC00090E1489E4001499E900C589E900C1124F1
:105DD00085EE95E2880E991E8EE190E0F401978B96
:105DE000868BB3016C5E7F4FC201AE0114D9F30103
:105DF0008585823191F560857185828593850E94C4
:105E00007E469B01AC01F401228733874487558786
:105E1000F30164817581868197810E947E469B0192
:105E2000AC01F40126873787408B518B8685978597
:105E3000A089B1890196A11DB11D86879787A08B86
:105E4000B18BF301868597850E947846F401938B88
:105E5000828B80E18083118298C2F80182819381D4
:105E60000E94073EF3014485F101268530E02F7042
:105E70003070220F331F220F331F50E0407F5070CD
:105E80005595479555954795EC01C21BD30BC41BFF
:105E9000D50B5E01CC24DD24F40186A197A10E94DC
:105EA000EE43AA2797FDA095BA2F8A159B05AC054E
:105EB000BD050CF46AC2A114B104C104D10409F4F3
:105EC00036C1F401E684F78400891189F301648105
:105ED0007581868197810E947E46E616F70608073F
:105EE000190709F090C0C201BE01A101DCD88F5F83
:105EF0009F4F81F0F30164817581868197810E94B3
:105F00007E466A0D7B1D8C1D9D1DF401668777877B
:105F1000808B918B88E290E1489EE001499ED00DF4
:105F2000589ED00D1124CB51DA4D8EA19FA10E9415
:105F30001843812CF0E19F2E9401281B390BC201DC
:105F400060E140E050E08101F9D98091DF869091D5
:105F5000E0868415950509F051C06091DD86709149
:105F6000DE866115710509F449C08E859F85A88973
:105F7000B9899B0140E050E0820F931FA41FB51F19
:105F8000E090E186F090E2860091E3861091E4864D
:105F90002E0D3F1D401F511F82179307A407B50701
:105FA00021F58EA19FA145EE56E80E94874480917D
:105FB000E1869091E286A091E386B091E486A80EF6
:105FC000B91ECA1EDB1EAE86BF86C88AD98A8EA1BC
:105FD0009FA10E941843881A990AC20160E140E01B
:105FE00050E094018101AAD909C08091DF259091E8
:105FF000E02501969093E0258093DF251092DE86C0
:106000001092DD8694C0F401E684F784008911893A
:10601000F30164817581868197810E947E46EA0C36
:10602000FB1C0C1D1D1DA60EB71EC81ED91EAE14CE
:10603000BF04C006D10660F5F401C684D784E088A9
:10604000F188F30184819581A681B781F401868767
:106050009787A08BB18B86A197A10E94184320E05F
:1060600030E1281B390BC20160E140E050E08101C2
:1060700065D9F401C686D786E08AF18A8091E12548
:106080009091E22501969093E2258093E1254FC0FF
:106090008091DD869091DE86892B09F03FC0F30167
:1060A0008485F101068510E00F701070000F111F3C
:1060B000000F111F90E0807F9070959587959595C2
:1060C0008795080F191F025F1F4FF30164817581C7
:1060D000868197810E947E466093E1867093E28676
:1060E0008093E3869093E4865092E0864092DF8628
:1060F000020D131D85EE96E8B801AE010E9414133F
:10610000D093DE86C093DD868091E3259091E425CF
:1061100001969093E4258093E32509C08091DF25C3
:106120009091E02501969093E0258093DF25F3017F
:106130008585813009F095C088E290E1489EE001B4
:10614000499ED00D589ED00D1124CB51DA4D888137
:106150008237F9F464817581868197810E947E4639
:106160006F5F7F4F8F4F9F4F6E877F87888B998B95
:106170008EA19FA10E94184320E030E1281B390B1B
:10618000C20160E140E050E08101D8D81F8A1E8A38
:10619000188288E290E1489EE001499ED00D589E09
:1061A000D00D1124CB51DA4D8881813709F5F301E7
:1061B00064817581868197810E947E466F5F7F4FE3
:1061C0008F4F9F4F6E877F87888B998B8EA19FA162
:1061D0000E94184320E030E1281B390BC20160E126
:1061E00040E050E08101AAD81F8A1E8A188222C08E
:1061F00088818031F9F4F30160857185828593850A
:106200000E947E466F5F7F4F8F4F9F4F6A877B87CD
:106210008C879D878EA19FA10E94184320E030E1CA
:10622000281B390BC20161E140E050E0810186D8B2
:1062300082E7888388E290E1489EF001499EF00D54
:10624000589EF00D1124EB51FA4D82859385A4855B
:10625000B5850196A11DB11D82879387A487B58757
:1062600094C0F3018585813109F05AC088E290E13C
:10627000489EE001499ED00D589ED00D1124CB516F
:10628000DA4D8881813751F56481758186819781E6
:106290000E947E466F5F7F4F8F4F9F4F6E877F8735
:1062A000888B998BF30160857185828593850E9427
:1062B0007E469B01AC012A873B874C875D878EA178
:1062C0009FA10E94184320E030E1281B390BC20136
:1062D00060E140E050E0810131D83BC088818031ED
:1062E00009F053C0F30164817581868197810E9412
:1062F0007E466F5F7F4F8F4F9F4F6E877F87888B64
:10630000998B8EA19FA10E94184320E030E1281BA9
:10631000390BC20161E140E050E081010FD820C09B
:10632000F3018585803189F588E290E1489EE0019E
:10633000499ED00D589ED00D1124CB51DA4D888145
:10634000843021F48FE0888319821FC088818237CE
:1063500021F41F8A1E8A188218C08881813719F497
:1063600082E7888312C0EA84FB840C851D85F301D3
:1063700060857185828593850E947E46E616F706C4
:106380000807190711F41D8A1C8ACDB7DEB7E2E1B0
:106390000C94CF630F931F93CF93DF9382EE9DE214
:1063A00062E00E94181B1092DE861092DD8681E06A
:1063B00080931322C0E0D0E088E290E1C89F800182
:1063C000C99F100DD89F100D1124C801835F994DEE
:1063D00060E070E10E94EC420B511A4DF80197A366
:1063E00086A3178A168A1082CE01ACDA2196C630AF
:1063F000D10511F7DF91CF911F910F910895AC0155
:10640000FB0188E090E095878487DB0120E030E0A5
:10641000F901EC5EFD4D808116968C931697FA017A
:10642000E20FF31F80818D932F5F3F4F26303105A0
:1064300079F708951F9380911A22813061F41FB774
:10644000F89410921A2284E090E00E9490160E9424
:106450005D271FBF13C08091918C9091928CA09169
:10646000938CB091948C0196A11DB11D8093918C59
:106470009093928CA093938CB093948C1F910895D9
:106480001F9380911A22882369F41FB7F89481E042
:1064900080931A220E945A2784E090E00E94EC1612
:1064A0001FBF13C08091918C9091928CA091938C7E
:1064B000B091948C0196A11DB11D8093918C909305
:1064C000928CA093938CB093948C1F910895EF922B
:1064D000FF920F931F932091958C3091968C409151
:1064E000978C5091988C2F5F3F4F4F4F5F4F209369
:1064F000958C3093968C4093978C5093988C7C011C
:106500000027F7FC0095102F2091998C30919A8CE0
:1065100040919B8C50919C8C2E0D3F1D401F511F14
:106520002093998C30939A8C40939B8C50939C8CA5
:106530000E9490201F910F91FF90EF900895AEEE72
:10654000B5E0E5EAF2E30C94C3630E94E02084E145
:1065500092E20E9450208EEE95E0BE016F5F7F4F69
:106560000E949921892BB9F784E090E060E070E007
:1065700042EC52E30E949F165DDFC251DA4FE2E027
:106580000C94DF63AEEEB5E0E8ECF2E30C94BF638D
:106590008EEE95E07E010894E11CF11CB7010E948B
:1065A00099218C01009709F43EC08091958C9091BF
:1065B000968CA091978CB091988C0196A11DB11DDD
:1065C0008093958C9093968CA093978CB093988C95
:1065D0009801442737FD4095542F8091998C9091D4
:1065E0009A8CA0919B8CB0919C8C820F931FA41FBE
:1065F000B51F8093998C90939A8CA0939B8CB093A9
:106600009C8C8D859E850E94784628E0803092077C
:1066100039F08650984039F4C801B7019FD003C0C3
:10662000C801B7011ED3C251DA4FE6E00C94DB6318
:10663000E7EAFCE88081882311F0815080833B9653
:106640008CE8E33DF807B1F708950F931F93CF93BC
:10665000DF93EC0189018430910514F080E033C0B0
:106660008BE090E0C89F9001C99F300DD89F300DFE
:106670001124F901E356F34780819181A281B3810E
:10668000FB0180839183A283B383D901AF55B347C4
:1066900020E030E0FA01E20FF31F8D9180832F5F3D
:1066A0003F4F26303105B1F78BE090E0C89FF001F5
:1066B000C99FF00DD89FF00D1124E356F347828552
:1066C000F801808381E0DF91CF911F910F910895B0
:1066D0000F931F93CF93DF93DC01162F072F8DB7F6
:1066E0009EB740970FB6F8949EBF0FBE8DBFEDB713
:1066F000FEB73196CDB7DEB76983718380ED90E048
:10670000938382838C918483158211968C91119747
:106710008683178212968C91129780871186139622
:106720008C9113978287138614968C911497848783
:10673000158615968C91868717860E94DD138DB776
:106740009EB740960FB6F8949EBF0FBE8DBF812FA7
:10675000902FDF91CF911F910F910895EF92FF92AB
:106760000F931F93CF93DF937C018B01EB012E9648
:106770008E819F810E9478468130910521F0029799
:1067800009F075C052C0288D398D4A8D5B8D80917E
:106790001B2290911C22A0911D22B0911E2228172D
:1067A00039074A075B0709F062C082E090E00E9467
:1067B00078469F838E8388858A8B89858B8B8A8593
:1067C0008C8B8B858D8B8C858E8B8D858F8B809123
:1067D00014228887809115228987809116228A87C2
:1067E000809117228B87809118228C8780911922A3
:1067F0008D8780911B2290911C22A0911D22B09127
:106800001E228E879F87A88BB98BF801A4E1B2E284
:10681000868180838D918683319682E2AA31B80782
:10682000B9F7C701B80153DE22C0EDE9FCE82081C9
:106830003181428153818E859F85A889B989281726
:1068400039074A075B0771F48EE182878885848364
:10685000898585838A8586838B8587838C858087D8
:106860008D8581873B968CE8E93CF80701F7CDB729
:10687000DEB7E6E00C94DB63A0E0B0E0E2E4F4E332
:106880000C94B5636B017C013A014DB65EB6EDE93F
:10689000FCE820E030E08285882309F18081918145
:1068A000A281B3818C159D05AE05BF05C1F48BE0B7
:1068B00090E0289FD001299FB00D389FB00D112482
:1068C000AF55B34720E030E0F301E20FF31F8D91A5
:1068D00080832F5F3F4F26303105B1F7D3C02F5F44
:1068E0003F4F3B9624303105B1F6E7EAFCE820E063
:1068F00030E08081882389F48BE090E0289FF001CC
:10690000299FF00D389FF00D1124E356F347C08204
:10691000D182E282F382490108C02F5F3F4F3B964C
:106920002430310531F7882499248DB79EB78A9792
:106930000FB6F8949EBF0FBE8DBFADB6BEB608941D
:10694000A11CB11C0DB71EB7015F1F4F81E090E085
:106950000E947846F8019183808380E098E00E944D
:106960007846F8019383828386E0848384E085837C
:1069700081E090E00E947846F80197838683128A2E
:10698000138A148A158A168A178AC08ED18EE28ECF
:10699000F38E8091142280878091152281878091C7
:1069A00016228287809117228387809118228487FC
:1069B00080911922858780911B2290911C22A091A1
:1069C0001D22B0911E2286879787A08BB18BA4E1F0
:1069D000B2E2F5018FEF80838D918683319682E25A
:1069E000AA31B807B9F786E098E00E947846F50129
:1069F000958784878AE290E0B50169DD0E94F61AE6
:106A0000082F90E064E670E041E00E94D21A8BE02B
:106A100090E0889E9001899E300D989E300D112443
:106A2000F901E356F34782858823A1F0D901AF55D8
:106A3000B34720E030E0F301E20FF31F8D91808334
:106A40002F5F3F4F26303105B1F7802F90E00E9435
:106A5000541818C0802F90E00E94B81A892B39F47E
:106A6000802F90E00E94541821E030E00DC0802F6C
:106A700090E00E94B81AC29751F68AE290E0B50100
:106A800026DDC5CF20E030E0C9010FB6F8945EBE28
:106A90000FBE4DBE2096E0E10C94D1631092A78CFE
:106AA0001092B28C1092BD8C1092C88C88E193E346
:106AB00062E00C94181B0F931F93142F052F2DB712
:106AC0003EB72C5030400FB6F8943EBF0FBE2DBFDE
:106AD000EDB7FEB73196ADB7BEB711964C93518363
:106AE0002EEE30E03383228364831582768317820F
:106AF00080871186928713860E94DD132DB73EB7DB
:106B0000245F3F4F0FB6F8943EBF0FBE2DBF812FBD
:106B1000902F1F910F910895A0E0B0E0E2E9F5E316
:106B20000C94B7633C010E943F134C01C0E0D0E0DD
:106B3000AA24BB24CC24DD24760122C083010C0FBF
:106B40001D1FC8010E947C129C01F80180818E32B9
:106B500021F40894A11CB11C05C021963196C815DA
:106B6000D905A0F3FE2CED2CDC2CCC24C901AA27DE
:106B700097FDA095BA2FC82AD92AEA2AFB2A21967E
:106B8000C815D90528F083E0A816B10469F405C03A
:106B900084E0A816B10490F207C0C701B6010E94B4
:106BA0007E469B01AC0104C020E030E040E050E0B4
:106BB000B901CA01CDB7DEB7EEE00C94D3639F9262
:106BC000AF92BF92CF92DF92EF92FF920F931F93FB
:106BD0005B016C01942EC9017801025F1F4F25E40F
:106BE000F7012687F801118244960E947846F80141
:106BF000938382838CEA9DE19583848380E490E093
:106C00009783868380E4808791861386128680919D
:106C10001B2290911C22A0911D22B0911E228487DC
:106C20009587A687B787A08AB18AC28AD38AF701D7
:106C3000668570E06F707070660F771F660F771F44
:106C4000C801E9D70E947846F801938782871F918F
:106C50000F91FF90EF90DF90CF90BF90AF909F90FB
:106C60000895CF93DF93EC01FB013E96818586303A
:106C7000C9F0813161F1813069F52089318942891A
:106C8000538980911B2290911C22A0911D22B091CA
:106C90001E22281739074A075B07E1F4CE010E943C
:106CA000BA2318C0208931894289538980911B22D7
:106CB00090911C22A0911D22B0911E222817390705
:106CC0004A075B0739F4CE010E944D2E03C0CE0166
:106CD0000E94A925DF91CF9108951F93CF93DF9351
:106CE000182FE901A0E0B0E0FE01EA0FFB1F808150
:106CF0008F3F69F0CD010196FE01E80FF91F208159
:106D0000DC011196A20FB11DA036B1056CF315334D
:106D100089F0163330F4123321F1133309F0B1C086
:106D200020C0173309F454C01733A8F01D3309F0FD
:106D3000A8C06AC0FE01EA0FFB1F1083CD010196B7
:106D4000FE01E80FF91F21E020830196FE01E80F04
:106D5000F91F408394C0FE01EA0FFB1F86E3808386
:106D600004C0FE01EA0FFB1F10839D012F5F3F4F00
:106D7000FE01E20FF31F84E080832F5F3F4FFE018F
:106D8000E20FF31F40832F5F3F4FFE01E20FF31F1F
:106D9000BB2777FDBA95A72F962F852F80832F5F6E
:106DA0003F4FFE01E20FF31FCB01BB2797FDB095CC
:106DB000AB2F80832F5F3F4FFE01E20FF31F872F22
:106DC000BB2787FDB0959B2FAB2F8083D90158C07F
:106DD000FE01EA0FFB1F1083CD010196FE01E80FB3
:106DE000F91F33E030830196FE01E80FF91F21E01F
:106DF00020830196FE01E80FF91F30830196FE0102
:106E0000E80FF91F26E03AC0FE01EA0FFB1F1083CE
:106E1000CD010196FE01E80FF91F27E020830196BE
:106E2000FE01E80FF91F21E020830196FE01E80F23
:106E3000F91F2091142220830196FE01E80FF91F0B
:106E40002091152220830196FE01E80FF91F209161
:106E5000162220830196FE01E80FF91F20911722C8
:106E600020830196FE01E80FF91F2091182220834C
:106E70000196FE01E80FF91F209119222083DC0101
:106E80001196CA0FDB1F8FEF88839D012F5F3F4F45
:106E9000C901DF91CF911F910895CF93DF93EC014A
:106EA00081E08883898386E08A831B82CE010496F1
:106EB00066E172E244E050E00E94141319861886DD
:106EC0001B861A861C861D861E861F86188A198AAE
:106ED0001A8A1B8A1C8A1D8A1E8A1F8A188E198E7E
:106EE0001A8E1B8E809114228C8F809115228D8F8B
:106EF000809116228E8F809117228F8F8091182279
:106F000088A38091192289A3FE01BC9680E090E0BD
:106F10001192019680349105D9F7FE01E459FF4F93
:106F200080E090E01192019680389105D9F7C45124
:106F3000DF4F83E692E8A3E5B3E688839983AA83CB
:106F4000BB83CC5ED040FE01E051FF4F80E090E07B
:106F50001192019680369105D9F7C051DF4F8FEF1E
:106F60008883DF91CF910895A0E0B0E0EAEBF7E3EA
:106F70000C94B4637B019C0158E0452E512C480EC3
:106F8000591E44E0642E712C680E791E9CE0892EF7
:106F9000912C820E931E84E1A82EB12CA20EB31E5A
:106FA000B0E1CB2ED12CC20ED31E20E030E0332432
:106FB000F701E20FF31FE081EF3F09F459C0E90147
:106FC0002196E630F9F0E73030F4E13059F0E33063
:106FD00009F041C00FC0E533A9F1E63359F1E333BD
:106FE000D1F520C08E010F5F1F4FB701600F711FD9
:106FF000C2010FC08E010F5F1F4FB701600F711FDD
:10700000C30107C08E010F5F1F4FB701600F711FD3
:10701000C40144E050E00E941413CE0DDF1D8881AE
:10702000980120C08E010F5F1F4FB701600F711FC5
:10703000C501EFCF8E010F5F1F4FB701600F711FAA
:10704000C601E7CFF701EC0FFD1F31809E012F5FD6
:107050003F4F808107C0F701EC0FFD1F80819E012B
:107060002F5F3F4F280F311D203631050CF4A0CF84
:10707000832DCDB7DEB7E1E10C94D063A0E0B0E0A2
:10708000E4E4F8E30C94BB635C018B017A01CB016F
:1070900004DF60EFC62ED12CC00ED11E85E343E085
:1070A00050E060E070E0960118DED70150964D91F7
:1070B0005D916D917C91539786E396010EDEF70109
:1070C000448955896689778983E3960106DED7016D
:1070D0004D915D916D917C9182E39601FEDD8DE392
:1070E00040E050E060E070E09601F7DD87E340E0CB
:1070F00050E060E070E09601F0DDC50160E571E010
:10710000A8010E943E260E94F61AEC01BFEF8F3FB5
:107110009B07F9F068EE73E041E00E94D21AC501C6
:107120000E942E24809751F4CE010E945418C7016A
:10713000B6011ADF282F853039F10EC0CE010E942A
:10714000B81A892B61F7CE010E945418C5010E941C
:1071500083242FEF3FEF4BC000D00F92EDB7FEB767
:10716000319686E191E0ADB7BEB712969C938E93AF
:107170001197228313820E94B8132FEF3FEF0F90D5
:107180000F900F900F9033C0F70180819181A28101
:10719000B38180931B2290931C22A0931D22B09355
:1071A0001E2280859185A285B38580931F229093AE
:1071B0002022A0932122B093222284819581A6814E
:1071C000B7818093232290932422A0932522B09309
:1071D000262284859585A685B7858093272290935E
:1071E0002822A0932922B0932A2220E030E0C9016E
:1071F000CDB7DEB7EAE00C94D763A0E0B0E0E3E0FF
:10720000F9E30C94B9635C01162F072F942E852E99
:10721000C62ED72E862F972F40DE70EFE72EF12C4B
:10722000EC0CFD1C85E341E050E060E070E097016C
:1072300054DD83E34FEF5FEF6FE070E097014DDDCA
:107240008DE340E050E060E070E0970146DD87E3C9
:1072500040E050E060E070E097013FDDC50160E58F
:1072600071E0412F502F0E943E260E94F61A8C0199
:107270008FEF0F3F180711F1C80168EE73E041E08E
:107280000E94D21AC5010E942E24809761F4C92D54
:10729000D82DC8010E945418CE01B70165DE282FF1
:1072A000823039F10EC0C8010E94B81A892B51F7FB
:1072B000C8010E945418C5010E9483242FEF3FEF9C
:1072C00026C000D00F92EDB7FEB731968AEF90E05E
:1072D000ADB7BEB712969C938E93119722831382FB
:1072E0000E94B8132FEF3FEF0F900F900F900F9069
:1072F0000EC0F60180899189A289B3898883998318
:10730000AA83BB83C5010E94632420E030E0C90149
:10731000CDB7DEB7ECE00C94D5634F925F927F92CD
:107320008F929F92AF92BF92CF92DF92EF92FF9295
:107330000F931F93DF93CF93CDB7DEB74DB65EB6F5
:10734000C0901B22D0901C22E0901D22F0901E22A3
:1073500010921B2210921C2210921D2210921E22AB
:107360008DB79EB748970FB6F8949EBF0FBE8DBFDE
:107370000196882E792E8DB79EB7805591400FB615
:10738000F8949EBF0FBE8DBFEDB7FEB73196AE2EFF
:107390009F2E6FEF7FEF8FEF9FEF43E450E020E5EC
:1073A00031E08F010E94A3268C019FEF0F3F190748
:1073B000E1F0EAE0BE2EC8016A2D792D482D572D47
:1073C0001CDFBB2031F0BA9421F08F5F9F4F99F3FF
:1073D00003C08F5F9F4F49F0C8016A2D792D482D5A
:1073E000572D4CDE8F5F9F4F59F4C0921B22D092D5
:1073F0001C22E0921D22F0921E222FEF3FEF05C0CB
:10740000C8010E94832420E030E0C9010FB6F8943F
:107410005EBE0FBE4DBECF91DF911F910F91FF90C9
:10742000EF90DF90CF90BF90AF909F908F907F9024
:107430005F904F900895AAE1B0E0E1E2FAE30C9486
:10744000BC63B22E611571058105910579F4411572
:10745000510509F470C0CA01ADD06F3F2FEF72071C
:107460002FEF82072FEF920709F465C045E250E045
:1074700024E030E07E010894E11CF11C87010E94A9
:10748000A3266C018FEFC8168FEFD80609F453C0FE
:10749000C60160E070E0A7010E943E260E94F61A35
:1074A0007C012FEF8F3F920709F445C064EF71E034
:1074B00041E00E94D21AC6010E942E24809761F5F5
:1074C000C7010E94B81A892B39F1C6010E944924CC
:1074D00004973CF1FE013496DE01159680818D9370
:1074E0003197EC17FD07D1F78E01075F1F4FC801D9
:1074F0000E94A81A8D819E81AF81B8858F8B988F4D
:10750000A98FBA8FBA8AC8010E946D18C8010E945B
:10751000981A00E010E007C0C7010E94B81A892B32
:1075200051F60FEF1FEFC7010E945418C6010E94C9
:107530008324980102C02FEF3FEFC9016A96E9E06A
:107540000C94D863EF92FF920F931F93CF93DF9326
:107550008C017B010E943F13BC0161507040D70138
:10756000A80FB91FE801C60FD71F40E050E00EC0BA
:1075700028812E3221F44C9340E050E003C02C933C
:107580004F5F5F4F6150704011972197FB0131961B
:1075900077FFEECFEE0DFF1D4083E80EF91EF701D9
:1075A00011829C012F5F3F4FC901CDB7DEB7E6E0E6
:1075B0000C94DB63A0E0B0E0E0EEFAE30C94B5637A
:1075C0008C014DB65EB62DB73EB7225D30400FB68A
:1075D000F8943EBF0FBE2DBF8DB69EB60894811C99
:1075E000911C64018DEC9AE1F4019183808380E029
:1075F00091E00E947846F4019383828381E090E0D9
:107600000E947846F401958384831782168211863E
:10761000108613861286B401645F7F4FC80192DF23
:107620007C01F401E80FF91F158681E08687178633
:10763000808B60912722709128228091292290913D
:107640002A2245E350E022ED30E084010E94A32687
:107650005C01FFEF8F3F9F0709F45AC095E0692E48
:10766000712C6E0C7F1C21E130E0E20EF31EC5018F
:10767000B701A4010E943E260E94F61A8C013FEF3A
:107680008F3F930709F444C068EC70E041E00E942A
:10769000D21AC5010E942E24809779F4C8010E9455
:1076A0005418C5010E948324F60182819381AFD2D0
:1076B0008F709070892B69F02BC0C8010E94B81A96
:1076C000892B39F7C8010E945418C5010E948324F0
:1076D0001FC08CE0E82EF12CEC0CFD1C8701060D80
:1076E000171DF8018281938192D2019759F0F80118
:1076F000828593858CD22CE030E0620E731E680E7A
:10770000791EECCFF801248535854685578504C060
:107710002FEF3FEF4FEF5FEFB901CA010FB6F894BB
:107720005EBE0FBE4DBE2096E0E10C94D163A2E395
:10773000B0E0EDE9FBE30C94BF638AE493E032D45C
:107740008F5F9F4F71F08E010D5E1F4F86E493E0B7
:10775000B801D3D5C80164E172E24CE050E00E9468
:1077600033460E949F320E94C520ADB7BEB75097E6
:107770000FB6F894BEBF0FBEADBFEDB7FEB73196E2
:107780002AEF32E012963C932E93119793838283D3
:10779000809114228483158280911522868317821A
:1077A0008091162280871186809117228287138606
:1077B00080911822848715868091192286871786E2
:1077C0000E94B813EDB7FEB770960FB6F894FEBFDF
:1077D0000FBEEDBF0E9460210F920F928DEE92E0DE
:1077E000ADB7BEB712969C938E9311970E94B813B3
:1077F0000F900F900E9457218823E1F70F920F926C
:107800008FED92E0EDB7FEB7928381830E94B813AB
:107810000F900F9043D90F920F9286EC92E0ADB784
:10782000BEB712969C938E9311970E94B8130F9037
:107830000F900E94B2240F920F928CE992E0EDB764
:10784000FEB7928381830E94B8130F900F900E941D
:10785000CA310F920F9281E792E0ADB7BEB7129690
:107860009C938E9311970E94B8130F900F908CE603
:1078700092E098D38F5F9F4FF9F40F920F9285E7B4
:1078800091E0EDB7FEB7928381830E94B8130F9009
:107890000F9043DD892B59F40F920F9283E491E00E
:1078A000ADB7BEB712969C938E9311972DC00F92D1
:1078B0000F9288E591E024C08E010D5E1F4F87E690
:1078C00092E0B8011AD5C80164E672E00E94E012A5
:1078D000892B09F05BC00F920F9285E791E0ADB75D
:1078E000BEB712969C938E9311970E94B8130F9077
:1078F0000F9013DD892B69F40F920F9283E491E0CE
:10790000EDB7FEB7928381830E94B8130F900F905A
:107910008AC00F920F9288E591E0ADB7BEB712967C
:107920009C938E9311970E94B8130F900F9082E34F
:1079300091E0B801E2D4C801EFD860931B227093A4
:107940001C2280931D2290931E2285E391E0B801B2
:10795000D4D4C801E1D860931F2270932022809371
:107960002122909322228EE391E0B801C6D4C8016F
:10797000D3D860932322709324228093252290935E
:1079800026228AE391E0B801B8D443C082E391E0B3
:10799000B801B3D48F5F9F4F51F0C801BDD8609339
:1079A0001B2270931C2280931D2290931E228E0115
:1079B0000D5E1F4F85E391E0B8019FD48F5F9F4F0D
:1079C00051F0C801A9D860931F22709320228093A0
:1079D0002122909322228E010D5E1F4F8EE391E0B3
:1079E000B8018BD48F5F9F4F51F0C80195D8609339
:1079F00023227093242280932522909326228E01A5
:107A00000D5E1F4F8AE391E0B80177D48F5F9F4FDF
:107A100051F0C80181D86093272270932822809367
:107A2000292290932A2260911B2270911C2280911E
:107A30001D2290911E2223E1E22EF12CEC0EFD1E60
:107A4000A70139D800D00F9221E532E0ADB7BEB71B
:107A500012963C932E93119714969C938E931397A2
:107A60000E94B8130F900F900F900F9060911F22FB
:107A7000709120228091212290912222A7011BD86F
:107A800000D00F922EE332E0EDB7FEB732832183B0
:107A9000948383830E94B8130F900F900F900F90E0
:107AA0006091232270912422809125229091262298
:107AB000A70101D800D00F922BE232E0ADB7BEB7DC
:107AC00012963C932E93119714969C938E93139732
:107AD0000E94B8130F900F900F900F906091272283
:107AE000709128228091292290912A22A7010E9438
:107AF0005B3500D00F9228E132E0EDB7FEB732835C
:107B00002183948383830E94B8130F900F900F906A
:107B10000F9084E192E0B701F0D38F5F9F4F09F49B
:107B200072C0C70161E172E00E94E012892B09F086
:107B30006AC00F920F928DEE91E0ADB7BEB712966C
:107B40009C938E9311970E94B8130F900F9085EE1F
:107B500091E0B701D2D38F5F9F4F09F448C0C701AE
:107B60000E947C12182F8BED91E0B701C6D360E024
:107B700070E080E090E0A701212F5DDC892B61F5AA
:107B8000CE0101960E94A81A2C813B814A8159811D
:107B9000EDB7FEB73A970FB6F894FEBF0FBEEDBF34
:107BA00031968EEB91E0ADB7BEB712969C938E9353
:107BB000119722831382348315824683178250875C
:107BC00011860E94B813EDB7FEB73A960FB6F89437
:107BD000FEBF0FBEEDBF17C00F920F928CEA91E06F
:107BE000ADB7BEB712969C938E93119708C00F92B3
:107BF0000F928AE991E0EDB7FEB7928381830E94EC
:107C0000B8130F900F90E296E6E00C94DB63282FF8
:107C1000892F922F0895CF93DF93EC0120E030E07D
:107C200040E050E013C0888199812296F82FE0E06F
:107C3000DF01A90FB11DCD0180959095A0E0B0E0C6
:107C4000280F391F4A1F5B1F625070406230710558
:107C500054F76130710551F4988180E080959095DA
:107C6000A0E0B0E0280F391F4A1F5B1FCA01AA27F6
:107C7000BB2740705070820F931FA41FB51F9D013A
:107C800044275527A070B070280F391F4A1F5B1F6B
:107C900040705070C901DF91CF9108958BE292E25C
:107CA000909372A3809371A3909374A3809373A312
:107CB0008FEF8093C98E89EC9CE89093CD8E809352
:107CC000CC8E1092CF8E1092CE8E08958091C98E58
:107CD0008230C9F48091CE8E9091CF8E892B79F02D
:107CE0008091CA8E9091CB8E6091CE8E7091CF8E06
:107CF0004091CC8E5091CD8E20E00E94512D10925B
:107D0000CF8E1092CE8E0895FF920F931F93182F4F
:107D1000062FF72EDBDF1093C98E802F9F2D9093B7
:107D2000CB8E8093CA8E1092CF8E1092CE8E1F91E2
:107D30000F91FF9008950F931F938C01C7DF89EC7B
:107D40009EE8B80147E050E00E9414131F910F9184
:107D500008950F931F938C01B9DFC80169EC7EE889
:107D600047E050E00E9414131F910F9108958091F5
:107D7000C98E813019F0823019F510C08091CA8EF9
:107D80009091CB8E0E94741C18161906CCF4809129
:107D9000CA8E9091CB8E0E94621C0FC08091CA8EB9
:107DA0009091CB8E0E94EF27181619064CF4809103
:107DB000CA8E9091CB8E0E94E22A282F30E002C01A
:107DC0002FEF3FEFC90108951F93182F8091C98E9F
:107DD000813019F0823009F508C08091CA8E9091E7
:107DE000CB8E612F0E944F1C18C08091CE8E909137
:107DF000CF8E8050924009F469DF8091CE8E9091B1
:107E0000CF8EE091CC8EF091CD8EE80FF91F1083CC
:107E100001969093CF8E8093CE8E80E090E01F915C
:107E200008959C01F999FECF32BD21BDF89A80B525
:107E30000895EF92FF920F931F93CF93DF937C01EE
:107E4000EB018A0108C0CE012196EBDFF701819397
:107E50007F010150104001151105A9F7CDB7DEB71C
:107E6000E6E00C94DB639C01F999FECF1FBA32BDAA
:107E700021BD60BD0FB6F894FA9AF99A0FBE089525
:107E80000F931F93CF93DF9380913B2290913C22DD
:107E90008F5F9F4F19F4CFEFDFEF14C00091DC8E9E
:107EA0001091DD8EC0E0D0E00AC08091392290911F
:107EB0003A228C0F9D1FB5DF882321F02196C01731
:107EC000D1079CF3CE01DF91CF911F910F910895BF
:107ED0009093D18E8093D08E0895AEE1B0E0E3E729
:107EE000FFE30C94BB635C01CC24DD244AC0809189
:107EF000392290913A22800F911F93DFFE01EE0DFF
:107F0000FF1D81838D3311F0882361F4CE0101962A
:107F1000E80EF91EF7011082B5010E942F13892B7C
:107F2000F9F437C00894E11CF11C0F5F1F4FA8DF64
:107F300008171907E4F214C08091392290913A226F
:107F4000800F911F6EDF8D3079F0809139229091F2
:107F50003A22800F911F65DF882331F00F5F1F4F9A
:107F60008FDF0817190744F38091392290913A2244
:107F7000800F911F56DF882371F068010894C11C9F
:107F8000D11C7EDFC816D90634F48601EE24FF2406
:107F9000CECF960102C02FEF3FEFC9016E96EAE007
:107FA0000C94D763A0E0B0E0E8EDFFE30C94BD6370
:107FB0007C01CDB6DEB60E94F01201962DB73EB719
:107FC000281B390B0FB6F8943EBF0FBE2DBF0DB75F
:107FD0001EB70F5F1F4FC801B7010E94E912C80109
:107FE0007CDF0FB6F894DEBE0FBECDBE2096E8E073
:107FF0000C94D963A0E0B0E0E0E0F0E40C94BB6343
:108000006C018091D08E9091D18E019709F454C06B
:1080100037DF5C01C60161DFEC018FEFCF3FD8078E
:1080200019F42FEF3FEF4AC000E010E08DE0F82E8A
:1080300010C08091392290913A228C0F9D1FF1DE61
:10804000F82E8DE0F81641F0FF2031F00F5F1F4F42
:108050002196CA15DB056CF3C6013FDFEC018DE00C
:10806000F81609F578010894E11CF11C13C0009181
:10807000392210913A228091392290913A228E0D24
:108080009F1D8C0F9D1FCDDE682FCE01800F911F8D
:10809000EADE2196F5DEC817D9074CF38091392224
:1080A00090913A2205C08091392290913A2201970D
:1080B0008C0F9D1F60E0D7DE21E030E0C901CDB715
:1080C000DEB7EAE00C94D763A0E0B0E0EAE6F0E4C3
:1080D0000C94BD637C016B0100DF8F5F9F4F19F033
:1080E0002FEF3FEF58C08091D08E9091D18E0197A5
:1080F00009F44FC0C5DEEC01009749F080913922A8
:1081000090913A228C0F9D1F21966DE0ACDE00E02D
:1081100010E00EC08091392290913A228C0F9D1F61
:10812000E901F701E00FF11F60819DDE0F5F1F4F36
:10813000C7010E943F139E012F5F3F4F0817190789
:1081400048F38091392290913A2289018C0F9D1F2A
:108150006DE389DEC0E0D0E00EC0809139229091BD
:108160003A22800F911F0F5F1F4FF601EC0FFD1F8A
:10817000608179DE2196C6010E943F13C817D90796
:1081800060F38091392290913A22800F911F60E034
:108190006ADE21E030E0C901CDB7DEB7E8E00C943B
:1081A000D9630F931F93CF93DF93EC018B0195DE7F
:1081B0008F5F9F4F11F0CE011DDFCE01B80184DF2C
:1081C00081E090E0DF91CF911F910F910895A0E0A1
:1081D000B0E0EDEEF0E40C94BB637C016B01ADB656
:1081E000BEB60E94F01201962DB73EB7281B390B80
:1081F0000FB6F8943EBF0FBE2DBF0DB71EB70F5F71
:108200001F4FC801B7010E94E912C801B601C9DFBA
:108210000FB6F894BEBE0FBEADBE2096EAE00C9439
:10822000D763AEE1B0E0E7E1F1E40C94BB636C012D
:108230005B0153DE8C018FEF0F3F180709F456C026
:10824000EE24FF2419C08091392290913A22800FA8
:10825000911FE7DDFE01EE0DFF1D81838D3311F0CF
:10826000882329F4EC0EFD1EF701118209C0089441
:10827000E11CF11C0F5F1F4F03DE081719071CF3E9
:108280008091392290913A22800F911FCADD8D335F
:1082900069F5CE010196B6010E942F13892B31F5A5
:1082A00078010894E11CF11C00E010E014C08091FA
:1082B000392290913A228E0D9F1DB3DDF501E00F1A
:1082C000F11F80838D3059F0882349F00F5F1F4FD5
:1082D0000894E11CF11CD4DDE816F90644F30A0DFC
:1082E0001B1DF801108221E030E002C02FEF3FEFAC
:1082F000C9016E96EAE00C94D763A0E0B0E0E3E831
:10830000F1E40C94BB637C016B01ADB6BEB60E9478
:10831000F01201962DB73EB7281B390B0FB6F89413
:108320003EBF0FBE2DBF0DB71EB70F5F1F4FC80159
:10833000B7010E94E912C801B60173DF0FB6F894C5
:10834000BEBE0FBEADBE2096EAE00C94D763CF93BD
:10835000DF9382ED9EE86EE473E04AE050E00E9415
:10836000CC1283EF9FE09093DD8E8093DC8EC0E093
:10837000D0E0FE01EE52F147CE01608174DD21961E
:10838000CC30D105B1F78DE090E090933A22809304
:1083900039228091392290913A2260E064DDDF91A8
:1083A000CF9108950F931F93CF93DF930091DC8EAD
:1083B0001091DD8E65DD4091392250913A222DB722
:1083C0003EB7285030400FB6F8943EBF0FBE2DBFC9
:1083D000EDB7FEB7319620E633E0ADB7BEB71296E3
:1083E0003C932E9311971383028395838483578341
:1083F00046830E94B813C0E0D0E0EDB7FEB73896D0
:108400000FB6F894FEBF0FBEEDBF4BC0809139226E
:1084100090913A228C0F9D1F04DD863259F00FC0D7
:108420008091392290913A228C0F9D1FFADC8D3079
:10843000B9F1219625DDC817D90794F331C0809191
:10844000392290913A228C0F9D1FEBDC00D00F92C5
:10845000EDB7FEB731962DE533E0ADB7BEB7129656
:108460003C932E931197828313820E94B8138091BC
:10847000392290913A220F900F900F900F908C0F0D
:108480009D1FCFDC8D3061F40F920F928BE593E04E
:10849000EDB7FEB7928381830E94B8130F900F90BF
:1084A0002196EEDCC817D9070CF4B0CF0F920F92CB
:1084B00088E593E0ADB7BEB712969C938E93119763
:1084C0000E94B8130F900F90DF91CF911F910F91E1
:1084D0000895A0E2B0E0EFE6F2E40C94C16300E09E
:1084E00010E082ED9EE8B8014AE050E0A2DC82EDA7
:1084F0009EE860E072E24AE050E00E940713892B98
:10850000A1F482ED9EE8B8014CE050E092DC1093BB
:108510003C2200933B2280913B2290913C220D967D
:1085200090933A228093392206C00F5F1F4F2FE0AD
:10853000033F1207B1F680913B2290913C228F5F5E
:108540009F4F19F42FEF3FEF1EC085EA93E08E0195
:108550000F5F1F4FB801D1DE8F5F9F4F91F0C801B1
:1085600061EA73E00E94E012892B29F41092D18E07
:108570001092D08E06C081E090E09093D18E8093CF
:10858000D08E20E030E0C901A096E4E00C94DD63D9
:10859000A0DF8F5F9F4F11F4DADE9BCF089528E0B4
:1085A00088E190E00FB6F894A895809360000FBE24
:1085B00020936000FFCF8091DE8E882361F481E0FC
:1085C0008093DE8EEFEDFEE8118210823B968FE8FD
:1085D000EF38F807C9F70895AC01EFEDFEE820E0A9
:1085E00030E080819181892BC9F48BE090E0289F55
:1085F000F001299FF00D389FF00D1124E152F14751
:10860000518340837383628317821682158214829A
:10861000118610868FEF8287F90108C02F5F3F4FC8
:108620003B9620313105E9F6EFEFFFEFCF010895DA
:108630009C01803191058CF48BE090E0289FF00143
:10864000299FF00D389FF00D1124E152F1478285EA
:108650008F3F19F42085318502C02FEF3FEFC9010C
:108660000895AC01803191050CF04CC08BE090E096
:10867000489FD001499FB00D589FB00D1124A152C1
:10868000B1471A968C911A978F3FE1F518962D9164
:108690003C91199712968D919C9113972817390741
:1086A00088F5ED91FC91119714968D919C911597F9
:1086B000E80FF91F608314968D919C911597019690
:1086C00015969C938E93149712962D913C91139727
:1086D0008217930721F415961C921E9214978BE033
:1086E00090E0489FF001499FF00D589FF00D112434
:1086F000E152F1478085918501969187808720E03E
:1087000030E002C02FEF3FEFC9010895AC01803186
:1087100091050CF041C08BE090E0489FD001499F4B
:10872000B00D589FB00D1124A152B1471A968C91EB
:108730001A978F3F89F518968D919C911997892BDF
:1087400059F116968D919C911797ED91FC91119787
:10875000E80FF91F6081019617969C938E931697E8
:1087600012962D913C9113978217930721F4179637
:108770001C921E9216978BE090E0489FF001499F53
:10878000F00D589FF00D1124E152F147808591853D
:1087900001979187808701C060E0862F08959C0132
:1087A00080319105BCF48BE090E0289FF001299F77
:1087B000F00D389FF00D1124E152F14782858F3F73
:1087C00049F417821682158214821186108620E0E1
:1087D00030E002C02FEF3FEFC90108959C018031C6
:1087E00091051CF02FEF3FEF11C08BE090E0289F28
:1087F000F001299FF00D389FF00D1124E152F1474F
:108800002281338180859185281B390BC901089508
:10881000EF92FF920F931F93CF93DF937C018B0115
:1088200080E1E816F1040CF06AC08BE090E0E89E6D
:10883000E001E99ED00DF89ED00D1124C152D14720
:108840008A858F3F09F05BC08885998586179707D1
:1088500008F457C0EE81FF819B012E0F3F1F8A81D4
:108860009B812817390718F060E070E033C06881F9
:1088700079816E0F7F1FCA01A8010E9414138E8197
:108880009F81800F911F9F838E8327C0DA01A60FDF
:10889000B71F8BE090E0E89EE001E99ED00DF89EC6
:1088A000D00D1124C152D147E881F9818E819F8179
:1088B000E80FF91F80818C938E819F8101969F83A1
:1088C0008E832A813B818217930711F41F821E82B7
:1088D0006F5F7F4F60177107CCF28BE090E0E89EEE
:1088E000F001E99EF00DF89EF00D1124E152F147E0
:1088F00080859185801B910B9187808702C00FEF47
:108900001FEFC801CDB7DEB7E6E00C94DB63EF9252
:10891000FF920F931F93CF93DF937C018B01BA01DA
:10892000803191050CF06CC08BE090E0E89EE00196
:10893000E99ED00DF89ED00D1124C152D1478A85F1
:108940008F3F09F05DC0EA81FB81888599859F0191
:10895000281B390B2017310708F452C02C813D81A8
:10896000C801820F931F8E179F0718F040E050E058
:1089700032C088819981820F931FA8010E9414132D
:108980008C819D81800F911F9D838C8327C08BE0FC
:1089900090E0E89EE001E99ED00DF89ED00D1124F4
:1089A000C152D147A881B9818C819D81A80FB91F7F
:1089B000FB01E40FF51F80818C938C819D810196D2
:1089C0009D838C832A813B818217930711F41D823A
:1089D0001C824F5F5F4F40175107C8F28BE090E059
:1089E000E89EF001E99EF00DF89EF00D1124E15291
:1089F000F14780859185800F911F9187808702C004
:108A00000FEF1FEFC801CDB7DEB7E6E00C94DB63D4
:108A10000F931F937894CFDD80E090E00E943D1C7F
:108A20003DD981E060E070E06FD90F920F9283E052
:108A300094E0EDB7FEB7928381830E94B8138EEF66
:108A400093E0EDB7FEB7928381830E94B81303EBE6
:108A500013E0EDB7FEB7128301830E94B81387EFCE
:108A600093E0EDB7FEB7928381830E94B813EDB710
:108A7000FEB7128301830E94B8130F900F9083E01A
:108A80000E944E220E944F1B0F920F9281EF93E0A3
:108A9000EDB7FEB7928381830E94B813EDB7FEB79E
:108AA000128301830E94B8130F900F900E946C22D2
:108AB0000F920F9288EE93E0EDB7FEB79283818319
:108AC0000E94B813EDB7FEB7128301830E94B8135A
:108AD0000F900F9081EC95E462E00E94181B58DD26
:108AE0000F920F9281EE93E0EDB7FEB792838183F0
:108AF0000E94B813EDB7FEB7128301830E94B8132A
:108B00000F900F900E948B160F920F928AED93E0B8
:108B1000EDB7FEB7928381830E94B813EDB7FEB71D
:108B2000128301830E94B8130F900F90F2D00F921E
:108B30000F9284ED93E0EDB7FEB7928381830E949C
:108B4000B813EDB7FEB7128301830E94B8130F90DC
:108B50000F901AD00F920F928DEC93E0EDB7FEB705
:108B6000928381830E94B813EDB7FEB7128301830D
:108B70000E94B8130F900F900E94973B1F910F9186
:108B8000089580E00C94582280E090E0FC01EE0F04
:108B9000FF1FEE0FFF1FEF56F04711821082019664
:108BA0008A30910599F70895AC0120E030E0F90191
:108BB000EE0FFF1FEE0FFF1FEF56F04780819181F0
:108BC0008417950781F080819181892B39F4518335
:108BD00040837383628320E030E007C02F5F3F4F04
:108BE0002A30310521F72FEF3FEFC9010895E091B9
:108BF0008F8FF091908FEE0FFF1FEE0FFF1FEF563C
:108C0000F04780819181892B21F41092908F1092EE
:108C10008F8FE0918F8FF091908FEE0FFF1FEE0FEF
:108C2000FF1FEF56F0470190F081E02D19958091DC
:108C30008F8F9091908F01969093908F80938F8FCC
:108C40000895982F80538A3068F08153863010F44D
:108C5000865F0895892F8154863010F08FEF089534
:108C6000892F87530895A0E0B0E0E9E3F6E40C947F
:108C7000BB636C015B017A01EE0CFF1CC0E0D0E02D
:108C800028C0CE15DF0574F5C0FD0BC0822FD9DFDB
:108C9000FE01F595E795EA0DFB1D8295807F8083A7
:108CA0000EC0CE0162E070E00E947E638B010A0D6F
:108CB0001B1D822FC6DFF8019081980F90830894C6
:108CC000C11CD11CF60180818A33C9F38D32B9F3FE
:108CD0002196F60120812223A1F6CE15DF0511F49D
:108CE00080E001C08FEFCDB7DEB7EAE00C94D76328
:108CF0009C01232732272327C90108959B01AC013A
:108D0000252752272527342743273427B901CA01AD
:108D1000089580E090E0FC01EE0FFF1FEE0FFF1FB3
:108D2000E754F0471182108201968C30910599F733
:108D30000895AC0120E030E0F901EE0FFF1FEE0FC7
:108D4000FF1FE754F047808191818417950781F0D8
:108D500080819181892B39F45183408373836283AD
:108D600020E030E007C02F5F3F4F2C30310521F766
:108D70002FEF3FEFC9010895A0E0B0E0E2ECF6E488
:108D80000C94BB635C016B01FB01E080F180C701C7
:108D900069E374E00E94E012892B51F50F920F9263
:108DA00084E194E0EDB7FEB7928381830E94B8130B
:108DB000CBEBDFE80F900F9088819981009791F0BD
:108DC0000F920F92EDB7FEB7928381830E94B81382
:108DD00081E194E0EDB7FEB7928381830E94B813DE
:108DE0000F900F902496FFE8CB3EDF0729F723C0B2
:108DF0000BEB1FE8C0E0D0E0F801608171816115E4
:108E00007105C9F0C7010E94E012892B71F4CC0FE3
:108E1000DD1FCC0FDD1FC754D047E881F981C501A4
:108E2000B601199520E030E008C021960C5F1F4F75
:108E3000CC30D10509F72FEF3FEFC901CDB7DEB731
:108E4000EAE00C94D763EF92FF920F931F93CF93B6
:108E5000DF93EC018B017A010E943F13BC01F80102
:108E6000D183C08340E050E020E030E0A0E039C092
:108E7000FE01E40FF51F80818D3051F08E3018F423
:108E8000882339F02CC08032C1F0823241F503C012
:108E90001082AB0124C0AA2369F41082F901EE0FFD
:108EA000FF1FE00FF11FCA0101968C0F9D1F9183D8
:108EB000808305C01082A0E012C0AA2311F0A1E0B7
:108EC0000EC010822F5F3F4FF901EE0FFF1FE00F22
:108ED000F11FCA0101968C0F9D1F918380834F5F04
:108EE0005F4F461757071CF42E153F050CF22F5FF6
:108EF0003F4FC901CDB7DEB7E6E00C94DB63A8E4D1
:108F0000B0E0E5E8F7E40C94C163BC018E01075FB3
:108F10001F4FC8010E94E912C8018E010F5F1F4F49
:108F2000B80144E050E08FDFB80126DFC85BDF4FB7
:108F3000E4E00C94DD63A8E0B0E0E1EAF7E40C942F
:108F4000C1638E010F5F1F4FB80144E050E07BDF2B
:108F5000B80112DF2896E4E00C94DD63A7E0B0E0EE
:108F6000E4EBF7E40C94C363809117A0909118A0F0
:108F70002FEF8F3F9207F9F480E590E00E94B12730
:108F80009C01909318A0809317A02F5F3F4F09F486
:108F9000C3C081E08093EB9F109212A0109211A0A9
:108FA0001092EB8F1092EA8F1092E98F1092F09F3F
:108FB0001092EF9F0CC00E94DC27803159F08FEF98
:108FC0009FEF909318A0809317A01092EB9F1092A0
:108FD000EC9FA2C08091EB9F813009F068C05CC01B
:108FE000809117A0909118A00E94E22A282F8A3021
:108FF00009F452C03091EC9F332391F4E09111A019
:10900000F09112A0DF01A751B04712968C933196D0
:10901000F09312A0E09311A0E751F047128209C02B
:10902000809111A0909112A00196909312A080932C
:1090300011A02D3089F53323F1F48BEE9FE861EB1D
:1090400074E043E050E00E94BF12892B39F481E0C4
:109050008093EC9F89EE9FE813D10DC08BEE9FE8C3
:109060006CEA74E044E050E00E94BF12892B19F4CE
:1090700082E08093EC9F8091EC9F882349F080915F
:1090800011A0909112A0019719F483E08093EB9FB7
:10909000109212A0109211A0809117A0909118A088
:1090A0000E94EF27181619060CF49ACF35C08330AA
:1090B00099F5CE0101960E94A93E609117A070918A
:1090C00018A082E00E94843E89EE9FE8E3D10197D8
:1090D00089F089EE9FE821D2019761F00F920F92FB
:1090E0008EE394E0EDB7FEB7928381830E94B813BC
:1090F0000F900F900E94663ECE0101960E949B3E0B
:10910000809117A0909118A00E94A22C8FEF9FEF42
:10911000909318A0809317A02796E2E00C94DF6349
:109120000F931F936AD180E590E00E947E270FEF96
:109130001FEF109318A0009317A000D00F928BEB95
:1091400094E0EDB7FEB79283818380E590E094834D
:1091500083830E94B8130F900F900F900F908EEAA8
:1091600097E465EB74E020DD109318A0009317A03E
:109170001F910F910895A0E0B0E0E1ECF8E40C94A9
:10918000BB635B01FC01EA5FFF4EC190D1908F0190
:10919000EE24FF24C0E0D0E00EC0F8018081918170
:1091A000B5010E94E012892B19F4EE24EA94FE2CFA
:1091B00021960E5F1F4FCC15DD057CF3C701CDB79F
:1091C000DEB7EAE00C94D763A0E0B0E0EAEEF8E4A2
:1091D0000C94BB635B01FC01EA5FFF4EC190D19030
:1091E0008F01EE24EA94FE2CC0E0D0E00CC0F80120
:1091F00080819181B5010E94E012892B09F47E01E2
:1092000021960E5F1F4FCC15DD058CF3C701CDB73E
:10921000DEB7EAE00C94D763CF92DF92FF920F9310
:109220001F93CF93DF93EC016C011DC0F601808387
:1092300088818532A1F48E010F5F1F4FE8012196CE
:10924000F8018081FEDCF82EF29480EFF822F6011E
:10925000F082F8018181F5DCF82AF601F0820894A9
:10926000C11CD11C21968881882301F7F601108248
:10927000DF91CF911F910F91FF90DF90CF900895D4
:10928000EF92FF920F931F93CF93DF93EC01FC01BA
:1092900080E090E022812F3249F0222339F00196BC
:1092A000319620E180309207A9F7A2C0FC013196E7
:1092B00003968C0F9D1F9983888300E010E01AC0ED
:1092C000DE01AE0FBF1F12968C9112978F3349F4B7
:1092D00012961C92319632968E010E0F1F1F3297F6
:1092E00008C0803211F0882321F4EC0FFD1F128298
:1092F00005C0319680E1E030F80714F3CA5FDF4E15
:1093000019821882C650D041E880F980C7010E94B6
:109310003F13892B29F4C70162ED74E00E94E91222
:109320000115110509F464C0CA5FDF4E81E090E0C9
:1093300099838883629619830883609719830883C9
:10934000C850D04119C08632A9F4D8011D928D01B0
:10935000DE01AA5FBF4EED91FC9111973196ED931E
:10936000FC933197EE0FFF1FEC0FFD1FE85FFF4EE0
:10937000118300830F5F1F4FF8018081882319F745
:109380008E01085F1F4EEE24FF2429C0D801ED9105
:10939000FC9111975196FC93EE9350970EC08D332C
:1093A00031F41192D8015196FC93EE93509780813D
:1093B0008B3211F480E2808331968081882379F7A3
:1093C000F8018081918128DFD80150968D919C9180
:1093D000519722DF0894E11CF11C0E5F1F4FCA5FFA
:1093E000DF4E88819981C650D0418E159F0574F655
:1093F000CDB7DEB7E6E00C94DB6380E090E0FC01E3
:10940000EE0FFF1FEE0FFF1FE75EFF451182108278
:1094100001968431910599F70895AC0120E030E080
:10942000F901EE0FFF1FEE0FFF1FE75EFF45808182
:1094300091818417950781F080819181892B39F47E
:10944000518340837383628320E030E007C02F5F45
:109450003F4F2431310521F72FEF3FEFC901089528
:109460000F920F928DED94E0EDB7FEB7928381835A
:109470000E94B8130F900F9008950F920F9280EFF3
:1094800094E0EDB7FEB7928381830E94B8130F90EA
:109490000F900895EF92FF920F931F93CF93DF9356
:1094A0008C018BE1E82E80EAF82EC0E0D0E0F701D5
:1094B000608171816115710541F1F80180819181AF
:1094C0000E94E012892BC9F40F920F9281E395E07C
:1094D000EDB7FEB7928381830E94B813CC0FDD1FD6
:1094E000CC0FDD1FC75EDF45E881F9810F900F903B
:1094F000C801199521E030E00AC0219684E090E08F
:10950000E80EF91EC431D10591F62FEF3FEFC901E6
:10951000CDB7DEB7E6E00C94DB63A0E0B0E0E3E9B2
:10952000FAE40C94BD638C01C5E6D2E2EE24FF247C
:10953000CD80DE80C114D10409F473C068817981C3
:10954000F801808191810E94E012892B09F060C0AE
:109550000F920F928AEF9CE0EDB7FEB79283818362
:109560000E94B8130F900F90F70193E0EE0FFF1FCA
:109570009A95E1F7EE19FF09EB59FD4D8481813091
:1095800049F0813060F0823079F40F920F9286EFCB
:109590009CE00EC00F920F9281EF9CE009C00F92E9
:1095A0000F9287EE9CE004C00F920F9283EE9CE036
:1095B000EDB7FEB7928381830E94B8130F920F928A
:1095C0008AE99CE0EDB7FEB792838183D482C3829F
:1095D0000E94B8130F900F900F900F900E94663E5C
:1095E000025D1F4EF70183E0EE0FFF1F8A95E1F742
:1095F000EE19FF09EB59FD4D42815381F80180813D
:109600009181B60121E00E94512D21E030E00BC094
:109610000894E11CF11C2796F0E2EF16F10409F022
:1096200087CF2FEF3FEFC901CDB7DEB7E8E00C944D
:10963000D9639C01FC01EE0FFF1FE80FF91FEE0F2D
:10964000FF1FE759FF45848195818F5F9F4FD1F1BF
:109650006281738180917CA077FF07C040E090E039
:109660000E947E63892B39F405C040E090E06817C2
:10967000790709F441E0F901EE0FFF1FE20FF31F34
:10968000EE0FFF1FE759FF456081718180917BA03C
:1096900077FF07C020E090E00E947E63892B39F4B9
:1096A00005C020E090E06817790709F421E0413017
:1096B00049F490E0213009F091E081E09827292FCA
:1096C00030E002C020E030E0C9010895ADE4B0E030
:1096D000ECE6FBE40C94BF6300D000D0EDB7FEB71E
:1096E00031967EE2E72EF12CEC0EFD1EADB7BEB733
:1096F0001296FC92EE92119728E23DE0338322838A
:10970000958384830E94DD138DB79EB706960FB6AE
:10971000F8949EBF0FBE8DBF8E01025F1F4FC70121
:10972000B8010E941141C801BE016F5F7F4F43E045
:1097300050E089DB8E01095F1F4FC8010E94A93EDE
:1097400080E060E070E00E94843E8D819E81F3DBCA
:10975000C8010E949B3EC35BDF4FE6E00C94DB63D5
:10976000A2E1B0E0E6EBFBE40C94C163CE0101960C
:109770000E94A81A9C8180917CA0891729F49B8162
:1097800080917BA0891799F08C8180937CA08B813C
:1097900080937BA000E010E0C8014BDF892B11F023
:1097A000C80194DF0F5F1F4F03301105A9F76296C0
:1097B000E4E00C94DD63A2E1B0E0E1EEFBE40C94A4
:1097C000C3638FEF9FEF90936EA080936DA09093F3
:1097D00074A0809373A090937AA0809379A0CE0117
:1097E00001960E94A81A8C8180937CA08B81809323
:1097F0007BA080EB9BE46AE57DE0D6D96296E2E04F
:109800000C94DF63A6E2B0E0E8E0FCE40C94BD63F6
:10981000D2DFEE24FF24CC24DD2400D000D0EDB72D
:10982000FEB731968E01095F1F4FADB7BEB71296D6
:109830001C930E93119788E29DE093838283F582B7
:10984000E4820E94DD13EDB7FEB736960FB6F894AA
:10985000FEBF0FBEEDBFC801B8010E9411418F5F6E
:109860009F4F41F1C801BE016F5F7F4F43E050E061
:10987000EADA0397F9F48601000F111F0C0D1D1D84
:10988000000F111F07591F45D8011596FC92EE9243
:10989000149789819A810E947C12F80193838283B4
:1098A0008B819C810E947C12D8018D939C9308949B
:1098B000C11CD11C0894E11CF11CB3E0EB16F104AF
:1098C00009F0ABCFA696E8E00C94D96374DF9ADF79
:1098D00027CC7AD05AD398D60E947D55B4D30E9413
:1098E000B85404D00E94AC5401C4089585E79CE4A8
:1098F0006FE57DE092CDAFE1B0E0E1E8FCE40C94EF
:10990000BB630F920F928FE69DE0ADB7BEB7129684
:109910009C938E9311970E94B813CC24DD240F9052
:109920000F9086E0A82EB12CAC0EBD1EC601BE0164
:109930006E5F7F4FA5019E012F5F3F4F0E94253331
:109940008130A1F58981882389F16A817B818C81AD
:109950009D818E01045F1F4FA8010E945B357C0131
:10996000C501B8010E946833EDB7FEB738970FB64E
:10997000F894FEBF0FBEEDBF319627E63DE0ADB7D0
:10998000BEB712963C932E931197F382E282958391
:1099900084838981868317820E94B813EDB7FEB74E
:1099A00038960FB6F894FEBF0FBEEDBF0894C11CE9
:1099B000D11CF4E0CF16D10409F0B3CF80E090E0E1
:1099C0006F96EAE00C94D7638BE79CE46CE77DE04C
:1099D000B0C9A2E1B0E0EFEEFCE40C94BD636C0111
:1099E000CE0101960E94A81A80917DA090917EA040
:1099F000019690937EA080937DA04C815B816A81CB
:109A000079810E811F81288539858DB79EB7409752
:109A10000FB6F8949EBF0FBE8DBFEDB7FEB731965F
:109A200084E49EE0ADB7BEB712969C938E931197D7
:109A3000428313825483158266831782708711864E
:109A40000287138614871586378726870E94B813E6
:109A50006B857C858D859E8520E831E541E050E071
:109A60000E94916379018A01EDB7FEB770960FB637
:109A7000F894FEBF0FBEEDBFE114F104010511051E
:109A800029F1F1E0EF16F1040105110529F400D0E8
:109A900000D08BE39EE004C000D000D081E39EE0C4
:109AA000ADB7BEB712969C938E931197EDB7FEB7E4
:109AB000E382F482058316830E94B8138DB79EB7A4
:109AC00006960FB6F8949EBF0FBE8DBF6B857C8542
:109AD0008D859E8520E831E541E050E00E9491634C
:109AE00020E13EE040E050E00E94916379018A016C
:109AF000E114F10401051105D1F000D000D088E295
:109B00009EE0ADB7BEB712969C938E931197EDB7BA
:109B1000FEB7E382F482058316830E94B8138DB7E3
:109B20009EB706960FB6F8949EBF0FBE8DBF6B858D
:109B30007C858D859E8520E13EE040E050E00E94DE
:109B400091632CE330E040E050E00E9491637901A2
:109B50008A01E114F10401051105D1F000D000D013
:109B60008FE19EE0ADB7BEB712969C938E9311978E
:109B7000EDB7FEB7E382F482058316830E94B81323
:109B80008DB79EB706960FB6F8949EBF0FBE8DBFD9
:109B90006B857C858D859E852CE330E040E050E030
:109BA0000E9491639B01AC012115310541055105CE
:109BB000D1F000D000D087E19EE0ADB7BEB71296DD
:109BC0009C938E931197EDB7FEB72383348345831F
:109BD00056830E94B8138DB79EB706960FB6F894B9
:109BE0009EBF0FBE8DBF0F920F928BE09EE0ADB770
:109BF000BEB712969C938E9311970E94B813209132
:109C0000998C30919A8C40919B8C50919C8C0F90A8
:109C10000F902030B4E03B07B0E04B07B0E05B07AB
:109C2000B0F400D000D08FEF9DE0EDB7FEB7928387
:109C30008183ADB7BEB713962D933D934D935C933F
:109C400016970E94B813EDB7FEB736968BC020303A
:109C5000F0E03F07F0E14F07F0E05F0710F500D0BC
:109C600000D082EF9DE0ADB7BEB712969C938E9365
:109C700011977AE056954795379527957A95D1F7BC
:109C8000EDB7FEB723833483458356830E94B81310
:109C90008DB79EB706960FB6F8949EBF0FBE8DBFC8
:109CA00066C0203090E0390790E0490790E45907FA
:109CB00040F5ADB7BEB71A970FB6F894BEBF0FBE4A
:109CC000ADBFEDB7FEB731968FED9DE012969C9338
:109CD0008E931197DA01C90164E1B695A79597951E
:109CE00087956A95D1F782839383A483B5834F7058
:109CF00050707AE056954795379527957A95D1F724
:109D000028C08DB79EB70A970FB6F8949EBF0FBEB6
:109D10008DBFEDB7FEB731968CEC9DE0ADB7BEB709
:109D200012969C938E931197DA01C9016EE1B69554
:109D3000A795979587956A95D1F782839383A48396
:109D4000B5835F7384E156954795379527958A9536
:109D5000D1F726833783408751870E94B813EDB728
:109D6000FEB73A960FB6F894FEBF0FBEEDBF8DB7A3
:109D70009EB70A970FB6F8949EBF0FBE8DBFEDB782
:109D8000FEB7319680E89DE0ADB7BEB712969C93C2
:109D90008E9311978091958C9091968CA091978C31
:109DA000B091988C82839383A483B58380917DA0A6
:109DB00090917EA0978386838EE290E1C80ED91E93
:109DC000D6018D919C91918780870E94B813EDB741
:109DD000FEB73A960FB6F894FEBF0FBEEDBF62967F
:109DE000E8E00C94D963DF92EF92FF920F931F93F8
:109DF0008DB79EB70E970FB6F8949EBF0FBE8DBF5E
:109E0000EDB7FEB7319681EA9FE0ADB7BEB71296C7
:109E10009C938E9311978091998C90919A8CA0919C
:109E20009B8CB0919C8C82839383A483B583809117
:109E3000958C9091968CA091978CB091988C8683FC
:109E40009783A087B1878091918C9091928CA091FB
:109E5000938CB091948C82879387A487B5870E9456
:109E6000B8130F900F900F900F90EDB7FEB731968B
:109E700080E69FE0ADB7BEB712969C938E93119784
:109E80008091DD259091DE25938382838091DF256B
:109E90009091E025958384838091E3259091E4253A
:109EA000978386838091E1259091E2259187808731
:109EB0000E94B813EDB7FEB73A960FB6F894FEBFFE
:109EC0000FBEEDBF0E94403282E70E948820D82E4C
:109ED00081E00E943A218C0181E10E943A217C01BB
:109EE0000E941A320F920F9284E59FE0ADB7BEB781
:109EF00012969C938E9311970E94B81383E49FE06F
:109F0000EDB7FEB7928381830E94B8138FE29FE082
:109F1000ADB7BEB712969C938E9311970E94B8135B
:109F20000F920F92EDB7FEB731968AE19FE0ADB781
:109F3000BEB712969C938E931197D28213820E9481
:109F4000B81387E09FE0EDB7FEB792838183148357
:109F500003830E94B81384EF9EE0ADB7BEB712969C
:109F60009C938E9311971496FC92EE9213970E94F5
:109F7000B8130F900F900F900F9080E090E01F911A
:109F80000F91FF90EF90DF90089583EF9EE460EED5
:109F90007FE00E94994689EE9CE466ED7FE03DCA31
:109FA000CF93DF93EC0169DACA5FDF4E8881998134
:109FB000C650D041892B71F40F920F928EEF9FE023
:109FC000EDB7FEB7928381830E94B8130F900F9074
:109FD00047DA31C0CE0168EF7FE0CDD8892B59F147
:109FE000CE0162EF7FE0F0D8FC01EE0FFF1FEC0F17
:109FF000FD1FE85EFF4E808191816CEE7FE00E9444
:10A00000E012892BC1F40F920F9286EE9FE0EDB71C
:10A01000FEB7928381830E94B8130F900F9020DACD
:10A020000E94663EC25DDF4E888199810E94A22C0B
:10A030000E94CF42FFCFDF91CF9108950E94CF427F
:10A0400080E090E008958EE190E569E870E10E947B
:10A05000994680ED9FE46FE770E1DFC9A4E1B0E0CD
:10A06000E4E3F0E50C94C1638B01029759F5DB0141
:10A0700012968D919C9113970E94DA3AF801028111
:10A080001381AE014F5F5F4F0E945B3500D000D05F
:10A09000EDB7FEB7319620EA30E1ADB7BEB7129604
:10A0A0003C932E93119713830283958384830E949C
:10A0B000B813EDB7FEB736960FB6F894FEBF0FBED5
:10A0C000EDBF0EC00F920F928FE890E1ADB7BEB713
:10A0D00012969C938E9311970E94B8130F900F9035
:10A0E00080E090E06496E4E00C94DD638EE290E51D
:10A0F00060EB70E10C949946A0E1B0E0E2E8F0E595
:10A100000C94C16360911B2270911C2280911D22CE
:10A1100090911E228E010F5F1F4FA8010E945B3598
:10A1200000D00F9223EF34E1ADB7BEB712963C9347
:10A130002E93119714969C938E9313970E94B813A5
:10A140000F900F900F900F9060911F22709120221E
:10A150008091212290912222A8010E945B3500D09B
:10A160000F9226EE34E1EDB7FEB73283218394835C
:10A1700083830E94B8130F900F900F900F906091FF
:10A180002322709124228091252290912622A801D9
:10A190000E945B3500D00F9229ED34E1ADB7BEB718
:10A1A00012963C932E93119714969C938E9313972B
:10A1B0000E94B8130F900F900F900F90609127227C
:10A1C000709128228091292290912A22A8010E9430
:10A1D0005B3500D00F9220ED34E1EDB7FEB732834E
:10A1E0002183948383830E94B8138DB79EB70A9707
:10A1F0000FB6F8949EBF0FBE8DBFEDB7FEB7319678
:10A2000084EA94E1ADB7BEB712969C938E931197F2
:10A210008091142282831382809115228483158277
:10A22000809116228683178280911722808711865B
:10A23000809118228287138680911922848715863F
:10A240000E94B813EDB7FEB73E960FB6F894FEBF66
:10A250000FBEEDBF80E090E06096E4E00C94DD631B
:10A26000A0E2B0E0E6E3F1E50C94C1638C0105D90E
:10A270000A5F1F4EF8018081918106501041892BA1
:10A28000C9F40F920F928CE994E1EDB7FEB7928377
:10A2900081830E94B8130F900F9083E994E10E948C
:10A2A0007F478DE894E10E947F470F920F9284E8E8
:10A2B00094E19CC1C8016DE774E10E94BB48892B01
:10A2C00009F4F5C00F920F928FE294E1EDB7FEB75B
:10A2D000928381830E94B8130F900F908AE294E1D9
:10A2E0008E010F5F1F4FB8010E947D410F920F92A8
:10A2F0008DEC93E1EDB7FEB7928381830E94B81392
:10A300000F900F90C8016AEC73E10E94E012892B54
:10A3100061F40F920F9282EC93E1EDB7FEB7928356
:10A3200081830E94B8130F900F900F920F9286EBCB
:10A3300093E1EDB7FEB7928381830E94B8130F902B
:10A340000F9083EB93E18E010F5F1F4FB8010E94C6
:10A350007D41019759F060911B2270911C228091E0
:10A360001D2290911E22A8010E945B3500D00F9201
:10A370008EE393E1EDB7FEB7928381838E010F5F89
:10A380001F4F148303830E94B8130F900F900F90F8
:10A390000F9089E393E1B8010E947D41019759F044
:10A3A00060911F227091202280912122909122227F
:10A3B000A8010E945B3500D00F928FEB92E1EDB7C0
:10A3C000FEB7928381838E010F5F1F4F1483038337
:10A3D0000E94B8130F900F900F900F908AEB92E1AC
:10A3E000B8010E947D41019759F06091232270913C
:10A3F00024228091252290912622A8010E945B357B
:10A4000000D00F9286E492E1EDB7FEB7928381838C
:10A410008E010F5F1F4F148303830E94B8130F90A8
:10A420000F900F900F9082E492E1B8010E947D415D
:10A43000019759F06091272270912822809129225A
:10A4400090912A22A8010E945B3500D00F928CECDB
:10A4500091E1EDB7FEB7928381838E010F5F1F4FAD
:10A46000148303830E94B8130F900F900F900F90E6
:10A4700088EC91E1B8010E947D41019729F084E1C7
:10A4800092E2B8010E94683300D00F928BEE90E107
:10A49000EDB7FEB792838183CE01019694838383C7
:10A4A0000E94B8130F900F900F900F90A7C0C80193
:10A4B00064EB70E10E94BB48892B89F0C80164EB12
:10A4C00070E10E94E448FC01EE0FFF1FE00FF11F56
:10A4D000E85EFF4E6081718184EB90E104C084EB03
:10A4E00090E16AE072E20E94E740C80169EB70E126
:10A4F0000E94BB48892B91F0C80169EB70E10E9472
:10A50000E448FC01EE0FFF1FE00FF11FE85EFF4E75
:10A510006081718189EB90E10E94E740C8016CEB9A
:10A5200070E10E94BB48892B91F0C8016CEB70E18F
:10A530000E94E448FC01EE0FFF1FE00FF11FE85EF0
:10A54000FF4E608171818CEB90E10E94E740C80171
:10A5500061EC70E10E94BB48892B91F0C80161EC6D
:10A5600070E10E94E448FC01EE0FFF1FE00FF11FB5
:10A57000E85EFF4E6081718181EC90E10E94E740CE
:10A58000C80166EC70E10E94BB48892B91F0C801BC
:10A5900066EC70E10E94E448FC01EE0FFF1FE00F43
:10A5A000F11FE85EFF4E6081718186EC90E10E94B0
:10A5B000E740C8016AEC70E10E94BB48892B91F02A
:10A5C000C8016AEC70E10E94E448880F991F080FE7
:10A5D000191F085E1F4EF801608171818AEC90E1BD
:10A5E0000E94E7400F920F928EEC90E1EDB7FEB71C
:10A5F000928381830E94B8130F900F900E94304A7B
:10A60000A096E4E00C94DD638CE790E567E075E1EB
:10A610000E94994680E391E56BEF74E10C940D4A3A
:10A62000A4E2B0E0E6E1F3E50C94C1638C010E9482
:10A630003D4A0A5F1F4ED8018D919C9106501041F2
:10A64000892B09F07DC08E010B5F1F4F80E195E1E2
:10A65000B8010E947D410F920F9285EC96E1EDB713
:10A66000FEB7928381830E94B8130F900F90C801A8
:10A6700062EC76E10E94E012892B71F40F920F9246
:10A680008AEB96E1ADB7BEB712969C938E93119765
:10A690000E94B8130F900F900F920F928EEA96E1DE
:10A6A000EDB7FEB7928381830E94B8130F900F908D
:10A6B00080E195E10E94D23FBE016B5F7F4F8F5FCB
:10A6C0009F4F29F084E195E10E947D4105C0CB01B7
:10A6D0006CE976E10E94E9128EE195E10E94D23F99
:10A6E000BE016F5F7F4F8F5F9F4F29F08EE195E135
:10A6F0000E947D4105C0CB016AE976E10E94E91222
:10A7000000D000D0EDB7FEB7319683E495E1ADB748
:10A71000BEB712969C938E931197CE0105969383A4
:10A720008283CE010196958384830E94B813EDB78E
:10A73000FEB736960FB6F894FEBF0FBEEDBF5CC0F5
:10A74000C80160E175E10E94BB48892B89F0C8010E
:10A7500060E175E10E94E448FC01EE0FFF1FE00F8D
:10A76000F11FE85EFF4E6081718180E195E104C0D8
:10A7700080E195E16EE072E20E94E740C80164E189
:10A7800075E10E94BB48892B91F0C80164E175E135
:10A790000E94E448FC01EE0FFF1FE00FF11FE85E8E
:10A7A000FF4E6081718184E195E10E94E740C8011C
:10A7B0006EE175E10E94BB48892B91F0C8016EE102
:10A7C00075E10E94E448880F991F080F191F085E61
:10A7D0001F4ED8016D917C918EE195E10E94E7407A
:10A7E0000F920F9286E295E1EDB7FEB792838183D7
:10A7F0000E94B8130F900F900E94304AA496E4E094
:10A800000C94DD63A6E2B0E0E8E0F4E50C94BD63EF
:10A810006B01029709F08EC0DB0112968D919C911D
:10A8200013970E948C35AC01CB01DA017C018D01BC
:10A83000E114F10401051105A1F4F601828193816F
:10A840000E94DA3A7B018C016F3FFFEF7F07FFEF39
:10A850008F07FFEF9F0729F40F920F9285EB97E187
:10A8600062C000D00F9282EA97E1EDB7FEB7928303
:10A870008183D60112968D919C9113979483838343
:10A880000E94B8130F900F900F900F908EE195E1FA
:10A890000E94D23F8F5F9F4F41F08EE195E1BE0154
:10A8A0006D5E7F4F0E947D4101C01B8ACE014396A1
:10A8B0000E949912262FC801B70140E050E00E9483
:10A8C0001B3A8F5F9F4F59F1CE0101960E94A81A43
:10A8D0002C813B814A818DB79EB708970FB6F894BB
:10A8E0009EBF0FBE8DBFEDB7FEB7319686E897E1EC
:10A8F000ADB7BEB712969C938E93119722831382A5
:10A9000034831582468317820E94B813EDB7FEB7D1
:10A9100038960FB6F894FEBF0FBEEDBF17C00F926A
:10A920000F928DE797E1ADB7BEB712969C938E93C9
:10A93000119708C00F920F928BE697E1EDB7FEB723
:10A94000928381830E94B8130F900F9080E090E073
:10A95000A696E8E00C94D96382E094E566EC77E192
:10A960000E94994680E193E56EEB77E10C940D4AE5
:10A9700008950E943D4A0F920F9281ED97E1EDB745
:10A98000FEB7928381830E94B8130F900F900E94AC
:10A99000D2410F920F928AEC97E1EDB7FEB7928306
:10A9A00081830E94B8130F900F900C94304AA0E25C
:10A9B000B0E0EDEDF4E50C94BF637B0102970CF47D
:10A9C0008AC0FB018281938162E778E10E94E012F4
:10A9D000892B19F00FEF1FEF13C08E010F5F1F4F70
:10A9E000C8016FE678E10E94E91281E698E1B801BA
:10A9F0000E94E74081E090E00E94683F00E010E0A4
:10AA0000F7018281938167E578E10E94E012892B4A
:10AA1000F9F480E090E00E94683F8E010F5F1F4FC5
:10AA2000C80163E578E10E94E91285E498E1B80184
:10AA30000E94E7400F920F9287E398E1EDB7FEB7CF
:10AA4000928381830E94B81300E010E00F900F9072
:10AA5000F7018281938163E378E10E94E012892B00
:10AA600059F4F70166817781848195810E94D140F4
:10AA7000019711F400E010E0F701828193816FE209
:10AA800078E10E94E012892B49F4F70184819581D5
:10AA90000E94FA3F019711F400E010E0F701828173
:10AAA000938169E278E10E94E012892B21F40E94EF
:10AAB000D24100E010E0F7018281938163E278E106
:10AAC0000E94E012892B19F40E94A74110C0FFEFE9
:10AAD0000F3F1F0761F40F920F9287ED97E1EDB7DB
:10AAE000FEB7928381830E94B8130F900F9080E08D
:10AAF00090E0A096E6E00C94DB6387ED94E564E8D3
:10AB000078E10E94994689EB94E56AE778E10C9434
:10AB10000D4ADC0140E051E025C0803338F48E322C
:10AB2000F0F48032D1F08C3211F519C08A33F8F488
:10AB3000E42FF0E0382F3053552329F0E859FD4534
:10AB4000308350E00EC0E859FD4580812AE0829FA5
:10AB5000C0011124380F308304C0552309F44F5F1E
:10AB600051E011968C91882311F04930B0F2842F76
:10AB70000895AEE1B0E0EFEBF5E50C94C1631092FF
:10AB800081A0109282A0109286A08AE0809388A073
:10AB9000109289A081E08093E0A281EE92EA0E9467
:10ABA000756286E193EA0E94756210921EA210926D
:10ABB0008EA0109271A286E998E18E010F5F1F4F5F
:10ABC000B8010E947D41019729F4C8010E947C12BE
:10ABD000880F01C08CE2809350A383EA98E18E0134
:10ABE0000F5F1F4FB8010E947D41019759F4C801C2
:10ABF0000E947C12109267A2892B31F081E0809331
:10AC000067A202C0109267A28AE898E18E010F5FE6
:10AC10001F4FB8010E947D41019749F4C8010E946D
:10AC20007C12880F809366A2E8E6F2EA05C01092D3
:10AC300066A2109267A2F8CF119282EAE137F80774
:10AC4000D9F78DEA98E18E010F5F1F4FB8010E947E
:10AC50007D41019711F4C8015CDF81E0809351A32D
:10AC60000E942C6284EF91E00E945D2380EF9BE5BF
:10AC70000E94A723882309F441C08FE998E561EF7A
:10AC800078E10E940D4A82E896E562EE78E10E9442
:10AC90000D4A8AEA99E564ED78E10E940D4A8FEF4A
:10ACA0009FEF909365A2809364A286E890E00E9453
:10ACB0007E278FEF8093D5A21092D6A21092D7A2B2
:10ACC00085EC8093BC0080E880934CA300D00F9269
:10ACD0008EEB98E1EDB7FEB79283818386E890E032
:10ACE000948383830E94B8130F900F900F900F905E
:10ACF00084EC9DE56AEB78E10E94D4456E96E4E031
:10AD00000C94DD63A3E2B0E0E8E8F6E50C94BD63E3
:10AD10007C010E943D4A26E030E1E20EF31ED7019D
:10AD20008D919C91EAEFFFEEEE0EFF1E892B09F04C
:10AD300081C00F920F9288E49CE1ADB7BEB7129626
:10AD40009C938E9311970E94B8130F920F92EDB7B8
:10AD5000FEB7319687EC9BE1ADB7BEB712969C93D8
:10AD60008E931197809150A38695828313820E94BF
:10AD7000B813EDB7FEB7319689E49BE1ADB7BEB726
:10AD800012969C938E931197809166A286958283EA
:10AD900013820E94B8130F900F9085EE9AE1EDB7E1
:10ADA000FEB7928381830E94B8130F900F90809119
:10ADB00067A2882371F00F920F928DED9AE1ADB7E3
:10ADC000BEB712969C938E9311970E94B8130F9062
:10ADD0000F900F920F9281ED9AE1EDB7FEB792833B
:10ADE00081830E94B8130F900F908DEA98E18E0135
:10ADF0000F5F1F4FB8010E947D4100D00F9289E381
:10AE00009AE1ADB7BEB712969C938E9311971496A4
:10AE10001C930E9313970E94B8130F900F908CED14
:10AE200099E1EDB7FEB7928381830E94B8130F902A
:10AE30000F907FC10F920F9284EA99E1ADB7BEB730
:10AE400012969C938E9311970E94B8131B820F90B9
:10AE50000F90C70166E978E10E94BB48892B09F48D
:10AE600058C0C70166E978E10E94E448FC01EE0F92
:10AE7000FF1FEE0DFF1DE85EFF4E608171816E01C8
:10AE80000894C11CD11CC60142E050E00E94581336
:10AE9000C6010E947C12982F809180A0882369F5BA
:10AEA000092F000F802F0E940562882331F1802F27
:10AEB000869590E0B6014AE050E00E94671386E96B
:10AEC00098E1B6010E94E74000D00F92EDB7FEB7BF
:10AED00031968EE899E1ADB7BEB712969C938E93EA
:10AEE0001197809150A38695828313820E94B81394
:10AEF0000F900F900F900F900CC00F920F928AE559
:10AF000099E1EDB7FEB7928381830E94B8130F9049
:10AF10000F90C7016AE878E10E94BB48892B41F194
:10AF2000C7016AE878E10E94E448FC01EE0FFF1FC8
:10AF3000EE0DFF1DE85EFF4E608171818E010F5F97
:10AF40001F4FC80142E050E00E945813C8010E9400
:10AF50007C12880F809366A2869590E0B8014AE043
:10AF600050E00E9467138AE898E1B8010E94E74028
:10AF700000D00F92EDB7FEB7319686E499E1ADB7F8
:10AF8000BEB712969C938E931197809166A2869578
:10AF9000828313820E94B8130F900F900F900F902E
:10AFA000C70163EA78E10E94BB48892B09F1C70118
:10AFB00063EA78E10E94E448FC01EE0FFF1FEE0D0A
:10AFC000FF1DE85EFF4E608171818E010F5F1F4F94
:10AFD000C80142E050E00E945813C8010E947C1250
:10AFE000109267A2892B49F081E0809367A205C087
:10AFF000109267A280E389831A8283EA98E16E0146
:10B000000894C11CD11CB6010E94E74000D00F92E9
:10B01000EDB7FEB731968CE299E1ADB7BEB71296A7
:10B020009C938E931197809167A2828313820E94D2
:10B03000B8130F900F900F900F90C7016DEA78E151
:10B040000E94BB48892BC1F0C7016DEA78E10E94DC
:10B05000E448880F991FE80EF91EE8E1F0E1EE0ED2
:10B06000FF1ED7016D917C91C6014EE150E00E9418
:10B0700058131F8EC6014DDDEDB7FEB776970FB69C
:10B08000F894FEBF0FBEEDBF31968E010F5F1F4FCC
:10B09000ADB7BEB712961C930E93119781E199E15B
:10B0A00093838283809168A284831582809169A2B0
:10B0B0008683178280916AA28087118680916BA215
:10B0C0008287138680916CA28487158680916DA2F9
:10B0D0008687178680916EA2808B118A80916FA2DD
:10B0E000828B138A809170A2848B158A0E94DD1353
:10B0F000EDB7FEB776960FB6F894FEBF0FBEEDBF64
:10B100008DEA98E1B8010E94E74000D00F928DEFE0
:10B1100098E1ADB7BEB712969C938E931197149693
:10B120001C930E9313970E94B8130F900F900F90DB
:10B130000F900E94304AA396E8E00C94D9630F93D5
:10B140001F93CF93DF93EC01CA5FDF4E8881998113
:10B15000C650D041892B61F1CE0164EA7FE10E94A3
:10B16000BB48892B29F1CE016CE97FE10E94E448BC
:10B170008C018EE192EA0E943F13000F111FC00F55
:10B18000D11FC85EDF4E6881798143E450E0481BDF
:10B19000590B8EE192EA0E944813109261A28EE14F
:10B1A00092EA69E97FE10E94D51281E0809381A053
:10B1B000809180A0873011F08A3041F480911EA2E6
:10B1C000882311F403E00DC002E00BC080911EA2A1
:10B1D000882311F001E005C0809181A0811181E0F8
:10B1E000082F0F920F9285E69FE1ADB7BEB712967A
:10B1F0009C938E9311970E94B813802F81500F90CB
:10B200000F90823030F58EE192EA0E943F1365E0A4
:10B2100070E00E946A63262F2E5F013009F42F5FD1
:10B2200000D00F92EDB7FEB731968BE29FE1ADB73C
:10B23000BEB712969C938E931197822F2B3008F0F5
:10B240008AE0828313820E94B8130F900F900F90B0
:10B250000F900F920F928DE19FE1EDB7FEB79283B1
:10B2600081830E94B81387E59EE1ADB7BEB7129601
:10B270009C938E9311970E94B813802F82500F9049
:10B280000F90823090F400D00F9288E39EE1EDB7EA
:10B29000FEB7928381838EE890EA948383830E9431
:10B2A000B8130F900F900F900F900130B1F0013054
:10B2B00018F0023051F51EC00F920F9286E19EE108
:10B2C000ADB7BEB712969C938E9311970E94B81398
:10B2D00010928EA00F900F901CC00F920F9281EED3
:10B2E0009DE1EDB7FEB7928381830E94B81310925F
:10B2F0008EA019C00F920F9283EB9DE1ADB7BEB740
:10B3000012969C938E9311970CC0002311F003307A
:10B3100061F40F920F9287E39DE1EDB7FEB7928340
:10B3200081830E94B8130F900F900F920F928FE2BB
:10B330009DE1ADB7BEB712969C938E9311970E9474
:10B34000B8130F900F900E94304ADF91CF911F9158
:10B350000F9108951F930E943D4A0F920F928FE51F
:10B3600092E2ADB7BEB712969C938E9311970E944E
:10B37000B8138EE890EAEDB7FEB7928381830E94FE
:10B38000A4138DE492E2ADB7BEB712969C938E9350
:10B3900011970E94B8138EE192EAEDB7FEB792833F
:10B3A00081830E94A4130F920F9288E392E2ADB7BB
:10B3B000BEB712969C938E93119781E792EA1496EA
:10B3C0009C938E9313970E94B813109271A22091B0
:10B3D000D5A2EDB7FEB7319681E292E2ADB7BEB726
:10B3E00012969C938E931197228313820E94B81316
:10B3F0002091D6A2EDB7FEB731968AE092E2ADB7C2
:10B40000BEB712969C938E931197228313820E944B
:10B41000B8132091D7A2EDB7FEB731968EEE91E228
:10B42000ADB7BEB712969C938E9311972283138269
:10B430000E94B813EDB7FEB731968FED91E2ADB72C
:10B44000BEB712969C938E931197809180A08283B1
:10B4500013820E94B81320914CA3EDB7FEB731962A
:10B460008FEC91E2ADB7BEB712969C938E93119775
:10B47000228313820E94B813209156A3EDB7FEB722
:10B4800031968AEB91E2ADB7BEB712969C938E933C
:10B490001197228313820E94B813209182A0EDB7E6
:10B4A000FEB7319682EA91E2ADB7BEB712969C9391
:10B4B0008E931197228313820E94B813209183A048
:10B4C000EDB7FEB731968AE891E2ADB7BEB71296F6
:10B4D0009C938E931197228313820E94B81320911C
:10B4E00084A0EDB7FEB7319681E791E2ADB7BEB764
:10B4F00012969C938E931197228313820E94B81305
:10B50000209185A0EDB7FEB7319685E591E2ADB704
:10B51000BEB712969C938E931197228313820E943A
:10B52000B813209188A0EDB7FEB7319687E391E27A
:10B53000ADB7BEB712969C938E9311972283138258
:10B540000E94B813209189A0EDB7FEB7319689E12A
:10B5500091E2ADB7BEB712969C938E93119722835A
:10B5600013820E94B81320918CA030918DA084E0AA
:10B5700091E2EDB7FEB792838183348323830E94E7
:10B58000B8130F900F900F900F9086E193EAFED7BB
:10B5900000D00F92EDB7FEB7319621EE30E2ADB795
:10B5A000BEB712963C932E931197828313820E940A
:10B5B000B81310914AA31AC0123308F010E0E12F1B
:10B5C000F0E0EA5EFC45208100D00F92EDB7FEB7B7
:10B5D00031968BED90E2ADB7BEB712969C938E93E9
:10B5E0001197228313820E94B8131F5F0F900F9050
:10B5F0000F900F90809149A31817F1F6209186A023
:10B6000000D00F92EDB7FEB7319683EC90E2ADB764
:10B61000BEB712969C938E931197228313820E9439
:10B62000B813209187A0EDB7FEB731968BEA90E270
:10B63000ADB7BEB712969C938E9311972283138257
:10B640000E94B8132091E0A2EDB7FEB7319688E9C9
:10B6500090E2ADB7BEB712969C938E93119722835A
:10B6600013820E94B81320918AA030918BA08AE7A0
:10B6700090E2EDB7FEB792838183348323830E94E7
:10B68000B813EDB7FEB7319684E690E2ADB7BEB71A
:10B6900012969C938E93119780917FA08283138240
:10B6A0000E94B81310927FA0209158A3309159A303
:10B6B0008FE490E2EDB7FEB79283818334832383D6
:10B6C0000E94B813109259A3109258A36091D8A267
:10B6D0007091D9A28091DAA29091DBA20F920F9281
:10B6E0002CE230E2ADB7BEB712963C932E93119781
:10B6F00024EF31E040E050E00E949163EDB7FEB7E7
:10B7000023833483458356830E94B8138EE090E2EE
:10B71000ADB7BEB712969C938E9311976091DCA241
:10B720007091DDA28091DEA29091DFA224EF31E042
:10B7300040E050E0F6D7EDB7FEB72383348345836E
:10B7400056830E94B8138DB79EB708970FB6F8942A
:10B750009EBF0FBE8DBFEDB7FEB7319686ED9FE160
:10B76000ADB7BEB712969C938E9311978091998C2A
:10B7700090919A8CA0919B8CB0919C8C82839383A6
:10B78000A483B5838091958C9091968CA091978C91
:10B79000B091988C86839783A087B1878091918C94
:10B7A0009091928CA091938CB091948C8287938786
:10B7B000A487B5870E94B813EDB7FEB73C960FB6C5
:10B7C000F894FEBF0FBEEDBF8CEA9FE192838183A8
:10B7D0000E94B8130F900F900E94304A1F91089555
:10B7E0001F9316B58091D5A2181710F41093D5A207
:10B7F0008091D6A2811710F41093D6A28091D8A27E
:10B800009091D9A2A091DAA2B091DBA20196A11DDC
:10B81000B11D8093D8A29093D9A2A093DAA2B0933D
:10B82000DBA2809180A0873019F08A3009F02EC108
:10B8300080918CA090918DA0019690938DA0809383
:10B840008CA0809182A0882309F45CC0809182A0A2
:10B85000883009F457C0809188A08150809388A0D7
:10B86000809188A0833048F4809156A3882329F0E2
:10B87000809185A08F5F809385A0809188A0882388
:10B8800009F050C0809182A0813041F4809185A060
:10B890008230E0F482E0809382A030C0809182A068
:10B8A0008730B9F4809185A090E0823008F491E06F
:10B8B000909384A088E0809382A0809184A08823C4
:10B8C000E9F4609183A086E193EA2CD6109282A0DD
:10B8D00015C0809183A0880F809383A0809185A05C
:10B8E000823028F0809183A08160809383A0809132
:10B8F00082A08F5F809382A0109285A0109285A075
:10B900008AE00EC0809156A3882389F481E0809359
:10B9100082A0109283A0109284A0109285A086E04D
:10B92000809388A010928DA010928CA025C0809149
:10B9300086A0813081F4809187A090E08F71907013
:10B94000880F991F880F991F8360809387A010929A
:10B9500089A082E00FC0809186A0882369F481EEDF
:10B9600092EAC8D5882341F481EE92EAF9D5809312
:10B9700087A081E0809386A0809186A0823078F1B4
:10B98000809186A0883069F4809189A08F5F809330
:10B9900089A0809189A08F3010F0109286A091E04C
:10B9A00018C0909187A09078809189A08F5F809334
:10B9B00089A0809189A08A3060F0809187A0880F4B
:10B9C000809387A0809186A08F5F809386A010923D
:10B9D00089A010928DA010928CA0992399F080914B
:10B9E000E0A2882309F58CE9C8D481E08093E0A225
:10B9F00082E090E090938BA080938AA083E00E94E5
:10BA0000442238C08091E0A2882371F083E9B5D444
:10BA10001092E0A282E090E090938BA080938AA0A5
:10BA200083E00E944E2226C080918AA090918BA034
:10BA3000892B31F080918AA090918BA0019716C03C
:10BA400080914DA3882321F080914DA3843091F4FF
:10BA5000809154A3882371F08091E0A2882311F48F
:10BA600086E901C08AE989D48FEF90E090938BA09A
:10BA700080938AA0809156A3882321F081E00E94C0
:10BA8000442228C081E00E944E2224C0882311F164
:10BA90008F3001F180918AA090918BA0892B31F099
:10BAA00080918AA090918BA0019710C080914DA3A6
:10BAB000882321F080914DA3843061F4809154A3B8
:10BAC000882341F089EA59D48FEF90E090938BA0BE
:10BAD00080938AA096B5911B8091D7A2891710F404
:10BAE0009093D7A21F910895A2E1B0E0E9E7FDE5A8
:10BAF00047C6809181A0882309F443C0CE010196F6
:10BB00000E94A81A0EE112EA02C00F5F1F4FD8016F
:10BB10008C91882321F0B2EA02331B07B1F74E81E2
:10BB20005F81288539856C817B81FA80EDB7FEB70E
:10BB300070970FB6F894FEBF0FBEEDBF3196ADB74C
:10BB4000BEB712961C930E93119780EC93E29383E9
:10BB500082834483158256831782318720876287C8
:10BB6000138674871586F68617860E94DD13109259
:10BB700081A0EDB7FEB770960FB6F894FEBF0FBE6A
:10BB8000EDBF6296E5E018C6A5E0B0E0E9ECFDE5A2
:10BB9000F6C58091DCA29091DDA2A091DEA2B091C9
:10BBA000DFA20196A11DB11D8093DCA29093DDA2BE
:10BBB000A093DEA2B093DFA2CE01019670D48823B9
:10BBC00009F4AFC09981963A09F46FC0973A70F4BE
:10BBD000933AA1F1943A30F4892F81508F3708F0CD
:10BBE0009AC013C0953A09F096C046C09C3A09F431
:10BBF00076C09D3A20F49A3A09F08DC05EC0892F34
:10BC0000805B8A3008F087C050C0809180A0882374
:10BC100009F081C088E0809380A0990F90934FA392
:10BC2000809167A2882321F480914FA3809366A21C
:10BC300087E00DD284E01CD281E01BC0809180A0FF
:10BC4000883009F068C085EA98D38AE0809380A0A4
:10BC500011E0109356A31093E0A281EE92EA45D42E
:10BC600086E193EA42D481E6809348A3109381A0B1
:10BC700082E00E944E2255C0809180A0823009F05F
:10BC80004AC087E0809380A011E0109356A31093E0
:10BC9000E0A281EE92EA29D486E193EA26D481E6F5
:10BCA000809348A3109381A03CC080917FA08823FB
:10BCB000C1F585EA80937FA034C0109281A081E015
:10BCC0000E94442282E00E94442283E00E94442297
:10BCD000809180A0882329F18CEA4FD311C08091F4
:10BCE00080A08F3069F081E792EA6EE973E20E94EA
:10BCF000E912998180917FA0882311F490937FA00D
:10BD0000109280A084E0A3D183E0A1D181E09FD1F3
:10BD100087E0AED106C080917FA0882311F4909374
:10BD20007FA0809180A0873019F08A3009F061C02F
:10BD300080911EA28823D1F181EE92EADBD3882381
:10BD4000A9F180911EA2803429F487E180931EA27C
:10BD500010921FA280911EA263E173EAAE014E5FB2
:10BD60005F4F9E012D5F3F4F57D48823C9F081EE6E
:10BD700092EA6A81D7D38823C9F06B816F3F29F09B
:10BD800081EE92EACFD3882389F080911EA28C8322
:10BD90001D828EE890EABE016C5F7F4F0E942413E3
:10BDA0008EE192EA6FE172EA0E94381386E193EA2B
:10BDB000A1D38823F1F48EE890EA0E943F138F58B4
:10BDC000914030F08EE890EA6FE870EA0E943813F4
:10BDD00086E193EAC5D368E473EA01D48C838823AF
:10BDE00041F01D828EE890EABE016C5F7F4F0E9499
:10BDF0002413809181A0882399F0809180A08823CA
:10BE000079F4809166A280934FA387E020D184E0EB
:10BE10001ED1809150A38695B0D281E0809380A0FE
:10BE2000809180A08130E1F480914DA38430C1F4F1
:10BE300080914EA3882331F483EA9FD282E08093DD
:10BE400080A00EC010921EA281E792EA64E673E21F
:10BE50000E94E91287E00CD1109280A0109281A07C
:10BE6000809180A0873041F480918CA090918DA02A
:10BE700089599A4308F038DE809181A08823F9F42B
:10BE800080918CA090918DA08B3F9105C0F0809106
:10BE900080A0873011F08A3091F480911EA288230F
:10BEA00071F481EE92EA26D3882349F08AEA65D2BA
:10BEB0008FE0809380A010928DA010928CA0809132
:10BEC00064A2909165A28F5F9F4FF1F486E890E0A5
:10BED0000E94B127909365A2809364A28F5F9F4FC9
:10BEE00099F00F920F928EE393E2EDB7FEB7928333
:10BEF00081830E94B81310921EA210928EA081E03E
:10BF0000809381A00F900F90809164A2909165A280
:10BF10000E94DC278823C9F40F920F928BE193E2F1
:10BF2000EDB7FEB7928381830E94B8130F900F90F4
:10BF3000809164A2909165A20E94A22C8FEF9FEF46
:10BF4000909365A2809364A2CFDD809164A29091CA
:10BF500065A2FFEF8F3F9F0709F476C00E94EF278D
:10BF60007C01181619060CF049C08EE192EA0E9475
:10BF70003F138C01809164A2909165A224E430E08B
:10BF8000201B310BB7012E153F050CF4B901EEE172
:10BF9000EE2EE2EAFE2EE00EF11EA7010E942A2BF1
:10BFA000FC011816190654F5E25EFD45E00FF11F7D
:10BFB000108281E0809381A0C70167E173E243E0D2
:10BFC00050E00E94F912892BC9F40F920F9285EF6D
:10BFD00092E2EDB7FEB7928381830E94B8130F906F
:10BFE0000F90809164A2909165A20E94A22C8FEF85
:10BFF0009FEF909365A2809364A276DD8EE890EA2D
:10C000000E943F13BC018B30910558F480918EA0A3
:10C010008823D1F080918CA090918DA084369105D9
:10C0200098F0809164A2909165A24EE850EA20E0D9
:10C030000E94512DBC011816190634F462577F4531
:10C040008EE890EA0E9438132596E6E0B4C34FB715
:10C05000F89490914CA321E030E002C0220F331FEE
:10C060008A95E2F72095292320934CA34FBF08958A
:10C070004FB7F89490914CA321E030E002C0220F1A
:10C08000331F8A95E2F7922B90934CA34FBF0895EC
:10C09000982F8A3991F08B3928F4833941F0863909
:10C0A00091F405C08C3949F0893A69F4089581E02A
:10C0B000809357A3109256A3089581E0809357A3CD
:10C0C000809356A3089580916EA3E82FF0E0E65A7E
:10C0D000FC4590838F5F80936EA380916EA3843123
:10C0E00048F080916FA3882311F483E10CC0109273
:10C0F0006EA30BC090916EA380916FA3981729F443
:10C1000080916EA3815080936EA380914CA3806434
:10C1100080934CA380914CA38F7780934CA3089578
:10C120001F920F920FB60F920BB60F9211242F93FE
:10C130003F934F935F936F937F938F939F93AF93AF
:10C14000BF93EF93FF93809158A3909159A30196C9
:10C15000909359A3809358A38091B90090E0887F71
:10C1600090708035910509F49AC08135910594F558
:10C170008032910509F48CC0813291059CF488309D
:10C18000910509F460C08930910524F4892B09F4E4
:10C1900074C0D1C08031910509F461C0489709F09D
:10C1A000CAC061C08833910509F46CC08933910518
:10C1B00044F48832910509F45BC0C09709F0BBC014
:10C1C00057C08034910509F492C08834910509F074
:10C1D000B2C05EC0803A910509F49EC0813A9105D3
:10C1E000CCF48836910509F46DC0893691054CF47C
:10C1F0008835910509F453C08036910509F09BC03C
:10C2000066C08038910509F46FC08838910509F03F
:10C2100092C06FC0883B910509F474C0893B9105B9
:10C220004CF4883A910509F46DC0803B910509F002
:10C2300082C063C0803C910509F46EC0883C9105C2
:10C2400009F079C069C080914DA3813041F080919F
:10C250004FA381608093BB00109254A36CC0809167
:10C260004FA38E7FF7CF809153A38093BB0063C011
:10C2700084E080934DA310924EA381E0809354A359
:10C2800085E55CC0809155A38F5F809355A355C011
:10C2900084E080934DA381E080934EA3EFCF809103
:10C2A000BB0080934BA380914DA3823009F780910E
:10C2B0004BA387FD42C084E080934DA383E080932D
:10C2C0004EA3DBCF809155A38F5F809355A3A89594
:10C2D000109254A39091BB00809151A381509695E8
:10C2E0008923809352A303C08091BB00D1DE85E0F7
:10C2F00025C08091BB00CCDE0FC0809155A38F5F1D
:10C30000809355A380914CA38093BB00109254A3BB
:10C3100081E0809370A30FC081E0809354A380914B
:10C320004DA3833051F080914DA3813031F0809145
:10C330004DA3823011F085E401C085E680688093CA
:10C34000BC00FF91EF91BF91AF919F918F917F9131
:10C350006F915F914F913F912F910F900BBE0F9076
:10C360000FBE0F901F90189580914DA3882321F048
:10C3700080914DA38430C1F708951F93182FF4DFE7
:10C380009FB7F894109353A317FF02C081E001C038
:10C3900082E080934DA3809154A3882349F080913B
:10C3A000BC0084FDFCCF8091BC0080628093BC0007
:10C3B0009FBF1F9108950F931F93182FD5DF0091F2
:10C3C0004FA310934FA383E080934DA3809154A378
:10C3D000882349F08091BC0084FDFCCF8091BC0093
:10C3E00080628093BC00C0DF00934FA380914EA376
:10C3F000882319F02FEF3FEF04C080914BA3282F23
:10C4000030E0C9011F910F9108951F93182F82509A
:10C410008B3D98F410FD11C0812FCDDF97FF0DC02B
:10C42000F8941093BA008091BC0080648093BC00A3
:10C430007894109350A381E00DC0F8941092BA0044
:10C440008091BC008F7B8093BC0078948FEF8093A9
:10C4500050A380E01F91089581E0809354A310922F
:10C460004DA38093B90080E48093B800809150A3DD
:10C470008E7F8093BA0084E88093BC00809151A3A2
:10C480008150880F8093BD00109255A310926FA326
:10C4900010926EA3109259A3109258A30895DC0134
:10C4A00090916FA380916EA3981711F480E0089586
:10C4B00090916FA3E92FF0E0E65AFC4580818C93C0
:10C4C0009F5F90936FA380916FA3843110F01092BF
:10C4D0006FA390916FA380916EA3981711F081E0E4
:10C4E000089586E0B4DD81E00895FC0112AA13AA44
:10C4F00014AA0895FC0194A983A920E0981709F4CF
:10C5000021E0822F0895FC0183A9813310F020E0FF
:10C5100002C0282F2F5F84A990E0281709F491E02A
:10C52000892F08951F93CF93DF93EC01162FEBDF34
:10C53000882311F080E010C09FB7F8948BA9FE010A
:10C54000E80FF11D10838BA9813310F080E001C04A
:10C550008F5F8BAB9FBF81E0DF91CF911F910895DB
:10C56000DC012FB7F894D4968C91D497FD01E80F95
:10C57000F11D8081D4969C91D497913310F090E076
:10C5800001C09F5FD4969C932FBF0895FC0193A98F
:10C5900084A9981718F023A984A903C023A984A902
:10C5A0002E5C281B822F0895282F613619F4E5EFA1
:10C5B000F3E204C0613381F4E6E1F4E2822F8154B6
:10C5C0008A3108F4205E90E08491281731F09F5F53
:10C5D000903211F03196F8CF9FEF892F0895DB014B
:10C5E0008B3111F481E303C08F3119F481E68C9310
:10C5F0000BC06C91613331F4E82FF0E0EA5EFB4D43
:10C6000084910895613611F080E00895E82FF0E0FC
:10C61000EB50FC4D84910895DF92EF92FF920F93BF
:10C620001F93CF93DF93D82E7B01EA01890187E125
:10C63000D81641F48BE1888382E1F9018083FB0104
:10C64000108224C08D2DFB016081AEDF88838FEFC7
:10C65000F801808388818F3FC9F48D2D61E6A4DFC6
:10C66000F80180838F3F21F08FE1888381E60CC041
:10C670008D2D61E399DFF80180838F3F11F480E015
:10C6800006C08BE1888381E3F701808381E0CDB729
:10C69000DEB7E7E08FC0629FD001739FF001829FF9
:10C6A000E00DF11D649FE00DF11D929FF00D839F41
:10C6B000F00D749FF00D659FF00D9927729FB00DDE
:10C6C000E11DF91F639FB00DE11DF91FBD01CF01F1
:10C6D00011240895AA1BBB1B51E107C0AA1FBB1F51
:10C6E000A617B70710F0A61BB70B881F991F5A95FE
:10C6F000A9F780959095BC01CD01089597FB092E6F
:10C7000007260AD077FD04D0E5DF06D000201AF412
:10C71000709561957F4F0895F6F7909581959F4F9D
:10C720000895A1E21A2EAA1BBB1BFD010DC0AA1F72
:10C73000BB1FEE1FFF1FA217B307E407F50720F08A
:10C74000A21BB30BE40BF50B661F771F881F991F05
:10C750001A9469F760957095809590959B01AC014E
:10C76000BD01CF0108952F923F924F925F926F9239
:10C770007F928F929F92AF92BF92CF92DF92EF9271
:10C78000FF920F931F93CF93DF93CDB7DEB7CA1BF2
:10C79000DB0B0FB6F894DEBF0FBECDBF19942A880D
:10C7A000398848885F846E847D848C849B84AA84C5
:10C7B000B984C884DF80EE80FD800C811B81AA8152
:10C7C000B981CE0FD11D0FB6F894DEBF0FBECDBF1D
:08C7D000ED010895F894FFCF7C
:10C7D8004D4350636F6E666967006F6666006F66EB
:10C7E8006600FF0102036F551CC801C0A8018EFF37
:10C7F800FFFF00C0A801FAC0A801FA00000003006A
:10C80800000000E43EB73E0000FFFFFFFF80228CDF
:10C81800229222A8220000BF22CD22DB22F622008B
:10C828000015231B232E2348230000211E9B1D4493
:10C838001D381D381D7F058A05007504000A0D0A7C
:10C84800004501530B5F0B003A0100000000000097
:02C858000000DE
:00000001FF
