:100000000C94EE130C9491180C94B8180C94DF18FF
:100010000C9413140C9413140C9413140C941314C4
:100020000C9413140C9413140C9413140C941314B4
:100030000C9413140C94761C0C9413140C94131439
:100040000C941E210C9413140C9413140C9413147C
:100050000C94E41D0C945E1D0C94251D0C9413143B
:100060000C9413140C9413140C942E610C9413140C
:10007000253032783A253032783A253032783A25B0
:100080003032783A253032783A253032780025649B
:100090002E25642E25642E25640044484350206D8F
:1000A000736720747970652035332076616C7565CF
:1000B0002025750D0A0044484350206D7367207455
:1000C0007970652035332076616C75652025750D56
:1000D0000A004950004D41534B00444E53004741E4
:1000E000544500444843502D436F6E66696720674E
:1000F00065686F6C740D0A00444843502D436F6E61
:10010000666967204665686C67657363686C6167DC
:10011000656E0D0A00207C2D3E2056657273756356
:10012000686520444843502D436F6E666967207AA6
:100130007520686F6C656E2E2000206665686C67A0
:10014000657363686C6167656E0D0A00206665689B
:100150006C67657363686C6167656E0D0A00205A91
:100160006569743A20253032643A253032643A2584
:100170003032642E253032640D0A004E54505345FF
:1001800052564552005554435A4F4E4500207C2D3F
:100190003E204E54502D536572766572205A656923
:1001A0007420616B7475616C6973696572656E3A10
:1001B000006F6E004E545000207C202020444E538F
:1001C000202020203A2025730D0A00207C202020AA
:1001D000476174657761793A2025730D0A00207CA8
:1001E0002020204E65746D61736B3A2025730D0AD3
:1001F00000207C202020495020202020203A20254B
:10020000730D0A006F6E0044484350004448435049
:1002100000207C2D3E20544350202848757272697E
:1002200063616E2D656E67696E652920696E6974FC
:1002300069616C6973696572740D0A00207C2D3EDA
:10024000205544502028546F726E61646F2D656E86
:1002500067696E652920696E697469616C69736983
:100260006572740D0A002D2B2D3E204152502069DD
:100270006E697469616C6973696572740D0A002036
:100280004C696E6B2072656164790D0A00204675B9
:100290006C6C6475706C65783A00454E4332386A10
:1002A000363020285265762E3A2025642920696E42
:1002B000697469616C697369657274202820485794
:1002C0002D4164643A20253032783A253032783A2C
:1002D000253032783A253032783A253032783A254E
:1002E0003032782029004D4143004D4143004D43B9
:1002F00050636F6E666967000D0A000A002563008F
:10030000436F6E6669672069737420256420627983
:100310007465732067726F73732C20256420627973
:1003200074652077657264656E2062656E75747A97
:10033000742E204F66667365742025640D0A0D0ABD
:10034000004F46460057524954455F50524F54455E
:1003500043540020496E697469616C697369657200
:10036000740D0A00204572726F720D0A00544852D3
:10037000454144005348454C4C00455854494E545F
:1003800000436F6E66696700434C4F434B00535404
:10039000444F55540055415254004F70656E4D43C3
:1003A00050202E2E2E0D0A000D0A00466F6C676538
:1003B0006E64652042656665686C652073696E646D
:1003C00020766F7268616E64656E3A0D0A0D0A00E0
:1003D00068656C7000485454502F312E30203430F2
:1003E000330D0A436F6E74656E742D547970653ADF
:1003F00020746578742F68746D6C0D0A4B65657098
:100400002D416C6976653A20636C6F73650D0A0D3A
:100410000A3C48544D4C3E3C424F44593E343033E4
:100420002046696C65206E6F7420666F756E64215E
:100430003C2F424F44593E3C2F48544D4C3E0D0AF0
:100440000D0A00504F5354004745540068747470AF
:100450006400485454502D53657276657220506F75
:1004600072742025642E0D0A00696E6465782E680A
:10047000746D6C003C2F424F44593E3C2F48544D04
:100480004C3E0D0A0D0A003C48544D4C3E3C48453C
:1004900041443E3C6D65746120687474702D6571D3
:1004A0007569763D22657870697265732220636F85
:1004B0006E74656E743D2230223E3C2F48454144A7
:1004C0003E3C424F44593E00485454502F312E3048
:1004D0002032303020446F63756D656E7420666F16
:1004E0006C6C6F77730D0A436F6E74656E742D5468
:1004F0007970653A20746578742F68746D6C0D0A94
:10050000436F6E6E656374696F6E3A20636C6F73D0
:10051000650D0A0D0A00696E6465782E68746D6C4D
:10052000003C48544D4C3E3C484541443E3C5449B7
:10053000544C453E547850322D4E6574202D204445
:10054000617320496E7465726E65742D496E7465B1
:100550007266616365207A756D2054656C657850AC
:10056000686F6E653C2F5449544C453E3C2F4845BE
:1005700041443E3C424F44593E3C68323E547850E0
:10058000322D4E6574202D2044617320496E7465B0
:10059000726E65742D496E74657266616365207A4A
:1005A000756D2054656C657850686F6E653C2F687A
:1005B000323E3C68313E486175707473656974659C
:1005C0003C2F68313E3C7072653E5F5F5F5F5F5FEE
:1005D0005F5F5F5F5F5F5F5F5F5F5F5F5F5F5F5F2B
:1005E0005F5F5F5F5F5F5F5F5F5F5F5F5F5F5F5F1B
:1005F0005F5F5F5F5F5F5F5F5F5F5F5F5F5F5F5F0B
:100600005F5F5F5F5F5F5F5F5F5F5F5F5F5F5F5FFA
:100610005F5F5F5F0D0A204F4F4F4F4F20204F4FBE
:100620004F4F4F20204F2020202020204F4F4F4F52
:100630004F20204F2020204F202020202020204FFE
:100640004F4F4F2020204F2020204F2020204F4F61
:100650004F2020204F2020204F20204F4F4F4F4F22
:10066000200D0A2020204F202020204F2020202055
:1006700020204F2020202020204F2020202020201C
:10068000204F204F20202020202020204F202020DD
:100690004F20204F2020204F20204F2020204F206F
:1006A000204F4F20204F20204F20202020200D0AB7
:1006B000202E2E2E2E2E2E2E2E2E2E2E2E2E2E2E68
:1006C0002E2E2E2E2E2E2E2E2E2E2E2E2E2E2E2E4A
:1006D0002E2E2E2E2E2E2E2E2E2E2E2E2E2E2E2E3A
:1006E0002E2E2E2E2E2E2E2E2E2E2E2E2E2E2E2E2A
:1006F0002E2E2E2E2E2E2E2E2E2E0D0A2020204F68
:10070000202020204F4F4F202020204F202020202D
:1007100020204F4F4F2020202020204F202020201D
:100720004F4F4F20204F4F4F4F2020204F4F4F4FC4
:100730004F20204F2020204F20204F204F204F209F
:10074000204F4F4F2020200D0A2020204F20202016
:10075000204F2020202020204F2020202020204F0C
:10076000202020202020204F204F2020202020202B
:1007700020204F2020202020204F2020204F2020EC
:100780004F2020204F20204F20204F4F20204F204F
:10079000202020200D0A2020204F202020204F4FF5
:1007A0004F4F4F20204F4F4F4F4F20204F4F4F4F15
:1007B0004F20204F2020204F202020202020204F7D
:1007C0002020202020204F2020204F2020204F4F6D
:1007D0004F2020204F2020204F20204F4F4F4F4FA1
:1007E0000D0A5F5F5F5F5F5F5F5F5F5F5F5F5F5FC0
:1007F0005F5F5F5F5F5F5F5F5F5F5F5F5F5F5F5F09
:100800005F5F5F5F5F5F5F5F5F5F5F5F5F5F5F5FF8
:100810005F5F5F5F5F5F5F5F5F5F5F5F5F5F5F5FE8
:100820005F5F5F5F5F5F5F5F5F5F5F5F3C2F707207
:10083000653E3C703E3C6120687265663D2274787E
:10084000702D6D73672E636769223E4E6163687217
:10085000696368742073656E64656E3C2F613E3C0D
:10086000703E3C6120687265663D227478702D632D
:100870006F6E6669672E636769223E45696E7374A1
:10088000656C6C756E67656E3C2F613E3C703E3CDE
:100890006120687265663D227478702D64656275AA
:1008A000672E636769223E44656275672D496E66EF
:1008B0006F733C2F613E3C703E3C61206872656600
:1008C0003D226E6574776F726B2E68746D6C223E7C
:1008D0004E65747A7765726B3C2F613E3C703E3C8E
:1008E0006120687265663D2273797374656D2E6848
:1008F000746D6C223E53797374656D3C2F613E3C80
:10090000703E3C68333E4772756E646C6167653A51
:10091000204F70656E4D43503C2F68333E4D6963E8
:10092000726F776562736572766572206275696C45
:1009300064206F6E204156522D6C6962632076658B
:100940007273696F6E3A20312E362E362F32303068
:1009500039303330392077697468206176722D67B9
:10096000636320342E332E322C20446174653A2088
:1009700046656220203320323031312031393A311E
:10098000333A34373C2F424F44593E3C2F48544D64
:100990004C3E0D0A0D0A006E6574776F726B2E68FF
:1009A000746D6C003C48544D4C3E3C484541443EBF
:1009B0003C5449544C453E547850322D4E65742079
:1009C0002D2044617320496E7465726E65742D49E3
:1009D0006E74657266616365207A756D2054656C0E
:1009E000657850686F6E653C2F5449544C453E3CC9
:1009F0002F484541443E3C424F44593E3C68323EBC
:100A0000547850322D4E6574202D20446173204956
:100A10006E7465726E65742D496E7465726661637D
:100A200065207A756D2054656C657850686F6E65C9
:100A30003C2F68323E3C68313E4E65747A77657271
:100A40006B2D4D656E75653C2F68313E3C612068AD
:100A50007265663D226E6574776F726B2E6367698F
:100A6000223E4E65747A7765726B2D496E666F73A0
:100A70003C2F613E3C703E3C6120687265663D22C1
:100A80006E6574776F726B2E6367693F636F6E6616
:100A90006967223E4E65747A7765726B2D4B6F6E77
:100AA00066696775726174696F6E3C2F613E3C7058
:100AB0003E3C6120687265663D22696E6465782EF1
:100AC00068746D6C223E48617570747365697465F5
:100AD0003C2F613E3C703E3C2F424F44593E3C2FE0
:100AE00048544D4C3E0D0A0D0A0073797374656DC0
:100AF0002E68746D6C003C48544D4C3E3C4845415A
:100B0000443E3C5449544C453E547850322D4E6539
:100B100074202D2044617320496E7465726E657473
:100B20002D496E74657266616365207A756D205417
:100B3000656C657850686F6E653C2F5449544C4520
:100B40003E3C2F484541443E3C424F44593E3C6860
:100B5000323E547850322D4E6574202D20446173FE
:100B600020496E7465726E65742D496E7465726687
:100B7000616365207A756D2054656C657850686F87
:100B80006E653C2F68323E3C68313E537973746524
:100B90006D2D4D656E75653C2F68313E3C6120685A
:100BA0007265663D226D61696E6D656E752E687445
:100BB0006D6C223E7A75727565636B3C2F613E3CAD
:100BC000703E3C6120687265663D22726573657493
:100BD0002E636769223E52657365743C2F613E3C0B
:100BE000703E3C6120687265663D226E74702E63B3
:100BF0006769223E4E54503C2F613E3C703E3C6142
:100C000020687265663D2265656D656D2E63676956
:100C1000223E45456D656D3C2F613E3C703E3C2F4C
:100C2000424F44593E3C2F48544D4C3E0D0A0D0A4C
:100C3000000D0A436F6E74656E742D4C656E67749B
:100C4000683A2025640D0A43616368652D436F6E21
:100C500074726F6C3A206D61782D6167653D333633
:100C600030300D0A436F6E6E656374696F6E3A20A3
:100C7000636C6F73650D0A0D0A0062696E0074651E
:100C800078742F68746D6C006A70656700706E67A9
:100C900000485454502F312E302032303020446FD1
:100CA00063756D656E7420666F6C6C6F77730D0A7B
:100CB000436F6E74656E742D547970653A20003EF2
:100CC000200051756974696E670D0A007175697449
:100CD00000556E642C206C6F7320676568742773F1
:100CE0002E2E2E21212120282268656C702220685A
:100CF000696C6674203A2D29290D0A3E200074651E
:100D00006C6E65740054656C6E65742D53657276F7
:100D1000657220506F72742025642E0D0A004352B4
:100D20004F4E5F454E5452595F2530326400256462
:100D30003A206E696368742062656C6567740D0A99
:100D40000025643A2025642025642025730D0A00BF
:100D500063726F6E00666F6F2E6367690025732F75
:100D6000257325730049502F4D41432F54544C0D8A
:100D70000A0061727000696E20256C642050616306
:100D80006B6574656E203B20447520626973742026
:100D90006465722025642E204265737563686572F0
:100DA0002061756620536F636B65742025642E3C4B
:100DB0002F424F44593E3C2F48544D4C3E0D0A0D96
:100DC0000A0020256C642E2530336C64204742795C
:100DD000746573200020256C642E2530336C6420EC
:100DE0004D4279746573200020256C64206B427934
:100DF000746573200020256C64204279746573202B
:100E0000002C2045746865726E65743A00256C6428
:100E10002073656B00256C64206D696E2000256C65
:100E200064207374642000256C64207461676520FD
:100E300000256C642074616720003C48544D4C3E92
:100E40003C484541443E3C6D657461206874747053
:100E50002D65717569763D227265667265736822CB
:100E600020636F6E74656E743D223630303B2022F5
:100E70003E3C5449544C453E53747265616D696EF5
:100E8000673C2F5449544C453E3C2F484541443E15
:100E90003C424F4459206267636F6C6F723D22235E
:100EA0003232384232322220746578743D22234631
:100EB0004646464646223E5A6569743A20253032F7
:100EC000643A253032643A253032642E253032645B
:100ED00020282025752F25752F2530347520292CA5
:100EE00020557074696D653A200050485354415440
:100EF00032207C203078253034580D0A0050485379
:100F000054415431207C203078253034580D0A006B
:100F10005265762E494420207C20202030782530D0
:100F200032580D0A002D2D2D2D2D2D2D2D2B2D2D33
:100F30002D2D2D2D2D2D0D0A005265672E202020E0
:100F4000207C20576572740D0A00454E4332384AA2
:100F500036303A0D0A005443502D545820457272D1
:100F60006F72733A202564205443502D5258204507
:100F700072726F72733A2025642028756E736F72D7
:100F80007465642025642C206F6C64736571202562
:100F900064290D0A0D0A0045746865726E65743A1D
:100FA00020256C6420427974657320696E20256C5D
:100FB00064205061636B6574656E204C6F636B4594
:100FC00072726F727320256C640D0A007374617401
:100FD000732E63676900737461747300526573657F
:100FE0007400726573657400726573657400726570
:100FF000736574003C666F726D20616374696F6E17
:101000003D2272657365742E63676922206D657475
:10101000686F643D22676574222061636365707444
:101020002D636861727365743D2249534F2D3838C2
:1010300035392D31223E3C703E3C696E707574200E
:10104000747970653D227375626D697422206E61DA
:101050006D653D227265736574222076616C7565DD
:101060003D227265736574223E3C2F703E3C2F66B4
:101070006F726D3E0072657365742E6367690072EE
:101080006573657400646E73203C686F73746E6181
:101090006D653E0D0A004950207A75202573203D6C
:1010A0002025730D0A00646E7300444843500049C4
:1010B00050004D41534B004741544500444E5300AE
:1010C0004D41430045696E7374656C6C756E676560
:1010D0006E2075656265726E6F6D6D656E210D0AAD
:1010E000003C74723E3C746420616C69676E3D2202
:1010F0007269676874223E48617264776172652D17
:101100004D41433C2F74643E3C74643E3C696E70B8
:101110007574206E616D653D224D414322207479C6
:1011200070653D2274657874222073697A653D226A
:101130003137222076616C75653D22257322206D42
:1011400061786C656E6774683D223137223E3C2FB2
:1011500074643E3C2F74723E3C74723E3C74643E38
:101160003C2F74643E3C74643E3C696E7075742020
:10117000747970653D227375626D697422207661A1
:101180006C75653D222045696E7374656C6C756E77
:1011900067202655756D6C3B6265726E65686D657E
:1011A0006E20223E3C2F74643E3C2F74723E3C2FD6
:1011B0007461626C653E3C2F666F726D3E004D41FE
:1011C00043003C74723E3C746420616C69676E3D00
:1011D000227269676874223E444E532D53657276BD
:1011E00065723C2F74643E3C74643E3C696E70755D
:1011F00074206E616D653D22444E532220747970D7
:10120000653D2274657874222073697A653D2231C8
:1012100035222076616C75653D22257322206D6133
:10122000786C656E6774683D223135223E3C2F74C0
:10123000643E3C2F74723E00444E53003C74723E38
:101240003C746420616C69676E3D227269676874E2
:10125000223E476174657761793C2F74643E3C742B
:10126000643E3C696E707574206E616D653D224709
:101270004154452220747970653D2274657874224A
:101280002073697A653D223135222076616C75655F
:101290003D22257322206D61786C656E6774683D10
:1012A000223135223E3C2F74643E3C2F74723E0046
:1012B00047415445003C74723E3C746420616C6943
:1012C000676E3D227269676874223E4E65747A7754
:1012D00065726B6D61736B653C2F74643E3C746426
:1012E0003E3C696E707574206E616D653D224D41A6
:1012F000534B2220747970653D22746578742220E6
:1013000073697A653D223135222076616C75653DC1
:1013100022257322206D61786C656E6774683D22AA
:101320003135223E3C2F74643E3C2F74723E004D9A
:1013300041534B003C74723E3C746420616C69679D
:101340006E3D227269676874223E49502D41647275
:10135000657373653C2F74643E3C74643E3C696EF7
:10136000707574206E616D653D224950222074793C
:1013700070653D2274657874222073697A653D2218
:101380003135222076616C75653D22257322206DF2
:1013900061786C656E6774683D223135223E3C2F62
:1013A00074643E3C2F74723E004950003E3C2F74E2
:1013B000643E3C2F74723E00636865636B65640035
:1013C0006F6E003C74723E3C746420616C69676EA1
:1013D0003D227269676874223E4448435020616B25
:1013E000746976696572656E3C2F74643E3C746402
:1013F0003E3C696E70757420747970653D22636837
:1014000065636B626F7822206E616D653D22444892
:101410004350222076616C75653D226F6E2220005C
:1014200044484350003C666F726D20616374696F7D
:101430006E3D226E6574776F726B2E636769223E14
:101440003C7461626C6520626F726465723D22302B
:10145000222063656C6C70616464696E673D22353F
:10146000222063656C6C73706163696E673D223026
:10147000223E00636F6E666967003C2F7072653EA6
:101480000D0A007374617473006966636F6E666938
:1014900067003C7072653E0D0A000D0A48572D41E9
:1014A00064723A20253032783A253032783A253045
:1014B00032783A253032783A253032783A2530324F
:1014C000780D0A0D0A00444E533A25730D0A004761
:1014D0006174657761793A25730D0A004E65746D04
:1014E00061736B3A25730D0A0049503A25730D0A52
:1014F000006E6574776F726B2E636769006966634F
:101500006F6E666967004E5450004E5450534552FA
:10151000564552005554435A4F4E450045696E7327
:1015200074656C6C756E67656E2075656265726E4C
:101530006F6D6D656E210D0A003C74723E3C7464E3
:1015400020616C69676E3D227269676874223E5340
:101550004E54502D5365727665723C2F74643E3C38
:1015600074643E3C696E707574206E616D653D22D9
:101570004E54505345525645522220747970653D61
:101580002274657874222073697A653D223235228F
:101590002076616C75653D22257322206D61786C23
:1015A000656E6774683D223235223E3C2F74643E7E
:1015B0003C2F74723E3C74723E3C746420616C69D2
:1015C000676E3D227269676874223E5A6569747A53
:1015D0006F6E653C2F74643E3C74643E3C696E7073
:1015E0007574206E616D653D225554435A4F4E45CA
:1015F0002220747970653D227465787422207369A5
:101600007A653D2233222076616C75653D22257313
:1016100022206D61786C656E6774683D2233223ECE
:101620003C2F74643E3C2F74723E3C74723E3C749A
:10163000643E3C2F74643E3C74643E3C696E70753D
:101640007420747970653D227375626D697422200F
:1016500076616C75653D222045696E7374656C6CAE
:10166000756E67202655756D6C3B6265726E656898
:101670006D656E20223E3C2F74643E3C2F74723E9A
:101680003C2F7461626C653E3C2F666F726D3E004C
:10169000300074696D652E66752D6265726C696EB9
:1016A0002E6465003E3C2F74643E3C2F74723E00F5
:1016B000636865636B6564006F6E003C666F726D96
:1016C00020616374696F6E3D226E74702E6367696A
:1016D000223E0D3C7461626C6520626F72646572BB
:1016E0003D2230222063656C6C70616464696E67B2
:1016F0003D2235222063656C6C73706163696E678F
:101700003D2230223E3C74723E3C746420616C6920
:10171000676E3D227269676874223E534E545020B2
:10172000616B746976696572656E3C2F74643E3CCA
:1017300074643E3C696E70757420747970653D22E6
:10174000636865636B626F7822206E616D653D2210
:101750004E5450222076616C75653D226F6E2220BA
:10176000006E7470203C6E74707365727665723EA4
:101770000D0A004665686C65720D0A004E65756558
:10178000205A6569743A20253032643A2530326433
:101790003A253032640D0A00486F6C65205A65693D
:1017A0007420766F6E2025730D0A004665686C659F
:1017B000720D0A006E74702E636769006E7470009B
:1017C00064656C0064656C0045696E7374656C6C6F
:1017D000756E67656E2075656265726E6F6D6D659D
:1017E0006E210D0A00434D4400256420256420220B
:1017F000257322004D4D00484800434D44003C668F
:101800006F726D20616374696F6E3D2263726F6EDB
:101810002E636769223E3C7461626C6520626F7260
:101820006465723D2230222063656C6C7061646473
:10183000696E673D2235222063656C6C737061634D
:10184000696E673D2230223E3C74723E3C746420D7
:10185000616C69676E3D227269676874223E5374D9
:10186000756E64653C2F74643E3C74643E3C696EE6
:10187000707574206E616D653D2248482220747930
:1018800070653D2274657874222073697A653D2203
:1018900033222076616C75653D2230226D61786C53
:1018A000656E6774683D2233223E3C2F74643E3C73
:1018B0002F74723E3C74723E3C746420616C6967A4
:1018C0006E3D227269676874223E4D696E7574655B
:1018D0003C2F74643E3C74643E3C696E70757420A9
:1018E0006E616D653D224D4D2220747970653D22FB
:1018F00074657874222073697A653D2233222076DC
:10190000616C75653D223022206D61786C656E6773
:1019100074683D2233223E3C2F74643E3C2F747227
:101920003E3C74723E3C746420616C69676E3D227B
:101930007269676874223E436F6D6D616E643C2FFF
:1019400074643E3C74643E3C696E707574206E61D4
:101950006D653D22434D442220747970653D2274AB
:10196000657874222073697A653D22333022206DB8
:1019700061786C656E6774683D223330223E3C2F7F
:1019800074643E3C2F74723E3C74723E3C74643E00
:101990003C2F74643E3C74643E3C696E70757420E8
:1019A000747970653D227375626D69742220766169
:1019B0006C75653D222045696E747261672073699C
:1019C000636865726E20223E3C2F74643E3C2F7427
:1019D000723E3C2F7461626C653E3C2F666F726D87
:1019E0003E0D006164646E6577003C74723E3C7429
:1019F0006420616C69676E3D226C656674223E3CB2
:101A00006120687265663D2263726F6E2E6367693E
:101A10003F6164646E657722207374796C653D2242
:101A2000746578742D6465636F726174696F6E3A62
:101A30006E6F6E6522207469746C653D224164642A
:101A4000223E3C696E70757420747970653D226227
:101A50007574746F6E222076616C75653D226164C9
:101A600064206E65772063726F6E2220636C6173F1
:101A7000733D22616374696F6E42746E223E3C2F27
:101A8000613E3C2F74643E3C2F74723E3C2F746167
:101A9000626C653E0D003C74723E3C746420616C67
:101AA00069676E3D226C656674223E25733C2F7417
:101AB000643E3C746420616C69676E3D226C6566AF
:101AC00074223E3C6120687265663D2263726F6ECF
:101AD0002E6367693F64656C3D25642220737479C9
:101AE0006C653D22746578742D6465636F726174F2
:101AF000696F6E3A6E6F6E6522207469746C653D15
:101B00002244656C223E3C696E7075742074797055
:101B1000653D22627574746F6E222076616C756506
:101B20003D2264656C2220636C6173733D226163A6
:101B300074696F6E42746E223E3C2F613E3C2F747E
:101B4000643E3C2F74723E003C7461626C6520629E
:101B50006F726465723D2230222063656C6C706127
:101B60006464696E673D2235222063656C6C737016
:101B70006163696E673D2230223E0063726F6E2E94
:101B8000636769003C2F7072653E003C7072653E71
:101B90000065656D656D203C70726F746563743EA1
:101BA0007C3C756E70726F746563743E203C61643A
:101BB00064205B6E616D652076616C5D3E203C64E7
:101BC000656C205B6E616D655D3E203C7072696E78
:101BD000743E203C636C65616E3E0D0A00636C656B
:101BE000616E007072696E740064656C006164649B
:101BF00000756E70726F7465637465740D0A0057BA
:101C0000524954455F50524F54454354004F464645
:101C100000756E70726F7465637400575249544555
:101C20005F50524F54454354004F4E0070726F74D2
:101C30006563740065656D656D2E63676900656534
:101C40006D656D0048415550545354454C4C45000A
:101C5000454947454E454E554D4D45520046455325
:101C60005445485053540044555243485741484CFA
:101C7000544142005478500054656C657850686F48
:101C80006E6520506F72742025642E0D0A007478E2
:101C9000702D64656275672E636769007478702DB6
:101CA000636F6E6669672E636769007478702D6D67
:101CB00073672E636769003C62723E4475726368A5
:101CC0007761686C656E3A2025730025642C256465
:101CD0002C25642C25642C25642C25642C25642C4F
:101CE00025642C2564003C62723E46657374652051
:101CF00048617570747374656C6C653A2025640076
:101D00003C62723E48617570747374656C6C653AC0
:101D1000202564003C62723E456967656E65204E11
:101D2000756D6D6572206B6F6E6E7465206E696384
:101D300068742067652661756D6C3B6E64657274AE
:101D40002077657264656E003C62723E4569676526
:101D50006E65204E756D6D65723A202564006E6566
:101D600075652045696E7374656C6C756E67656E1C
:101D70003A203C6120687265663D227478702D635C
:101D80006F6E6669672E636769223E776569746561
:101D9000723C2F613E003C74723E3C74643E3C6970
:101DA0006E70757420747970653D227375626D690B
:101DB00074222076616C75653D222045696E7374CE
:101DC000656C6C756E67202655756D6C3B6265722F
:101DD0006E65686D656E20223E3C2F74643E3C2F1C
:101DE00074723E3C2F7461626C653E3C2F666F726C
:101DF0006D3E003C74723E3C746420616C69676E99
:101E00003D227269676874223E4475726368776127
:101E1000686C656E3A3C62723E286D6974204B6F47
:101E20006D6D61207472656E6E656E293C2F7464F1
:101E30003E3C74643E3C696E707574206E616D65E5
:101E40003D2244555243485741484C544142222078
:101E5000747970653D2274657874222073697A659F
:101E60003D223330222076616C75653D2225732238
:101E7000206D61786C656E6774683D223330223E58
:101E80003C2F74643E3C2F74723E003E3C2F7464C1
:101E90003E3C2F74723E00636865636B6564003C72
:101EA00074723E3C746420616C69676E3D22726995
:101EB000676874223E666573746520486175707446
:101EC0007374656C6C653A3C2F74643E3C74643E7C
:101ED0003C696E707574206E616D653D2246455398
:101EE0005445485053542220747970653D226368EC
:101EF00065636B626F78222076616C75653D223177
:101F00002220003C74723E3C746420616C69676EF0
:101F10003D227269676874223E48617570747374FB
:101F2000656C6C653A3C2F74643E3C74643E3C695D
:101F30006E707574206E616D653D22484155505438
:101F40005354454C4C452220747970653D2274658C
:101F50007874222073697A653D2232222076616C82
:101F600075653D22256422206D61786C656E67740D
:101F7000683D2232223E3C2F74643E3C2F74723EF8
:101F8000003C74723E3C746420616C69676E3D2253
:101F90007269676874223E456967656E65204E7593
:101FA0006D6D65723A3C2F74643E3C74643E3C69CE
:101FB0006E707574206E616D653D22454947454ED2
:101FC000454E554D4D45522220747970653D227421
:101FD000657874222073697A653D22322220766109
:101FE0006C75653D22256422206D61786C656E6795
:101FF00074683D2232223E3C2F74643E3C2F747242
:102000003E003C68323E46726564732054656C65E0
:10201000782D50686F6E652D496E746572666163C8
:10202000653C2F68323E3C68333E4772756E646C87
:102030006167653A204F70656E4D43503C2F6833A1
:102040003E3C68313E54656C657850686F6E652023
:1020500045696E7374656C6C756E67656E3C2F6850
:10206000313E3C6120687265663D22696E64657828
:102070002E68746D6C223E7A75722675756D6C3B98
:10208000636B207A7572204861757074736569742A
:10209000653C2F613E3C703E3C666F726D20616313
:1020A00074696F6E3D227478702D636F6E66696718
:1020B0002E636769223E3C7461626C6520626F72B8
:1020C0006465723D2230222063656C6C70616464CB
:1020D000696E673D2235222063656C6C73706163A5
:1020E000696E673D2230223E003C2F666F726D3E66
:1020F000003C703E45696E676162653A203C696EDE
:10210000707574206E616D653D2245696E67616210
:10211000652220747970653D22746578742220737D
:10212000697A653D223635222076616C75653D22DF
:1021300022206D61786C656E6774683D22363522A9
:102140003E3C696E70757420747970653D227375BC
:10215000626D6974222076616C75653D2220416252
:1021600073656E64656E20223E3C703E003C693EA5
:10217000447275636B206C2661756D6C3B7566747B
:10218000206E6F63682C20626974746520776172B9
:1021900074656E2E2E2E3C2F693E003C693E5665BE
:1021A0007262696E64756E6720776972642061750A
:1021B000666765626175742C206269747465207746
:1021C000617274656E2E2E2E3C2F693E004E6F6339
:1021D00068206E696368742076657262756E6465E6
:1021E0006E00456D7066616E673A3C62723E3C708F
:1021F00072653E25733C2F7072653E003C68323E2E
:1022000046726564732054656C65782D50686F6EF6
:10221000652D496E746572666163653C2F68323E58
:102220003C68333E4772756E646C6167653A204F57
:1022300070656E4D43503C2F68333E3C68313E54D0
:10224000656C657850686F6E65204E616368726971
:102250006368743C2F68313E3C6120687265663D5E
:10226000227478702D6D73672E636769223E416B0F
:102270007475616C6973696572656E3C2F613E208F
:102280003C6120687265663D22696E6465782E68DF
:10229000746D6C223E486175707473656974653C39
:1022A0002F613E3C703E3C666F726D2061637469C5
:1022B0006F6E3D227478702D6D73672E636769228F
:1022C0003E003C2F484541443E3C424F44593E006D
:1022D0003C6D65746120687474702D6571756976E4
:1022E0003D22726566726573682220636F6E746545
:1022F0006E743D2225643B2055524C3D7478702D00
:102300006D73672E636769223E003C48544D4C3E16
:102310003C484541443E3C6D65746120687474706E
:102320002D65717569763D226578706972657322D5
:1023300020636F6E74656E743D2230223E000D0A7C
:102340000045696E676162650045696E6761626537
:10235000003C703E3C6120687265663D22696E6497
:1023600065782E68746D6C223E4861757074736573
:102370006974653C2F613E3C703E003C703E457484
:102380006865726E65743A20256C642042797465C4
:102390007320696E20256C64205061636B657465E1
:1023A0006E204C6F636B4572726F727320256C6484
:1023B0000D0A003C62723E54787054687265616424
:1023C000436F756E74202F20353030203D202564FA
:1023D000003C62723E54696D65723043616C6C62A0
:1023E00061636B436F756E74202F20353030203D54
:1023F000202564003C62723E547769497372436FD2
:10240000756E74203D202564003C62723E46616C0E
:102410007363686572436F6465203D202564003CEA
:1024200062723E4C6562656E737A65696368656E5B
:102430005A6165686C6572203D202564003C6272BB
:102440003E53656E64654D61726B203D20256400CE
:102450003C62723E536572556D53656E644461749F
:10246000656E203D202564003C62723E53657255C6
:102470006D53656E644269744E72203D2025640080
:102480002025303258003C62723E50756666657297
:10249000416E7A61686C2826456D70665075666677
:1024A000657229203D202564003C62723E527568A9
:1024B000655A6165686C6572203D202564003C6248
:1024C000723E536572556D5469636B5A6165686CF1
:1024D000657253656E64203D202564003C62723E47
:1024E000536572556D5469636B5A6165686C6572AA
:1024F000456D7066203D202564003C62723E536548
:1025000072556D456D70664D61726B5A6165686C90
:10251000203D202564003C62723E536572556D4536
:102520006D70664665686C6572203D202564003CD0
:1025300062723E536572556D456D70664461746597
:102540006E203D202564003C62723E536572556DDD
:10255000456D70664269744E72203D202564003CD2
:1025600062723E427573456D70664D61726B203DBF
:10257000202564003C62723E537461747573203D83
:10258000202564003C62723E4D6F647573203D20CF
:102590002564003C62723E54696D65723043616C23
:1025A0006C6261636B5F4D6178203D202564003C67
:1025B00062723E54696D657230436E745F4D61782E
:1025C000203D202564003C62723E54696D65723086
:1025D000436E745F4D696E203D202564005D3C7044
:1025E0003E44656275674D73673A2025733C62729D
:1025F0003E005D3C62723E53656E6465546578745E
:102600003A205B003C68323E467265647320546534
:102610006C65782D50686F6E652D496E74657266B5
:102620006163653C2F68323E3C68333E4772756E8D
:10263000646C6167653A204F70656E4D43503C2F66
:1026400068333E3C68313E54656C657850686F6E07
:10265000652044656275672D496E666F733C2F680F
:10266000313E3C6120687265663D227478702D644D
:10267000656275672E636769223E416B7475616C94
:102680006973696572656E3C2F613E3C703E456DB5
:102690007066546578743A205B0054656C6E65749E
:1026A0002D41736369692D56657262696E64756E3A
:1026B00067204265656E64656E0D0A002B2B2B004A
:1026C00054656C6E65742D41736369692D5665722E
:1026D00062696E64756E672067657472656E6E748C
:1026E0000D0A0054656C6E65742D41736369692D24
:1026F00056657262696E64756E672068657267659B
:102700007374656C6C740D0A00526573657276693A
:102710006572756E672066FC722045696E7363682A
:10272000616C74756E67206B6F6E6E7465206E6978
:102730006368742076657273616E64207765726475
:10274000656E005363686C75737371756974747525
:102750006E67206F686E6520417566666F7264658E
:1027600072756E67000D0A0A646174756D3A2025F2
:102770003032752E253032752E2530347520207577
:1027800068727A6569743A20253032643A253032AD
:10279000643A253032640D0A0A0023740D6F2068F4
:1027A0006E6D0A6C726769706376657A64627379BC
:1027B000667861776A2375716B230023350D3920A4
:1027C000232C2E0A29342338303A3D332B233F273C
:1027D00036232F2D322323373128230014BE88E1DE
:1027E0000FB6F89480936000109260000FBE112421
:1027F0001FBECFEFD0E1DEBFCDBF11E0A0E0B1E062
:10280000E6E1F9EC02C005900D92A437B107D9F7C3
:102810001BE0A4E7B1E001C01D92A430B107E1F7CD
:1028200024D40C9489640C940000FC018827992717
:10283000E89421912032E9F3293010F02E30C8F3CA
:102840002B3239F02D3231F4689403C02AD1820F33
:10285000911D219120532A30C8F31EF49095819543
:102860009F4F08951F93FC0199278827BC01E89486
:1028700011911032E9F3193010F01E30C8F31B32F9
:1028800049F01D3241F4689405C0F6D0610F711D06
:10289000811D911D119110531A30B8F33EF490959B
:1028A0008095709561957F4F8F4F9F4F1F91089531
:1028B000FB01DC0104C08D910590801921F4415089
:1028C0005040C8F7881B990B0895FB01DC0102C03A
:1028D00005900D9241505040D8F70895FB01DC015E
:1028E0000D900020E9F7119705900D920020E1F777
:1028F0000895FB01DC018D91059080190110D9F339
:10290000990B0895FB01DC0105900D920020E1F781
:102910000895FC0105900020E9F7809590958E0FB1
:102920009F1F0895FB01DC014150504030F08D9114
:102930000590801919F40020B9F7881B990B0895A8
:10294000FB01DC0104C08D910190801921F44150FC
:102950005040C8F7881B990B0895FB01DC0102C0A9
:1029600001900D9241505040D8F70895DC0101C00C
:102970006D9341505040E0F70895FB01DC010D904C
:102980000020E9F7119701900D920020E1F70895DA
:10299000FB01DC018D91019080190110D9F3990B95
:1029A0000895FB01DC0101900D920020E1F70895EC
:1029B000FC0101900020E9F7809590958E0F9F1FF4
:1029C0000895FB01DC010D900020E9F711974150BB
:1029D000504028F0019000200D92C9F708951C92F4
:1029E0000895FB01DC014150504048F001900D92E8
:1029F0000020C9F701C01D9241505040E0F70895F2
:102A0000A0E0B0E0E6E0F5E10C945C647C01EB0151
:102A10008A01690109C0CE012196F6010995F701E5
:102A200081937F010150104001151105A1F7CDB729
:102A3000DEB7E8E00C947864FB019F01E894423033
:102A4000C4F04532B4F44A3029F497FB1EF4909553
:102A500081959F4F642F77270E940964805D8A3398
:102A60000CF0895D8193CB010097A1F716F45DE22C
:102A700051931082C9015FC2592F482F372F262F3B
:102A8000660F771F881F991F660F771F881F991F72
:102A9000620F731F841F951F660F771F881F991F72
:102AA00008957AE0979F902D879F802D910D112496
:102AB0000895A0E0B0E0EFE5F5E10C946264FE015A
:102AC0003596619171918091000B9091010BAF014E
:102AD0004CD02096E2E00C947E64A0E0B0E0E3E706
:102AE000F5E10C946264FE01359661917191A091BB
:102AF000000BB091010B13968C911397886013967D
:102B00008C938091000B9091010BAF012ED0E0913E
:102B1000000BF091010B2381277F23832096E2E0B5
:102B20000C947E64AEE0B0E0E8E9F5E10C946064FA
:102B30000D891E898EE08C831A8309838FEF9FE7AE
:102B40009E838D839E01275E3F4FCE0101966F8944
:102B5000788DA9010AD02F813885020F131FF80143
:102B600010822E96E4E00C947C64ABE0B0E0EBEBDA
:102B7000F5E10C9452643C012B015A01FC011782CF
:102B80001682838181FD03C06FEF7FEFB9C19AE0A8
:102B9000892E1E010894211C311CF3012381F201AE
:102BA00023FD859123FF81912F01882309F4A5C17D
:102BB000853239F423FD859123FF81912F018532E0
:102BC00021F490E0B301C7D1E8CF982FFF24EE2481
:102BD0009924FFE1FF15D0F09B3269F09C3228F474
:102BE000903259F0933291F40EC09D3249F09033F7
:102BF00069F441E024C052E0F52A84E0F82A28C0B4
:102C000098E0F92A25C0E0E1FE2A22C0F7FC29C09D
:102C1000892F80538A3070F4F6FE05C0989C902C62
:102C20001124980E15C0E89CE02C1124E80EF0E267
:102C3000FF2A0EC09E3229F4F6FC5FC140E4F42A5C
:102C400007C09C3619F450E8F52A02C0983649F4BA
:102C5000F20123FD959123FF91912F01992309F012
:102C6000B8CF892F8554833018F08052833038F4E0
:102C700044E050E0A40EB51E5FE359830FC09336C5
:102C800031F0933779F0933509F052C01FC0F50148
:102C90008081898342E050E0A40EB51E610101E00D
:102CA00010E011C0F501C080D180F6FC03C06FEFC9
:102CB0007FEF02C0692D70E042E050E0A40EB51E27
:102CC000C6012ED18C015FE7F52213C0F501C0804B
:102CD000D180F6FC03C06FEF7FEF02C0692D70E07A
:102CE00042E050E0A40EB51EC6010FD18C0150E8A1
:102CF000F52AF3FE06C018C080E290E0B3012BD1A4
:102D0000EA948E2D90E008171907B0F30DC0F60174
:102D1000F7FC8591F7FE81916F0190E0B3011BD123
:102D2000E110EA94015010400115110581F7E2C04D
:102D3000943611F0993661F5F7FE08C0F50120814F
:102D400031814281538184E090E00AC0F5018081A5
:102D500091819C01442737FD4095542F82E090E0FB
:102D6000A80EB91E9FE6F92257FF09C0509540955D
:102D7000309521953F4F4F4F5F4FE0E8FE2ACA0143
:102D8000B901A1012AE030E012D1D82ED2183FC0FB
:102D9000953729F41F2D1F7E2AE030E01DC01F2D1E
:102DA000197F9F3661F0903720F4983509F0A5C05F
:102DB0000FC0903739F0983709F09FC004C028E061
:102DC00030E00AC0106114FD146020E130E004C05E
:102DD00014FD166020E132E017FF08C0F5016081A4
:102DE00071818281938144E050E008C0F5018081C7
:102DF0009181BC0180E090E042E050E0A40EB51E5D
:102E0000A101D5D0D82ED2188FE7F82EF122F6FEE8
:102E10000BC05EEFF522D91438F4F4FE07C0F2FCC3
:102E200005C08FEEF82202C01D2D01C0192DF4FE41
:102E30000DC0FE01ED0DF11D8081803319F499EE76
:102E4000F92208C01F5FF2FE05C003C08F2D8678EF
:102E500009F01F5F0F2DF3FC13C0F0FE0EC01E150E
:102E600010F09D2C0AC09D2C9E0C911A1E2D05C0A1
:102E700080E290E0B3016FD01F5F1E15C8F304C05D
:102E80001E1510F4E11A01C0EE2404FF0EC080E309
:102E900090E0B30160D002FF1BC001FD03C088E7D2
:102EA00090E00EC088E590E00BC0802F867881F01E
:102EB00001FF02C08BE201C080E2F7FC8DE290E0EE
:102EC000B30149D005C080E390E0B30144D09A94A7
:102ED000D914C8F3DA94F101ED0DF11D808190E071
:102EE000B30139D0DD20B1F705C080E290E0B30135
:102EF00032D0EA94EE20C9F750CEF3016681778193
:102F0000CB012B96E2E10C946E64FC0105906150BC
:102F100070400110D8F7809590958E0F9F1F0895EF
:102F2000FC016150704001900110D8F78095909598
:102F30008E0F9F1F0895DC01FC01672F719177238D
:102F4000E1F7329704C07C916D9370836291AE1764
:102F5000BF07C8F308950F931F93CF93DF938C019E
:102F6000EB018B8181FF1BC082FF0DC02E813F8151
:102F70008C819D812817390764F4E881F9810193D8
:102F8000F983E88306C0E885F985802F0995892BA8
:102F900031F48E819F8101969F838E8302C00FEF53
:102FA0001FEFC801DF91CF911F910F910895FA0192
:102FB000AA27283051F1203181F1E8946F936E7F78
:102FC0006E5F7F4F8F4F9F4FAF4FB1E03ED0B4E069
:102FD0003CD0670F781F891F9A1FA11D680F791FAA
:102FE0008A1F911DA11D6A0F711D811D911DA11DBB
:102FF00020D009F468943F912AE0269F11243019CB
:10300000305D3193DEF6CF010895462F4770405D65
:103010004193B3E00FD0C9F7F6CF462F4F70405D14
:103020004A3318F0495D31FD4052419302D0A9F76F
:10303000EACFB4E0A6959795879577956795BA9569
:10304000C9F700976105710508959B01AC010A2E2F
:1030500006945795479537952795BA95C9F7620F06
:10306000731F841F951FA01D08950E94B5420E94E2
:10307000D74B0E94DB4B0E94B7560E947F43FDCF87
:10308000109269000895AC018330910554F42DB37A
:1030900081E090E002C0880F991F4A95E2F7282B43
:1030A0002DBB0895DC018330910514F08EEF089557
:1030B0006430710514F08FEF089520916900FC01D0
:1030C000EE0FFF1F83E090E00E2E02C0880F991FC5
:1030D0000A94E2F7809582238093690080916900C9
:1030E0000E2E02C0660F771F0A94E2F7862B80939C
:1030F0006900E85DFA4F51834083CD01C4DF80E071
:103100000895AC01833091055CF42DB381E090E02B
:1031100002C0880F991F4A95E2F7809582238DBBE4
:1031200008951F920F920FB60F9211242F933F9381
:103130004F935F936F937F938F939F93AF93BF93BF
:10314000EF93FF93E0912805F09129050995FF91F0
:10315000EF91BF91AF919F918F917F916F915F910F
:103160004F913F912F910F900FBE0F901F90189588
:103170001F920F920FB60F9211242F933F934F93EC
:103180005F936F937F938F939F93AF93BF93EF93CF
:10319000FF93E0912A05F0912B050995FF91EF919E
:1031A000BF91AF919F918F917F916F915F914F915F
:1031B0003F912F910F900FBE0F901F9018951F9267
:1031C0000F920FB60F9211242F933F934F935F935B
:1031D0006F937F938F939F93AF93BF93EF93FF93DF
:1031E000E0912C05F0912D050995FF91EF91BF918C
:1031F000AF919F918F917F916F915F914F913F918F
:103200002F910F900FBE0F901F901895FC01EE0F9D
:10321000FF1FEE0FFF1FE80FF91FE25DFA4F86E078
:1032200084830895613011F4845E0895673008F056
:10323000615060FD02C08FE108958EE10895A0E025
:10324000B0E0E5E2F9E10C945864EC018E849F84CF
:10325000A888B988EE84FF8408891989698570E097
:1032600080E090E020E13EE040E050E00E94EA6330
:10327000E60EF71E081F191FEE86FF86088B198BB6
:103280008CE697E098878F836E857F8588899989FA
:1032900020E831E541E050E00E943064162F072F0E
:1032A000F82EE92E6E857F858889998920E831E599
:1032B00041E050E00E9430646901612F702F8F2D32
:1032C0009E2D2CE330E040E050E00E9430646983A2
:1032D000612F702F8F2D9E2D20E13EE040E050E0C9
:1032E0000E9430642CE330E040E050E00E94306403
:1032F0002A83612F702F8F2D9E2D20E13EE040E02C
:1033000050E00E9430642B83C601049667E070E0B1
:103310000E9409648C8322C08F819885837090708D
:10332000892B99F48F81988564E670E00E94096486
:10333000892B41F48F81988560E971E00E940964CE
:10334000892B19F48EE691E002C08DE691E0C81A4F
:10335000D90A8F819885019698878F838F81988568
:1033600083709070892B99F48F81988564E670E062
:103370000E940964892B41F48F81988560E971E08E
:103380000E940964892B19F48EE691E002C08DE653
:1033900091E0C816D90608F0BFCF1E8228C08F81E1
:1033A000988583709070892B19F080E090E018C0A8
:1033B0008F81988564E670E00E940964892B19F07A
:1033C00081E090E00DC08F81988520E030E060E9D9
:1033D00071E00E940964892B11F421E030E0C901F9
:1033E0006E8120DFC81AD1088E818F5F8E838F8116
:1033F000988583709070892B19F080E090E018C058
:103400008F81988564E670E00E940964892B19F029
:1034100081E090E00DC08F81988520E030E060E988
:1034200071E00E940964892B11F421E030E0C901A8
:103430006E81F8DE90E0C816D90608F0B0CF8E8114
:103440008F5F8E838C2D8F5F8D838E81833010F400
:1034500030E007C08E8130E08B3008F031E081E051
:1034600038278D812C8190E0821B9109499754F077
:103470008C81882319F48B81823020F08E818A30F0
:1034800021F440C08E818330E9F13323D9F18B815F
:103490008F5F8B838B818831A9F51B828C818F5F35
:1034A0008C838C81873009F41C821D818F819885E3
:1034B00083709070892B19F080E090E018C08F81A4
:1034C000988564E670E00E940964892B19F081E018
:1034D00090E00DC08F81988520E030E060E971E0D8
:1034E0000E940964892B11F421E030E0C9016E814A
:1034F00099DE181721F41D828E818F5F8E838D8156
:103500008F5F8D838E869F86A88AB98ACDB7DEB7F6
:10351000ECE00C9474641F93CF93DF938091760555
:103520008F5F8093760580917605843611F011E0E7
:1035300053C010927605809177058F5F8093770551
:103540008091800590918105A0918205B0918305BD
:103550000196A11DB11D8093800590938105A093D4
:103560008205B09383058091840590918505A09193
:103570008605B09187050196A11DB11D8093840534
:1035800090938505A0938605B09387058091770574
:103590008C3311F012E020C01092770580917805ED
:1035A0008F5F80937805809178058C3311F013E05C
:1035B00013C010927805809179058F5F809379050B
:1035C00086E795E03CDE80917905883111F014E0C2
:1035D00003C01092790515E0C0E0D0E0FE01EE0FC7
:1035E000FF1FEE0FFF1FEA5AFA4F8281181750F0A3
:1035F000123018F081E0838305C013820190F081BE
:10360000E02D09952196C830D10541F720E030E042
:10361000F901EE0FFF1FEE0FFF1FEA5AFA4FDF010D
:1036200013968381813041F41C920190F081E02D4A
:10363000099520E030E006C02F5F3F4F283031056C
:1036400039F7F7CFF901EE0FFF1FEE0FFF1FE20F63
:10365000F31FE25DFA4F8481181798F08081918101
:10366000A281B3810097A105B10559F080819181B4
:10367000A281B3810197A109B10980839183A283BB
:10368000B3832F5F3F4F28303105E1F6DF91CF91B3
:103690001F9108950F931F938C011CD186E795E02D
:1036A000B80142E150E059D91BD180E090E01F9170
:1036B0000F9108950F931F938C010CD1C80166E7F9
:1036C00075E042E150E049D90BD180E090E01F91D4
:1036D0000F910895EF92FF920F931F938C01FAD0F0
:1036E000F801EE0FFF1FEE0FFF1FE00FF11FE25D6D
:1036F000FA4FE080F18002811381F2D0C7011F915F
:103700000F91FF90EF900895BF92CF92DF92EF92CA
:10371000FF920F931F936C017B01B42EDBD000E06E
:1037200010E0F601EE0FFF1FEE0FFF1FEC0DFD1D69
:10373000E25DFA4FE082F18202831383B482D0D03B
:103740001F910F91FF90EF90DF90CF90BF90089561
:10375000CF93DF93BFD0C0E0D0E0FE01EE0FFF1F9C
:10376000EE0FFF1FEC0FFD1FE25DFA4F84818630E4
:1037700031F41082118212821382B2D007C02196D6
:10378000C830D10551F7ACD0CFEFDFEFCE01DF91DC
:10379000CF9108951F93CF93DF93EC01162F9AD00A
:1037A00020E030E0F901EE0FFF1FEE0FFF1FEA5A95
:1037B000FA4F808191818C179D07A9F02F5F3F4FB1
:1037C0002830310579F720E030E0F901EE0FFF1FD6
:1037D000EE0FFF1FEA5AFA4F80819181892B31F455
:1037E000D183C08312837CD080E007C02F5F3F4F1E
:1037F0002830310551F774D08FEFDF91CF911F91B1
:10380000089520E030E0F901EE0FFF1FEE0FFF1FDB
:10381000EA5AFA4F1182108286E082832F5F3F4F6F
:103820002830310581F720E030E0F901EE0FFF1F6D
:10383000EE0FFF1FE20FF31FE25DFA4F10821182BD
:103840001282138286E084832F5F3F4F2830310538
:1038500061F71092800510928105109282051092F6
:1038600083051092840510928505109286051092AA
:10387000870510927F0586E795E0E1DC84E690E01D
:1038800060E070E003D08BE89AE159C00F931F937A
:103890008B0110928905109288052AE020938100FF
:1038A0009C0183E0220F331F8A95E1F740E050E04E
:1038B00060E074E284EF90E00E943064201B310BE2
:1038C000309389002093880082E080936F001F91DD
:1038D0000F910895EFE6F0E080818D7F8083089559
:1038E000EFE6F0E080818260808308951F920F925E
:1038F0000FB60F9211242F933F934F935F936F93C3
:103900007F938F939F93AF93BF93EF93FF93E09138
:103910008805F0918905309709F00995FF91EF919D
:10392000BF91AF919F918F917F916F915F914F91D7
:103930003F912F910F900FBE0F901F9018952091DF
:103940008805309189052817390711F481E0089519
:10395000232B11F080E008959093890580938805CA
:1039600081E00895FC0183E0EE0FFF1F8A95E1F7E7
:10397000E35CFE4F0190F081E02D09950895FC0174
:1039800093E0EE0FFF1F9A95E1F7E35CFE4F028094
:10399000F381E02D862F09950895FC0133E0EE0FA9
:1039A000FF1F3A95E1F7E35CFE4F0680F781E02DBB
:1039B000CB01BA01099508959C01FC0193E0EE0F3B
:1039C000FF1F9A95E1F7220F331FE20FF31FE35B0E
:1039D000FE4F0190F081E02D099508959C01FC01B6
:1039E00053E0EE0FFF1F5A95E1F7220F331FE20F4E
:1039F000F31FE35BFE4F0280F381E02D862F0995D4
:103A000008959C01FC0173E0EE0FFF1F7A95E1F72A
:103A1000220F331FE20FF31FE35BFE4F0480F5819B
:103A2000E02D099508959C01FC01B3E0EE0FFF1F06
:103A3000BA95E1F7220F331FE20FF31FE35BFE4F4E
:103A40000680F781E02D099508951F920F920FB619
:103A50000F9211248F93EF93FF93E1ECF0E08081BC
:103A60008F7B808310927401FF91EF918F910F9063
:103A70000FBE0F901F9018951F931FB7F894809159
:103A80008C0590918D050E94C5401FBF1F91089520
:103A90001F931FB7F89480918C0590918D050E941B
:103AA000C540892B11F480E006C080918C0590916F
:103AB0008D050E9433411FBF1F9108951F920F92E1
:103AC0000FB60F9211242F933F934F935F936F93F1
:103AD0007F938F939F93AF93BF93EF93FF938091C7
:103AE0008A0590918B050E94C540892B49F08091F1
:103AF0008A0590918B050E9433418093C6000AC0CD
:103B00008091C10080648093C1008091C1008F7D4D
:103B10008093C100FF91EF91BF91AF919F918F91E1
:103B20007F916F915F914F913F912F910F900FBEB9
:103B30000F901F9018950F931F93182F0FB7F8949D
:103B400080918A0590918B050E94C540892B31F5A3
:103B500080917401813091F480918A0590918B0558
:103B6000612F0E94DE408091C1008F7B8093C10055
:103B70008091C10080628093C10022C01093C60072
:103B80008091C10080648093C1008091C1008F7DCD
:103B90008093C10081E08093740112C0F8948091F9
:103BA0008A0590918B050E94C540409714F00FBF85
:103BB000F5CF80918A0590918B05612F0E94DE40A0
:103BC0000FBF1F910F9108951F920F920FB60F9282
:103BD00011241F932F933F934F935F936F937F9382
:103BE0008F939F93AF93BF93EF93FF931091C60072
:103BF00080918C0590918D050E94C54040973CF4C2
:103C000080918C0590918D05612F0E94DE40FF917F
:103C1000EF91BF91AF919F918F917F916F915F9144
:103C20004F913F912F911F910F900FBE0F901F90BA
:103C300018958EE895E060E170E00E9499409093BD
:103C40008D0580938C058EE995E060E170E00E941F
:103C5000994090938B0580938A051092740110927D
:103C6000C50087E68093C40088E98093C10086E0A0
:103C70008093C20008950F931F93CF93DF93EC01BD
:103C80008B012C9880E090E06AE705C0F801619113
:103C90008F0180E090E073DE2197FFEFCF3FDF07D9
:103CA000A9F783E08A9501F0E9F7C8952C9ADF918E
:103CB000CF911F910F9108951F93142F2C986F711E
:103CC000682B80E090E05BDE80E090E0612F57DEC3
:103CD00083E08A9501F0E9F7C8952C9A1F91089521
:103CE0001F93CF93DF93182FC82FD0E0C076D070EA
:103CF0008091B00590E0C817D90781F080EA6FE1A4
:103D000043E0DADF85E0D595C7958A95E1F780E84D
:103D10006FE14C2FD1DF10761093B005DF91CF917A
:103D20001F9108950F931F93182F062FD9DF80E45A
:103D3000612F402FC1DF1F910F9108950F931F93A3
:103D40008C0184EEF8016081EDDF85EEF801618180
:103D5000E9DF82EEF8016281E5DF83EEF80163813D
:103D6000E1DF80EEF8016481DDDF81EEF80165813D
:103D7000D9DF1F910F9108951F93162F2C986F7103
:103D8000682B80E090E0FBDD80E090E060E0F7DD14
:103D900017FF04C080E090E060E0F1DD93E09A95C9
:103DA00001F0E9F7C8952C9A1F9108951F93182FD9
:103DB00097DF80E0612FE0DF1F9108950F931F933D
:103DC000CF93DF93EC018B018FE1F0DF83FDFCCF1C
:103DD00082E060E0A7DF83E068E1A4DF86E06C2F8B
:103DE000A1DFC050D84E6D2F772767FD7A95C05060
:103DF000D84187E097DF8AE760E040E05DDFCE01F1
:103E0000B80139DF80E86FE140E856DF80EA6FE112
:103E100040E852DF80E86FE148E04EDFDF91CF916C
:103E20001F910F91089582E7C1DF90E008950F93ED
:103E30001F93982F8B0184ED692F74DF86ED602F1F
:103E400071DF012F110F110B87ED602F6BDF8AEEF1
:103E5000ADDF80FDFCCF1F910F91089580E090E0D1
:103E600081DD249A2C9A8FEF60E04FEF25DF8DE102
:103E70009DDF80FFFCCF1092AF051092AE0588E069
:103E800060E050DF89E060E04DDF8CE060E04ADF19
:103E90008DE060E047DF8AE06EEF44DF8BE067E1B2
:103EA00041DF84E060E03EDF85E068E13BDF88E3FE
:103EB00061EA38DF80EC6DE035DF81EC60E032DF15
:103EC00088EC63E02FDF80E862EC42E3F5DE86EC0D
:103ED00062E128DF87EC6CE025DF84EC62E122DF21
:103EE0008AEC68E51FDF8BEC62E01CDF80E160E0BC
:103EF00071E09DDF8FE1F4DE80E86BE140ECDCDE19
:103F000080E86FE144E0D8DE84E166E774E08FCFBB
:103F10000F931F93682F84ED05DF82ED61E002DFD0
:103F20008AEE44DF80FDFCCF82ED60E0FBDE88EDB1
:103F30003DDF082F10E089ED39DF382F20E0202BFE
:103F4000312BC9011F910F91089581E0E1DF969512
:103F500087959695879580958170089580EA6FE1A1
:103F60004CE0AADE80E0D4DFBC017E7F80E05FDF32
:103F700082EC1CDF682F70E06E7F82ECD3DE84EC75
:103F800065E1D0DE86EC62E1CDDE87EC6CE0CADE76
:103F900080E86FE144E090CEEF92FF920F931F9381
:103FA0007C018B012C9880E090E06AE3E8DC80E003
:103FB00090E0B801A701F1DC83E08A9501F0E9F710
:103FC000C8952C9A1F910F91FF90EF900895A0E053
:103FD000B0E0EDEEFFE10C945A64EC017B018CE162
:103FE000E5DE86FD05C089E3E1DE882309F43DC0F6
:103FF00080E06091AE0596DE6091AF0581E092DED3
:104000008AE360E0B9DE082F10E01093AF0500935B
:10401000AE058AE360E0B0DE382F20E0202B312BA4
:104020003093AF052093AE058AE360E0A5DEA82EAD
:10403000BB248AE360E0A0DE382F20E0A22AB32A66
:104040008AE360E099DE8AE360E096DECA15DB056C
:104050007CF48CE06091AE0565DE6091AF058DE08B
:1040600061DE80E86EE140E427DEAA24BB243CC088
:10407000C501B70191DF89E099DE182F00E088E0E3
:1040800095DEC82E8BE092DEF82EEE248AE08EDEDE
:10409000C82FD0E0CE29DF296091AE057091AF0521
:1040A000CB010197DD240C291D298017910718F0F9
:1040B000C817D90748F48CE06C2F34DE6D2F7727B2
:1040C00067FD7A958DE00BC061508CE02BDE20916E
:1040D000AE053091AF05215030408DE0632F22DED8
:1040E00080E86EE140E4E8DDC501CDB7DEB7EAE087
:1040F0000C94766485B1806985B984B1806B84B98C
:10410000269880E58CBD81E08DBD08958EBD0DB4EF
:1041100007FEFDCF8EB50895DC018C918EBD81E048
:1041200090E009C0FD01E80FF91FE0810DB407FE22
:10413000FDCFEEBD019686179707A0F30DB407FEDD
:10414000FDCF0895AC011EBC20E030E00BC00DB4E3
:1041500007FEFDCF1EBC8EB5FA01E20FF31F808370
:104160002F5F3F4F2617370790F30DB407FEFDCFA3
:1041700008955D988AB184628AB954980895282F69
:1041800090E080E0880F27FF02C05A9A01C05A9839
:104190005D9A4C9981605D989F5F983011F0220F75
:1041A000F1CF089520E030E013C0FC01E20FF31FCF
:1041B000E08140E0E7FF02C05A9A01C05A985D9A38
:1041C0005D984F5F483011F0EE0FF4CF2F5F3F4FF7
:1041D0002617370750F30895FC015A9880E090E0C5
:1041E00030E00BC020E0330F5D9A4C9931605D9850
:1041F0002F5F2830C1F7319301968617970790F308
:1042000008951F931092B2051092B10512E014BDEB
:104210009C01442737FD4095542F542F432F322FB4
:10422000222760E074E284EF90E00E94306427BDB2
:1042300084E085BD10936E001F9108951F920F9228
:104240000FB60F9211242F933F934F935F936F9369
:104250007F938F939F93AF93BF93EF93FF93E091DF
:10426000B105F091B205309709F00995FF91EF91F2
:10427000BF91AF919F918F917F916F915F914F917E
:104280003F912F910F900FBE0F901F901895209186
:10429000B1053091B2052817390711F48FEF089551
:1042A000232B11F080E008959093B2058093B1051F
:1042B0008FEF0895A0E0B0E0E0E6F1E20C945A64DC
:1042C0006C017B01B62EAF2C8B01025F1F4FFB01EF
:1042D0008685682F70E06F707070660F771F660FAD
:1042E000771F625F7F4FE701C60FD71F6E50704088
:1042F0008881882309F441C0883009F04AC0F80158
:1043000084859585A685B785808B918BA28BB38B91
:1043100080911B0190911C01A0911D01B0911E0183
:1043200084879587A687B78713861286C8010E945F
:10433000C23B0E940044F801938782871882198249
:104340008A81883F18F08B818F5F8B838A81885F99
:104350008A832B2D3A2DC901FC01A4E1B1E08681AD
:1043600080838D918683319621E0AA31B207B9F717
:10437000C601B7010E941D300CC08C819D818D51FA
:104380009C4A39F480911201813019F482E08093C3
:104390001201CDB7DEB7EAE00C9476649C0186305A
:1043A00091051CF0EFEFFFEF12C08FB7F894F90101
:1043B000EE0FFF1FE20FF31F93E0EE0FFF1F9A9522
:1043C000E1F7ED54FA4F0190F081E02D8FBFCF015E
:1043D00008959C01863091051CF02FEF3FEF11C02E
:1043E0008FB7F894F901EE0FFF1FE20FF31F53E0B0
:1043F000EE0FFF1F5A95E1F7ED54FA4F22893389EA
:104400008FBFC90108959C01863091051CF02FEFE4
:104410003FEF17C08FB7F894F901EE0FFF1FE20FBF
:10442000F31F93E0EE0FFF1F9A95E1F7ED54FA4F5B
:10443000138A128A20E130E0318320838FBF20E08D
:1044400030E0C9010895863091051CF02FEF3FEF51
:1044500027C02FB7F894FC01EE0FFF1FE80FF91FDC
:1044600073E0EE0FFF1F7A95E1F7ED54FA4F80816C
:104470009181892B91F01182108212821382148211
:1044800015821186108617821682138A128A118A63
:10449000108A158A148A178A168A2FBF20E030E006
:1044A000C9010895CF93DF93C0E0D0E0CE01CBDF08
:1044B0002196C630D105D1F7DF91CF9108954FB73E
:1044C000F894E3EBF5E020E030E080819181892BE6
:1044D00041F02F5F3F4F789626303105B1F72FEF2F
:1044E0003FEF4FBFC9010895EF92FF920F931F93C3
:1044F000CF93DF937B01FA01863091051CF02FEFFB
:104500003FEF30C02685C22FD0E0CF70D070CC0FE7
:10451000DD1FCC0FDD1F2E96C40FD51F8C01000FA1
:10452000111F080F191F93E0000F111F9A95E1F753
:104530000D541A4FF801808591850E9400449B8399
:104540008A83F801868197810E9400449983888339
:104550001F821E82C70108960E9400449D838C839F
:1045600020E030E0C901CDB7DEB7E6E00C947A6414
:10457000A0E0B0E0EEEBF2E20C9457645C01FEE0E8
:104580008F2E912C880E991EFC018685C82FD0E0B5
:10459000CF70D070CC0FDD1FCC0FDD1F2E96CA0D53
:1045A000DB1D7FB6F89475EBE72E75E0F72ECC2473
:1045B000DD24F701048115818A819B810E940044DA
:1045C0000817190709F046C0F7010681178188818D
:1045D00099810E94004408171907D1F1F7018681DB
:1045E0009781892BB9F580819181A281B381009750
:1045F000A105B10579F58601000F111F0C0D1D1DD8
:1046000053E0000F111F5A95E1F743EBE42E45E00C
:10461000F42EE00EF11EF40184859585A685B785FC
:10462000F70182839383A483B583888199810E9453
:104630000044F7019187808786E090E0A80EB91EBC
:10464000C80183549A4FB50146E050E00E94AD1472
:1046500096010EC00894C11CD11CE8E1F0E0EE0EFA
:10466000FF1EF6E0CF16D10409F0A3CF2FEF3FEFE6
:104670007FBEC901CDB7DEB7EDE00C947364A0E056
:10468000B0E0E5E4F3E20C9458644B01FB011685BD
:10469000CB016EDF5C01FFEF8F3F9F0709F47FC006
:1046A000012F10E00F701070000F111F000F111F6D
:1046B000025F1F4F080D191DF801848195810E942A
:1046C0000044089709F46BC0F4018685E82EFF24A6
:1046D000FFE0EF22FF24EE0CFF1CEE0CFF1C86E136
:1046E00090E0E80EF91EE501CC0FDD1FCA0DDB1DC1
:1046F00083E0CC0FDD1F8A95E1F7CD54DA4FCE88E9
:10470000DF88C114D104C1F0F801848195810E9431
:104710000044BC01C4018E0D9F1DF601099580E186
:1047200090E099838883198618861A821B821C82DE
:104730001D821B8A1A8A33C088819981409779F536
:10474000F801848195810E9400444889598908971D
:104750008417950748F4F801848195810E940044EC
:104760009C012850304001C09A01F501EE0FFF1F57
:10477000EA0DFB1DA3E0EE0FFF1FAA95E1F7ED5434
:10478000FA4F228B338B80E290E091838083E80C98
:10479000F91C84899589B701A9010E94AD14CDB790
:1047A000DEB7ECE00C947464A0E0B0E0EAEDF3E274
:1047B0000C9454644C013B018A014DB65EB686E010
:1047C000881691041CF02FEF3FEF49C00E94F62F8E
:1047D0006AE2A62EB12CA60CB71CEDB7FEB7EA19FB
:1047E000FB090FB6F894FEBF0FBEEDBFCDB6DEB627
:1047F0000894C11CD11C85E4F60186878DB79EB74D
:104800008B96B801A3010E94AD147401EE0CFF1C3D
:10481000E80CF91C43E0EE0CFF1C4A95E1F7F701A8
:10482000ED54FA4F62817381848195819301285FF1
:104830003F4F41E186010E94A633C401B301A601A6
:1048400053DEC70183549A4FB6010E94B52FC501AC
:10485000B6010E941D300E94D02F20E030E0C90137
:104860000FB6F8945EBE0FBE4DBE2096E0E10C94EC
:1048700070646F927F929F92AF92BF92CF92DF92BD
:10488000EF92FF920F931F93CF93DF936B017C0105
:10489000EA0139019FB6F89412DE5C018FEFA81689
:1048A0008FEFB80609F48CC0F501EE0FFF1FEA0D7B
:1048B000FB1DA3E0EE0FFF1FAA95E1F7ED54FA4FA1
:1048C00080E190E091838083D187C087C334D10594
:1048D00029F484E490E09783868304C0C095D09542
:1048E000D783C683A501440F551F4A0D5B1D73E096
:1048F000440F551F7A95E1F7FA01ED54FA4FC28241
:10490000D382E482F582138A128A718A608A158BB7
:10491000048B178A168A8FEFC8168FEFD8068FEF91
:10492000E8068FEFF80659F100911F011091200160
:10493000209121013091220100951095209530950C
:1049400080911B0190911C01A0911D01B0911E014D
:104950008C259D25AE25BF2580239123A223B3233B
:104960000097A105B105E9F4D701C6018023912381
:10497000A223B32380179107A207B30741F48FEF57
:1049800082878387848785878687878719C09FBEAC
:1049900043545A4FC701B6010E94F6319FB6F894AE
:1049A0000FC09FBE60912301709124018091250169
:1049B0009091260143545A4F0E94F6319FB6F894C5
:1049C0009FBEC501DF91CF911F910F91FF90EF9096
:1049D000DF90CF90BF90AF909F907F906F900895A1
:1049E00010921301089581E080931301089580913E
:1049F0004306882349F48091590690915A06892BE1
:104A000019F420E030E01CC08091EB06882349F4C3
:104A10008091010790910207892B19F421E030E081
:104A20000FC080919307882349F48091A907909142
:104A3000AA07892B19F422E030E002C02FEF3FEFE4
:104A4000C9010895AC0120E030E0F901EE0FFF1F2D
:104A5000E55CF74F80819181892B29F45183408354
:104A600020E030E007C02F5F3F4F2430310569F769
:104A70002FEF3FEFC9010895AC0120E030E0F901CC
:104A8000EE0FFF1FE55CF74F80819181841795073A
:104A900019F420E030E007C02F5F3F4F243031058C
:104AA00071F72FEF3FEFC9010895DC014FEF5FEF82
:104AB0006EE170E020E030E088EA90E0289FF001AD
:104AC000299FF00D389FF00D1124ED5BF94F848183
:104AD00095818A179B0769F480818F3051F486890C
:104AE00097898617970728F46689778980E18083FC
:104AF000A9012F5F3F4F23303105F1F6CA01089518
:104B00009C018330910510F08FEF089588EA90E0C2
:104B1000289FF001299FF00D389FF00D1124ED5BC7
:104B2000F94F808108959C0183309105A0F488EAB3
:104B300090E0289FF001299FF00D389FF00D11247F
:104B4000ED5BF94F8081803131F486A197A10E94FD
:104B50007C419C0102C02FEF3FEFC90108959C01E9
:104B600083309105A0F488EA90E0289FF001299F06
:104B7000F00D389FF00D1124ED5BF94F80818031ED
:104B800031F486A197A10E94C5409C0102C02FEF7D
:104B90003FEFC9010895A0E0B0E0E1EDF5E20C942B
:104BA0005C646C01FB01EA0137C08081813041F017
:104BB0008130A0F19F012F5F3F4F883029F503C05E
:104BC0003196219729C0018110E079010894E11CF8
:104BD000F11C88EA90E09C01C29EC001C39E900D2A
:104BE000D29E900D1124855A994FB70144E050E0B0
:104BF0000E94AD1402501040F701E00FF11F0E5F4C
:104C00001F4FC01BD10B08C0818190E0F901E80F54
:104C1000F91F3197C81BD90B209739F6CDB7DEB7EE
:104C2000E8E00C947864A0E0B0E0E9E1F6E20C94EE
:104C30005D647B018A01FA01D68428EA30E0829F14
:104C4000E001839FD00D929FD00D1124CD5BD94FF1
:104C50008EA19FA10E949B418E159F0524F4EE24F6
:104C6000EA94FE2C27C0ED2DF0E0EF70F070EE0F0F
:104C7000FF1FEE0FFF1F3E96E00FF11F24858EA150
:104C80009FA1F801468550E04F705070440F551FAA
:104C9000440F551F30E0207F3070359527953595AE
:104CA0002795420F531F425F5F4F400F511FB701BF
:104CB0000E943442C701CDB7DEB7E7E00C947964B7
:104CC000A0E0B0E0E6E6F6E20C945A64FC018EE067
:104CD000A82EB12CAE0EBF1E8685C82FD0E0CF7097
:104CE000D070CC0FDD1FCC0FDD1F2E96CE0FDF1F37
:104CF000EE24FF2488EA90E0E89E6001E99ED00C53
:104D0000F89ED00C112483E496E0C80ED91EF6015B
:104D10008081882311F102811381888199810E9409
:104D2000004408171907C9F4F601048115818A8126
:104D30009B810E9400440817190779F4F601268127
:104D4000378140855185F50184859585A685B78590
:104D5000281739074A075B0751F00894E11CF11C3A
:104D6000F3E0EF16F10431F6EE24EA94FE2CC701CD
:104D7000CDB7DEB7EAE00C947664A0E0B0E0E3ECF7
:104D8000F6E20C945864EC013EE0832E912C880EE0
:104D9000991E0E852CDE5C018FEFA8168FEFB806EA
:104DA00009F485C010E00F701070000F111F000F84
:104DB000111F025F1F4F0C0F1D1FF8018081918191
:104DC0000E9400449C0188EA90E0A89E6001A99E90
:104DD000D00CB89ED00C112493E4E92E96E0F92E65
:104DE000EC0CFD1CF70133832283F801828193814F
:104DF0000E940044F70195838483F401848595859E
:104E0000A685B785F70186839783A087B187F801C8
:104E100064817581868197810E94064460957095B2
:104E200080959095F7016287738784879587F8014D
:104E300064817581868197810E9406449B01AC0143
:104E4000F70126873787408B518B11828AE090E0EB
:104E5000978B868B108E118E128E138E6AE070E007
:104E600080E090E00E9406449B01AC01F701248F92
:104E7000358F468F578F86A197A10E947C41F801FC
:104E8000868597850E940044F701938B828B158A53
:104E9000148A2696C6018D59994FBE0146E050E00E
:104EA0000E94AD14F70186A197A10E947C41C50123
:104EB000CDB7DEB7ECE00C9474642F923F924F9222
:104EC0005F926F927F928F929F92AF92BF92DF928A
:104ED000EF92FF920F931F93DF93CF9300D000D0F8
:104EE000CDB7DEB79A838983D62E2A01790148018E
:104EF00098012E5D3F4F3C832B830A5E1F4F88EA4B
:104F000090E0E981FA81E89F3001E99F700CF89FF9
:104F1000700C112453E4A52E56E0B52EA60CB71C38
:104F2000F50186819781A085B185F401868B978BE9
:104F3000A08FB18F80911B0190911C01A0911D0148
:104F4000B0911E01F80184839583A683B7831086F0
:104F500086E0818744E2242E312C240C351CC101CB
:104F60000E940044F80193878287F501848195812E
:104F70000E940044F40193A382A3F50182819381EE
:104F80000E940044EB81FC8193838283F50162855A
:104F90007385848595850E9406449B01AC01EB8155
:104FA000FC812483358346835783F50166857785A5
:104FB000808991890E9406449B01AC01EB81FC81B0
:104FC000208731874287538780E98487D586C70148
:104FD0000E940044EB81FC8197878687118A108AA2
:104FE000138A128AF501648D758D868D978D0E94C6
:104FF00006446F5F7F4F8F4F9F4F0E9406449B0177
:10500000AC01F501248F358F468F578FC401C696AA
:1050100060E070E040E150E00E94B614F50190813C
:10502000913039F582E0EB81FC81848B84E0858BC3
:10503000968B178AF501808D918DA28DB38D009787
:10504000A105B105B9F188E0EB81FC81808F8AE090
:10505000818FB301615A794FC401CC9644E050E08E
:105060000E94AD14B301655A794F8B819C814E9695
:105070001DC0F501808D918DA28DB38D0097A10586
:10508000B105C1F088E0EB81FC81848B8AE0858BDF
:10509000B301615A794FC401C89644E050E00E94C0
:1050A000AD14B301655A794FC401CC9644E050E089
:1050B0000E94AD1420E330E0420E531EC401469618
:1050C000B2010E94C23B0E940044EB81FC81918BA3
:1050D000808B88EA90E029813A81289F7001299F7E
:1050E000F00C389FF00C1124F701ED5BF94F66814D
:1050F00077818085918546E0910184010E94A633E5
:10510000C7018D59994FB40130D7C2014696B401F9
:1051100094D70F900F900F900F90CF91DF911F9128
:105120000F91FF90EF90DF90BF90AF909F908F9086
:105130007F906F905F904F903F902F900895A6E4DE
:10514000B0E0E5EAF8E20C945D647C0183E0E816E7
:10515000F104B0F588EA90E0E89E8001E99E100D28
:10516000F89E100D11240D5B194FF80180818031DC
:1051700039F586A197A10E94C540892B09F136D740
:10518000F80186A197A10E943341D82EF80186A18B
:1051900097A10E94C540892B89F4F80186A197A1A7
:1051A0000E94C54020E830E0281B390BC70160E1B0
:1051B00040E050E08E010F5F1F4F7FDEF1D601C04F
:1051C000DD248D2DCA5BDF4FE7E00C947964A6E403
:1051D000B0E0EDEEF8E20C945A646C017B015A01E8
:1051E00083E0C816D10408F074C088EA90E0C89E35
:1051F0008001C99E100DD89E100D11240D5B194F12
:10520000F8018081803109F064C086A197A10E94D5
:10521000C540892B19F4EE24FF245EC0E7D6F801BF
:1052200086A197A10E94C540E816F90654F4F8013A
:1052300086A197A1B701A5010E94B541EE24FF24E4
:1052400022C0F80186A197A10E94C5408C01EE24DE
:10525000FF2416C088EA90E0C89EF001C99EF00DB8
:10526000D89EF00D1124ED5BF94F86A197A10E9405
:105270003341F501EE0DFF1D80830894E11CF11C04
:10528000E016F1063CF388EA90E0C89E8001C99ED2
:10529000100DD89E100D11240D5B194FF80186A139
:1052A00097A10E94C540803491058CF4F80186A135
:1052B00097A10E94C54020E830E0281B390BC601A9
:1052C00060E140E050E08E010F5F1F4FF6DD68D6D1
:1052D00003C0EE24EA94FE2CC701CA5BDF4FEAE06C
:1052E0000C947664A6E4B1E0E8E7F9E20C94526429
:1052F0002C013B01180183E04816510408F0D7C087
:1053000088EA90E0489EF001499EF00D589EF00D0D
:105310001124ED5BF94F8081803109F0C8C0222350
:1053200049F0213009F0C3C0DE01A95BBF4F8824DA
:1053300099241AC0DE01A95BBF4F8824992408C0B4
:10534000FA01E80DF91D80818D930894811C911C50
:1053500086149704ACF30BC0FA01E80DF91DE49133
:10536000ED930894811C911C86149704ACF33ED6EF
:1053700088EA90E0489E7001499EF00C589EF00C1F
:105380001124E3E4F6E0EE0EFF1EF70186A197A1DB
:105390000E94C54060E8C62ED12C9601281B390B0F
:1053A000C20168E1A3015E010894A11CB11C850142
:1053B00084DDF70186A197A10E94C540C81AD90AC9
:1053C000C20160E140E050E0960177DDF70182859F
:1053D0009385A485B5855401CC24B7FCC094DC2CFE
:1053E0008A0D9B1DAC1DBD1D82879387A487B58741
:1053F000758A648AD5D50E94A81B8C01FFEF8F3F68
:105400009F0709F454C0121413041CF06CE070E000
:1054100007C083E02816310434F4C80168EC70E05A
:1054200041E00E94841BE2D5C8010E946A1B892BBF
:1054300039F5C8010E94061988EA90E0489EF001FB
:10544000499EF00D589EF00D1124ED5BF94F8285B9
:105450009385A485B5858A199B09AC09BD09828706
:105460009387A487B5878091750190917601019605
:10547000909376018093750166246A94762C15C00A
:1054800088EA90E0489EF001499EF00D589EF00D8C
:105490001124ED5BF94F84899589892B21F4C8018A
:1054A0000E94061902C07CD5BECF7AD503C06624FF
:1054B0006A94762CC301CA5BDE4FE2E10C946E6401
:1054C000A6E4B0E0E6E6FAE20C945C646C0183E0EA
:1054D000C816D10408F09EC088EA90E0C89EF0018A
:1054E000C99EF00DD89EF00D1124ED5BF94F80811F
:1054F000803109F08FC00E94A81B8C019FEF0F3FE5
:10550000190709F487C0C80168EC70E041E00E9407
:10551000841B88EA90E0C89E7001C99EF00CD89E5A
:10552000F00C1124E3E4F6E0EE0EFF1EF70181819A
:10553000882331F5C8010E946A1B892B09F1C80133
:105540000E94061953D5F70186A197A10E94C54074
:1055500020E830E0281B390BC60161E140E050E053
:105560008E010F5F1F4FA9DC81E7F701808318D5FB
:105570000E94A81B8C01FFEF8F3F9F07C1F44AC018
:10558000C8010E946A1B892B21F688EA90E0C89E18
:10559000F001C99EF00DD89EF00D1124ED5BF94F7E
:1055A000178A168A1082C8010E94061933C068EC57
:1055B00070E041E00E94841B19D588EA90E0C89E03
:1055C000F001C99EF00DD89EF00D1124ED5BF94F4E
:1055D0008081882329F4C8010E946A1B892B99F4D1
:1055E000C8010E946A1B892B99F488EA90E0C89E42
:1055F000F001C99EF00DD89EF00D1124ED5BF94F1E
:10560000178A168A1082C8010E940619C9D402C0DE
:10561000C7D4D2CFCA5BDF4FE8E00C947864A4E033
:10562000B0E0E5E1FBE20C9453643C015B015A837A
:105630004983522E8330910508F071C088EA90E0CA
:10564000689EF001699EF00D789EF00D1124ED5BCF
:10565000F94F8081803109F062C0CB0160E071E0D8
:105660000E941D647B01C980DA80882499241C82F1
:105670001B821EC081E0851508F45AC0C30160E09A
:1056800071E0432D542D252D0B811C812BDE8F5F66
:105690009F4F39F48B819C8101969C838B83039768
:1056A00049F70894811C911CE0E0F1E0CE0EDF1E6A
:1056B0008E149F042CF43C2C4D2C1C821B82DACFC0
:1056C0008B819C81039749F1AA2019F1C50160E003
:1056D00071E00E941D646C01F82CEE24E981FA81CE
:1056E000EE0EFF1E1C821B82F1E0F51500F1C301D6
:1056F000B601A701252D0B811C81F4DD8F5F9F4F23
:1057000041F48B819C8101969C838B83039729F0C4
:10571000EBCFEB81FC81339729F4C301D1DEAA24BE
:10572000AA94BA2CC5012496E1E10C946F64FFCFD2
:10573000FFCFA6E4B0E0EFE9FBE20C945C6480915B
:105740001301813009F05BC0CC24DD2488EA90E0AD
:10575000C89E7001C99EF00CD89EF00C112483E401
:1057600096E0E80EF91EF70186899789892B89F161
:105770008081882371F1868997890197978B868B21
:10578000868997890A97A1F486A197A10E94C540AE
:1057900020E830E0281B390BC60161E140E050E011
:1057A0008E010F5F1F4F89DB81E7F70180831FC0E8
:1057B000F70186899789892BD1F4C60164E040E01E
:1057C00050E020E030E08E010F5F1F4F76DBF701E5
:1057D0000BC088EA90E0C89EF001C99EF00DD89EEB
:1057E000F00D1124ED5BF94F178A168A1082089488
:1057F000C11CD11CF3E0CF16D10409F0A7CFCA5BBE
:10580000DF4FE8E00C947864A0E0B0E0EAE0FCE26E
:105810000C9452641B018B01025F1F4FFB018685B4
:10582000682E7724FFE06F227724660C771C660CC5
:10583000771C8EE090E0680E791E620C731CC1012B
:105840003FDA2C01F301858583718587FFEF4F16C1
:10585000FFEF5F0651F4F301828193810E940044BF
:105860000BD98F5F9F4F09F447C3F3018485C82F7D
:10587000D0E0C07FD070D595C795D595C795649772
:105880008585823009F04CC0C10177DA8C01FFEFC9
:105890008F3F9F0709F430C3B3016C5E7F4FAE01A9
:1058A0007AD988EA90E0089F7001099FF00C189F50
:1058B000F00C112483E496E0E80EF91E81E0F70174
:1058C0008083F301868597850E940044F701938BBE
:1058D000828B86859785A089B1890196A11DB11D0E
:1058E00086879787A08BB18BC80162E140E050E0CA
:1058F00020E830E08101E1DAF70182859385A48513
:10590000B5850196A11DB11D82879387A487B587B0
:1059100084E0808311828AE090E0978B868BECC2D2
:10592000FFEF4F16FFEF5F0609F4E6C288EA90E04A
:10593000489E4001499E900C589E900C112483E48F
:1059400096E0880E991E8EE190E0F401978B868B8D
:10595000B3016C5E7F4FC201AE011DD9F301858595
:10596000823191F560857185828593850E94064418
:105970009B01AC01F4012287338744875587F301EB
:1059800064817581868197810E9406449B01AC01E8
:10599000F40126873787408B518B86859785A089B0
:1059A000B1890196A11DB11D86879787A08BB18B08
:1059B000F301868597850E940044F401938B828BC6
:1059C00080E18083118298C2F801828193810E94D4
:1059D000BE3BF3014485F101268530E02F70307025
:1059E000220F331F220F331F50E0407F5070559518
:1059F000479555954795EC01C21BD30BC41BD50B9E
:105A00005E01CC24DD24F40186A197A10E949B4174
:105A1000AA2797FDA095BA2F8A159B05AC05BD0551
:105A20000CF46AC2A114B104C104D10409F436C152
:105A3000F401E684F78400891189F301648175819A
:105A4000868197810E940644E616F7060807190723
:105A500009F090C0C201BE01A101E5D88F5F9F4F40
:105A600081F0F30164817581868197810E940644EB
:105A70006A0D7B1D8C1D9D1DF40166877787808BC9
:105A8000918B88EA90E0489EE001499ED00D589E97
:105A9000D00D1124CD5BD94F8EA19FA10E94C5408E
:105AA000A0E88A2E912C9401281B390BC20160E1D9
:105AB00040E050E0810101DA80914508909146086C
:105AC0008415950509F051C0609143087091440810
:105AD0006115710509F449C08E859F85A889B9892A
:105AE0009B0140E050E0820F931FA41FB51FE09080
:105AF0004708F09048080091490810914A082E0D77
:105B00003F1D401F511F82179307A407B50721F5BA
:105B10008EA19FA14BE458E00E9434428091470837
:105B200090914808A0914908B0914A08A80EB91E62
:105B3000CA1EDB1EAE86BF86C88AD98A8EA19FA1E7
:105B40000E94C540881A990AC20160E140E050E015
:105B500094018101B2D909C08091770190917801B7
:105B600001969093780180937701109244081092E7
:105B7000430894C0F401E684F78400891189F30195
:105B800064817581868197810E940644EA0CFB1C22
:105B90000C1D1D1DA60EB71EC81ED91EAE14BF04B7
:105BA000C006D10660F5F401C684D784E088F18888
:105BB000F30184819581A681B781F4018687978757
:105BC000A08BB18B86A197A10E94C54020E830E050
:105BD000281B390BC20160E140E050E081016DD922
:105BE000F401C686D786E08AF18A80917901909186
:105BF0007A01019690937A01809379014FC0809148
:105C0000430890914408892B09F03FC0F301848533
:105C1000F101068510E00F701070000F111F000FCA
:105C2000111F90E0807F9070959587959595879549
:105C3000080F191F025F1F4FF30164817581868170
:105C400097810E94064460934708709348088093A8
:105C5000490890934A085092460840924508020D20
:105C6000131D8BE498E0B801AE010E94AD14D093EF
:105C70004408C093430880917B0190917C01019678
:105C800090937C0180937B0109C080917701909172
:105C9000780101969093780180937701F3018585CF
:105CA000813009F095C088EA90E0489EE001499E65
:105CB000D00D589ED00D1124CD5BD94F88818237ED
:105CC000F9F464817581868197810E9406446F5F33
:105CD0007F4F8F4F9F4F6E877F87888B998B8EA1C9
:105CE0009FA10E94C54020E830E0281B390BC2016B
:105CF00060E140E050E08101E0D81F8A1E8A1882EE
:105D000088EA90E0489EE001499ED00D589ED00D53
:105D10001124CD5BD94F8881813709F5F301648166
:105D20007581868197810E9406446F5F7F4F8F4FF8
:105D30009F4F6E877F87888B998B8EA19FA10E9432
:105D4000C54020E830E0281B390BC20160E140E08B
:105D500050E08101B2D81F8A1E8A188222C0888131
:105D60008031F9F4F30160857185828593850E9405
:105D700006446F5F7F4F8F4F9F4F6A877B878C876B
:105D80009D878EA19FA10E94C54020E830E0281B7E
:105D9000390BC20161E140E050E081018ED882E719
:105DA000888388EA90E0489EF001499EF00D589E55
:105DB000F00D1124ED5BF94F82859385A485B5859F
:105DC0000196A11DB11D82879387A487B58794C0D2
:105DD000F3018585813109F05AC088EA90E0489E38
:105DE000E001499ED00D589ED00D1124CD5BD94FB6
:105DF0008881813751F564817581868197810E9400
:105E000006446F5F7F4F8F4F9F4F6E877F87888BD2
:105E1000998BF30160857185828593850E94064484
:105E20009B01AC012A873B874C875D878EA19FA190
:105E30000E94C54020E830E0281B390BC20160E118
:105E400040E050E0810139D83BC08881803109F0C1
:105E500053C0F30164817581868197810E94064455
:105E60006F5F7F4F8F4F9F4F6E877F87888B998B98
:105E70008EA19FA10E94C54020E830E0281B390B6D
:105E8000C20161E140E050E0810117D820C0F30178
:105E90008585803189F588EA90E0489EE001499E39
:105EA000D00D589ED00D1124CD5BD94F8881843000
:105EB00021F48FE0888319821FC08881823721F402
:105EC0001F8A1E8A188218C08881813719F482E7D8
:105ED000888312C0EA84FB840C851D85F3016085EC
:105EE0007185828593850E940644E616F7060807A9
:105EF000190711F41D8A1C8ACDB7DEB7E2E10C94B4
:105F00006E640F931F93CF93DF9389E99BE262E066
:105F10000E94CA1B10924408109243080E94F32466
:105F2000C0E0D0E088EA90E0C89F8001C99F100DD2
:105F3000D89F100D1124C8018559994F60E870E071
:105F40000E9499400D5B194FF80197A386A3178A09
:105F5000168A1082CE01B4DA2196C330D10511F72A
:105F6000DF91CF911F910F910895AC01FB0188E063
:105F700090E095878487DB0120E030E0F901EC5E5A
:105F8000FE4F808116968C931697FA01E20FF31F4D
:105F900080818D932F5F3F4F2630310579F708952B
:105FA0001F9380911A01813061F41FB7F894109209
:105FB0001A0182E090E00E9443180E94F3241FBF60
:105FC00013C080917D0190917E01A0917F01B091DD
:105FD00080010196A11DB11D80937D0190937E01EA
:105FE000A0937F01B09380011F9108951F9380912A
:105FF0001A01882369F41FB7F89481E080931A018D
:106000000E94F02482E090E00E9481181FBF13C01C
:1060100080917D0190917E01A0917F01B0918001DE
:106020000196A11DB11D80937D0190937E01A093E7
:106030007F01B09380011F910895EF92FF920F931B
:106040001F9320914B0930914C0940914D0950917B
:106050004E092F5F3F4F4F4F5F4F20934B093093B7
:106060004C0940934D0950934E097C010027F7FCE1
:106070000095102F20914F093091500940915109FE
:10608000509152092E0D3F1D401F511F20934F0963
:106090003093500940935109509352090E94DE1EDB
:1060A0001F910F91FF90EF9008950C94E71F0895B2
:1060B000A8E5B2E0EEE5F0E30C9462640E942E1FC6
:1060C00084E191E00E949E1E88E592E0BE016F5F30
:1060D0007F4FEBDF892BC1F782E090E060E070E05A
:1060E0004AE750E30E9452185BDFC85ADD4FE2E0F6
:1060F0000C947E64A8E5B2E0E0E8F0E30C945E6402
:1061000088E592E07E010894E11CF11CB701CDDF27
:106110008C01009709F43EC080914B0990914C0985
:10612000A0914D09B0914E090196A11DB11D80931A
:106130004B0990934C09A0934D09B0934E099801D7
:10614000442737FD4095542F80914F099091500975
:10615000A0915109B0915209820F931FA41FB51F3E
:1061600080934F0990935009A0935109B09352091D
:106170008D859E850E94004428E08030920739F08A
:106180008650984039F4C801B701A1D003C0C801B6
:10619000B7012CD3C85ADD4FE6E00C947A648091A5
:1061A0005D09882319F0815080935D098091680909
:1061B000882319F081508093680908950F931F93E5
:1061C000CF93DF93EC0189018230910514F080E0D8
:1061D00033C08BE090E0C89F9001C99F300DD89FDD
:1061E000300D1124F901ED5AF64F80819181A28181
:1061F000B381FB0180839183A283B383D901A95A20
:10620000B64F20E030E0FA01E20FF31F8D9180835A
:106210002F5F3F4F26303105B1F78BE090E0C89FEC
:10622000F001C99FF00DD89FF00D1124ED5AF64FE3
:106230008285F801808381E0DF91CF911F910F91DA
:1062400008950F931F93CF93DF93DC01162F072F31
:106250008DB79EB740970FB6F8949EBF0FBE8DBF07
:10626000EDB7FEB73196CDB7DEB76983718380E7AE
:1062700090E0938382838C918483158211968C9114
:1062800011978683178212968C91129780871186B8
:1062900013968C9113978287138614968C9114977A
:1062A0008487158615968C91868717860E9492158D
:1062B0008DB79EB740960FB6F8949EBF0FBE8DBFA8
:1062C000812F902FDF91CF911F910F910895A0E022
:1062D000B0E0EDE6F1E30C945C647C018B01D62E1A
:1062E000C12EEB012E968E819F810E940044813049
:1062F000910521F0029709F074C051C0288D398DA5
:106300004A8D5B8D80911B0190911C01A0911D0114
:10631000B0911E01281739074A075B0709F061C0D1
:1063200082E090E00E9400449F838E83FE0190E013
:106330008085828B9F5F31969A30D1F780911401CE
:106340008887809115018987809116018A878091BD
:1063500017018B87809118018C87809119018D8797
:1063600080911B0190911C01A0911D01B0911E0113
:106370008E879F87A88BB98B2D2D3C2DC901FC01E1
:10638000A4E1B1E0868180838D918683319681E09E
:10639000AA31B807B9F7C701B8014FDE22C0E3E55B
:1063A000F9E020813181428153818E859F85A889C2
:1063B000B989281739074A075B0771F48EE182878C
:1063C00088858483898585838A8586838B85878371
:1063D0008C8580878D8581873B9689E0E936F80733
:1063E00001F7CDB7DEB7E8E00C947864A0E0B0E048
:1063F000ECEFF1E30C9454646B017C013A014DB66F
:106400005EB630915D09332381F0809153099091FC
:106410005409A0915509B09156098C159D05AE05FA
:10642000BF0519F420E030E013C020916809222351
:1064300039F180915E0990915F09A0916009B09156
:1064400061098C159D05AE05BF05D1F421E030E052
:106450008BE090E0289FD001299FB00D389FB00DB0
:106460001124A95AB64F20E030E0F301E20FF31FE8
:106470008D9180832F5F3F4F26303105B1F7CDC01E
:10648000332329F420E030E040E050E009C022232B
:1064900019F08824992414C021E030E041E050E054
:1064A0008BE090E0289FF001299FF00D389FF00DC0
:1064B0001124ED5AF64FC082D182E282F3824A0162
:1064C0008DB79EB78A970FB6F8949EBF0FBE8DBF4B
:1064D000ADB6BEB60894A11CB11C0DB71EB7015FC6
:1064E0001F4F81E090E00E940044F8019183808377
:1064F00080E098E00E940044F8019383828386E064
:10650000848384E0858381E090E00E940044F80168
:1065100097838683128A138A148A158A168A178AA1
:10652000C08ED18EE28EF38E80911401808780918F
:1065300015018187809116018287809117018387D9
:1065400080911801848780911901858780911B01B2
:1065500090911C01A0911D01B0911E018687978723
:10656000A08BB18BA4E1B1E0F5018FEF80838D9119
:106570008683319681E0AA31B807B9F786E098E0C2
:106580000E940044F501958784878AE290E0B50176
:1065900054DD0E94A81B082F90E064E670E041E003
:1065A0000E94841B8BE090E0889E9001899E300DB4
:1065B000989E300D1124F901ED5AF64F82858823FB
:1065C000A1F0D901A95AB64F20E030E0F301E20F63
:1065D000F31F8D9180832F5F3F4F26303105B1F738
:1065E000802F90E00E94061918C0802F90E00E9432
:1065F0006A1B892B39F4802F90E00E94061921E054
:1066000030E00DC0802F90E00E946A1BC29751F6C7
:106610008AE290E0B50111DDC5CF20E030E0C9018C
:106620000FB6F8945EBE0FBE4DBE2096E0E10C940E
:10663000706410925D09109268098FEC90E362E03B
:106640000C94CA1B0F931F93142F052F2DB73EB721
:106650002C5030400FB6F8943EBF0FBE2DBFEDB7A3
:10666000FEB73196ADB7BEB711964C9351832EE865
:1066700030E0338322836483158276831782808798
:106680001186928713860E9492152DB73EB7245F1C
:106690003F4F0FB6F8943EBF0FBE2DBF812F902FF6
:1066A0001F910F910895A0E0B0E0E9E5F3E30C94A9
:1066B00056643C010E94D8144C01C0E0D0E0AA24EA
:1066C000BB24CC24DD24760122C083010C0F1D1FC6
:1066D000C8010E9415149C01F80180818E3221F4BA
:1066E0000894A11CB11C05C021963196C815D90586
:1066F000A0F3FE2CED2CDC2CCC24C901AA2797FD9D
:10670000A095BA2FC82AD92AEA2AFB2A2196C815A9
:10671000D90528F083E0A816B10469F405C084E027
:10672000A816B10490F207C0C701B6010E94064442
:106730009B01AC0104C020E030E040E050E0B90132
:10674000CA01CDB7DEB7EEE00C9472649F92AF92AF
:10675000BF92CF92DF92EF92FF920F931F935B0154
:106760006C01942EC9017801025F1F4F25E4F701E7
:106770002687F801118244960E940044F801938311
:1067800082838CEA9DE19583848380E486831782EB
:10679000808791861386128680911B0190911C013F
:1067A000A0911D01B0911E0184879587A687B787A8
:1067B000A08AB18AC28AD38AF701668570E06F70B9
:1067C0007070660F771F660F771FC801DBD70E94B6
:1067D0000044F801938782871F910F91FF90EF90FB
:1067E000DF90CF90BF90AF909F900895CF93DF93AD
:1067F000EC01FB013E9681858630C9F0813161F163
:10680000813069F5208931894289538980911B0142
:1068100090911C01A0911D01B0911E01281739070C
:106820004A075B07E1F4CE010E945A2118C0208973
:1068300031894289538980911B0190911C01A0915B
:106840001D01B0911E01281739074A075B0739F46B
:10685000CE010E94042C03C0CE010E943F23DF9191
:10686000CF9108951F93CF93DF93182FE901A0E0F4
:10687000B0E0FE01EA0FFB1F80818F3F69F0CD0180
:106880000196FE01E80FF91F2081DC011196A20F8D
:10689000B11DA036B1056CF3153389F0163330F411
:1068A000123321F1133309F0B1C020C0173309F4BA
:1068B00054C01733A8F01D3309F0A8C06AC0FE0108
:1068C000EA0FFB1F1083CD010196FE01E80FF91FAF
:1068D00021E020830196FE01E80FF91F408394C058
:1068E000FE01EA0FFB1F86E3808304C0FE01EA0F6E
:1068F000FB1F10839D012F5F3F4FFE01E20FF31F2F
:1069000084E080832F5F3F4FFE01E20FF31F40833F
:106910002F5F3F4FFE01E20FF31FBB2777FDBA95B4
:10692000A72F962F852F80832F5F3F4FFE01E20F09
:10693000F31FCB01BB2797FDB095AB2F80832F5F53
:106940003F4FFE01E20FF31F872FBB2787FDB09556
:106950009B2FAB2F8083D90158C0FE01EA0FFB1F8C
:106960001083CD010196FE01E80FF91F33E030835B
:106970000196FE01E80FF91F21E020830196FE0138
:10698000E80FF91F30830196FE01E80FF91F26E09A
:106990003AC0FE01EA0FFB1F1083CD010196FE01F4
:1069A000E80FF91F27E020830196FE01E80FF91F89
:1069B00021E020830196FE01E80FF91F20911401C8
:1069C00020830196FE01E80FF91F20911501208315
:1069D0000196FE01E80FF91F209116012083019610
:1069E000FE01E80FF91F2091170120830196FE0197
:1069F000E80FF91F2091180120830196FE01E80F8E
:106A0000F91F209119012083DC011196CA0FDB1FA9
:106A10008FEF88839D012F5F3F4FC901DF91CF9199
:106A20001F910895CF93DF93EC0181E088838983E0
:106A300086E08A831B82CE01049666E171E044E021
:106A400050E00E94AD14198618861B861A861C8693
:106A50001D861E861F86188A198A1A8A1B8A1C8A16
:106A60001D8A1E8A1F8A188E198E1A8E1B8E80917F
:106A700014018C8F809115018D8F809116018E8F5E
:106A8000809117018F8F8091180188A3809119013F
:106A900089A3FE01BC9680E090E0119201968034BB
:106AA0009105D9F7FE01E459FF4F80E090E0119283
:106AB000019680389105D9F7C451DF4F83E692E8FB
:106AC000A3E5B3E688839983AA83BB83CC5ED040D9
:106AD000FE01E051FF4F80E090E011920196803678
:106AE0009105D9F7C051DF4F8FEF8883DF91CF91A8
:106AF0000895A0E0B0E0EFE7F5E30C9453647B0168
:106B00009C0158E0452E512C480E591E44E0642E3D
:106B1000712C680E791E9CE0892E912C820E931E9A
:106B200084E1A82EB12CA20EB31EB0E1CB2ED12C45
:106B3000C20ED31E20E030E03324F701E20FF31F32
:106B4000E081EF3F09F459C0E9012196E630F9F000
:106B5000E73030F4E13059F0E33009F041C00FC0C4
:106B6000E533A9F1E63359F1E333D1F520C08E01C5
:106B70000F5F1F4FB701600F711FC2010FC08E0161
:106B80000F5F1F4FB701600F711FC30107C08E0158
:106B90000F5F1F4FB701600F711FC40144E050E049
:106BA0000E94AD14CE0DDF1D8881980120C08E019A
:106BB0000F5F1F4FB701600F711FC501EFCF8E012F
:106BC0000F5F1F4FB701600F711FC601E7CFF701BD
:106BD000EC0FFD1F31809E012F5F3F4F808107C06A
:106BE000F701EC0FFD1F80819E012F5F3F4F280FA3
:106BF000311D203631050CF4A0CF832DCDB7DEB783
:106C0000E1E10C946F64A0E0B0E0E9E0F6E30C94FD
:106C10005A645C018B017A01CB0104DF60EFC62E60
:106C2000D12CC00ED11E85E343E050E060E070E05F
:106C3000960118DED70150964D915D916D917C9132
:106C4000539786E396010EDEF701448955896689DC
:106C5000778983E3960106DED7014D915D916D91B1
:106C60007C9182E39601FEDD8DE340E050E060E040
:106C700070E09601F7DD87E340E050E060E070E00F
:106C80009601F0DDC50160E571E0A8010E94D42302
:106C90000E94A81BEC01BFEF8F3F9B07F9F068EE45
:106CA00073E041E00E94841BC5010E94CE218097C1
:106CB00051F4CE010E940619C701B6011ADF282F30
:106CC000853039F10EC0CE010E946A1B892B61F715
:106CD000CE010E940619C5010E9423222FEF3FEF2B
:106CE0004BC000D000D0EDB7FEB7319686EB90E0F8
:106CF000ADB7BEB712969C938E93119722831382E1
:106D00000E946D152FEF3FEF0F900F900F900F9097
:106D100033C0F70180819181A281B38180931B01EF
:106D200090931C01A0931D01B0931E018085918555
:106D3000A285B38580931F0190932001A093210128
:106D4000B093220184819581A681B781809323012C
:106D500090932401A0932501B09326018485958505
:106D6000A685B7858093270190932801A0932901D8
:106D7000B0932A0120E030E0C901CDB7DEB7EAE0E8
:106D80000C947664A0E0B0E0E8ECF6E30C94586470
:106D90005C01162F072F942E852EC62ED72E862FF8
:106DA000972F40DE70EFE72EF12CEC0CFD1C85E3F5
:106DB00041E050E060E070E0970154DD83E34FEF85
:106DC0005FEF6FE070E097014DDD8DE340E050E054
:106DD00060E070E0970146DD87E340E050E060E06E
:106DE00070E097013FDDC50160E571E0412F502F54
:106DF0000E94D4230E94A81B8C018FEF0F3F18071D
:106E000011F1C80168EE73E041E00E94841BC501E6
:106E10000E94CE21809761F4C92DD82DC8010E940F
:106E20000619CE01B70165DE282F823039F10EC078
:106E3000C8010E946A1B892B51F7C8010E940619DC
:106E4000C5010E9423222FEF3FEF26C000D000D0C3
:106E5000EDB7FEB731968AE990E0ADB7BEB71296AE
:106E60009C938E931197228313820E946D152FEFAE
:106E70003FEF0F900F900F900F900EC0F60180899A
:106E80009189A289B38988839983AA83BB83C50129
:106E90000E94032220E030E0C901CDB7DEB7ECE06C
:106EA0000C9474644F925F927F928F929F92AF92F4
:106EB000BF92CF92DF92EF92FF920F931F93DF93D7
:106EC000CF93CDB7DEB74DB65EB6A0901B01B090A4
:106ED0001C01C0901D01D0901E0110921B01109248
:106EE0001C0110921D0110921E018DB79EB748978C
:106EF0000FB6F8949EBF0FBE8DBF0196882E792ED7
:106F00008DB79EB7805591400FB6F8949EBF0FBEC7
:106F10008DBFEDB7FEB73196EE2E9F2E6FEF7FEF50
:106F20008FEF9FEF43E450E020E531E08F010E94B6
:106F300039248C019FEF0F3F1907D9F0EAE0FE2EAC
:106F4000C8016E2D792D482D572D1CDFFF2031F003
:106F5000FA9421F08F5F9F4F99F30EC08F5F9F4F80
:106F600059F4A0921B01B0921C01C0921D01D09255
:106F70001E012FEF3FEF0EC0C8016E2D792D482D59
:106F8000572D41DE8F5F9F4F61F3C8010E9423227E
:106F900020E030E0C9010FB6F8945EBE0FBE4DBED2
:106FA000CF91DF911F910F91FF90EF90DF90CF90E5
:106FB000BF90AF909F908F907F905F904F9008957B
:106FC000AAE1B0E0E6EEF7E30C945B64B22E611543
:106FD00071058105910579F44115510509F470C0D9
:106FE000CA01ADD06F3F2FEF72072FEF82072FEF4F
:106FF000920709F465C045E250E024E030E07E01EC
:107000000894E11CF11C87010E9439246C018FEF68
:10701000C8168FEFD80609F453C0C60160E070E0CF
:10702000A7010E94D4230E94A81B7C012FEF8F3F51
:10703000920709F445C064EF71E041E00E94841BAF
:10704000C6010E94CE21809761F5C7010E946A1B8C
:10705000892B39F1C6010E94E92104973CF1FE0118
:107060003496DE01159680818D933197EC17FD07DC
:10707000D1F78E01075F1F4FC8010E945A1B8D81F7
:107080009E81AF81B8858F8B988FA98FBA8FBA8A6E
:10709000C8010E941F19C8010E944A1B00E010E0AD
:1070A00007C0C7010E946A1B892B51F60FEF1FEF23
:1070B000C7010E940619C6010E942322980102C03E
:1070C0002FEF3FEFC9016A96E9E00C947764EF92E5
:1070D000FF920F931F93CF93DF938C017B010E944C
:1070E000D814BC0161507040D701A80FB91FE80146
:1070F000C60FD71F40E050E00EC028812E3221F489
:107100004C9340E050E003C02C934F5F5F4F6150C1
:10711000704011972197FB01319677FFEECFEE0D6E
:10712000FF1D4083E80EF91EF70111829C012F5FBD
:107130003F4FC901CDB7DEB7E6E00C947A64A0E01A
:10714000B0E0E5EAF8E30C9454648C014DB65EB609
:107150002DB73EB7225D30400FB6F8943EBF0FBE4C
:107160002DBF8DB69EB60894811C911C64018DECD8
:107170009AE1F4019183808380E091E00E940044D1
:10718000F4019383828381E090E00E940044F40143
:107190009583848317821682118610861386128641
:1071A000B401645F7F4FC80192DF7C01F401E80FF6
:1071B000F91F158681E086871786808B60912701ED
:1071C000709128018091290190912A0145E350E0B6
:1071D00022ED30E084010E9439245C01FFEF8F3FF3
:1071E0009F0709F45AC095E0692E712C6E0C7F1C24
:1071F00021E130E0E20EF31EC501B701A4010E94B7
:10720000D4230E94A81B8C013FEF8F3F930709F402
:1072100044C068EC70E041E00E94841BC5010E94FC
:10722000CE21809779F4C8010E940619C5010E94F9
:107230002322F60182819381A1D28F709070892BD5
:1072400069F02BC0C8010E946A1B892B39F7C8015D
:107250000E940619C5010E9423221FC08CE0E82E5F
:10726000F12CEC0CFD1C8701060D171DF801828125
:10727000938184D2019759F0F801828593857ED25B
:107280002CE030E0620E731E680E791EECCFF80120
:10729000248535854685578504C02FEF3FEF4FEF96
:1072A0005FEFB901CA010FB6F8945EBE0FBE4DBEC6
:1072B0002096E0E10C947064A2E3B0E0E2E6F9E32A
:1072C0000C945E648AEE92E009D48F5F9F4F71F058
:1072D0008E010D5E1F4F86EE92E0B801AAD5C8015F
:1072E00064E171E04CE050E00E94BB430E945830E2
:1072F0000E94131FADB7BEB750970FB6F894BEBF2C
:107300000FBEADBFEDB7FEB731962AE932E0129657
:107310003C932E93119793838283809114018483ED
:1073200015828091150186831782809116018087CE
:1073300011868091170182871386809118018487B6
:10734000158680911901868717860E946D15EDB705
:10735000FEB770960FB6F894FEBF0FBEEDBF0E9449
:10736000AE1F00D08DE892E0ADB7BEB712969C93E9
:107370008E9311970E946D150F900F900E94A51F7C
:107380008823E1F700D08FE792E0EDB7FEB7928354
:1073900081830E946D150F900F904BD900D086E627
:1073A00092E0ADB7BEB712969C938E9311970E9450
:1073B0006D150F900F900E94522200D08CE392E046
:1073C000EDB7FEB7928381830E946D150F900F90E9
:1073D0000E94812F00D081E192E0ADB7BEB7129636
:1073E0009C938E9311970E946D150F900F908CE0D7
:1073F00092E074D38F5F9F4FE1F400D085E191E07C
:10740000EDB7FEB7928381830E946D150F900F90A8
:1074100049DD892B51F400D083EE90E0ADB7BEB7C3
:1074200012969C938E9311972AC000D088EF90E01B
:1074300022C08E010D5E1F4F87E092E0B801F9D4A3
:10744000C80164E072E00E947914892B09F058C0E9
:1074500000D085E191E0ADB7BEB712969C938E93B4
:1074600011970E946D150F900F901CDD892B61F410
:1074700000D083EE90E0EDB7FEB7928381830E9447
:107480006D150F900F9089C000D088EF90E0ADB7D8
:10749000BEB712969C938E9311970E946D150F9014
:1074A0000F9082ED90E0B801C4D4C801FCD860937D
:1074B0001B0170931C0180931D0190931E0185EDAB
:1074C00090E0B801B6D4C801EED860931F01709364
:1074D000200180932101909322018EED90E0B8016C
:1074E000A8D4C801E0D8609323017093240180934D
:1074F0002501909326018AED90E0B8019AD443C00B
:1075000082ED90E0B80195D48F5F9F4F51F0C80194
:10751000CAD860931B0170931C0180931D01909346
:107520001E018E010D5E1F4F85ED90E0B80181D4E4
:107530008F5F9F4F51F0C801B6D860931F017093C1
:10754000200180932101909322018E010D5E1F4F37
:107550008EED90E0B8016DD48F5F9F4F51F0C80160
:10756000A2D8609323017093240180932501909306
:1075700026018E010D5E1F4F8AED90E0B80159D4AF
:107580008F5F9F4F51F0C8018ED860932701709391
:1075900028018093290190932A0160911B01709129
:1075A0001C0180911D0190911E0123E1E22EF12C1E
:1075B000EC0EFD1EA70146D800D000D021EF31E02F
:1075C000ADB7BEB712963C932E93119714969C9329
:1075D0008E9313970E946D150F900F900F900F9040
:1075E00060911F01709120018091210190912201F1
:1075F000A70128D800D000D02EED31E0EDB7FEB7BE
:1076000032832183948383830E946D150F900F90A2
:107610000F900F90609123017091240180912501BA
:1076200090912601A7010ED800D000D02BEC31E0BC
:10763000ADB7BEB712963C932E93119714969C93B8
:107640008E9313970E946D150F900F900F900F90CF
:1076500060912701709128018091290190912A0160
:10766000A7010E94223300D000D028EB31E0EDB713
:10767000FEB732832183948383830E946D150F901C
:107680000F900F900F9084EB91E0B701D2D38F5FF2
:107690009F4F09F46FC0C70161EB71E00E9479143C
:1076A000892B09F067C000D08DE891E0ADB7BEB777
:1076B00012969C938E9311970E946D150F900F90C8
:1076C00085E891E0B701B5D38F5F9F4F09F447C0BC
:1076D000C7010E941514182F8BE791E0B701A9D3B9
:1076E00060E070E080E090E0A701212F69DC892B49
:1076F00061F5CE0101960E945A1B2C813B814A8183
:107700005981EDB7FEB73A970FB6F894FEBF0FBE9A
:10771000EDBF31968EE591E0ADB7BEB712969C9362
:107720008E931197228313823483158246831782A6
:10773000508711860E946D15EDB7FEB73A960FB6C9
:10774000F894FEBF0FBEEDBF15C000D08CE491E0F1
:10775000ADB7BEB712969C938E93119707C000D019
:107760008AE391E0EDB7FEB7928381830E946D15A5
:107770000F900F90E296E6E00C947A64282F892F00
:10778000922F0895CF93DF93EC0120E030E040E0AA
:1077900050E013C0888199812296F82FE0E0DF0144
:1077A000A90FB11DCD0180959095A0E0B0E0280F04
:1077B000391F4A1F5B1F625070406230710554F7D9
:1077C0006130710551F4988180E080959095A0E03A
:1077D000B0E0280F391F4A1F5B1FCA01AA27BB2729
:1077E00040705070820F931FA41FB51F9D01442746
:1077F0005527A070B070280F391F4A1F5B1F4070BB
:107800005070C901DF91CF9108958BE291E0909380
:10781000FF0A8093FE0A9093010B8093000B8FEF79
:107820008093690981E891E090936D0980936C09D8
:1078300010926F0910926E09089580916909823043
:10784000C9F480916E0990916F09892B79F080912C
:107850006A0990916B0960916E0970916F0940916E
:107860006C0950916D0920E00E940F2B10926F0956
:1078700010926E090895FF920F931F93182F062FF1
:10788000F72EDBDF10936909802F9F2D90936B09F2
:1078900080936A0910926F0910926E091F910F91DF
:1078A000FF9008950F931F938C01C7DF89E699E03D
:1078B000B80147E050E00E94AD141F910F91089568
:1078C0000F931F938C01B9DFC80169E679E047E0A7
:1078D00050E00E94AD141F910F91089580916909A5
:1078E000813019F0823019F510C080916A099091A9
:1078F0006B090E94131D18161906CCF480916A09B1
:1079000090916B090E94011D0FC080916A099091AE
:107910006B090E94AF25181619064CF480916A096C
:1079200090916B090E949F28282F30E002C02FEF12
:107930003FEFC90108951F93182F80916909813085
:1079400019F0823001F508C080916A0990916B09A5
:10795000612F0E94EE1C17C080916E0990916F09F3
:10796000809709F46ADF80916E0990916F09E09128
:107970006C09F0916D09E80FF91F1083019690933F
:107980006F0980936E0980E090E01F9108959C013B
:10799000F999FECF32BD21BDF89A80B508959C01BA
:1079A000F999FECF1FBA32BD21BD60BD0FB6F89464
:1079B000FA9AF99A0FBE08950F931F93CF93DF930E
:1079C00080913B0190913C018F5F9F4F19F4CFEF65
:1079D000DFEF14C00091AD011091AE01C0E0D0E026
:1079E0000AC08091390190913A018C0F9D1FCFDF21
:1079F000882321F02196C017D1079CF3CE01DF9197
:107A0000CF911F910F9108959093A2018093A101AE
:107A10000895AEE1B0E0EFE0FDE30C945A645C0140
:107A2000CC24DD244AC08091390190913A01800F25
:107A3000911FADDFFE01EE0DFF1D81838D3311F02F
:107A4000882361F4CE010196E80EF91EF701108239
:107A5000B5010E94C814892BF9F437C00894E11CC1
:107A6000F11C0F5F1F4FA8DF08171907E4F214C0BD
:107A70008091390190913A01800F911F88DF8D30FC
:107A800079F08091390190913A01800F911F7FDF49
:107A9000882331F00F5F1F4F8FDF0817190744F35A
:107AA0008091390190913A01800F911F70DF8823F6
:107AB00071F068010894C11CD11C7EDFC816D9067C
:107AC00034F48601EE24FF24CECF960102C02FEFBE
:107AD0003FEFC9016E96EAE00C947664A0E0B0E056
:107AE000E4E7FDE30C945C647C01CDB6DEB60E9455
:107AF000891401962DB73EB7281B390B0FB6F894A1
:107B00003EBF0FBE2DBF0DB71EB70F5F1F4FC80181
:107B1000B7010E948214C8017CDF0FB6F894DEBE64
:107B20000FBECDBE2096E8E00C947864A0E0B0E0F3
:107B3000ECE9FDE30C945A646C018091A1019091F1
:107B4000A201019709F454C037DF5C01C60161DF6F
:107B5000EC018FEFCF3FD80719F42FEF3FEF4AC06A
:107B600000E010E08DE0F82E10C080913901909176
:107B70003A018C0F9D1F0BDFF82E8DE0F81641F0B7
:107B8000FF2031F00F5F1F4F2196CA15DB056CF304
:107B9000C6013FDFEC018DE0F81609F57801089485
:107BA000E11CF11C13C00091390110913A01809140
:107BB000390190913A018E0D9F1D8C0F9D1FE7DEBC
:107BC000682FCE01800F911FEADE2196F5DEC817DF
:107BD000D9074CF38091390190913A0105C0809109
:107BE000390190913A0101978C0F9D1F60E0D7DE1B
:107BF00021E030E0C901CDB7DEB7EAE00C9476644D
:107C0000A0E0B0E0E6E0FEE30C945C647C016B0174
:107C100000DF8F5F9F4F19F02FEF3FEF58C080912B
:107C2000A1019091A201019709F44FC0C5DEEC01BA
:107C3000009749F08091390190913A018C0F9D1F76
:107C400021966DE0ACDE00E010E00EC080913901BD
:107C500090913A018C0F9D1FE901F701E00FF11F90
:107C600060819DDE0F5F1F4FC7010E94D8149E01E7
:107C70002F5F3F4F0817190748F380913901909102
:107C80003A0189018C0F9D1F6DE389DEC0E0D0E0D1
:107C90000EC08091390190913A01800F911F0F5FC2
:107CA0001F4FF601EC0FFD1F608179DE2196C601A2
:107CB0000E94D814C817D90760F3809139019091B8
:107CC0003A01800F911F60E06ADE21E030E0C901D7
:107CD000CDB7DEB7E8E00C9478640F931F93CF9391
:107CE000DF93EC018B0195DE8F5F9F4F11F0CE018A
:107CF0001DDFCE01B80184DF81E090E0DF91CF91FC
:107D00001F910F910895A0E0B0E0E9E8FEE30C9424
:107D10005A647C016B01ADB6BEB60E94891401960F
:107D20002DB73EB7281B390B0FB6F8943EBF0FBED8
:107D30002DBF0DB71EB70F5F1F4FC801B7010E94BF
:107D40008214C801B601C9DF0FB6F894BEBE0FBEDB
:107D5000ADBE2096EAE00C947664AEE1B0E0E3EBD1
:107D6000FEE30C945A646C015B0153DE8C018FEFCF
:107D70000F3F180709F456C0EE24FF2419C0809164
:107D8000390190913A01800F911F01DEFE01EE0D45
:107D9000FF1D81838D3311F0882329F4EC0EFD1E25
:107DA000F701118209C00894E11CF11C0F5F1F4FFD
:107DB00003DE081719071CF38091390190913A01ED
:107DC000800F911FE4DD8D3369F5CE010196B60178
:107DD0000E94C814892B31F578010894E11CF11C2C
:107DE00000E010E014C08091390190913A018E0DAD
:107DF0009F1DCDDDF501E00FF11F80838D3059F01F
:107E0000882349F00F5F1F4F0894E11CF11CD4DD5B
:107E1000E816F90644F30A0D1B1DF801108221E053
:107E200030E002C02FEF3FEFC9016E96EAE00C94FC
:107E30007664A0E0B0E0EFE1FFE30C945A647C01CB
:107E40006B01ADB6BEB60E94891401962DB73EB740
:107E5000281B390B0FB6F8943EBF0FBE2DBF0DB7D0
:107E60001EB70F5F1F4FC801B7010E948214C801DF
:107E7000B60173DF0FB6F894BEBE0FBEADBE20963E
:107E8000EAE00C947664CF93DF9383EA91E06EEEA0
:107E900072E04AE050E00E94651483EF97E090930F
:107EA000AE018093AD01C0E0D0E0FE01ED55FE4F84
:107EB000CE01608174DD2196CC30D105B1F78DE023
:107EC00090E090933A01809339018091390190912B
:107ED0003A0160E064DDDF91CF9108950F931F9325
:107EE000CF93DF930091AD011091AE0165DD40911C
:107EF000390150913A012DB73EB7285030400FB6A6
:107F0000F8943EBF0FBE2DBFEDB7FEB7319620E00F
:107F100033E0ADB7BEB712963C932E9311971383FF
:107F2000028395838483578346830E946D15C0E046
:107F3000D0E0EDB7FEB738960FB6F894FEBF0FBE8F
:107F4000EDBF4AC08091390190913A018C0F9D1F7D
:107F50001EDD863259F00FC08091390190913A01AF
:107F60008C0F9D1F14DD8D30B1F1219625DDC817D2
:107F7000D90794F330C08091390190913A018C0F68
:107F80009D1F05DD00D000D0EDB7FEB731962DEF77
:107F900032E0ADB7BEB712963C932E931197828311
:107FA00013820E946D158091390190913A010F90D2
:107FB0000F900F900F908C0F9D1FE9DC8D3059F4BE
:107FC00000D08BEF92E0EDB7FEB7928381830E94E1
:107FD0006D150F900F902196EFDCC817D9070CF4A0
:107FE000B1CF00D088EF92E0ADB7BEB712969C93A8
:107FF0008E9311970E946D150F900F90DF91CF9186
:108000001F910F91089527EC3CE30C940015A0E21A
:10801000B0E0EDE0F0E40C94606400E010E083EA8E
:1080200091E0B8014AE050E0EEDF83EA91E060E0E1
:1080300071E04AE050E00E94A014892BA1F483EA89
:1080400091E0B8014CE050E0DEDF10933C0100937A
:108050003B0180913B0190913C010D9690933A0138
:108060008093390106C00F5F1F4F27E0033F1207BF
:10807000B1F680913B0190913C018F5F9F4F19F4C5
:108080002FEF3FEF1EC085E493E08E010F5F1F4F7F
:10809000B801CFDE8F5F9F4F91F0C80161E473E0BC
:1080A0000E947914892B29F41092A2011092A10147
:1080B00006C081E090E09093A2018093A10120E0AE
:1080C00030E0C901A096E4E00C947C64A0DF8F5FEF
:1080D0009F4F11F4D8DE9BCF089528E088E190E00F
:1080E0000FB6F894A895809360000FBE20936000AF
:1080F000FFCF8091AF018823D9F481E08093AF0155
:10810000109271091092700910927C0910927B09EB
:108110001092870910928609109292091092910983
:1081200010929D0910929C091092A8091092A7091B
:108130000895AC01E0E7F9E020E030E08081918132
:10814000892BC9F48BE090E0289FF001299FF00D66
:10815000389FF00D1124E059F64F5183408373830B
:1081600062831782168215821482118610868FEF21
:108170008287F90108C02F5F3F4F3B9626303105BB
:10818000E9F6EFEFFFEFCF0108959C0186309105EE
:108190008CF48BE090E0289FF001299FF00D389F30
:1081A000F00D1124E059F64F82858F3F19F4208598
:1081B000318502C02FEF3FEFC9010895AC01863031
:1081C00091050CF04CC08BE090E0489FD001499F96
:1081D000B00D589FB00D1124A059B64F1A968C912E
:1081E0001A978F3FE1F518962D913C9119971296A9
:1081F0008D919C9113972817390788F5ED91FC9183
:10820000119714968D919C911597E80FF91F608333
:1082100014968D919C911597019615969C938E932B
:10822000149712962D913C9113978217930721F47E
:1082300015961C921E9214978BE090E0489FF001D7
:10824000499FF00D589FF00D1124E059F64F80859D
:10825000918501969187808720E030E002C02FEF62
:108260003FEFC9010895AC01863091050CF041C083
:108270008BE090E0489FD001499FB00D589FB00D12
:108280001124A059B64F1A968C911A978F3F89F5F1
:1082900018968D919C911997892B59F116968D916D
:1082A0009C911797ED91FC911197E80FF91F608150
:1082B000019617969C938E93169712962D913C914A
:1082C00013978217930721F417961C921E92169704
:1082D0008BE090E0489FF001499FF00D589FF00D12
:1082E0001124E059F64F8085918501979187808709
:1082F00001C060E0862F08959C0186309105BCF492
:108300008BE090E0289FF001299FF00D389FF00D41
:108310001124E059F64F82858F3F49F41782168267
:10832000158214821186108620E030E002C02FEF03
:108330003FEFC90108959C01863091051CF02FEF95
:108340003FEF11C08BE090E0289FF001299FF00DD6
:10835000389FF00D1124E059F64F2281338180853A
:108360009185281B390BC9010895EF92FF920F9355
:108370001F93CF93DF937C018B0186E0E816F10415
:108380000CF06AC08BE090E0E89EE001E99ED00D21
:10839000F89ED00D1124C059D64F8A858F3F09F021
:1083A0005BC0888599858617970708F457C0EE81CA
:1083B000FF819B012E0F3F1F8A819B812817390760
:1083C00018F060E070E033C0688179816E0F7F1F24
:1083D000CA01A8010E94AD148E819F81800F911F58
:1083E0009F838E8327C0DA01A60FB71F8BE090E032
:1083F000E89EE001E99ED00DF89ED00D1124C059F1
:10840000D64FE881F9818E819F81E80FF91F808125
:108410008C938E819F8101969F838E832A813B81DD
:108420008217930711F41F821E826F5F7F4F6017C0
:108430007107CCF28BE090E0E89EF001E99EF00D30
:10844000F89EF00D1124E059F64F80859185801B30
:10845000910B9187808702C00FEF1FEFC801CDB746
:10846000DEB7E6E00C947A64EF92FF920F931F93CD
:10847000CF93DF937C018B01BA01863091050CF01C
:108480006CC08BE090E0E89EE001E99ED00DF89E84
:10849000D00D1124C059D64F8A858F3F09F05DC099
:1084A000EA81FB81888599859F01281B390B20175C
:1084B000310708F452C02C813D81C801820F931FFF
:1084C0008E179F0718F040E050E032C088819981F4
:1084D000820F931FA8010E94AD148C819D81800F93
:1084E000911F9D838C8327C08BE090E0E89EE00184
:1084F000E99ED00DF89ED00D1124C059D64FA88109
:10850000B9818C819D81A80FB91FFB01E40FF51F74
:1085100080818C938C819D8101969D838C832A819F
:108520003B818217930711F41D821C824F5F5F4FBE
:1085300040175107C8F28BE090E0E89EF001E99EF9
:10854000F00DF89EF00D1124E059F64F80859185CD
:10855000800F911F9187808702C00FEF1FEFC80126
:10856000CDB7DEB7E6E00C947A640F931F9378944E
:10857000C0DD80E090E00E94DC1C47D981E060E033
:1085800070E079D900D08AE993E0EDB7FEB7928325
:1085900081830E946D1585E993E0EDB7FEB7928364
:1085A00081830E946D1503E513E0EDB7FEB71283DA
:1085B00001830E946D158EE893E0EDB7FEB79283BC
:1085C00081830E946D15EDB7FEB7128301830E946F
:1085D0006D150F900F900E94011C00D088E893E069
:1085E000EDB7FEB7928381830E946D15EDB7FEB79C
:1085F000128301830E946D150F900F9067DD00D0EC
:1086000081E893E0EDB7FEB7928381830E946D15F8
:10861000EDB7FEB7128301830E946D150F900F9086
:108620000E94401800D08AE793E0EDB7FEB792832E
:1086300081830E946D15EDB7FEB7128301830E94FE
:108640006D150F900F90EDD000D084E793E0EDB75B
:10865000FEB7928381830E946D15EDB7FEB712833A
:1086600001830E946D150F900F9016D000D08DE6FB
:1086700093E0EDB7FEB7928381830E946D15EDB74D
:10868000FEB7128301830E946D150F900F900E9418
:108690005C391F910F91089580E090E0FC01EE0F8E
:1086A000FF1FEE0FFF1FEE54F64F1182108201964E
:1086B0008A30910599F70895AC0120E030E0F90186
:1086C000EE0FFF1FEE0FFF1FEE54F64F80819181DA
:1086D0008417950781F080819181892B39F451832A
:1086E00040837383628320E030E007C02F5F3F4FF9
:1086F0002A30310521F72FEF3FEFC9010895E091AE
:10870000B001F091B101EE0FFF1FEE0FFF1FEE540D
:10871000F64F80819181892B21F41092B101109242
:10872000B001E091B001F091B101EE0FFF1FEE0F2B
:10873000FF1FEE54F64F0190F081E02D09958091D6
:10874000B0019091B10101969093B1018093B00175
:108750000895982F80538A3068F08153863010F442
:10876000865F0895892F8154863010F08FEF089529
:10877000892F87530895A0E0B0E0E1ECF3E40C9476
:108780005A646C015B017A01EE0CFF1CC0E0D0E082
:1087900028C0CE15DF0574F5C0FD0BC0822FD9DFD0
:1087A000FE01F595E795EA0DFB1D8295807F80839C
:1087B0000EC0CE0162E070E00E941D648B010A0DC4
:1087C0001B1D822FC6DFF8019081980F90830894BB
:1087D000C11CD11CF60180818A33C9F38D32B9F3F3
:1087E0002196F60120812223A1F6CE15DF0511F492
:1087F00080E001C08FEFCDB7DEB7EAE00C9476647D
:108800009C01232732272327C90108959B01AC012E
:10881000252752272527342743273427B901CA01A2
:10882000089580E090E0FC01EE0FFF1FEE0FFF1FA8
:10883000E652F64F1182108201968C30910599F71D
:108840000895AC0120E030E0F901EE0FFF1FEE0FBC
:10885000FF1FE652F64F808191818417950781F0C2
:1088600080819181892B39F45183408373836283A2
:1088700020E030E007C02F5F3F4F2C30310521F75B
:108880002FEF3FEFC9010895A0E0B0E0EAE4F4E47F
:108890000C945A645C016B01FB01E080F180C7011C
:1088A00060ED73E00E947914892B41F500D08BEACA
:1088B00093E0EDB7FEB7928381830E946D15CCEDF6
:1088C000D9E00F900F9088819981009789F000D0AE
:1088D000EDB7FEB7928381830E946D1588EA93E01D
:1088E000EDB7FEB7928381830E946D150F900F90B4
:1088F0002496FAE0CC30DF0731F723C00CED19E005
:10890000C0E0D0E0F8016081718161157105C9F0A6
:10891000C7010E947914892B71F4CC0FDD1FCC0F95
:10892000DD1FC652D64FE881F981C501B601099510
:1089300020E030E008C021960C5F1F4FCC30D105FD
:1089400009F72FEF3FEFC901CDB7DEB7EAE00C948E
:108950007664EF92FF920F931F93CF93DF93EC0116
:108960008B017A010E94D814BC01F801D183C08325
:1089700040E050E020E030E0A0E039C0FE01E40F2C
:10898000F51F80818D3051F08E3018F4882339F036
:108990002CC08032C1F0823241F503C01082AB019D
:1089A00024C0AA2369F41082F901EE0FFF1FE00F23
:1089B000F11FCA0101968C0F9D1F9183808305C012
:1089C0001082A0E012C0AA2311F0A1E00EC0108214
:1089D0002F5F3F4FF901EE0FFF1FE00FF11FCA019C
:1089E00001968C0F9D1F918380834F5F5F4F4617C9
:1089F00057071CF42E153F050CF22F5F3F4FC9019E
:108A0000CDB7DEB7E6E00C947A64A8E4B0E0EBE022
:108A1000F5E40C946064BC018E01075F1F4FC80130
:108A20000E948214C8018E010F5F1F4FB80144E0FD
:108A300050E08FDFB80128DFC85BDF4FE4E00C9423
:108A40007C64A8E0B0E0E7E2F5E40C9460648E0199
:108A50000F5F1F4FB80144E050E07BDFB80114DF27
:108A60002896E4E00C947C64A7E0B0E0EAE3F5E447
:108A70000C94626480918202909183022FEF8F3F69
:108A80009207F9F480E590E00E9455259C019093AF
:108A90008302809382022F5F3F4F09F4C0C081E0C0
:108AA0008093560210927D0210927C021092B401C3
:108AB0001092B3011092B20110925B0210925A020E
:108AC0000CC00E948025803159F08FEF9FEF90936A
:108AD00083028093820210925602109257029FC026
:108AE00080915602813009F066C05AC0809182029E
:108AF000909183020E949F28282F8A3009F450C049
:108B000030915702332391F4E0917C02F0917D0281
:108B1000DF01AE54BE4F12968C933196F0937D02D6
:108B2000E0937C02EE54FE4F128209C080917C02D9
:108B300090917D02019690937D0280937C022D306E
:108B400079F53323E1F484EB91E068E474E043E0E9
:108B500050E00E945814892B11F481E00BC084EB83
:108B600091E063E474E044E050E00E945814892BE3
:108B700031F482E08093570282EB91E004D180913E
:108B80005702882349F080917C0290917D020197E1
:108B900019F483E08093560210927D0210927C02B9
:108BA00080918202909183020E94AF2518161906C7
:108BB0000CF49CCF34C0833091F5CE0101960E9415
:108BC000603C609182027091830282E00E943B3C93
:108BD00082EB91E0DED1019781F082EB91E01BD234
:108BE000019759F000D085ED93E0EDB7FEB7928381
:108BF00081830E946D150F900F900E941D3CCE0145
:108C000001960E94523C80918202909183020E94C0
:108C1000602A8FEF9FEF90938302809382022796C2
:108C2000E2E00C947E640F931F9368D180E590E09E
:108C30000E9422250FEF1FEF109383020093820200
:108C400000D000D082E594E0EDB7FEB79283818337
:108C500080E590E0948383830E946D150F900F90C0
:108C60000F900F9084E395E46CE474E025DD10939D
:108C70008302009382021F910F910895A0E0B0E05B
:108C8000E4E4F6E40C945A645B01FC01E855FF4F00
:108C9000C190D1908F01EE24FF24C0E0D0E00EC03F
:108CA000F80180819181B5010E947914892B19F412
:108CB000EE24EA94FE2C21960E5F1F4FCC15DD05A5
:108CC0007CF3C701CDB7DEB7EAE00C947664A0E090
:108CD000B0E0EDE6F6E40C945A645B01FC01E85563
:108CE000FF4FC190D1908F01EE24EA94FE2CC0E09A
:108CF000D0E00CC0F80180819181B5010E94791407
:108D0000892B09F47E0121960E5F1F4FCC15DD05DE
:108D10008CF3C701CDB7DEB7EAE00C947664CF924E
:108D2000DF92FF920F931F93CF93DF93EC016C01BF
:108D30001DC0F601808388818532A1F48E010F5F0A
:108D40001F4FE8012196F801808103DDF82EF2948F
:108D500080EFF822F601F082F8018181FADCF82A2E
:108D6000F601F0820894C11CD11C219688818823C9
:108D700001F7F6011082DF91CF911F910F91FF90C3
:108D8000DF90CF900895EF92FF920F931F93CF93B0
:108D9000DF93EC01FC0180E090E022812F3241F072
:108DA000222331F001963196823A9105B1F7A1C0A4
:108DB000FC01319603968C0F9D1F9983888300E0F8
:108DC00010E01AC0DE01AE0FBF1F12968C911297F1
:108DD0008F3349F412961C92319632968E010E0F03
:108DE0001F1F329708C0803211F0882321F4EC0F46
:108DF000FD1F128204C03196E23AF1051CF3C855FA
:108E0000DF4F19821882C85AD040E880F980C70124
:108E10000E94D814892B29F4C70169E674E00E94E6
:108E200082140115110509F464C0C855DF4F81E0B3
:108E300090E09983888362961983088360971983E9
:108E40000883CA5AD04019C08632A9F4D8011D92AD
:108E50008D01DE01A855BF4FED91FC911197319620
:108E6000ED93FC933197EE0FFF1FEC0FFD1FE655BE
:108E7000FF4F118300830F5F1F4FF801808188230C
:108E800019F78E0106551F4FEE24FF2429C0D80183
:108E9000ED91FC9111975196FC93EE9350970EC073
:108EA0008D3331F41192D8015196FC93EE93509783
:108EB00080818B3211F480E2808331968081882317
:108EC00079F7F801808191812ADFD80150968D9140
:108ED0009C91519724DF0894E11CF11C0E5F1F4FF9
:108EE000C855DF4F88819981C85AD0408E159F059B
:108EF00074F6CDB7DEB7E6E00C947A6480E090E0DB
:108F0000FC01EE0FFF1FEE0FFF1FE65FF54F118212
:108F1000108201968431910599F70895AC0120E003
:108F200030E0F901EE0FFF1FEE0FFF1FE65FF54F78
:108F3000808191818417950781F080819181892BAF
:108F400039F4518340837383628320E030E007C0AB
:108F50002F5F3F4F2431310521F72FEF3FEFC9013C
:108F6000089500D084E794E0EDB7FEB79283818343
:108F70000E946D150F900F90089500D087E894E03F
:108F8000EDB7FEB7928381830E946D150F900F900D
:108F90000895EF92FF920F931F93CF93DF938C016D
:108FA0008CE0E82E8AE0F82EC0E0D0E0F701608186
:108FB00071816115710539F1F801808191810E94FB
:108FC0007914892BC1F400D088EC94E0EDB7FEB79A
:108FD000928381830E946D15CC0FDD1FCC0FDD1FA6
:108FE000C65FD54FE881F9810F900F90C8010995B0
:108FF00021E030E00AC0219684E090E0E80EF91EFE
:10900000C431D10599F62FEF3FEFC901CDB7DEB7D7
:10901000E6E00C947A64A0E0B0E0E1E1F8E40C94BE
:109020005C648C01C7E5D1E0EE24FF24CD80DE80B6
:10903000C114D10409F46DC068817981F80180817F
:1090400091810E947914892B09F05AC000D081E9DE
:109050009CE0EDB7FEB7928381830E946D150F905F
:109060000F90F70193E0EE0FFF1F9A95E1F7EE19CD
:10907000FF09E95AFE4F8481813041F0813050F080
:10908000823061F400D08DE89CE00BC000D088E80D
:109090009CE007C000D08EE79CE003C000D08AE7C8
:1090A0009CE0EDB7FEB7928381830E946D1500D0DE
:1090B00081E39CE0EDB7FEB792838183D482C382C3
:1090C0000E946D150F900F900F900F900E941D3C05
:1090D00000531F4FF70183E0EE0FFF1F8A95E1F762
:1090E000EE19FF09E95AFE4F42815381F801808150
:1090F0009181B60121E00E940F2B21E030E00BC0EE
:109100000894E11CF11C2796F0E2EF16F10409F037
:109110008DCF2FEF3FEFC901CDB7DEB7E8E00C945C
:109120007864A7E0B0E0E7E9F8E40C945E6480912D
:109130008402909185022FEF8F3F9207C1F587E15E
:1091400090E00E94552590938502809384028F5F62
:109150009F4F09F4CEC08E010F5F1F4FC8010E94C0
:10916000603C609184027091850282E00E943B3CE9
:1091700000D081ED9CE0EDB7FEB7928381830E9421
:109180006D150F900F90C8010E94523C1092B702CB
:109190001092B602109286021092B9021092B80292
:1091A00080918402909185020E949325A2C00E9422
:1091B0008025803109F07AC08091B8029091B9027F
:1091C000892B41F130C080918402909185020E94E8
:1091D0009F288A30F9F087FD1DC02091B60230919A
:1091E000B702203331056CF4F901EC57FD4F82834F
:1091F000F9013196F093B702E093B602EC57FD4FB8
:1092000012828D3039F481E090E09093B90280931E
:10921000B80209C080918402909185020E94AF2516
:109220001816190684F28091B8029091B90201973C
:1092300009F05FC07E010894E11CF11CC7010E9487
:10924000603C609184027091850282E00E943B3C08
:1092500086E892E06CEB72E044E050E07ADB8C014F
:109260009093BB028093BA028091BC029091BD02A0
:109270006CEC7CE00E947914892BF9F400D082EC2C
:109280009CE0EDB7FEB7928381830E946D150F902D
:109290000F900E941D3C81E060E070E00E943B3C2A
:1092A00080918402909185020E94602A8FEF9FEF47
:1092B00090938502809384021CC0C8016CEB72E01D
:1092C000E3DA00D08FEB9CE0EDB7FEB792838183A9
:1092D0000E946D150F900F90C7010E94523C109292
:1092E000B7021092B602109286021092B902109242
:1092F000B8022796E6E00C947A6487E190E00E9439
:10930000222500D000D085E09DE0EDB7FEB7928326
:10931000818387E190E0948383830E946D150F9091
:109320000F900F900F9081E998E46EEF7CE0C4C934
:109330009C01FC01EE0FFF1FE80FF91FEE0FFF1F4E
:10934000E55AF54F848195818F5F9F4FD1F16281FE
:10935000738180915A0A77FF07C040E090E00E9435
:109360001D64892B39F405C040E090E06817790747
:1093700009F441E0F901EE0FFF1FE20FF31FEE0FBA
:10938000FF1FE55AF54F6081718180916D0A77FF6B
:1093900007C020E090E00E941D64892B39F405C0CD
:1093A00020E090E06817790709F421E0413049F4A2
:1093B00090E0213009F091E081E09827292F30E0FA
:1093C00002C020E030E0C9010895A0E2B0E0EBEE79
:1093D000F9E40C945E647C0100D000D000D0EDB7BD
:1093E000FEB731968E010F5F1F4FADB7BEB7129615
:1093F0001C930E9311978EE19DE093838283758376
:1094000064830E9492158DB79EB706960FB6F894A6
:109410009EBF0FBE8DBFC801B7010E94AD3EA09692
:10942000E6E00C947A6443E050E093CAA0E2B0E036
:10943000ECE1FAE40C94606400D000D000D0EDB709
:10944000FEB731968E010F5F1F4FADB7BEB71296B4
:109450001C930E9311972EE13DE033832283958375
:1094600084830E9492158DB79EB706960FB6F89426
:109470009EBF0FBE8DBFC8010E94963D80E090E068
:10948000A096E4E00C947C64A0E2B0E0EAE4FAE4A4
:109490000C945E6400D000D000D0EDB7FEB73196DA
:1094A0008E010F5F1F4FADB7BEB712961C930E9380
:1094B00011976EE1E62E6DE0F62EF382E2821582C0
:1094C00014820E9492158DB79EB706960FB6F89437
:1094D0009EBF0FBE8DBFC8010E94093D8F5F9F4F89
:1094E00019F420E030E04CC000D000D000D0EDB73F
:1094F000FEB73196ADB7BEB712961C930E93119777
:10950000F382E28281E090E0958384830E94921549
:109510008DB79EB706960FB6F8949EBF0FBE8DBF4F
:10952000C8010E94093D8F5F9F4F19F421E030E090
:1095300027C000D000D000D0EDB7FEB73196ADB750
:10954000BEB712961C930E931197F382E28282E0CB
:1095500090E0958384830E9492158DB79EB70696FE
:109560000FB6F8949EBF0FBE8DBFC8010E94093D83
:109570008F5F9F4F19F02FEF3FEF02C022E030E0E6
:10958000C901A096E6E00C947A64A0E2B0E0EBECAE
:10959000FAE40C945E647C0177DF9C018FEF2F3F2F
:1095A000380719F100D000D000D0EDB7FEB73196E2
:1095B0008E010F5F1F4FADB7BEB712961C930E936F
:1095C00011978EE19DE093838283358324830E94EB
:1095D00092158DB79EB706960FB6F8949EBF0FBE34
:1095E0008DBFC801B7010E94003E80E090E0A096C8
:1095F000E6E00C947A64ADE2B0E0E1E0FBE40C94C8
:109600006064BC018E01025F1F4FC801DEDEC8012D
:10961000BE016F5F7F4F07DF8E01095F1F4FC801DB
:109620000E94603C80E060E070E00E943B3C8D81E5
:109630009E8107DAC8010E94523CAD96E4E00C948A
:109640007C64A2E1B0E0E7E2FBE40C946064CE014C
:1096500001960E945A1B9C8180915A0A891729F40D
:109660009B8180916D0A891799F08C8180935A0AA9
:109670008B8180936D0A00E010E0C80159DE892BD0
:1096800011F0C801B8DF0F5F1F4F03301105A9F7B4
:109690006296E4E00C947C64A2E1B0E0E2E5FBE4D5
:1096A0000C9462648FEF9FEF9093600A80935F0A3F
:1096B0009093660A8093650A90936C0A80936B0A74
:1096C000CE0101960E945A1B8C8180935A0A8B818D
:1096D00080936D0A81E29BE460E57DE00E945C433B
:1096E0006296E2E00C947E64A6E2B0E0EAE7FBE476
:1096F0000C945C64D1DFEE24FF24CC24DD2400D064
:1097000000D000D0EDB7FEB731968E01095F1F4F34
:10971000ADB7BEB712961C930E9311978EE19DE0E4
:1097200093838283F582E4820E949215EDB7FEB79F
:1097300036960FB6F894FEBF0FBEEDBFC801B80154
:109740000E94AD3E8F5F9F4F31F1C801BE016F5F38
:109750007F4F69DE0397F9F48601000F111F0C0D8E
:109760001D1D000F111F055A154FD8011596FC92AB
:10977000EE92149789819A810E941514F8019383BF
:1097800082838B819C810E941514D8018D939C93B8
:109790000894C11CD11C0894E11CF11CB3E0EB1629
:1097A000F10409F0ACCFA696E8E00C94786474DF7D
:1097B0009BDF39DAA2CDB9D09ED3D8D60E9473569A
:1097C000F9D30E94AD5504D00E94585447C408955F
:1097D00087EE9BE465E57DE0A1CBAFE1B0E0E3EF90
:1097E000FBE40C945C6400D085E69DE0ADB7BEB7A9
:1097F00012969C938E9311970E946D150F900F9067
:1098000096E0C92ED12CCC0EDD1E80E090E0BE018A
:109810006E5F7F4FA6019E012F5F3F4F0E94DE309B
:109820008130A1F58981882389F16A817B818C81CE
:109830009D818E01045F1F4FA8010E9422337C018D
:10984000C601B8010E942131EDB7FEB738970FB6B7
:10985000F894FEBF0FBEEDBF31962DE53DE0ADB7EC
:10986000BEB712963C932E931197F382E2829583B2
:1098700084838981868317820E946D15EDB7FEB7B8
:1098800038960FB6F894FEBF0FBEEDBF86E0C82E27
:10989000D12CCC0EDD1E81E090E0BE016E5F7F4FCB
:1098A000A6019E012F5F3F4F0E94DE308130B9F547
:1098B00089818823A1F16A817B818C819D818E01C0
:1098C000045F1F4FA8010E9422337C01C601B8012A
:1098D0000E9421312DB73EB7285030400FB6F89482
:1098E0003EBF0FBE2DBFEDB7FEB731962DE53DE073
:1098F000ADB7BEB712963C932E931197F382E282D6
:10990000958384838981868317820E946D15EDB7C4
:10991000FEB738960FB6F894FEBF0FBEEDBF80E0DD
:1099200090E06F96E8E00C9478648DEE9BE462E73B
:109930007DE00C942144A2E1B0E0E1EAFCE40C9467
:109940005C646C01CE0101960E945A1B8091C40296
:109950009091C50201969093C5028093C4024C81F8
:109960005B816A8179810E811F81288539858DB758
:109970009EB740970FB6F8949EBF0FBE8DBFEDB750
:10998000FEB731968AE39EE0ADB7BEB712969C93C0
:109990008E931197428313825483158266831782B4
:1099A0007087118602871386148715863787268766
:1099B0000E946D156B857C858D859E8520E831E53F
:1099C00041E050E00E94306479018A01EDB7FEB7B2
:1099D00070960FB6F894FEBF0FBEEDBFE114F10410
:1099E0000105110539F1F1E0EF16F104010511054A
:1099F00031F400D000D000D081E39EE005C000D05B
:109A000000D000D087E29EE0ADB7BEB712969C931F
:109A10008E931197EDB7FEB7E382F4820583168328
:109A20000E946D158DB79EB706960FB6F8949EBF2F
:109A30000FBE8DBF6B857C858D859E8520E831E5C9
:109A400041E050E00E94306420E13EE040E050E020
:109A50000E94306479018A01E114F10401051105C5
:109A6000D9F000D000D000D08EE19EE0ADB7BEB7F7
:109A700012969C938E931197EDB7FEB7E382F48212
:109A8000058316830E946D158DB79EB706960FB697
:109A9000F8949EBF0FBE8DBF6B857C858D859E859E
:109AA00020E13EE040E050E00E9430642CE330E0F2
:109AB00040E050E00E94306479018A01E114F10431
:109AC00001051105D9F000D000D000D085E19EE05D
:109AD000ADB7BEB712969C938E931197EDB7FEB7B4
:109AE000E382F482058316830E946D158DB79EB7BD
:109AF00006960FB6F8949EBF0FBE8DBF6B857C8512
:109B00008D859E852CE330E040E050E00E9430647B
:109B10009B01AC012115310541055105D9F000D05B
:109B200000D000D08DE09EE0ADB7BEB712969C93FA
:109B30008E931197EDB7FEB7238334834583568305
:109B40000E946D158DB79EB706960FB6F8949EBF0E
:109B50000FBE8DBF00D081E09EE0ADB7BEB71296BC
:109B60009C938E9311970E946D1520914F0930910F
:109B7000500940915109509152090F900F90203097
:109B8000B4E03B07B0E04B07B0E05B07B8F400D0AF
:109B900000D000D085EF9DE0EDB7FEB792838183C2
:109BA000ADB7BEB713962D933D934D935C93169727
:109BB0000E946D15EDB7FEB736968CC02030F0E0F0
:109BC0003F07F0E14F07F0E05F0718F500D000D045
:109BD00000D088EE9DE0ADB7BEB712969C938E93F1
:109BE00011977AE056954795379527957A95D1F74D
:109BF000EDB7FEB723833483458356830E946D15EA
:109C00008DB79EB706960FB6F8949EBF0FBE8DBF58
:109C100066C0203090E0390790E0490790E459078A
:109C200040F5ADB7BEB71A970FB6F894BEBF0FBEDA
:109C3000ADBFEDB7FEB7319685ED9DE012969C93D2
:109C40008E931197DA01C90164E1B695A7959795AE
:109C500087956A95D1F782839383A483B5834F70E8
:109C600050707AE056954795379527957A95D1F7B4
:109C700028C08DB79EB70A970FB6F8949EBF0FBE47
:109C80008DBFEDB7FEB7319682EC9DE0ADB7BEB7A4
:109C900012969C938E931197DA01C9016EE1B695E5
:109CA000A795979587956A95D1F782839383A48327
:109CB000B5835F7384E156954795379527958A95C7
:109CC000D1F726833783408751870E946D15EDB702
:109CD000FEB73A960FB6F894FEBF0FBEEDBF8DB734
:109CE0009EB70A970FB6F8949EBF0FBE8DBFEDB713
:109CF000FEB7319686E79DE0ADB7BEB712969C934E
:109D00008E93119780914B0990914C09A0914D0928
:109D1000B0914E0982839383A483B5838091C4025A
:109D20009091C5029783868380ED90E0C80ED91E7E
:109D3000D6018D919C91918780870E946D15EDB71A
:109D4000FEB73A960FB6F894FEBF0FBEEDBF62960F
:109D5000E8E00C947864DF92EF92FF920F931F93E8
:109D60008DB79EB70E970FB6F8949EBF0FBE8DBFEE
:109D7000EDB7FEB7319687E99FE0ADB7BEB7129653
:109D80009C938E93119780914F0990915009A091C7
:109D90005109B091520982839383A483B583809142
:109DA0004B0990914C09A0914D09B0914E098683C1
:109DB0009783A087B18780917D0190917E01A091CA
:109DC0007F01B091800182879387A487B5870E9425
:109DD0006D150F900F900F900F90EDB7FEB7319665
:109DE00086E59FE0ADB7BEB712969C938E93119710
:109DF00080917501909176019383828380917701A0
:109E0000909178019583848380917B0190917C016E
:109E1000978386838091790190917A0191878087D9
:109E20000E946D15EDB7FEB73A960FB6F894FEBFD7
:109E30000FBEEDBF0E94F62F82E70E94D61ED82EDD
:109E400081E00E94881F8C0181E10E94881F7C01B3
:109E50000E94D02F00D08AE49FE0ADB7BEB7129623
:109E60009C938E9311970E946D1589E39FE0EDB747
:109E7000FEB7928381830E946D1585E29FE0ADB7A6
:109E8000BEB712969C938E9311970E946D1500D0C9
:109E9000EDB7FEB7319680E19FE0ADB7BEB7129641
:109EA0009C938E931197D28213820E946D158DEF31
:109EB0009EE0EDB7FEB792838183148303830E94F3
:109EC0006D158AEE9EE0ADB7BEB712969C938E9349
:109ED00011971496FC92EE9213970E946D150F90B5
:109EE0000F900F900F9080E090E01F910F91FF90E6
:109EF000EF90DF9008958BEA9EE466ED7FE00E948C
:109F000021448BE99CE46CEC7FE008C8CF93DF939D
:109F1000EC0133D8C855DF4F88819981C85AD040A9
:109F2000892B69F400D084EF9FE0EDB7FEB79283F0
:109F300081830E946D150F900F9013D833C0CE010E
:109F40006EEE7FE00E943E46892B61F1CE0168EE05
:109F50007FE00E946746FC01EE0FFF1FEC0FFD1F24
:109F6000E654FF4F8081918162EE7FE00E94791478
:109F7000892BC1F400D08CED9FE0EDB7FEB7928342
:109F800081830E946D150F900F900E94B1470E942F
:109F90001D3CC053DF4F888199810E94602A0E9436
:109FA0006D40FFCFDF91CF9108950E946D4080E01A
:109FB00090E0089585ED9FE46FE770E10E942144F1
:109FC00086E89FE465E770E10C948E47A4E1B0E079
:109FD000ECEEFFE40C9460648B01029761F5DB0109
:109FE00012968D919C9113970E949F38F8010281DF
:109FF0001381AE014F5F5F4F0E94223300D000D02B
:10A0000000D0EDB7FEB7319626E930E1ADB7BEB767
:10A0100012963C932E931197138302839583848326
:10A020000E946D15EDB7FEB736960FB6F894FEBFD9
:10A030000FBEEDBF0DC000D085E890E1ADB7BEB753
:10A0400012969C938E9311970E946D150F900F900E
:10A0500080E090E06496E4E00C947C6486EE9FE4FB
:10A0600066EA70E10C942144A0E1B0E0EAE3F0E597
:10A070000C94606460911B0170911C0180911D0122
:10A0800090911E018E010F5F1F4FA8010E94223385
:10A0900000D000D029EE34E1ADB7BEB712963C93A4
:10A0A0002E93119714969C938E9313970E946D157F
:10A0B0000F900F900F900F9060911F0170912001F1
:10A0C0008091210190912201A8010E94223300D0A9
:10A0D00000D02CED34E1EDB7FEB7328321839483B9
:10A0E00083830E946D150F900F900F900F906091D9
:10A0F0002301709124018091250190912601A801EE
:10A100000E94223300D000D02FEC34E1ADB7BEB7AF
:10A1100012963C932E93119714969C938E931397BB
:10A120000E946D150F900F900F900F906091270176
:10A13000709128018091290190912A01A8010E9423
:10A14000223300D000D026EC34E1EDB7FEB73283E5
:10A150002183948383830E946D158DB79EB70A97E0
:10A160000FB6F8949EBF0FBE8DBFEDB7FEB7319608
:10A170008AE994E1ADB7BEB712969C938E9311977E
:10A18000809114018283138280911501848315824A
:10A19000809116018683178280911701808711862E
:10A1A0008091180182871386809119018487158612
:10A1B0000E946D15EDB7FEB73E960FB6F894FEBF40
:10A1C0000FBEEDBF80E090E06096E4E00C947C640C
:10A1D000A0E2B0E0EEEEF0E50C9460648C010E9429
:10A1E000BD4708551F4FF80180819181085A1040E2
:10A1F000892BB9F400D082E994E1EDB7FEB79283E0
:10A2000081830E946D150F900F9089E894E10E9460
:10A21000054583E894E10E94054500D08AE794E172
:10A2200097C1C80163E774E10E943E46892B09F497
:10A23000F1C000D085E294E1EDB7FEB7928381834F
:10A240000E946D150F900F9080E294E18E010F5FD8
:10A250001F4FB8010E94193F00D083EC93E1EDB786
:10A26000FEB7928381830E946D150F900F90C801F5
:10A2700060EC73E10E947914892B59F400D088EBCB
:10A2800093E1EDB7FEB7928381830E946D150F9025
:10A290000F9000D08CEA93E1EDB7FEB792838183F3
:10A2A0000E946D150F900F9089EA93E18E010F5F68
:10A2B0001F4FB8010E94193F019759F060911B018F
:10A2C00070911C0180911D0190911E01A8010E94B6
:10A2D000223300D000D084E393E1EDB7FEB7928340
:10A2E00081838E010F5F1F4F148303830E946D15BE
:10A2F0000F900F900F900F908FE293E1B8010E94A2
:10A30000193F019759F060911F01709120018091D0
:10A31000210190912201A8010E94223300D000D097
:10A3200085EB92E1EDB7FEB7928381838E010F5FDB
:10A330001F4F148303830E946D150F900F900F9091
:10A340000F9080EB92E1B8010E94193F019759F0FC
:10A350006091230170912401809125019091260143
:10A36000A8010E94223300D000D08CE392E1EDB727
:10A37000FEB7928381838E010F5F1F4F1483038387
:10A380000E946D150F900F900F900F9088E392E14F
:10A39000B8010E94193F019759F06091270170910F
:10A3A00028018091290190912A01A8010E9422335D
:10A3B00000D000D082EC91E1EDB7FEB792838183AB
:10A3C0008E010F5F1F4F148303830E946D150F9042
:10A3D0000F900F900F908EEB91E1B8010E94193F02
:10A3E000019729F084E191E0B8010E94213100D069
:10A3F00000D081EE90E1EDB7FEB792838183CE016C
:10A400000196948383830E946D150F900F900F9097
:10A410000F90A6C0C8016AEA70E10E943E46892BEF
:10A4200089F0C8016AEA70E10E946746FC01EE0FFC
:10A43000FF1FE00FF11FE654FF4F608171818AEA30
:10A4400090E104C08AEA90E16AE071E00E94833EF4
:10A45000C8016FEA70E10E943E46892B91F0C80165
:10A460006FEA70E10E946746FC01EE0FFF1FE00FEC
:10A47000F11FE654FF4F608171818FEA90E10E94E5
:10A48000833EC80162EB70E10E943E46892B91F049
:10A49000C80162EB70E10E946746FC01EE0FFF1FEE
:10A4A000E00FF11FE654FF4F6081718182EB90E174
:10A4B0000E94833EC80167EB70E10E943E46892BF3
:10A4C00091F0C80167EB70E10E946746FC01EE0F56
:10A4D000FF1FE00FF11FE654FF4F6081718187EB92
:10A4E00090E10E94833EC8016CEB70E10E943E4601
:10A4F000892B91F0C8016CEB70E10E946746FC016A
:10A50000EE0FFF1FE00FF11FE654FF4F60817181D6
:10A510008CEB90E10E94833EC80160EC70E10E94E8
:10A520003E46892B91F0C80160EC70E10E946746BD
:10A53000880F991F080F191F06541F4FF8016081DB
:10A54000718180EC90E10E94833E00D084EC90E128
:10A55000EDB7FEB7928381830E946D150F900F9027
:10A560000E94B147A096E4E00C947C6484E390E5FB
:10A570006DEF74E10E94214488EE90E561EF74E193
:10A580000C948E47A4E2B0E0E8ECF2E50C94606431
:10A590008C010E94BD4708551F4FD8018D919C9199
:10A5A000085A1040892B09F07BC08E010B5F1F4FAA
:10A5B00086E095E1B8010E94193F00D08BEB96E14F
:10A5C000EDB7FEB7928381830E946D150F900F90B7
:10A5D000C80168EB76E10E947914892B69F400D0F8
:10A5E00080EB96E1ADB7BEB712969C938E93119710
:10A5F0000E946D150F900F9000D084EA96E1EDB7A0
:10A60000FEB7928381830E946D150F900F9086E0B4
:10A6100095E10E946E3DBE016B5F7F4F8F5F9F4F44
:10A6200029F08AE095E10E94193F05C0CB0162E95B
:10A6300076E10E94821484E195E10E946E3DBE01A4
:10A640006F5F7F4F8F5F9F4F29F084E195E10E94FC
:10A65000193F05C0CB0160E976E10E94821400D069
:10A6600000D000D0EDB7FEB7319689E395E1ADB7E4
:10A67000BEB712969C938E931197CE010596938345
:10A680008283CE010196958384830E946D15EDB778
:10A69000FEB736960FB6F894FEBF0FBEEDBF5BC097
:10A6A000C80166E075E10E943E46892B89F0C80129
:10A6B00066E075E10E946746FC01EE0FFF1FE00FA8
:10A6C000F11FE654FF4F6081718186E095E104C07F
:10A6D00086E095E16EE071E00E94833EC8016AE089
:10A6E00075E10E943E46892B91F0C8016AE075E150
:10A6F0000E946746FC01EE0FFF1FE00FF11FE654BA
:10A70000FF4F608171818AE095E10E94833EC8011C
:10A7100064E175E10E943E46892B91F0C80164E135
:10A7200075E10E946746880F991F080F191F06548C
:10A730001F4FD8016D917C9184E195E10E94833E89
:10A7400000D08CE195E1EDB7FEB7928381830E9442
:10A750006D150F900F900E94B147A496E4E00C9401
:10A760007C64A6E2B0E0E7EBF3E50C945C646B017B
:10A77000029709F08CC0DB0112968D919C91139782
:10A780000E945333AC01CB01DA017C018D01E1144D
:10A79000F1040105110599F4F601828193810E946B
:10A7A0009F387B018C016F3FFFEF7F07FFEF8F0723
:10A7B000FFEF9F0721F400D08BEA97E161C000D042
:10A7C00000D088E997E1EDB7FEB792838183D60187
:10A7D00012968D919C911397948383830E946D159B
:10A7E0000F900F900F900F9084E195E10E946E3DC5
:10A7F0008F5F9F4F41F084E195E1BE016D5E7F4F19
:10A800000E94193F01C01B8ACE0143960E94321458
:10A81000262FC801B70140E050E00E94E0378F5F6B
:10A820009F4F59F1CE0101960E945A1B2C813B810A
:10A830004A818DB79EB708970FB6F8949EBF0FBE9A
:10A840008DBFEDB7FEB731968CE797E1ADB7BEB7D8
:10A8500012969C938E9311972283138234831582D0
:10A86000468317820E946D15EDB7FEB738960FB676
:10A87000F894FEBF0FBEEDBF15C000D083E797E18F
:10A88000ADB7BEB712969C938E93119707C000D0B8
:10A8900081E697E1EDB7FEB7928381830E946D1543
:10A8A0000F900F9080E090E0A696E8E00C9478641A
:10A8B00081EB93E56CEB77E10E94214482EC92E519
:10A8C00064EB77E10C948E47A0E2B0E0EAE6F4E5B1
:10A8D0000C945A645C010E94BD4728EA30E0A20E45
:10A8E000B31ED5018D919C91E8E5FFEFAE0EBF1E22
:10A8F000892B09F08AC000D088E49BE1ADB7BEB7D0
:10A9000012969C938E9311970E946D150F900F9045
:10A910005E010894A11CB11CC50160E070E00E94BA
:10A92000E5490197E1F400D000D000D0EDB7FEB7C3
:10A93000319686E99AE1ADB7BEB712969C938E9395
:10A940001197B382A282158214820E946D15EDB711
:10A95000FEB736960FB6F894FEBF0FBEEDBF5E0190
:10A960000894A11CB11CC50161E070E00E94E5499A
:10A970009C0181309105E1F400D000D000D0EDB70A
:10A98000FEB7319686E99AE1ADB7BEB712969C93B1
:10A990008E931197B382A282358324830E946D1512
:10A9A000EDB7FEB736960FB6F894FEBF0FBEEDBFFB
:10A9B0005E010894A11CB11CC50162E070E00E9418
:10A9C000E5490197F1F400D000D000D0EDB7FEB713
:10A9D000319686E99AE1ADB7BEB712969C938E93F5
:10A9E0001197B382A28282E090E0958384830E94D3
:10A9F0006D15EDB7FEB736960FB6F894FEBF0FBED5
:10AA0000EDBF00D08AEE99E17EC0C50163EE79E129
:10AA10000E943E46892B61F000D08EEF97E1EDB7A2
:10AA2000FEB7928381830E946D150F900F908FC0A7
:10AA3000C5016AEF77E10E943E46892B09F46AC09E
:10AA4000C50167EF77E10E946746FC01EE0FFF1F2B
:10AA5000EA0DFB1DE654FF4F808191810E94151481
:10AA60006C01C50164EF77E10E946746FC01EE0FBF
:10AA7000FF1FEA0DFB1DE654FF4F808191810E946C
:10AA800015147C01C50165EE77E10E9467462DB77C
:10AA90003EB72A5030400FB6F8943EBF0FBE2DBFD0
:10AAA000EDB7FEB731968E010F5F1F4FADB7BEB742
:10AAB00012961C930E93119729EE37E1338322836C
:10AAC000D582C482F782E682880F991FA80EB91E2C
:10AAD0002AEB30E0A20EB31ED5018D919C91918797
:10AAE00080870E949215EDB7FEB73A960FB6F8949C
:10AAF000FEBF0FBEEDBFC8010E94C54A0E94744B45
:10AB000000D088EC97E1ADB7BEB712969C938E93B8
:10AB1000119789CFC50164EC77E10E943E46892BED
:10AB2000B1F0C50160EC77E10E946746880F991F7C
:10AB3000A80EB91EEAEBF0E0AE0EBF1ED5018D9156
:10AB40009C910E9415140E94164A0E94744B0E9408
:10AB5000B147A096EAE00C94766484E694E56BE74E
:10AB60007BE10C948E470E94BD4700D08BE89BE1AF
:10AB7000EDB7FEB7928381830E946D150F900F9001
:10AB80000E946E3F00D084E89BE1EDB7FEB7928350
:10AB900081830E946D150F900F900C94B147A0E235
:10ABA000B0E0E5EDF5E50C945E647B0102970CF4F2
:10ABB00089C0FB01828193816CE27CE10E9479145F
:10ABC000892B19F00FEF1FEF13C08E010F5F1F4F7E
:10ABD000C80169E27CE10E9482148BE19CE1B8012A
:10ABE0000E94833E81E090E00E94043D00E010E07E
:10ABF000F7018281938161E17CE10E947914892BC4
:10AC0000F1F480E090E00E94043D8E010F5F1F4F41
:10AC1000C8016DE07CE10E9482148FEF9BE1B801D6
:10AC20000E94833E00D081EF9BE1EDB7FEB7928397
:10AC300081830E946D1500E010E00F900F90F701E6
:10AC4000828193816DEE7BE10E947914892B59F406
:10AC5000F70166817781848195810E946D3E01971D
:10AC600011F400E010E0F7018281938169EE7BE14D
:10AC70000E947914892B49F4F701848195810E94FF
:10AC8000963D019711F400E010E0F7018281938175
:10AC900063EE7BE10E947914892B21F40E946E3FC0
:10ACA00000E010E0F701828193816DED7BE10E946D
:10ACB0007914892B19F40E94433F0FC0FFEF0F3F17
:10ACC0001F0759F400D081E99BE1EDB7FEB79283ED
:10ACD00081830E946D150F900F9080E090E0A09608
:10ACE000E6E00C947A648FEC95E56EE37CE10E94DB
:10ACF000214483EB95E564E37CE10C948E47982F27
:10AD00008091C602882311F49093C6020895DC0155
:10AD100040E051E025C0803338F48E32F0F48032C8
:10AD2000D1F08C3211F519C08A33F8F4E42FF0E039
:10AD3000382F3053552329F0E155FB4F308350E035
:10AD40000EC0E155FB4F80812AE0829FC001112493
:10AD5000380F308304C0552309F44F5F51E011963A
:10AD60008C91882311F04930B0F2842F0895AEE120
:10AD7000B0E0EDEBF6E50C9460641092C80210921E
:10AD8000C9021092CD028AE08093CF021092D002C5
:10AD900081E08093A30A8EE69AE00E940F6384EA22
:10ADA0009AE00E940F63109265041092D5021092EF
:10ADB000B80480E59CE18E010F5F1F4FB8010E942F
:10ADC000193F019729F4C8010E941514880F01C08A
:10ADD0008CE28093F80A8DE59CE18E010F5F1F4F96
:10ADE000B8010E94193F019759F4C8010E94151437
:10ADF0001092AE04892B31F081E08093AE0402C042
:10AE00001092AE0484E49CE18E010F5F1F4FB801E5
:10AE10000E94193F019749F4C8010E941514880F38
:10AE20008093AD04EFEAF4E005C01092AD041092F7
:10AE3000AE04F8CF119284E0E83BF807D9F787E633
:10AE40009CE18E010F5F1F4FB8010E94193F0197CF
:10AE500011F4C8015CDF81E08093F50A0E94C662AC
:10AE600084EF91E00E9401218DED9CE50E94472135
:10AE7000882309F441C087E999E56BEA7CE10E94E7
:10AE80008E4780E897E56CE97CE10E948E478BE96C
:10AE90009AE56EE87CE10E948E478FEF9FEF9093DA
:10AEA000AC048093AB0486E890E00E9422258FEFEB
:10AEB00080931C0510921D0510921E0585EC809351
:10AEC000BC0080E88093F30A00D000D088E79CE1C2
:10AED000EDB7FEB79283818386E890E09483838305
:10AEE0000E946D150F900F900F900F9082E99EE5D4
:10AEF00064E77CE10E945C436E96E4E00C947C6421
:10AF0000A3E2B0E0E6E8F7E50C945C647C010E9403
:10AF1000BD4728EA30E0E20EF31ED7018D919C91E7
:10AF2000E8E5FFEFEE0EFF1E892B09F07DC000D093
:10AF300082E090E2ADB7BEB712969C938E931197C4
:10AF40000E946D1500D0EDB7FEB7319681E89FE104
:10AF5000ADB7BEB712969C938E9311978091F80A65
:10AF60008695828313820E946D15EDB7FEB73196E8
:10AF700083E09FE1ADB7BEB712969C938E93119775
:10AF80008091AD048695828313820E946D150F9087
:10AF90000F908FE99EE1EDB7FEB7928381830E9407
:10AFA0006D150F900F908091AE04882369F000D04A
:10AFB00087E99EE1ADB7BEB712969C938E93119729
:10AFC0000E946D150F900F9000D08BE89EE1EDB7B9
:10AFD000FEB7928381830E946D150F900F9087E6D4
:10AFE0009CE18E010F5F1F4FB8010E94193F00D0F6
:10AFF00000D083EF9DE1ADB7BEB712969C938E93C0
:10B00000119714961C930E9313970E946D150F9031
:10B010000F9086E99DE1EDB7FEB7928381830E9490
:10B020006D150F900F907DC100D08EE59DE1ADB7FD
:10B03000BEB712969C938E9311970E946D151B823A
:10B040000F900F90C70160E57CE10E943E46892B7E
:10B0500009F457C0C70160E57CE10E946746FC0126
:10B06000EE0FFF1FEE0DFF1DE654FF4F6081718153
:10B070006E010894C11CD11CC60142E050E00E9440
:10B08000F114C6010E941514982F8091C7028823DD
:10B0900069F5092F000F802F0E949F62882331F1EC
:10B0A000802F869590E0B6014AE050E00E941C1582
:10B0B00080E59CE1B6010E94833E00D000D0EDB750
:10B0C000FEB7319688E49DE1ADB7BEB712969C936A
:10B0D0008E9311978091F80A8695828313820E943D
:10B0E0006D150F900F900F900F900BC000D084E162
:10B0F0009DE1EDB7FEB7928381830E946D150F909D
:10B100000F90C70164E47CE10E943E46892B41F127
:10B11000C70164E47CE10E946746FC01EE0FFF1F5B
:10B12000EE0DFF1DE654FF4F608171818E010F5FB0
:10B130001F4FC80142E050E00E94F114C8010E9474
:10B140001514880F8093AD04869590E0B8014AE00D
:10B1500050E00E941C1584E49CE1B8010E94833EEB
:10B1600000D000D0EDB7FEB7319680E09DE1ADB7DD
:10B17000BEB712969C938E9311978091AD048695DD
:10B18000828313820E946D150F900F900F900F9085
:10B19000C7016DE57CE10E943E46892B09F1C7019C
:10B1A0006DE57CE10E946746FC01EE0FFF1FEE0D8E
:10B1B000FF1DE654FF4F608171818E010F5F1F4FAD
:10B1C000C80142E050E00E94F114C8010E94151429
:10B1D0001092AE04892B49F081E08093AE0405C043
:10B1E0001092AE0480E389831A828DE59CE16E01A2
:10B1F0000894C11CD11CB6010E94833E00D000D02F
:10B20000EDB7FEB7319686EE9CE1ADB7BEB71296AC
:10B210009C938E9311978091AE04828313820E9437
:10B220006D150F900F900F900F90C70167E67CE1AE
:10B230000E943E46892BC1F0C70167E67CE10E946F
:10B240006746880F991FE80EF91EEAEBF0E0EE0E54
:10B25000FF1ED7016D917C91C6014EE150E00E9426
:10B26000F1141F8EC60153DDEDB7FEB776970FB60A
:10B27000F894FEBF0FBEEDBF31968E010F5F1F4FDA
:10B28000ADB7BEB712961C930E9311978BEC9CE151
:10B29000938382838091AF04848315828091B0046C
:10B2A000868317828091B104808711868091B204D1
:10B2B000828713868091B304848715868091B404B5
:10B2C000868717868091B504808B118A8091B60499
:10B2D000828B138A8091B704848B158A0E94921501
:10B2E000EDB7FEB776960FB6F894FEBF0FBEEDBF72
:10B2F00087E69CE1B8010E94833E00D000D087EB36
:10B300009CE1ADB7BEB712969C938E93119714969D
:10B310001C930E9313970E946D150F900F900F9032
:10B320000F900E94B147A396E8E00C9478640F93C5
:10B330001F93CF93DF93EC01C855DF4F888199812C
:10B34000C85AD040892B61F1CE0169E473E20E94B2
:10B350003E46892B29F1CE0161E473E20E946746E3
:10B360008C0185E694E00E94D814000F111FC00FD5
:10B37000D11FC654DF4F6881798143E450E0481BF8
:10B38000590B85E694E00E94E1141092A80485E62A
:10B3900094E06EE373E20E946E1481E08093C80231
:10B3A0008091C702873011F08A3041F480916504A2
:10B3B000882311F403E00DC002E00BC08091650406
:10B3C000882311F001E005C08091C802811181E05D
:10B3D000082F00D08AE093E2ADB7BEB712969C93D7
:10B3E0008E9311970E946D15802F81500F900F90B2
:10B3F000823030F585E694E00E94D81465E070E074
:10B400000E940964262F2E5F013009F42F5F00D0BF
:10B4100000D0EDB7FEB7319680ED92E2ADB7BEB782
:10B4200012969C938E931197822F2B3008F08AE00E
:10B43000828313820E946D150F900F900F900F90D2
:10B4400000D082EC92E2EDB7FEB7928381830E9436
:10B450006D158CEF91E2ADB7BEB712969C938E93AB
:10B4600011970E946D15802F82500F900F9082309F
:10B4700090F400D000D082EE91E2EDB7FEB7928357
:10B48000818385ED92E0948383830E946D150F90F4
:10B490000F900F900F900130A9F0013018F002309A
:10B4A00039F51CC000D08DEC91E2ADB7BEB7129655
:10B4B0009C938E9311970E946D151092D5020F9058
:10B4C0000F901AC000D08BE991E2EDB7FEB79283DE
:10B4D00081830E946D151092D50217C000D08DE6B1
:10B4E00091E2ADB7BEB712969C938E9311970BC0A5
:10B4F000002311F0033059F400D081EF90E2EDB752
:10B50000FEB7928381830E946D150F900F9000D03B
:10B5100089EE90E2ADB7BEB712969C938E931197C9
:10B520000E946D150F900F900E94B147DF91CF914F
:10B530001F910F9108951F930E94BD4700D084E092
:10B5400096E2ADB7BEB712969C938E9311970E9468
:10B550006D1585ED92E0EDB7FEB7928381830E9471
:10B56000591582EF95E2ADB7BEB712969C938E93B4
:10B5700011970E946D1585E694E0EDB7FEB79283B2
:10B5800081830E94591500D08DED95E2ADB7BEB70D
:10B5900012969C938E93119788EB94E014969C934B
:10B5A0008E9313970E946D151092B80420911C057C
:10B5B000EDB7FEB7319686EC95E2ADB7BEB7129601
:10B5C0009C938E931197228313820E946D15209174
:10B5D0001D05EDB7FEB731968FEA95E2ADB7BEB760
:10B5E00012969C938E931197228313820E946D155D
:10B5F00020911E05EDB7FEB7319683E995E2ADB710
:10B60000BEB712969C938E931197228313820E9449
:10B610006D15EDB7FEB7319684E895E2ADB7BEB7CC
:10B6200012969C938E9311978091C7028283138206
:10B630000E946D152091F30AEDB7FEB7319684E7AD
:10B6400095E2ADB7BEB712969C938E931197228365
:10B6500013820E946D152091FC0AEDB7FEB731965A
:10B660008FE595E2ADB7BEB712969C938E93119776
:10B67000228313820E946D152091C902EDB7FEB797
:10B68000319687E495E2ADB7BEB712969C938E9340
:10B690001197228313820E946D152091CA02EDB783
:10B6A000FEB731968FE295E2ADB7BEB712969C9386
:10B6B0008E931197228313820E946D152091CB02E5
:10B6C000EDB7FEB7319686E195E2ADB7BEB71296FB
:10B6D0009C938E931197228313820E946D15209163
:10B6E000CC02EDB7FEB731968AEF94E2ADB7BEB7A4
:10B6F00012969C938E931197228313820E946D154C
:10B700002091CF02EDB7FEB731968CED94E2ADB744
:10B71000BEB712969C938E931197228313820E9438
:10B720006D152091D002EDB7FEB731968EEB94E205
:10B73000ADB7BEB712969C938E9311972283138256
:10B740000E946D152091D3023091D40289EA94E2CF
:10B75000EDB7FEB792838183348323830E946D15F6
:10B760000F900F900F900F9084EA9AE0B0D700D01E
:10B7700000D0EDB7FEB7319626E834E2ADB7BEB7DC
:10B7800012963C932E931197828313820E946D151B
:10B790001091D80A1AC0123308F010E0E12FF0E03F
:10B7A000EC55F54F208100D000D0EDB7FEB73196B3
:10B7B00080E894E2ADB7BEB712969C938E93119732
:10B7C000228313820E946D151F5F0F900F900F90C0
:10B7D0000F908091D70A1817F1F62091CD0200D072
:10B7E00000D0EDB7FEB7319688E694E2ADB7BEB7AC
:10B7F00012969C938E931197228313820E946D154B
:10B800002091CE02EDB7FEB7319680E594E2ADB758
:10B81000BEB712969C938E931197228313820E9437
:10B820006D152091A30AEDB7FEB731968DE394E232
:10B83000ADB7BEB712969C938E9311972283138255
:10B840000E946D152091D1023091D2028FE194E2D5
:10B85000EDB7FEB792838183348323830E946D15F5
:10B86000EDB7FEB7319689E094E2ADB7BEB7129658
:10B870009C938E9311978091C602828313820E94BB
:10B880006D151092C6022091D90A3091DA0A84EF20
:10B8900093E2EDB7FEB792838183348323830E94C2
:10B8A0006D151092DA0A1092D90A60911F057091F5
:10B8B0002005809121059091220500D021ED33E2F1
:10B8C000ADB7BEB712963C932E93119724EF31E09B
:10B8D00040E050E0C5D7EDB7FEB7238334834583FE
:10B8E00056830E946D1583EB93E2ADB7BEB71296F7
:10B8F0009C938E93119760912305709124058091FC
:10B9000025059091260524EF31E040E050E0A8D7CE
:10B91000EDB7FEB723833483458356830E946D15AC
:10B920008DB79EB708970FB6F8949EBF0FBE8DBF18
:10B93000EDB7FEB731968BE793E2ADB7BEB712967F
:10B940009C938E93119780914F0990915009A091EB
:10B950005109B091520982839383A483B583809166
:10B960004B0990914C09A0914D09B0914E098683E5
:10B970009783A087B18780917D0190917E01A091EE
:10B980007F01B091800182879387A487B5870E9449
:10B990006D15EDB7FEB73C960FB6F894FEBF0FBE1F
:10B9A000EDBF81E593E2928381830E946D150F9034
:10B9B0000F900E94B1471F9108951F9316B5809173
:10B9C0001C05181710F410931C0580911D05811794
:10B9D00010F410931D0581B18F6081B992B120914F
:10B9E000C702822F8F70907F892B82B980911F05AB
:10B9F00090912005A0912105B09122050196A11DED
:10BA0000B11D80931F0590932005A0932105B0934D
:10BA10002205273019F02A3009F006C18091D3029F
:10BA20009091D40201969093D4028093D302809196
:10BA3000C902882309F45CC08091C902883009F4E6
:10BA400057C08091CF0281508093CF028091CF0266
:10BA5000833048F48091FC0A882329F08091CC023D
:10BA60008F5F8093CC028091CF02882309F050C071
:10BA70008091C902813041F48091CC028230E0F49F
:10BA800082E08093C90230C08091C9028730B9F446
:10BA90008091CC0290E0823008F491E09093CB0248
:10BAA00088E08093C9028091CB028823E9F46091F9
:10BAB000CA0284EA9AE0D7D51092C90215C08091D3
:10BAC000CA02880F8093CA028091CC02823028F08B
:10BAD0008091CA0281608093CA028091C9028F5FFF
:10BAE0008093C9021092CC021092CC028AE00EC060
:10BAF0008091FC0A882389F481E08093C902109226
:10BB0000CA021092CB021092CC0286E08093CF0240
:10BB10001092D4021092D30225C08091CD028130C0
:10BB200081F48091CE0290E08F719070880F991F00
:10BB3000880F991F83608093CE021092D00282E01A
:10BB40000FC08091CD02882369F48EE69AE072D509
:10BB5000882341F48EE69AE0A2D58093CE0281E05C
:10BB60008093CD028091CD02823078F18091CD0218
:10BB7000883069F48091D0028F5F8093D0028091E9
:10BB8000D0028F3010F01092CD0291E018C0909149
:10BB9000CE0290788091D0028F5F8093D002809106
:10BBA000D0028A3060F08091CE02880F8093CE025E
:10BBB0008091CD028F5F8093CD021092D0021092BF
:10BBC000D4021092D302992351F08091A30A8823C2
:10BBD00089F48CE96CD481E08093A30A08C0809139
:10BBE000A30A882339F083E962D41092A30A82E081
:10BBF00090E03AC08091D1029091D202892BF1F469
:10BC00008091DB0A882321F08091DB0A843081F562
:10BC10008091FD0A882361F18091A30A882311F4A1
:10BC200086E91FC08AE91DC0222311F12F3001F1DE
:10BC30008091D1029091D202892B31F08091D10272
:10BC40009091D202019710C08091DB0A882321F0E5
:10BC50008091DB0A843061F48091FD0A882341F0F1
:10BC600089EA25D48FEF90E09093D2028093D1029D
:10BC700096B5911B80911E05891710F490931E05AF
:10BC80001F910895A2E1B0E0E7E4FEE518C68091B7
:10BC9000C802882309F443C0CE0101960E945A1BB2
:10BCA00005E614E002C00F5F1F4FD8018C91882376
:10BCB00021F0B4E009371B07B1F74E815F81288579
:10BCC00039856C817B81FA80EDB7FEB770970FB62E
:10BCD000F894FEBF0FBEEDBF3196ADB7BEB712965A
:10BCE0001C930E93119785E697E293838283448396
:10BCF000158256831782318720876287138674875F
:10BD00001586F68617860E9492151092C802EDB726
:10BD1000FEB770960FB6F894FEBF0FBEEDBF6296E9
:10BD2000E5E0E9C5A5E0B0E0E7E9FEE5C7C580913B
:10BD3000230590912405A0912505B0912605019633
:10BD4000A11DB11D8093230590932405A093250583
:10BD5000B0932605CE0101963CD4882309F482C015
:10BD60009981963A09F458C0973A70F4933A91F150
:10BD7000943A30F4892F81508F3708F070C013C087
:10BD8000953A09F06CC030C09C3A09F45AC09D3A0B
:10BD900020F49A3A09F063C041C0892F805B8A3051
:10BDA00008F05DC039C08091C702882309F057C0F0
:10BDB00088E08093C702990F9093F70A8091AE04B0
:10BDC000882321F48091F70A8093AD0487E0DDD1C8
:10BDD00084E035C08091C702883021F485EA67D3BA
:10BDE0008AE007C083EA3CC08091C7028230A1F498
:10BDF00087E08093C70211E01093FC0A1093A30A16
:10BE00008EE69AE00CD484EA9AE009D481E6809325
:10BE1000D60A1093C80226C085EA22C01092C80232
:10BE20008091C7028823F1F08CEA41D31092C702B7
:10BE300084E0ABD183E0A9D181E0A7D187E0B6D17E
:10BE400011C08091C7028F3089F388EB94E063E4DE
:10BE500077E20E94821489810E947F56E7CF892F62
:10BE60000E947F568091C702873019F08A3009F00E
:10BE700061C0809165048823D1F18EE69AE0DAD31F
:10BE80008823A9F180916504803429F487E18093A7
:10BE90006504109266048091650460EA7AE0AE0160
:10BEA0004E5F5F4F9E012D5F3F4F57D48823C9F0EF
:10BEB0008EE69AE06A81D7D38823C9F06B816F3F01
:10BEC00029F08EE69AE0CFD3882389F0809165042B
:10BED0008C831D8285ED92E0BE016C5F7F4F0E94D6
:10BEE000BD1485E694E066E674E00E94D11484EA0D
:10BEF0009AE0A0D38823F1F485ED92E00E94D81453
:10BF00008F58914030F085ED92E066ED72E00E942E
:10BF1000D11484EA9AE0C3D366ED7AE001D48C832D
:10BF2000882341F01D8285ED92E0BE016C5F7F4F5A
:10BF30000E94BD148091C802882399F08091C702A5
:10BF4000882379F48091AD048093F70A87E01DD1AE
:10BF500084E01BD18091F80A8695A9D281E0809374
:10BF6000C7028091C7028130E1F48091DB0A8430FE
:10BF7000C1F48091FA0A882331F483EA98D282E0EE
:10BF80008093C7020EC01092650488EB94E069E0CC
:10BF900077E20E94821487E009D11092C7021092C2
:10BFA000C8028091C702873041F48091D3029091FA
:10BFB000D40289599A4308F065DE8091C80288232B
:10BFC000F9F48091D3029091D4028B3F9105C0F097
:10BFD0008091C702873011F08A3091F48091650416
:10BFE000882371F48EE69AE025D3882349F08AEA03
:10BFF0005ED28FE08093C7021092D4021092D302D7
:10C000008091AB049091AC048F5F9F4FE9F486E878
:10C0100090E00E9455259093AC048093AB048F5F11
:10C020009F4F91F000D083EE96E2EDB7FEB792837A
:10C0300081830E946D15109265041092D50281E0F3
:10C040008093C8020F900F908091AB049091AC0444
:10C050000E9480258823C1F400D080EC96E2EDB7E1
:10C06000FEB7928381830E946D150F900F9080918F
:10C07000AB049091AC040E94602A8FEF9FEF9093E5
:10C08000AC048093AB04FEDD8091AB049091AC04D2
:10C09000FFEF8F3F9F0709F475C00E94AF257C0119
:10C0A000181619060CF048C085E694E00E94D814D2
:10C0B0008C018091AB049091AC0424E430E0201B0F
:10C0C000310BB7012E153F050CF4B901E5E6EE2E54
:10C0D000E4E0FE2EE00EF11EA7010E94E728FC011D
:10C0E000181619064CF5EB59FB4FE00FF11F1082A3
:10C0F00081E08093C802C7016CEB76E243E050E038
:10C100000E949214892BC1F400D08AE996E2EDB71F
:10C11000FEB7928381830E946D150F900F908091DE
:10C12000AB049091AC040E94602A8FEF9FEF909334
:10C13000AC048093AB04A6DD85ED92E00E94D81498
:10C14000BC018B30910558F48091D5028823D1F041
:10C150008091D3029091D4028436910598F0809119
:10C16000AB049091AC0445ED52E020E00E940F2B0F
:10C17000BC011816190634F46B527D4F85ED92E020
:10C180000E94D1142596E6E0B5C34FB7F89490917C
:10C19000F30A21E030E002C0220F331F8A95E2F754
:10C1A000209529232093F30A4FBF08954FB7F894A1
:10C1B0009091F30A21E030E002C0220F331F8A95EC
:10C1C000E2F7922B9093F30A4FBF0895982F8A3984
:10C1D00091F08B3928F4833941F0863991F405C008
:10C1E0008C3949F0893A69F4089581E08093F40A22
:10C1F0001092FC0A089581E08093F40A8093FC0A6F
:10C2000008958091FB0AE82FF0E0E352F54F908308
:10C210008F5F8093FB0A8091FB0A843148F0809104
:10C22000F20A882311F483E10CC01092FB0A0BC0C0
:10C230009091FB0A8091F20A981729F48091FB0AE9
:10C2400081508093FB0A8091F30A80648093F30A03
:10C250008091F30A8F778093F30A08951F920F92CB
:10C260000FB60F9211242F933F934F935F936F93C9
:10C270007F938F939F93AF93BF93EF93FF9380919F
:10C28000D90A9091DA0A01969093DA0A8093D90A32
:10C290008091B90090E0887F90708035910509F415
:10C2A0009AC08135910594F58032910509F48CC0CE
:10C2B000813291059CF48830910509F460C0893081
:10C2C000910524F4892B09F474C0D1C08031910503
:10C2D00009F461C0489709F0CAC061C0883391056C
:10C2E00009F46CC08933910544F48832910509F44E
:10C2F0005BC0C09709F0BBC057C08034910509F4FA
:10C3000092C08834910509F0B2C05EC0803A9105B0
:10C3100009F49EC0813A9105CCF48836910509F460
:10C320006DC0893691054CF48835910509F453C0E8
:10C330008036910509F09BC066C08038910509F4EC
:10C340006FC08838910509F092C06FC0883B910595
:10C3500009F474C0893B91054CF4883A910509F4BD
:10C360006DC0803B910509F082C063C0803C91059F
:10C3700009F46EC0883C910509F079C069C08091CC
:10C38000DB0A813041F08091F70A81608093BB0025
:10C390001092FD0A6CC08091F70A8E7FF7CF8091D2
:10C3A000DC0A8093BB0063C084E08093DB0A1092B8
:10C3B000FA0A81E08093FD0A85E55CC08091F90A64
:10C3C0008F5F8093F90A55C084E08093DB0A81E097
:10C3D0008093FA0AEFCF8091BB008093270580916C
:10C3E000DB0A823009F78091270587FD42C084E08F
:10C3F0008093DB0A83E08093FA0ADBCF8091F90A0D
:10C400008F5F8093F90AA8951092FD0A9091BB0066
:10C410008091F50A8150969589238093F60A03C08E
:10C420008091BB00D3DE85E025C08091BB00CEDECD
:10C430000FC08091F90A8F5F8093F90A8091F30A07
:10C440008093BB001092FD0A81E08093F10A0FC037
:10C4500081E08093FD0A8091DB0A833051F0809166
:10C46000DB0A813031F08091DB0A823011F085E403
:10C4700001C085E680688093BC00FF91EF91BF9179
:10C48000AF919F918F917F916F915F914F913F916C
:10C490002F910F900FBE0F901F9018958091DB0A7F
:10C4A000882321F08091DB0A8430C1F708951F931F
:10C4B000182FF4DF9FB7F8941093DC0A17FF02C01F
:10C4C00081E001C082E08093DB0A8091FD0A88232D
:10C4D00049F08091BC0084FDFCCF8091BC0080625B
:10C4E0008093BC009FBF1F9108950F931F93182F37
:10C4F000D5DF0091F70A1093F70A83E08093DB0AF7
:10C500008091FD0A882349F08091BC0084FDFCCF16
:10C510008091BC0080628093BC00C0DF0093F70A6A
:10C520008091FA0A882319F02FEF3FEF04C0809121
:10C530002705282F30E0C9011F910F9108951F93FF
:10C54000182F82508B3D98F410FD11C0812FCDDF44
:10C5500097FF0DC0F8941093BA008091BC008064DE
:10C560008093BC0078941093F80A81E00DC0F89491
:10C570001092BA008091BC008F7B8093BC007894AD
:10C580008FEF8093F80A80E01F91089581E08093F7
:10C59000FD0A1092DB0A8093B90080E48093B80012
:10C5A0008091F80A8E7F8093BA0084E88093BC0063
:10C5B0008091F50A8150880F8093BD001092F90A8E
:10C5C0001092F20A1092FB0A1092DA0A1092D90A1B
:10C5D0000895DC019091F20A8091FB0A981711F4FA
:10C5E00080E008959091F20AE92FF0E0E352F54FD0
:10C5F00080818C939F5F9093F20A8091F20A84313C
:10C6000010F01092F20A9091F20A8091FB0A9817AA
:10C6100011F081E0089586E0B8DD81E00895FC0125
:10C6200012AA13AA14AA0895813310F080E0089585
:10C630008F5F0895FC0194A983A920E0981709F45D
:10C6400021E0822F08950F931F938C01FC0183A991
:10C65000EBDFF80194A920E0891709F421E0822F8B
:10C660001F910F9108950F931F93CF93DF93EC01C8
:10C67000062FE9DF882311F080E00CC01FB7F89483
:10C680008BA9FE01E80FF11D00838BA9CDDF8BABD9
:10C690001FBF81E0DF91CF911F910F910895EF921D
:10C6A000FF920F931F938C01EFB6F894FC0184A9BD
:10C6B000E80FF11DF080F80184A9B6DFF80184AB22
:10C6C000EFBE8F2D1F910F91FF90EF900895FC0109
:10C6D00094A983A9891720F423A984A92E5C02C0F8
:10C6E00023A984A9281B822F0895282F613619F4C5
:10C6F000EAE9F7E204C0613381F4EBEBF7E2822F61
:10C7000081548A3108F4205E90E08491281731F03A
:10C710009F5F903211F03196F8CF9FEF892F0895E7
:10C72000DB018B3111F481E303C08F3119F481E611
:10C730008C930BC06C91613331F4E82FF0E0E55439
:10C74000F84D84910895613611F080E00895E82F46
:10C75000F0E0E656F84D84910895A0E0B0E0E2EBF9
:10C76000F3E6ABC0D82E7B01EA01890187E1D81638
:10C7700041F48BE1888382E1F9018083FB0110821F
:10C7800024C08D2DFB016081B0DF88838FEFF8011D
:10C79000808388818F3FC9F48D2D61E6A6DFF80183
:10C7A00080838F3F21F08FE1888381E60CC08D2D3F
:10C7B00061E39BDFF80180838F3F11F480E006C0C6
:10C7C0008BE1888381E3F701808381E0CDB7DEB719
:10C7D000E7E08FC0629FD001739FF001829FE00D60
:10C7E000F11D649FE00DF11D929FF00D839FF00DF0
:10C7F000749FF00D659FF00D9927729FB00DE11D9C
:10C80000F91F639FB00DE11DF91FBD01CF01112478
:10C810000895AA1BBB1B51E107C0AA1FBB1FA61787
:10C82000B70710F0A61BB70B881F991F5A95A9F7D9
:10C8300080959095BC01CD01089597FB092E0726A0
:10C840000AD077FD04D0E5DF06D000201AF47095F9
:10C8500061957F4F0895F6F7909581959F4F0895C4
:10C86000A1E21A2EAA1BBB1BFD010DC0AA1FBB1FF4
:10C87000EE1FFF1FA217B307E407F50720F0A21B66
:10C88000B30BE40BF50B661F771F881F991F1A94D3
:10C8900069F760957095809590959B01AC01BD01FD
:10C8A000CF0108952F923F924F925F926F927F92A5
:10C8B0008F929F92AF92BF92CF92DF92EF92FF92B0
:10C8C0000F931F93CF93DF93CDB7DEB7CA1BDB0B5C
:10C8D0000FB6F894DEBF0FBECDBF09942A88398801
:10C8E00048885F846E847D848C849B84AA84B98408
:10C8F000C884DF80EE80FD800C811B81AA81B98114
:10C90000CE0FD11D0FB6F894DEBF0FBECDBFED0127
:06C910000895F894FFCF2A
:10C916004D4350636F6E666967006F6666006F66AB
:10C926006600FF0102036F551CC801C0A8B26FFF65
:10C93600FFFF00C0A8B201C0A8B2010000000300BA
:10C946000000009B3C6E3C0000FFFFFFFF7A208644
:10C95600208C20A220B920BF20D220EC20191E9BBB
:10C966001D481D3C1D3C1D16052105007504970933
:10C97600A409004501EA0AF60A003A01000000008F
:04C9860000000000AD
:00000001FF
