:100000000C940F5D0C94365E0C94615E0C948C5EC7
:100010000C94B75E0C94E25E0C940D5F0C94385F08
:100020000C94635F0C94A85D0C94A85D0C94A85D7F
:100030000C9478BF0C94A85D0C94A85D0C94A85DFA
:100040000C94A85D0C9424630C94A85D0C94A85D9A
:100050000C94A85D0C94F16A0C94A85D0C94A85DB6
:100060000C94A85D0C9471640C9430640C94156429
:100070000C94A85D0C94A85D0C94A85D0C94A85DEC
:100080000C94A85D0C94A85D0C94A85D0C94A85DDC
:100090000C9475650C94E9640C94AC640D947A49E5
:1000A0000C94A85D0C94A85D0C94A85D0C94A85DBC
:1000B0000C94A85D0C94A85D0C94A85D0C94A85DAC
:1000C0000C94A85D0C94A85D0C94A85D0C0D0E0F0B
:1000D000253032783A253032783A253032783A2550
:1000E0003032783A253032783A253032780025643B
:1000F0002E25642E25642E25640044484350206D2F
:10010000736720747970652035332076616C75656E
:100110002025750D0A0044484350206D73672074F4
:100120007970652035332076616C75652025750DF5
:100130000A005544502D536F636B657420676573D7
:1001400063686C6F7373656E2E0D0A0054696D657C
:100150006F7574206265696D2077617274656E20B9
:1001600061756620416E74776F72742E0D0A0046B9
:10017000616C736368657320466F726D617420648F
:10018000657220416E74776F72742E0D0A00416E95
:1001900074776F727420657268616C74656E2E0D71
:1001A0000A0057617274652061756620416E74772C
:1001B0006F72742E005544502D5061636B6574202E
:1001C000676573656E6465742E0D0A005544502D85
:1001D000536F636B65742061756667656D616368F5
:1001E00074207A75722025732E0D0A004F6566669D
:1001F0006E65206E6575657320536F636B65742E35
:100200000D0A004950004D41534B00444E530047E6
:1002100041544500444843502D436F6E6669672042
:100220006765686F6C740D0A00444843502D436F36
:100230006E666967204665686C67657363686C61A4
:1002400067656E0D0A00207C2D3E20566572737521
:1002500063686520444843502D436F6E666967208C
:100260007A7520686F6C656E2E2000206665686C5C
:1002700067657363686C6167656E0D0A002066656B
:10028000686C67657363686C6167656E0D0A002052
:100290005A6569743A20253032643A253032643A1E
:1002A000253032642E253032640D0A004E545053EE
:1002B0004552564552005554435A4F4E4500207CF6
:1002C0002D3E204E54502D536572766572205A652E
:1002D000697420616B7475616C6973696572656EB0
:1002E0003A006F6E004E545000207C202020444E77
:1002F00053202020203A2025730D0A00207C202046
:1003000020476174657761793A2025730D0A0020D2
:100310007C2020204E65746D61736B3A2025730D2F
:100320000A00207C202020495020202020203A2034
:1003300025730D0A006F6E00444843500044484343
:100340005000207C2D3E2054435020284875727266
:100350006963616E2D656E67696E652920696E69D6
:100360007469616C6973696572740D0A00207C2D73
:100370003E205544502028546F726E61646F2D6585
:100380006E67696E652920696E697469616C69734D
:10039000696572740D0A002D2B2D3E2041525020AC
:1003A000696E697469616C6973696572740D0A00BC
:1003B000204C696E6B2072656164790D0A002046DD
:1003C000756C6C6475706C65783A00454E433238D4
:1003D0006A363020285265762E3A20256429206915
:1003E0006E697469616C697369657274202820484C
:1003F000572D4164643A20253032783A25303278DE
:100400003A253032783A253032783A253032783A07
:10041000253032782029004D4143004D4143004DA5
:100420004350636F6E666967000D0A000A0025631A
:1004300000436F6E666967206973742025642062CB
:10044000797465732067726F73732C202564206242
:100450007974652077657264656E2062656E757467
:100460007A742E204F66667365742025640D0A0D1C
:100470000A004F46460057524954455F50524F5468
:100480004543540020496E697469616C69736965FC
:1004900072740D0A00204572726F720D0A00544882
:1004A00052454144005348454C4C0046696C6573C5
:1004B000797374656D004D4D432F53440045585476
:1004C000494E5400436F6E666967004C45445F6354
:1004D0006F726500434C4F434B005354444F555487
:1004E0000055415254006954656C65782E2E2E0DCE
:1004F0000A003EFFFFFF3F3435363738393A3B3C80
:100500003DFFFFFFFFFFFFFF000102030405060799
:1005100008090A0B0C0D0E0F1011121314151617E3
:100520001819FFFFFFFFFFFF1A1B1C1D1E1F2021B4
:1005300022232425262728292A2B2C2D2E2F303123
:1005400032334142434445464748494A4B4C4D4E5D
:100550004F505152535455565758595A616263641B
:1005600065666768696A6B6C6D6E6F7071727374C3
:1005700075767778797A30313233343536373839A1
:100580002B2F002F6E69632F7570646174653F684F
:100590006F73746E616D653D2573006D656D626589
:1005A00072732E64796E646E732E6F726700636867
:1005B00065636B69702E64796E646E732E6F7267FB
:1005C00000474554200020485454502F312E300D00
:1005D0000A557365722D4167656E743A20576765D9
:1005E000742F312E31312E340D0A416363657074DE
:1005F0003A202A2F2A0D0A486F73743A20000D0AF8
:10060000417574686F72697A6174696F6E3A2042DD
:10061000617369632025730D0A0D0A000D0A0D0A26
:10062000002F00436F6E74656E742D4C656E677499
:10063000683A2000485454502F312E000D0A0043D0
:100640006F6D6D616E64733A0D0A0D0A0068656C1A
:100650007000485454502F312E30203430330D0A5E
:10066000436F6E74656E742D547970653A207465AD
:1006700078742F68746D6C0D0A4B6565702D416C34
:100680006976653A20636C6F73650D0A0D0A3C4804
:10069000544D4C3E3C424F44593E34303320466921
:1006A0006C65206E6F7420666F756E64213C2F42FE
:1006B0004F44593E3C2F48544D4C3E0D0A0D0A0004
:1006C000504F535400474554006874747064004898
:1006D0005454502D53657276657220506F72742099
:1006E00025642E0D0A00696E6465782E68746D6C41
:1006F000003C2F424F44593E3C2F48544D4C3E0D38
:100700000A0D0A003C48544D4C3E3C484541443E8D
:100710003C6D65746120687474702D6571756976BF
:100720003D22657870697265732220636F6E74650F
:100730006E743D2230223E3C212D2D20456E61629B
:100740006C6520494539205374616E64617264732D
:10075000206D6F6465202D2D3E3C6D6574612068B1
:100760007474702D65717569763D22582D55412D33
:10077000436F6D70617469626C652220636F6E7483
:10078000656E743D2249453D3922203E3C2F484547
:1007900041443E3C424F44593E00485454502F314E
:1007A0002E312032303020446F63756D656E7420B9
:1007B000666F6C6C6F77730D0A436F6E74656E7441
:1007C0002D547970653A20746578742F68746D6C57
:1007D0000D0A43616368652D436F6E74726F6C3AE6
:1007E000206E6F2D63616368650D0A436F6E6E65E1
:1007F0006374696F6E3A20636C6F73650D0A0D0A3E
:1008000000696E6465782E68746D6C003C48544DC8
:100810004C3E3C484541443E3C5449544C453E695D
:100820002D54656C65783C2F5449544C453E3C2F03
:10083000484541443E3C6672616D65736574207243
:100840006F77733D2236342C34302C2A2C343022EE
:10085000207363726F6C6C696E673D226E6F22202D
:100860006672616D65626F726465723D223222202C
:10087000626F726465723D223222206672616D651C
:1008800073706163696E673D22322220626F726409
:100890006572636F6C6F723D2223303030303030C0
:1008A000223E3C6672616D65207372633D2268650D
:1008B00061646C696E652E68746D6C22206E616D6A
:1008C000653D224E617669676174696F6E312220E1
:1008D0007363726F6C6C696E673D226175746F2211
:1008E0003E3C6672616D65207372633D226D616985
:1008F0006E6D656E752E68746D6C22206E616D650F
:100900003D224E617669676174696F6E3222207391
:1009100063726F6C6C696E673D226175746F223E05
:100920003C6672616D65207372633D22696E666F0D
:100930002E68746D6C22206E616D653D226D61695B
:100940006E223E3C6672616D65207372633D227358
:10095000746174732E63676922206E616D653D2238
:1009600075706461746522207363726F6C6C696E5C
:10097000673D226175746F223E3C6E6F6672616DD9
:1009800065733E3C626F64793E3C703E49687220FC
:1009900042726F7773657220756E74657273742618
:1009A00075756D6C3B747A74206B65696E65204655
:1009B00072616D6573213C2F703E3C2F626F6479CC
:1009C0003E3C2F6E6F6672616D65733E3C2F6672A2
:1009D000616D657365743E3C2F48544D4C3E0D0A65
:1009E0000D0A00686561646C696E652E68746D6CD3
:1009F000003C48544D4C3E3C424F4459207465786D
:100A0000743D222330303030433022207374796CAF
:100A1000653D226261636B67726F756E642D696DEF
:100A20006167653A75726C286C6F63687374726580
:100A30006966656E2D68672E706E6729223E3C736D
:100A400070616E207374796C653D22666F6E743AC6
:100A500020626F6C6420343070782027436F757289
:100A6000696572204E6577272C274C756369646130
:100A700020436F6E736F6C65272C6D6F6E6F737094
:100A80006163653B20223E3C623E692D54656C6586
:100A900078202D20546F4950202D20657468657290
:100AA0006E657420696E746572666163653C2F6261
:100AB0003E3C2F7370616E3E3C2F424F44593E3C8A
:100AC0002F48544D4C3E0D0A0D0A006C6F6368733D
:100AD0007472656966656E2D68672E706E67008931
:100AE000504E470D0A1A0A0000000D4948445200B2
:100AF0000002250000003F0403000000CD91A50C7A
:100B000000000030504C5445FFFF66C0C0C0FF00DD
:100B100000000000000000000000000000000000D5
:100B200000000000000000000000000000000000C5
:100B30000000000000000000C3145A130000000968
:100B40007048597300000B1300000B1301009A9CAE
:100B5000180000027F4944415478DAED5B5B72C3B0
:100B6000200CB47302ABF73F6CE33CA8C9EAB12494
:100B7000D30969573F558C84F10E428BA0CB227963
:100B80009093201026C2E4594CD6EDFCD796837280
:100B9000914EB934A1B036AD2978C5E23E093A5C30
:100BA000466D82612498AC66DB62663FCAB58FA34E
:100BB000726972DE43DAB4A6E015D8E1ED57FDC1E3
:100BC0008CCDEDCD07E3DC6B3A4CB6E36718F1A9A9
:100BD000C64D9373CFCDB8F03AEDD6B61B6D4DB977
:100BE000BBFD28E67642DBB426FF15D86133263EEE
:100BF000D5C869F2300C613288896247987C20261A
:100C000053E41D09CFD990DB18C98890CE55EE0565
:100C10001B4C781DE385542DA7A061ECB4A91E4C94
:100C2000EC384030AC2AF760AA770A36D15E183229
:100C30007EECDCBD26C5A42DB690AF9D2785172E72
:100C4000ADC11A7BF78AF809E6F1351E0CF29380E4
:100C5000E70C4C138EC3305E484B0ABA254C3C4C13
:100C6000143B183BC2E443307973DE9188C70A9382
:100C70002731D9A368DD034CCA55F1D6D8F72A9796
:100C800005707DA7224C3C4C1432183B4EADE09FC2
:100C90002BCA3BCAC5AFD7D9FA529511352BCBBD5C
:100CA000B009CB74D861500034D72629A6255E47F9
:100CB0009B74BFD36F7CB0DA5CEC89D00B9B9CED4E
:100CC0005267DC27856E0BD3EF6EBA0C126C6A127A
:100CD000AFA3CD7C98F49BD67606815BDD6E17DCE6
:100CE0009E249BDFC4ABB3496B4A5D5926384A4BFF
:100CF000EA4EE8854DC5215D52EC42F7EAB02FF18E
:100D0000EA6C848987896207634798CC8FC90C791C
:100D100047F20A67634E4219D265041B2C0E3793C3
:100D20009359FA8437247803B1C354A41363BF588A
:100D3000EDC4971F29556D9971C73AB6DBF37C98BE
:100D4000042B6A7106D1DB24F758708D051B9E9F1A
:100D500030A77E0CC1A8384C721C397C3D2C6150E8
:100D6000099911261E268A1D8C1D61323F2633E407
:100D70001D09C5D982625AC2EB98FF53580836380C
:100D800024C317DB98F104B1136C6A92F862EE8BFE
:100D900006900CDCD4F142A6681ABA96F007301916
:100DA000BE88527965FCC42F1C251C86B9931F8F01
:100DB000DE9E9E268397B898F10813C50E1F3BC28E
:100DC000447987C93B1261224C848930F93D4C4CEF
:100DD000F2205FDF827D01B9877BC8E3000000005D
:100DE00049454E44AE4260826D61696E6D656E75B7
:100DF0002E68746D6C003C48544D4C3E3C48454157
:100E0000443E3C6C696E6B2072656C3D2273747954
:100E10006C6573686565742220747970653D227411
:100E20006578742F6373732220687265663D227340
:100E300074796C652E637373223E3C2F48454144A0
:100E40003E3C424F4459206267636F6C6F723D2293
:100E500023433046464330223E3C6120687265663B
:100E60003D22696E666F2E68746D6C22207461720B
:100E70006765743D226D61696E223E496E666F3C06
:100E80002F613E202F203C6120687265663D2269FB
:100E900074656C65782D6D656E752D64652E68744E
:100EA0006D6C223E692D54656C657820284465750B
:100EB00074736368293C2F613E202F203C612068B9
:100EC0007265663D226974656C65782D6D656E7519
:100ED0002D656E2E68746D6C223E692D54656C65AF
:100EE000782028456E676C697368293C2F613E2025
:100EF0002F203C6120687265663D226974656C65CF
:100F0000782D637265646974732E63676922207437
:100F100061726765743D226D61696E223E496D7034
:100F200072657373756D202F2063726564697473C5
:100F30003C2F613E3C2F424F44593E3C2F48544D7C
:100F40004C3E0D0A0D0A006E6574776F726B2D644E
:100F5000652E68746D6C003C48544D4C3E3C4845D1
:100F600041443E3C6C696E6B2072656C3D2273742B
:100F7000796C6573686565742220747970653D22AB
:100F8000746578742F6373732220687265663D22DE
:100F90007374796C652E637373223E3C2F48454110
:100FA000443E3C424F4459206267636F6C6F723D10
:100FB0002223433046464330223E3C61206872651E
:100FC000663D226974656C65786366672D6D656E34
:100FD000752D64652E68746D6C223E7A7572267567
:100FE000756D6C3B636B3C2F613E202F203C612074
:100FF000687265663D226E6574776F726B2E6367EB
:10100000693F7370723D6465222074617267657414
:101010003D226D61696E223E496E666F733C2F61A1
:101020003E202F203C6120687265663D226E65740B
:10103000776F726B2E6367693F7370723D646526CC
:10104000636F6E66696722207461726765743D2202
:101050006D61696E223E4B6F6E6669677572617471
:10106000696F6E3C2F613E3C2F424F44593E3C2FEE
:1010700048544D4C3E0D0A0D0A006E6574776F7230
:101080006B2D656E2E68746D6C003C48544D4C3E63
:101090003C484541443E3C6C696E6B2072656C3D3A
:1010A000227374796C657368656574222074797035
:1010B000653D22746578742F6373732220687265AE
:1010C000663D227374796C652E637373223E3C2FE8
:1010D000484541443E3C424F4459206267636F6C2F
:1010E0006F723D2223433046464330223E3C61200E
:1010F000687265663D226974656C65786366672D04
:101100006D656E752D656E2E68746D6C223E626124
:10111000636B3C2F613E202F203C61206872656626
:101120003D226E6574776F726B2E6367693F7370D3
:10113000723D656E22207461726765743D226D6137
:10114000696E223E496E666F733C2F613E202F20F0
:101150003C6120687265663D226E6574776F726BC4
:101160002E6367693F7370723D656E26636F6E66AE
:10117000696722207461726765743D226D61696ED2
:10118000223E436F6E66696775726174696F6E3C6B
:101190002F613E3C2F424F44593E3C2F48544D4C0A
:1011A0003E0D0A0D0A0073797374656D2D64652E0A
:1011B00068746D6C003C48544D4C3E3C484541447D
:1011C0003E3C6C696E6B2072656C3D227374796C69
:1011D0006573686565742220747970653D22746555
:1011E00078742F6373732220687265663D2273746E
:1011F000796C652E637373223E3C2F484541443E13
:101200003C424F4459206267636F6C6F723D2223EA
:10121000433046464330223E3C6120687265663D5D
:10122000226974656C65786366672D6D656E752DD2
:1012300064652E68746D6C223E7A75722675756DC4
:101240006C3B636B3C2F613E202F203C6120687219
:1012500065663D2272657365742E6367693F7370BE
:10126000723D646522207461726765743D226D6110
:10127000696E223E52657365743C2F613E202F20BB
:101280003C6120687265663D226E74702E636769EA
:101290003F7370723D646522207461726765743DAE
:1012A000226D61696E223E4E54503C2F613E202FCC
:1012B000203C6120687265663D2264796E646E73BD
:1012C0002E6367693F7370723D646522207461729A
:1012D0006765743D226D61696E223E44796E444EAD
:1012E000533C2F613E202F203C6120687265663D93
:1012F0002265656D656D2E6367693F7370723D642D
:101300006522207461726765743D226D61696E2289
:101310003E45456D656D3C2F613E202F203C612090
:10132000687265663D2263726F6E2E6367693F73F4
:1013300070723D646522207461726765743D226D30
:1013400061696E223E63726F6E3C2F613E3C2F429C
:101350004F44593E3C2F48544D4C3E0D0A0D0A0057
:1013600073797374656D2D656E2E68746D6C003CB9
:1013700048544D4C3E3C484541443E3C6C696E6B84
:101380002072656C3D227374796C65736865657451
:101390002220747970653D22746578742F637373AD
:1013A0002220687265663D227374796C652E6373C2
:1013B00073223E3C2F484541443E3C424F44592015
:1013C0006267636F6C6F723D222343304646433041
:1013D000223E3C6120687265663D226974656C65D9
:1013E000786366672D6D656E752D656E2E68746DFC
:1013F0006C223E6261636B3C2F613E202F203C617A
:1014000020687265663D2272657365742E63676934
:101410003F7370723D656E22207461726765743D22
:10142000226D61696E223E52657365743C2F613E88
:10143000202F203C6120687265663D226E74702EFC
:101440006367693F7370723D656E222074617267D5
:1014500065743D226D61696E223E4E54503C2F6191
:101460003E202F203C6120687265663D2264796EC3
:10147000646E732E6367693F7370723D656E2220E0
:101480007461726765743D226D61696E223E4479B4
:101490006E444E533C2F613E202F203C61206872E9
:1014A00065663D2265656D656D2E6367693F737086
:1014B000723D656E22207461726765743D226D61B4
:1014C000696E223E45456D656D3C2F613E202F20A3
:1014D0003C6120687265663D2263726F6E2E6367A1
:1014E000693F7370723D656E222074617267657426
:1014F0003D226D61696E223E63726F6E3C2F613ECC
:101500003C2F424F44593E3C2F48544D4C3E0D0A0F
:101510000D0A00696E666F2E68746D6C003C48544D
:101520004D4C3E3C424F44593E3C7072653E3C70CF
:101530003E202057656C636F6D6520746F0D0A5FE8
:101540005F5F5F5F5F5F5F5F5F5F5F5F5F5F5F5FAB
:101550005F5F5F5F5F5F5F5F5F5F5F5F5F5F5F5F9B
:101560005F5F5F5F5F5F5F5F5F5F5F5F5F0D0A2071
:10157000202020202020202020202020202020206B
:10158000202020202020202020202020202020205B
:10159000202020202020202020202020200D0A2074
:1015A000204F4F4F2020202020204F4F4F4F4F20C3
:1015B000204F4F4F4F4F20204F2020202020204FE2
:1015C0004F4F4F4F20204F2020204F20200D0A202A
:1015D00020204F2020202020202020204F202020AD
:1015E000204F2020202020204F2020202020204F6E
:1015F000202020202020204F204F2020200D0A20B6
:101600002E2E2E2E2E2E2E2E2E2E2E2E2E2E2E2EFA
:101610002E2E2E2E2E2E2E2E2E2E2E2E2E2E2E2EEA
:101620002E2E2E2E2E2E2E2E2E2E2E2E2E0D0A202D
:1016300020204F2020204F4F4F2020204F202020BF
:10164000204F4F4F202020204F2020202020204FAF
:101650004F4F2020202020204F202020200D0A2026
:1016600020204F2020202020202020204F2020201C
:10167000204F2020202020204F2020202020204FDD
:10168000202020202020204F204F2020200D0A2025
:10169000204F4F4F20202020202020204F2020208E
:1016A000204F4F4F4F4F20204F4F4F4F4F20204F35
:1016B0004F4F4F4F20204F2020204F20200D0A5FFA
:1016C0005F5F5F5F5F5F5F5F5F5F5F5F5F5F5F5F2A
:1016D0005F5F5F5F5F5F5F5F5F5F5F5F5F5F5F5F1A
:1016E0005F5F5F5F5F5F5F5F5F5F5F5F5F0D0A42CE
:1016F00075696C64203833342049544132203530C8
:1017000020426175642020617420446174653A2030
:101710004D617920203920323031392030383A3249
:10172000313A33390D0A4D6F64756C65733A204157
:101730006E7363686C757373204E616D657365724B
:1017400076657220456D61696C0D0A0D0A627569D6
:101750006C64206F6E204156522D6C696263207656
:10176000657273696F6E3A20312E362E372F323004
:101770003039303730322077697468206176722DC5
:1017800067636320342E332E330D0A0D0A28632934
:10179000323030362D32303139202020536F66748C
:1017A000776172653A204672656420536F6E6E658C
:1017B0006E7265696E0D0A6261736564206F6E20DA
:1017C0004F70656E4D4350206279204469726B20E2
:1017D00042726F73737769636B0D0A3C2F70726589
:1017E0003E3C2F703E3C62723E3C703E4F75722014
:1017F000686F6D65706167653A203C61206872654D
:10180000663D22687474703A2F2F7777772E692D92
:1018100074656C65782E6E65742F22207461726712
:1018200065743D22626C616E6B223E7777772E691C
:101830002D74656C65782E6E65743C2F613E3C702E
:101840003E546869732070726F6A656374206F6EAE
:10185000203C6120687265663D22687474703A2F7E
:101860002F736F75726365666F7267652E6E657430
:101870002F70726F6A656374732F6974656C657815
:101880002F22207461726765743D225F626C616E05
:101890006B223E536F75726365466F7267652E6E7D
:1018A00065743C2F613E3C2F424F44593E3C2F48CB
:1018B000544D4C3E0D0A007374796C652E6373733E
:1018C000004063686172736574202249534F2D385C
:1018D0003835392D31220D0A202020613A6C696E8D
:1018E0006B207B20746578742D6465636F726174FE
:1018F000696F6E3A6E6F6E653B20666F6E742D7702
:1019000065696768743A626F6C643B20636F6C6FE3
:10191000723A233030303041303B207D200D0A2098
:101920002020613A76697369746564207B20746550
:1019300078742D6465636F726174696F6E3A6E6F4F
:101940006E653B20666F6E742D7765696768743AC3
:10195000626F6C643B20636F6C6F723A234130306E
:101960003041303B207D200D0A202020613A686FF5
:10197000766572207B20746578742D6465636F7260
:101980006174696F6E3A6E6F6E653B20666F6E7440
:101990002D7765696768743A626F6C643B20626199
:1019A000636B67726F756E642D636F6C6F723A2331
:1019B0004646434343433B207D200D0A20202061BF
:1019C0003A616374697665207B20746578742D6450
:1019D00065636F726174696F6E3A6E6F6E653B20FE
:1019E000666F6E742D7765696768743A626F6C64B0
:1019F0003B206261636B67726F756E642D636F6C01
:101A00006F723A234646464643433B207D200D0AEB
:101A1000202020613A666F637573207B207465789F
:101A2000742D6465636F726174696F6E3A6E6F6E68
:101A3000653B20666F6E742D7765696768743A62DE
:101A40006F6C643B206261636B67726F756E642DAF
:101A5000636F6C6F723A234343434346463B207D9A
:101A6000200D0A202020707265207B206F76657221
:101A7000666C6F773A207363726F6C6C3B207D0DE0
:101A80000A006974656C65782D6D656E752D6465E9
:101A90002E68746D6C003C48544D4C3E3C484541AA
:101AA000443E3C6C696E6B2072656C3D22737479A8
:101AB0006C6573686565742220747970653D227465
:101AC0006578742F6373732220687265663D227394
:101AD00074796C652E637373223E3C2F48454144F4
:101AE0003E3C424F4459206267636F6C6F723D22E7
:101AF00023433046464330223E3C6120687265668F
:101B00003D226D61696E6D656E752E68746D6C2217
:101B10003E7A75722675756D6C3B636B3C2F613E2A
:101B2000202F203C6120687265663D226974656CD7
:101B300065782D6D73672D64652E68746D6C222039
:101B40007461726765743D226D61696E223E4E61FB
:101B5000636872696368742073656E64656E3C2F98
:101B6000613E202F203C6120687265663D226974C9
:101B7000656C65782D746C6E7665727A2E63676914
:101B80003F7370723D646522207461726765743DB5
:101B9000226D61696E223E5465696C6E65686D6583
:101BA000722D5665727A656963686E69733C2F6140
:101BB0003E202F203C6120687265663D2269746575
:101BC0006C65786366672D6D656E752D64652E682E
:101BD000746D6C223E692D54656C65782D45696E77
:101BE0007374656C6C756E67656E3C2F613E202F5B
:101BF000203C6120687265663D226974656C657879
:101C00002D64656275672E6367692220746172674F
:101C100065743D226D61696E223E44656275672D73
:101C2000496E666F733C2F613E202F203C61206817
:101C30007265663D226974656C65782D7477697488
:101C40006C6E6C697374652E6367693F7370723D67
:101C5000646522207461726765743D226D61696EEE
:101C6000223E4275732D546C6E2D4C697374653C25
:101C70002F613E202F203C6120687265663D2273F3
:101C8000646469722E636769222074617267657487
:101C90003D226D61696E223E53442D4B6172746525
:101CA0003C2F613E3C2F424F44593E3C2F48544DFF
:101CB0004C3E0D0A0D0A006974656C65782D6D65E2
:101CC0006E752D656E2E68746D6C003C48544D4CDD
:101CD0003E3C484541443E3C6C696E6B2072656CED
:101CE0003D227374796C657368656574222074791C
:101CF00070653D22746578742F6373732220687257
:101D000065663D227374796C652E637373223E3C65
:101D10002F484541443E3C424F4459206267636F1F
:101D20006C6F723D2223433046464330223E3C6175
:101D300020687265663D226D61696E6D656E752EF7
:101D400068746D6C223E6261636B3C2F613E202F94
:101D5000203C6120687265663D226974656C657817
:101D60002D6D73672D656E2E68746D6C2220746105
:101D7000726765743D226D61696E223E53656E64C3
:101D8000206D6573736167653C2F613E202F203C99
:101D90006120687265663D226974656C65782D7492
:101DA0006C6E7665727A2E6367693F7370723D65FB
:101DB0006E22207461726765743D226D61696E22C6
:101DC0003E537562736372696265722064697265FD
:101DD00063746F72793C2F613E202F203C61206834
:101DE0007265663D226974656C65786366672D6D02
:101DF000656E752D656E2E68746D6C223E692D546E
:101E0000656C65782073657474696E67733C2F61C7
:101E10003E202F203C6120687265663D2269746512
:101E20006C65782D64656275672E6367692220741E
:101E300061726765743D226D61696E223E64656200
:101E4000756720696E666F3C2F613E202F203C61D4
:101E500020687265663D226974656C65782D7477BB
:101E600069746C6E6C697374652E6367693F737017
:101E7000723D656E22207461726765743D226D61EA
:101E8000696E223E6C697374206F66206D6F647595
:101E90006C65733C2F613E202F203C612068726589
:101EA000663D2273646469722E63676922207461DF
:101EB000726765743D226D61696E223E53442063F2
:101EC0006172643C2F613E3C2F424F44593E3C2F8F
:101ED00048544D4C3E0D0A0D0A006974656C6578D6
:101EE0006366672D6D656E752D64652E68746D6C07
:101EF000003C48544D4C3E3C484541443E3C6C6996
:101F00006E6B2072656C3D227374796C65736865C5
:101F100065742220747970653D22746578742F632E
:101F200073732220687265663D227374796C652E26
:101F3000637373223E3C2F484541443E3C424F442C
:101F400059206267636F6C6F723D222343304646AF
:101F50004330223E3C6120687265663D22697465AB
:101F60006C65782D6D656E752D64652E68746D6C6D
:101F7000223E7A75722675756D6C3B636B3C2F61E2
:101F80003E202F203C6120687265663D22697465A1
:101F90006C65786366672D696E7465726E2E636713
:101FA000693F7370723D6465222074617267657465
:101FB0003D226D61696E223E45696E7374656C6C7D
:101FC000756E67656E20696D206C6F6B616C656EF8
:101FD0002053797374656D3C2F613E202F203C6146
:101FE00020687265663D226974656C657863666712
:101FF0002D65787465726E2E6367693F7370723DEC
:10200000646522207461726765743D226D61696E3A
:10201000223E45696E7374656C6C756E67656E20E3
:10202000696D20692D54656C65782D4E65747A3C18
:102030002F613E202F203C6120687265663D226939
:1020400074656C65782D637265646974732E63675B
:10205000693F7370723D64652220746172676574B4
:102060003D226D61696E223E496D707265737375B4
:102070006D3C2F613E202F203C6120687265663DDB
:10208000226974656C65786366672D656D61696C3E
:102090002E6367693F7370723D64652220746172BC
:1020A0006765743D226D61696E223E654D61696CA4
:1020B0002D45696E7374656C6C756E67656E3C2F2B
:1020C000613E202F203C6120687265663D226E656E
:1020D00074776F726B2D64652E68746D6C223E4E42
:1020E00065747A7765726B3C2F613E202F203C61CE
:1020F00020687265663D2273797374656D2D646521
:102100002E68746D6C223E53797374656D3C2F613B
:102110003E202F203C6120687265663D226974650F
:102120006C65786366672D7370657272656E2E6379
:1021300067693F7370723D646522207461726765E0
:10214000743D226D61696E223E5370657272656ED8
:102150003C2F613E3C2F424F44593E3C2F48544D4A
:102160004C3E0D0A0D0A006974656C6578636667FC
:102170002D6D656E752D656E2E68746D6C003C4816
:10218000544D4C3E3C484541443E3C6C696E6B208E
:1021900072656C3D227374796C6573686565742231
:1021A00020747970653D22746578742F637373228F
:1021B00020687265663D227374796C652E63737353
:1021C000223E3C2F484541443E3C424F4459206208
:1021D00067636F6C6F723D22234330464643302263
:1021E0003E3C6120687265663D226974656C657865
:1021F0002D6D656E752D656E2E68746D6C223E6258
:1022000061636B3C2F613E202F203C61206872652A
:10221000663D226974656C65786366672D696E74C6
:1022200065726E2E6367693F7370723D656E222022
:102230007461726765743D226D61696E223E6C6FD8
:1022400063616C2073657474696E67733C2F613EC3
:10225000202F203C6120687265663D226974656CA0
:1022600065786366672D65787465726E2E6367693D
:102270003F7370723D656E22207461726765743DB4
:10228000226D61696E223E692D54656C6578206E01
:102290006574776F726B2073657474696E67733CD5
:1022A0002F613E202F203C6120687265663D2269C7
:1022B00074656C65782D637265646974732E6367E9
:1022C000693F7370723D656E222074617267657438
:1022D0003D226D61696E223E637265646974733C70
:1022E0002F613E202F203C6120687265663D226987
:1022F00074656C65786366672D656D61696C2E63C6
:1023000067693F7370723D656E2220746172676504
:10231000743D226D61696E223E654D61696C20736A
:10232000657474696E67733C2F613E202F203C6199
:1023300020687265663D226E6574776F726B2D65DD
:102340006E2E68746D6C223E4E6574776F726B3CB6
:102350002F613E202F203C6120687265663D22730C
:10236000797374656D2D656E2E68746D6C223E53A5
:10237000797374656D3C2F613E202F203C6120688D
:102380007265663D226974656C65786366672D7356
:1023900070657272656E2E6367693F7370723D651A
:1023A0006E22207461726765743D226D61696E22D0
:1023B0003E6C6F636B3C2F613E3C2F424F44593E55
:1023C0003C2F48544D4C3E0D0A0D0A006974656C53
:1023D00065782D6D73672D64652E68746D6C003C97
:1023E00048544D4C3E3C484541443E3C2F484541B5
:1023F000443E3C6672616D6573657420726F7773DD
:102400003D222A2C363022207363726F6C6C696E09
:10241000673D226E6F22206672616D65626F726425
:1024200065723D22322220626F726465723D2232F3
:1024300022206672616D6573706163696E673D220B
:10244000322220626F72646572636F6C6F723D221C
:1024500023303030303030223E3C6672616D652072
:102460007372633D226974656C65782D6D73672D99
:102470006F75742E6367693F7370723D64652220C7
:102480006E616D653D224D73674F757422207363D5
:10249000726F6C6C696E673D226175746F223E3C91
:1024A0006672616D65207372633D226974656C6547
:1024B000782D6D73672D696E2E6367693F73707237
:1024C0003D646522206E616D653D224D7367496EE6
:1024D00022207363726F6C6C696E673D226E6F228F
:1024E0003E3C6E6F6672616D65733E3C626F6479EF
:1024F0003E3C703E4968722042726F77736572206D
:10250000756E7465727374C3BC747A74206B65697C
:102510006E65204672616D6573213C2F703E3C2FC5
:10252000626F64793E3C2F6E6F6672616D65733EBB
:102530003C2F6672616D657365743E3C2F48544D47
:102540004C3E0D0A0D0A006974656C65782D6D733B
:10255000672D656E2E68746D6C003C48544D4C3E82
:102560003C484541443E3C2F484541443E3C667210
:10257000616D6573657420726F77733D222A2C3606
:102580003022207363726F6C6C696E673D226E6FD0
:1025900022206672616D65626F726465723D2232DF
:1025A0002220626F726465723D223222206672615F
:1025B0006D6573706163696E673D22322220626FC0
:1025C00072646572636F6C6F723D222330303030FD
:1025D0003030223E3C6672616D65207372633D222D
:1025E0006974656C65782D6D73672D6F75742E63D6
:1025F00067693F7370723D656E22206E616D653D47
:10260000224D73674F757422207363726F6C6C690F
:102610006E673D226175746F223E3C6672616D6526
:10262000207372633D226974656C65782D6D7367E4
:102630002D696E2E6367693F7370723D656E22204F
:102640006E616D653D224D7367496E222073637222
:102650006F6C6C696E673D226E6F223E3C6E6F66DA
:1026600072616D65733E3C626F64793E3C703E49B9
:1026700068722042726F7773657220756E7465722E
:102680007374C3BC747A74206B65696E652046727E
:10269000616D6573213C2F703E3C2F626F64793E03
:1026A0003C2F6E6F6672616D65733E3C2F66726182
:1026B0006D657365743E3C2F48544D4C3E0D0A0DBC
:1026C0000A00726F626F74732E7478740023207224
:1026D0006F626F74732E747874207A756D20692D13
:1026E00074656C6578205765622D496E74657266F5
:1026F0006163650D0A557365722D6167656E743A85
:10270000202A0D0A446973616C6C6F773A202F0D93
:102710000A002820256C6420427974652075656262
:10272000657274726167656E20285344290D0A0032
:102730004854545020736F636B657420636C6F73DF
:10274000656420627920636C69656E740D0A0048C7
:102750005454502F312E312032303020446F637565
:102760006D656E7420666F6C6C6F77730D0A436FC6
:102770006E74656E742D4C656E6774683A20256CB6
:10278000640D0A436F6E74656E742D547970653AEA
:1027900020257325730D0A43616368652D436F6EB1
:1027A00074726F6C3A206D61782D6167653D3336C8
:1027B00030300D0A436F6E6E656374696F6E3A2038
:1027C000636C6F73650D0A0D0A00746578742F00D1
:1027D00068746D0068746D6C002820256C6420425C
:1027E00079746520756562657274726167656E20C3
:1027F00028464C415348290D0A000D0A436F6E7458
:10280000656E742D4C656E6774683A2025640D0AF8
:1028100043616368652D436F6E74726F6C3A206D0F
:1028200061782D6167653D333630300D0A436F6E38
:102830006E656374696F6E3A20636C6F73650D0A21
:102840000D0A0062696E00746578742F68746D6C8F
:10285000006A70656700706E6700485454502F31ED
:102860002E312032303020446F63756D656E7420D8
:10287000666F6C6C6F77730D0A436F6E74656E7460
:102880002D547970653A20000D0A002066726F6D34
:102890002000687474702D726571756573743A20C8
:1028A00000687474702D7365727665723A202573B2
:1028B00020003E200051756974696E670D0A007131
:1028C00075697400556E642C206C6F7320676568A1
:1028D0007427732E2E2E21212120282268656C70EA
:1028E000222068696C6674203A2D29290D0A3E2041
:1028F0000074656C6E65740054656C6E65742D5360
:10290000657276657220506F72742025642E0D0AF0
:102910000043524F4E5F454E5452595F253032644A
:102920000025643A206E696368742062656C65678F
:10293000740D0A0025643A2025642025642025733F
:102940000D0A0063726F6E00666F6F2E6367690019
:102950002573202F202573202F2025640D0A004980
:10296000502F4D41432F54544C0D0A00617270009A
:102970003C2F424F44593E3C2F48544D4C3E0D0A8B
:102980000D0A003C48544D4C3E3C484541443E3CB9
:102990006D65746120687474702D65717569763D1C
:1029A00022726566726573682220636F6E74656E4D
:1029B000743D223630303B20223E3C5449544C4535
:1029C0003E53747265616D696E673C2F5449544C77
:1029D000453E3C2F484541443E3C424F44592062CD
:1029E00067636F6C6F723D2223323238423232227B
:1029F00020746578743D2223464646464646223E6C
:102A00005A6569743A20253032643A253032643A86
:102A1000253032642E2530326420282025752F255C
:102A2000752F2530347520290050485354415432B5
:102A3000207C203078253034580D0A0050485354FB
:102A4000415431207C203078253034580D0A005212
:102A500065762E494420207C202020307825303295
:102A6000580D0A002D2D2D2D2D2D2D2D2B2D2D2DDD
:102A70002D2D2D2D2D0D0A005265672E2020202092
:102A80007C20576572740D0A00454E4332384A3631
:102A9000303A0D0A005443502D5458204572726F3D
:102AA00072733A202564205443502D5258204572A9
:102AB000726F72733A2025642028756E736F72747A
:102AC00065642025642C206F6C6473657120256417
:102AD000290D0A0D0A0045746865726E65743A2006
:102AE000256C6420427974657320696E20256C64BE
:102AF000205061636B6574656E204C6F636B45722B
:102B0000726F727320256C640D0A007374617473A4
:102B10002E63676900737461747300526573657422
:102B20000072657365740072657365740072657315
:102B30006574003C666F726D20616374696F6E3DF1
:102B40002272657365742E63676922206D657468EF
:102B50006F643D2267657422206163636570742D24
:102B6000636861727365743D2249534F2D3838355F
:102B7000392D31223E3C703E3C696E707574207474
:102B80007970653D227375626D697422206E616D86
:102B9000653D227265736574222076616C75653DB2
:102BA000227265736574223E3C2F703E3C2F666F27
:102BB000726D3E0072657365742E6367690072659D
:102BC00073657400646E73203C686F73746E616D1E
:102BD000653E0D0A004950207A75202573203D205E
:102BE00025730D0A00646E73004448435000495039
:102BF000004D41534B004741544500444E53004D56
:102C000041430053657474696E6773207361766520
:102C1000642C207265626F6F74206E6563657373D8
:102C200061727920746F2074616B652065666665DA
:102C30006374210D0A003C74723E3C746420616C24
:102C400069676E3D227269676874223E48617264EA
:102C5000776172652D4D41433C2F74643E3C746432
:102C60003E3C696E707574206E616D653D224D410C
:102C7000432220747970653D227465787422207334
:102C8000697A653D223137222076616C75653D2277
:102C9000257322206D61786C656E6774683D223102
:102CA00037223E3C2F74643E3C2F74723E3C74725B
:102CB0003E3C74643E3C2F74643E3C74643E3C690C
:102CC0006E70757420747970653D227375626D69DC
:102CD00074222076616C75653D22205361766520F3
:102CE0006368616E67657320223E3C2F74643E3CCE
:102CF0002F74723E3C2F7461626C653E3C2F666F90
:102D0000726D3E004D4143003C74723E3C74642041
:102D1000616C69676E3D227269676874223E444E39
:102D2000532D5365727665723C2F74643E3C746417
:102D30003E3C696E707574206E616D653D22444E37
:102D4000532220747970653D227465787422207353
:102D5000697A653D223135222076616C75653D22A8
:102D6000257322206D61786C656E6774683D223131
:102D700035223E3C2F74643E3C2F74723E00444E1C
:102D800053003C74723E3C746420616C69676E3D14
:102D9000227269676874223E476174657761793C85
:102DA0002F74643E3C74643E3C696E707574206E92
:102DB000616D653D22474154452220747970653D1F
:102DC0002274657874222073697A653D2231352238
:102DD0002076616C75653D22257322206D61786CCB
:102DE000656E6774683D223135223E3C2F74643E27
:102DF0003C2F74723E0047415445003C74723E3C87
:102E0000746420616C69676E3D2272696768742220
:102E10003E4E65746D61736B3C2F74643E3C74640C
:102E20003E3C696E707574206E616D653D224D414A
:102E3000534B2220747970653D227465787422208A
:102E400073697A653D223135222076616C75653D66
:102E500022257322206D61786C656E6774683D224F
:102E60003135223E3C2F74643E3C2F74723E004D3F
:102E700041534B003C74723E3C746420616C696742
:102E80006E3D227269676874223E49502061646415
:102E9000726573733C2F74643E3C74643E3C696E8F
:102EA000707574206E616D653D22495022207479E1
:102EB00070653D2274657874222073697A653D22BD
:102EC0003135222076616C75653D22257322206D97
:102ED00061786C656E6774683D223135223E3C2F07
:102EE00074643E3C2F74723E004950003E3C2F7487
:102EF000643E3C2F74723E00636865636B656400DA
:102F00006F6E0044484350003C74723E3C74642031
:102F1000616C69676E3D227269676874223E44483D
:102F20004350206163746976653C2F74643E3C7441
:102F3000643E3C696E70757420747970653D2263DF
:102F40006865636B626F7822206E616D653D224417
:102F5000484350222076616C75653D226F6E2220B9
:102F60000044484350003C666F726D206163746991
:102F70006F6E3D226E6574776F726B2E6367692288
:102F80003E3C7461626C6520626F726465723D22C2
:102F900030222063656C6C70616464696E673D22E9
:102FA00035222063656C6C73706163696E673D22C6
:102FB00030223E00636F6E666967003C2F70726559
:102FC0003E0D0A007374617473006966636F6E6608
:102FD0006967003C7072653E0D0A000D0A48572D66
:102FE0004164723A20253032783A253032783A25D9
:102FF0003032783A253032783A253032783A2530F6
:1030000032780D0A0D0A00444E533A25730D0A001A
:10301000476174657761793A25730D0A004E6574CE
:103020006D61736B3A25730D0A0049503A25730D93
:103030000A006E6574776F726B2E6367690069664C
:10304000636F6E666967004E5450004E545053458E
:1030500052564552005554435A4F4E450045696EED
:103060007374656C6C756E67656E207565626572EC
:103070006E6F6D6D656E210D0A003C74723E3C747E
:103080006420616C69676E3D227269676874223ED4
:10309000534E54502D5365727665723C2F74643EC6
:1030A0003C74643E3C696E707574206E616D653D64
:1030B000224E545053455256455222207479706521
:1030C0003D2274657874222073697A653D22323519
:1030D000222076616C75653D22257322206D617812
:1030E0006C656E6774683D223235223E3C2F7464F5
:1030F0003E3C2F74723E3C74723E3C746420616CA2
:1031000069676E3D227269676874223E5A65697408
:103110007A6F6E653C2F74643E3C74643E3C696E0D
:10312000707574206E616D653D225554435A4F4E43
:10313000452220747970653D22746578742220736D
:10314000697A653D2233222076616C75653D2225C2
:103150007322206D61786C656E6774683D2233223E
:103160003E3C2F74643E3C2F74723E3C74723E3C75
:1031700074643E3C2F74643E3C74643E3C696E70E3
:10318000757420747970653D227375626D6974225F
:103190002076616C75653D222045696E7374656C9F
:1031A0006C756E67202655756D6C3B6265726E6539
:1031B000686D656E20223E3C2F74643E3C2F747215
:1031C0003E3C2F7461626C653E3C2F666F726D3EB3
:1031D00000300074696D652E66752D6265726C69CC
:1031E0006E2E6465003E3C2F74643E3C2F74723E2C
:1031F00000636865636B6564006F6E003C666F72A8
:103200006D20616374696F6E3D226E74702E63670A
:1032100069223E0D3C7461626C6520626F72646568
:10322000723D2230222063656C6C70616464696E4B
:10323000673D2235222063656C6C73706163696E33
:10324000673D2230223E3C74723E3C746420616CC7
:1032500069676E3D227269676874223E534E54500E
:1032600020616B746976696572656E3C2F74643E8B
:103270003C74643E3C696E70757420747970653D71
:1032800022636865636B626F7822206E616D653DB5
:10329000224E5450222076616C75653D226F6E225D
:1032A00020006E7470203C6E747073657276657267
:1032B0003E0D0A004665686C65720D0A004E657524
:1032C00065205A6569743A20253032643A253032D7
:1032D000643A253032640D0A00486F6C65205A65E7
:1032E000697420766F6E2025730D0A004665686C40
:1032F00065720D0A006E7470002644594E444E5398
:103300005F5553455250570044594E444E535F4405
:103310004F4D41494E0045696E7374656C6C756E16
:1033200067656E2075656265726E6F6D6D656E2185
:103330000D0A002D31202D3135202264796E646E06
:103340007320757064617465220044594E444E5375
:103350005F4F4E002D31202D3135202264796E646F
:103360006E7320757064617465220044594E444E3A
:10337000530044594E444E535F4F4E0044594E44FF
:103380004E5300444F4D41494E0044594E444E5314
:103390005F444F4D41494E00444F4D41494E00411D
:1033A00043434F554E54002644594E444E535F55A7
:1033B0005345525057004143434F554E54004143EB
:1033C000434F554E54003C666F726D2061637469C3
:1033D0006F6E3D2264796E646E732E636769223E60
:1033E0000D203C7461626C6520626F726465723D91
:1033F0002230222063656C6C70616464696E673D85
:103400002235222063656C6C73706163696E673D61
:103410002230223E20203C74723E0D2020203C743D
:103420006420616C69676E3D227269676874223E30
:1034300044796E444E5320616B7469766965726598
:103440006E3C2F74643E2020203C74643E3C696EC8
:1034500070757420747970653D22636865636B6272
:103460006F7822206E616D653D2244594E444E5363
:10347000222076616C75653D226F6E2220257320B7
:103480003E20203C2F74643E0D20203C74723E0D83
:103490002020203C746420616C69676E3D22726953
:1034A000676874223E64796E444E53204163636FB3
:1034B000756E74202820757365723A707720293CE8
:1034C0002F74643E2020203C74643E3C696E70750D
:1034D00074206E616D653D224143434F554E542229
:1034E00020747970653D2274657874222073697A3E
:1034F000653D223331222076616C75653D222220A4
:103500006D61786C656E6774683D223331223E3C94
:103510002F74643E20203C2F74723E0D20203C749A
:10352000723E0D2020203C746420616C69676E3D02
:10353000227269676874223E44796E444E53204477
:103540006F6D61696E3C2F74643E2020203C746472
:103550003E3C696E707574206E616D653D22444F0E
:103560004D41494E2220747970653D22746578740E
:10357000222073697A653D223331222076616C7591
:10358000653D22257322206D61786C656E677468D5
:103590003D223531223E3C2F74643E20203C2F7466
:1035A000723E0D20203C74723E0D2020203C74643D
:1035B0003E3C2F74643E3C74643E3C696E7075748E
:1035C00020747970653D227375626D69742220766E
:1035D000616C75653D222045696E7374656C6C7510
:1035E0006E67202655756D6C3B6265726E65686D01
:1035F000656E20223E3C2F74643E20203C2F747266
:103600003E0D203C2F7461626C653E0D3C2F666F51
:10361000726D3E00636865636B6564006F6E0044A5
:10362000594E444E535F4F4E0044594E444E535FE3
:10363000444F4D41494E0044594E444E535F444F10
:103640004D41494E0064796E646E73203C75706420
:103650006174653E202F203C7365746163636F75F0
:103660006E7420757365723A70774064796E646E1B
:10367000732D646F6D61696E3E0D0A004163636F67
:10368000756E74646174656E2067657370656963D7
:10369000686572742E0D0A007365746163636F75DB
:1036A0006E740055706461746520667565722025BE
:1036B00073206665686C67657363686C6167656EC7
:1036C0000D0A005570646174652066756572202569
:1036D00073206572666F6C6772656963682E0D0A88
:1036E000007570646174650064796E646E732E6336
:1036F00067690064796E646E730064656C0064656C
:103700006C0045696E7374656C6C756E67656E20D0
:1037100075656265726E6F6D6D656E210D0A004391
:103720004D440025642025642022257322004D4D40
:1037300000484800434D44003C666F726D20616351
:1037400074696F6E3D2263726F6E2E636769223EED
:103750003C7461626C6520626F726465723D2230F8
:10376000222063656C6C70616464696E673D22350C
:10377000222063656C6C73706163696E673D2230F3
:10378000223E3C74723E3C746420616C69676E3DFD
:10379000227269676874223E5374756E64653C2FAB
:1037A00074643E3C74643E3C696E707574206E6156
:1037B0006D653D2248482220747970653D2274650C
:1037C0007874222073697A653D2233222076616CF9
:1037D00075653D2230226D61786C656E6774683D59
:1037E0002233223E3C2F74643E3C2F74723E3C7464
:1037F000723E3C746420616C69676E3D2272696739
:103800006874223E4D696E7574653C2F74643E3C4D
:1038100074643E3C696E707574206E616D653D2206
:103820004D4D2220747970653D2274657874222094
:1038300073697A653D2233222076616C75653D227D
:103840003022206D61786C656E6774683D2233228A
:103850003E3C2F74643E3C2F74723E3C74723E3C7E
:10386000746420616C69676E3D22726967687422B6
:103870003E436F6D6D616E643C2F74643E3C7464B6
:103880003E3C696E707574206E616D653D22434DDE
:10389000442220747970653D227465787422207307
:1038A000697A653D22333022206D61786C656E67E0
:1038B00074683D223330223E3C2F74643E3C2F74AA
:1038C000723E3C74723E3C74643E3C2F74643E3CD9
:1038D00074643E3C696E70757420747970653D2225
:1038E0007375626D6974222076616C75653D222066
:1038F00045696E74726167207369636865726E20D2
:10390000223E3C2F74643E3C2F74723E3C2F746107
:10391000626C653E3C2F666F726D3E0D00616464A3
:103920006E6577003C74723E3C746420616C69671C
:103930006E3D226C656674223E3C6120687265664D
:103940003D2263726F6E2E6367693F6164646E65CA
:103950007722207374796C653D22746578742D64C8
:1039600065636F726174696F6E3A6E6F6E65222067
:103970007469746C653D22416464223E3C696E70DA
:10398000757420747970653D22627574746F6E224F
:103990002076616C75653D22616464206E657720D8
:1039A00063726F6E2220636C6173733D2261637476
:1039B000696F6E42746E223E3C2F613E3C2F7464F0
:1039C0003E3C2F74723E3C2F7461626C653E0D006C
:1039D0003C74723E3C746420616C69676E3D226C7D
:1039E000656674223E25733C2F74643E3C746420EB
:1039F000616C69676E3D226C656674223E3C612095
:103A0000687265663D2263726F6E2E6367693F64FC
:103A1000656C3D256422207374796C653D22746564
:103A200078742D6465636F726174696F6E3A6E6F3E
:103A30006E6522207469746C653D2244656C223E7B
:103A40003C696E70757420747970653D226275747E
:103A5000746F6E222076616C75653D2264656C2200
:103A600020636C6173733D22616374696F6E42748D
:103A70006E223E3C2F613E3C2F74643E3C2F74729C
:103A80003E003C7461626C6520626F726465723DD9
:103A90002230222063656C6C70616464696E673DDE
:103AA0002235222063656C6C73706163696E673DBB
:103AB0002230223E0063726F6E2E636769003C2FD6
:103AC0007072653E003C7072653E0065656D656DA7
:103AD000203C70726F746563743E7C3C756E7072CE
:103AE0006F746563743E203C616464205B6E616D3D
:103AF000652076616C5D3E203C64656C205B6E6188
:103B00006D655D3E203C7072696E743E203C636C56
:103B100065616E3E0D0A00636C65616E00707269CE
:103B20006E740064656C0061646400756E70726F21
:103B30007465637465740D0A0057524954455F50AB
:103B4000524F54454354004F464600756E70726F95
:103B5000746563740057524954455F50524F544541
:103B60004354004F4E0070726F7465637400656556
:103B70006D656D2E6367690065656D656D00383331
:103B80003400E4F6FCC4D6DCDF5B5D3C3E7B7D406C
:103B90005F232200616F75414F5573283A282E2804
:103BA0002D28202B2700656565656565733A292EEC
:103BB000292D2929202B27005A45494C45005445D9
:103BC00058540053505241434845004346475041E2
:103BD000535300544C4E425543484F4646454E00C1
:103BE00050524F544C4556454C0050524F544C4542
:103BF00056454C544C4E535256004C414E47444946
:103C0000454E53544D454C4400534F434B45544C43
:103C10004F470048415550545354454C4C4500457E
:103C20004947454E454E554D4D4552004645535426
:103C30004548505354004D454C445255434B004168
:103C40004C5445524E424549424553004455524317
:103C5000485741484C544142004155544F44415407
:103C6000554D005A45494C454E4C41454E4745003F
:103C70005A45495452554E4453454E44004E4554BE
:103C80005A5255464E520050494E0044594E4950E2
:103C9000414B544956004E45545A504F52540053CC
:103CA000454C425354414E5045520052454D5345A8
:103CB0005256414B544956005255464E5253455266
:103CC0005631005255464E525345525632005255C7
:103CD000464E5253455256330053594E4350494E67
:103CE000002E2E2E5465696C6E65686D65722D53BD
:103CF0006572766572206F6B0D0A002E2E2E546C45
:103D00006E42756368206F6B0D0A002E2E2E456D76
:103D100061696C206F6B0D0A006954656C657800F1
:103D20006954656C657820506F72742025752E0D6E
:103D30000A002E2E2E436769206F6B0D0A006E74E9
:103D4000702E6367690073646469722E636769002B
:103D50006D656D64756D702E686578006974656C4D
:103D600065782D637265646974732E636769006991
:103D700074656C65782D64656275672E636769008C
:103D80006974656C65786366672D737065727265BA
:103D90006E2E636769006974656C65786366672D6C
:103DA00065787465726E2E636769006974656C6509
:103DB000786366672D696E7465726E2E636769003D
:103DC0006974656C65782D747769746C6E6C697351
:103DD00074652E636769006974656C65782D6D7311
:103DE000672D6F75742E636769006974656C6578FB
:103DF0002D6D73672D696E2E636769006974656C3C
:103E000065785F696E6974323A0D0A002E2E2E5461
:103E1000696D65722D43616C6C6261636B2D4675D3
:103E20006E6B74696F6E206F6B0D0A002E2E2E4321
:103E30006F6E666967206F6B0D0A002E2E2E53651C
:103E40006E64655075666665722C20456D706650AF
:103E50007566666572206F6B0D0A006974656C6526
:103E6000785F696E6974313A0D0A005852414D57B6
:103E7000414954004E65757374617274203833344F
:103E80002052657365742D466C616773202530324E
:103E9000580D0A00444843500063757200253032C3
:103EA000580D0A0025303258003A25303258253056
:103EB000345825303258004572726F722072656135
:103EC00064696E67206469726563746F727921003A
:103ED0003C612068726566203D2225732F25732280
:103EE0003E25733C2F613E20256C64203C736D6140
:103EF0006C6C3E3C612068726566203D2273646490
:103F000069722E6367693F6469723D257326646533
:103F10006C3D25732F2573223E64656C6574653C8A
:103F20002F613E3C2F736D616C6C3E3C62723E00B3
:103F30003C612068726566203D222573223E257310
:103F40003C2F613E20256C64203C736D616C6C3E9F
:103F50003C612068726566203D2273646469722E3C
:103F60006367693F64656C3D2573223E64656C65DB
:103F700074653C2F613E3C2F736D616C6C3E3C62FE
:103F8000723E003C612068726566203D2273646465
:103F900069722E6367693F6469723D25732F2573CB
:103FA000223E25733C2F613E204449523C62723EC2
:103FB000003C612068726566203D2273646469720A
:103FC0002E6367693F6469723D2573223E25733C09
:103FD0002F613E204449523C62723E003C2F623EBB
:103FE0002028256C752066726565293C62723E004A
:103FF0003C623E436F6E74656E74206F662025735D
:104000003A00646972003C623E436F6E74656E7480
:10401000206F66202F3A006469720046696C652043
:104020002573204E4F5420666F756E643C703E00C1
:1040300046696C65202573204E4F542064656C657D
:104040007465643C703E0046696C6520257320648D
:10405000656C657465643C703E0064656C00646505
:104060006C003C2F613E003C6120687265663D2219
:104070006974656C65786366672D65787465726EC2
:104080002E636769223E006974656C6578636667B4
:104090002D65787465726E2E636769003C62723EAE
:1040A000003A202573003C62723E003A20257300DE
:1040B0003A202573003C62723E003A202573003A94
:1040C000202573003C62723E003C2F613E003C6143
:1040D00020687265663D226974656C657863666701
:1040E0002D696E7465726E2E636769223E00697475
:1040F000656C65786366672D696E7465726E2E6394
:104100006769003C2F613E3C2F666F726D3E002058
:10411000223E3C6120687265663D226974656C656B
:10412000782D6D73672D6F75742E63676922207407
:1041300061726765743D224D73674F7574223E004E
:104140003C696E707574206E616D653D2245696EC7
:10415000676162652220747970653D2274657874A8
:10416000222073697A653D223635222076616C758E
:10417000653D2222206D61786C656E6774683D2212
:104180003635223E3C696E70757420747970653DD9
:10419000227375626D6974222076616C75653D22AB
:1041A000003C666F726D20616374696F6E3D2269B9
:1041B00074656C65782D6D73672D696E2E63676904
:1041C000223E0048544D4C2D436861742D4162627B
:1041D00072756368202D2D3E20417573736368618D
:1041E0006C74756E6720696E7465726E0D0A0026B8
:1041F0000048544D4C2D43686174206265676F6EB2
:104200006E656E2028416E7761686C2025752920C7
:104210002D3E20000D0A0048544D4C2D436861741A
:104220002045696E676162653A20000D0A004569A4
:104230006E676162650044757263687761686C20BF
:10424000696E20546162656C6C6520676566756E89
:1042500064656E2025750D0A004475726368776188
:10426000686C2061757320546162656C6C652075A3
:104270006D67657365747A742025750D0A00447541
:104280007263687761686C2D416E66726167652044
:1042900025750D0A006954656C65782825357529E2
:1042A0003A2000446972656B74647275636B2041D7
:1042B0006272756620447275636B737069656765B9
:1042C0006C202862656C656774290D0A0044697268
:1042D000656B74647275636B20416272756620440D
:1042E0007275636B7370696567656C20286175739F
:1042F000290D0A0020282575290D0A0044697265D8
:104300006B74647275636B204162727566204472CF
:1043100075636B7370696567656C3A003C62723EE9
:104320003C7072653E2573266C743B266C743B268C
:104330006C743B257325733C2F7072653E003C48BE
:10434000544D4C3E3C484541443E3C6D65746120B3
:10435000687474702D65717569763D226578706931
:104360007265732220636F6E74656E743D22312214
:104370003E3C6D65746120687474702D657175695B
:10438000763D22707261676D612220636F6E746585
:104390006E743D226E6F2D6361636865223E3C6DD5
:1043A00065746120687474702D65717569763D223D
:1043B000726566726573682220636F6E74656E74D1
:1043C0003D2231303B2055524C3D6974656C657817
:1043D0002D6D73672D6F75742E636769223E3C2FB8
:1043E000484541443E3C424F44593E006974656C27
:1043F00065782D637265646974732E6367690069FB
:104400006E76616C6964206C696E65206E722E2018
:1044100025643C62723E005B25645D202D2D3E20AC
:1044200025733A20256400494D50524553535F008F
:1044300025733C62723E002532643A20003C627271
:104440003E3C6120687265663D226974656C6578E2
:104450002D64656275672E6367693F726573657465
:10446000223E53746174697374696B2D4461746581
:104470006E207A75722675756D6C3B636B7365740F
:104480007A656E3C2F613E3C62723E45746865728F
:104490006E65743A20256C642042797465732069D6
:1044A0006E20256C642050616B6574656E204C6FC6
:1044B000636B4572726F727320256C640020256CEB
:1044C00075003C62723E20564343205B6D565D2072
:1044D0003D003C62723E53797374656D5374617232
:1044E000745A656974203D20253032752E2530328E
:1044F000752E2530347520253032643A25303264EB
:104500003A253032642C205265736574466C6167BD
:10451000203D2025303258003C62723E584D4352B7
:1045200041203D2025303258003C62723E44656295
:1045300075675F4C6F776573745350203D2025304D
:104540003258003C62723E4E54505570646174653E
:10455000446966665365636F6E6473203D2025640D
:10456000003C62723E5A65697453657276657241A9
:1045700062667261676554696D6572456E64652037
:104580003D202575003C62723E4C616E6754696D3A
:10459000657256616C28265A656974536572766532
:1045A000724162667261676554696D657229203D6A
:1045B000202575003C62723E4E65747A45696765D8
:1045C0006E654950203D2025303258003C62723ED5
:1045D0004E65747A506F7274203D202575003C62E0
:1045E000723E5443505F736F636B65745B25645D0B
:1045F0003A20636C6F736564003C62723E544350B2
:104600005F736F636B65745B25645D3A20436F6E07
:104610006E656374696F6E53746174653D25752CA6
:104620002053656E6453746174653D25752C205369
:104630006F75726365506F72743D25752C204465EB
:104640007374696E6174696F6E506F72743D257515
:104650002C20536F7572636549503D256C582C2092
:1046600054696D656F7574636F756E7465723D2501
:1046700064003C62723E54696D65723043616C6CDB
:104680006261636B5F4D6178203D202575003C625F
:10469000723E54696D657230436E745F4D6178206F
:1046A0003D202575003C62723E54696D6572304351
:1046B0006E745F4D696E203D202575003C62723E30
:1046C00054696D65723043616C6C6261636B436FFA
:1046D000756E74203D202575003C62723E4954651C
:1046E0006C6578546872656164436F756E74203DC3
:1046F000202575003C62723E547769497372436F9E
:10470000756E74203D202575003C62723E46616CDA
:104710007363686572436F6465203D202575003CB6
:1047200062723E4B75727A54696D657256616C287F
:10473000266954656C657854687265616443686580
:10474000636B54696D657229203D202575003C62BC
:10475000723E4B75727A54696D657256616C28268B
:104760006954656C6578536F636B65744C656265FD
:104770006E737A65696368656E54696D6572292028
:104780003D202575003C62723E4275734B6F6C6C28
:104790006973696F6E5A6165686C6572203D20258A
:1047A00075003C62723E5477695761746368646F48
:1047B00067436F756E74203D202575003C62723E24
:1047C0005477694C6562656E737A65696368656E76
:1047D0005A6165686C6572203D202575003C6272E7
:1047E0003E4B75727A54696D657256616C2826422B
:1047F0007573517569747454696D657229203D2013
:104800002575003C62723E4C616E6754696D65723D
:1048100056616C28264265696465527568696754FB
:10482000696D657229203D202575003C62723E54F9
:1048300065696C6E65686D65725365727665724602
:1048400065686C65725A6165686C657228257329A4
:10485000203D2025642C205370657272652D5469AB
:104860006D6572202564003C62723E416B74546C2D
:104870006E53657276657254616249203D202575DC
:10488000003C62723E5465696C6E65686D6572537A
:104890006572766572416C6C654E696368744572C9
:1048A0007265696368626172203D202575003C6213
:1048B000723E5465696C6E65686D6572536572769B
:1048C0006572536F636B6574203D202564003C6204
:1048D000723E5465696C6E65686D65722D536572C4
:1048E00076657220696E616B746976003C62723E17
:1048F00053656C627374416E7275665A656974555E
:104900006562657277616368756E673A20003C6224
:10491000723E46616C73636847656865696D7A616C
:10492000686C5A6165686C6572203D202575003C95
:1049300062723E53656C627374416E727566456D4A
:104940007066616E67507275656677657274203D3A
:10495000202575003C62723E53656C627374416E33
:1049600072756653656E64655072756566776572BB
:1049700074203D202575003C62723E53656C627365
:1049800074416E727566536F636B657448616E64D3
:104990006C65203D202564003C62723E53656C626C
:1049A0007374416E727566456E647A656974203DF4
:1049B000202575003C62723E4B75727A54696D65B4
:1049C0007256616C282653656C627374416E727501
:1049D0006654696D657229203D202575003C627220
:1049E0003E53656C627374416E7275664665686CA1
:1049F00065725A6165686C6572203D202575003CC2
:104A000062723E53656C627374416E727566506873
:104A1000617365203D202575003C62723E44796ECD
:104A20004950416B7475616C6973696572756E6725
:104A3000456E647A656974203D202575003C62727C
:104A40003E4C616E6754696D657256616C282644F0
:104A5000796E4950416B7475616C697369657275E3
:104A60006E6754696D657229203D202575003C6292
:104A7000723E44796E49505F5068617365203D20F5
:104A80002575003C62723E52656D6F7465536572A8
:104A900076657241646472657373496E64657820EB
:104AA0003D202575003C62723E4B75727A54696DEB
:104AB000657256616C282652656D6F746553657218
:104AC000766572436865636B54696D657229203D34
:104AD000202575003C62723E52656D6F74655365AA
:104AE000727665725265636F6E6E65637454696D3C
:104AF0006572456E64203D202575003C62723E4B18
:104B000075727A54696D657256616C282652656DAE
:104B10006F7465536572766572416374696F6E5424
:104B2000696D657229203D202575003C62723E52F8
:104B3000656D6F7465536572766572536F636B65EF
:104B40007442756655736564203D202575003C628E
:104B5000723E52656D6F74655365727665724C690D
:104B60006E6B536F636B657448616E646C65203D5A
:104B7000202575003C62723E52656D6F7465536509
:104B8000727665724C696E6B537461747573203DF7
:104B9000202575003C62723E52656D6F74655365E9
:104BA00072766572416374697665203D20257500D3
:104BB0003C62723E536F636B6574416E7A61686CE0
:104BC0005A65696368656E456D7066616E67656E8E
:104BD000203D202575003C62723E536F636B657407
:104BE000416E7A61686C5A65696368656E51756972
:104BF000747469657274203D202575003C62723EB4
:104C0000536F636B6574416E7A61686C5A65696352
:104C100068656E476573656E646574203D20257513
:104C2000003C62723E50726F746F6B6F6C6C5068B8
:104C3000617365203D202575003C62723E536F63B1
:104C40006B65744F757442756655736564203D20BD
:104C50002575003C62723E536F636B6574496E420A
:104C6000756655736564203D202575003C62723E73
:104C70004B75727A54696D657256616C2826695459
:104C8000656C6578536F636B6574416262727563BE
:104C90006854696D657229203D202575003C62725B
:104CA0003E6954656C6578536F636B6574416262ED
:104CB00061754765706C616E74203D202575003C00
:104CC00062723E6954656C6578536F636B657450AE
:104CD000726F7456657273696F6E203D2025750082
:104CE0003C62723E6954656C6578536F636B6574A2
:104CF00050726F746F6B6F6C6C203D202575003C9B
:104D000062723E6954656C6578536F636B6574506D
:104D10006F7274203D202575003C62723E695465B7
:104D20006C6578536F636B65744950203D20253066
:104D30003258003C62723E6954656C6578536F630B
:104D40006B657448616E646C65203D202564003C91
:104D500062723E6954656C6578536F636B65744D20
:104D60006F6465203D202575003C62723E5374617E
:104D7000747573203D2025303258003C62723E4DE0
:104D80006F647573203D202575003C62723E446956
:104D900061676E6F73655075666665724C657665A2
:104DA0006C203D20257500446961676E6F73655006
:104DB00075666665723A202573004C65747A746571
:104DC0007220416E7275663A20253032752E25307C
:104DD00032752E2530347520253032643A25303234
:104DE000643A253032643C62723E007761746368D5
:104DF000646F677465737400726573657400656EC3
:104E0000006465000D0A003A006367692D4175660C
:104E100072756620766F6E200073707200006B658D
:104E20006E6E770021536F636B6574207A756D2009
:104E30005465696C6E65686D65722D536572766533
:104E4000722067657363686C6F7373656E2C2044A2
:104E5000796E49505F506861736520776172206E8A
:104E60006F63682027616B746976272E0D0A0053E3
:104E70006F636B6574207A756D205465696C6E651F
:104E8000686D65722D5365727665722077757264F0
:104E90006520766F6E20476567656E7374656C6C10
:104EA000652067657363686C6F7373656E0D0A00C8
:104EB0002120756E65727761727465746520416E2C
:104EC00074776F727420646573205465696C6E65C5
:104ED000686D65722D536572766572730D0A002ACE
:104EE0002055727361636865206465722046656849
:104EF0006C65726D656C64756E6720756E6B6C6148
:104F0000720D0A000D0A0021204665686C65726DFD
:104F1000656C64756E6720646573205465696C6E9A
:104F200065686D65722D536572766572733A2000FF
:104F3000546C6E536572766572206D656C64657431
:104F4000204C697374656E656E64650D0A000D0A08
:104F50000044796E616D69736368652049502D4125
:104F60006B7475616C6973696572756E673A206EF2
:104F7000657565204950200044796E616D697363E1
:104F800068652049502D416B7475616C6973696562
:104F900072756E673A20626573746568656E6465E4
:104FA0002049502067696C74207765697465720DBB
:104FB0000A002120446174656E7361747A20766FF3
:104FC0006D205465696C6E65686D65722D536572F0
:104FD000766572206D6974204E7220256C64206B9A
:104FE0006F6E6E7465206E69636874206765737098
:104FF000656963686572742077657264656E0D0A11
:10500000002120696D206C6F6B616C656E205465AA
:105010006C65666F6E6275636820616C73202750E3
:105020007269766174272067656B656E6E7A656953
:1050300063686E65740D0A0021205465696C6E65A5
:10504000686D65722D536572766572206D656C644E
:10505000657420414E44455245204E756D6D657214
:1050600020616C7320616E676566726167740D0AFA
:10507000000D0A005465696C6E65686D65722D538C
:105080006572766572206D656C6465742045696E25
:105090007472616720676566756E64656E3A20009C
:1050A0005465696C6E65686D65722D5365727665C1
:1050B00072206D656C64657420276E696368742066
:1050C000676566756E64656E270D0A000D0A00251A
:1050D0006429005465696C6E65686D65722D536551
:1050E0007276657220456D7066616E673A2028257C
:1050F000642F00202D3E20766572776F7266656E94
:105100002C20536F636B65742067657363686C6FE5
:105110007373656E0D0A0021205465696C6E6568B5
:105120006D65722D53657276657220456D7066618E
:105130006E672055454245524C415546207A7520B0
:105140007669656C6520446174656E20282564204D
:105150006279746529002A2053656C6273742D414D
:105160006E7275662D536F636B6574206475726320
:10517000682054696D656F75742067657363686C2A
:105180006F7373656E210D0A00212053656C627385
:10519000742D416E727566204B45494E20456368FB
:1051A0006F20656D7066616E67656E2E0D0A002159
:1051B0002053656C6273742D416E72756620414296
:1051C000474542524F4348454E20776567656E20FC
:1051D0004D6F6475732D5765636873656C2E0D0A8A
:1051E00000212053656C6273742D416E72756620C8
:1051F00046414C5343484520446174656E20656DBB
:105200007066616E67656E2E0D0A0053656C627381
:10521000742D416E72756620626573746165746980
:10522000677420495020416472657373652E0D0ABE
:10523000002A2053656C6273742D416E727566206E
:105240006572666F6C677265696368206162676525
:105250007363686C6F7373656E2E0D0A00212053A3
:10526000656C6273742D416E72756620446174655D
:105270006E2D53656E64756E6720564552534147D7
:10528000542E0D0A0053656C6273742D416E727555
:105290006620446174656E20756562657220536F87
:1052A000636B65742023256420676573656E646590
:1052B000742E0D0A00212053656C6273742D416EAB
:1052C000727566206F6566666E656E206465732014
:1052D000536F636B657420564552534147542E0DEE
:1052E0000A0053656C627374616B7475616C6973E9
:1052F000696572756E67004772756E647374656C6C
:105300006C756E67206572726569636874202853D6
:105310006F636B65742067657363686C6F73736527
:105320006E2C205457492067657363686C6F7373E4
:10533000656E290D0A005265737465206765647295
:1053400075636B74202D2D3E204175737363686106
:105350006C74756E6720696E7465726E0D0A004814
:10536000544D4C2D436861742D52756865202D2D68
:105370003E20417573736368616C74756E67206954
:105380006E7465726E0D0A000D0A004D656C6475D1
:105390006E6773647275636B202D3E20000D0A00EA
:1053A000446961676E6F7365647275636B3A200060
:1053B0000D0A0A0A003A20002A20546173746520FD
:1053C0006765647275636B74202D2D3E2052657382
:1053D00074652D447275636B206162676562726FDC
:1053E0006368656E0D0A00727972797279727972EA
:1053F0007972797279727972797279727972797255
:105400007972797279727972797279727972797244
:105410007972797279727972790D0A003A202530A1
:1054200032752E253032752E2530347520253032D8
:10543000753A253032753A253032750D0A000D0A5D
:10544000002A20416262617520776567656E2031B0
:1054500030204D696E7574656E2046756E6B737481
:10546000696C6C652E0D0A00646572002120546918
:105470006D656F7574206265696D20576172746522
:105480006E20617566206469652045696E73636886
:10549000616C747175697474756E670D0A002A20E9
:1054A00054696D656F7574206265696D205761720E
:1054B00074656E2061756620646965205363686C4D
:1054C0007573737175697474756E670D0A002A209F
:1054D00031352053656B756E64656E206E69636847
:1054E00074206765776165686C742C204162627214
:1054F0007563680D0A000D0A00282564292000251F
:10550000396C64202D202573202D20004E616D659F
:105510006E7375636865000D0A003E206C656E2031
:105520003D2025640D0A00537461727465204E613C
:105530006D656E737375636865206D6974203C00DA
:105540006F6363002120416E7761686C20696E741F
:1055500065726E20616E2025752056455253414775
:10556000540D0A0076657262756E64656E206D6911
:10557000742025750D0A00416E7761686C20696E94
:105580007465726E2025752000416E6765727566C0
:10559000656E657220686174206765616E74776FEF
:1055A00072746574202D3E2045696E736368616C6A
:1055B00074756E6720696E7465726E0D0A00212025
:1055C000494C4C4547414C45532050726F746F6BAA
:1055D0006F6C6C0D0A0021205457492D54696D657C
:1055E0006F7574202D3E204162736368616C747521
:1055F0006E670D0A005457492041757373636861E3
:105600006C74756E6720696E7465726E0D0A002188
:10561000205363686C7573737175697474756E6704
:10562000206F686E6520417566666F72646572757D
:105630006E670D0A005457492041757373636861A2
:105640006C74756E67207175697474696572740D18
:105650000A005465696C6E65686D657220256C750D
:1056600020696D20656967656E656E2054656C659F
:10567000666F6E6275636820676566756E64656ED9
:105680002E0D0A004E616D656E737375636865203B
:10569000676573746172746574202D3E2045696E70
:1056A000736368616C742D5175697474756E6720CD
:1056B000616E205457490D0A0054574920576168BC
:1056C0006C7A696666657220257520696E746572EC
:1056D0006E202F20676568656E640D0A0054574977
:1056E000205761686C617566666F72646572756E6D
:1056F0006720696E7465726E202F206B6F6D6D650B
:105700006E640D0A005457492045696E73636861E1
:105710006C747175697474756E6720667565722036
:10572000652D4D61696C2D447275636B0D0A0054D3
:1057300057492045696E736368616C74717569744B
:1057400074756E672066756572204D656C64756E44
:105750006773647275636B0D0A005457492045697D
:105760006E736368616C747175697474756E6720AB
:105770006E61636820426567696E6E2048544D4CC7
:105780002D436861740D0A005457492045696E73B2
:105790006368616C747175697474756E6720696E85
:1057A0007465726E202F206B6F6D6D656E640D0ACF
:1057B000005457492045696E736368616C746B6F60
:1057C0006D6D616E646F20696E7465726E202F203E
:1057D000676568656E640D0A005457492052657309
:1057E000657276696572756E6720696E7465726E32
:1057F000202F20676568656E6420766F6E202575A2
:105800000D0A00253032752E253032752E253034A4
:10581000752020253032643A253032640D0A002A82
:10582000206954656C65782D426C696E64736F6392
:105830006B65742073656C62737420676574726540
:105840006E6E740D0A002A206954656C65782D42CD
:105850006C696E64736F636B6574207775726465D1
:1058600020766F6E20476567656E7374656C6C6536
:105870002067657472656E6E740D0A0021205A45AA
:105880004954554542455253434852454954554E53
:105890004720626569205769656465726175666E47
:1058A00061686D65206465722056657262696E6418
:1058B000756E670D0A0021204D6568726661636828
:1058C00065204645484C4552206265696D20536508
:1058D0006E64656E20696E73204E65747A2C205359
:1058E0006F636B6574207769726420766F7275657B
:1058F000626572676568656E642067657363686C6E
:105900006F7373656E0D0A0021204D6568726661C4
:10591000636865204645484C4552206265696D20A4
:1059200053656E64656E20696E73204E65747A20CF
:10593000616265722056657262696E64756E677326
:105940006162626175206765706C616E740D0A003A
:105950002F253032580D0A002053756D416E7A2084
:105960002575002C205265737420257500202D2D7F
:105970003E2052657320256400536F636B6574206D
:1059800053656E64756E673A20282575290057693E
:10599000656465722D4F6566666E756E6720646519
:1059A0007320536F636B65742023256420657266D2
:1059B0006F6C6772656963682E0D0A002120576954
:1059C000656465722D4F6566666E756E67206465E9
:1059D0007320536F636B657420564552534147548F
:1059E0002E0D0A00202D2D3E2042756655736564EC
:1059F0002025750D0A0025642900536F636B6574BB
:105A000020456D7066616E673A202825642F006C12
:105A1000696D697469657274206175662025640D0D
:105A20000A002A20536F636B657420456D706661B0
:105A30006E672064726F68656E646572205565627A
:105A400065726C6175663A20456D7066616E67209F
:105A5000766F6E2025642000536F636B657420772A
:105A600069726420616B7469762067657363686C22
:105A70006F7373656E0D0A00536F636B65742077E7
:105A80007572646520766F6E20476567656E737406
:105A9000656C6C65206572776172746574206765EA
:105AA0007363686C6F7373656E0D0A002120536F0A
:105AB000636B657420777572646520766F6E20471E
:105AC0006567656E7374656C6C6520474554524517
:105AD0004E4E540D0A00536F636B657420777572D8
:105AE000646520766F6E20476567656E7374656CBC
:105AF0006C65206572776172746574206765736385
:105B0000686C6F7373656E0D0A002120536F636BB1
:105B1000657420777572646520766F6E20476567BF
:105B2000656E7374656C6C6520554E4552574152D5
:105B30005445542067657363686C6F7373656E0DAD
:105B40000A002A20536F636B6574496E42756620A4
:105B500067656C6F65736368742C206461206E7573
:105B600072206E6F636820617566204772756E647F
:105B70007374656C6C756E672067657761727465A8
:105B80007420776972640D0A0004036F6363000474
:105B900003616273002021202E2E2E4162776569F9
:105BA00073756E67206175662062657265697473CE
:105BB00020626573746568656E64656D20426C690A
:105BC0006E642D536F636B65742E0D0A00202A20BE
:105BD0002E2E2E4142474557494553454E2C2061B4
:105BE000756620426C696E642D536F636B6574201B
:105BF00067656C6567740D0A002C205665726269D2
:105C00006E64756E672062657374656874002C201D
:105C1000616E64657265206B6F6D6D656E64652085
:105C200056657262696E64756E672062657374652D
:105C300068742100202E2E2E576965646572766582
:105C40007262696E64756E67206F6B0D0A002C209E
:105C5000616E6465727765697469672062656C65F9
:105C6000677400202E2E2E6E6575206F6B0D0A0056
:105C7000202F204D414320005365727665722D53CD
:105C80006F636B6574202325642067656F656666A6
:105C90006E657420766F6E20495020002534640DA7
:105CA0000A002534640053656E6441202534640085
:105CB0002534640D0A0025346400456D706641206A
:105CC0002531366400204B656E6E3D253032580D0F
:105CD0000A00204C656E3D2564004665726E6B6F50
:105CE0006E66696720214665686C657220436F6443
:105CF000653D2564006665726E6B6F6E66657272D7
:105D00000053656E64652050726F746F6B6F6C6CBE
:105D100076657273696F6E2D566F727363686C610E
:105D2000672025750D0A0050726F746F6B6F6C6C75
:105D300076657273696F6E2D566F727363686C61EE
:105D40006720257520656D7066616E67656E0D0A4A
:105D5000006F63630076657262756E64656E206DB8
:105D600069742025750D0A00212073706F6E7461AF
:105D70006E65203F3F3F20416E7761686C20696E01
:105D80007465726E202575200041626261756265DE
:105D90006665686C20766F6E20476567656E737404
:105DA000656C6C650D0A000D0A002A204162626173
:105DB0007562656665686C20766F6E2047656765FD
:105DC0006E7374656C6C653A0053656E64656E4203
:105DD000657363686C65756E6967656E2045494ECD
:105DE0000D0A002A207665727370616574657465AA
:105DF0002045696E736368616C74756E670D0A0087
:105E000053656E64656E42657363686C65756E6933
:105E100067656E204155530D0A002534640D0A0054
:105E200025346400456D7066422025313664006E6D
:105E300061006E61004665726E6B6F6E6669672009
:105E40004B656E6E3D2564206F6B0D0A0025346432
:105E50000D0A002534640053656E644220253464C5
:105E6000005275666E756D6D65722D416266726168
:105E700067650041626672616765206265692054EA
:105E800065696C6E65686D65722D536572766572B5
:105E90006E0D0A002120696E7465726E657220565F
:105EA000657262696E64756E6773706172746E6537
:105EB0007220257520697374205343484F4E204645
:105EC0005245492E0D0A002120696E7465726E6577
:105ED000722056657262696E64756E677370617266
:105EE000746E6572202575204E49434854204D45F7
:105EF000485220455252454943484241522E0D0ACC
:105F000000206572666F6C677265696368206765FB
:105F10006F6566666E65740D0A0052656D6F746517
:105F2000205365727665722000206B6F6E6E74650B
:105F3000206E696368742067656F6566666E657458
:105F40002077657264656E0D0A00212052656D6FC1
:105F5000746520536572766572200020756E6265E7
:105F60006B616E6E740D0A00212052656D6F746551
:105F70002053657276657220486F73746E616D652B
:105F8000200052656D6F746553657276657220737B
:105F9000656E646520456E64650D0A002A205265B1
:105FA0006D6F7465536572766572206861742053F5
:105FB0006F636B657420554E4745504C414E5420DD
:105FC00067657363686C6F7373656E2E0D0A00529C
:105FD000656D6F74655365727665722068617420B3
:105FE000536F636B6574206B6F7272656B7420679F
:105FF000657363686C6F7373656E2E0D0A00202DD8
:106000002D3E207769726420766572776F726665BF
:106010006E0D0A00212052656D6F746553657276AE
:10602000657220556E6775656C7469676573205479
:10603000656C656772616D6D20656D7066616E6718
:10604000656E3A002A2052656D6F746553657276ED
:1060500065722068617420456E64652D42656665D1
:10606000686C20676573636869636B740D0A00521E
:10607000656D6F7465536572766572206861742012
:1060800056657262696E64756E677377756E736359
:106090006820676573636869636B742C2077697225
:1060A00064206162676577696573656E3A0D0A0001
:1060B00052656D6F746553657276657220686174A0
:1060C0002056657262696E64756E677377756E735C
:1060D000636820676573636869636B742C207769F4
:1060E000726420616E67656E6F6D6D656E3A0D0A44
:1060F00000202D2D3E204275665573656420257560
:106100000D0A002564290052656D6F746553657230
:1061100076657220456D7066616E673A2028256449
:106120002F006C696D6974696572742061756620F1
:1061300025640D0A002A2052656D6F7465536572DF
:1061400076657220456D7066616E672064726F6857
:10615000656E6465722055656265726C6175663A3C
:1061600020456D7066616E6720766F6E2025642015
:106170000025642F3130302073656B0D0A002A2012
:1061800052656D6F74652053657276657220576530
:10619000636873656C2C206E657565205665727A30
:1061A0006F65676572756E67200052656D6F746507
:1061B00053657276657220766572776572666520C2
:1061C000257520427974657320446174656E206181
:1061D00075732053656E64652D5075666665722013
:1061E0006265692067657363686C6F7373656E655C
:1061F0006D20536F636B65740D0A00212052656D2D
:106200006F74655365727665722077697264207762
:106210006567656E2053656E64656665686C65725A
:106220002067657472656E6E742E0D0A00202D2D28
:106230003E205265732025640D0A0052656D6F740F
:10624000655365727665722053656E64756E673A44
:106250002028257529000D0A000D0D0D0A00626B1E
:106260000061627300646572006E61006E63006FAE
:106270006363003E0D0A005761686C41626272758B
:1062800063684D656C64756E67203C000D0A0020E4
:10629000282D25752053656B756E64656E290D0A72
:1062A000002D3E25337520202049503A002053749C
:1062B0006174653A253375002020202000536F63F8
:1062C0006B65744368616E67653A2048616E646C03
:1062D000653A2564005A756772696666652070655F
:1062E00072205443503A00202025757820202D2517
:1062F0007573000D0A706F72742025752069702007
:1063000000212045696E736368616C74756E672047
:10631000257520696E7465726E205645525341474B
:10632000540D0A0045696E736368616C74756E671D
:1063300020257520696E7465726E0D0A00426175C4
:10634000646F744D6F6465203D2025640041736364
:1063500069692D566572617262656974756E673A16
:10636000202575205A65696368656E206175732004
:10637000417363696948696C665075666665722029
:1063800076657261726265697465742C000D0A002D
:10639000202020202020676577616E64656C742062
:1063A000696E3A200020282B2575290D0A004173BB
:1063B0006369692D566572617262656974756E678D
:1063C0003A200020756E642056657273696F6E20E6
:1063D00025750D0A002D3E2073656E646520447599
:1063E0007263687761686C20257500436C69656E1F
:1063F000742D536F636B6574202325642069546585
:106400006C6578206572666F6C6772656963682079
:1064100067656F6566666E65742000436C69656EBE
:10642000742D536F636B657420232564204173635F
:106430006969206572666F6C677265696368206759
:10644000656F6566666E6574202D3E2045696E73C6
:106450006368616C742D5175697474756E67206121
:106460006E205457490D0A002120436C69656E74F3
:106470002D536F636B6574206B6F6E6E7465206E49
:106480006963687420657273746D616C69672067F5
:10649000656F6566666E65742077657264656E0DFE
:1064A0000A002A205465696C6E65686D6572206902
:1064B00073742047454C4F45534348540D0A0043DD
:1064C0006C69656E742D536F636B6574202325644E
:1064D00020534D5450206572666F6C677265696316
:1064E000682067656F6566666E6574202D3E204581
:1064F000696E736368616C742D5175697474756E1F
:106500006720616E205457490D0A00206E69636848
:106510007420676566756E64656E0D0A00212049FA
:1065200050207A7520486F73746E616D652000206D
:10653000506F72742025750D0A00203D20005665AD
:106540007262696E64756E677361756662617520EB
:106550007A7520486F73746E616D65200020506FEE
:1065600072742025750D0A0056657262696E647535
:106570006E6773617566626175207A752049502077
:1065800000204665686C65727A6165686C6572208A
:1065900076657272696E6765727420617566202512
:1065A000640D0A005465696C6E65686D65722D53E3
:1065B00065727665722000204665686C65727A6146
:1065C00065686C6572206572686F656874206175B6
:1065D000662025640D0A005465696C6E65686D65FA
:1065E000722D5365727665722000292E0D0A0020E7
:1065F0004950206E696368742062656B616E6E74C9
:1066000020284F6566666E756E6720667565722018
:106610000021205465696C6E65686D65722D536547
:106620007276657220002E0D0A00204745534348BC
:106630004549544552542066756572200021205604
:10664000657262696E64756E677376657273756381
:106650006820616E205465696C6E65686D65722D89
:1066600053657276657220002E0D0A0020536F6309
:106670006B65742023256420686572676573746593
:106680006C6C742066756572200056657262696E66
:1066900064756E6720616E205465696C6E65686D07
:1066A00065722D5365727665722000576563687355
:1066B000656C206E616368204D6F64757320507542
:1066C00066666572447275636B556E645363686C7D
:1066D0007573732028766F6E202564290D0A005784
:1066E00065636873656C206E616368204D6F6475C7
:1066F0007320527568652028766F6E202564290DF9
:106700000A00496E7465726E6556657262696E64E0
:10671000756E674265656E64656E20617573676549
:1067200068656E6420766F6E204D6F6475732025EA
:10673000640D0A006E6163682025642E0D0A004D09
:106740006F6475735765636873656C20766F6E2030
:106750002564200021205265736574207765676584
:106760006E206E696368742D417566727566207659
:106770006F6E206974656C65785F746872656164BA
:1067800028290D0A00202E2E2E6765737065696317
:10679000686572740D0A00253032752E2530327509
:1067A0002E2530347520253032753A253032753A31
:1067B000253032752000202E2E2E69676E6F72698B
:1067C0006572742C20766F72686572696765204DFA
:1067D000656C64756E67206E6F6368206E696368B0
:1067E00074206765647275636B740D0A00284E55DA
:1067F0004C4C2900446961676E6F736561757367FE
:10680000616265204C6576656C2025643A200053F2
:10681000756D6D652F416E7A203D20256C752F2595
:106820007520204D6178203D2025752020416E7A0D
:1068300055656265724772656E7A65203D202575E3
:1068400000454550524F4D4F4B006954656C65787B
:106850003A205465696C6E65686D65722D56657277
:106860007A656963686E6973206175732045455068
:10687000524F4D2067656C6164656E2E0D0A0020D5
:106880002F20253032580D0A006954656C65783A1E
:10689000202120456570726F6D204C6164656665CE
:1068A000686C6572202564006954656C65783A20CF
:1068B0002A205465696C6E65686D65722D56657227
:1068C0007A656963686E6973207769726420756E92
:1068D00076657261656E6465727420756562657255
:1068E0006E6F6D6D656E2E0D0A006974656C65784E
:1068F0002D746C6E7665727A2E636769003C6272E5
:106900003E61726763203D2025642C2061726776AA
:1069100031203D202573003C2F623E3C62723E00D8
:106920003C623E002025733C62723E003A2000200B
:1069300025753C62723E0020257320282575293C70
:1069400062723E0020257520003C62723E003C626F
:10695000723E003C62723E003A2025733C62723EF9
:10696000003C62723E003C696E707574206E616D11
:10697000653D22616C746E756D6D6572222074794F
:1069800070653D2268696464656E222076616C756D
:10699000653D22256C64223E006974656C65782D26
:1069A000746C6E7665727A2E63676900616200733B
:1069B0006F7274006C6F616400636C656172007368
:1069C00061766500646174756D006C6F636B006C5B
:1069D0006F63616C007479706500647572636877C9
:1069E00061686C00706F72740061647265737365C6
:1069F000006E616D6500616C746E756D6D65720021
:106A00006E756D6D6572006564697400616C6C65AE
:106A10007A656967656E003C2F7461626C653E0043
:106A20003C2F7461626C653E3C2F666F726D3E0058
:106A30003C2F666F726D3E003C2F613E3C2F7464AC
:106A40003E3C2F74723E3C2F7461626C653E003C8C
:106A500074723E3C74643E26233136303B3C2F74C6
:106A6000643E3C74643E26233136303B3C2F7464D4
:106A70003E3C74643E26233136303B3C2F74643EEA
:106A80003C74643E26233136303B3C2F74643E3CDC
:106A900074643E26233136303B3C2F74643E3C7494
:106AA000643E26233136303B3C2F74643E3C746494
:106AB0003E26233136303B3C2F74643E3C74643EAA
:106AC00026233136303B3C2F74643E3C74643E3C9C
:106AD0006120687265663D226974656C65782D7405
:106AE0006C6E7665727A2E6367693F656469743D82
:106AF00030223E003C74643E26233136303B3C2F2E
:106B000074643E3C2F74723E003C2F613E3C2F74F7
:106B1000643E3C2F74723E003C74643E3C612068CD
:106B20007265663D226974656C65782D746C6E764D
:106B300065727A2E6367693F656469743D256C648C
:106B4000223E003C746420616C69676E3D2263657F
:106B50006E746572223E253032752E253032752EC8
:106B60002530347520253032643A253032643A2598
:106B70003032643C2F74643E003C2F74643E3C749D
:106B8000643E26233136303B3C2F74643E3C7464B3
:106B90003E26233136303B3C2F74643E3C74643EC9
:106BA00026233136303B3C2F74643E003C2F746406
:106BB0003E3C746420616C69676E3D226C6566744E
:106BC000223E25733C2F74643E3C746420616C69E2
:106BD000676E3D2263656E746572223E26233136F0
:106BE000303B3C2F74643E3C74643E262331363087
:106BF0003B3C2F74643E003C2F74643E3C74642024
:106C0000616C69676E3D226C656674223E25733C3B
:106C10002F74643E3C746420616C69676E3D22632E
:106C2000656E746572223E25753C2F74643E3C741B
:106C3000643E26233136303B3C2F74643E003C2FAB
:106C400074643E3C746420616C69676E3D226C65BF
:106C50006674223E3C6120687265663D22687474E9
:106C6000703A2F2F257322207461726765743D225C
:106C70005F626C616E6B223E25733C2F613E3C2F40
:106C800074643E3C746420616C69676E3D22636588
:106C90006E746572223E25753C2F74643E3C7464AC
:106CA00020616C69676E3D2263656E746572223E79
:106CB00025733C2F74643E003C2F74643E3C746426
:106CC00020616C69676E3D226C656674223E00200F
:106CD00000200020003C746420616C69676E3D22D6
:106CE0006C656674223E25733C2F74643E3C74646C
:106CF0003E26233136303B003C74723E3C746420A7
:106D0000616C69676E3D226C656674223E256C6419
:106D10003C2F74643E003C2F613E3C62723E003C5E
:106D20006120687265663D226974656C65782D74B2
:106D30006C6E7665727A2E6367693F616C6C657AFA
:106D4000656967656E223E003C666F726D20616307
:106D500074696F6E3D226974656C65782D746C6E14
:106D60007665727A2E636769223E006954656C65A8
:106D7000783A205465696C6E65686D65722D56654C
:106D8000727A656963686E6973205072756566739F
:106D9000756D6D6520616B7475616C697369657281
:106DA0007420617566202530386C582E0D0A006FEE
:106DB0006666006F6E003A202575003A2025750042
:106DC0003C62723E003A20256C75003A20256C75B5
:106DD000003C62723E003A202573003A2025730081
:106DE0003C62723E00223E3C2F74643E3C2F747223
:106DF0003E3C2F7461626C653E3C2F666F726D3E47
:106E0000003C74723E3C74643E3C2F74643E3C749F
:106E1000643E3C696E70757420747970653D2273B0
:106E200075626D6974222076616C75653D22003C47
:106E30002F73656C6563743E3C2F74643E003C2F79
:106E40006F7074696F6E3E003C6F7074696F6E2076
:106E500076616C75653D222564223E003C6F70743E
:106E6000696F6E2073656C65637465642076616C10
:106E700075653D222564223E00222073697A653DB6
:106E80002231223E003A3C2F74643E3C74643E3C06
:106E900073656C656374206E616D653D22003C74A2
:106EA000723E3C746420616C69676E3D2272696752
:106EB0006874223E003E3C2F74643E3C2F74723E48
:106EC0000020636865636B656400222074797065D7
:106ED0003D22636865636B626F78222076616C7512
:106EE000653D223122002220747970653D2274654F
:106EF0007874222073697A653D22256422207661A8
:106F00006C75653D22257322206D61786C656E6716
:106F100074683D222564223E3C2F74643E3C2F74ED
:106F2000723E002220747970653D22746578742267
:106F30002073697A653D222564222076616C75652F
:106F40003D22256C7522206D61786C656E677468D2
:106F50003D222564223E3C2F74643E3C2F74723ED9
:106F6000003A3C2F74643E3C74643E3C696E70751C
:106F700074206E616D653D22003C74723E3C746409
:106F800020616C69676E3D227269676874223E00F9
:106F9000223E3C7461626C6520626F726465723D72
:106FA0002230222063656C6C70616464696E673D99
:106FB0002235222063656C6C73706163696E673D76
:106FC0002230223E003C666F726D20616374696FEF
:106FD0006E3D22006F6E0020253032580025303281
:106FE000643A253032643A253032642C25303264DC
:106FF0003A20006661745F77726974655F66696CD8
:10700000652076657273616774006661745F77727C
:107010006974655F66696C65207665727361677413
:10702000000D0A2B2B2B2B2B2B20253032752E25D8
:107030003032752E25303475202B2B2B2B2B2B0D1E
:107040000A006661745F6F70656E5F66696C6520CB
:10705000646572206E6575656E2044617465692093
:10706000766572736167742066756572200066616B
:10707000745F6372656174655F66696C65207665CF
:107080007273616774206675657220006661745F53
:107090006F70656E5F646972206465732048617506
:1070A00070747665727A656963686E697320766557
:1070B0007273616774006661745F6765745F6469A9
:1070C000725F656E7472795F6F665F70617468205D
:1070D0006465732048617570747665727A6569635A
:1070E000686E697320766572736167740070726F81
:1070F000745F253034752D253032752D253032756D
:107100005F253032642D253032642E747874006629
:1071100061745F7365656B5F66696C652076657227
:107120007361677400546C6E537276006954656CB9
:10713000657820546C6E53657276657220506F725C
:10714000742025752E0D0A003C62723E4175746FE5
:10715000456570726F6D4261636B757054696D65E2
:1071600072456E6465202D204C616E6754696D65B3
:107170007256616C28264175746F456570726F6D2B
:107180004261636B757054696D657229203D2025DD
:107190006C75003C62723E566F6C6C416266726147
:1071A0006765536572766572496E646578203D2027
:1071B000256C75003C62723E566F6C6C4162667263
:1071C00061676554696D6572456E6465203D202573
:1071D0006C75003C62723E4C616E6754696D6572FD
:1071E00056616C2826566F6C6C41626672616765E9
:1071F00054696D657229203D20256C75003C6272D2
:107200003E53796E635761727465456E6465203DC7
:1072100020256C75003C62723E4B75727A54696D24
:10722000657256616C282653796E63576172746576
:1072300054696D657229203D20256C75003C627291
:107240003E546C6E427563684C65747A7465416532
:107250006E646572756E67203D20253032752E256F
:107260003032752E2530347520253032643A253081
:1072700032643A2530326400204D6F6D656E746162
:107280006E206765266F756D6C3B66666E65742053
:1072900028536F636B657449443D25642C204C6909
:1072A0007374654964783D25642C2046726569676E
:1072B0006162653D25642C20417573676162654795
:1072C00065737461727465743D25642C20416E7A17
:1072D00061686C416B7475616C6973696572743D4A
:1072E00025642C204665727469673D25642C205402
:1072F000696D656F7574636F756E7465723D256435
:1073000029003C62723E546C6E5365727665724B16
:10731000616E616C20256420777572646520256C30
:1073200075206D616C2067656E75747A742E003CF3
:1073300062723E546C6E5365727653796E63537409
:107340006963687A65697428257329203D20253092
:1073500032752E253032752E253034752025303289
:10736000643A253032643A25303264003C62723E21
:10737000416E7A61686C20416266726167656E2059
:1073800070726F20576F6368653A202575202867F3
:107390006572756E64657429003C62723E546C6E51
:1073A00053657276416266726167655A6165686CA1
:1073B0006572203D20256C7500454550524F4D208B
:1073C0006661696C6564005665727A656963686EAA
:1073D0006973206175746F6D617469736368206788
:1073E000657370656963686572742C2052657320DB
:1073F0003D2025640D0A0021202E2E2E41424745B6
:1074000057494553454E20776567656E20616C6C22
:10741000652062657365747A740D0A00202E2E2E25
:107420006F6B202325640D0A00202F204D4143203F
:10743000005365727665722D536F636B65742067B8
:10744000656F6566666E657420766F6E20495020A4
:10745000006F63637570696564002A205363686C0C
:1074600069657373656E2064657320536F636B6524
:1074700074206E6163682054696D656F75740D0AC0
:10748000002120536F636B657420777572646520EB
:10749000766F6E20476567656E7374656C6C6520EA
:1074A000554E4552574152544554206765736368A1
:1074B0006C6F7373656E0D0A00536F636B65742098
:1074C000777572646520766F6E20476567656E73A9
:1074D00074656C6C652067657363686C6F73736546
:1074E0006E0D0A000D0A0021204572726F72200095
:1074F000756E6B6E6F776E20636F6465202530321A
:107500005820000D0A0021204665686C65726D6583
:107510006C64756E6720656D7066616E67656E2C54
:1075200020536F636B65742077697264206765739D
:1075300063686C6F7373656E3A20002A202E2E2EBE
:107540006E6963687420676566756E64656E206F2A
:107550006465722067657370657272740D0A0066E7
:1075600061696C0D0A256C750D0A756E6B6E6F770F
:107570006E0D0A2B2B2B0D0A00202E2E2E67656612
:10758000756E64656E0D0A0041736369692D416211
:10759000667261676520656D7066616E67656E2EE7
:1075A000204E756D6D657220256C753A20006173F3
:1075B0006369692D717565727920746F6F207368C6
:1075C0006F72743A20257500206D6974202564203F
:1075D000676561656E64657274656E202F20616BEE
:1075E0007475616C697369657274656E2045696E46
:1075F0007472616567656E0D0A00566F6C6C61622E
:107600006672616765206572666F6C677265696333
:1076100068206265656E64657400456E6465204B24
:10762000656E6E756E6720656D7066616E67656EFE
:107630002C20536F636B65742077697264206765D3
:107640007363686C6F7373656E0D0A00756E657891
:107650007065637465642061636B6E6F776C6564DD
:1076600067650077726F6E672061757468656E7408
:10767000696669636174696F6E006C6F67696E201B
:107680006E6F7420656E6F75676820646174613A0F
:1076900020257500736561726368206E6F742065C4
:1076A0006E6F75676820646174613A202575007794
:1076B000726F6E672061757468656E746966696360
:1076C0006174696F6E006C6F67696E206E6F7420F5
:1076D000656E6F75676820646174613A2025750076
:1076E000446174656E7361747A20766F6D205465A1
:1076F000696C6E65686D65722D5365727665722072
:107700006D6974204E7220256C7520656D70666100
:107710006E67656E2C206B65696E652041656E64D1
:107720006572756E670D0A002120766572616C7452
:107730006574657220446174656E7361747A207635
:107740006F6D205465696C6E65686D65722D53654B
:1077500072766572206D6974204E7220256C7520DA
:10776000656D7066616E67656E0D0A002A20446162
:1077700074656E7361747A20766F6D205465696CE0
:107780006E65686D65722D536572766572206D69E0
:1077900074204E7220256C7520656D7066616E6771
:1077A000656E20756E6420676573706569636865D2
:1077B0007274200D0A0061626F72740021204461AE
:1077C00074656E7361747A20766F6D205465696C90
:1077D0006E65686D65722D536572766572206D6990
:1077E00074204E7220256C75206B6F6E6E74652050
:1077F0006E69636874206765737065696368657234
:10780000742077657264656E0D0A006E6F20617575
:107810007468656E74696669636174696F6E00751A
:107820007064617465206E6F7420656E6F75676833
:1078300020646174613A202575002A202E2E2E6E58
:107840006963687420676566756E64656E206F6431
:1078500065722067657370657272740D0A00202E60
:107860002E2E676566756E64656E0D0A0041626650
:107870007261676520656D7066616E67656E2E204A
:107880004E756D6D657220256C753A2000726571BC
:1078900075657374206E6F7420656E6F75676820F0
:1078A000646174613A202575000D0A00212061622F
:1078B000676577696573656E6520416E667261679D
:1078C000652077617220766F6E20495020006465D4
:1078D0006C6179656400666F7262696464656E00EC
:1078E000506F72742025750D0A00416B7475616CC0
:1078F0006973696572756E6720656D7066616E6724
:10790000656E2E204E756D6D657220256C7520009C
:10791000757064617465206E6F7420656E6F756735
:107920006820646174613A202575000D0A002120E9
:10793000756E657277617274657420776567656EC0
:10794000204665727469673D545255450D0A0025FD
:10795000642900536F636B657420456D7066616EBA
:10796000673A2028256C642F00202D3E2076657212
:10797000776F7266656E2C20536F636B657420673A
:10798000657363686C6F7373656E0D0A0021205315
:107990006F636B657420456D7066616E6720554539
:1079A0004245524C4155462028256C64290021202F
:1079B0004E65756572205465696C6E65686D65729B
:1079C00020256C75206B6F6E6E7465206E69636820
:1079D0007420676573706569636865727420776584
:1079E0007264656E0D0A0020506F72742025752038
:1079F000286E6F63682067657370657272742129E1
:107A00000D0A005465696C6E65686D657220256CA1
:107A100075206572666F6C67726569636820616E58
:107A200067656C6567743A20495020002A205465C8
:107A3000696C6E65686D65727665727A6569636892
:107A40006E6973206E6F6368206E6963687420735B
:107A5000796E6368726F6E6973696572740D0A007E
:107A6000212041656E646572756E67205465696C8E
:107A70006E65686D657220256C75206B6F6E6E7417
:107A800065206E69636874206765737065696368F3
:107A90006572742077657264656E0D0A0020506F00
:107AA00072742025750D0A005465696C6E65686DE9
:107AB000657220256C75206572666F6C67726569EA
:107AC000636820616B7475616C6973696572743A7F
:107AD00020495020005465696C6E65686D657220A0
:107AE000256C75207363686F6E20766F7268616EA7
:107AF00064656E2C20756E76657261656E64657264
:107B0000746520446174656E0D0A00212054656916
:107B10006C6E65686D657220256C75207363686F87
:107B20006E20766F7268616E64656E2C206162658E
:107B3000722066616C736368652050696E206765AA
:107B400073656E6465740D0A0021205465696C6E5E
:107B500065686D657220256C75207363686F6E2093
:107B6000766F7268616E64656E2C2061626572204A
:107B70006E6963687420547970202764796E616D32
:107B800069736368270D0A002A205465696C6E6565
:107B9000686D657220256C75207363686F6E207642
:107BA0006F7268616E64656E2C2061626572206E12
:107BB0006F6368206E6963687420667265696765C3
:107BC000676562656E0D0A0021205465696C6E65FB
:107BD000686D657220256C75207363686F6E207602
:107BE0006F7268616E64656E2C2061626572204CF4
:107BF0004F4B414C0D0A002A205275666E756D6D13
:107C0000657220256C75207A752077656E6967200E
:107C10005A69666665726E0D0A0053656E6465206A
:107C2000456E64652D4B656E6E756E67206465727A
:107C3000205465696C6E65686D65722D45696E745A
:107C400072616567650D0A0053656E646520546551
:107C5000696C6E65686D65722D45696E74726167D9
:107C600020256C750D0A00416C732067656C6F658B
:107C700073636874206D61726B69657274657220DC
:107C80005465696C6E65686D65722D45696E7472B8
:107C9000616720256C7520756562657273707275F9
:107CA0006E67656E0D0A00537461727465204175CC
:107CB000736761626520646572205465696C6E65E6
:107CC000686D65722D45696E7472616567650D0A30
:107CD000006661696C0D0A256C750D0A77726F6E0E
:107CE0006720747970650D0A2B2B2B0D0A00257304
:107CF0000D0A2B2B2B0D0A000D0A25640D0A256495
:107D00000D0A2B2B2B0D0A0025730D0A25640D0A75
:107D100025640D0A2B2B2B0D0A006F6B0D0A256CA9
:107D2000750D0A25730D0A25640D0A00212053657F
:107D30006E64756E6720776172204E494348542007
:107D4000564F4C4C535441454E4449470D0A00216F
:107D5000204D6568726661636865204665686C657C
:107D600072206265696D2053656E64656E20696E70
:107D700073204E65747A2C20536F636B6574207783
:107D80006972642067657363686C6F7373656E0DE9
:107D90000A00202D2D3E205265732025640D0A0017
:107DA000536F636B65742053656E64756E673A201C
:107DB00028256C752900546C6E537276282D293A4B
:107DC00020003F293A20002563293A2000546C6E98
:107DD0005372762825642C002325642067656F651F
:107DE00066666E6574207A7572204175736761628C
:107DF000652064657220676561656E64657274658F
:107E00006E205465696C6E65686D65722D45696E8E
:107E10007472616567650D0A00436C69656E742D47
:107E2000536F636B6574200053796E632D4D656CE1
:107E300064756E67002325642067656F6566666EEE
:107E400065742C20566F6C6C616266726167652088
:107E50006265676F6E6E656E0D0A00436C69656ED4
:107E6000742D536F636B65742000566F6C6C616288
:107E7000667261676500504F505345525645520037
:107E8000534D545053455256455200454D41494C6F
:107E900041445200454D41494C5041535300454DDA
:107EA00041494C4142465254414B5400454D414991
:107EB0004C46494C5445524B454E4E554E47004555
:107EC0004D41494C4E5354006974656C6578636646
:107ED000672D656D61696C2E636769003A202573B3
:107EE000003A202573003C62723E0030003C2F6156
:107EF0003E003C6120687265663D226974656C6570
:107F0000786366672D656D61696C2E636769223ED3
:107F1000006974656C65786366672D656D61696C71
:107F20002E63676900515549540D0A000D0A2E0D44
:107F30000A00515549540D0A00202B54582B0D0AA4
:107F40000D0A003E0D0A436F6E74656E742D5479F0
:107F500070653A20746578742F706C61696E3B208F
:107F6000636861727365743D75732D6173636969CC
:107F70000D0A5375626A6563743A20003E0D0A5417
:107F80006F3A3C0046726F6D3A3C00444154410DDB
:107F90000A003E0D0A005243505420544F3A3C0010
:107FA0003E0D0A004D41494C2046524F4D3A3C008F
:107FB0000D0A000D0A0041555448204C4F47494EC8
:107FC0000D0A0045484C4F206954656C6578206D5A
:107FD00061696C20636C69656E740D0A0069546593
:107FE0006C657820534D54503A2021204665686CCA
:107FF00065726D656C64756E673A20006954656CD6
:10800000657820534D54503A202120436C69656EA9
:10801000742D536F636B6574207A756D20534D54C6
:10802000502D536572766572206B6F6E6E7465208D
:108030006E696368742067656F6566666E65742037
:1080400077657264656E0D0A00206E69636874203E
:10805000676566756E64656E0D0A006954656C65CA
:108060007820534D54503A2021204950207A7520D1
:10807000486F73746E616D6520006954656C657836
:1080800020504F503A202120416262727563680D82
:108090000A0044454C4520310D0A00515549540D04
:1080A0000A000D0A000D0A0A0A0A0044454C452040
:1080B000310D0A002E0D0A00515549540D0A005188
:1080C0005549540D0A00535441540D0A000D0A003D
:1080D0005041535320000D0A00555345522000696A
:1080E00054656C657820504F503A202120466568D1
:1080F0006C65726D656C64756E673A20005245540C
:108100005220310D0A006954656C657820504F503B
:108110003A20436C69656E742D536F636B657420F0
:10812000232564207A756D2053657276657220650B
:1081300072666F6C6772656963682067656F6566F4
:10814000666E65740D0A006954656C657820504F41
:10815000503A202120436C69656E742D536F636B18
:108160006574207A756D20536572766572206B6F29
:108170006E6E7465206E696368742067656F6566EE
:10818000666E65742077657264656E0D0A00206EF8
:108190006963687420676566756E64656E0D0A00B4
:1081A0006954656C657820504F503A202120495021
:1081B000207A7520486F73746E616D652000202EE3
:1081C0002E2E69676E6F72696572656E0D0A0020EA
:1081D0002E2E2E647275636B20284765732E202522
:1081E00075290D0A006954656C657820504F503A26
:1081F000205A65696C65566572617262656974655D
:108200006E3A2000746578742F706C61696E00633B
:108210006F6E74656E742D74797065002B74782B95
:10822000002B54582B007375626A65637400646197
:10823000746500746F0066726F6D003A006B6F6D4D
:108240006D656E64657220416E727566206162674D
:108250006577696573656E20776567656E20626511
:108260007365747A7400696E636F6D696E672063FD
:10827000616C6C2063616E63656C6C656420626523
:1082800063617573652062757379004D6568726608
:1082900061636865204665686C6572206265696D1A
:1082A0002053656E64656E20696E73204E65747A26
:1082B000004D756C7469706C65206572726F7273B5
:1082C000207768696C652073656E64696E67206FDE
:1082D0006E206E6574776F726B005A656974756590
:1082E00062657273636872656974756E6720626532
:1082F00069205769656465726175666E61686D6550
:10830000206465722056657262696E64756E6700DE
:1083100054696D656F7574207768696C6520776145
:108320006974696E6720666F722061207265636F81
:108330006E6E656374696F6E006B65696E2074653F
:10834000696C6E65686D65722D202F20766572628E
:10835000696E64756E67732D7365727665722065DC
:108360007272656963686261723A207665726269E9
:108370006E64756E67737665727375636865206B7E
:108380006F656E6E656E206665686C7363686C61A0
:1083900067656E2E006E6F2073756273637269621B
:1083A0006572206469726563746F7279202F20632F
:1083B0006F6E6E656374696F6E2073657276657239
:1083C00020617661696C61626C653A20436F6E6E04
:1083D000656374696F6E73206D6179206661696C85
:1083E0002E00736572766572207769656465722008
:1083F00065727265696368742E0073657276657262
:1084000020617661696C61626C6520616761696E8B
:108410002E004B65696E652056657262696E6475E3
:108420006E67207A756D204D61696C2D536572768B
:10843000657220667565722041757367616E6700AD
:108440004E6F20636F6E6E656374696F6E20746F1C
:108450002073657276657220666F72206F7574671F
:108460006F696E67206D61696C73004D61696C2086
:10847000696E206469657365722056657273696FF1
:108480006E206E6963687420756E7465727374759E
:1084900065747A74004D61696C206E6F7420737519
:1084A00070706F7274656420696E207468697320DF
:1084B00076657273696F6E005A6569742D536572C3
:1084C00076657220776172206E69636874207665C4
:1084D00072667565676261722C207465696C6E6581
:1084E000686D65722D736572766572206E6963685A
:1084F00074206765737461727465742E2062697488
:108500007465206469657365207363686E6974744B
:108510007374656C6C65206E65752073746172741C
:10852000656E2E0074696D652073657276657220C4
:108530006E6F7420617661696C61626C652E207368
:1085400075627363726962657220736572766572B3
:10855000206E6F7420737461727465642C20706C6B
:1085600065617365207265737461727420746869E3
:108570007320696E74657266616365206167616905
:108580006E2E005465696C6E65686D65722062655B
:108590007365747A7400537562736372696265728D
:1085A0002062757379005465696C6E65686D6572DB
:1085B000206E6963687420657272656963686261C0
:1085C000720053756273637269626572206E6F74B4
:1085D00020617661696C61626C65005465696C6EDE
:1085E00065686D6572206E696368742065726C6180
:1085F0007562740053756273637269626572206E8E
:108600006F7420616C6C6F776564005465696C6E83
:1086100065686D657220676573746F657274005369
:108620007562736372696265722064657261696CF8
:108630006564005465696C6E65686D657220616281
:10864000776573656E64202F206162676573636868
:10865000616C7465740053756273637269626572EC
:1086600020616273656E74202F2064656163746994
:1086700076617465640067657472656E6E7400621D
:108680007265616B00736F6E7374696765206D65E9
:108690006C64756E673A20007370656369616C2065
:1086A0006D6573736167653A2000416E7363686C32
:1086B00075737320696E7465726E2062657365747C
:1086C0007A74004C6F63616C20636F6E6E656374C7
:1086D000696F6E206275737900496E7465726E659C
:1086E0002056657262696E64756E6720756E74657A
:1086F0007262726F6368656E004C6F7374206C6F8A
:1087000063616C20636F6E6E656374696F6E000DDC
:108710000A7465696C6E65686D657273756368650A
:10872000206E6163683A202020202020000D0A730B
:1087300065617263682073756273637269626572E2
:108740007320666F723A202020202020000D0A6DD1
:108750006F6D0D0A000D0A6D6F6D0D0A006D696E6B
:1087600064657374656E732033207A656963686528
:108770006E2065696E676562656E2E202020202060
:10878000200D0A0A00656E746572206174206C65A4
:1087900061737420746872656520636861726163D7
:1087A000746572732E2020202020200D0A0A006696
:1087B00065686C65722062656920736572766572A2
:1087C0002D616266726167652E20006572726F723C
:1087D00020696E20737562736372696265722073BB
:1087E000657276657220616E737765722E20006CFB
:1087F0006F6B616C20766F7268616E64656E652068
:1088000065696E7472616567653A0D0A006C6F6325
:10881000616C6C792073746F72656420656E74721C
:108820006965733A0D0A002020206E756D6D6572C2
:10883000202D206E616D65202D2076657262696E37
:1088400064756E673A0D0A002020206E756D6265B2
:1088500072202D206E616D65202D20636F6E6E6518
:108860006374696F6E3A0D0A00656E6465202B2B88
:108870002B2B0D0A0A00656E64202B2B2B2B0D0A67
:108880000A00696E7465726E652049503A20006C6A
:108890006F63616C2049503A2000446174756D002B
:1088A00044617465000D0A2F2F2F696E7465726E16
:1088B00065206D656C64756E6720000D0A2F2F2F83
:1088C000696E7465726E616C206D65737361676546
:1088D000200053656C6273742D416E727566206D55
:1088E0006568726661636820766572736167742C6F
:1088F00020526F757465722D4B6F6E666967757265
:108900006174696F6E207072756566656E2E0D0AF2
:1089100053656C6273742D416E7275662077757243
:1089200064652061626765736368616C7465742E49
:10893000004C6F6F706261636B2063616C6C2066CA
:1089400061696C656420636F6E7374616E746C79B9
:108950002E20436865636B20726F757465722063A7
:108960006F6E66696775726174696F6E2E0D0A4C61
:108970006F6F706261636B2D5465737420776173E0
:10898000207377697463686564206F66662E00677C
:10899000656865696D7A61686C20667565722061CD
:1089A0006E6D656C64756E67206265696D207275A9
:1089B000666E756D6D65726E2D736572766572206B
:1089C00066616C7363682E0D0A6269747465206257
:1089D0006569207365727665722D61646D696E6973
:1089E00073747261746F72206D656C64656E2E0DA8
:1089F0000A64796E616D69736368652069702061CE
:108A00006B7475616C6973696572756E6720756EDC
:108A1000642072656D6F74652D7365727665722062
:108A2000616E62696E64756E672077757264656EDB
:108A30002061626765736368616C7465742E0050B1
:108A4000494E20666F72207369676E20696E2061DF
:108A500074207375627363726962657220646972EF
:108A60006563746F727920736572766572207772B0
:108A70006F6E672E0D0A706C6561636520636F6EA3
:108A8000746163742061207365727665722D616410
:108A90006D696E6973747261746F722E0D0A6479F8
:108AA0006E616D6963206970207570646174652002
:108AB000616E642072656D6F746520636F6E6E65A4
:108AC0006374696F6E20736572766572207377695F
:108AD0007463686564206F6666206E6F772E00672A
:108AE00065776165686C7465204E756D6D65722083
:108AF0006E696368742062656B616E6E7400737575
:108B00006273637269626572206E756D6265722050
:108B10006E6F74206B6E6F776E00696E7465726E27
:108B20006573205275666E756D6D65726E2D566536
:108B3000727A656963686E697320766F6C6C006920
:108B40006E7465726E616C206469726563746F72B5
:108B500079206F7574206F662073706163650053B0
:108B6000656974652067657370657272742120424F
:108B700069747465204B656E6E776F7274206569D9
:108B80006E676562656E0050616765206C6F636B30
:108B900065642120456E7465722070617373776F10
:108BA00072640046726569676562656E00556E6C39
:108BB0006F636B0046616C7363686573204B656E11
:108BC0006E776F72742065696E6765676562656E42
:108BD000210057726F6E672070617373776F7264D4
:108BE00020656E7465726564210053656974652043
:108BF000676573706572727420766F6E20616E6443
:108C00006572656D20416E77656E646572210050F6
:108C1000616765206C6F636B6564206279206F7497
:108C2000686572207573657200756E6175746F7218
:108C30006973696572746572205A756772696666D0
:108C400020617566204B6F6E666967757261746925
:108C50006F6E73736569746500756E617574686FA6
:108C600072697365642061636365737320746F2038
:108C70006C6F636B656420636F6E666967757261A4
:108C800074696F6E207061676500447275636B7301
:108C900070696567656C007072696E7465642074D4
:108CA000657874005465787465696E6761626520E3
:108CB00073746172746574204665726E7363687252
:108CC000656962657200456E7465722074657874BA
:108CD00020746F207374617274207072696E746591
:108CE00072004573206265737465687420626572F2
:108CF000656974732065696E6520616E646572656F
:108D00002056657262696E64756E672C20626974A4
:108D100074652077617274656E2E00436F6E6E65A8
:108D20006374696F6E20627573792C20706C656155
:108D3000736520776169742E005363686E6974747B
:108D40007374656C6C6520697374206465616B7401
:108D50006976696572742E20426974746520737037
:108D60002661756D6C3B7465722077696564657208
:108D70002076657273756368656E2E00496E746542
:108D800072666163652069732064652D616374692F
:108D900076617465642E2054727920616761696E12
:108DA000206C617465722E0045696E676162653A78
:108DB0002000456E74657220746578743A20002036
:108DC000416273656E64656E20002053656E642099
:108DD00000416B7475616C6973696572656E0052F0
:108DE000656672657368004E65747A2D566F72778A
:108DF00061686C20662675756D6C3B7220676568CE
:108E0000656E64652056657262696E64756E67652D
:108E10006E004F757473696465206C696E65206EB1
:108E2000756D626572006665737465204861757062
:108E3000747374656C6C6520662675756D6C3B7219
:108E4000206B6F6D6D656E64652056657262696E2C
:108E500064756E67656E005072696D617279207419
:108E6000656C657072696E74657220666F722069D8
:108E70006E636F6D696E672063616C6C7300696E01
:108E80007465726E652044757263687761686C20E2
:108E90006465722048617570747374656C6C6520CC
:108EA000662675756D6C3B72206B6F6D6D656E64BB
:108EB000652056657262696E64756E67656E0049FD
:108EC0006E7465726E616C2063616C6C206E756D82
:108ED000626572206F66207072696D6172792074AC
:108EE000656C657072696E74657220666F72206958
:108EF0006E636F6D696E672063616C6C730057659C
:108F0000697465726C656974756E67206265692045
:108F100062657365747A7400466F7277617264205B
:108F200063616C6C7320746F20616C7465726E6128
:108F3000746976652074656C657072696E746572AB
:108F40002069662063616C6C6564206973206275BA
:108F50007379006E6965006E65766572006E757274
:108F6000206265692048617570747374656C6C6506
:108F7000006F6E6C792063616C6C7320746F20706D
:108F800072696D617279207072696E7465720061C8
:108F900075636820626569204475726368776168EB
:108FA0006C00616C736F20666F7220646972656318
:108FB000742063616C6C7320746F207365636F6ED3
:108FC00064617279207072696E7465720065726C8A
:108FD00061756274652044757263687761686C6559
:108FE0006E20286D6974204B6F6D6D612074726501
:108FF0006E6E656E29005365636F6E6461727920D1
:1090000063616C6C206E756D62657273206C697340
:1090100074202873657061726174652062792063C1
:109020006F6D6D6129004175746F6D617469736353
:10903000686572205A65696C656E756D62727563DC
:109040006820616E20506F736974696F6E0041759E
:10905000746F6D61746963206C696E6520627265FE
:10906000616B20617420706F736974696F6E005555
:1090700068727A65697420616E20616E64657265DC
:10908000204D6F64756C65207665727465696C65DA
:109090006E0042726F6164636173742074696D6500
:1090A00020746F206F74686572206D6F64756C65D5
:1090B00073005469656665206465722050726F7430
:1090C0006F6B6F6C6C696572756E6720616E207373
:1090D000657269656C6C6572205363686E6974743F
:1090E0007374656C6C65004C6F6767696E67206CA4
:1090F0006576656C2061742073657269616C20709F
:109100006F727400546965666520646572205072E0
:109110006F746F6B6F6C6C696572756E6720662615
:1091200075756D6C3B72205465696C6E2D5365725C
:10913000766572004C6F6767696E67206C6576654F
:109140006C20666F72206469726563746F72792037
:10915000736572766572004C6576656C206626755F
:10916000756D6C3B7220447275636B6175736761DA
:10917000626520766F6E204D656C64756E67656EF6
:10918000004D6573736167652066696C746572690B
:109190006E67206C6576656C0050617373776F72D3
:1091A0007420662675756D6C3B72204B6F6E666918
:1091B0006775726174696F6E7373656974656E004B
:1091C00050617373776F726420666F7220636F6E85
:1091D00066696775726174696F6E20706167657327
:1091E000005465696C6E65686D65722D5665727A9E
:1091F000656963686E697320662675756D6C3B7270
:1092000020616C6C65207369636874626172004CE4
:109210006F63616C2073756273637269626572203B
:109220006469726563746F72792076697369626CC0
:109230006520666F72206576657279626F64790069
:109240004469656E73746D656C64756E67656E20D8
:10925000696E204C616E67666F726D006C6F6E6731
:109260002073657276696365206D657373616765E8
:109270007300446174756D2062656920416E72757A
:1092800066656E206175746F6D61746973636820C3
:10929000647275636B656E005072696E74206461F0
:1092A0007465206F6E20696E636F6D696E672063F1
:1092B000616C6C7300617573006F6666006E757229
:1092C000206C6F6B616C006F6E6C79206C6F6361EA
:1092D0006C006E7572206265696D20416E727566F4
:1092E0006572006F6E6C792061742063616C6C65CF
:1092F00072006C6F6B616C20756E6420416E7275CC
:10930000666572006C6F63616C20616E64206361DE
:109310006C6C6572007A75202661756D6C3B6E64AD
:1093200065726E6465205A65696C65006C696E656E
:1093300020746F206368616E6765006E6575657285
:109340002054657874006E65772074657874002009
:109350006B6F6E6E7465206E696368742067652636
:1093600061756D6C3B6E64657274207765726465BF
:109370006E0020636F756C64206E6F7420626520D0
:109380006368616E676564003C62723E4B656E6E39
:10939000776F7274206767662E2067652661756D2A
:1093A0006C3B6E646572742E003C62723E50617359
:1093B00073776F7264206368616E676564206966A5
:1093C000206E6563657373617279007A756E2661CC
:1093D000756D6C3B636873742050617373776F7243
:1093E0007420696E203C6120687265663D22697454
:1093F000656C65786366672D696E7465726E2E6341
:1094000067693F7370723D6465222074617267659D
:10941000743D226D61696E223E45696E7374656CA0
:109420006C756E67656E20696D206C6F6B616C6525
:109430006E2053797374656D3C2F613E2065696EB3
:10944000676562656E210046697273742073656C8E
:109450006563742070617373776F726420696E2026
:109460003C6120687265663D226974656C6578634D
:1094700066672D696E7465726E2E6367693F7370DF
:10948000723D656E22207461726765743D226D6164
:10949000696E223E53657474696E677320666F72DD
:1094A00020746865206C6F63616C207379737465D8
:1094B0006D3C2F613E21004B6F6E6669677572616E
:1094C00074696F6E7373656974656E2073696E6419
:1094D000206E756E2067657370657272742E205AE7
:1094E0007572204672656967616265207769656497
:1094F0006572206461732050617373776F7274209A
:1095000065696E676562656E206F6465722054617F
:10951000737465206465722042617567727570703E
:1095200065203220782064722675756D6C3B636B04
:10953000656E2E00436F6E66696775726174696F40
:109540006E20706167657320617265206C6F636B5C
:10955000656420616761696E2E20466F7220756EAA
:109560006C6F636B696E6720656E746572207061E5
:109570007373776F7264206F7220707573682062E6
:109580007574746F6E2061742065746865726E65A1
:109590007420696E74657266616365206D6F6475B1
:1095A0006C652074776963652E00656967656E6513
:1095B000205275666E756D6D657220696D20692D1E
:1095C00074656C65782D4E65747A005375627363AB
:1095D00072696265722773206E756D626572003CF8
:1095E0006269673E3C623E266C743B3D3D3D206DAA
:1095F0007573732066FC6E6620626973206E6575F4
:109600006E205A69666665726E20686162656E21B9
:109610003C2F623E3C2F6269673E003C6269673EB8
:109620003C623E266C743B3D3D3D206D757374205D
:1096300068617665206669766520746F206E696E54
:109640006520646967697473213C2F623E3C2F6218
:1096500069673E0047656865696D7A61686C207A64
:10966000757220416E6D656C64756E672062656908
:109670006D205275666E756D6D65726E2D536572D7
:109680007665720050494E20666F72207369676E6E
:1096900020696E20617420737562736372696265FC
:1096A00072206469726563746F7279207365727673
:1096B00065720044796E616D697363686520495015
:1096C0002D416B7475616C6973696572756E672085
:1096D000616B7469760044796E616D6963207570A1
:1096E00064617465206F662049502061646472650E
:1096F0007373206163746976650056657262696E82
:1097000064756E6773746573742D506572696F64E8
:109710006520283020662675756D6C3B72206B6560
:10972000696E205465737429004C6F6F70626163B9
:109730006B207465737420706572696F64202830C3
:1097400020746F20737769746368206F66662900E0
:10975000266F756D6C3B6666656E746C69636865D3
:1097600020506F72742D4E756D6D6572005075626C
:109770006C696320696E7465726E657420706F72B7
:1097800074206E756D626572005374616E647665E7
:109790007262696E64756E67207A756D20536572AA
:1097A00076657220776567656E206E696368742DD3
:1097B000266F756D6C3B6666656E746C6963686573
:1097C000722049502076657277656E64656E00552B
:1097D0007365207065726D616E656E74207365725D
:1097E00076657220636F6E6E656374696F6E206458
:1097F000756520746F206E6F6E2D7075626C696375
:10980000204950206164647265737300566572620A
:10981000696E64756E677362722675756D6C3B63F5
:109820006B656E73657276657220756E642044791F
:109830006E616D6973636865204950206E69636865
:10984000742067656D65696E73616D2076657277EA
:10985000656E646261722E0052656D6F746520637F
:109860006F6E6E656374696F6E2073657276657274
:1098700020616E642064796E616D696320495020B7
:10988000617265206578636C757369766500416403
:10989000726573736520646573205465696C6E65C9
:1098A000686D65722D5365727665720053756273CB
:1098B000637269626572206469726563746F72793C
:1098C00020736572766572206164647265737300DB
:1098D00047656865696D7A61686C20662675756D87
:1098E0006C3B72205365727665722D53796E636896
:1098F000726F6E6973696572756E670050494E20AC
:10990000666F72206469726563746F727920736523
:10991000727665722073796E6368726F6E697361B7
:1099200074696F6E0053746174757320646572207E
:10993000616E67657363686C6F7373656E656E20C7
:109940004D6F64756C653A3C703E0053746174757C
:1099500073206F6620616C6C20636F6E6E6563743C
:109960006564206861726477617265206D6F6475EB
:109970006C65733A3C703E004E756D6D65722025C6
:10998000732053746174757320253032583C6272B1
:109990003E004E756D62657220257320737461748C
:1099A000757320253032583C62723E002B2B2B669B
:1099B0006572746967002B2B2B656E6400446965C2
:1099C000206E6575656E2045696E7374656C6C7587
:1099D0006E67656E2073696E643A20005468652076
:1099E0006E65772073657474696E67732061726544
:1099F0003A200077656974657200636F6E74696EF2
:109A000075650020756E7665722661756D6C3B6EAE
:109A1000646572740020756E6368616E67656400CA
:109A20002067652661756D6C3B6E64657274206994
:109A30006E00206368616E67656420746F0045691D
:109A40006E7374656C6C756E67202655756D6C3B16
:109A50006265726E65686D656E005375626D6974DE
:109A6000206368616E676573003C68333E546569C6
:109A70006C6E65686D65727665727A656963686E2D
:109A800069733C2F68333E3C62723E003C68333E53
:109A9000537562736372696265722064697265638B
:109AA000746F72793C2F68333E3C62723E003C68B2
:109AB000333E264F756D6C3B6666656E746C6963EC
:109AC000686573205465696C6E65686D657276654E
:109AD000727A656963686E69733C2F68333E3C62D5
:109AE000723E003C68333E5075626C69632073754A
:109AF0006273637269626572206469726563746F10
:109B000072793C2F68333E3C62723E007A65696729
:109B10006520766F6C6C73742661756D6C3B6E643A
:109B200069676573205665727A656963686E6973E3
:109B30000073686F7720636F6D706C657465206467
:109B400069726563746F72792077697468207072C6
:109B5000697661746520656E7472696573003C7422
:109B600061626C6520626F726465723D22312220F1
:109B700063656C6C70616464696E673D223222209B
:109B800063656C6C73706163696E673D2230223E61
:109B90003C74723E3C746820616C69676E3D226C57
:109BA000656674223E5275666E756D6D65723C62B7
:109BB000723E736F727469657265203C61206872D1
:109BC00065663D226974656C65782D746C6E76658A
:109BD000727A2E6367693F736F72743D6E756D6D37
:109BE0006572223E312D393C2F613E203C61206858
:109BF0007265663D226974656C65782D746C6E764D
:109C000065727A2E6367693F736F72743D6E756D0E
:109C10006D6572266162223E392D313C2F613E3CDA
:109C20002F74683E3C746820616C69676E3D226CDD
:109C3000656674223E4E616D653C62723E736F7262
:109C40007469657265203C6120687265663D2269B1
:109C500074656C65782D746C6E7665727A2E6367A8
:109C6000693F736F72743D6E616D65223E412D5A7E
:109C70003C2F613E203C6120687265663D2269741C
:109C8000656C65782D746C6E7665727A2E63676983
:109C90003F736F72743D6E616D65266162223E5A3C
:109CA0002D413C2F613E3C2F74683E3C746820611E
:109CB0006C69676E3D2263656E746572223E426513
:109CC000736F6E642E3C2F74683E3C746820616C28
:109CD00069676E3D226C656674223E5479703C2F34
:109CE00074683E3C746820616C69676E3D226C65E7
:109CF0006674223E416472657373653C2F74683EDE
:109D00003C746820616C69676E3D2263656E7465A2
:109D100072223E506F72743C2F74683E3C7468200F
:109D2000616C69676E3D2263656E746572223E44A4
:109D3000757263687761686C3C2F74683E3C746828
:109D400020616C69676E3D2263656E746572223EA8
:109D50006C65747A74653C62723E416B7475616CBB
:109D60006973696572756E673C62723E736F727477
:109D700069657265203C6120687265663D22697480
:109D8000656C65782D746C6E7665727A2E63676982
:109D90003F736F72743D646174756D223E617566C8
:109DA0003C2F613E203C6120687265663D226974EB
:109DB000656C65782D746C6E7665727A2E63676952
:109DC0003F736F72743D646174756D266162223EEB
:109DD00061623C2F613E3C2F74683E3C7468206198
:109DE0006C69676E3D226C656674223E416B7469D6
:109DF0006F6E3C2F74683E3C2F74723E003C746161
:109E0000626C6520626F726465723D22312220634C
:109E1000656C6C70616464696E673D2232222063F8
:109E2000656C6C73706163696E673D2230223E3CE5
:109E300074723E3C746820616C69676E3D226C658B
:109E40006674223E4E756D6265723C62723E736F3F
:109E50007274203C6120687265663D226974656C8D
:109E600065782D746C6E7665727A2E6367693F73C0
:109E70006F72743D6E756D6D6572223E312D393C89
:109E80002F613E203C6120687265663D22697465E1
:109E90006C65782D746C6E7665727A2E6367693F97
:109EA000736F72743D6E756D6D6572266162223ED0
:109EB000392D313C2F613E3C2F74683E3C74682044
:109EC000616C69676E3D226C656674223E4E616D01
:109ED000653C62723E736F7274203C6120687265EB
:109EE000663D226974656C65782D746C6E7665725A
:109EF0007A2E6367693F736F72743D6E616D652280
:109F00003E412D5A3C2F613E203C612068726566BF
:109F10003D226974656C65782D746C6E7665727A15
:109F20002E6367693F736F72743D6E616D65266164
:109F300062223E5A2D413C2F613E3C2F74683E3CCC
:109F4000746820616C69676E3D2263656E7465722A
:109F5000223E5370656369616C733C2F74683E3CAC
:109F6000746820616C69676E3D226C656674223E80
:109F7000547970653C2F74683E3C746820616C694C
:109F8000676E3D226C656674223E4164647265733F
:109F9000733C2F74683E3C746820616C69676E3D49
:109FA0002263656E746572223E506F72743C2F742A
:109FB000683E3C746820616C69676E3D2263656E23
:109FC000746572223E446972656374206469616CD1
:109FD0003C2F74683E3C746820616C69676E3D225A
:109FE00063656E746572223E557064617465643C8D
:109FF00062723E736F7274203C6120687265663DC8
:10A00000226974656C65782D746C6E7665727A2E33
:10A010006367693F736F72743D646174756D223E4E
:10A020006173632E3C2F613E203C6120687265663F
:10A030003D226974656C65782D746C6E7665727AF4
:10A040002E6367693F736F72743D646174756D262A
:10A050006162223E646573632E3C2F613E3C2F7427
:10A06000683E3C746820616C69676E3D226C656671
:10A0700074223E416374696F6E3C2F74683E3C2FBE
:10A0800074723E003C6120687265663D22697465A9
:10A090006C65782D746C6E7665727A2E6367693F95
:10A0A00073617665223E6E69636874666C267575A9
:10A0B0006D6C3B636874696720737065696368657C
:10A0C000726E3C2F613E3C62723E3C61206872655C
:10A0D000663D226974656C65782D746C6E76657268
:10A0E0007A2E6367693F6C6F6164223E616C6C65B8
:10A0F000202641756D6C3B6E646572756E67656E8A
:10A100002076657277657266656E3C2F613E3C62B3
:10A11000723E3C6120687265663D226974656C65BB
:10A12000782D746C6E7665727A2E6367693F636C06
:10A13000656172223E6B6F6D706C657474206C2665
:10A140006F756D6C3B736368656E3C2F613E3C625E
:10A15000723E003C6120687265663D226974656CE0
:10A1600065782D746C6E7665727A2E6367693F73BD
:10A17000617665223E73617665206E6F6E2D766F17
:10A180006C6174696C653C2F613E3C62723E3C615F
:10A1900020687265663D226974656C65782D746C03
:10A1A0006E7665727A2E6367693F6C6F6164223EDA
:10A1B0006469736361726420616C6C206368616EB2
:10A1C0006765733C2F613E3C62723E3C6120687261
:10A1D00065663D226974656C65782D746C6E766574
:10A1E000727A2E6367693F636C656172223E636CAD
:10A1F00065617220616C6C3C2F613E3C62723E0076
:10A200004E6F6368206B65696E652045696E747278
:10A210002661756D6C3B676520766F7268616E6450
:10A22000656E3C703E3C6120687265663D226974D3
:10A23000656C65782D746C6E7665727A2E636769CD
:10A240003F6C6F6164223E67657370656963686522
:10A2500072746520446174656E2077696564657207
:10A260006865727374656C6C656E3C2F613E3C6210
:10A27000723E3C6120687265663D226974656C655A
:10A28000782D746C6E7665727A2E6367693F6564AB
:10A2900069743D30223E48696E7A75662675756D23
:10A2A0006C3B67656E3C2F613E3C2F666F726D3E66
:10A2B000004E6F20656E7472696573207965743C19
:10A2C000703E3C6120687265663D226974656C650C
:10A2D000782D746C6E7665727A2E6367693F6C6F49
:10A2E0006164223E726573746F7265206C61737471
:10A2F00020736176656420656E74726965733C2FA6
:10A30000613E3C62723E3C6120687265663D226936
:10A3100074656C65782D746C6E7665727A2E6367E1
:10A32000693F656469743D30223E61646420656EF6
:10A330007472793C2F613E3C2F666F726D3E005205
:10A3400075666E756D6D6572004E756D6265720035
:10A350004E616D65004E616D650041647265737399
:10A3600065004164647265737300506F72740050CD
:10A370006F72740044757263687761686C00446939
:10A3800072656374206469616C004C6F6B616C0072
:10A390006C6F63616C006765737065727274006CDA
:10A3A0006F636B6564005479700054797065004484
:10A3B000796E49500044796E49500067656C6F654D
:10A3C000736368740064656C6574656400417363ED
:10A3D000696900415343494900692D54656C6578AA
:10A3E00000692D54656C657800654D61696C006588
:10A3F0004D61696C002641756D6C3B6E6465726ED3
:10A4000000656469740048696E7A75662675756DB5
:10A410006C3B67656E00616464003C623E52756629
:10A420006E756D6D65722030206E6963687420658D
:10A43000726C61756274213C2F623E3C62723E0018
:10A440003C623E4E756D6265722030206E6F7420E6
:10A45000616C6C6F776564213C2F623E3C62723E9A
:10A46000005465696C6E65686D657265696E7472BD
:10A4700061673A3C62723E5275666E756D6D6572CB
:10A480003A20256C6420004469726563746F7279A8
:10A4900020656E7472793A3C62723E4E756D6265EB
:10A4A000723A20256C6420006568656D2E20256C4D
:10A4B0006400666F726D657220256C64003A2048F6
:10A4C0006F73746E616D6520257320003A20486FAC
:10A4D00073746E616D6520257320003A2049502009
:10A4E000257320003A20495020257320003C623E0D
:10A4F000556E62656B616E6E746572205479702161
:10A500003C2F623E3C62723E003C623E5479706574
:10A5100020756E6B6E6F776E213C2F623E3C6272CF
:10A520003E003C623E6B65696E65202641756D6C30
:10A530003B6E646572756E673C2F623E3C62723E94
:10A54000003C623E756E6368616E6765643C2F62B5
:10A550003E3C62723E003C62723E537072616368C0
:10A56000652067652661756D6C3B6E64657274204D
:10A570006E6163682044657574736368003C627241
:10A580003E4C616E6775616765206368616E6765E3
:10A590006420746F20456E676C697368003C623E8E
:10A5A0005275666E756D6D65722069737420626593
:10A5B000726569747320766572676562656E2C20BA
:10A5C0002641756D6C3B6E646572756E67206E69B1
:10A5D0006368742067657370656963686572743C4D
:10A5E0002F623E3C62723E003C623E4E756D62657B
:10A5F0007220616C726561647920757365642C20CA
:10A600006368616E6765206E6F7420736176656440
:10A610003C2F623E3C62723E0045696E7472616717
:10A620002067657370656963686572743C62723E29
:10A6300000456E7472792073617665643C62723E87
:10A640000045696E7472616720756E766572266169
:10A65000756D6C3B6E646572743C62723E00456E53
:10A6600074727920756E6368616E6765643C6272AE
:10A670003E003C623E416C7465204E756D6D6572A6
:10A6800020256C64206B6F6E6E7465206E69636844
:10A69000742067656C266F756D6C3B7363687420FE
:10A6A00077657264656E213C2F623E3C62723E00AB
:10A6B0003C623E466F726D6572206E756D626572AA
:10A6C00020256C6420636F756C64206E6F7420624B
:10A6D000652064656C65746564213C2F623E3C6254
:10A6E000723E003C623E4665686C65722062656938
:10A6F0006D2053706569636865726E2028436F64CE
:10A700006573202564202F2025303258293C2F6284
:10A710003E003C623E4572726F722061742073612C
:10A7200076696E672028636F646573202564202F27
:10A730002025303258293C2F623E004572666F6CEE
:10A7400067726569636820676573706569636865CA
:10A75000727420282564204279746573290073611E
:10A76000766564207375636365737366756C6C7965
:10A7700020282564206279746529003C623E466584
:10A78000686C6572206265696D204C6164656E203D
:10A7900028436F646573202564202F2025303258AC
:10A7A000293C2F623E003C623E4572726F7220610E
:10A7B00074206C6F6164696E672028636F646573D1
:10A7C000202564202F2025303258293C2F623E005E
:10A7D0004572666F6C6772656963682067656C6156
:10A7E00064656E2028256420427974657329006CA5
:10A7F0006F61646564207375636365737366756CFC
:10A800006C7920282564206279746529006B6F6D4E
:10A81000706C6574742067656C266F756D6C3B7326
:10A8200063687400636F6D706C6574656C79206328
:10A830006C6561726564004665686C65723A207586
:10A840006E6775656C7469676572204347492D4171
:10A8500075667275663A202573004572726F723A9A
:10A8600020696E76616C6964206367692D63616C31
:10A870006C3A202573003C62723E5A7572267575DB
:10A880006D6C3B636B207A756D203C61206872654E
:10A89000663D226974656C65782D746C6E766572A0
:10A8A0007A2E6367693F7370723D6465223E54651A
:10A8B000696C6E65686D65722D5665727A6569633F
:10A8C000686E69733C2F613E003C62723E62616358
:10A8D0006B20746F203C6120687265663D2269744C
:10A8E000656C65782D746C6E7665727A2E63676917
:10A8F0003F7370723D656E223E7375627363726959
:10A90000626572206469726563746F72793C2F614D
:10A910003E004665686C657220696D205A757361EA
:10A92000747A2D454550524F4D004572726F72201A
:10A93000696E206469726563746F72792045455051
:10A94000524F4D004E65756572205465696C6E6599
:10A95000686D657220616E67656D656C6465740015
:10A960006E657720737562736372696265722073B6
:10A9700069676E6564207570005275666E756D6DE1
:10A9800065726E2D5665727A656963686E697320AB
:10A99000766F6C6C2C206E696368742067657370C9
:10A9A00065696368657274006469726563746F7267
:10A9B00079206F7574206F662073706163652C2039
:10A9C0006E6F74207361766564005465696C6E65A2
:10A9D000686D65722D53657276657220416E6D6586
:10A9E0006C64756E67206D69742066616C73636852
:10A9F00065722047656865696D7A61686C00556E9F
:10AA0000617574686F7269736564206163636573EF
:10AA10007320746F206469726563746F7279207338
:10AA2000657276657220706F7274000D0A2F2F2F79
:10AA3000656D61696C20656D7066616E67656E3A03
:10AA40000D0A000D0A2F2F2F656D61696C2072654C
:10AA50006365697665643A0D0A000D0A656D616982
:10AA60006C20616E3A202020202020000D0A656DA8
:10AA700061696C20746F3A202020202020000D0A8C
:10AA8000626574726566663A202020202020000DE1
:10AA90000A7375626A6563743A20202020202000C2
:10AAA0000D0A746578743A2020200D0A000D0A62A0
:10AAB0006F647920746578743A2020200D0A005064
:10AAC0004F502D53657276657220416472657373C1
:10AAD0006500504F50207365727665722061646422
:10AAE0007265737300534D54502D536572766572C1
:10AAF000204164726573736500534D545020736533
:10AB0000727665722061646472657373004569676B
:10AB1000656E6520654D61696C2D41647265737366
:10AB200065004F776E20656D61696C2061646472A9
:10AB3000657373004B656E6E776F72742066267551
:10AB4000756D6C3B7220654D61696C2D5365727635
:10AB500065720050617373776F726420666F722044
:10AB6000656D61696C2073657276657273005461FE
:10AB70006B742064657320654D61696C2D41627250
:10AB80007566732028696E204D696E7574656E3B1D
:10AB90002030203D206175736765736368616C7454
:10ABA00065742900506F6C6C696E672070657269FE
:10ABB0006F6420666F7220656D61696C20717565C8
:10ABC0007279004E757220654D61696C73206D69F4
:10ABD00074202B54582B20696D205375626A65636D
:10ABE0007420647275636B656E005072696E7420B8
:10ABF0006F6E6C7920656D61696C7320776974681C
:10AC0000202B74782B20696E207375626A656374DB
:10AC1000005370657A69656C6C6572204472756367
:10AC20006B657220662675756D6C3B7220654D6193
:10AC3000696C007370656369616C207072696E7411
:10AC4000657220666F7220656D61696C73003C628D
:10AC5000723E3C623E4B6F6E6669677572617469E5
:10AC60006F6E73646174656E20756E766F6C6C7355
:10AC7000742661756D6C3B6E6469672C2041626659
:10AC80007261676574616B7420617566204E756CC6
:10AC90006C2067657365747A742C20654D61696CEE
:10ACA0002041626672616765206973742061757303
:10ACB0006765736368616C7465742E3C2F623E0037
:10ACC0003C62723E3C623E436F6E666967757261BC
:10ACD00074696F6E206E6F7420636F6D706C657435
:10ACE000652C20706F6C6C696E6720706572696F7F
:10ACF000642073657420746F207A65726F2C2069EC
:10AD00006E636F6D696E6720654D61696C20776950
:10AD10006C6C206E6F74206265207072696E746551
:10AD2000642E3C2F623E00654D61696C2D41757348
:10AD300067616E672D536572766572200053657288
:10AD400076657220666F72206F7574676F696E67C3
:10AD500020656D61696C0053657276657220667559
:10AD6000657220654D61696C2D456D7066616E6719
:10AD7000200073657276657220666F7220696E635B
:10AD80006F6D696E6720656D61696C2000204950A8
:10AD9000206E696368742065726D697474656C6295
:10ADA000617200206E6F2049502061646472657387
:10ADB000732077617320666F756E6400206B6F6E11
:10ADC0006E7465206E696368742076657262756E54
:10ADD00064656E2077657264656E0020636F6E6EC9
:10ADE000656374696F6E206661696C6564004D65AA
:10ADF0006C64756E6720766F6D20654D61696C2D92
:10AE000041757367616E672D5365727665723A207E
:10AE1000004D6573736167652066726F6D2074689D
:10AE2000652053657276657220666F72206F757447
:10AE3000676F696E6720656D61696C3A20005568BF
:10AE4000727A65697420766F6D20536572766572CB
:10AE500020616266726167656E0055736520746972
:10AE60006D652073657276657200486F73746E61EC
:10AE70006D6520646573205A6569747365727665C3
:10AE800072730054696D652073657276657220680F
:10AE90006F7374206E616D65005A6569747A6F6EA8
:10AEA000650054696D657A6F6E6500536F6D6D65F1
:10AEB000727A656974206175746F6D61746973630A
:10AEC0006820756D7374656C6C656E0055736520D4
:10AED0006461796C6967687420736176696E672054
:10AEE00074696D6520286575726F7065616E207379
:10AEF00074616E6461726429003D8266828B82B1E6
:10AF000082DA82108339839583E283FA8312844044
:10AF1000846B849584B884248583859685A685C2B0
:10AF200085DB85F4850B861F863386568676867F7D
:10AF30008685869886AA86C386D986F9860F872D48
:10AF4000874D8755875D878587AF87CB87EF870DCF
:10AF500088278848886988768882888F889A88A018
:10AF600088A588BB88D28831898F893F8ADF8AFE8D
:10AF70008A1A8B3F8B5F8B878BA38BAD8BB48BD265
:10AF80008BEA8B0F8C298C598C8A8C978CA48CC65D
:10AF90008CE28C1B8D398D7C8DA88DB28DBF8DCAB6
:10AFA0008DD18DDF8DE78D128E268E578E7E8EBFD2
:10AFB0008EFE8E188F538F578F5D8F718F8F8FA25C
:10AFC0008FCD8FF68F26904E906F909290B290E733
:10AFD0009004913491579181919991C091E1910F91
:10AFE0009240925C9272929892B592B992BD92C739
:10AFF00092D292E392F292049315932C933B934650
:10B00000934F9372938893A993CB934794B79434B7
:10B0100095AA95CB95DF951B9654968496B396D6B4
:10B0200096FA96299750976D978997CF970C9858CD
:10B03000988E98AC98D098FC9825994B99789992CD
:10B0400099AC99B699BD99DC99F399FA99039A1537
:10B050009A209A329A3E9A5A9A699A8C9AAE9AE3B0
:10B060009A0C9B319B5E9BFD9D84A053A100A2B1D5
:10B07000A23FA349A350A355A35AA362A36AA36FF7
:10B08000A374A37EA38AA390A396A39FA3A6A3AA17
:10B09000A3AFA3B5A3BBA3C5A3CDA3D3A3D9A3E15A
:10B0A000A3E9A3EFA3F5A301A406A416A41AA44040
:10B0B000A461A487A4A8A4B2A4BDA4CCA4DBA4E4E6
:10B0C000A4EDA409A522A541A556A57DA59DA5E8A9
:10B0D000A519A631A641A65EA672A6B0A6E3A61241
:10B0E000A73BA75EA77BA7A6A7D0A7EFA70DA8247D
:10B0F000A837A85AA876A8C9A812A92AA944A9605D
:10B10000A979A9A8A9CAA9FEA92BAA43AA5AAA6CD7
:10B11000AA7EAA8FAAA0AAADAABFAAD2AAE5AAF916
:10B12000AA0DAB22AB34AB53AB6EABA4ABC3ABEA53
:10B13000AB11AC33AC4EACC0AC27AD3DAD57AD722E
:10B14000AD8DADA3ADBCADDBADEEAD11AE3EAE5A37
:10B15000AE6AAE83AE99AEA2AEABAECCAE4E54509C
:10B16000004E5450534552564552005554435A4F81
:10B170004E45004155544F44535400206B6F6E6E42
:10B180007465206E696368742076657262756E649A
:10B19000656E2077657264656E2E0D0A0021204E63
:10B1A00054502D5365727665722000205665726288
:10B1B000696E64756E67206572666F6C677265692B
:10B1C00063682C205A6569746B6F7272656B747555
:10B1D000723A2025642073656B756E64656E2E0D62
:10B1E0000A004E54502D53657276657220003C6201
:10B1F000723E253032752E253032752E253034754D
:10B2000020253032643A253032643A2530326400E9
:10B210003C62723E003C2F613E003C6120687265DA
:10B22000663D226E74702E636769223E006E7470F4
:10B230002E63676900300073657276706174680010
:10B2400070726F676964003C703E436C69636B2089
:10B250003C6120687265663D226973702E63676980
:10B26000223E686572653C2F613E20746F20636FDB
:10B270006E74696E75652E006973702E6367690060
:10B28000696E7465726E616C204572726F723A20DD
:10B29000696E76616C696420706172616D65746558
:10B2A000722E20436C69636B203C61206872656676
:10B2B0003D226973702E636769223E686572653C42
:10B2C0002F613E20746F20636F6E74696E75652EFA
:10B2D0000069746C780054785032004E6F206964B5
:10B2E000656E74696669636174696F6E206F6E2044
:10B2F000636F6E6E656374656420746172676574F4
:10B3000020666F756E642E2053656C6563742070C3
:10B31000726F6772616D206D616E75616C6C792EF4
:10B3200020003C6269673E4953502070726F67721B
:10B33000616D20656E61626C65206661696C656433
:10B340002E20436865636B20636F6E6E656374695E
:10B350006F6E20746F2074617267657420626F6114
:10B3600072642E3C2F6269673E003C68333E426542
:10B37000666F72652073746172742070726F677289
:10B38000616D6D696E6720616374696F6E20636FB4
:10B390006E6E6563742074617267657420626F619C
:10B3A0007264206279207370656369616C206361E7
:10B3B000626C653C2F68333E3C703E003C703E52F0
:10B3C0006573756C74206F66206C617374206F7088
:10B3D00065726174696F6E3A3C703E3C6269673EAB
:10B3E00025733C2F6269673E00537461727420704C
:10B3F000726F6772616D6D696E6700576861742066
:10B40000746F2070726F6772616D20286C65617651
:10B410006520656D70747920666F72206175746F38
:10B420002D646574656374696F6E2900506174687A
:10B4300020746F2073657276657220666F72206269
:10B44000696E6172696573006973702E6367690064
:10B450004661696C65643A202564206E6F6D696E83
:10B46000616C2073697A652C20256420627974658B
:10B4700073207772697474656E20746F20666C61D6
:10B4800073682C202564206661696C65642E005306
:10B490007563636573733A202564206279746573FC
:10B4A000207772697474656E20746F20666C6173A6
:10B4B000682C206E6F206661696C757265732E0052
:10B4C0004665686C65724279746573203D20256419
:10B4D0000D0A00476573616D744279746573203D90
:10B4E0002025640D0A0056657269667920666169D7
:10B4F0006C65643A20253034782069732025303219
:10B50000782073686F756C6420626520253032780E
:10B510002E2000466C617368526561642066616923
:10B520006C65642E0046696C654765743A20426517
:10B53000656E646967756E6720647572636820471D
:10B540006567656E7374656C6C652E0D0A004669DF
:10B550006C654765743A2054696D656F7574206237
:10B5600065696D20456D7066616E672E0D0A00532A
:10B5700065727665722074696D656F75743F200021
:10B580004661696C65643A206E6F7468696E672005
:10B5900070726F6772616D6D65642E005369676EBE
:10B5A0006174757265206D69736D617463683A20AA
:10B5B0006279746520256420697320253032582013
:10B5C00073686F756C6420626520253032582E3C9C
:10B5D00062723E005761726E696E673A200049538D
:10B5E000502070726F6772616D20656E61626C656C
:10B5F000206661696C65642E20436865636B206317
:10B600006F6E6E656374696F6E20746F2074617203
:10B6100067657420626F6172642E0046696C6573A1
:10B620006572766572206572726F7220636F6465F1
:10B630002025642E0046696C652073697A653A207E
:10B6400025640D0A0048656164657220436F646576
:10B650003A2025640D0A00536F636B6574206F7088
:10B66000656E206661696C656420636F6465202582
:10B67000642E003C703E436C69636B203C61206823
:10B680007265663D226973702E636769223E686544
:10B6900072653C2F613E20616674657220616C6C3E
:10B6A000204C4544206F6E2065746865726E657429
:10B6B00020696E7465726661636520626F61726491
:10B6C0002077656E74206F666620616761696E2EF3
:10B6D000003C703E4C6F6164696E672062696E6108
:10B6E000727920646174612066726F6D2025732EFB
:10B6F000002E62696E003C703E5265616420667285
:10B700006F6D2025733A205369676E617475726599
:10B710002025303258202530325820253032582C00
:10B7200020467573657320253032582025303258F5
:10B730002025303258003C703E496E76616C696459
:10B74000206461746120696E2025733A202573009E
:10B750003C703E4572726F722072656164696E67FB
:10B760002025732028636F6465202564292E003C02
:10B77000703E446F776E6C6F61642025732066693C
:10B780006C65736572766572206572726F72206384
:10B790006F64652025642E003C703E446F776E6CAC
:10B7A0006F616420257320736F636B6574206F7005
:10B7B000656E206661696C656420636F6465202531
:10B7C000642E002E7478740050726F6772616D6D14
:10B7D000206964656E7469747920257300457272FE
:10B7E0006F723A206E6F2073657276657220706199
:10B7F0007468207370656369666965642E20002F24
:10B8000000495350206675736520232564207665B2
:10B8100072696679206661696C65642E3C62723E6D
:10B820000048747470526561644865616465723A79
:10B8300020526573203D2025640D0A00436F6E740D
:10B84000656E742D4C656E6774683A0048545450A8
:10B850002F003C3C20766572617262656974657484
:10B860002E0D0A0048747470526561644865616405
:10B8700065723A205A65696C65203E3E00487474D2
:10B8800070526561644865616465723A2054696DFF
:10B89000656F75740D0A0048747470526561644870
:10B8A00065616465723A20476574536F636B6574B4
:10B8B000446174612829204665686C65720D0A0030
:10B8C0000D0A0D0A00474554202F25732048545473
:10B8D000502F312E300D0A557365722D4167656EFC
:10B8E000743A20576765742F312E31312E340D0A8A
:10B8F0004163636570743A202A2F2A0D0A486F73DA
:10B90000743A2000487474704765743A20436F6E2F
:10B910006E656374206661696C65642E0D0A00486B
:10B920007474704765743A204950206E6F742066B5
:10B930006F756E642E0D0A00487474704765743A12
:10B9400020696E76616C696420706174682E0D0ADE
:10B950000023740D6F20686E6D0A6C7267697063E6
:10B9600076657A64627379667861776A2375716B3C
:10B970002323350D3920232C2E0A29342338303A3D
:10B980003D332B173F2736232F2D320723373128FE
:10B9900023000D94E60F0D94F2260D9464070D9488
:10B9A000D60A0D9435090D945A410D94CA3B0D9455
:10B9B000C6130D948E1B0D9461230D940A3F0D94B4
:10B9C000FC250D9483420D9473090D944B0E0D9438
:10B9D00049230D94062B0D94CC130D94A0240D94A3
:10B9E00004430D94AD350D9440090D94951D0D94AF
:10B9F0009D210D94002B0D9454080D94A03C0D94A2
:10BA0000ED1C0D94B3350D94993E0D9468200D9462
:10BA1000313F0D940A430D94CB080D94B1101124BD
:10BA200084B78BBD8DB78EBB8EB78ABD14BE88E13F
:10BA30000FB6F89480936000109260000FBE11243E
:10BA40001FBECFEFD1E2DEBFCDBF00E00CBF85E867
:10BA50008093740080E880937500579A5F9884B152
:10BA6000806F84B985B1806785B92F9888E10FB65A
:10BA7000F89480936000109260000FBE8091F0A453
:10BA80009091F1A48B5B9B4BB1F0A0E0B5E1FD017F
:10BA9000E050F2428D91808382E2A030B807B9F77E
:10BAA0004AB52EB3942F80E030E0822B932B9093F5
:10BAB000F1A48093F0A4C0E0D2E288815F9A8883E9
:10BAC0005F98CE010E94A26989932FEFCF3FD207E2
:10BAD000A1F72E98C0E0D2E2EE24FF241881CE0117
:10BAE0000E94A269181719F00894E11CF11C5F9AD2
:10BAF00088815F9889938FEFCF3FD80779F7E1145A
:10BB0000F10451F0F89488E10FB6F8948093600046
:10BB1000109260000FBEFFCF2D988BB5809375A457
:10BB200013E2A0E0B2E2EEE3F8EA02E00BBF02C0EB
:10BB300007900D92A031B107D9F714EAA0E1B3E262
:10BB400001C01D92A537B107E1F704D00D941D5433
:10BB50000C9400000E94399282E00E94C4690E9405
:10BB600075BB0E948B880E9439AE83E00E94C46935
:10BB70000E943EAE82E00E94BA690E94FAD383E03E
:10BB80000E94BA690E940596FDCF1092690010923A
:10BB90006A000895AC018830910554F42DB381E01A
:10BBA00090E002C0880F991F4A95E2F7282B2DBB21
:10BBB0000895DC018830910514F08EEF089564300B
:10BBC000710514F08FEF0895FC01EE0FFF1FA430F4
:10BBD000B105CCF48091690023E030E00E2E02C064
:10BBE000220F331F0A94E2F720952823209369003F
:10BBF0008091690002C0660F771FEA95E2F7862BF5
:10BC00008093690018C080916A0023E030E00E2E16
:10BC100002C0220F331F0A94E2F7209528232093B5
:10BC20006A0080916A0002C0660F771FEA95E2F70A
:10BC3000862B80936A00FD01EE0FFF1FE05FFC4D35
:10BC400051834083CD01A6DF80E00895AC018830A8
:10BC500091055CF42DB381E090E002C0880F991F3C
:10BC60004A95E2F7809582238DBB08951F920F922B
:10BC70000FB60F920BB60F9211242F933F934F9351
:10BC80005F936F937F938F939F93AF93BF93EF9344
:10BC9000FF93E0911023F09111231995FF91EF91FB
:10BCA000BF91AF919F918F917F916F915F914F91D4
:10BCB0003F912F910F900BBE0F900FBE0F901F90D2
:10BCC00018951F920F920FB60F920BB60F92112478
:10BCD0002F933F934F935F936F937F938F939F9394
:10BCE000AF93BF93EF93FF93E0911223F09113234F
:10BCF0001995FF91EF91BF91AF919F918F917F9196
:10BD00006F915F914F913F912F910F900BBE0F90CC
:10BD10000FBE0F901F9018951F920F920FB60F92A3
:10BD20000BB60F9211242F933F934F935F936F9312
:10BD30007F938F939F93AF93BF93EF93FF93E09184
:10BD40001423F09115231995FF91EF91BF91AF91B5
:10BD50009F918F917F916F915F914F913F912F9123
:10BD60000F900BBE0F900FBE0F901F9018951F9253
:10BD70000F920FB60F920BB60F9211242F933F9391
:10BD80004F935F936F937F938F939F93AF93BF93E3
:10BD9000EF93FF93E0911623F09117231995FF91EC
:10BDA000EF91BF91AF919F918F917F916F915F9133
:10BDB0004F913F912F910F900BBE0F900FBE0F90A0
:10BDC0001F9018951F920F920FB60F920BB60F92FD
:10BDD00011242F933F934F935F936F937F938F9390
:10BDE0009F93AF93BF93EF93FF93E0911823F0914C
:10BDF00019231995FF91EF91BF91AF919F918F9169
:10BE00007F916F915F914F913F912F910F900BBE5A
:10BE10000F900FBE0F901F9018951F920F920FB6A4
:10BE20000F920BB60F9211242F933F934F935F9372
:10BE30006F937F938F939F93AF93BF93EF93FF93F2
:10BE4000E0911A23F0911B231995FF91EF91BF9177
:10BE5000AF919F918F917F916F915F914F913F91A2
:10BE60002F910F900BBE0F900FBE0F901F90189543
:10BE70001F920F920FB60F920BB60F9211242F93B1
:10BE80003F934F935F936F937F938F939F93AF9362
:10BE9000BF93EF93FF93E0911C23F0911D2319951D
:10BEA000FF91EF91BF91AF919F918F917F916F9192
:10BEB0005F914F913F912F910F900BBE0F900FBE4E
:10BEC0000F901F9018951F920F920FB60F920BB6FE
:10BED0000F9211242F933F934F935F936F937F9310
:10BEE0008F939F93AF93BF93EF93FF93E0911E23A4
:10BEF000F0911F231995FF91EF91BF91AF919F9101
:10BF00008F917F916F915F914F913F912F910F9002
:10BF10000BBE0F900FBE0F901F901895FC01EE0FF7
:10BF2000FF1FEE0FFF1FE80FF91FE05AFC4D86E0E0
:10BF300084830895613011F4845E0895673008F0B9
:10BF4000615060FD02C08FE108958EE10895A0E088
:10BF5000B0E0EDEAFFE50D94B14DEC018F849888D7
:10BF6000A988BA88EF84F88809891A8969857A8549
:10BF7000882777FD8095982F20E13EE040E050E053
:10BF80000F94434DE60EF71E081F191FEF86F88A1F
:10BF9000098B1A8B8CE697E098878F836F85788959
:10BFA00089899A8920E831E541E050E00F94894D74
:10BFB000162F072FF82EE92E6F85788989899A899F
:10BFC00020E831E541E050E00F94894D6901612F8F
:10BFD000702F8F2D9E2D2CE330E040E050E00F9429
:10BFE000894D6983612F702F8F2D9E2D20E13EE0BA
:10BFF00040E050E00F94894D2CE330E040E050E009
:10C000000F94894D2A83612F702F8F2D9E2D20E153
:10C010003EE040E050E00F94894D2B83C60101962D
:10C0200067E070E00F94624D8C8322C08F81988509
:10C0300083709070892B99F48F81988564E670E005
:10C040000F94624D892B41F48F81988560E971E0EE
:10C050000F94624D892B19F48EE691E002C08DE6B3
:10C0600091E0C81AD90A8F819885019698878F83A5
:10C070008F81988583709070892B99F48F81988532
:10C0800064E670E00F94624D892B41F48F819885AE
:10C0900060E971E00F94624D892B19F48EE691E00E
:10C0A00002C08DE691E0C816D90608F0BFCF1E8207
:10C0B00028C08F81988583709070892B19F080E05B
:10C0C00090E018C08F81988564E670E00F94624D0F
:10C0D000892B19F081E090E00DC08F81988520E0D8
:10C0E00030E060E971E00F94624D892B11F421E09A
:10C0F00030E0C9016E811EDFC81AD1088E818F5FC2
:10C100008E838F81988583709070892B19F080E0E1
:10C1100090E018C08F81988564E670E00F94624DBE
:10C12000892B19F081E090E00DC08F81988520E087
:10C1300030E060E971E00F94624D892B11F421E049
:10C1400030E0C9016E81F6DE90E0C816D90608F02D
:10C15000B0CF8E818F5F8E838C2D8F5F8D838E818C
:10C16000833010F430E007C08E8130E08B3008F06F
:10C1700031E081E038278D812C8190E0821B91098C
:10C18000499754F08C81882319F48B81823020F0F8
:10C190008E818A3029F446C08E81833009F442C0F2
:10C1A000332309F43FC08B898823E1F18B818F5FB2
:10C1B0008B838B818831B1F51B828C818F5F8C835F
:10C1C0008C81873009F41C821D818F819885837052
:10C1D0009070892B19F080E090E018C08F819885CD
:10C1E00064E670E00F94624D892B19F081E090E0D5
:10C1F0000DC08F81988520E030E060E971E00F94F8
:10C20000624D892B11F421E030E0C9016E8161504B
:10C2100091DE181721F41D828E818F5F8E838D81B0
:10C220008F5F8D838F86988AA98ABA8ACDB7DEB749
:10C23000ECE00D94CD4D1F93CF93DF9380910024BC
:10C240008F5F8093002480910024843611F011E0E8
:10C2500053C010920024809101248F5F80930124A9
:10C2600080910B2490910C24A0910D24B0910E2468
:10C270000196A11DB11D80930B2490930C24A093D3
:10C280000D24B0930E2480910F2490911024A0913E
:10C290001124B09112240196A11DB11D80930F2489
:10C2A00090931024A0931124B09312248091012420
:10C2B0008C3311F012E020C01092012480910224EE
:10C2C0008F5F80930224809102248C3311F013E05D
:10C2D00013C010920224809103248F5F8093032463
:10C2E00080E094E234DE80910324883111F014E080
:10C2F00003C01092032415E0C0E0D0E0FE01EE0F71
:10C30000FF1FEE0FFF1FEE5DFC4D8081181798F0A8
:10C31000FE01EE0FFF1FEE0FFF1F123028F0E05E50
:10C32000FC4D81E0838307C0E05EFC4D13820190E9
:10C33000F081E02D19952196C031D105F9F620E064
:10C3400030E0F901EE0FFF1FEE0FFF1FE05EFC4D26
:10C35000DF0113968381813041F41C920190F081BA
:10C36000E02D199520E030E006C02F5F3F4F2031CF
:10C37000310539F7F7CFF901EE0FFF1FEE0FFF1F61
:10C38000E20FF31FE05AFC4D8481181798F080816A
:10C390009181A281B3810097A105B10559F08081F7
:10C3A0009181A281B3810197A109B1098083918311
:10C3B000A283B3832F5F3F4F20323105E1F6DF9137
:10C3C000CF911F9108950F931F938C0131D180E07D
:10C3D00094E2B80144E150E00F94CC4F2FD180E0BB
:10C3E00090E01F910F9108950F931F938C0120D11E
:10C3F000C80160E074E244E150E00F94CC4F1ED1DC
:10C4000080E090E01F910F910895EF92FF920F93BB
:10C410001F938C010DD1F801EE0FFF1FEE0FFF1FD0
:10C42000E00FF11FE05AFC4DE080F18002811381A2
:10C4300005D1C7011F910F91FF90EF900895BF9212
:10C44000CF92DF92EF92FF920F931F936C017B01CB
:10C45000B42EEED000E010E0F601EE0FFF1FEE0F5D
:10C46000FF1FEC0DFD1DE05AFC4DE082F1820283BE
:10C470001383B482E3D01F910F91FF90EF90DF9070
:10C48000CF90BF900895CF93DF93D2D0C0E0D0E09B
:10C49000FE01EE0FFF1FEE0FFF1FEC0FFD1FE05A16
:10C4A000FC4D8481863031F4108211821282138215
:10C4B000C5D007C02196C032D10551F7BFD0CFEF0C
:10C4C000DFEFCE01DF91CF9108951F93CF93DF93DC
:10C4D000EC01162FADD020E030E0F901EE0FFF1F88
:10C4E000EE0FFF1FE05EFC4D808191818C179D0750
:10C4F000E9F02F5F3F4F2031310579F7E0E0F0E0C0
:10C50000DF01AA0FBB1FAA0FBB1FA05EBC4D8D9100
:10C510009C911197892B69F41196DC93CE93EE0FC1
:10C52000FF1FEE0FFF1FEE5DFC4D108387D080E0F4
:10C5300006C03196E031F10519F780D08FEFDF9119
:10C54000CF911F91089520E030E0F901EE0FFF1F19
:10C55000EE0FFF1FE05EFC4D11821082F901EE0F1D
:10C56000FF1FEE0FFF1FEE5DFC4D86E080832F5F07
:10C570003F4F2031310549F720E030E0F901EE0F5F
:10C58000FF1FEE0FFF1FE20FF31FE05AFC4D10825A
:10C5900011821282138286E084832F5F3F4F203204
:10C5A000310561F710920B2410920C2410920D2487
:10C5B00010920E2410920F24109210241092112425
:10C5C0001092122410920A241092092481E0809380
:10C5D000132480E094E2BBDC84E690E060E070E04D
:10C5E00003D08BE191E65DC00F931F938B011092F6
:10C5F0001524109214242AE0209381009C0183E0EA
:10C60000220F331F8A95E1F740E050E060E074E2CA
:10C6100084EF90E00F94894D201B310B30938900FB
:10C620002093880082E080936F001F910F910895FE
:10C63000EFE6F0E080818D7F80830895EFE6F0E003
:10C6400080818260808308951F920F920FB60F92AF
:10C650000BB60F9211242F933F934F935F936F93D9
:10C660007F938F939F93AF93BF93EF93FF93E0914B
:10C670001424F0911524309709F01995FF91EF914A
:10C68000BF91AF919F918F917F916F915F914F91EA
:10C690003F912F910F900BBE0F900FBE0F901F90E8
:10C6A000189520911424309115242817390711F476
:10C6B00081E00895232B11F080E0089590931524D4
:10C6C0008093142481E00895AC019091840020E0CF
:10C6D00030E008C0809184009817E1F390918400C5
:10C6E0002F5F3F4F42175307A9F708952091840009
:10C6F00030918500C90108958330910584F4FC01CF
:10C7000033E0EE0FFF1F3A95E1F7880F991FE80F0E
:10C71000F91FE45AFD4D0190F081E02D199508951F
:10C720008330910514F080E00895FC01EE0FFF1FA7
:10C73000EE0FFF1FE80FF91FEE0FFF1FE25AFD4D2E
:10C740000190F081E02D862F199508958330910591
:10C7500094F4FC0133E0EE0FFF1F3A95E1F7880FE8
:10C76000991FE80FF91FE45AFD4D0680F781E02D6F
:10C77000CB01BA01199508959C01FC0193E0EE0FDD
:10C78000FF1F9A95E1F7220F331FE20FF31FE658C0
:10C79000FD4D0190F081E02D19950895FC01EE0FFB
:10C7A000FF1FEE0FFF1FE80FF91FEE0FFF1FE458EA
:10C7B000FD4D0190F081E02D862F199508959C0183
:10C7C000FC0153E0EE0FFF1F5A95E1F7220F331FD4
:10C7D000E20FF31FE658FD4D0480F581E02D199519
:10C7E00008959C01FC0173E0EE0FFF1F7A95E1F7BD
:10C7F000220F331FE20FF31FE658FD4D0680F7812D
:10C80000E02D199508959C01FC01B3E0EE0FFF1F88
:10C81000BA95E1F7220F331FE20FF31FE658FD4DE3
:10C820000084F185E02D199508951F920F920FB69F
:10C830000F920BB60F9211248F93EF93FF93E1ECBD
:10C84000F0E080818F7B808310921624FF91EF911E
:10C850008F910F900BBE0F900FBE0F901F901895E9
:10C860001F920F920FB60F920BB60F9211242F93B7
:10C870003F934F935F936F937F938F939F93AF9368
:10C88000BF93EF93FF938091192490911A240E94F3
:10C890004990892B49F08091192490911A240E9483
:10C8A000B7908093C6000AC08091C10080648093D5
:10C8B000C1008091C1008F7D8093C100FF91EF91F5
:10C8C000BF91AF919F918F917F916F915F914F91A8
:10C8D0003F912F910F900BBE0F900FBE0F901F90A6
:10C8E00018951F920F920FB60F920BB60F9211244C
:10C8F0001F932F933F934F935F936F937F938F93E8
:10C900009F93AF93BF93EF93FF931091C6008091D5
:10C910001724909118240E9449908F3F910509F0A7
:10C920003CF48091172490911824612F0E9462900A
:10C93000FF91EF91BF91AF919F918F917F916F91F7
:10C940005F914F913F912F911F910F900BBE0F90D0
:10C950000FBE0F901F9018951F920F920FB60F9257
:10C960000BB60F9211248F93EF93FF93E9ECF0E055
:10C9700080818F7B808310921B24FF91EF918F9198
:10C980000F900BBE0F900FBE0F901F9018951F9326
:10C990001FB7F89480911C2690911D260E94499003
:10C9A0001FBF1F9108951F931FB7F89480911C26F5
:10C9B00090911D260E944990892B11F480E006C0B9
:10C9C00080911C2690911D260E94B7901FBF1F9139
:10C9D00008951F920F920FB60F920BB60F9211246B
:10C9E0002F933F934F935F936F937F938F939F9377
:10C9F000AF93BF93EF93FF9380911E2690911F26D4
:10CA00000E944990892B49F080911E2690911F2603
:10CA10000E94B7908093CE000AC08091C9008064C4
:10CA20008093C9008091C9008F7D8093C900FF91D8
:10CA3000EF91BF91AF919F918F917F916F915F9196
:10CA40004F913F912F910F900BBE0F900FBE0F9003
:10CA50001F9018950F931F93182F0FB7F89480917C
:10CA60001E2690911F260E944990892B31F58091B6
:10CA70001B24813091F480911E2690911F26612FF6
:10CA80000E9462908091C9008F7B8093C900809141
:10CA9000C90080628093C90024C01093CE008091A9
:10CAA000C90080648093C9008091C9008F7D809304
:10CAB000C90081E080931B2414C0F89480911E2645
:10CAC00090911F260E9449908F3F910519F014F014
:10CAD0000FBFF3CF80911E2690911F26612F0E94D9
:10CAE00062900FBF1F910F9108951F920F920FB682
:10CAF0000F920BB60F9211241F932F933F934F93D6
:10CB00005F936F937F938F939F93AF93BF93EF93B5
:10CB1000FF931091CE0080911C2690911D260E94BB
:10CB200049908F3F910509F03CF480911C2690912B
:10CB30001D26612F0E946290FF91EF91BF91AF91EE
:10CB40009F918F917F916F915F914F913F912F9125
:10CB50001F910F900BBE0F900FBE0F901F90189556
:10CB60008CE195E260E071E00E941D9090931D269B
:10CB700080931C268CE194E260E071E00E941D909D
:10CB800090931F2680931E2610921B241092CD0096
:10CB900087E68093CC0088E98093C90086E0809383
:10CBA000CA000895362F377066956695669562308F
:10CBB00009F44AC0633030F4662371F0613009F043
:10CBC000B0C026C0643009F477C0643008F458C09F
:10CBD000653009F0A6C08BC0813059F421B181E0E5
:10CBE00090E002C0880F991F3A95E2F7282B21B9EF
:10CBF00098C0823009F095C021B181E090E002C078
:10CC0000880F991F3A95E2F78095822381B989C0F0
:10CC1000813059F424B181E090E002C0880F991F5F
:10CC20003A95E2F7282B24B97CC0823009F079C00C
:10CC300024B181E090E002C0880F991F3A95E2F795
:10CC40008095822384B96DC0813059F427B181E089
:10CC500090E002C0880F991F3A95E2F7282B27B978
:10CC600060C0823009F05DC027B181E090E002C071
:10CC7000880F991F3A95E2F78095822387B951C0B2
:10CC8000813059F42AB181E090E002C0880F991FE9
:10CC90003A95E2F7282B2AB944C0823009F041C006
:10CCA0002AB181E090E002C0880F991F3A95E2F71F
:10CCB000809582238AB935C0813059F42DB181E045
:10CCC00090E002C0880F991F3A95E2F7282B2DB902
:10CCD00028C0823031F52DB181E090E002C0880F8C
:10CCE000991F3A95E2F7809582238DB91AC0813059
:10CCF00059F420B381E090E002C0880F991F3A9563
:10CD0000E2F7282B20BB0DC0823059F420B381E01C
:10CD100090E002C0880F991F3A95E2F78095822330
:10CD200080BB8FEF90E00895382F377086958695F9
:10CD30008695823031F1833030F4882361F0813080
:10CD400009F04AC013C0843091F1843028F1853055
:10CD500009F042C037C022B181E090E002C0880FE4
:10CD6000991F3A95E2F7282B22B936C025B181E008
:10CD700090E002C0880F991F3A95E2F7282B25B959
:10CD80002BC028B181E090E002C0880F991F3A952E
:10CD9000E2F7282B28B920C02BB181E090E002C037
:10CDA000880F991F3A95E2F7282B2BB915C02EB1A1
:10CDB00081E090E002C0880F991F3A95E2F7282B96
:10CDC0002EB90AC021B381E090E002C0880F991FFC
:10CDD0003A95E2F7282B21BB8FEF90E00895382F8A
:10CDE0003770869586958695823041F1833030F490
:10CDF000882361F0813009F050C014C08430B1F153
:10CE0000843040F1853009F048C03CC022B181E057
:10CE100090E002C0880F991F3A95E2F7809582232F
:10CE200082B93BC025B181E090E002C0880F991F14
:10CE30003A95E2F78095822385B92FC028B181E029
:10CE400090E002C0880F991F3A95E2F780958223FF
:10CE500088B923C02BB181E090E002C0880F991FF0
:10CE60003A95E2F7809582238BB917C02EB181E005
:10CE700090E002C0880F991F3A95E2F780958223CF
:10CE80008EB90BC021B381E090E002C0880F991FDA
:10CE90003A95E2F78095822381BB8FEF90E0089569
:10CEA000FF920F931F93CF93DF93EC018B01FFB69B
:10CEB000F894739881E090E06AE705C0F801619109
:10CEC0008F0181E090E02CDC2197FFEFCF3FDF075F
:10CED000A9F783E08A9501F0E9F7C895739AFFBE38
:10CEE000CDB7DEB7E5E00D94D44D0F931F93142F0B
:10CEF0000FB7F89473986F71682B81E090E010DCA5
:10CF000081E090E0612F0CDC83E08A9501F0E9F785
:10CF1000C895739A0FBF1F910F9108951F93CF93D8
:10CF2000DF93182FC82FD0E0C076D07080912026D4
:10CF300090E0C817D90781F080EA6FE143E0D5DFC0
:10CF400085E0D595C7958A95E1F780E86FE14C2F8C
:10CF5000CCDF107610932026DF91CF911F9108959A
:10CF60000F931F93182F062FD9DF80E4612F402FD6
:10CF7000BCDF1F910F9108950F931F938C0184EED6
:10CF8000F8016081EDDF85EEF8016181E9DF82EE75
:10CF9000F8016281E5DF83EEF8016381E1DF80EE75
:10CFA000F8016481DDDF81EEF8016581D9DF1F9131
:10CFB0000F9108950F931F93162F0FB7F89473983E
:10CFC0006F71682B81E090E0ABDB81E090E060E086
:10CFD000A7DB17FF04C081E090E060E0A1DB93E0F5
:10CFE0009A9501F0E9F7C895739A0FBF1F910F91B9
:10CFF00008951F93182F92DF80E0612FDBDF1F91D0
:10D0000008950F931F93CF93DF93EC018B018FE172
:10D01000F0DF83FDFCCF82E060E0A2DF83E068E127
:10D020009FDF86E06C2F9CDFC050D84E6D2F772796
:10D0300067FD7A95C050D84187E092DF8AE760E0CB
:10D0400040E053DFCE01B8012BDF80E86FE140E81C
:10D050004CDF80EA6FE140E848DF80E86FE148E0BC
:10D0600044DFDF91CF911F910F91089582E7C1DFD7
:10D0700090E008950F931F93982F8B0184ED692FF3
:10D080006FDF86ED602F6CDF012F110F110B87ED25
:10D09000602F66DF8AEEADDF80FDFCCF1F910F9120
:10D0A000089581E090E028DB6B9A739A8FEF60E03F
:10D0B0004FEF1BDF8DE19DDF80FFFCCF109222261A
:10D0C0001092212688E060E04BDF89E060E048DFD5
:10D0D0008CE060E045DF8DE060E042DF8AE06EEFEB
:10D0E0003FDF8BE067E13CDF84E060E039DF85E033
:10D0F00068E136DF88E361EA33DF80EC6DE030DF42
:10D1000081EC60E02DDF88EC63E02ADF80E862ECF0
:10D1100042E3EBDE86EC62E123DF87EC6CE020DFAC
:10D1200084EC62E11DDF8AEC6EEE1ADF8BEC65E0C9
:10D1300017DF80E160E071E09DDF8FE1EFDE80E8E6
:10D140006BE140ECD2DE80E86FE144E0CEDE84E1CA
:10D1500066E774E08FCF0F931F93682F84ED00DF95
:10D1600082ED61E0FDDE8AEE44DF80FDFCCF82EDE2
:10D1700060E0F6DE88ED3DDF082F10E089ED39DF55
:10D18000382F20E0202B312BC9011F910F910895DA
:10D1900081E0E1DF969587959695879580958170DA
:10D1A000089580EA6FE14CE0A0DE80E0D4DFBC01AE
:10D1B0007E7F80E05FDF82EC1CDF682F70E06E7F97
:10D1C00082ECCEDE84EC65E1CBDE86EC62E1C8DE8B
:10D1D00087EC6CE0C5DE80E86FE144E086CEDF924C
:10D1E000EF92FF920F931F938C017B01DFB6F894AF
:10D1F000739881E090E06AE393DA81E090E0B70110
:10D20000A801A4DA83E08A9501F0E9F7C895739A3A
:10D21000DFBE1F910F91FF90EF90DF900895A0E087
:10D22000B0E0E5E1F9E60D94B34DEC017B018CE152
:10D23000E0DE86FD05C089E3DCDE882309F43DC01D
:10D2400080E0609121268CDE6091222681E088DEDC
:10D250008AE360E0AFDE082F10E0109322260093EF
:10D2600021268AE360E0A6DE382F20E0202B312B38
:10D2700030932226209321268AE360E09BDEA82EAD
:10D28000BB248AE360E096DE382F20E0A22AB32A8E
:10D290008AE360E08FDE8AE360E08CDECA15DB059E
:10D2A0007CF48CE0609121265BDE609122268DE08B
:10D2B00057DE80E86EE140E418DEAA24BB243CC0BF
:10D2C000C501B7018CDF89E094DE182F00E088E00B
:10D2D00090DEC82E8BE08DDEF82EEE248AE089DE0B
:10D2E000C82FD0E0CE29DF29609121267091222617
:10D2F000CB010197DD240C291D298017910718F017
:10D30000C817D90748F48CE06C2F2ADE6D2F7727D9
:10D3100067FD7A958DE00BC061508CE021DE209195
:10D32000212630912226215030408DE0632F18DED7
:10D3300080E86EE140E4D9DDC501CDB7DEB7EAE0B3
:10D340000D94CF4D292F280F892F90E06DE070E0CC
:10D350000F94624D90E007C027FF03C0220F2160A9
:10D3600001C0220F9F5F9817B8F3883008F020950E
:10D37000822F0895843038F4E82FF0E0E453FF4F13
:10D38000E4918E2F2CCD0895843038F4E82FF0E00E
:10D39000E453FF4FE4918E2FC7CC08951F93CF9392
:10D3A000DF93CCECD0E010E0FE01649181E0FADB89
:10D3B000812FE0DF21961F5F1430B1F7DF91CF910D
:10D3C0001F91089585B1836085B984B1876084B960
:10D3D000239880E58CBD81E08DBD08958EBD0DB490
:10D3E00007FEFDCF8EB50895DC018C918EBD81E0E6
:10D3F00090E009C0FD01E80FF91FE0810DB407FEC0
:10D40000FDCFEEBD019686179707A0F30DB407FE7A
:10D41000FDCF0895AC011EBC20E030E00BC00DB480
:10D4200007FEFDCF1EBC8EB5FA01E20FF31F80830D
:10D430002F5F3F4F2617370790F30DB407FEFDCF40
:10D440000895E4ECF0E0118210826A9A80EC8093F7
:10D45000C20088E18093C100118210820895982F44
:10D460008091C00085FFFCCF9093C6008091C000E2
:10D4700087FFFCCF8091C6000895DC018C918093DA
:10D48000C60021E030E00CC0FD01E20FF31FE08197
:10D490008091C00085FFFCCFE093C6002F5F3F4F17
:10D4A000261737078CF38091C00087FFFCCF0895C3
:10D4B000AC0120E030E013C08091C00085FFFCCFBC
:10D4C0008FEF8093C6008091C00087FFFCCF8091D2
:10D4D000C600FA01E20FF31F80832F5F3F4F6217F0
:10D4E000730754F78091C00085FFFCCF08958E9894
:10D4F00080B3806580BB87980895482F30E020E096
:10D50000220F47FF02C08C9A01C08C9885E3982FA8
:10D510009A95F1F78E9A8A95F1F77F9921608E9806
:10D520003F5F383011F0440FEBCF822F0895DC01BC
:10D5300040E050E019C0FD01E40FF51FE08130E04C
:10D54000E7FF02C08C9A01C08C9885E3282F2A95AA
:10D55000F1F78E9A8A95F1F78E983F5F383011F087
:10D56000EE0FEECF4F5F5F4F4617570720F308953A
:10D57000FC018C9820E030E040E012C050E0440F05
:10D5800085E3982F9A95F1F78E9A8A95F1F77F990E
:10D5900041608E985F5F583091F741932F5F3F4F06
:10D5A0002617370758F308951F93109224261092D8
:10D5B000232612E014BD9C01442737FD4095542FCB
:10D5C000542F432F322F222760E074E284EF90E043
:10D5D0000F94894D27BD84E085BD10936E001F9187
:10D5E00008951F920F920FB60F920BB60F9211244F
:10D5F0002F933F934F935F936F937F938F939F935B
:10D60000AF93BF93EF93FF93E0912326F0912426ED
:10D61000309709F01995FF91EF91BF91AF919F91CC
:10D620008F917F916F915F914F913F912F910F90CB
:10D630000BBE0F900FBE0F901F90189520912326C0
:10D64000309124262817390711F48FEF0895232BE2
:10D6500011F080E0089590932426809323268FEF85
:10D660000895DF92EF92FF920F931F93D82E7A01C5
:10D670008B0181E090E06FEF53D86D2D606481E005
:10D6800090E04ED8212F33274427552781E090E0A2
:10D69000622F46D898014427552781E090E0622FF9
:10D6A0003FD85527412F302F2F2D81E090E0622F5A
:10D6B00037D881E090E06E2D33D8DD2021F088E06E
:10D6C000D81649F404C081E090E065E907C081E024
:10D6D00090E067E803C081E090E06FEF21D810E0B0
:10D6E00081E090E06FEF1CD88F3F19F41F5F1A3074
:10D6F000B9F71F910F91FF90EF90DF9008952A9A4C
:10D7000080912526813021F4109225260C94477EA5
:10D71000089580912526882329F40E946E7E81E059
:10D72000809325262A980895A0E0B0E0EAE9FBE678
:10D730000D94AB4D3B014C012A0119016DC08301D1
:10D740001170C801A0E0B0E064015301A81AB90A41
:10D75000CA0ADB0AE12CF2E0FF2EE01AF10A2E14CD
:10D760003F0408F471018091262890912728A09108
:10D770002828B0912928A816B906CA06DB06D1F1D7
:10D78000C8DF81E1B601A5016CDF882319F0B7DF9E
:10D7900080E047C081E090E06FEF0E9490638E3F91
:10D7A000C9F7C6E2D6E281E090E06FEF0E94906395
:10D7B000899388E2C632D807B1F7A0922628B092A2
:10D7C0002728C0922828D09229280A5D194DC20125
:10D7D000B801A7010F94CC4F4E0C5F1C81E090E084
:10D7E0006FEF0E94906381E090E06FEF0E94906382
:10D7F00086DF09C00A5D194DC201B801A7010F9467
:10D80000CC4F4E0C5F1C2E183F08C701A0E0B0E0C3
:10D81000680E791E8A1E9B1E2114310409F08FCFD9
:10D8200081E0CDB7DEB7E2E10D94C74DA0E0B0E0F6
:10D83000ECE1FCE60D94AD4D4B015C013A01E901D0
:10D8400026014115510571F12115310559F10217D4
:10D85000130740F1E114F10429F1CC24DD24C21AAC
:10D86000D30A021B130BC501B401A3019E015CDFA7
:10D870008823C1F0C301B501A4019201F7011995F4
:10D88000882391F00C0D1D1DC8018C0F9D1F8C1756
:10D890009D0750F0CE01A0E0B0E0880E991EAA1EB0
:10D8A000BB1EE1CF80E001C081E0CDB7DEB7E0E193
:10D8B0000D94C94DA0E0B0E0E0E6FCE60D94AD4D5E
:10D8C0004B015C012A01390182C0E401D170CE0113
:10D8D000A0E0B0E085017401E81AF90A0A0B1B0BFD
:10D8E000C12CA2E0DA2ECC1ADD0A6C147D0408F4F7
:10D8F00063018091262890912728A0912828B09133
:10D900002928E816F9060A071B07C9F0209729F409
:10D9100080E0C81682E0D80650F4C801B70146E29C
:10D9200056E220E032E000DF882309F455C0E0929F
:10D930002628F0922728009328281093292886E289
:10D94000481686E2580639F0CE018A5D994DB2013B
:10D95000A6010F94CC4FDDDE88E1B801A70181DE7E
:10D96000882319F0CCDE80E037C081E090E06EEFD4
:10D970000E949063C6E2D6E2699181E090E00E9445
:10D98000906388E2C632D807B9F781E090E06FEF84
:10D990000E94906381E090E06FEF0E94906381E0CD
:10D9A00090E06FEF0E9490638F3FC9F781E090E0B5
:10D9B0006FEF0E949063A3DE4C0C5D1CC601A0E0DB
:10D9C000B0E0880E991EAA1EBB1E6C187D0861145B
:10D9D000710409F07ACF81E0CDB7DEB7E0E10D94B4
:10D9E000C94DA0E0B0E0E7EFFCE60D94AD4D5B0162
:10D9F0006C014A01E901380127014115510569F11E
:10DA00000115110551F1FF242115310509F5FF24F8
:10DA1000F3941EC0C401B601A5019201F30119954A
:10DA20008C010097E1F0FF2019F4C817D907A8F07E
:10DA3000C601B501A40198013DDF882371F0C8013A
:10DA4000A0E0B0E0A80EB91ECA1EDB1EC01BD10BA1
:10DA5000FF2001F72097F1F602C080E001C081E0CD
:10DA6000CDB7DEB7E0E10D94C94D1F93CF93DF939F
:10DA7000229A4FDE44DE81E090E00E947C631092A7
:10DA80002A2810E081E090E06FEF0E9490631F5F12
:10DA90001436C1F73EDEC0E0D0E080E040E050E068
:10DAA00060E070E0DEDD813039F08FE0CF3FD807F5
:10DAB00009F456C02196F1CF87E340E050E060E0E2
:10DAC00070E0CFDD89E240E050E060E070E0C9DD69
:10DAD00082FD05C080912A28816080932A28C0E0B9
:10DAE000D0E080912A2890E083709070892B41F0DB
:10DAF00087E340E050E060E070E0B3DD89E201C020
:10DB000081E040E050E060E070E0ABDD80FF06C007
:10DB10008FE7CF3FD80721F12196E3CF80E140E0A6
:10DB200052E060E070E09DDD8823D1F4E8DD8FEF06
:10DB30009FEFAFEFBFEF8093262890932728A09305
:10DB40002828B093292860E070E080E090E046E269
:10DB500056E220E032E0E8DD882311F081E002C0E7
:10DB6000CEDD80E0DF91CF911F910895A0E0B0E07D
:10DB7000ECEBFDE60D94B34D6C017B01B62EAF2CA2
:10DB80008B01025F1F4FFB018685682F70E06F706D
:10DB90007070660F771F660F771F625F7F4FE70118
:10DBA000C60FD71F6E5070408881882309F441C08A
:10DBB000883009F04AC0F80184859585A685B78527
:10DBC000808B918BA28BB38B8091342290913522E4
:10DBD000A0913622B091372284879587A687B78790
:10DBE00013861286C8010E94098B0E948696F8014E
:10DBF00093878287188219828A81883F18F08B81E7
:10DC00008F5F8B838A81885F8A832B2D3A2DC90190
:10DC1000FC01AEE2B2E2868180838D9186833196EB
:10DC200022E2A433B207B9F7C601B7010E94957E7C
:10DC30000CC08C819D818D519C4A39F480912C229D
:10DC4000813019F482E080932C22CDB7DEB7EAE070
:10DC50000D94CF4D9C01863091051CF0EFEFFFEF46
:10DC600012C08FB7F894F901EE0FFF1FE20FF31FF8
:10DC700093E0EE0FFF1F9A95E1F7E55DF74D0190F8
:10DC8000F081E02D8FBFCF0108959C018630910572
:10DC90001CF02FEF3FEF11C08FB7F894F901EE0F92
:10DCA000FF1FE20FF31F53E0EE0FFF1F5A95E1F73E
:10DCB000E55DF74D228933898FBFC90108959C0125
:10DCC000863091051CF02FEF3FEF17C08FB7F89407
:10DCD000F901EE0FFF1FE20FF31F93E0EE0FFF1F9E
:10DCE0009A95E1F7E55DF74D138A128A20E130E05D
:10DCF000318320838FBF20E030E0C9010895863052
:10DD000091051CF02FEF3FEF44C04FB7F8949C01F2
:10DD1000220F331F280F391FD90153E0AA0FBB1F51
:10DD20005A95E1F7A55DB74D8D919C911197892B7F
:10DD300069F111961C921E92F90193E0EE0FFF1FFC
:10DD40009A95E1F7E35DF74D1082118212821382FA
:10DD5000F90183E0EE0FFF1F8A95E1F7ED5CF74DC7
:10DD60001182108217961C921E92169753961C923F
:10DD70001E92529751961C921E92509755961C9245
:10DD80001E92549757961C921E9256974FBF20E0B2
:10DD900030E0C9010895CF93DF93C0E0D0E0CE0119
:10DDA000AEDF2196C630D105D1F7DF91CF9108952E
:10DDB0004FB7F894EBE2F8E220E030E08081918107
:10DDC000892B41F02F5F3F4F789626303105B1F710
:10DDD0002FEF3FEF4FBFC9010895EF92FF920F93CE
:10DDE0001F93CF93DF937B01FA01863091051CF0DE
:10DDF0002FEF3FEF32C02685C22FD0E0CF70D0701A
:10DE0000CC0FDD1FCC0FDD1F2E96CE0FDF1F8C0138
:10DE1000000F111F080F191F23E0000F111F2A9573
:10DE2000E1F7F801ED5CF74D808191810E948696C3
:10DE30009B838A83055D174DF801868197810E9437
:10DE40008696998388831F821E82C70108960E9446
:10DE500086969D838C8320E030E0C901CDB7DEB784
:10DE6000E6E00D94D34DA0E0B0E0E9E3FFE60D94C9
:10DE7000B04D5C01BEE08B2E912C880E991EDC010A
:10DE80001E968C91C82FD0E0CF70D070CC0FDD1FC4
:10DE9000CC0FDD1F2E96CA0DDB1D7FB6F894FDE278
:10DEA000EF2EF8E2FF2ECC24DD24F701048115814A
:10DEB0008A819B810E9486960817190709F04EC037
:10DEC000D70116960D911C911797888199810E9410
:10DED00086960817190709F43FC0F70186819781D4
:10DEE000892BE1F580819181A281B3810097A10501
:10DEF000B105A1F58601000F111F0C0D1D1DF801C4
:10DF000073E0EE0FFF1F7A95E1F7E35DF74DD40163
:10DF10001C962D913D914D915C911F9720833183EB
:10DF200042835383888199810E94869663E0000F23
:10DF3000111F6A95E1F7F801ED5CF74D918380833D
:10DF4000E6E0F0E0AE0EBF1EC8018B5C974DB50158
:10DF500046E050E00F94CC4F96010EC00894C11CCF
:10DF6000D11C88E190E0E80EF91E96E0C916D104B4
:10DF700009F09BCF2FEF3FEF7FBEC901CDB7DEB7D2
:10DF8000EDE00D94CC4DA0E0B0E0E9ECFFE60D949F
:10DF9000AF4D3B01FB011685CB0165DF4C01FFEF67
:10DFA0008F3F9F0709F492C0C12FD0E0CF70D0708F
:10DFB000CC0FDD1FCC0FDD1F2E96C60DD71D8C811B
:10DFC0009D810E948696089709F480C0F30186859A
:10DFD000E82EFF24FFE0EF22FF24EE0CFF1CEE0CE6
:10DFE000FF1C86E190E0E80EF91E6401CC0CDD1CFC
:10DFF000C80CD91C860143E0000F111F4A95E1F7B8
:10E00000055D174DF801A688B788A114B10459F130
:10E010008C819D810E948696BC0168507040C3012E
:10E020008E0D9F1DF501199580E190E0F801918317
:10E030008083F60133E0EE0FFF1F3A95E1F7ED5CC8
:10E04000F74D11821082F60123E0EE0FFF1F2A9593
:10E05000E1F7E35DF74D1082118212821382F8011D
:10E06000138A128A33C0F80180819181409771F53B
:10E070008C819D810E948696F8014089518908977C
:10E080008417950740F48C819D810E9486969C019F
:10E090002850304001C09A01F401EE0FFF1FE80D37
:10E0A000F91D83E0EE0FFF1F8A95E1F7E55DF74D5F
:10E0B000228B338B80E290E091838083E60CF71C07
:10E0C00084899589B701A9010F94CC4FCDB7DEB7EC
:10E0D000EEE00D94CB4DA0E0B0E0E1E7F0E70D9469
:10E0E000AD4D4C013B018A014DB65EB686E0881607
:10E0F00091041CF02FEF3FEF49C00E946E7EBAE200
:10E10000AB2EB12CA60CB71CEDB7FEB7EA19FB0974
:10E110000FB6F894FEBF0FBEEDBFCDB6DEB60894C5
:10E12000C11CD11C85E4F60186878DB79EB78B96FE
:10E13000B801A3010F94CC4F7401EE0CFF1CE80C46
:10E14000F91CF3E0EE0CFF1CFA95E1F7F701E35D33
:10E15000F74D60817181828193819301285F3F4FE8
:10E1600041E186010E942082C401B301A60135DE8F
:10E17000C7018B5C974DB6010E942C7EC501B6018C
:10E180000E94957E0E94477E20E030E0C9010FB6D4
:10E19000F8945EBE0FBE4DBE2096E0E10D94C94DD1
:10E1A0006F927F928F929F92BF92CF92DF92EF9267
:10E1B000FF920F931F93CF93DF936B017C01EA01D2
:10E1C00049013801BFB6F894F3DD8C018FEF0F3FA2
:10E1D000180709F49AC0F801EE0FFF1FE00FF11FB6
:10E1E00053E0EE0FFF1F5A95E1F7DF01A55DB74D34
:10E1F00080E190E011969C938E93ED5CF74DD18376
:10E20000C083C334D10539F484E490E017969C931D
:10E210008E93169706C0C095D0951796DC93CE9333
:10E220001697C801880F991F800F911F23E0880F50
:10E23000991F2A95E1F7FC01E35DF74DC082D18279
:10E24000E282F382EC01FE01E55DF74D138A128A4A
:10E25000918A808A758A648A178A168A8FEFC8160F
:10E260008FEFD8068FEFE8068FEFF80659F120916F
:10E2700038223091392240913A2250913B228091AC
:10E28000342290913522A0913622B09137228C25EC
:10E290009D25AE25BF2582239323A423B523009774
:10E2A000A105B10511F52095309540955095D70100
:10E2B000C60182239323A423B52382179307A407BF
:10E2C000B50741F48FEF82878387848785878687A8
:10E2D00087871BC0BFBEAE014B5C574DC701B6015F
:10E2E0000E947D80BFB6F89410C0BFBE60913C22F2
:10E2F00070913D2280913E2290913F22AE014B5C75
:10E30000574D0E947D80BFB6F894BFBEC801DF9113
:10E31000CF911F910F91FF90EF90DF90CF90BF9022
:10E320009F908F907F906F90089510922D22089566
:10E3300081E080932D22089520E030E082E398E090
:10E34000289FF001299FF00D389FF00D1124ED5307
:10E35000F74D8081882321F486899789892B39F0AC
:10E360002F5F3F4F2630310549F72FEF3FEFC901AF
:10E370000895AC0120E030E0F901EE0FFF1FE151FC
:10E38000F64A80819181892B29F45183408320E0D2
:10E3900030E007C02F5F3F4F2430310569F72FEF82
:10E3A0003FEFC9010895AC0120E030E0F901EE0F24
:10E3B000FF1FE151F64A808191818417950719F476
:10E3C00020E030E007C02F5F3F4F2430310571F768
:10E3D0002FEF3FEFC9010895DC014FEF5FEF6EE1D2
:10E3E00070E020E030E082E398E0289FF001299F70
:10E3F000F00D389FF00D1124ED53F74D8481958178
:10E400008A179B0769F480818F3051F48689978938
:10E410008617970728F46689778980E18083A901A8
:10E420002F5F3F4F26303105F1F6CA0108959C0158
:10E430008630910510F08FEF089582E398E0289FD1
:10E44000F001299FF00D389FF00D1124ED53F74D89
:10E45000808108959C018630910518F02FEF3FEFE1
:10E4600010C082E398E0289FF001299FF00D389FAB
:10E47000F00D1124ED53F74D80A591A50E94009158
:10E480009C01C90108959C018630910518F02FEF79
:10E490003FEF10C082E398E0289FF001299FF00D24
:10E4A000389FF00D1124ED53F74D80A591A50E94E2
:10E4B00049909C01C9010895A0E0B0E0E2E6F2E7CE
:10E4C0000D94B54D6C01FB01EA0137C080818130AC
:10E4D00041F08130A0F19F012F5F3F4F883029F537
:10E4E00003C03196219729C0018110E07901089479
:10E4F000E11CF11C82E398E09C01C29EC001C39E16
:10E50000900DD29E900D11248352974DB70144E097
:10E5100050E00F94CC4F02501040F701E00FF11F74
:10E520000E5F1F4FC01BD10B08C0818190E0F90125
:10E53000E80FF91F3197C81BD90B209739F6CDB7D3
:10E54000DEB7E8E00D94D14DDF92EF92FF920F938A
:10E550001F93CF93DF937B018A01FA01D68422E3D4
:10E5600038E0829FE001839FD00D929FD00D11244F
:10E57000CD53D74D88A599A50E941F918E159F0553
:10E5800024F4EE24EA94FE2C27C0ED2DF0E0EF7089
:10E59000F070EE0FFF1FEE0FFF1F3E96E00FF11F12
:10E5A000248588A599A5F801468550E04F705070E4
:10E5B000440F551F440F551F30E0207F30703595B4
:10E5C000279535952795420F531F425F5F4F400FA8
:10E5D000511FB7010E94B891C701CDB7DEB7E7E080
:10E5E0000D94D24DA0E0B0E0E8EFF2E70D94B34D0A
:10E5F000FC019EE0A92EB12CAE0EBF1E8685C82F51
:10E60000D0E0CF70D070CC0FDD1FCC0FDD1F2E9669
:10E61000CE0FDF1FEE24FF2482E398E0E89E600126
:10E62000E99ED00CF89ED00C112483EC98E2C80E21
:10E63000D91EF6018081882379F189E194E0E89E72
:10E64000F001E99EF00DF89EF00D1124EE0FFF1F72
:10E65000EB53F74D00811181888199810E94869644
:10E6600008171907C9F4F601048115818A819B8175
:10E670000E9486960817190779F4F60126813781DA
:10E6800040855185F50184859585A685B785281730
:10E6900039074A075B0759F00894E11CF11CF6E0C2
:10E6A000EF16F10409F0B8CFEE24EA94FE2CC7016E
:10E6B000CDB7DEB7EAE00D94CF4DA0E0B0E0E3E6E1
:10E6C000F3E70D94B14DEC016EE0862E912C880E8F
:10E6D000991EEE8431DE5C018FEFA8168FEFB8062D
:10E6E00009F495C0FF249FE0E922FF24EE0CFF1CF3
:10E6F000EE0CFF1CEEE0F0E0EE0EFF1EEC0EFD1E39
:10E70000F701808191810E9486969C0189E194E0C5
:10E71000A89EF001A99EF00DB89EF00D1124EE0FF9
:10E72000FF1FEB53F74D31832083F70182819381E3
:10E730000E9486969C0182E398E0A89E6001A99EB3
:10E74000D00CB89ED00C112486010D53174DF80142
:10E7500035832483F40184859585A685B785F801E2
:10E7600086839783A087B187F7016481758186814D
:10E7700097810E948C966095709580959095F80190
:10E780006287738784879587F701648175818681A5
:10E7900097810E948C969B01AC01F80126873787F0
:10E7A000408B518B11828EE190E0978B868B128E7D
:10E7B000138E148E158E6AE070E080E090E00E9467
:10E7C0008C969B01AC01F801268F378F40A351A393
:10E7D00080A591A50E940091F701868597850E94EA
:10E7E0008696F801938B828B158A148A2696C60129
:10E7F0008B51974DBE0146E050E00F94CC4FF8018D
:10E8000080A591A50E940091F801118E108EC5017E
:10E81000CDB7DEB7ECE00D94CD4D2F923F924F92E5
:10E820005F926F927F928F929F92AF92BF92DF9290
:10E83000EF92FF920F931F93DF93CF9300D00F922D
:10E84000CDB7DEB71C01D62E2A0179014801C801D7
:10E8500082969C838B830A5E1F4F82E398E0289EFA
:10E860003001299E700C389E700C1124E3ECAE2E02
:10E87000E8E2BE2EA60CB71CF50186819781A08523
:10E88000B185F401868B978BA08FB18F8091342254
:10E8900090913522A0913622B0913722F8018483DD
:10E8A0009583A683B783108686E08187CA01849604
:10E8B0009A8389830E948696F80193878287F5015F
:10E8C000848195810E948696F40193A382A389E1B5
:10E8D00094E0289EF001299EF00D389EF00D112441
:10E8E000EE0FFF1FEB53F74D808191810E948696BA
:10E8F000EB81FC8193838283F50162857385848536
:10E9000095850E948C969B01AC01EB81FC81248350
:10E91000358346835783F50166857785808991899C
:10E920000E948C969B01AC01EB81FC812087318792
:10E930004287538780E98487D586C7010E948696DF
:10E94000EB81FC8197878687118A108A138A128A45
:10E95000F501668D778D80A191A10E948C966F5FE5
:10E960007F4F8F4F9F4F0E948C969B01AC01F5010A
:10E97000268F378F40A351A3C401C69660E070E094
:10E9800040E150E00F94E64FF5018081813039F588
:10E9900082E0EB81FC81848B84E0858B868B178AF7
:10E9A000F501828D938DA48DB58D0097A105B105DC
:10E9B000B9F188E0EB81FC81808F8AE0818FB3011F
:10E9C0006F51774DC401CC9644E050E00F94CC4F8A
:10E9D000B3016352774D8B819C814E961DC0F5012A
:10E9E000828D938DA48DB58D0097A105B105C1F0E1
:10E9F00088E0EB81FC81848B8AE0858BB3016F51C9
:10EA0000774DC401C89644E050E00F94CC4FB30159
:10EA10006352774DC401CC9644E050E00F94CC4F44
:10EA200080E390E0480E591EC4014696B2010E9450
:10EA3000098B0E948696EB81FC81918B808B82E30F
:10EA400098E0289E7001299EF00C389EF00C11244D
:10EA5000F701ED53F74D668177818085918546E01A
:10EA600029813A8184010E942082C7018B51974DF0
:10EA7000B4010E942C7EC2014696B4010E94957E8C
:10EA80000F900F900F900F90CF91DF911F910F91EA
:10EA9000FF90EF90DF90BF90AF909F908F907F900E
:10EAA0006F905F904F903F902F900895AAE5B0E04F
:10EAB000ECE5F5E70D94B14D5B016C014A013CDCDE
:10EAC0007C018FEFE8168FEFF80609F412C1209150
:10EAD00038223091392240913A2250913B22809144
:10EAE000342290913522A0913622B09137228A2586
:10EAF0009B25AC25BD2582239323A423B523009712
:10EB0000A105B10581F52095309540955095D60128
:10EB1000C50182239323A423B52382179307A40757
:10EB2000B50799F482E398E0E89EF001E99EF00DC4
:10EB3000F89EF00D1124ED53F74D8FEF82A383A3C0
:10EB400084A385A386A387A326C082E398E0E89EDA
:10EB5000A001E99E500DF89E500D11244B51574DC8
:10EB6000C601B50113C060913C2270913D22809195
:10EB70003E2290913F2222E338E0E29EA001E39EF4
:10EB8000500DF29E500D11244B51574D0E947D8027
:10EB9000019709F4ABC00E946E7ECE0101960E94DF
:10EBA000F46182E398E0E89E8001E99E100DF89EF2
:10EBB000100D11240D53174D81E0F80180838A81D7
:10EBC000298190E080959095820F911D9583848393
:10EBD00089E194E0E89EF001E99EF00DF89EF00DC9
:10EBE0001124EE0FFF1FEB53F74D91828082F80145
:10EBF000A682B782C086D18687E899EAABECBDEEE3
:10EC000082879387A487B58716861786108A118A0C
:10EC100011828EE190E0978B868B80A591A50E9452
:10EC20000091F801138A128A158A148A80A591A589
:10EC30000E94499020E038E0281B390BC70162E0B0
:10EC400040E050E08E010B5E1F4FE7DD0E94477EE3
:10EC50000E9443628C01FFEF8F3F9F0709F446C07B
:10EC600064EF71E041E00E941F620E946E7E82E3C9
:10EC700098E0E89EF001E99EF00DF89EF00D112459
:10EC8000ED53F74D8081803199F4C8010E940562EF
:10EC9000892B71F0C8010E948E5FC70160E140E0DE
:10ECA00050E020E038E08E010B5E1F4FB6DD1CC047
:10ECB000C8010E940562892BA9F482E398E0E89ECE
:10ECC000F001E99EF00DF89EF00D1124ED53F74D83
:10ECD000178A168A1082C8010E948E5FEE24EA9479
:10ECE000FE2C02C0D4D7C1CFD2D703C0EE24EA9401
:10ECF000FE2CC701C65ADF4FECE00D94CD4DA6E4C3
:10ED0000B0E0E5E8F6E70D94B64D7C0186E0E81644
:10ED1000F104B0F582E398E0E89E8001E99E100DD1
:10ED2000F89E100D11240D53174DF80180A591A5E3
:10ED30000E944990892B21F1D1D7F80180A591A596
:10ED40000E94B790D82EF80180818031B9F480A557
:10ED500091A50E944990892B89F4F80180A591A57D
:10ED60000E94499020E038E0281B390BC70160E180
:10ED700040E050E08E010F5F1F4F4FDD88D701C08C
:10ED8000DD248D2DCA5BDF4FE7E00D94D24DA6E464
:10ED9000B0E0EDECF6E70D94B34D6C017B015A0148
:10EDA0008630910520F0EE24EA94FE2C70C082E3B8
:10EDB00098E0C89E8001C99E100DD89E100D1124A8
:10EDC0000D53174DF80180A591A50E944990892BFC
:10EDD00019F4EE24FF245BC081D7F80180A591A52A
:10EDE0000E944990E816F90644F4F80180A591A51F
:10EDF000B701A5010E94399122C0F80180A591A513
:10EE00000E9449908C01EE24FF2416C082E398E012
:10EE1000C89EF001C99EF00DD89EF00D1124ED534F
:10EE2000F74D80A591A50E94B790F501EE0DFF1D4D
:10EE300080830894E11CF11CE016F1063CF382E3A8
:10EE400098E0C89E8001C99E100DD89E100D112417
:10EE50000D53174DF80180818031C1F480A591A533
:10EE60000E944990805094408CF4F80180A591A5AF
:10EE70000E94499020E038E0281B390BC60160E170
:10EE800040E050E08E010F5F1F4FC7DC00D7C70185
:10EE9000CA5BDF4FEAE00D94CF4DA6E4B4E0E3E5B2
:10EEA000F7E70D94AB4D2C013B01180186E04816A5
:10EEB000510408F0D7C082E398E0489EF001499ED3
:10EEC000F00D589EF00D1124ED53F74D80818031E7
:10EED00009F0C8C0222349F0213009F0C3C0DE0187
:10EEE000A95BBF4F882499241AC0DE01A95BBF4FDC
:10EEF0008824992408C0FA01E80DF91D80818D93BA
:10EF00000894811C911C86149704ACF30BC0FA0181
:10EF1000E80DF91DE491ED930894811C911C861471
:10EF20009704ACF3DBD682E398E0489E7001499EDB
:10EF3000F00C589EF00C1124E3ECF8E2EE0EFF1EEC
:10EF4000F70180A591A50E944990C12CB8E0DB2E65
:10EF50009601281B390BC20168E1A3015E010894E8
:10EF6000A11CB11C850159DCF70180A591A50E9467
:10EF70004990C81AD90AC20160E140E050E0960108
:10EF80004CDCF70182859385A485B5855401CC249A
:10EF9000B7FCC094DC2C8A0D9B1DAC1DBD1D828767
:10EFA0009387A487B587758A648A71D60E94436265
:10EFB0008C01FFEF8F3F9F0709F454C01214130414
:10EFC0001CF06CE070E007C083E02816310434F4D4
:10EFD000C80168EC70E041E00E941F627FD6C80162
:10EFE0000E940562892B39F5C8010E948E5F82E379
:10EFF00098E0489EF001499EF00D589EF00D1124B6
:10F00000ED53F74D82859385A485B5858A199B09B3
:10F01000AC09BD0982879387A487B5878091BB28F7
:10F020009091BC2801969093BC288093BB286624BD
:10F030006A94762C15C082E398E0489EF001499EC0
:10F04000F00D589EF00D1124ED53F74D84899589EC
:10F05000892B21F4C8010E948E5F02C018D6BECF52
:10F0600016D603C066246A94762CC301CA5BDB4FB4
:10F07000E2E10D94C74DA6E4B0E0E1E4F8E70D94B9
:10F08000B54D6C0186E0C816D10408F0A2C082E339
:10F0900098E0C89EF001C99EF00DD89EF00D112495
:10F0A000ED53F74D8081803109F093C00E94436297
:10F0B0008C019FEF0F3F190709F48BC0C80168EC62
:10F0C00070E041E00E941F6282E398E0C89E7001F8
:10F0D000C99EF00CD89EF00C1124E3ECF8E2EE0E81
:10F0E000FF1EF70181818823F9F4C8010E9405629F
:10F0F000892BD1F0C8010E948E5FF0D5F70180A561
:10F1000091A50E94499020E038E0281B390BC601E8
:10F1100061E140E050E08E010F5F1F4F7EDBF701A1
:10F1200080818131C0F01AC0C8010E940562892B1C
:10F1300059F682E398E0C89EF001C99EF00DD89E72
:10F14000F00D1124ED53F74D178A168A1082C8016D
:10F150000E948E5F3EC081E7F701808398D50E94B0
:10F1600043628C01FFEF8F3F9F0799F168EC70E0DD
:10F1700041E00E941F62B2D582E398E0C89EF00190
:10F18000C99EF00DD89EF00D1124ED53F74D8081EE
:10F19000882329F4C8010E940562892B99F4C801CB
:10F1A0000E940562892B99F482E398E0C89EF001E1
:10F1B000C99EF00DD89EF00D1124ED53F74D178A1E
:10F1C000168A1082C8010E948E5F61D502C05FD589
:10F1D000D2CFCA5BDF4FE8E00D94D14DA4E0B0E0A0
:10F1E000E4EFF8E70D94AC4D3C015B015A83498391
:10F1F000522E8630910508F076C082E398E0689E32
:10F20000F001699EF00D789EF00D1124ED53F74D3D
:10F210008081803109F067C0CB0160E074E00F9419
:10F22000764D7B01C980DA80882499241C821B8258
:10F230001EC081E0851508F45FC0C30160E074E082
:10F24000432D542D252D0B811C8127DE8F5F9F4F71
:10F2500039F48B819C8101969C838B83039749F7BA
:10F260000894811C911CE0E0F4E0CE0EDF1E8E14A9
:10F270009F042CF43C2C4D2C1C821B82DACF8B81FA
:10F280009C81039771F1C5019370892B31F1C50100
:10F2900060E074E00F94764D6C017401FE2CEE2456
:10F2A000FF0CFF0CE981FA81EE0EFF1E1C821B820F
:10F2B000F1E0F51500F1C301B601A701252D0B8181
:10F2C0001C81EBDD8F5F9F4F41F48B819C81019608
:10F2D0009C838B83039729F0EBCFEB81FC813397E1
:10F2E00029F4C301C8DEAA24AA94BA2CC501249625
:10F2F000E1E10D94C84DFFCFFFCFA6E4B0E0E3E815
:10F30000F9E70D94B54D80912D22813009F05EC052
:10F31000CC24DD2482E398E0C89E7001C99EF00CE5
:10F32000D89EF00C112483EC98E2E80EF91EF70148
:10F3300086899789892BA1F18081882389F1868923
:10F3400097890197978B868B868997890A97B9F455
:10F3500080A591A50E94499020E038E0281B390B38
:10F36000C60161E140E050E08E010F5F1F4F55DAAA
:10F37000F7018081813110F581E780831FC0F7019B
:10F3800086899789892BD1F4C60164E040E050E07A
:10F3900020E030E08E010F5F1F4F3FDAF7010BC016
:10F3A00082E398E0C89EF001C99EF00DD89EF00D52
:10F3B0001124ED53F74D178A168A10820894C11C48
:10F3C000D11CF6E0CF16D10409F0A4CFCA5BDF4F01
:10F3D000E8E00D94D14DA0E0B0E0E1EFF9E70D9445
:10F3E000AB4D1B01EB012E96FB018685882E9924DF
:10F3F000FFE08F229924880C991C880C991C8EE0C0
:10F4000090E0880E991E860E971ECB01EBD83C012A
:10F41000F401858583718587FFEF6F16FFEF7F0607
:10F4200059F4F401828193810E9486960E94D371DF
:10F430008F5F9F4F09F4A0C3F4018485082F10E06B
:10F44000007F10701595079515950795045110408C
:10F450008585823009F070C0C1012FD96C01FFEFA2
:10F460008F3F9F0709F488C382E398E0C89EE001BC
:10F47000C99ED00DD89ED00D1124CD53D74D6E818D
:10F480007F81888599854C815D810E946EB9882332
:10F4900009F419C3B4016C5E7F4FC601A8010CD8F2
:10F4A0008881813110F481E08883F4018685978515
:10F4B0000E9486969C0182E398E0C89EE001C99E66
:10F4C000D00DD89ED00D1124CD53D74D3B8B2A8B18
:10F4D0008E859F85A889B9890196A11DB11D8E874A
:10F4E0009F87A88BB98BC60162E140E050E020E025
:10F4F00038E0810192D98A859B85AC85BD850196CE
:10F50000A11DB11D8A879B87AC87BD87888181310A
:10F5100010F484E0888382E398E0C89EF001C99EDD
:10F52000F00DD89EF00D1124ED53F74D11828EE1B0
:10F5300090E0978B868B20C3FFEF6F16FFEF7F065F
:10F5400009F41AC382E398E0689EF001699EF00D09
:10F55000789EF00D1124ED53F74D8081813120F418
:10F560008EE190E0978B868BB4016C5E7F4FC30178
:10F57000A8010E945C72F4018585823109F048C0BF
:10F5800060857185828593850E948C969B01AC0174
:10F5900082E398E0689EE001699ED00D789ED00DD0
:10F5A0001124CD53D74D2A873B874C875D87F401C3
:10F5B00064817581868197810E948C969B01AC0144
:10F5C0002E873F87488B598B8E859F85A889B9895F
:10F5D0000196A11DB11D8E879F87A88BB98BF40161
:10F5E000868597850E9486969B8B8A8B8881803141
:10F5F00010F480E1888382E398E0689EF001699EC0
:10F60000F00D789EF00D1124ED53F74D1182B4C228
:10F610008A819B810E94038BF4014485F101268538
:10F6200030E02F703070220F331F220F331F50E055
:10F63000407F507055954795559547952C01421A36
:10F64000530A441A550A5201CC24DD2482E398E07F
:10F65000689EE001699ED00D789ED00D1124CD5397
:10F66000D74D88A599A50E941F91AA2797FDA0951F
:10F67000BA2F8A159B05AC05BD050CF47DC2A114FB
:10F68000B104C104D10409F444C1EE84FF840889A3
:10F690001989F40164817581868197810E948C9615
:10F6A000E616F7060807190709F0A2C0C301B20160
:10F6B000A1010E94A4728F5F9F4F79F0F4016481D1
:10F6C0007581868197810E948C966A0D7B1D8C1DA9
:10F6D0009D1D6E877F87888B998B82E398E0689E5B
:10F6E000F001699EF00D789EF00D1124ED53F74D59
:10F6F000008CF18DE02D309711F0C301199582E354
:10F7000098E0689EE001699ED00D789ED00D11248E
:10F71000CD53D74D88A599A50E944990412C48E02A
:10F72000542E9201281B390BC30160E140E050E0E8
:10F73000810173D88091F9599091FA5986159705EE
:10F7400009F051C06091F7597091F8596115710530
:10F7500009F449C08E859F85A889B9899B0140E03D
:10F7600050E0820F931FA41FB51FE090FB59F0904B
:10F77000FC590091FD591091FE592E0D3F1D401F5F
:10F78000511F82179307A407B50721F588A599A5EE
:10F790004FEF59E50E94B8918091FB599091FC5927
:10F7A000A091FD59B091FE59A80EB91ECA1EDB1ECC
:10F7B000AE86BF86C88AD98A88A599A50E94499035
:10F7C000481A590AC30160E140E050E0920181010A
:10F7D00024D809C08091BD289091BE2801969093AD
:10F7E000BE288093BD281092F8591092F75991C005
:10F7F000EE84FF8408891989F4016481758186810A
:10F8000097810E948C96EA0CFB1C0C1D1D1DA60EF8
:10F81000B71EC81ED91EAE14BF04C006D10650F5CF
:10F82000CE84DF84E888F988F40184819581A681FB
:10F83000B7818E879F87A88BB98B88A599A50E94D1
:10F84000499020E038E0281B390BC30160E140E01B
:10F8500050E081010E940D74CE86DF86E88AF98A25
:10F860008091BF289091C02801969093C0288093E2
:10F87000BF284FC08091F7599091F859892B09F012
:10F880003FC0F4018485F101068510E00F7010700F
:10F89000000F111F000F111F90E0807F9070959551
:10F8A000879595958795080F191F025F1F4FF401E3
:10F8B00064817581868197810E948C966093FB5943
:10F8C0007093FC598093FD599093FE597092FA59A8
:10F8D0006092F959020D131D8FEF99E5B801A2014D
:10F8E0000F94CC4F5092F8594092F7598091C1280B
:10F8F0009091C22801969093C2288093C12809C094
:10F900008091BD289091BE2801969093BE28809347
:10F91000BD28F4018585813009F098C082E398E024
:10F92000689EE001699ED00D789ED00D1124CD53C4
:10F93000D74D8881823701F56481758186819781F1
:10F940000E948C966F5F7F4F8F4F9F4F6E877F8790
:10F95000888B998B88A599A50E94499020E038E072
:10F96000281B390BC30160E140E050E081010E9497
:10F970000D741F8A1E8A188282E398E0689EE00157
:10F98000699ED00D789ED00D1124CD53D74D88811E
:10F99000813711F5F40164817581868197810E9418
:10F9A0008C966F5F7F4F8F4F9F4F6E877F87888BBF
:10F9B000998B88A599A50E94499020E038E0281BE2
:10F9C000390BC30160E140E050E081010E940D74F9
:10F9D0001F8A1E8A188223C08881803101F5F401B4
:10F9E00060857185828593850E948C966F5F7F4FBD
:10F9F0008F4F9F4F6A877B878C879D8788A599A5A6
:10FA00000E94499020E038E0281B390BC30161E1D6
:10FA100040E050E081010E940D7482E7888382E318
:10FA200098E0689EF001699EF00D789EF00D11241B
:10FA3000ED53F74D82859385A485B5850196A11D6B
:10FA4000B11D82879387A487B58796C0F401858509
:10FA5000813109F05FC082E398E0689EE001699E11
:10FA6000D00D789ED00D1124CD53D74D888181378C
:10FA700071F564817581868197810E948C966F5F94
:10FA80007F4F8F4F9F4F6E877F87888B998BF401B5
:10FA900060857185828593850E948C969B01AC015F
:10FAA0002A873B874C875D8788A599A50E94499046
:10FAB00020E038E0281B390BC30160E140E050E052
:10FAC00081010E940D741F8A1E8A188255C0888188
:10FAD000803109F051C0F40164817581868197817C
:10FAE0000E948C966F5F7F4F8F4F9F4F6E877F87EF
:10FAF000888B998B88A599A50E94499020E038E0D1
:10FB0000281B390BC30161E140E050E081010E94F4
:10FB10000D741DC0F4018585803171F582E398E094
:10FB2000689EE001699ED00D789ED00D1124CD53C2
:10FB3000D74D8881843021F48FE0888319821CC0DE
:10FB40008881823709F4BFCF8881813719F482E731
:10FB5000888312C0EA84FB840C851D85F4016085CE
:10FB60007185828593850E948C96E616F7060807B4
:10FB7000190711F41D8A1C8ACDB7DEB7E2E10D9496
:10FB8000C74DEF92FF920F931F93CF93DF938DE7B3
:10FB900099E762E00E9465621092F8591092F75955
:10FBA000EFEFF9E502C08DEC81938DE5EF3FF807AB
:10FBB000D1F702C085E581938EE5E730F807D1F7EC
:10FBC00081E080932D22C0E0D0E082E398E0C89FDE
:10FBD0008001C99F100DD89F100D11248DEEE82EC5
:10FBE00088E2F82EE00EF11EC70160E078E00E9486
:10FBF0001D900D53174DF80191A780A7178A168AFB
:10FC00001082CE0138DAF70120E030E08CED8193EC
:10FC10002F5F3F4F88E020303807C1F782E398E03C
:10FC2000C89FF001C99FF00DD89FF00D1124E3513A
:10FC3000FF4C20E030E085E581932F5F3F4F283077
:10FC40003105C9F72196C630D10509F0BECFCDB731
:10FC5000DEB7E6E00D94D34DAC01FB0188E090E007
:10FC600095878487DB0120E030E0F901E25DFD4DFE
:10FC7000808116968C931697FA01E20FF31F80810C
:10FC80008D932F5F3F4F2630310579F708951F93ED
:10FC900080910B5E813069F41FB7F89482E0809305
:10FCA0000B5E84E090E00E94CA5D0E9498711FBFC5
:10FCB00013C08091075E9091085EA091095EB0919B
:10FCC0000A5E0196A11DB11D8093075E9093085EA8
:10FCD000A093095EB0930A5E1F9108951F938091CF
:10FCE0000B5E823069F41FB7F89481E080930B5E5D
:10FCF0000E94957184E090E00E94265E1FBF13C0B1
:10FD00008091075E9091085EA091095EB0910A5EB5
:10FD10000196A11DB11D8093075E9093085EA0938C
:10FD2000095EB0930A5E1F910895EF92FF920F93C0
:10FD30001F9320910C5E30910D5E40910E5E5091AC
:10FD40000F5E2F5F3F4F4F4F5F4F20930C5E3093FE
:10FD50000D5E40930E5E50930F5E7C010027F7FC12
:10FD60000095102F2091105E3091115E4091125E2F
:10FD70005091135E2E0D3F1D401F511F2093105EAA
:10FD80003093115E4093125E5093135E0E9401689F
:10FD90001F910F91FF90EF900895AEEEB5E0E3ED67
:10FDA000FEE70D94BB4D0E9451688EE292E20E94E4
:10FDB000BC678EEE95E0BE016F5F7F4F0E940F69BA
:10FDC000892BB9F784E090E060E070E04BEF5EE7EC
:10FDD0000E94D95D81E080930B5E1092075E1092C5
:10FDE000085E1092095E10920A5E51DFC251DA4F2E
:10FDF000E2E00D94D74DAEEEB5E0E1E0FFE70D9403
:10FE0000B74D8EEE95E07E010894E11CF11CB70120
:10FE10000E940F698C01009709F43EC080910C5E2E
:10FE200090910D5EA0910E5EB0910F5E0196A11DA6
:10FE3000B11D80930C5E90930D5EA0930E5EB09307
:10FE40000F5E9801442737FD4095542F8091105E36
:10FE50009091115EA091125EB091135E820F931F7C
:10FE6000A41FB51F8093105E9093115EA093125E45
:10FE7000B093135E8D859E850E94869628E0803023
:10FE8000920739F08650984039F4C801B7019FD0E5
:10FE900003C0C801B70127D3C251DA4FE6E00D9481
:10FEA000D34DEEE1FEE58081882311F081508083FF
:10FEB0003B968EE5EA34F807B1F708950F931F9348
:10FEC000CF93DF93EC0189018430910514F080E039
:10FED00033C08BE090E0C89F9001C99F300DD89F40
:10FEE000300D1124F901EC5EF14A80819181A281EB
:10FEF000B381FB0180839183A283B383D901A85E80
:10FF0000B14A20E030E0FA01E20FF31F8D918083C7
:10FF10002F5F3F4F26303105B1F78BE090E0C89F4F
:10FF2000F001C99FF00DD89FF00D1124EC5EF14A4D
:10FF30008285F801808381E0DF91CF911F910F913D
:10FF400008950F931F93CF93DF93DC01162F072F94
:10FF50008DB79EB740970FB6F8949EBF0FBE8DBF6A
:10FF6000EDB7FEB73196CDB7DEB76983718380ED0B
:10FF700090E0938382838C918483158211968C9177
:10FF800011978683178212968C911297808711861B
:10FF900013968C9113978287138614968C911497DD
:10FFA0008487158615968C91868717860F941E5127
:10FFB0008DB79EB740960FB6F8949EBF0FBE8DBF0B
:10FFC000812F902FDF91CF911F910F910895EF9284
:10FFD000FF920F931F93CF93DF937C018B01EB0173
:10FFE0002E968E819F810E9486968130910521F008
:10FFF000029709F07DC05AC0288D398D4A8D5B8DDE
:020000021000EC
:100000008091342290913522A0913622B0913722EE
:10001000281739074A075B0709F06AC082E090E0B9
:100020000E9486969F838E8388858A8B89858B8B99
:100030008A858C8B8B858D8B8C858E8B8D858F8B1C
:1000400080912E22888780912F228987809130226B
:100050008A87809131228B87809132228C87809190
:1000600033228D878E859F85A889B989888F998F3E
:10007000AA8FBB8F8091342290913522A091362295
:10008000B09137228E879F87A88BB98BF801AEE29B
:10009000B2E2868180838D918683319682E2A43399
:1000A000B807B9F7C701B80140DE22C0E4E1FEE5B8
:1000B00020813181428153818E859F85A889B989AC
:1000C000281739074A075B0771F48EE18287888514
:1000D0008483898585838A8586838B8587838C85C0
:1000E00080878D8581873B968EE5E034F80701F7A0
:1000F000CDB7DEB7E6E00D94D34DA0E0B0E0E3E885
:10010000F0E80D94AD4D6B017C013A014DB65EB641
:10011000E4E1FEE520E030E08285882309F180817A
:100120009181A281B3818C159D05AE05BF05C1F4F7
:100130008BE090E0289FD001299FB00D389FB00D33
:100140001124A85EB14A20E030E0F301E20FF31F72
:100150008D9180832F5F3F4F26303105B1F7D3C09B
:100160002F5F3F4F3B9624303105B1F6EEE1FEE5BF
:1001700020E030E08081882389F48BE090E0289FA4
:10018000F001299FF00D389FF00D1124EC5EF14A2B
:10019000C082D182E282F382490108C02F5F3F4FC3
:1001A0003B962430310531F7882499248DB79EB7CA
:1001B0008A970FB6F8949EBF0FBE8DBFADB6BEB680
:1001C0000894A11CB11C0DB71EB7015F1F4F81E041
:1001D00090E00E948696F8019183808380E098E009
:1001E0000E948696F8019383828386E0848384E06C
:1001F000858381E090E00E948696F801978386834C
:10020000128A138A148A158A168A178AC08ED18E8A
:10021000E28EF38E80912E22808780912F2281871B
:10022000809130228287809131228387809132228F
:100230008487809133228587809134229091352262
:10024000A0913622B091372286879787A08BB18BF9
:10025000AEE2B2E2F5018FEF80838D918683319615
:1002600082E2A433B807B9F786E098E00E94869648
:10027000F501958784878AE290E0B50156DD0E94FA
:100280004362082F90E064E670E041E00E941F6244
:100290008BE090E0889E9001899E300D989E300DF5
:1002A0001124F901EC5EF14A82858823A1F0D9017D
:1002B000A85EB14A20E030E0F301E20FF31F8D9118
:1002C00080832F5F3F4F26303105B1F7802F90E0BC
:1002D0000E948E5F18C0802F90E00E940562892BDB
:1002E00039F4802F90E00E948E5F21E030E00DC055
:1002F000802F90E00E940562C29751F68AE290E05A
:10030000B50113DDC5CF20E030E0C9010FB6F89488
:100310005EBE0FBE4DBE2096E0E10D94C94D109219
:100320001E5E1092295E1092345E10923F5E81E54F
:100330009FE762E00C9465620F931F93142F052FC3
:100340002DB73EB72C5030400FB6F8943EBF0FBECD
:100350002DBFEDB7FEB73196ADB7BEB711964C9332
:1003600051832EEE30E033832283648315827683BB
:10037000178280871186928713860F941E512DB79E
:100380003EB7245F3F4F0FB6F8943EBF0FBE2DBF60
:10039000812F902F1F910F910895A0E0B0E0E3ED21
:1003A000F1E80D94AF4D3C010F944B504C01C0E06F
:1003B000D0E0AA24BB24CC24DD24760122C0830112
:1003C0000C0F1D1FC8010F94E74E9C01F80180819E
:1003D0008E3221F40894A11CB11C05C021963196DF
:1003E000C815D905A0F3FE2CED2CDC2CCC24C901BA
:1003F000AA2797FDA095BA2FC82AD92AEA2AFB2A4C
:100400002196C815D90528F083E0A816B10469F42F
:1004100005C084E0A816B10490F207C0C701B60178
:100420000E948C969B01AC0104C020E030E040E0CB
:1004300050E0B901CA01CDB7DEB7EEE00D94CB4D67
:100440009F92AF92BF92CF92DF92EF92FF920F9363
:100450001F935B016C01942EC9017801025F1F4F4D
:1004600025E4F7012687F801118244960E948696BA
:10047000F801938382838CEA9DE19583848380E4F1
:1004800090E09783868380E4808791861386128626
:100490008091342290913522A0913622B09137225A
:1004A00084879587A687B787A08AB18AC28AD38AAC
:1004B000F701668570E06F707070660F771F660FCA
:1004C000771FC8010E94098B0E948696F8019387C6
:1004D00082871F910F91FF90EF90DF90CF90BF9098
:1004E000AF909F900895CF93DF93EC01FB013E9670
:1004F00081858630C9F0813161F1813069F52089CB
:100500003189428953898091342290913522A0917A
:100510003622B0913722281739074A075B07E1F4E2
:10052000CE010E94B66D18C0208931894289538955
:100530008091342290913522A0913622B0913722B9
:10054000281739074A075B0739F4CE010E94EB7977
:1005500003C0CE010E94C36FDF91CF9108951F9316
:10056000CF93DF93182FE901A0E0B0E0FE01EA0F7E
:10057000FB1F80818F3F69F0CD010196FE01E80FDE
:10058000F91F2081DC011196A20FB11DA036B10523
:100590006CF3153389F0163330F4123321F1133331
:1005A00009F0B1C020C0173309F454C01733A8F0C4
:1005B0001D3309F0A8C06AC0FE01EA0FFB1F1083BB
:1005C000CD010196FE01E80FF91F21E0208301967D
:1005D000FE01E80FF91F408394C0FE01EA0FFB1FE4
:1005E00086E3808304C0FE01EA0FFB1F10839D0198
:1005F0002F5F3F4FFE01E20FF31F84E080832F5FE8
:100600003F4FFE01E20FF31F40832F5F3F4FFE017C
:10061000E20FF31FBB2777FDBA95A72F962F852FE3
:1006200080832F5F3F4FFE01E20FF31FCB01BB27FB
:1006300097FDB095AB2F80832F5F3F4FFE01E20FF8
:10064000F31F872FBB2787FDB0959B2FAB2F808390
:10065000D90158C0FE01EA0FFB1F1083CD0101969E
:10066000FE01E80FF91F33E030830196FE01E80F29
:10067000F91F21E020830196FE01E80FF91F308366
:100680000196FE01E80FF91F26E03AC0FE01EA0FCD
:10069000FB1F1083CD010196FE01E80FF91F27E033
:1006A00020830196FE01E80FF91F21E020830196C7
:1006B000FE01E80FF91F20912E2220830196FE01F2
:1006C000E80FF91F20912F2220830196FE01E80FE9
:1006D000F91F2091302220830196FE01E80FF91FB7
:1006E0002091312220830196FE01E80FF91F20910D
:1006F000322220830196FE01E80FF91F2091332258
:100700002083DC011196CA0FDB1F8FEF88839D01C8
:100710002F5F3F4FC901DF91CF911F910895CF9374
:10072000DF93EC0181E08883898386E08A831B82E2
:10073000CE01049660E372E244E050E00F94CC4FA7
:10074000198618861B861A861C861D861E861F869D
:10075000188A198A1A8A1B8A1C8A1D8A1E8A1F8A6D
:10076000188E198E1A8E1B8E80912E228C8F80915E
:100770002F228D8F809130228E8F809131228F8F0A
:100780008091322288A38091332289A3FE01BC96F6
:1007900080E090E01192019680349105D9F7FE0136
:1007A000E459FF4F80E090E0119201968038910566
:1007B000D9F7C451DF4F83E692E8A3E5B3E6888317
:1007C0009983AA83BB83CC5ED040FE01E051FF4FEA
:1007D00080E090E01192019680369105D9F7C051E2
:1007E000DF4F8FEF8883DF91CF910895A0E0B0E0D5
:1007F000ECEFF3E80D94AC4D7B019C0158E0452EE5
:10080000512C480E591E44E0642E712C680E791E3E
:100810009CE0892E912C820E931E84E1A82EB12C8F
:10082000A20EB31EB0E1CB2ED12CC20ED31E20E0FF
:1008300030E03324F701E20FF31FE081EF3F09F4CA
:1008400059C0E9012196E630F9F0E73030F4E130A3
:1008500059F0E33009F041C00FC0E533A9F1E633A8
:1008600059F1E333D1F520C08E010F5F1F4FB7015F
:10087000600F711FC2010FC08E010F5F1F4FB701C4
:10088000600F711FC30107C08E010F5F1F4FB701BB
:10089000600F711FC40144E050E00F94CC4FCE0DA7
:1008A000DF1D8881980120C08E010F5F1F4FB701A7
:1008B000600F711FC501EFCF8E010F5F1F4FB70192
:1008C000600F711FC601E7CFF701EC0FFD1F3180EC
:1008D0009E012F5F3F4F808107C0F701EC0FFD1F86
:1008E00080819E012F5F3F4F280F311D203631053B
:1008F0000CF4A0CF832DCDB7DEB7E1E10D94C84D48
:10090000A0E0B0E0E6E8F4E80D94B34D5C018B01A3
:100910007A01CB0104DF60EFC62ED12CC00ED11EB0
:1009200085E343E050E060E070E0960118DED70117
:1009300050964D915D916D917C91539786E3960110
:100940000EDEF701448955896689778983E396012C
:1009500006DED7014D915D916D917C9182E3960108
:10096000FEDD8DE340E050E060E070E09601F7DDF1
:1009700087E340E050E060E070E09601F0DDC50103
:1009800060E571E0A8010E946B700E944362EC0177
:10099000BFEF8F3F9B07F9F068EE73E041E00E94E4
:1009A0001F62C5010E942A6E809751F4CE010E94F9
:1009B0008E5FC701B6011ADF282F853039F10EC0CE
:1009C000CE010E940562892B61F7CE010E948E5FE5
:1009D000C5010E947F6E2FEF3FEF4BC000D00F92FA
:1009E000EDB7FEB7319686E191E0ADB7BEB712968E
:1009F0009C938E931197228313820F94FC502FEFB8
:100A00003FEF0F900F900F900F9033C0F701808150
:100A10009181A281B3818093342290933522A09357
:100A20003622B093372280859185A285B385809345
:100A3000382290933922A0933A22B0933B228481AA
:100A40009581A681B78180933C2290933D22A0930B
:100A50003E22B0933F2284859585A685B7858093F5
:100A6000402290934122A0934222B093432220E05F
:100A700030E0C901CDB7DEB7EAE00D94CF4DA0E07C
:100A8000B0E0E5E4F5E80D94B14D5C01162F072FB9
:100A9000942E852EC62ED72E862F972F40DE70EFF0
:100AA000E72EF12CEC0CFD1C85E341E050E060E00A
:100AB00070E0970154DD83E34FEF5FEF6FE070E08C
:100AC00097014DDD8DE340E050E060E070E097017C
:100AD00046DD87E340E050E060E070E097013FDDF5
:100AE000C50160E571E0412F502F0E946B700E949C
:100AF00043628C018FEF0F3F180711F1C80168EEB8
:100B000073E041E00E941F62C5010E942A6E809737
:100B100061F4C92DD82DC8010E948E5FCE01B701A6
:100B200065DE282F823039F10EC0C8010E940562AF
:100B3000892B51F7C8010E948E5FC5010E947F6E0C
:100B40002FEF3FEF26C000D00F92EDB7FEB73196E2
:100B50008AEF90E0ADB7BEB712969C938E93119733
:100B6000228313820F94FC502FEF3FEF0F900F90D2
:100B70000F900F900EC0F60180899189A289B389E8
:100B800088839983AA83BB83C5010E945F6E20E09E
:100B900030E0C901CDB7DEB7ECE00D94CD4D4F92FA
:100BA0005F927F928F929F92AF92BF92CF92DF928D
:100BB000EF92FF920F931F93DF93CF93CDB7DEB7E2
:100BC0004DB65EB6C0903422D0903522E0903622E9
:100BD000F090372210923422109235221092362251
:100BE000109237228DB79EB748970FB6F8949EBFE4
:100BF0000FBE8DBF0196882E792E8DB79EB780557A
:100C000091400FB6F8949EBF0FBE8DBFEDB7FEB7F3
:100C10003196AE2E9F2E6FEF7FEF8FEF9FEF43E465
:100C200050E020E531E08F010E94D0708C019FEFF1
:100C30000F3F1907E1F0EAE0BE2EC8016A2D792DB9
:100C4000482D572D1CDFBB2031F0BA9421F08F5F67
:100C50009F4F99F303C08F5F9F4F49F0C8016A2DE2
:100C6000792D482D572D4CDE8F5F9F4F59F4C09240
:100C70003422D0923522E0923622F09237222FEFA2
:100C80003FEF05C0C8010E947F6E20E030E0C9013F
:100C90000FB6F8945EBE0FBE4DBECF91DF911F918F
:100CA0000F91FF90EF90DF90CF90BF90AF909F900B
:100CB0008F907F905F904F900895A2E6B0E0E3E6BA
:100CC000F6E80D94AF4D6B017C018A0139010F925A
:100CD0000F928CEE91E0EDB7FEB7928381830F9473
:100CE000FC500F900F90C114D104E104F10489F479
:100CF0000115110509F4FEC0C8013CD16B017C014E
:100D00006F3FFFEF7F07FFEF8F07FFEF9F0709F4AC
:100D1000F1C053E3A52EB12CAC0EBD1EB601C70128
:100D20004BE750E020E330E085010E94D0704C0199
:100D30008FEF88168FEF980609F4DCC0B601C70163
:100D4000AE014B5E5F4FF8DA00D00F922CEC31E031
:100D5000EDB7FEB732832183948383830F94FC50D5
:100D60000F900F900F900F90C50160E070E040E38E
:100D700050E00F94E64F8BE18BABC40160E370E071
:100D8000A5010E946B700F920F9285EB91E0EDB779
:100D9000FEB7928381830F94FC500F900F900E94B6
:100DA00043625C01FFEF8F3F9F0709F4A3C06CED26
:100DB00075E041E00E941F620F920F9282EA91E07B
:100DC000EDB7FEB7928381830F94FC500F900F9084
:100DD000C4010E942A6E809709F064C0C5010E9478
:100DE0000562892B09F45EC0C4010E94456EC0975C
:100DF0000CF453C0FE01E55AFF4FE080FF2400E0F1
:100E000010E01E2D0027FF24EE24FE01E45AFF4FC0
:100E1000808190E0A0E0B0E0DC0199278827E82AF3
:100E2000F92A0A2B1B2BFE01E25AFF4F808190E02A
:100E3000A0E0B0E0E82AF92A0A2B1B2BFE01E35AB6
:100E4000FF4F808190E0A0E0B0E0BA2FA92F982F4B
:100E50008827E82AF92A0A2B1B2B6E010894C11C4B
:100E6000D11CC6010E94F461E88AF98A0A8B1B8BA7
:100E70007B866A86C6010E94A75FC6010E94E36165
:100E80000F920F928EE891E0EDB7FEB792838183C7
:100E90000F94FC5000E010E017C00F920F928FE605
:100EA00091E00AC0C5010E940562892B09F090CF2C
:100EB0000F920F928CE491E0EDB7FEB7928381839D
:100EC0000F94FC500FEF1FEF0F900F90C5010E9481
:100ED0008E5FC4010E947F6E0F920F9282E391E0B9
:100EE000EDB7FEB7928381830F94FC5098010F9069
:100EF0000F9002C02FEF3FEFC901CE59DF4FEEE058
:100F00000D94CB4DEF92FF920F931F93CF93DF93EE
:100F10008C017B010F944B50BC0161507040D70194
:100F2000A80FB91FE801C60FD71F40E050E00EC060
:100F300028812E3221F44C9340E050E003C02C93E2
:100F40004F5F5F4F6150704011972197FB013196C1
:100F500077FFEECFEE0DFF1D4083E80EF91EF7017F
:100F600011829C012F5F3F4FC901CDB7DEB7E6E08C
:100F70000D94D34DA0E0B0E0E0ECF7E80D94AD4D5A
:100F80008C014DB65EB62DB73EB7225D30400FB630
:100F9000F8943EBF0FBE2DBF8DB69EB60894811C3F
:100FA000911C64018DEC9AE1F4019183808380E0CF
:100FB00091E00E948696F4019383828381E090E021
:100FC0000E948696F4019583848317821682118687
:100FD000108613861286B401645F7F4FC80192DFCA
:100FE0007C01F401E80FF91F158681E086871786DA
:100FF000808B609140227091412280914222909199
:10100000432245E350E022ED30E084010E94D0709D
:101010005C01FFEF8F3F9F0709F45AC095E0692EEE
:10102000712C6E0C7F1C21E130E0E20EF31EC50135
:10103000B701A4010E946B700E9443628C013FEFD4
:101040008F3F930709F444C068EC70E041E00E94D0
:101050001F62C5010E942A6E809779F4C8010E9420
:101060008E5FC5010E947F6EF60182819381CBD293
:101070008F709070892B69F02BC0C8010E940562A7
:10108000892B39F7C8010E948E5FC5010E947F6ECF
:101090001FC08CE0E82EF12CEC0CFD1C8701060D26
:1010A000171DF80182819381AED2019759F0F801A2
:1010B00082859385A8D22CE030E0620E731E680E04
:1010C000791EECCFF801248535854685578504C007
:1010D0002FEF3FEF4FEF5FEFB901CA010FB6F89462
:1010E0005EBE0FBE4DBE2096E0E10D94C94DA0E45A
:1010F000B0E0EDE7F8E80D94B94DBC018E010F5F4B
:101100001F4FC8010F945F4FC80134DFC05CDF4F31
:10111000E4E00D94D54DA4E3B0E0E1E9F8E80D94E6
:10112000B74D8BE194E015D48F5F9F4F71F08E0126
:101130000B5E1F4F87E194E0B801EAD5C8016EE26B
:1011400072E24CE050E00E9441960E94CD7E0E94E7
:101150003668ADB7BEB750970FB6F894BEBF0FBE96
:10116000ADBFEDB7FEB731962BEC33E012963C9352
:101170002E9311979383828380912E2284831582EC
:1011800080912F228683178280913022808711865A
:10119000809131228287138680913222848715863E
:1011A00080913322868717860F94FC50EDB7FEB7E7
:1011B00070960FB6F894FEBF0FBEEDBF0E94D168C7
:1011C0000F920F928EEB93E0ADB7BEB712969C9341
:1011D0008E9311970F94FC500F900F900E94C86847
:1011E0008823E1F70F920F9280EB93E0EDB7FEB703
:1011F000928381830F94FC500F900F9090D80F92A0
:101200000F9287E993E0ADB7BEB712969C938E9389
:1012100011970F94FC500F900F900E94CB6E0F927D
:101220000F928DE693E0EDB7FEB7928381830F9422
:10123000FC500F900F900E94C17D0F920F9282E49C
:1012400093E0ADB7BEB712969C938E9311970F940F
:10125000FC500F900F908DE393E07BD38F5F9F4FF7
:10126000F9F40F920F9286E492E0EDB7FEB7928305
:1012700081830F94FC500F900F9091DC892B59F4CF
:101280000F920F9284E192E0ADB7BEB712969C9395
:101290008E9311972DC00F920F9289E292E024C095
:1012A0008E010B5E1F4F88E393E0B80131D5C80172
:1012B00065E373E00F94564F892B09F05BC00F92E2
:1012C0000F9286E492E0ADB7BEB712969C938E93D0
:1012D00011970F94FC500F900F9061DC892B69F4EB
:1012E0000F920F9284E192E0EDB7FEB79283818373
:1012F0000F94FC500F900F908DC00F920F9289E2C7
:1013000092E0ADB7BEB712969C938E9311970F944F
:10131000FC500F900F9083E092E0B801F9D4C8011F
:101320003CD8609334227093352280933622909378
:10133000372286E092E0B801EBD4C8012ED8609342
:1013400038227093392280933A2290933B228FE087
:1013500092E0B801DDD4C80120D860933C2270939C
:101360003D2280933E2290933F228BE092E0B80191
:10137000CFD445C083E092E0B801CAD48F5F9F4FBD
:1013800051F0C8010AD860933422709335228093BB
:101390003622909337228E010B5E1F4F86E092E03B
:1013A000B801B6D48F5F9F4F59F0C8010E94CD811C
:1013B000609338227093392280933A2290933B2293
:1013C0008E010B5E1F4F8FE092E0B801A1D48F5FBA
:1013D0009F4F59F0C8010E94CD8160933C227093C9
:1013E0003D2280933E2290933F228E010B5E1F4F41
:1013F0008BE092E0B8018CD48F5F9F4F59F0C80109
:101400000E94CD81609340227093412280934222BA
:10141000909343226091342270913522809136223C
:101420009091372225E1E22EF12CEC0EFD1EA70152
:101430000E949C8100D00F9222E233E0ADB7BEB78C
:1014400012963C932E93119714969C938E93139718
:101450000F94FC500F900F900F900F9060913822D6
:101460007091392280913A2290913B22A7010E94EB
:101470009C8100D00F922FE033E0EDB7FEB73283AE
:101480002183948383830F94FC500F900F900F90CF
:101490000F9060913C2270913D2280913E2290916C
:1014A0003F22A7010E949C8100D00F922CEF32E0D6
:1014B000ADB7BEB712963C932E93119714969C939A
:1014C0008E9313970F94FC500F900F900F900F90E6
:1014D000609140227091412280914222909143225A
:1014E000A7010E949C8100D00F9229EE32E0EDB757
:1014F000FEB732832183948383830F94FC500F9033
:101500000F900F900F9085EE92E0B70101D48F5F9E
:101510009F4F09F471C0C70162EE72E00F94564FFD
:10152000892B09F069C00F920F928EEB92E0ADB754
:10153000BEB712969C938E9311970F94FC500F9008
:101540000F9086EB92E0B701E3D38F5F9F4F09F4D2
:1015500047C0C7010F94E74E8C018CEA92E0B701B7
:10156000D7D3C7010E94CD81A7019801A6DB892BA3
:1015700061F5CE0101960E94F4612C813B814A8184
:101580005981EDB7FEB73A970FB6F894FEBF0FBE7C
:10159000EDBF31968FE892E0ADB7BEB712969C933F
:1015A0008E93119722831382348315824683178288
:1015B000508711860F94FC50EDB7FEB73A960FB6E0
:1015C000F894FEBF0FBEEDBF17C00F920F928DE7CC
:1015D00092E0ADB7BEB712969C938E93119708C058
:1015E0000F920F928BE692E0EDB7FEB79283818364
:1015F0000F94FC500F900F9082E00E94C469E49613
:10160000E6E00D94D34D9C01232732272327C901FF
:101610000895CF93DF93EC0120E030E040E050E00C
:1016200013C0888199812296F82FE0E0DF01A90F8D
:10163000B11DCD0180959095A0E0B0E0280F391F35
:101640004A1F5B1F625070406230710554F7613071
:10165000710551F4988180E080959095A0E0B0E00C
:10166000280F391F4A1F5B1FCA01AA27BB274070DA
:101670005070820F931FA41FB51F9D01442755274B
:10168000A070B070280F391F4A1F5B1F4070507048
:10169000C901DF91CF91089584E492E2909370A400
:1016A00080936FA4909372A4809371A4909374A478
:1016B000809373A48FEF8093406080E49EE59093C5
:1016C0004460809343601092466010924560089594
:1016D000809140608230C9F480914560909146606D
:1016E000892B79F0809141609091426060914560D2
:1016F00070914660409143605091446020E00E94A8
:10170000EE7810924660109245600895FF920F9314
:101710001F93182F062FF72EDBDF10934060802FCA
:101720009F2D90934260809341601092466010928A
:1017300045601F910F91FF9008950F931F938C01A7
:10174000C7DF80E490E6B80147E050E00F94CC4F4B
:101750001F910F9108950F931F938C01B9DFC8015A
:1017600060E470E647E050E00F94CC4F1F910F917A
:10177000089580914060813019F0823019F510C0D1
:1017800080914160909142600E94F16318161906A1
:10179000CCF480914160909142600E94DF630FC061
:1017A00080914160909142600E9443721816190620
:1017B0004CF480914160909142600E947F76282F86
:1017C00030E002C02FEF3FEFC90108951F93182F9B
:1017D00080914060813019F0823009F508C0809115
:1017E000416090914260612F0E94CE6318C0809149
:1017F0004560909146608050924009F469DF809185
:10180000456090914660E0914360F0914460E80F3C
:10181000F91F10830196909346608093456080E0A5
:1018200090E01F91089590934860809347600895D9
:101830000F931F93CF93DF93809154229091552261
:101840008F5F9F4F19F4CFEFDFEF15C0009153600A
:1018500010915460C0E0D0E00BC080915222909172
:1018600053228C0F9D1F0F945753882321F02196EC
:10187000C017D10794F3CE01DF91CF911F910F9143
:101880000895AEE1B0E0E7E4FCE80D94B14D4C0101
:10189000CFDF5C01CC24DD244CC00894E11CF11C9A
:1018A0008091522290915322800F911F0F94575391
:1018B000FE01EE0DFF1D81838D3311F0882361F44D
:1018C000CE010196E80EF91EF7011082B4010F94C3
:1018D0003B50892BE9F434C00F5F1F4F0A151B05DD
:1018E000E4F216C08091522290915322800F911FF2
:1018F0000F9457538D3079F080915222909153225A
:10190000800F911F0F945753882329F00F5F1F4FAB
:101910000A151B053CF38091522290915322800FAF
:10192000911F0F945753882369F068010894C11CD4
:10193000D11CCA14DB0434F48601EE24FF24B0CF9A
:10194000960102C02FEF3FEFC9016E96ECE00D94B7
:10195000CD4DA0E0B0E0EFEAFCE80D94B54D7C0180
:10196000CDB6DEB60F94664F01962DB73EB7281B55
:10197000390B0FB6F8943EBF0FBE2DBF0DB71EB783
:101980000F5F1F4FC801B7010F945F4FC80179DF88
:101990000FB6F894DEBE0FBECDBE2096E8E00D94E3
:1019A000D14DA0E0B0E0E7EDFCE80D94B34D6C0143
:1019B0008091476090914860019709F457C038DFE3
:1019C0005C01C6015EDFEC018FEFCF3FD80719F451
:1019D0002FEF3FEF4DC000E010E08DE0F82E11C07A
:1019E00080915222909153228C0F9D1F0F94575338
:1019F000F82E8DE0F81641F0FF2031F00F5F1F4FF9
:101A00002196CA15DB0564F3C6013BDFEC018DE0CE
:101A1000F81611F578010894E11CF11C15C000912D
:101A200052221091532280915222909153228E0D76
:101A30009F1D8C0F9D1F0F945753682FCE01800F51
:101A4000911F0F945F532196CA15DB0544F38091D3
:101A500052229091532205C080915222909153229C
:101A600001978C0F9D1F60E00F945F5321E030E0E1
:101A7000C901CDB7DEB7EAE00D94CF4DA0E0B0E0EC
:101A8000E4E4FDE80D94B54D7C01CDB6DEB60F94CF
:101A9000664F01962DB73EB7281B390B0FB6F89449
:101AA0003EBF0FBE2DBF0DB71EB70F5F1F4FC80142
:101AB000B7010F945F4FC80174DF0FB6F894DEBE14
:101AC0000FBECDBE2096E8E00D94D14DA0E0B0E071
:101AD000ECE6FDE80D94B54D7C016B01D2DE8F5F25
:101AE0009F4F19F02FEF3FEF5DC0809147609091BD
:101AF0004860019709F454C09BDEEC01009751F057
:101B000080915222909153228C0F9D1F21966DE05F
:101B10000F945F5300E010E00FC08091522290912B
:101B200053228C0F9D1FE901F701E00FF11F608127
:101B30000F945F530F5F1F4FC7010F944B509E01CF
:101B40002F5F3F4F0817190740F380915222909161
:101B5000532289018C0F9D1F6DE30F945F53C0E0EA
:101B6000D0E00FC08091522290915322800F911F9C
:101B70000F5F1F4FF601EC0FFD1F60810F945F5345
:101B80002196C6010F944B50C817D90758F380917E
:101B9000522290915322800F911F60E00F945F5367
:101BA00021E030E0C901CDB7DEB7E8E00D94D14DBA
:101BB0000F931F93CF93DF93EC018B0162DE8F5F56
:101BC0009F4F11F0CE01EDDECE01B8017FDF81E045
:101BD00090E0DF91CF911F910F910895A0E0B0E0C8
:101BE000E4EFFDE80D94B34D7C016B01ADB6BEB6DC
:101BF0000F94664F01962DB73EB7281B390B0FB6D1
:101C0000F8943EBF0FBE2DBF0DB71EB70F5F1F4F1D
:101C1000C801B7010F945F4FC801B601C9DF0FB605
:101C2000F894BEBE0FBEADBE2096EAE00D94CF4D37
:101C3000AEE1B0E0EEE1FEE80D94B14D6C014B0178
:101C4000F7DD5C01C6011DDE8C018FEF0F3F180729
:101C500009F457C0EE24FF241AC0809152229091BB
:101C60005322800F911F0F945753FE01EE0DFF1D5D
:101C700081838D3311F0882329F4EC0EFD1EF701CA
:101C8000118208C00894E11CF11C0F5F1F4F0A1558
:101C90001B051CF38091522290915322800F911FBB
:101CA0000F9457538D3369F5CE010196B6010F9409
:101CB0003B50892B31F578010894E11CF11C00E0C0
:101CC00010E015C080915222909153228E0D9F1DDD
:101CD0000F945753F401E00FF11F80838D3051F0C2
:101CE000882341F00F5F1F4F0894E11CF11CEA1498
:101CF000FB0444F3080D191DF801108221E030E0C7
:101D000002C02FEF3FEFC9016E96ECE00D94CD4D70
:101D1000A0E0B0E0EEE8FEE80D94B34D7C016B016D
:101D2000ADB6BEB60F94664F01962DB73EB7281BD1
:101D3000390B0FB6F8943EBF0FBE2DBF0DB71EB7BF
:101D40000F5F1F4FC801B7010F945F4FC801B60165
:101D50006FDF0FB6F894BEBE0FBEADBE2096EAE0B0
:101D60000D94CF4DCF93DF9389E490E66FE174E05B
:101D70004AE050E00F94374F83EF9FE09093546018
:101D800080935360C0E0D0E0FE01E75BFF49CE01E5
:101D900060810F945F532196CC30D105A9F78DE077
:101DA00090E09093532280935222809152229091FE
:101DB000532260E00F945F53DF91CF9108950F930A
:101DC0001F93CF93DF9334DD8C0120915222309109
:101DD00053228DB79EB708970FB6F8949EBF0FBEDB
:101DE0008DBFEDB7FEB7319681E394E0ADB7BEB7D6
:101DF00012969C938E9311978091536090915460AA
:101E00009383828315830483378326830F94FC5046
:101E1000C0E0D0E0EDB7FEB738960FB6F894FEBF3D
:101E20000FBEEDBF4DC080915222909153228C0F76
:101E30009D1F0F945753863279F4809152229091CE
:101E400053228C0F9D1F0F9457538D30C1F1219653
:101E5000C017D10794F333C080915222909153223E
:101E60008C0F9D1F0F94575300D00F92EDB7FEB704
:101E700031962EE234E0ADB7BEB712963C932E9366
:101E80001197828313820F94FC508091522290917B
:101E900053220F900F900F900F908C0F9D1F0F9457
:101EA00057538D3061F40F920F928CE294E0EDB7AE
:101EB000FEB7928381830F94FC500F900F90219670
:101EC000C017D1070CF4AFCF0F920F9289E294E0C4
:101ED000ADB7BEB712969C938E9311970F94FC509A
:101EE0000F900F90DF91CF911F910F910895A0E275
:101EF000B0E0EDE7FFE80D94B94D00E010E089E4B3
:101F000090E6B8014AE050E00F94475389E490E628
:101F100060E072E24AE050E00F94BF4F892BA9F4D1
:101F200089E490E6B8014CE050E00F9447531093D9
:101F300055220093542280915422909155220D965F
:101F4000909353228093522206C00F5F1F4F2FE0C1
:101F5000033F1207A1F680915422909155228F5F82
:101F60009F4F19F42FEF3FEF1EC086E794E08E01DC
:101F70000F5F1F4FB801CCDE8F5F9F4F91F0C801FC
:101F800062E774E00F94564F892B29F41092486051
:101F90001092476006C081E090E090934860809383
:101FA000476020E030E0C901A096E4E00D94D54DF3
:101FB0009EDF8F5F9F4F11F4D5DE99CF08958091FA
:101FC0006E00887F80936E0080916F00897F809380
:101FD0006F008091C1008F718093C1008091C90012
:101FE0008F718093C9008091BC008A7F8093BC0070
:101FF00088E10FB6F89480936000109260000FBEE5
:102000002CE088E190E00FB6F894A89580936000EA
:102010000FBE20936000FFCF80915560882361F44C
:1020200081E080935560E6E5F0E6118210823B96F0
:1020300081E6E630F807C9F70895AC01E6E5F0E679
:1020400020E030E080819181892BC9F48BE090E021
:10205000289FF001299FF00D389FF00D1124EA5AB6
:10206000FF495183408373836283178216821582EE
:102070001482118610868FEF8287F90108C02F5FC6
:102080003F4F3B9620313105E9F6EFEFFFEFCF01EF
:1020900008959C01803191058CF48BE090E0289F9D
:1020A000F001299FF00D389FF00D1124EA5AFF49E5
:1020B00082858F3F19F42085318502C02FEF3FEFD5
:1020C000C9010895AC01803191050CF04CC08BE042
:1020D00090E0489FD001499FB00D589FB00D11244A
:1020E000AA5ABF491A968C911A978F3FE1F5189614
:1020F0002D913C91199712968D919C9113972817C9
:10210000390788F5ED91FC91119714968D919C916A
:102110001597E80FF91F608314968D919C91159780
:10212000019615969C938E93149712962D913C913F
:1021300013978217930721F415961C921E921497F9
:102140008BE090E0489FF001499FF00D589FF00D03
:102150001124EA5AFF4980859185019691878087ED
:1021600020E030E002C02FEF3FEFC9010895AC013D
:10217000803191050CF041C08BE090E0489FD00188
:10218000499FB00D589FB00D1124AA5ABF491A9605
:102190008C911A978F3F89F518968D919C9119977C
:1021A000892B59F116968D919C911797ED91FC9181
:1021B0001197E80FF91F6081019617969C938E93F3
:1021C000169712962D913C9113978217930721F43D
:1021D00017961C921E9216978BE090E0489FF00194
:1021E000499FF00D589FF00D1124EA5AFF49808550
:1021F000918501979187808701C060E0862F0895BF
:102200009C0180319105BCF48BE090E0289FF001A7
:10221000299FF00D389FF00D1124EA5AFF4982855D
:102220008F3F49F417821682158214821186108618
:1022300020E030E002C02FEF3FEFC90108959C017C
:10224000803191051CF02FEF3FEF11C08BE090E043
:10225000289FF001299FF00D389FF00D1124EA5AB4
:10226000FF492281338180859185281B390BC90163
:102270000895EF92FF920F931F93CF93DF937C010A
:102280008B0180E1E816F1040CF06AC08BE090E06D
:10229000E89EE001E99ED00DF89ED00D1124CA5AA7
:1022A000DF498A858F3F09F05BC08885998586174D
:1022B000970708F457C0EE81FF819B012E0F3F1F47
:1022C0008A819B812817390718F060E070E033C0DD
:1022D000688179816E0F7F1FCA01A8010F94CC4FCE
:1022E0008E819F81800F911F9F838E8327C0DA018B
:1022F000A60FB71F8BE090E0E89EE001E99ED00DAD
:10230000F89ED00D1124CA5ADF49E881F9818E81E7
:102310009F81E80FF91F80818C938E819F810196A8
:102320009F838E832A813B818217930711F41F823A
:102330001E826F5F7F4F60177107CCF28BE090E0D9
:10234000E89EF001E99EF00DF89EF00D1124EA5A86
:10235000FF4980859185801B910B9187808702C002
:102360000FEF1FEFC801CDB7DEB7E6E00D94D34DF8
:10237000EF92FF920F931F93CF93DF937C018B011A
:10238000BA01803191050CF06CC08BE090E0E89EC2
:10239000E001E99ED00DF89ED00D1124CA5ADF4904
:1023A0008A858F3F09F05DC0EA81FB818885998528
:1023B0009F01281B390B2017310708F452C02C81CC
:1023C0003D81C801820F931F8E179F0718F040E0D0
:1023D00050E032C088819981820F931FA8010F9429
:1023E000CC4F8C819D81800F911F9D838C8327C052
:1023F0008BE090E0E89EE001E99ED00DF89ED00DC4
:102400001124CA5ADF49A881B9818C819D81A80F06
:10241000B91FFB01E40FF51F80818C938C819D8196
:1024200001969D838C832A813B818217930711F447
:102430001D821C824F5F5F4F40175107C8F28BE02F
:1024400090E0E89EF001E99EF00DF89EF00D112459
:10245000EA5AFF4980859185800F911F9187808777
:1024600002C00FEF1FEFC801CDB7DEB7E6E00D9455
:10247000D34D0F931F93CF93DF93109268008BB3CC
:102480008BBB10926E0085B385BB10926F0086B334
:1024900086BB1092700087B387BB1092C1008091F9
:1024A000C0008093C0001092C9008091C800809342
:1024B000C80080E88093BC001CBC7894ADDD80E04F
:1024C00090E00E94BC63E8D881E060E070E01ED933
:1024D0000F920F9286EE94E0EDB7FEB79283818360
:1024E0000F94FC5081EE94E0EDB7FEB792838183A8
:1024F0000F94FC50C4E8D4E0EDB7FEB7D283C1839B
:102500000F94FC508AED94E0EDB7FEB7928381837F
:102510000F94FC50EDB7FEB7D283C1830F94FC50EB
:102520000F900F900E94A3620F920F9284ED94E09F
:10253000EDB7FEB7928381830F94FC50EDB7FEB7E1
:10254000D283C1830F94FC500F900F900E94CE69EC
:102550000F920F928BEC94E0EDB7FEB792838183DC
:102560000F94FC50EDB7FEB7D283C1830F94FC509B
:102570000F900F901DDD0F920F9284EC94E0EDB759
:10258000FEB7928381830F94FC50EDB7FEB7D283E0
:10259000C1830F94FC500F900F900E94C55D0F9265
:1025A0000F928DEB94E0EDB7FEB7928381830F9489
:1025B000FC50EDB7FEB7D283C1830F94FC5086EB7D
:1025C00094E0EDB7FEB7928381830F94FC500F9097
:1025D0000F900E94356D8823B1F00F920F92EDB7E6
:1025E000FEB7D283C1830F94FC508BEA94E0EDB721
:1025F000FEB7928381830F94FC500F900F900E943E
:10260000A8A3892B49F00F920F9285E994E0EDB7CA
:10261000FEB79283818306C00F920F92EDB7FEB78B
:10262000D283C1830F94FC500F900F900E94F4A3AB
:102630000F920F9285EA94E0EDB7FEB79283818303
:102640000F94FC5004E814E0EDB7FEB71283018349
:102650000F94FC500F900F909DD20F920F928EE925
:1026600094E0EDB7FEB7928381830F94FC50EDB7F1
:10267000FEB7128301830F94FC500F900F90DF91EF
:10268000CF911F910F910895A0E0B0E0EAE4F3E943
:102690000D94AF4D3C01FB014A018FE32F3F3807FA
:1026A0000CF060C0C901029663E070E00F94764DB3
:1026B000660F771F660F771F6E177F070CF052C0EB
:1026C0007301E90100E010E020E030E0A0E0B0E0BC
:1026D00034C0322F212F102F0027F4018081080FE2
:1026E000111D211D311D219718965801690186E0A1
:1026F000AA0CBB1CCC1CDD1C8A95D1F7B601A50128
:102700000A2E04C076956795579547950A94D2F797
:10271000FA01EF73F070EE5BFA4F8491F701819349
:102720007F011697A730B1054CF7209719F41A16B8
:102730001B0624F30894811C911C209751F69701E5
:102740002619370904C08DE3F70181937F01C90180
:10275000837090702F5F3F4F892BA9F7F70110828C
:10276000930102C020E030E0C901CDB7DEB7EEE052
:102770000D94CB4D6F927F929F92AF92BF92CF926A
:10278000DF92EF92FF920F931F93DF93CF93CDB71A
:10279000DEB7A0970FB6F894DEBF0FBECDBFC82E30
:1027A000992E3B018FEF9FEFFB01918380830E9465
:1027B00043628C01FFEF8F3F9F0709F475C068EEFD
:1027C00073E041E00E941F62EE24FF24AA24BB2490
:1027D00005C0C8010E940562892BB1F08C2D992D8E
:1027E0000E944372181619062CF0C8010E94056257
:1027F000892B79F78C2D992D0E947F76D82EC801D0
:102800000E940562892B21F4C8010E948E5F4CC092
:102810008AE0D81619F3EFE1EE16F10480F4FDE03A
:10282000DF1681F0FE013196DF01AE0DBF1DDC9297
:102830000894E11CF11CEE0DFF1D1082CFCF8DE03E
:10284000D81661F67E010894E11CF11CC70164E30F
:1028500076E047E050E00F942A4F892B31F4CE0107
:102860000A960F94E74E5C0110C0C70163E276E060
:1028700040E150E00F942A4F892B39F4CE01419664
:102880000F94E74EF301918380838981882341F47B
:102890008C2D992D0E947F76C8010E948E5F07C003
:1028A0001982EE24FF249ACFAA24AA94BA2CC50137
:1028B000A0960FB6F894DEBF0FBECDBFCF91DF91CB
:1028C0001F910F91FF90EF90DF90CF90BF90AF904E
:1028D0009F907F906F900895A9E1B0E0E2E7F4E95E
:1028E0000D94B74D8EEA95E00E947788AC01CB013C
:1028F000DA019C01AD012F3F8FEF38078FEF4807BA
:102900008FEF580709F48FC0CA01B90140E550E0C4
:102910000E9456757C01EFEF8F3F9E0709F444C07B
:102920008E010D5F1F4FC8010E94AB8B82E0B70183
:102930000E94868B0F920F9281EC95E0EDB7FEB767
:10294000928381830F94FC5081E296E0EDB7FEB74D
:10295000928381830F94FC5086EC95E0EDB7FEB72F
:10296000928381830F94FC508BE995E0EDB7FEB71D
:10297000928381830F94FC508CE196E0EDB7FEB713
:10298000928381830F94FC500F900F90C8010E9496
:102990009D8BC701BE016F5F7F4FECDE883C9105C8
:1029A00041F0C7010E943B782FEF3FEF4FEF5FEF01
:1029B0003AC01A862BC0C7010E947F7629813A81CE
:1029C000215030403A8329838A3301F5C7010E94A0
:1029D0007F7689819A8101979A8389838E01065F28
:1029E0001F4FC7010E947F76282F89819A81019706
:1029F0009A8389832C3351F0F801208311820F5F71
:102A00001F4FCE0149960817190759F789819A81F6
:102A1000892B89F6C7010E943B78CE010A960E9455
:102A2000CD819B01AC01B901CA016996E6E00D9424
:102A3000D34DA9E4B0E0EFE1F5E90D94AF4D5C01B1
:102A40004B014ADF7B018C018FEFE8168FEFF80610
:102A50008FEF08078FEF180709F494C0C4010E9494
:102A6000BA879B01AC012F3FEFEF3E07EFEF4E0718
:102A7000EFEF5E0709F486C02E153F0540075107AA
:102A800019F420E030E080C09BE9692E95E0792EB2
:102A9000C3010E9477889B01AC012F3FFFEF3F07E6
:102AA000FFEF4F07FFEF5F0709F46CC0CA01B901E0
:102AB00040E550E00E9456756C018FEFC8168FEF0D
:102AC000D80609F45FC083E0E82EF12CEC0EFD1E61
:102AD000C7010E94AB8B82E0B6010E94868BC501C4
:102AE0000F944B509C018E01065F1F4FC80160E49C
:102AF00070E0A501C9DD0F920F9281EC95E0EDB772
:102B0000FEB7928381830F94FC500F920F9283E85B
:102B100095E0EDB7FEB792838183948283820F9410
:102B2000FC500F900F9086EC95E0EDB7FEB79283C6
:102B300081830F94FC50EDB7FEB7728261820F94CF
:102B4000FC500F920F928EEF95E0EDB7FEB7928397
:102B50008183148303830F94FC500F900F900F9088
:102B60000F90C7010E949D8BC601BE016F5F7F4F12
:102B700001DE8C01C6010E943B7820E030E0083C79
:102B8000110511F021E030E0C901C75BDF4FEEE035
:102B90000D94CB4D80E090E0FC01EE0FFF1FEE0F97
:102BA000FF1FE85FFE491182108201968B3091056C
:102BB00099F708959C01E0E0F0E0DF01AA0FBB1F48
:102BC000AA0FBB1FA85FBE498D919C9111978217D8
:102BD0009307B9F08D919C911197892B71F41196FF
:102BE0003C932E93EE0FFF1FEE0FFF1FE65FFE4993
:102BF0007183608320E030E006C03196EB30F10550
:102C0000E1F62FEF3FEFC9010895E0910661F091E1
:102C10000761EE0FFF1FEE0FFF1FE85FFE49808187
:102C20009181892B21F41092076110920661E09145
:102C30000661F0910761EE0FFF1FEE0FFF1FE85FC7
:102C4000FE490190F081E02D1995809106619091E7
:102C50000761019690930761809306610895982F0C
:102C600080538A3068F08153863010F4865F08956F
:102C7000892F8154863010F08FEF0895892F875364
:102C80000895A0E0B0E0E7E4F6E90D94B34D6C01DF
:102C90005B017A01EE0CFF1CC0E0D0E028C0CE152D
:102CA000DF0574F5C0FD0BC0822FD9DFFE01F5955D
:102CB000E795EA0DFB1D8295807F80830EC0CE01D3
:102CC00062E070E00F94764D8B010A0D1B1D822F80
:102CD000C6DFF8019081980F90830894C11CD11C25
:102CE000F60180818A33C9F38D32B9F32196F6015A
:102CF00020812223A1F6CE15DF0511F480E001C06A
:102D00008FEFCDB7DEB7EAE00D94CF4D9C012327BE
:102D100032272327C90108959B01AC01252752279B
:102D20002527342743273427B901CA010895A2E093
:102D3000B0E0EDE9F6E90D94BB4DDC01009781F1BF
:102D40006230710568F1ED91FC911197660F771F64
:102D500080E090E016962D913D914D915C911997F0
:102D6000620F731F841F951F0190F081E02DAE014B
:102D70004F5F5F4F22E030E01995882389F0298169
:102D80003A812115310571F08FEF273F380741F067
:102D9000C9014096079720F08FEF283F380710F0C1
:102DA00020E030E0C9012296E2E00D94D74DA2E088
:102DB000B0E0EDEDF6E90D94AF4D5C01009709F43C
:102DC00049C06230710508F445C0DC0116966D906B
:102DD0007D908D909C901997660F771F7B0100E086
:102DE00010E0E60CF71C081D191DD501ED91FC91B2
:102DF0000190F081E02DC801B701AE014F5F5F4F38
:102E000022E030E01995882329F1C980DA80C114C5
:102E1000D10411F1C60140960897E0F0B8EFCB1647
:102E2000BFEFDB0610F0CC24DD241A821982D50115
:102E3000ED91FC910480F581E02DC801B701AE0150
:102E40004F5F5F4F22E030E01995B601C114D10405
:102E500019F602C080E001C081E02296EEE00D94F8
:102E6000CB4DAAE0B0E0E7E3F7E90D94AB4D3C01B0
:102E70002B01009709F48FC0DC01ED91FC911197B3
:102E8000208131813A8729872480358016968D915B
:102E90009D910D90BC91A02D8D839E83AF83B887AB
:102EA000F30182859385A485B585B695A7959795F9
:102EB00087959C838B834A01CC24DD2442E0A42E99
:102EC000B12C41C0C501880F991F7C0100E010E0C2
:102ED0002D813E814F815885E20EF31E041F151F80
:102EE000C801B701AE014F5F5F4F22E030E0A98516
:102EF000BA85FD011995882309F44DC089819A810D
:102F0000892BF1F4C114D10429F48FEF9FEF9A8338
:102F1000898302C0DA82C982C801B701AE014F5F5E
:102F20005F4F22E030E0F1011995882391F0089479
:102F3000810891088114910411F465010DC06501A7
:102F40000894A11CB11CEB81FC81AE16BF0608F4ED
:102F5000B9CF81149104E1F4F2E04F165104E8F086
:102F6000DA82C982440C551CB20180E090E02D81C8
:102F70003E814F815885620F731F841F951FAE01DC
:102F80004F5F5F4F22E030E0F1011995882329F46B
:102F9000C301B6010CDFCC24DD24C6012A96E2E190
:102FA0000D94C74D80E190E00895CF93DF93EC013D
:102FB0000097C1F062307105A8F06250704080E067
:102FC00090E02889398940E050E00F94434D9B01FF
:102FD000AC018A899B89AC89BD89280F391F4A1F9A
:102FE0005B1F04C020E030E040E050E0B901CA01BE
:102FF000DF91CF910895A6E0B0E0E1E0F8E90D940B
:10300000AB4D2C017A8369835C834B83009709F471
:10301000D4C0672B09F4D1C0452B09F4CEC0DC0124
:10302000D196AD90BD90CD90DC90D49799962D918E
:103030003D914D915C919C97EB81FC81CF01A0E08B
:10304000B0E08A0D9B1DAC1DBD1D281739074A072E
:103050005B0740F4B9016A197B097C836B83672B9A
:1030600009F4AEC0D201ED91FC911197208831880E
:10307000D596ED91FC91D697FE83ED83EF2B71F5FC
:1030800097966D917C9198977E836D83672B39F429
:10309000A114B104C104D10409F492C08EC0A114DA
:1030A000B104C104D104D1F0860175010FC0D20171
:1030B0008D919C916D817E813ADE9E838D83892BDB
:1030C00009F47BC0E618F7080809190931018824BA
:1030D0009924E614F7040805190548F7089421080F
:1030E0003108A220B3200894211C311CEB80FC8005
:1030F000F201C080D180C6016D817E8156DF9B01C7
:10310000AC0181010A191B09E016F10608F48701D8
:10311000D601ED91FC91B50180E090E0620F731F44
:10312000841F951F0190F081E02D49815A819801FB
:103130001995882339F1E01AF10AC801A0E0B0E03E
:10314000F20121A932A943A954A9280F391F4A1F06
:103150005B1FD201D1962D933D934D935C93D497F1
:10316000C8018A0D9B1D8215930598F08D919C9145
:103170006D817E81DCDD9E838D83892B41F4F2019C
:1031800016AA15AA4B815C814E195F091BC0AA249F
:10319000BB24ED81FE81D201D696FC93EE93D597A8
:1031A000E114F10439F069817A81600F711F7A832B
:1031B00069839ECF4B815C8105C04FEF5FEF02C0FA
:1031C00040E050E0CA012696E2E10D94C74DFC01B3
:1031D000009711F480E0089587A190A592AB81AB90
:1031E00014AA13AA81E00895A0E0B0E0EAEFF8E99C
:1031F0000D94B54D8C016A017B01A901D901CD91D6
:10320000DC91119712968D919C911397809613964D
:103210009C938E931297F8018081853E09F4B3C088
:10322000882309F4B0C08BA59CA5ADA5BEA50097C9
:10323000A105B10521F4CBA6DCA6EDA6FEA620973C
:1032400009F4A3C00115110509F49FC0D8019C9190
:10325000992309F49AC01B968C918F3029F5892FF8
:1032600090E08F7390702DE030E0829FA001839FEB
:10327000500D929F500D11244D505040A4E8B2E2E1
:10328000C40FD51F0DC08D91F801E80FF11D80818D
:1032900089934F5F5F4FE2E2A139BE0709F473C023
:1032A0004F31510580F36FC08881882309F04FC0EA
:1032B000B801DE01780130E0F70190819032A1F091
:1032C0009C93F801848583FF08C0F70180818134D5
:1032D00020F08B3510F4905E9C933F5F0894E11CC6
:1032E000F11C1196383041F78881853011F485EE54
:1032F0008883D80118968C91803229F1FE01E30F62
:10330000F11D8EE28083232F2F5FFB019085903289
:10331000C9F0FE01E20FF11D9083D8011C968C913B
:1033200084FF09C0DB0118968C91813420F08B3525
:1033300010F4905E90832F5F6F5F7F4F832F8C5FC1
:10334000281719F7322FFE01E30FF11D1082F80143
:10335000838588A3828D938D9EA38DA3848D958D67
:10336000A68DB78D8FA398A7A9A7BAA78689978995
:103370009AA389A3808D918D9CA38BA381E0DA0110
:1033800014968C9302C081E001C080E0CDB7DEB717
:10339000E8E00D94D14DACE0B0E0E1EDF9E90D9439
:1033A000B14D6C015B01009709F451C061157105C5
:1033B00009F44DC0DB019B96ED90FD900D911C91A1
:1033C0009E97E114F1040105110509F440C0D601EE
:1033D000ED91FC910190F081E02DC801B7014E0103
:1033E0000894811C911CA4012CE030E019958823DD
:1033F00071F185EE8983D601ED91FC910480F58110
:10340000E02DC801B701A4012CE030E01995882314
:10341000F1F08C858F3049F480E290E0A0E0B0E0DC
:10342000E80EF91E0A1F1B1FD2CFD50195966D918C
:103430007C9196976115710531F0C601B8DC20E0EA
:1034400030E0882311F021E030E0822F01C080E0DD
:103450002C96ECE00D94CD4DA6E2B0E0E2E3FAE963
:103460000D94AB4D9EA38DA3892B09F45DC01A82E8
:10347000198280E290E09C838B83ADA1BEA1169659
:103480004D905D906D907C9019971A968D909D90BF
:10349000AD90BC901D9734C0BEEF8B16BFEF9B065E
:1034A000B0E0AB06B0E0BB0628F0BEEF2B2EBFEFBE
:1034B0003B2E01C01401ADA1BEA1ED91FC91028093
:1034C000F381E02DC301B201AE014B5F5F4F20E2FB
:1034D00030E08101AEE9EA2EAAE9FA2E6E010894E5
:1034E000C11CD11C19958823F9F0C101A0E0B0E0FE
:1034F000480E591E6A1E7B1E881A990AAA0ABB0A20
:1035000081149104A104B10439F6EDA1FEA16089F2
:10351000718980E090E029813A8140E050E00F9489
:10352000434D9B01AC0104C020E030E040E050E09E
:10353000B901CA01A696E2E10D94C74DDC01F9017B
:103540004281538120E030E00DC08D919C91119714
:10355000892B29F4808191810196918380832E5F4C
:103560003F4F12962417350780F381E00895A0E1BC
:10357000B0E0EDEBFAE90D94B34D5C0162307105FA
:1035800010F480E021C011DD7B018C016E010894F4
:10359000C11CD11CC60160E070E040E150E00F9416
:1035A000E64FD501ED91FC91119750962D913C91EC
:1035B00051970680F781E02DC801B701A60102ED01
:1035C00017E9EE24FF2419956096EAE00D94CF4D9B
:1035D000A7E2B0E0EEEEFAE90D94AB4D2C017FA32B
:1035E0006EA3009709F48BC06115710509F487C0BB
:1035F000DC016D907C901197F30120883188D19681
:10360000AD90BC90D297D3968D909C90D497CB01DF
:1036100060E070E04FE250E00F94E64FCE0101967B
:1036200060E070E045E050E00F94E64FA114B10473
:1036300009F04DC0D30152962D903C905397569669
:103640008D919C915797281A390A41C0740100E066
:1036500010E0A114B10431F4F30166897789808DFB
:10366000918D03C0C301B501A0DC6E0D7F1D801FCD
:10367000911F1C821B82D301ED91FC9181010819DD
:1036800019090280F381E02DAE014A5F5F4F20E20D
:1036900030E0A4EFEA2EA8E9FA2E6E010894C11CCE
:1036A000D11C1995882359F18B819C81880E991E14
:1036B0008214930480F0C301B50139DB5C018824D6
:1036C0009924009741F4F201A7A0B0A408C08EA1EC
:1036D0009FA19A8389838D81882309F4B7CFD20172
:1036E000D296BC92AE92D197D4969C928E92D3975A
:1036F000EEA1FFA18081882319F081E001C080E064
:10370000A796E2E10D94C74DA3E0B0E0EAE8FBE93B
:103710000D94AB4D2C018B01009709F4ABC0411502
:10372000510509F4A7C0CA010F944B500C966DE0E7
:1037300070E00F94624D862F8F5F8B83D801979630
:103740002D903C9098972114310451F0AA24BB2469
:103750006501EE24FF2487016624772443010BC012
:10376000F201E688F788008D118D6288738884885D
:103770009588570168011A82E614F70408051905AF
:1037800009F04BC02114310409F474C0E114F104B0
:103790000105110571F1C201B101C9DA009741F5C6
:1037A000C201B10141E050E05CDB8C01009709F4FB
:1037B00061C002501040B80180E090E00E5F1F4FE2
:1037C000D20150962D913C91519740E050E00F94DA
:1037D000434D5B016C01F20182899389A489B5890B
:1037E000A80EB91ECA1EDB1EC201B801C0DE45C04C
:1037F0001C01C201B101D9DB7B018C01D2015096C1
:103800008D919C9151973C01882499246E0C7F1CCA
:10381000801E911E570168011A82D201ED91FC9120
:103820000190F081E02DC801B701AE014F5F5F4FFD
:1038300021E030E019958823E9F08981853E11F077
:10384000882379F4BA81BF5FBA83EB81BE17A8F4ED
:1038500080E290E0A0E0B0E0E80EF91E0A1F1B1F16
:103860008BCF80E290E0A0E0B0E0E80EF91E0A1FE6
:103870001B1F7FCFAA24BB246501B501C601239677
:10388000E2E10D94C74DA7E2B0E0E9E4FCE90D9454
:10389000AB4D5C016B01009709F46DC161157105B9
:1038A00009F469C1CE010696BE016F5F7F4FAE017C
:1038B0004E5F5F4F9E012D5F3F4F8E010C5F1F4F8C
:1038C000E5E0EE2EF12CEC0EFD1E0E9448B92E8193
:1038D0003F812C5B3740322F2227330F898190E0C4
:1038E00045E0880F991F4A95E1F7282B392B8A81EB
:1038F00090E0282B392BD60194963C932E939397E6
:103900002C8130E005E0220F331F0A95E1F74B814F
:10391000942F990F990F990F80E0282B392B8D81C7
:10392000869590E0282B392B92963C932E93919775
:10393000D501ED91FC9124803580F60183A494A4F7
:10394000A5A4B6A4EC2C5D2CC6010F944B50F82E08
:1039500090E00C966DE070E00F94764D462E18E0E6
:10396000612E712C6C0E7D1EC30160E270E04BE095
:1039700050E00F94E64FC6016EE270E00F94815064
:10398000FC010097C1F08C010F5F1F4F81818823DC
:1039900091F0C8010F944B50982F9095F90E930118
:1039A000285F3F4F482F843008F043E0C901B80139
:1039B00050E00F94CC4FCE010896F8E0FF15A0F030
:1039C0006E2D752D4F2D50E00F94CC4FD6018C915C
:1039D0008E3221F511968C9111978E3211F4129638
:1039E0008C918823D1F01AC06E2D752D48E050E0DF
:1039F0000F94CC4FF60185A1982F92959F70803A35
:103A000010F4905D01C09F598F708A3010F4805D72
:103A100001C08F599E878F8701C044248885853EC9
:103A200011F485E088878E01085F1F4FCE01439611
:103A300060E070E045E150E00F94E64FD6019096CB
:103A40008C9190978B8B91968D919C919297F80188
:103A5000978B868B93968D919C919497918F808F65
:103A600095968D919C919697938F828F97968D9135
:103A70009D910D90BC91A02D848F958FA68FB78FAF
:103A8000642D70E0B5E0660F771FBA95E1F780E02E
:103A900090E0680D791D8A1D9B1DA80120E230E091
:103AA000F1011995882309F466C00885FE0139964D
:103AB000802F8695079500270795082B8191080F81
:103AC000CE014396E817F90799F7142D4FC0CE01A0
:103AD00008966FEF70E040E250E00F94E64F8DE003
:103AE000189F900111242D5030402C0D3D1D91E068
:103AF000FE013896AF01490F511DD9018C91DA01B1
:103B00008C93892F8F5FE80FF11D10829E5F9B3091
:103B100019F09A3121F402C09EE001C09CE1F90144
:103B20008081882329F09F3118F42F5F3F4FE0CF29
:103B30001887141519F4812F806488878FE08B8B88
:103B40000D8B1C8A1AA21BA2C501B401AE01485FED
:103B50005F4F20E230E0F101199580E290E0A0E0B3
:103B6000B0E0880E991EAA1EBB1E1150112309F049
:103B7000AECF81E001C080E0A796E2E10D94C74D91
:103B8000A0E0B0E0E6ECFDE90D94B34D8C017B01C3
:103B9000EA01009709F441C06115710509F43DC0BF
:103BA000FB0180818823C9F141155105B1F1B42E83
:103BB000AD2EC801BE010CDD882351F0C7016B2D6D
:103BC0007A2D0F943B50892BA1F7C80100DB25C04B
:103BD000F801C080D180CE0160E070E04FE250E09B
:103BE0000F94E64F8B2D9A2DB7014FE150E00F94C3
:103BF0007250C601B801AE0187DD6BA77CA78DA707
:103C00009EA7611571058105910539F0C601BE01B8
:103C10003ADE882319F081E001C080E0CDB7DEB73D
:103C2000EAE00D94CF4DA6E0B0E0E9E1FEE90D94A5
:103C3000AD4D2C015A016B01009709F4D4C0DC0191
:103C400097960D911C919897ED91FC91E088F188E1
:103C50000115110529F0AB82BC82CD82DE821BC02A
:103C6000411551056105710509F4A6C0F4CFF201B3
:103C700080819181B8015BD80097D1F02B813C8184
:103C80004D815E8126193709480959092B833C83E8
:103C90004D835E838C013701882499248B819C811C
:103CA000AD81BE81681679068A069B0600F3A0C026
:103CB00078016B817C818D819E81660D771D881DC9
:103CC000991D6150704080409040A40193010F9471
:103CD000894DD2018D919C91B801A901C2D800975C
:103CE00009F481C00115110521F4F20190A787A301
:103CF0007C01D2019996AD92BD92CD92DC929C97B7
:103D0000A114B104C104D10421F498961C921E920E
:103D10009797F20181919191BF01B5DD882309F454
:103D200062C0A114B104C104D10429F4F20180815C
:103D30009181B7013FC02B813C814D815E8162162C
:103D4000730684069506C0F1D2010D911C910115F0
:103D5000110591F1B2E0EB16F10470F1C801B70161
:103D60000E9497964C018FEF9FEF9A838983D80129
:103D7000ED91FC911197EE0CFF1CB70180E090E0F3
:103D800016962D913D914D915C911997620F731F7D
:103D9000841F951F0480F581E02DAE014F5F5F4FBA
:103DA00022E030E01995882339F08114910421F044
:103DB000C801B4010E94D796F20181A992A9A3A9D2
:103DC000B4A9A816B906CA06DB0658F4D201D196E2
:103DD000AD92BD92CD92DC92D497D6961C921E9253
:103DE000D59781E001C080E02696E0E10D94C94DB1
:103DF00078010115110509F45CCF7BCFA0E0B0E09C
:103E0000E4E0FFE90D94B54DEC016B01009709F476
:103E100044C06115710509F440C089A99AA9ABA9EC
:103E2000BCA9413059F0413018F04230B1F50CC016
:103E3000FB01E080F1800281138113C0FB01E0806F
:103E4000F1800281138109C0FB01E080F1800281D1
:103E5000138189A59AA5ABA5BCA5E80EF91E0A1F7A
:103E60001B1F89A59AA5ABA5BCA58E159F05A0070C
:103E7000B10730F4CE01B801A701D5DE882369F07F
:103E8000E9AAFAAA0BAB1CAB1EAA1DAAF601E08296
:103E9000F1820283138381E001C080E0CDB7DEB7F9
:103EA000E8E00D94D14DA0E0B0E0E9E5FFE90D9424
:103EB000AB4D6C012B011A01009709F40FC161157C
:103EC000710509F40BC14115510509F407C1DC0165
:103ED000D1968D909D90AD90BC90D49799968D91F0
:103EE0009D910D90BC91A02D88159905AA05BB0543
:103EF00008F4F4C0D601ED91FC91119760887188A7
:103F0000D596CD91DC91D697209709F04FC0979622
:103F1000CD91DC9198972097A1F481149104A1048C
:103F2000B10409F0DBC0CF0160E070E041E050E097
:103F30000E943197EC01F60190A787A3009709F43E
:103F4000CDC0D601D196ED90FD900D911C91D497E6
:103F5000E114F1040105110509F528C0E81AF90A70
:103F60000A0B1B0BF60180819181BE010E9497967E
:103F7000009711F0EC0112C0E114F10401051105E4
:103F800009F0ACC0D6018D919C91BE0141E050E09A
:103F90000E943197009709F4A1C0EC01C301A0E091
:103FA000B0E0E816F9060A071B07C0F60894610896
:103FB00071087301E820F9200894611C711C5101FB
:103FC000F60180809180C401BE010E94D5979B01BB
:103FD000AC0183010E191F09A016B10608F4850172
:103FE000D401ED91FC91B70180E090E0620F731F66
:103FF000841F951F0480F581E02DA2019801199579
:10400000882309F443C0A01AB10AC801A0E0B0E0B7
:10401000F60121A932A943A954A9280F391F4A1F23
:104020005B1FD601D1962D933D934D935C93D4970E
:10403000C8018E0D9F1D86159705F8F08D919C91F6
:10404000BE010E949796009711F0EC0114C0A114D4
:10405000B10451F0F60180819181BE0141E050E050
:104060000E943197009731F4D601D6961C921E9289
:10407000D5970CC0EC01EE24FF24F601D6ABC5ABFE
:10408000A114B10419F0400E511E9ACFF60181A976
:1040900092A9A3A9B4A9E1A4F2A403A514A5E816C2
:1040A000F9060A071B07B0F481A792A7A3A7B4A734
:1040B00081919191BF01E7DB882361F4D601D1960C
:1040C000AD90BC90D297AE18BF08F601E1AAF2AA53
:1040D00003AB14ABA1014A195B0902C04FEF5FEFBC
:1040E000CA01CDB7DEB7E2E10D94C74D009711F0DC
:1040F0000D948F4E0895009711F00D948F4E0895F2
:10410000A0E0B0E0E6E8F0EA0D94B54D6C017B016B
:104110000097F9F061157105E1F0FB0180A184FFC2
:1041200018C085E390E00F94E24DEC018C010097FC
:1041300091F00296B7014FE250E00F94CC4FD98234
:10414000C882F70185A196A19AAB89AB1CAA1BAACC
:1041500002C000E010E0C801CDB7DEB7E8E00D9482
:10416000D14DA0E0B0E0E7EBF0EA0D94B54D6C0165
:104170007B01009709F161157105F1F0FB0180A148
:1041800084FD1AC087E390E00F94E24DEC018C01AE
:104190000097A1F00296B7014FE250E00F94CC4F88
:1041A000D982C88219AA1AAA1BAA1CAAF70185A13A
:1041B00096A19EAB8DAB02C000E010E0C801CDB768
:1041C000DEB7E8E00D94D14DACE2B0E0EAEEF0EA03
:1041D0000D94AB4D1C01009709F45BC1DC011496F2
:1041E0008D919C911597892B09F453C116968D9149
:1041F0009C911797892B09F44CC18AE190E00F94A8
:10420000E24D6C019CA78BA7009709F444C160E0C4
:1042100070E04AE150E00F94E64FF60131822082CF
:10422000D10119962D913D914D915C911C9789E09A
:10423000220F331F441F551F8A95D1F72AA33BA392
:104240004CA35DA3CA01B901655F7F4F8F4F9F4F9C
:10425000ED91FC91AE014F5F5F4F29E130E0199580
:10426000882309F41EC1E981FA81FFA3EEA32C8102
:104270003D81FB81F8A74E818F8198859AA789A7F8
:10428000E985FA856C857D854E885F88688C798C98
:10429000411451046104710431F4309709F401C1EF
:1042A0002F01662477246115710509F4FAC0C9014C
:1042B000A0E0B0E08E8F9F8FA8A3B9A380E090E02C
:1042C000242F30E040E050E00F94434D6A8F7B8F05
:1042D0008C8F9D8F830172012E8D3F8D48A159A136
:1042E000E21AF30A040B150BE61AF70A080B190B6E
:1042F0008EA19FA1019729A53AA5B5E0220F331FF2
:10430000BA95E1F7820F931F6EA17FA10F94624DC2
:1043100080E090E0E61AF70A080B190B88A5282F11
:1043200030E040E050E0C801B7010F94894D7901B9
:104330008A0195EFE9169FE0F90690E0090790E001
:10434000190708F4AEC0A5EFEA16AFEFFA06A0E031
:104350000A07A0E01A0720F486E0F101808704C074
:104360008BE0D10118968C93C601029660E070E054
:1043700048E150E00F94E64FEEA1FFA14F01AA24BF
:10438000BB24C301B201A50194010F94434DD60192
:1043900012966D937D938D939C931597C501B401EF
:1043A0002E8D3F8D48A159A10F94434D2AA13BA1C9
:1043B0004CA15DA1260F371F481F591FD601169625
:1043C0002D933D934D935C931997F1018085863031
:1043D00029F064E070E080E090E004C062E070E00A
:1043E00080E090E022E030E040E050E0E20EF31E9A
:1043F000041F151FA80197010F94434DD6011A966B
:104400006D937D938D939C931D97EEA1FFA11F96B5
:10441000FC93EE931E97F8A58F2F90E09C014EA180
:104420005FA1249FC001259F900D349F900D112402
:1044300051969C938E9350976A8D7B8D8C8D9D8D1C
:10444000A50194010F94434DD60116962D913D91EF
:104450004D915C911997620F731F841F951FF60190
:10446000668B778B808F918FA9A5BAA59D0140E0BF
:1044700050E0A5E0220F331F441F551FAA95D1F726
:10448000620F731F841F951F628B738B848B958BB8
:1044900002C01CA61BA68BA59CA5AC96E2E10D94C0
:1044A000C74DC6010F948F4EF4CFA0E0B0E0EBE50E
:1044B000F2EA0D94AE4D3C018B017A01009709F4AC
:1044C00069C06115710509F465C0FB01808188230D
:1044D00009F460C04115510509F45CC08F3211F434
:1044E0000F5F1F4FC70160E070E04FE250E00F9494
:1044F000E64F80E1F70180A35E2CAF2CF8018081AC
:10450000882309F449C0C301B701FADD6C010097A3
:1045100009F440C0C8016FE270E00F94305000977A
:1045200039F0B82EB01A4C010894811C911C2AC095
:10453000C8010F944B50B82E4801880E911C22C020
:10454000852D9A2D0F944B50EC018B2D90E0C817C0
:10455000D907C1F4C801652D7A2DAE010F946450BE
:10456000892B81F4C601C2DD0C0F1D1FF80180816B
:10457000882391F0F70180A184FF0CC08401CC2432
:10458000DD2405C0C601B70123D88823C9F6C601BA
:10459000ADDDB4CF80E001C081E0CDB7DEB7EFE0A4
:1045A0000D94CA4D4F925F926F927F928F929F921D
:1045B000BF92CF92DF92EF92FF920F931F93DF9300
:1045C000CF93CDB7DEB760970FB6F894DEBF0FBEBE
:1045D000CDBF6C014B013A012901B02E009709F4BF
:1045E0009EC06115710509F49AC083E080170CF430
:1045F00096C007FD1DC0602F772767FD709594E07A
:10460000660F771F9A95E1F762547E4F882777FDF2
:104610008095982FAE014F5F5F4F20E130E0F601AB
:104620001995882309F47BC08D81882309F477C00C
:1046300081E190E00F94E24D8C017C01009709F438
:1046400070C060E070E041E150E00F94E64FF80187
:10465000D182C0829382828275826482578246822E
:10466000B7FC59C08D8180872A8530E040E050E05A
:10467000542F432F322F22278B8590E0A0E0B0E00B
:10468000DC0199278827282B392B4A2B5B2B89851E
:1046900090E0A0E0B0E0282B392B4A2B5B2B8C85D7
:1046A00090E0A0E0B0E0B82FAA2799278827282B10
:1046B000392B4A2B5B2B21873287438754872E85E2
:1046C00030E040E050E0542F432F322F22278F85D7
:1046D00090E0A0E0B0E0DC0199278827282B392B57
:1046E0004A2B5B2B8D8590E0A0E0B0E0282B392B86
:1046F0004A2B5B2B888990E0A0E0B0E0B82FAA2776
:1047000099278827282B392B4A2B5B2B258736871F
:104710004787508B06C08FEFF801808702C0EE24D8
:10472000FF24C70160960FB6F894DEBF0FBECDBF61
:10473000CF91DF911F910F91FF90EF90DF90CF907D
:10474000BF909F908F907F906F905F904F90089553
:104750000F93DF93CF93CDB7DEB7AF970FB6F89433
:10476000DEBF0FBECDBF84E99BE666E17CE64AE58D
:104770005CE621EF3CE600E015DF90933561809325
:104780003461892B81F484E99BE666E17CE64AE5A5
:104790005CE621EF3CE60FEF05DF909335618093F7
:1047A0003461892BA1F080913461909135610CDDE9
:1047B0009093376180933661009749F06AE072E226
:1047C000AE014F5F5F4F71DE20E030E002C02FEF9F
:1047D0003FEFC901AF960FB6F894DEBF0FBECDBF55
:1047E000CF91DF910F91089580E090E0FC01EE0FF2
:1047F000FF1FEE0FFF1FE85CFE4911821082019639
:104800008C30910599F708959C01E0E0F0E0DF011C
:10481000AA0FBB1FAA0FBB1FA85CBE498D919C911C
:10482000119782179307B9F08D919C911197892B5D
:1048300071F411963C932E93EE0FFF1FEE0FFF1FA6
:10484000E65CFE497183608320E030E006C031966B
:10485000EC30F105E1F62FEF3FEFC9010895A0E03C
:10486000B0E0E5E3F4EA0D94B34D5C016B01FB01AC
:10487000E080F180C7016DE476E00F94564F892BFC
:1048800051F50F920F928FE396E0EDB7FEB792834A
:1048900081830F94FC50CAE3D1E60F900F9088817A
:1048A0009981009791F00F920F92EDB7FEB7928326
:1048B00081830F94FC508CE396E0EDB7FEB79283B2
:1048C00081830F94FC500F900F902496F1E6CA3626
:1048D000DF0729F723C00AE311E6C0E0D0E0F801C2
:1048E0006081718161157105C9F0C7010F94564F40
:1048F000892B71F4CC0FDD1FCC0FDD1FC85CDE49A6
:10490000E881F981C501B601199520E030E008C0C1
:1049100021960C5F1F4FCC30D10509F72FEF3FEFE9
:10492000C901CDB7DEB7EAE00D94CF4DEF92FF920B
:104930000F931F93CF93DF93EC018B017A010F94B8
:104940004B50BC01F801D183C08340E050E020E02F
:1049500030E0A0E039C0FE01E40FF51F80818D300A
:1049600051F08E3018F4882339F02CC08032C1F019
:10497000823241F503C01082AB0124C0AA2369F43E
:104980001082F901EE0FFF1FE00FF11FCA0101961F
:104990008C0F9D1F9183808305C01082A0E012C000
:1049A000AA2311F0A1E00EC010822F5F3F4FF90142
:1049B000EE0FFF1FE00FF11FCA0101968C0F9D1F24
:1049C000918380834F5F5F4F461757071CF42E1566
:1049D0003F050CF22F5F3F4FC901CDB7DEB7E6E0D0
:1049E0000D94D34DA8E4B0E0E8EFF4EA0D94B94D8E
:1049F000BC018E01075F1F4FC8010F945F4FC801B4
:104A00008E010F5F1F4FB80144E050E08FDFB80107
:104A100026DFC85BDF4FE4E00D94D54DA8E0B0E0A1
:104A2000E4E1F5EA0D94B94D8E010F5F1F4FB80117
:104A300044E050E07BDFB80112DF2896E4E00D94FB
:104A4000D54DA7E0B0E0E7E2F5EA0D94BB4D8091CB
:104A5000B2719091B3712FEF8F3F9207C9F580E546
:104A600090E00E94EC719C019093B3718093B271BD
:104A70008FEF2F3F380709F4DCC081E080936A7123
:104A80001092AD711092AC7110926A6110926961CE
:104A90001092686110926F7110926E7110926B712A
:104AA00082E398E0289FF001299FF00D389FF00DD8
:104AB0001124ED53F74D86819781A085B1858093B0
:104AC000AE719093AF71A093B071B093B171B1C05A
:104AD0000E941772803159F08FEF9FEF9093B3715E
:104AE0008093B27110926A7110926B71A2C0809122
:104AF0006A71813009F068C05CC08091B271909198
:104B0000B3710E947F76282F8A3009F452C0309109
:104B10006B71332391F4E091AC71F091AD71DF01D1
:104B2000A859BE4912968C933196F093AD71E093DB
:104B3000AC71E859FE49128209C08091AC71909124
:104B4000AD7101969093AD718093AC712D3089F564
:104B50003323F1F48AE691E665EC76E043E050E039
:104B60000F942A4F892B39F481E080936B7188E68A
:104B700091E616D10DC08AE691E660EC76E044E05D
:104B800050E00F942A4F892B19F482E080936B71C7
:104B900080916B71882349F08091AC719091AD71D7
:104BA000019719F483E080936A711092AD711092AD
:104BB000AC718091B2719091B3710E9443721816DA
:104BC00019060CF49ACF35C0833099F5CE010196C1
:104BD0000E94AB8B6091B2717091B37182E00E94C0
:104BE000868B88E691E6F0D1019789F088E691E618
:104BF0002ED2019761F00F920F9282E596E0EDB709
:104C0000FEB7928381830F94FC500F900F900E9407
:104C1000688BCE0101960E949D8B8091B27190911C
:104C2000B3710E943B788FEF9FEF9093B3718093A5
:104C3000B2712796E2E00D94D74D0F931F936FD179
:104C400080E590E00E94B9710FEF1FEF1093B371F0
:104C50000093B27100D00F928FEC96E0EDB7FEB7E3
:104C60009283818380E590E0948383830F94FC504A
:104C70000F900F900F900F9081E295EA69EC76E02B
:104C80000E94DA951093B3710093B2711F910F9146
:104C90000895A0E0B0E0EFE4F6EA0D94B34D5B01B7
:104CA000FC01EA5FFF4EC190D1908F01EE24FF24FA
:104CB000C0E0D0E00EC0F80180819181B5010F9471
:104CC000564F892B19F4EE24EA94FE2C21960E5FA0
:104CD0001F4FCC15DD057CF3C701CDB7DEB7EAE089
:104CE0000D94CF4DA0E0B0E0E8E7F6EA0D94B34DA7
:104CF0005B01FC01EA5FFF4EC190D1908F01EE2471
:104D0000EA94FE2CC0E0D0E00CC0F80180819181D3
:104D1000B5010F94564F892B09F47E0121960E5F41
:104D20001F4FCC15DD058CF3C701CDB7DEB7EAE028
:104D30000D94CF4DCF92DF92FF920F931F93CF939D
:104D4000DF93EC016C011FC0F601808388818532FE
:104D5000B1F48E010F5F1F4FE8012196F8018081A9
:104D60000E942F96F82EF29480EFF822F601F0823E
:104D7000F80181810E942F96F82AF601F0820894AA
:104D8000C11CD11C219688818823F1F6F60110827E
:104D9000DF91CF911F910F91FF90DF90CF900895F9
:104DA000EF92FF920F931F93CF93DF93EC01FC01DF
:104DB00080E090E022812F3249F0222339F00196E1
:104DC000319620E180309207A9F7A4C0FC0131960A
:104DD00003968C0F9D1F9983888300E010E01AC012
:104DE000DE01AE0FBF1F12968C9112978F3349F4DC
:104DF00012961C92319632968E010E0F1F1F32971B
:104E000008C0803211F0882321F4EC0FFD1F1282BC
:104E100005C0319680E1E030F80714F3CA5FDF4E39
:104E200019821882C650D041E880F980C7010F94DA
:104E30004B50892B29F4C70166EE76E00F945F4F43
:104E40000115110509F466C0CA5FDF4E81E090E0EC
:104E500099838883A096198308836E9719830883A2
:104E6000C850D04118C08632A1F4D8011D928D01DE
:104E7000DE01AA5FBF4EED91FC9111973196ED9343
:104E8000FC93ED5FF74FEE0FFF1FEC0FFD1F11833B
:104E900000830F5F1F4FF8018081882321F78E0167
:104EA000085F1F4EEE24FF242CC0D801ED91FC9129
:104EB00011975F96FC93EE935E9711C08D3349F482
:104EC0001192D8015F96FC93EE935E9780818823C0
:104ED00049F080818B3211F480E2808331968081A9
:104EE000882361F7F8018081918124DFD8015E96E3
:104EF0008D919C915F971EDF0894E11CF11C0E5F61
:104F00001F4FCA5FDF4E88819981C650D041E81695
:104F1000F9065CF2CDB7DEB7E6E00D94D34D80E044
:104F200090E0FC01EE0FFF1FEE0FFF1FEC54FE4858
:104F30001182108201968E31910599F708959C0196
:104F4000E0E0F0E0DF01AA0FBB1FAA0FBB1FAC54CB
:104F5000BE488D919C91119782179307B9F08D915E
:104F60009C911197892B71F411963C932E93EE0F1F
:104F7000FF1FEE0FFF1FEA54FE487183608320E09D
:104F800030E006C03196EE31F105E1F62FEF3FEF4C
:104F9000C90108950F920F9281EF96E0EDB7FEB729
:104FA000928381830F94FC500F900F9008950F927D
:104FB0000F9284E097E0EDB7FEB7928381830F9460
:104FC000FC500F900F900895EF92FF920F931F9354
:104FD000CF93DF938C0166EBE62E61E7F62EC0E0FF
:104FE000D0E0F701608171816115710541F1F8012F
:104FF000808191810F94564F892BC9F40F920F92A3
:105000008AE997E0EDB7FEB7928381830F94FC5055
:10501000CC0FDD1FCC0FDD1FCC54DE48E881F981B9
:105020000F900F90C801199521E030E00AC0219639
:1050300084E090E0E80EF91ECE31D10591F62FEF15
:105040003FEFC901CDB7DEB7E6E00D94D34DABE637
:10505000B4E0EDE2F8EA0D94AB4D4C018E01095F2E
:105060001F4FC8010E94AB8B81E060E070E00E949E
:10507000868B00D00F9281EA98E2ADB7BEB7129648
:105080009C938E931197F4018081918114969C9347
:105090008E9313970F94FC500F900F900F900F90DA
:1050A0000E94688BC8010E949D8B82E998E20F9450
:1050B0006C24D4018D919C910F9406258BE898E285
:1050C0000F946C24E6E4F0E18E0E9F1ED4016D91E6
:1050D0007D918D919C91EAEBFFEE8E0E9F1E0F94B9
:1050E000062488E898E20F946C2451E9E52E52E2F8
:1050F000F52E00E010E0D7011596CD90DC901697C4
:10510000C114D10409F4ABC06D917C91F40180818C
:1051100091810F94564F892B09F097C00F920F92EF
:105120008AE598E2ADB7BEB712969C938E9311971D
:105130000F94FC500F900F90F80143E0EE0FFF1F0B
:105140004A95E1F7E01BF10BEF56FD4D848181306C
:1051500049F0813060F0823099F40F920F9286E529
:1051600098E209C00F920F9281E598E20DC00F926C
:105170000F9287E498E2EDB7FEB7928381830AC06D
:105180000F920F9283E498E2ADB7BEB712969C934C
:105190008E9311970F94FC500F920F928AEF97E223
:1051A000EDB7FEB792838183D482C3820F94FC5003
:1051B0000F900F900F900F900E94688B2AE430E1BF
:1051C000820E931EF80133E0EE0FFF1F3A95E1F7D0
:1051D000E01BF10BEF56FD4D42815381D4018D91BF
:1051E0009C91B60121E00E94EE788E01095F1F4F6D
:1051F000C8010E94AB8B81E060E070E00E94868B6A
:1052000000D000D089ED97E2EDB7FEB7928381839D
:10521000C601AA2797FDA095BA2F83839483A583FF
:10522000B6830F94FC502DB73EB72A5F3F4F0FB6A1
:10523000F8943EBF0FBE2DBF0E94688BC8010E942C
:105240009D8B21E0E22EF12C37C10F5F1F4F87E0CD
:1052500090E0E80EF91E0032110509F04CCFD401A0
:105260000D911C91C8010F944B507801E80EF91E66
:105270006624772419C0F70120812F3259F4D70111
:105280001D927D01F4016081718180913661909160
:1052900037611EC12E3221F437010894611C711C44
:1052A0000894E108F1080197009729F70BC1C8019C
:1052B000B7010F943B50892B99F4FE01EC59FF4F35
:1052C000A080B180C280D380C1010E94E798A11460
:1052D000B104C104D10471F4EE24EA94FE2CBFC0E1
:1052E0008E01035C1F4FC101B8010E94E89A882318
:1052F000F1F6AFC08091366190913761B8010E949C
:10530000B1A02C01009709F49DC01982C30164ED7E
:1053100077E20F94564F892B39F0C30160ED77E2A5
:105320000F94564F892B31F4CE0101966AEC77E247
:105330000F945F4F2DB73EB72A5030400FB6F89408
:105340003EBF0FBE2DBFEDB7FEB731968FE497E29B
:10535000ADB7BEB712969C938E931197A282B3827B
:10536000C482D582CE01019697838683718660863A
:105370000F94FC50EDB7FEB73A960FB6F894FEBF07
:105380000FBEEDBF0E94688BAA24BB246501840177
:10539000065B1F4ED8018D919C910E941772882345
:1053A00041F58FEF9FEFF8019183808322E030E198
:1053B000820E931ED4011C928E01095F1F4FC801FB
:1053C0000E94AB8B81E060E070E00E94868B0F92C0
:1053D0000F9280E397E2EDB7FEB7928381830F943B
:1053E000FC500F900F900E94688BC8010E949D8B0B
:1053F00029C09CE6692E712C6C0E7D1EC201B30182
:1054000040E054E00E94FB977C0101960297D0F0A7
:10541000D8018D919C91B701A30120E00E94EE7804
:10542000AA2797FDA095BA2FA80EB91ECA1EDB1E8B
:10543000B0E0EB16B4E0FB060CF0A9CF81E0E82E5B
:10544000F12C03C0EE24EA94FE2CC2010E947BA042
:1054500006C0EE24EA94FE2CAA24BB246501C101F7
:105460000E9476A08E01095F1F4FC8010E94AB8B7E
:1054700081E060E070E00E94868B00D000D082E185
:1054800097E2EDB7FEB792838183ADB7BEB71396AF
:10549000AD92BD92CD92DC9216970F94FC50EDB771
:1054A000FEB736960FB6F894FEBF0FBEEDBF0E9452
:1054B000688BC8010E949D8BC701C559DB4FE2E193
:1054C0000D94C74D80913661909137616CE072E226
:1054D000AE01425F5F4F0E9455A28091366190916C
:1054E0003761BE01625F7F4F0E9480A01C01009760
:1054F00009F0F6CEAECFA7E0B0E0E1E8FAEA0D940D
:10550000B74D80912C7290912D722FEF8F3F9207A3
:10551000C9F587E190E00E94EC7190932D72809321
:105520002C728F5F9F4F09F4D1C08E010F5F1F4F08
:10553000C8010E94AB8B60912C7270912D7282E039
:105540000E94868B0F920F9284EC98E2EDB7FEB723
:10555000928381830F94FC500F900F90C8010E949A
:105560009D8B1092AF721092AE7210922E721092AA
:10557000B1721092B07280912C7290912D720E9433
:105580002A72A4C00E941772803109F07BC08091FA
:10559000B0729091B172892B41F130C080912C7220
:1055A00090912D720E947F768A30F9F087FD1DC0A0
:1055B0002091AE723091AF72203831056CF4F90150
:1055C000E45DFD488283F9013196F093AF72E09378
:1055D000AE72E45DFD4812828D3039F481E090E0D6
:1055E0009093B1728093B07209C080912C729091A7
:1055F0002D720E9443721816190684F28091B072BF
:105600009091B172019709F061C07E010894E11C8C
:10561000F11CC7010E94AB8B60912C7270912D72AE
:1056200082E00E94868B8EE292E764EB72E744E0B0
:1056300050E07CD98C019093B3728093B2728091C8
:10564000B4729091B5726FEB78E20F94564F892B3C
:1056500001F50F920F9285EB98E2EDB7FEB79283BA
:1056600081830F94FC500F900F900E94688B81E013
:1056700060E070E00E94868B80912C7290912D7278
:105680000E943B788FEF9FEF90932D7280932C7246
:105690001DC0C80164EB72E7E2D80F920F9282EB53
:1056A00098E2EDB7FEB7928381830F94FC500F9080
:1056B0000F90C7010E949D8B1092AF721092AE7234
:1056C00010922E721092B1721092B0722796E6E08C
:1056D0000D94D34D87E190E00E94B97100D00F92F4
:1056E00088EF98E2EDB7FEB79283818387E190E07F
:1056F000948383830F94FC500F900F900F900F9022
:105700008BE79AEA61EF78E20C94DA95CF93DF9316
:10571000EC019C01220F331F280F391FF901EE0FF6
:10572000FF1FE454FD48848195818F5F9F4F09F4EA
:105730003FC0F901EE0FFF1FE254FD486081718107
:105740008091CF7277FF07C030E090E00F94764DE4
:10575000892B39F405C030E090E06817790709F427
:1057600031E0FE01EE0FFF1FEC0FFD1FEE0FFF1FDC
:10577000E454FD48608171818091CE7277FF07C04B
:1057800020E090E00F94764D892B39F405C020E09D
:1057900090E06817790709F421E0313049F490E08E
:1057A000213009F091E081E09827292F30E002C0F4
:1057B00020E030E0C901DF91CF910895A0E2B0E090
:1057C000E4EEFBEA0D94B74D7C0100D000D0EDB7BC
:1057D000FEB731968E010F5F1F4FADB7BEB7129661
:1057E0001C930E93119781E199E2938382837583D1
:1057F00064830F941E518DB79EB706960FB6F8942A
:105800009EBF0FBE8DBFC801B7010E94188EA09623
:10581000E6E00D94D34DA0E4B0E0E1E1FCEA0D94A4
:10582000B54D6C01EE24FF2400D000D0EDB7FEB7DB
:1058300031968E010F5D1F4FADB7BEB712961C9308
:105840000E93119781E199E293838283F582E4823A
:105850000F941E518DB79EB706960FB6F8949EBF53
:105860000FBE8DBFC8018E010F5F1F4FB8010E9490
:10587000188EC801B6010F943B50892B51F0089443
:10588000E11CF11C93E0E916F10471F6EE24EA94B0
:10589000FE2CC701C05CDF4FE8E00D94D14DA0E2C3
:1058A000B0E0E5E5FCEA0D94B94D00D000D0EDB7CD
:1058B000FEB731968E010F5F1F4FADB7BEB7129680
:1058C0001C930E93119721E139E233832283958350
:1058D00084830F941E518DB79EB706960FB6F89429
:1058E0009EBF0FBE8DBFC8010E94D18C80E090E0AA
:1058F000A096E4E00D94D54DA0E2B0E0E2E8FCEA29
:105900000D94B74D00D000D0EDB7FEB731968E01A3
:105910000F5F1F4FADB7BEB712961C930E93119732
:1059200061E1E62E69E2F62EF382E28215821482AC
:105930000F941E518DB79EB706960FB6F8949EBF72
:105940000FBE8DBFC8010E94418C8F5F9F4F19F41D
:1059500020E030E04AC000D000D0EDB7FEB731966D
:10596000ADB7BEB712961C930E931197F382E282E5
:1059700081E090E0958384830F941E518DB79EB78C
:1059800006960FB6F8949EBF0FBE8DBFC8010E9449
:10599000418C8F5F9F4F19F421E030E026C000D08A
:1059A00000D0EDB7FEB73196ADB7BEB712961C93D7
:1059B0000E931197F382E28282E090E095838483D4
:1059C0000F941E518DB79EB706960FB6F8949EBFE2
:1059D0000FBE8DBFC8010E94418C8F5F9F4F19F091
:1059E0002FEF3FEF02C022E030E0C901A096E6E0D1
:1059F0000D94D34DA0E2B0E0E0E0FDEA0D94B74D88
:105A00007C017ADF9C018FEF2F3F380711F100D026
:105A100000D0EDB7FEB731968E010F5F1F4FADB7C7
:105A2000BEB712961C930E93119781E199E293836E
:105A30008283358324830F941E518DB79EB70696BB
:105A40000FB6F8949EBF0FBE8DBFC801B7010E946C
:105A5000668D80E090E0A096E6E00D94D34DADE435
:105A6000B0E0E5E3FDEA0D94B74D00D000D0EDB70E
:105A7000FEB731967EE2E72EF12CEC0EFD1EADB79F
:105A8000BEB71296FC92EE92119721E139E2338370
:105A90002283958384830F941E518DB79EB70696FB
:105AA0000FB6F8949EBF0FBE8DBF8E01025F1F4FD1
:105AB000C701B8010E94188EC801BE016F5F7F4FF9
:105AC00043E050E00E9496A48E01095F1F4FC80179
:105AD0000E94AB8B80E060E070E00E94868B8D813D
:105AE0009E810E940EA5C8010E949D8BC35BDF4F63
:105AF000E6E00D94D34DA4E1B0E0E1E8FDEA0D94B9
:105B0000B94DCE0101960E94F4619C818091CF72C3
:105B1000891729F49B818091CE72891799F08C8125
:105B20008093CF728B818093CE7200E010E0C80129
:105B3000EDDD892B11F0C80192DF0F5F1F4F03309D
:105B40001105A9F76496E4E00D94D54DA4E1B0E009
:105B5000ECEAFDEA0D94BB4D8FEF9FEF9093C1727D
:105B60008093C0729093C7728093C6729093CD72E7
:105B70008093CC72CE0101960E94F4618C81809357
:105B8000CF728B818093CE728BE79DEA63E479E2DA
:105B90000E94DA956496E2E00D94D74DA6E2B0E05B
:105BA000E4EDFDEA0D94B34DD1DFCC24DD24AA242D
:105BB000BB2400D000D0EDB7FEB731968E01095F4F
:105BC0001F4FADB7BEB712961C930E93119781E18C
:105BD00099E293838283D582C4820F941E51EDB7DC
:105BE000FEB736960FB6F894FEBF0FBEEDBFC801E4
:105BF000B8010E94188E8F5F9F4F79F1C801BE01D6
:105C00006F5F7F4F43E050E00E9496A4039729F511
:105C10008501000F111F0A0D1B1D000F111FFCEB4A
:105C2000EF2EF2E7FF2EE00EF11ED7011596DC9263
:105C3000CE92149789819A810F94E74E02541D48A1
:105C4000F801918380838B819C810F94E74ED7016B
:105C50008D939C930894A11CB11C0894C11CD11C69
:105C6000B3E0CB16D10409F0A4CFA696EAE00D94D8
:105C7000CF4D6CDF93DF0E941DA62CCD7BD0CBD106
:105C800035D50E94EAB740D20E941BB704D0E6D5B2
:105C90008FD277C708958AE49EEA68E479E24FC913
:105CA000A3E3B0E0E6E5FEEA0D94B54D0F920F9246
:105CB0008FE599E2ADB7BEB712969C938E9311977C
:105CC0000F94FC50EE24FF240F900F9086E0C82E16
:105CD000D12CCC0EDD1EC701BE016E5F7F4FA60129
:105CE0009E012F5F3F4F0E945E7F8130A9F5898121
:105CF000882391F16A817B818C819D81AE01445F13
:105D00005F4F0E949C818C01C601BE01605E7F4F87
:105D10000E94A17FEDB7FEB738970FB6F894FEBF8B
:105D20000FBEEDBF319620E539E2ADB7BEB7129692
:105D30003C932E93119713830283958384838981E7
:105D4000868317820F94FC50EDB7FEB738960FB6D6
:105D5000F894FEBF0FBEEDBF0894E11CF11CF4E007
:105D6000EF16F10409F0B2CF80E090E0E396E8E0AE
:105D70000D94D14D80E59EEA6CE679E20C9404A482
:105D8000A4E1B0E0E6ECFEEA0D94B74D8C01CE0143
:105D900001960E94F4618091D0729091D172019627
:105DA0009093D1728093D0724C815B816A817981AA
:105DB000EE80FF80288539858DB79EB740970FB656
:105DC000F8949EBF0FBE8DBFEDB7FEB7319683E846
:105DD00099E2ADB7BEB712969C938E93119742830A
:105DE0001382548315826683178270871186E28638
:105DF0001386F4861586378726870F94FC508DB757
:105E00009EB706960FB6F8949EBF0FBE8DBFEDB736
:105E1000FEB7319680E799E2ADB7BEB712969C9374
:105E20008E93119780910C5E90910D5EA0910E5E05
:105E3000B0910F5E82839383A483B5838091D072E7
:105E40009091D17297838683065B1F4ED8018D9106
:105E50009C91918780870F94FC508DB79EB70A96CE
:105E60000FB6F8949EBF0FBE8DBF6496E6E00D940A
:105E7000D34DDF92EF92FF920F931F938DB79EB792
:105E80000E970FB6F8949EBF0FBE8DBFEDB7FEB74D
:105E9000319686ED9AE2ADB7BEB712969C938E937B
:105EA00011978091105E9091115EA091125EB09159
:105EB000135E82839383A483B58380910C5E90915B
:105EC0000D5EA0910E5EB0910F5E86839783A087D2
:105ED000B1878091075E9091085EA091095EB091B4
:105EE0000A5E82879387A487B5870F94FC500F9032
:105EF0000F900F900F90EDB7FEB7319685E99AE2BB
:105F0000ADB7BEB712969C938E9311978091BB2824
:105F10009091BC28938382838091BD289091BE2864
:105F2000958384838091C1289091C228978386832A
:105F30008091BF289091C028918780870F94FC5052
:105F4000EDB7FEB73A960FB6F894FEBF0FBEEDBFA1
:105F50000E946E7E82E70E94F967D82E81E00E943F
:105F6000AB688C0181E10E94AB687C010E94477E96
:105F70000F920F9289E89AE2ADB7BEB712969C9342
:105F80008E9311970F94FC5088E79AE2EDB7FEB715
:105F9000928381830F94FC5084E69AE2ADB7BEB73A
:105FA00012969C938E9311970F94FC500F920F9220
:105FB000EDB7FEB731968FE49AE2ADB7BEB7129651
:105FC0009C938E931197D28213820F94FC508CE392
:105FD0009AE2EDB7FEB792838183148303830F9413
:105FE000FC5089E29AE2ADB7BEB712969C938E93AD
:105FF00011971496FC92EE9213970F94FC500F9009
:106000000F900F900F9080E090E01F910F91FF9004
:10601000EF90DF90089589E39FEA65E17BE20E94BB
:1060200004A480EC9EEA6BE07BE20C949FA70F93A4
:106030001F93CF93DF93182F092F0E9427E2882305
:1060400009F458C0C12FD02F0E94D7A7CA5FDF4ED6
:1060500088819981C650D041892B79F40F920F9293
:1060600083E39BE2EDB7FEB7928381830F94FC50EC
:106070000F900F900E94CAA73DC0CE016DE27BE257
:106080000E9449A6892BB1F1CE0167E27BE20E9412
:1060900072A6FC01ED5EF74FEE0FFF1FEC0FFD1F28
:1060A0008081918161E27BE20F94564F892B11F53B
:1060B0000F920F928BE19BE2EDB7FEB79283818343
:1060C0000F94FC500F900F900E94CAA70E94688BFB
:1060D000C65BDF4E888199810E943B7881E00E94F7
:1060E000C46982E00E94C46983E00E94C4690E947E
:1060F000DF8FFFCFDF91CF911F910F9108950E9405
:10610000DF8F80E090E008958FE790EB6EEB7BE20D
:106110000E9404A487E190EB64EB7BE20C949FA7C0
:10612000A4E1B0E0E6E9F0EB0D94B94D8B010297E4
:1061300059F5DB0112968D919C9113970E94BA87B5
:10614000F80102811381AE014F5F5F4F0E949C8175
:1061500000D000D0EDB7FEB7319625ED3BE2ADB7EC
:10616000BEB712963C932E931197138302839583A7
:1061700084830F94FC50EDB7FEB736960FB6F894B3
:10618000FEBF0FBEEDBF0EC00F920F9284EC9BE2DC
:10619000ADB7BEB712969C938E9311970F94FC5097
:1061A0000F900F9080E090E06496E4E00D94D54D60
:1061B00080E990EB65EE7BE20C9404A4A0E1B0E0F2
:1061C000E4EEF0EB0D94B94D6091342270913522DC
:1061D00080913622909137228E010F5F1F4FA801C8
:1061E0000E949C8100D00F922AE230E3ADB7BEB787
:1061F00012963C932E93119714969C938E9313971B
:106200000F94FC500F900F900F900F9060913822D8
:106210007091392280913A2290913B22A8010E94EC
:106220009C8100D00F922DE130E3EDB7FEB73283B1
:106230002183948383830F94FC500F900F900F90D1
:106240000F9060913C2270913D2280913E2290916E
:106250003F22A8010E949C8100D00F9220E130E3F0
:10626000ADB7BEB712963C932E93119714969C939C
:106270008E9313970F94FC500F900F900F900F90E8
:10628000609140227091412280914222909143225C
:10629000A8010E949C8100D00F9227E030E3EDB767
:1062A000FEB732832183948383830F94FC508DB790
:1062B0009EB70A970FB6F8949EBF0FBE8DBFEDB77D
:1062C000FEB731968BED9FE2ADB7BEB712969C93A9
:1062D0008E93119780912E228283138280912F2298
:1062E00084831582809130228683178280913122A7
:1062F0008087118680913222828713868091332293
:10630000848715860F94FC50EDB7FEB73E960FB606
:10631000F894FEBF0FBEEDBF80E090E06096E4E031
:106320000D94D54DA0E2B0E0E8E9F1EB0D94B74D46
:10633000F82EE92E0E9427E2882309F4D3C10F2DFD
:106340001E2D0E94D7A70A5F1F4EF8018081918100
:1063500006501041892BC9F40F920F9283ED9FE2F2
:10636000EDB7FEB7928381830F94FC500F900F908E
:106370008AEC9FE20E94F2A484EC9FE20E94F2A4C5
:106380000F920F928BEB9FE2A3C1C80164EB7FE2F7
:106390000E9449A6892B09F4FCC00F920F9286E651
:1063A0009FE2EDB7FEB7928381830F94FC500F906C
:1063B0000F9081E69FE28E010F5F1F4FB8010E9490
:1063C000888E0F920F9288E09FE2EDB7FEB792831E
:1063D00081830F94FC500F900F9083E09FE20E9406
:1063E000A98C8F5F9F4F39F0C80160E07FE20F9466
:1063F000564F892B61F40F920F9288EF9EE2EDB712
:10640000FEB7928381830F94FC500F900F900F92F0
:106410000F928CEE9EE2EDB7FEB7928381830F94CC
:10642000FC500F900F9089EE9EE28E010F5F1F4F80
:10643000B8010E94888E019759F0609134227091C2
:1064400035228091362290913722A8010E949C81AA
:1064500000D00F9284E79EE2EDB7FEB7928381836E
:106460008E010F5F1F4F148303830F94FC500F9016
:106470000F900F900F908FE69EE2B8010E94888ED9
:10648000019759F0609138227091392280913A2217
:1064900090913B22A8010E949C8100D00F928BEF2B
:1064A0009DE2EDB7FEB7928381838E010F5F1F4F90
:1064B000148303830F94FC500F900F900F900F9054
:1064C00086EF9DE2B8010E94888E019759F0609195
:1064D0003C2270913D2280913E2290913F22A80162
:1064E0000E949C8100D00F9282E89DE2EDB7FEB73A
:1064F000928381838E010F5F1F4F148303830F9458
:10650000FC500F900F900F900F908EE79DE2B80116
:106510000E94888E019759F060914022709141222B
:106520008091422290914322A8010E949C8100D038
:106530000F9288E09DE2EDB7FEB7928381838E01D2
:106540000F5F1F4F148303830F94FC500F900F9025
:106550000F900F9084E09DE2B8010E94888E019711
:1065600029F08EE292E2B8010E94A17F00D00F9242
:1065700086E39CE2EDB7FEB792838183CE0101965C
:10658000948383830F94FC500F900F900F900F9083
:10659000A7C0C80169EE7BE20E9449A6892B89F059
:1065A000C80169EE7BE20E9472A6FC01ED5EF74F26
:1065B000EE0FFF1FE00FF11F6081718189EE9BE2FA
:1065C00004C089EE9BE26EE072E20E94EE8DC8018B
:1065D0006EEE7BE20E9449A6892B91F0C8016EEE17
:1065E0007BE20E9472A6FC01ED5EF74FEE0FFF1FEB
:1065F000E00FF11F608171818EEE9BE20E94EE8DB3
:10660000C80161EF7BE20E9449A6892B91F0C80185
:1066100061EF7BE20E9472A6FC01ED5EF74FEE0F88
:10662000FF1FE00FF11F6081718181EF9BE20E94EB
:10663000EE8DC80166EF7BE20E9449A6892B91F09E
:10664000C80166EF7BE20E9472A6FC01ED5EF74F87
:10665000EE0FFF1FE00FF11F6081718186EF9BE25B
:106660000E94EE8DC8016BEF7BE20E9449A6892B48
:1066700091F0C8016BEF7BE20E9472A6FC01ED5E17
:10668000F74FEE0FFF1FE00FF11F608171818BEF5D
:106690009BE20E94EE8DC8016FEF7BE20E9449A64B
:1066A000892B91F0C8016FEF7BE20E9472A68D5E8C
:1066B000974F880F991F080F191FF801608171818A
:1066C0008FEF9BE20E94EE8D0F920F9283E09CE28F
:1066D000EDB7FEB7928381830F94FC500F900F901B
:1066E0000E94CAA7A096E6E00D94D34D8EED90EBE4
:1066F0006EE370E30E9404A482E991EB62E370E32D
:106700000C949FA7A8E2B0E0E8E8F3EB0D94B54D38
:106710008B01029709F090C0DB0112968D919C913C
:1067200013970E94CD81AC01CB01DA016C017D0190
:10673000C114D104E104F104A1F4F8018281938130
:106740000E94BA876B017C016F3FFFEF7F07FFEF6D
:106750008F07FFEF9F0729F40F920F928CEE92E3C1
:1067600064C000D00F9289ED92E3EDB7FEB792833B
:106770008183D80112968D919C9113979483838382
:106780000F94FC500F900F900F900F9085E590E3C1
:106790000E94A98C8F5F9F4F41F085E590E3BE0179
:1067A0006F5F7F4F0E94888E01C01982CE010196D3
:1067B0000F94044F8B019C01C701B60140E050E0EB
:1067C00098010E945D868F5F9F4F59F1CE014596DB
:1067D0000E94F461288D3F894E898DB79EB7089736
:1067E0000FB6F8949EBF0FBE8DBFEDB7FEB73196C2
:1067F0008DEB92E3ADB7BEB712969C938E93119733
:106800002283138234831582468317820F94FC50AF
:10681000EDB7FEB738960FB6F894FEBF0FBEEDBFCA
:1068200017C00F920F9284EB92E3ADB7BEB71296EA
:106830009C938E93119708C00F920F9282EA92E375
:10684000EDB7FEB7928381830F94FC500F900F90A9
:1068500080E090E0A896E8E00D94D14D82E893EBBB
:1068600065EF72E30C9404A4AEE3B0E0EAE3F4EB6A
:106870000D94B74DF82EE92E0E9427E2882309F4E3
:10688000F3C00F2D1E2D0E94D7A70A5F1F4ED801FF
:106890008D919C9106501041892B09F04FC087E3E0
:1068A00096E30E94A98C8F5F9F4F41F089E296E3A7
:1068B000BE01655F7F4F0E94888E01C01B868FE1FD
:1068C00096E38E010F5F1F4FB8010E94888EC801AA
:1068D0006CE176E30F94564F892B81F400D00F9230
:1068E000EDB7FEB71283018384E196E3948383833B
:1068F0000F941E510F900F900F900F9000D000D06A
:10690000EDB7FEB7319686EC93E3ADB7BEB71296FE
:106910009C938E931197CE01019693838283CE012F
:106920000B96958384830F94FC50EDB7FEB7369693
:106930000FB6F894FEBF0FBEEDBF94C0C8016EEB5A
:1069400073E30E9449A6892B21F1C80166EB73E32A
:106950000E9472A6FC01ED5EF74FEE0FFF1FE00FE5
:10696000F11F808191810F944B50892B91F0C801C8
:106970006FE973E30E9472A6FC01ED5EF74FEE0F24
:10698000FF1FE00FF11F6081718187EA93E30E948E
:10699000EE8DC80168E973E30E9449A6892B91F046
:1069A000C80163E873E30E9472A6FC01ED5EF74F35
:1069B000EE0FFF1FE00FF11F608171818AE893E302
:1069C0000E94EE8DC8016CE773E30E9449A63BE08C
:1069D000E32EF12CEC0EFD1E892B09F1C8016BE6AC
:1069E00073E30E9472A68D5E974F880F991F080F60
:1069F000191FD8016D917C9182E793E30E94EE8D7F
:106A0000C70164E573E30F945F4FC7010E940BACAD
:106A10008F5F9F4FC1F4C7010E94FAAC14C08AE493
:106A200093E362E172E20E94EE8DC70163E373E3D8
:106A30000F945F4FC7010E940BACEFEF8F3F9E0793
:106A400011F00E944FACAAD80F920F9286E193E307
:106A5000ADB7BEB712969C938E9311970F94FC50CE
:106A60000F900F900E94CAA7EE96E6E00D94D34DCA
:106A7000A4E5B0E0EEE3F5EB0D94B74D8B01823069
:106A80009105C1F5FB018281938161EE76E30F945C
:106A9000564F892B09F062C089EF92E38E010F5F98
:106AA0001F4FB8010E94888E71E2E72EF12CEC0E88
:106AB000FD1E88E093E3B7010E94888EC801B701EC
:106AC0000E941995892B29F400D00F9283EC96E34C
:106AD00004C000D00F9283EA96E3EDB7FEB792832D
:106AE0008183F482E3820F94FC500F900F900F90FB
:106AF0000F9040C0039791F5FB018281938168E973
:106B000076E30F94564F892B49F5F80104811581DE
:106B1000C8010F944B50AC01F80120E030E01BC0DD
:106B2000DF01819179010894E11CF11C803491F41A
:106B30001C9289EF92E3B8010E94EE8D0E0D1F1D8D
:106B400088E093E3B8010E94EE8D0F920F928CE7DC
:106B500096E308C097012417350710F30F920F92A0
:106B600085E496E3EDB7FEB7928381830F94FC50E2
:106B70000F900F9080E090E0CC5ADF4FE6E00D944C
:106B8000D34D88E395EB63EF76E30E9404A484E39E
:106B900094EB68EE76E30C949FA7A0E2B0E0E3EDFF
:106BA000F5EB0D94B34D082FE92E0E9427E28823C0
:106BB00009F43DC1A02EBE2C0E94D7A726E030E1EB
:106BC000A20EB31ED5018D919C91EAEFFFEEAE0EA1
:106BD000BF1E892B09F089C00F920F9282E89AE3B9
:106BE000ADB7BEB712969C938E9311970F94FC503D
:106BF0000F900F905E010894A11CB11CC50160E0CC
:106C000070E00E94DEAB0197D9F400D000D0EDB760
:106C1000FEB7319680ED99E3ADB7BEB712969C935F
:106C20008E931197B382A282158214820F94FC5026
:106C3000EDB7FEB736960FB6F894FEBF0FBEEDBFA8
:106C40005E010894A11CB11CC50161E070E00E94C6
:106C5000DEAB9C0181309105D9F400D000D0EDB7B6
:106C6000FEB7319680ED99E3ADB7BEB712969C930F
:106C70008E931197B382A282358324830F94FC50A4
:106C8000EDB7FEB736960FB6F894FEBF0FBEEDBF58
:106C90005E010894A11CB11CC50162E070E00E9475
:106CA000DEAB0197E9F400D000D0EDB7FEB7319626
:106CB00080ED99E3ADB7BEB712969C938E93119772
:106CC000B382A28282E090E0958384830F94FC508B
:106CD000EDB7FEB736960FB6F894FEBF0FBEEDBF08
:106CE0000F920F9284E299E37EC0C5016DE179E3D2
:106CF0000E9449A6892B69F00F920F9288E397E3CF
:106D0000EDB7FEB7928381830F94FC500F900F90E4
:106D10008CC0C50164E377E30E9449A6892B09F47E
:106D200069C0C50161E377E30E9472A6FC01ED5ED4
:106D3000F74FEE0FFF1FEA0DFB1D808191810F942D
:106D4000E74E6C01C5016EE277E30E9472A6FC017A
:106D5000ED5EF74FEE0FFF1FEA0DFB1D8081918165
:106D60000F94E74E7C01C5016FE177E30E9472A6A4
:106D70002DB73EB72A5030400FB6F8943EBF0FBE35
:106D80002DBFEDB7FEB731968E010F5F1F4FADB728
:106D9000BEB712961C930E93119723E237E3338309
:106DA0002283D582C482F782E6828D5E974F880F58
:106DB000991FA80EB91ED5018D919C91918780874E
:106DC0000F941E51EDB7FEB73A960FB6F894FEBF7A
:106DD0000FBEEDBFC8010E94FAAC0E94CEAD0F926B
:106DE0000F9282E097E3ADB7BEB712969C938E9355
:106DF00011978ACFC5016EEF76E30E9449A6892BD1
:106E0000A1F0C5016AEF76E30E9472A68D5E974FEE
:106E1000880F991FA80EB91EF501808191810F94EA
:106E2000E74E0E944FAC0E94CEAD0E94CAA7A0962A
:106E3000EAE00D94CF4D8DEC95EB65EB7AE30C9485
:106E40009FA70E9427E28823F1F00E94D7A70F9204
:106E50000F9285EC9AE3EDB7FEB7928381830F948E
:106E6000FC500F900F900E94DF8E0F920F928EEBCE
:106E70009AE3EDB7FEB7928381830F94FC500F9095
:106E80000F900C94CAA70895A0E2B0E0EAE4F7EBF3
:106E90000D94B74D7B0102970CF48AC0FB018281EF
:106EA000938166E67BE30F94564F892B19F00FEF21
:106EB0001FEF13C08E010F5F1F4FC80163E67BE316
:106EC0000F945F4F85E59BE3B8010E94EE8D81E052
:106ED00090E00E94138C00E010E0F7018281938122
:106EE0006BE47BE30F94564F892BF9F480E090E03C
:106EF0000E94138C8E010F5F1F4FC80167E47BE374
:106F00000F945F4F89E39BE3B8010E94EE8D0F92CF
:106F10000F928BE29BE3EDB7FEB7928381830F94D0
:106F2000FC5000E010E00F900F90F70182819381F8
:106F300067E27BE30F94564F892B59F4F701668182
:106F40007781848195810E94D88D019711F400E0AA
:106F500010E0F7018281938163E27BE30F94564F47
:106F6000892B49F4F701848195810E94D18C019786
:106F700011F400E010E0F701828193816DE17BE381
:106F80000F94564F892B21F40E94DF8E00E010E011
:106F9000F7018281938167E17BE30F94564F892B40
:106FA00019F40E94B28E10C0FFEF0F3F1F0761F46B
:106FB0000F920F928BEC9AE3EDB7FEB79283818329
:106FC0000F94FC500F900F9080E090E0A096E6E0C8
:106FD0000D94D34D84E497EB68E77BE30E9404A40F
:106FE00081E297EB6EE67BE30C949FA7FC01748330
:106FF000638312821582168217821086128611868A
:1070000014861386168615860895FC012FB7F8940A
:107010008091D3809091D480918380832FBF81E031
:1070200082830895FC018281882399F12FB7F89417
:107030006091D3807091D48080819181681B790B9D
:107040002FBF12829B0140E050E085819681A7818D
:10705000B085820F931FA41FB51F85839683A783D6
:10706000B0878185928501969287818785859685EF
:107070008617970710F47687658783819481861732
:10708000970738F48385948501969487838781E0F8
:10709000089580E00895EF92FF920F931F937C0173
:1070A0002091AF733091B073809169A490916AA4DC
:1070B000409167A4509168A48C0165E0000F111FF6
:1070C0006A95E1F7081B190B87E190E0BC01269F48
:1070D000C001279F900D369F900D11240827192776
:1070E0008FE290E09C01429FC001439F900D529F10
:1070F000900D1124082719272091C6803091C78050
:1071000083E590E0AC01249FC001259F900D349F42
:10711000900D1124082719276091105E7091115E5F
:107120008091125E9091135E25E630E040E050E0E1
:107130000F94434D062717270E211F21C8011F91C9
:107140000F91FF90EF90089510922B9A10922E9A23
:107150008AE08093A9731092AA7381E08093309A99
:1071600008952091CF80822F81508230E8F0243022
:10717000D9F02D30C9F02E30B9F02231A9F02531E7
:1071800099F0263189F0293179F0293269F02A32D3
:1071900059F02B3249F0243339F080E090E0253368
:1071A00029F481E090E0089581E090E00895109244
:1071B00035851092348510923785109236852FB719
:1071C000F8948091D3809091D4809093B6738093FB
:1071D000B5732FBF0895DC0188E290E0A89FF0010D
:1071E000A99FF00DB89FF00D1124EE56F646808150
:1071F000882311F460E039C0FD01E158FF47E081C8
:10720000EC30E8F08FB7F8942091D1803091D280A3
:10721000AA0FBB1FAD57BF47ED91FC918FBF809167
:107220008280882319F448E354E002C048E750E024
:1072300060E02E1B3F0B42175307B8F415C0E63031
:1072400098F08FB7F8942091D1803091D2808FBF81
:1072500060E0AA0FBB1FAD57BF478D919C91281BC3
:10726000390B2F31310508F061E0862F08958091A8
:10727000000080931D9B80910C0080931D9B80914A
:107280000D0080931D9B8091B20180931D9B0895FA
:10729000A4E1B0E0EEE4F9EB0D94AF4D3C015B01ED
:1072A0006A014901CE0101960E94F4618E81F601C6
:1072B00080838F81F501808388859985F30191838F
:1072C00080838C81F40180838B81F80180838A81A3
:1072D000F70180836496EEE00D94CB4DAF92BF92A0
:1072E000CF92DF92FF920F931F93DF93CF93CDB78F
:1072F000DEB764970FB6F894DEBF0FBECDBF5B015B
:107300006C018A018EE24332580709F46AC0E6E74D
:10731000F4EA7AE0F72E20E030E04285538541150B
:10732000510521F42F1500F5F22E1EC080819181A8
:10733000A281B3818A159B05AC05BD05A9F48481A2
:1073400095818017910781F4F901EE0FFF1FE20F7D
:10735000F31FEE0FFF1FEE0FFF1FEA58FB454F5FB5
:107360005F4F538742873DC02F5F3F4F3C962A3087
:10737000310599F6AAE0FA16A1F1CE0101960E9414
:10738000F4618F2D90E0FC01EE0FFF1FE80FF91F55
:10739000EE0FFF1FEE0FFF1F9F012A583B45D9013B
:1073A000AD92BD92CD92DC921397E658FB451183C6
:1073B000008388899989AA89BB89F9018683978383
:1073C000A087B18781E090E0938782872FB7F894F8
:1073D0008091D3809091D4809093389A8093379AFB
:1073E0002FBF81E064960FB6F894DEBF0FBECDBF0D
:1073F000CF91DF911F910F91FF90DF90CF90BF90C1
:10740000AF900895A0E0B0E0E8E0FAEB0D94B54D40
:10741000082FF62E172FC42EE22ED32E8DB79EB72F
:1074200008970FB6F8949EBF0FBE8DBFEDB7FEB79D
:10743000319689EA9EE3ADB7BEB712969C938E93C0
:1074400011974283138264837583068317820F9496
:10745000FC500195011B0F190C192E2D3D2DC90152
:10746000EC0110E08DB79EB708960FB6F8949EBF5A
:107470000FBE8DBF19C000D00F92EDB7FEB7319689
:1074800084EA9EE3ADB7BEB712969C938E93119794
:107490008881828313820F94FC508991081B1F5F9F
:1074A0000F900F900F900F901C1528F300D00F92A3
:1074B000EDB7FEB731968DE99EE3ADB7BEB7129634
:1074C0009C938E931197028313820F94FC500F901C
:1074D0000F900F900F90CDB7DEB7E8E00D94D14D2F
:1074E000A0E1B0E0E6E7FAEB0D94B84DF82E00E02D
:1074F00015E125C09FB7FF2011F0F8945F9AFA01BB
:10750000E00FF11F80815F989FBF9E012F5F3F4F6B
:10751000F901E40FF51F80834F5F5F4F4031510544
:1075200049F780E0B80140E16DDF8FEF003F1807B9
:1075300049F0005F1F4F8FEF0F3F180719F040E031
:1075400050E0D8CF81E060E070E040E020E030E043
:1075500059DF6096E5E00D94D44DCF93DF93EC01B5
:107560008091469C823090F04091C6805091C780B7
:1075700060E070E085E992E40F942624488150E0B1
:1075800060E070E08EE792E40F94262428812223A5
:1075900009F450C09091B97F992359F4253648F0E9
:1075A0002E3638F4E22FF0E0E55BF048E081EE2380
:1075B00019F4E0EBFFE719C0E695E8838091469C5B
:1075C0008230C0F14091C6805091C78060E070E089
:1075D00085E992E40F942624488150E060E070E051
:1075E00089E592E40F94262425C08081869528178A
:1075F000D9F48091469C823090F04091C6805091A1
:10760000C78060E070E085E992E40F942624488109
:1076100050E060E070E086E392E40F9426249091BD
:10762000B97F81E0982707C031968FE7E93BF807DB
:10763000E1F601C091E0892FDF91CF910895A1E09B
:10764000B0E0E5E2FBEB0D94B74D7C011092B97F01
:1076500090E000E010E0F7018081803348F48E3242
:1076600028F5833231F18C3209F1803281F51CC06A
:107670008A3368F5282F2053002311F4122F07C0F6
:107680008AE0189F102D1124120F023008F40F5FAA
:10769000812F602F99830F94FE4B9981E92FF0E0A1
:1076A000E055F048808317C00023A1F09F5F00E001
:1076B00011C0002361F4992351F481E08093B97FD4
:1076C0000CC0E92FF0E0E055F04810829F5F993040
:1076D000C0F307C010E0993020F40894E11CF11CBD
:1076E000BACF2196E6E00D94D34DA8E2B0E0EBE7E7
:1076F000FBEB0D94B34D83E68093CF801092AE7375
:107700001092AD7323982B9A549A55985D98219AAC
:107710000F947421409175A450E060E070E084E71C
:107720009EE30F9426248BE69EE38E010F5F1F4F8E
:10773000B8010E94888E019719F081E090E008C09E
:10774000C8010F94E74E8430910510F083E090E07B
:10775000982F990F990F8068982B909374000F922F
:107760000F928BE59EE3EDB7FEB7928381830F9472
:10777000FC501092CA981092C0800F900F90E4DCD9
:1077800085ED90E80F94514C89E091E80F94514CAD
:107790000EDD10923E811092B7730F920F928BE321
:1077A0009EE3EDB7FEB7928381830F94FC50109255
:1077B000D2720F900F908FE19CE37E010894E11C40
:1077C000F11CB7010E94888E019761F4C7010F94E4
:1077D000E74E182FC7010F944B50682F812F0F943D
:1077E000FE4B01C08CE280934DA48CE29CE360E0F0
:1077F0000F94FC1E1092AD7F882319F081E08093D6
:10780000AD7F8FE39CE38E010F5F1F4FB8010E9495
:10781000888E019721F4C8010F94E74E01C081E0E2
:107820008093AE7F83E19CE37E010894E11CF11C10
:10783000B7010E94888E019771F4C7010F94E74E3B
:10784000182FC7010F944B50682F812F0F94FE4BB8
:107850008093AC7F04C01092AC7F1092AD7FE0EBC0
:10786000FFE711922FE7E93BF207D9F71092B97FB2
:107870008CE49CE38E010F5F1F4FB8010E94888E3D
:10788000019711F4C801DBDE8DE79CE38E010F5FE9
:107890001F4FB8010E94888E019761F4C8010F94B0
:1078A000044F60935C8070935D8080935E809093C2
:1078B0005F8008C010925C8010925D8010925E80A4
:1078C00010925F8087E89CE38E010F5F1F4FB80125
:1078D0000E94888E019741F4C8010F94E74E90935F
:1078E00061808093608004C01092618010926080FB
:1078F0001092688086E99CE38E010F5F1F4FB801EC
:107900000E94888E019741F4C8010F94044F709330
:1079100063806093628006C086E890E09093638005
:10792000809362808BE89CE360E00F94FC1E8823C8
:1079300021F085E08093A28002C01092A2808BEAA1
:107940009CE360E00F94FC1E882341F08091A280AC
:10795000882321F481E08093CB7502C01092CB750F
:107960008FE99CE38E010F5F1F4FB8010E94888E44
:10797000019721F4C8010F94E74E02C08DE290E018
:107980009093A6808093A58089E59CE38E010F5F8C
:107990001F4FB8010E94888E019721F4C8010F94EF
:1079A000E74E01C083E08093BA7F83E69CE38E01BB
:1079B0000F5F1F4FB8010E94888E019721F4C80104
:1079C0000F94E74E01C084E48093B4758091B47540
:1079D0008A3018F48AE08093B47589ED9CE38E01B7
:1079E0000F5F1F4FB8010E94888E019761F4C80194
:1079F0000F94044F609326A2709327A2809328A22D
:107A0000909329A208C0109226A2109227A2109249
:107A100028A2109229A2A2E9EA2EA9E9FA2EFAE0F8
:107A2000AF2EFAE9BF2EEFE7CE2EE0E8DE2E00E023
:107A300010E0F801EA5AFD4D80819181B7010E9462
:107A4000888E019711F0F7011082F50111921192C1
:107A5000119211925F01F60111926F012FB7F89404
:107A60008091D1809091D280F801ED57FF479183AA
:107A700080832FBF0E5F1F4F88E290E0E80EF91E53
:107A800006301105B1F6109282808BEC9BE369E819
:107A900070E80E94888E019711F0109289801092F0
:107AA000968083ED9BE361E00F94FC1E1092398574
:107AB000882319F081E0809339858AEF9BE360E0A9
:107AC0000F94FC1E1092AF7F882319F081E0809301
:107AD000AF7F80E79CE361E00F94FC1E1092C580AD
:107AE000882319F081E08093C58086E39CE38E01B2
:107AF0000F5F1F4FB8010E94888E019721F4C801C3
:107B00000F94E74E01C082E08093349A83EC9BE3AC
:107B10008E010F5F1F4FB8010E94888E019731F4CC
:107B2000C8010F94E74E8093169A02C01092169ADD
:107B300080EE9BE38E010F5F1F4FB8010E94888E7D
:107B4000019721F4C8010F94E74E01C081E08093B2
:107B5000469C90E08091469C8A3008F091E090939A
:107B6000369A992329F08091469C8A508093469CAE
:107B70008AEE9BE38E010F5F1F4FB8010E94888E33
:107B8000019721F4C8010F94E74E01C081E0809372
:107B9000479C0FEF1FEF10939C8000939B801092E7
:107BA0009D800F920F928CE29EE3EDB7FEB7928319
:107BB00081830F94FC5081E0809354A410932C8512
:107BC00000932B8510922D851092BD751092BE7575
:107BD0001092BF751092C07510922E852FB7F89431
:107BE0008091D3809091D480909332858093318519
:107BF0002FBF1092378510923685109235851092DE
:107C000034858FEF9FEF9093BC758093BB752FB732
:107C1000F8948091D3809091D4809093C87580938C
:107C2000C7752FBF10926480109265801092668095
:107C30001092678083E08093B0801092AF800FEF46
:107C40001FEF1093AA800093A9800F900F9081EBF3
:107C500090E864E670E0CAD91093CE750093CD75B4
:107C60001092CC751092987F1092977F10929F7F00
:107C700010929C7F10929B7F2FB7F8948091D180B7
:107C80009091D2809093A17F8093A07F2FBF10927C
:107C9000A27F809175A48830A1F0E0E8F4EA118217
:107CA00010823C9624EAE83FF207C9F72FB7F89410
:107CB0008091D3809091D4809093389A8093379A12
:107CC0002FBF0F94C64B85EC8093BC001092C980E7
:107CD0001092CA802FB7F8948091D1809091D28071
:107CE00090939F8080939E802FBF83E090E090933D
:107CF000A1808093A08080EA809349A484EF91E0E2
:107D00000E94D46A84EA9DEC0E941E6B882309F4C9
:107D1000EBC00F920F928CE09EE3EDB7FEB792831B
:107D200081830F94FC500F900F901B99DBC080E073
:107D30000E94BA6981E00E94C46982E00E94BA6927
:107D400083E00E94BA6902C01B9907C08FB7F894FC
:107D50004091D3805091D4808FBF2FB7F8948091F9
:107D6000D3809091D4802FBF841B950B459760F3EF
:107D700080E00E94C46981E00E94BA698FB7F894DC
:107D80000091D3801091D4808FBF8FC01B9950C0B9
:107D9000FF2069F48FB7F8940091D3801091D480BC
:107DA0008FBF82E00E94C469FF24F3947FC02FB785
:107DB000F8948091D3809091D4802FBF801B910B39
:107DC0008D52914020F180E00E94BA6981E00E94CA
:107DD000C46982E00E94C46983E00E94C4690E9471
:107DE000B28E8FB7F8940091D3801091D4808FBF5A
:107DF0002FB7F8948091D3809091D4802FBF801BAF
:107E0000910B85369105A0F30E94DF8F4FC02FB7ED
:107E1000F8948091D3809091D4802FBF801B910BD8
:107E2000893C910508F442C083E00E94C4693EC0C9
:107E3000FF2009F43BC02FB7F8948091D380909134
:107E4000D4802FBF801B910B459728F180E00E94C2
:107E5000BA6981E00E94C46982E00E94BA6983E045
:107E60000E94C46984E99EE30E943E8D8FB7F89416
:107E70004091D3805091D4808FBF2FB7F8948091D8
:107E8000D3809091D4802FBF841B950B85369105AC
:107E9000A0F30E94DF8F8FB7F8940091D3801091E8
:107EA000D4808FBF82E00E94BA69FF242FB7F89474
:107EB0008091D3809091D4802FBF801B910B8D52E5
:107EC000914008F463CFFF2009F060CF80E00E946A
:107ED000BA6981E00E94BA6982E00E94BA6983E0CF
:107EE0000E94C4691092D080A896EAE00D94CF4D0C
:107EF0001F920F920FB60F920BB60F9211242F9371
:107F00003F934F935F936F937F938F939F93AF9321
:107F1000BF93EF93FF93F894A89580E00E94C46903
:107F200081E00E94C46982E00E94C4698DB79EB757
:107F30009093EFA48093EEA48BEB9BEB9093F1A432
:107F40008093F0A48091EEA49091EFA44FEF51E2C2
:107F5000481B590B6091EEA47091EFA46F5F7F4FA7
:107F600088279927841B950B0F94CC4F8091EEA402
:107F70009091EFA4892BD1F78091EEA49091EFA47A
:107F80009EBF8DBF8091EEA49091EFA44FEF51E280
:107F9000481B590B8091EEA49091EFA46627772798
:107FA000641B750B01960F94CC4FFF91EF91BF911D
:107FB000AF919F918F917F916F915F914F913F9181
:107FC0002F910F900BBE0F900FBE0F901F90189522
:107FD000A6E0B0E0EEEEFFEB0D94B84DF82E8091E8
:107FE000169AF81601F18F2D90E08E010F5F1F4F4A
:107FF000B8014AE050E00F948C5083EC9BE3B80149
:108000000E94EE8DF092169A84E790E06F2D0F9407
:10801000863E0F920F92EDB7FEB7928381830F9445
:10802000FC500F900F902696E5E00D94D44DA1E002
:10803000B0E0EDE1F0EC0D94B94D8B01BE016F5F46
:108040007F4F0F94144C982F8981882329F48DE257
:10805000F8018083118213C0892F90E0B8014AE0B3
:1080600050E00F948C508981823048F0F801818172
:10807000882329F412828081818380E38083219682
:10808000E4E00D94D54D0F931F938C014091C68071
:108090005091C78060E070E085E992E40F94262457
:1080A000C8010F946C241F910F91089580919B7FBC
:1080B00090919C7F9C0136952795280F391F30930E
:1080C0009C7F20939B7F81E02039380718F480E95A
:1080D00091E005C0215E3E4230F080EE9EE290933A
:1080E0009C7F80939B7F8091469C882369F08EE7DC
:1080F00091E6C9DF40919B7F50919C7F60E070E0EA
:1081000081E791E60F94262440919F7F50E04F5FD6
:10811000433008F040E0242F30E088E290E0289FD0
:10812000F001299FF00D389FF00D1124EE56F64610
:108130008081882319F45F5F533049F740939F7F14
:1081400008950F931F93CF93DF93EC018330910534
:1081500018F58C0101581F47F80180818823E1F050
:108160008150808384EA95E68EDF88E290E09C016E
:10817000C29FC001C39F900DD29F900D11248E56B7
:1081800096460F940625F801408150E060E070E0CB
:1081900081E895E60F942624DF91CF911F910F91EE
:1081A0000895CF93DF93EC018330910588F52FB7C5
:1081B000F8948091D1809091D280FE01EE0FFF1F44
:1081C000ED57FF47918380832FBFFE01E158FF47A2
:1081D00080818C3010F48E5F808387ED95E653DFCD
:1081E00088E290E09C01C29FC001C39F900DD29F86
:1081F000900D11248E5696460F940625C158DF47E0
:10820000488150E060E070E087EB95E60F9426240B
:10821000DF91CF9108950F931F9390913E819A32F1
:1082200009F03FC090913F81192F10531A30C8F5C3
:10823000909140819A3291F4882369F08EE391E81D
:108240000F944B50AC01425050408EE391E861E4F2
:1082500071E80F94D54F812F61E01DC0092F0053A5
:108260000A30F8F4909141819A32D9F4882369F068
:108270008EE391E80F944B50AC01435050408EE395
:1082800091E862E471E80F94D54F8AE0189FC0012D
:108290001124800F62E00F94FE4B8695282F30E06A
:1082A00007C0992319F42FEF3FEF02C020E030E020
:1082B000C9011F910F9108951F93CF93DF93182F3A
:1082C00087EB93E70F944B50EC0181E0C435D8075E
:1082D00044F0EC9787EB93E763EF73E7AE010F94FD
:1082E000D54FFE01E954FC4810831182DF91CF91F4
:1082F0001F910895EF92FF921F93182F4DEDE42EDA
:1083000042E7F42EC70167E274E40F945F4FC701A0
:108310000F944B50B701680F791F812F90E04AE00E
:1083200050E00F948C50C7011F91FF90EF9008957B
:10833000EF92FF920F931F93CF93DF938C017B01FA
:10834000009709F485C08091469C823008F443C0B0
:1083500089E09EE498DE065B1F4ED8012D913C918A
:1083600082E398E0289FF001299FF00D389FF00DDF
:108370001124ED53F74D66817781808591850F94A7
:10838000062487E09EE40F946C2404541040D80126
:10839000ED91FC9106501041309719F4E8012296B6
:1083A00008C0EE5EF74FEE0FFF1FE00FF11FC08118
:1083B000D181CE010F944B5098012E5F3F4FC80FD3
:1083C000D91FC21BD30BC901BE010F949A2484E0AC
:1083D0009EE40F946C240A5F1F4EF8018081918106
:1083E00006501041892BA1F1C80169E17EE40E9489
:1083F00049A6892B69F1C80169E17EE40E9472A651
:10840000FC01ED5EF74FEE0FFF1FE00FF11FC08183
:10841000D181CE0161E07EE40F94564F892B19F48F
:10842000D7011C920AC0CE016EEF7DE40F94564F27
:10843000892B71F481E0F7018083F801EA5FFF4E38
:1084400080819181019711F41182108281E001C035
:1084500080E0CDB7DEB7E6E00D94D34DAAE0B0E002
:10846000E4E3F2EC0D94B74D66ED72E761DF0E9434
:10847000D7A780E590E06091D6720F94863E0F9268
:108480000F92ADB7BEB712969C938E9311970F942F
:10849000FC50FF24F3940F900F904CC08E2D6F2D45
:1084A0000F94FE4B182FBE016F5F7F4FC0DD809190
:1084B0004DA4181729F4809149A4082F10E006C094
:1084C000812F0F946A4B8C0197FD21C081E590E0CC
:1084D0006091D6720F94863E00D000D0EDB7FEB703
:1084E0003196ADB7BEB712969C938E931197CE017D
:1084F000019693838283158304830F94FC50EDB718
:10850000FEB736960FB6F894FEBF0FBEEDBFE394EC
:10851000F1E0FF1619F023E630E002C029E030E078
:108520008E2D90E0281739070CF0B8CFF39483E034
:10853000F81611F0EE24ECCF82E590E06091D6724F
:108540000F94863E0F920F92ADB7BEB712969C93D2
:108550008E9311970F94FC500F900F900E94CAA712
:108560002A96E6E00D94D34D68ED72E7E1DE0E94B5
:10857000D7A780918980882319F484E490E004C00F
:108580001092968085E490E06091D8720F94863EB8
:108590000F920F92EDB7FEB7928381830F94FC5038
:1085A0000F900F900C94CAA70F931F93CF93DF9354
:1085B0006BED72E7BDDE0F920F928EE393E4ADB7E1
:1085C000BEB712969C938E9311970F94FC50809196
:1085D000CF800F900F90863109F056C084E290E072
:1085E0006091DB720F94863E0F920F92EDB7FEB74B
:1085F000928381830F94FC5000D000D0EDB7FEB77A
:1086000031968CE193E4ADB7BEB712969C938E93EE
:10861000119707EB13E7138302838BE495E79583A8
:1086200084838EE391E8978386830F94FC50EDB7A3
:10863000FEB738960FB6F894FEBF0FBEEDBF80911F
:10864000469C833008F465C08CEF92E41CDDC801C1
:108650000F944B50EC01C157DC48C017D10708F408
:10866000E801CE010F944B50BC01CE010F949A2427
:1086700087EB93E70F944B50AC0160E070E084EF20
:1086800092E40F94262445C08823D9F485E290E033
:108690006091DB720F94863E0F920F92ADB7BEB71A
:1086A00012969C938E9311970F94FC501092B7736F
:1086B0000F900F908091469C833058F18DEC92E49E
:1086C00027C08F3169F487E290E06091DB720F94EC
:1086D000863E0F920F92EDB7FEB7928381830EC054
:1086E00086E290E06091DB720F94863E0F920F92CB
:1086F000ADB7BEB712969C938E9311970F94FC5012
:108700000F900F908091469C833018F083EA92E49A
:10871000BADC0E94CAA72FB7F8948091D3809091B9
:10872000D4809093B6758093B5752FBFDF91CF91AC
:108730001F910F91089580914CA4882381F180911D
:108740004CA40F946A4B97FF12C04091C680509181
:10875000C78060E070E085E992E40F9426244091A0
:108760004CA450E060E070E087EC9EE513C087FF0A
:1087700013C04091C6805091C78060E070E085E9E9
:1087800092E40F94262440914CA450E060E070E005
:1087900084E99EE50D9426248AEA0D94374B0895CA
:1087A000A0E0B0E0E6EDF3EC0D94B54DEC01CA5F4E
:1087B000DF4E88819981C650D041892BE1F0CE01EE
:1087C00068EF7DE40E9449A6892BA9F01092CA980F
:1087D0008FEF8093C8801092C9801092CA80109247
:1087E000D37281EB90E864E670E00E94F6B71092D5
:1087F00068A4109267A4CA5FDF4E88819981C65031
:10880000D041892BC1F0CE016BEE7DE40E9449A6D8
:10881000892B89F08FB7F8942091D3803091D48040
:108820003093AC732093AB738FBF80ED97E0909340
:10883000AE738093AD730E94D7A78091788090919A
:108840007980A0917A80B0917B800097A105B105D5
:10885000C9F189E690E80E94A75F40916E8050912F
:108860006F80209170803091718060916C807091E8
:108870006B80A0916A808DB79EB70E970FB6F89463
:108880009EBF0FBE8DBFEDB7FEB731968AEB9DE45C
:10889000CDB7DEB79A8389834283138254831582CE
:1088A000378326836087118672871386A48715868F
:1088B0000F94FC50EDB7FEB73E960FB6F894FEBF8E
:1088C0000FBEEDBF00D00F9287EA9DE4ADB7BEB7F3
:1088D00012969C938E9311978AEC98E914969C9328
:1088E0008E9313970F94FC50EDB7FEB731968AE83C
:1088F0009DE4CDB7DEB79A8389838091C08082835F
:1089000013820F94FC50EDB7FEB731968BE79DE4D0
:10891000ADB7BEB712969C938E9311978091CF807E
:10892000828313820F94FC50209149A4EDB7FEB7C7
:10893000319689E69DE4CDB7DEB79A838983228399
:1089400013820F94FC50EDB7FEB731968FE49DE48F
:10895000ADB7BEB712969C938E93119780912D85DB
:10896000828313820F94FC5083E39DE4CDB7DEB77E
:108970009A83898380912B8590912C859C838B830E
:108980000F94FC500F920F9289E19DE4EDB7FEB772
:10899000928381838091BD759091BE75A091BF75C2
:1089A000B091C075CDB7DEB78B839C83AD83BE839A
:1089B0000F94FC500F900F908FEF9CE4EDB7FEB733
:1089C000928381838091C1759091C27594838383D2
:1089D0000F94FC50EDB7FEB7319680EE9CE4ADB736
:1089E000BEB712969C938E931197809133858283A4
:1089F00013820F94FC50EDB7FEB731968FEB9CE4D9
:108A0000CDB7DEB79A8389838091C975828313823B
:108A10000F94FC50EDB7FEB731968DE99CE4ADB7ED
:108A2000BEB712969C938E93119780912E85828368
:108A300013820F94FC508FB7F8942091D38030911B
:108A4000D4808FBF8CE69CE4CDB7DEB79A83898350
:108A50008091318590913285281B390B3C832B8383
:108A60000F94FC5083E59CE4EDB7FEB792838183BD
:108A70008091348590913585948383830F94FC5045
:108A800089E39CE4ADB7BEB712969C938E93119781
:108A9000809136859091378514969C938E93139789
:108AA0000F94FC50EDB7FEB7319681E29CE4CDB750
:108AB000DEB79A83898380913885828313820F94ED
:108AC000FC508CEF9BE4EDB7FEB7928381838091DD
:108AD000A37F9091A47F948383830F94FC50EDB780
:108AE000FEB7319686ED9BE4ADB7BEB712969C9368
:108AF0008E9311978091A77F828313820F94FC50ED
:108B000080EB9BE4CDB7DEB79A8389838091A57F04
:108B10009091A67F9C838B830F94FC50EDB7FEB79A
:108B2000319684E99BE4ADB7BEB712969C938E93C1
:108B300011978091CB75828313820F94FC50EDB70F
:108B4000FEB7319684E79BE4CDB7DEB79A8389837D
:108B50008091CC75828313820F94FC508EE49BE449
:108B6000EDB7FEB7928381838091CD759091CE75DC
:108B7000948383830F94FC508BE29BE4ADB7BEB724
:108B800012969C938E9311978091977F9091987FE6
:108B900014969C938E9313970F94FC508FB7F89470
:108BA0002091D3803091D4808FBF8BEF9AE4CDB7E2
:108BB000DEB79A8389838091997F90919A7F281B51
:108BC000390B3C832B830F94FC5084ED9AE4EDB772
:108BD000FEB79283818380919B7F90919C7F948349
:108BE00083830F94FC508FB7F8942091D3803091F9
:108BF000D4808FBF85EA9AE4ADB7BEB712969C9336
:108C00008E93119780919D7F90919E7F281B390BA9
:108C100014963C932E9313970F94FC50EDB7FEB728
:108C2000319683E89AE4CDB7DEB79A838983809141
:108C30009F7F828313820F94FC50EDB7FEB731966D
:108C40008EE69AE4ADB7BEB712969C938E931197B9
:108C50008091A280828313820F94FC508FB7F89486
:108C60002091D1803091D2808FBF8DE39AE4CDB72F
:108C7000DEB79A83898380919E8090919F80281B84
:108C8000390B3C832B830F94FC5089E19AE4EDB7B8
:108C9000FEB7928381838091A0809091A18094837C
:108CA00083830F94FC50EDB7FEB731968FEF99E4B4
:108CB000ADB7BEB712969C938E9311978091B080FA
:108CC000828313820F94FC50EDB7FEB731968DED81
:108CD00099E4CDB7DEB79A8389838091AF80828390
:108CE00013820F94FC508FB7F8942091D380309169
:108CF000D4808FBF84EB99E4EDB7FEB79283818374
:108D00008091A3809091A480281B390B3483238306
:108D10000F94FC5088E999E4ADB7BEB712969C93C6
:108D20008E9311978091A7809091A88014969C9320
:108D30008E9313970F94FC5087E799E4CDB7DEB775
:108D40009A8389838091A9809091AA809C838B8348
:108D50000F94FC5084E599E4EDB7FEB792838183CC
:108D60008091AB809091AC80948383830F94FC506E
:108D70008FE299E4ADB7BEB712969C938E9311978C
:108D80008091AD809091AE8014969C938E931397B2
:108D90000F94FC50EDB7FEB731968EE099E4CDB755
:108DA000DEB79A83898380916880828313820F94CF
:108DB000FC500F900F908CEE98E4EDB7FEB79283C5
:108DC00081830F94FC508DB79EB70C970FB6F89423
:108DD0009EBF0FBE8DBFEDB7FEB731960CE513E712
:108DE000ADB7BEB712961C930E9311978FE098E61D
:108DF000938382838091B6809091B780A091B88050
:108E0000B091B98084839583A683B7838091BA801B
:108E10009091BB80918780878091BE809091BF8028
:108E2000938782878091BC809091BD80958784874D
:108E30000F941E51CDB7DEB72C960FB6F894DEBF57
:108E40000FBECDBF1A8309830F94EB500F900F9084
:108E5000809126A2909127A2A09128A2B09129A248
:108E60000097A105B10519F00F94EC260CC00F92E4
:108E70000F928EEC98E4EDB7FEB7928381830F9446
:108E8000FC500F900F9000D00F928EEA98E4ADB78F
:108E9000BEB712969C938E93119780919B80909170
:108EA0009C8014969C938E9313970F94FC50EDB76F
:108EB000FEB7319681E898E4CDB7DEB79A8389830F
:108EC00080918280828313820F94FC50EDB7FEB7AD
:108ED000319687E698E4ADB7BEB712969C938E9311
:108EE000119780919D80828313820F94FC50FFE73D
:108EF000EF2EF0E8FF2EE3E8CE2EE0E8DE2EC2E90A
:108F0000D9E90F900F900F900F908FB7F8942091A0
:108F1000D1803091D2808FBFEDB7FEB738970FB6B2
:108F2000F894FEBF0FBEEDBF31968BE298E4ADB76B
:108F3000BEB712969C938E931197D383C283D701A9
:108F40008D917D0184831582D6018D919D916D0156
:108F5000281B390B378326830F94FC50A896EDB756
:108F6000FEB738960FB6F894FEBF0FBEEDBFF2E81D
:108F7000EF16F0E8FF0649F68FB7F8942091D180FC
:108F80003091D2808FBF00D00F9283E098E4ADB7CC
:108F9000BEB712969C938E9311978091B77590915E
:108FA000B875281B390B14963C932E9313970F9486
:108FB000FC508FB7F8942091D3803091D4808FBF2C
:108FC0008DED97E4CDB7DEB79A8389838091B37333
:108FD0009091B473281B390B3C832B830F94FC5066
:108FE0002091AF733091B0738CEB97E4EDB7FEB77F
:108FF00092838183348323830F94FC50209169A44E
:1090000030916AA482EA97E4ADB7BEB712969C93FA
:109010008E93119714963C932E9313970F94FC50B4
:10902000209151A4EDB7FEB7319685E897E4CDB70E
:10903000DEB79A838983228313820F94FC508FB703
:10904000F8942091D3803091D4808FBF8EE497E440
:10905000EDB7FEB7928381838091B5739091B6731B
:10906000281B390B348323830F94FC508FB7F8945B
:109070002091D3803091D4808FBF8FE197E4ADB73A
:10908000BEB712969C938E93119780912F859091E5
:109090003085281B390B14963C932E9313970F940D
:1090A000FC50EDB7FEB7319689E097E4CDB7DEB757
:1090B0009A8389838091D372828313820F94FC50A8
:1090C000209167A4309168A484EF96E4EDB7FEB7D1
:1090D00092838183348323830F94FC5089ED96E43B
:1090E000ADB7BEB712969C938E9311978091C680B0
:1090F0009091C78014969C938E9313970F94FC5075
:109100002091CB803091CC804091CD805091CE8009
:109110000F920F928CEB96E4CDB7DEB79A838983DA
:10912000EDB7FEB723833483458356830F94FC50F9
:109130002091C8800F900F90EDB7FEB7319685EA69
:1091400096E4ADB7BEB712969C938E931197228387
:1091500013820F94FC502091C980EDB7FEB7319671
:109160008EE896E4CDB7DEB79A8389832283138293
:109170000F94FC502091CA80EDB7FEB7319682E77C
:1091800096E4ADB7BEB712969C938E931197228347
:1091900013820F94FC50CC24DD240F900F900F907D
:1091A0000F9082E398E0C89EE001C99ED00DD89E42
:1091B000D00D1124CD53D74D8881882309F443C0A5
:1091C000F880E98089E194E0C89EF001C99EF00D25
:1091D000D89EF00D1124EE0FFF1FEB53F74D608169
:1091E0007181AC81BD812E813F81488559850E8971
:1091F0001F89CDB7DEB762970FB6F894DEBF0FBEFA
:10920000CDBFEDB7FEB7319689EF95E49A83898398
:10921000D382C282F4821582E682178271876087C8
:10922000B387A2872487358746875787118B008BA2
:109230000F94FC50EDB7FEB772960FB6F894FEBFD0
:109240000FBEEDBF14C000D00F928EED95E4ADB708
:10925000BEB712969C938E9311971496DC92CE9281
:1092600013970F94FC500F900F900F900F9008944D
:10927000C11CD11CB6E0CB16D10409F092CF00D0AE
:109280000F928CEC95E4CDB7DEB79A8389838091F9
:109290006280909163809C838B830F94FC500F922B
:1092A0000F9284EB95E4EDB7FEB7928381838091B2
:1092B000648090916580A0916680B0916780CDB701
:1092C000DEB78B839C83AD83BE830F94FC508FB736
:1092D000F8942091D1803091D2808FBF0F900F9061
:1092E00085E895E4EDB7FEB7928381838091C180D4
:1092F0009091C280281B390B348323830F94FC5038
:1093000081E695E4ADB7BEB712969C938E93119704
:109310008091C3809091C48014969C938E931397F0
:109320000F94FC5083E495E4CDB7DEB79A8389832C
:10933000809102A3909103A39C838B830F94FC5094
:1093400089E295E4EDB7FEB7928381838091399AE3
:1093500090913A9A948383830F94FC5020917400E7
:10936000EDB7FEB7319688E195E4ADB7BEB712967A
:109370009C938E931197228313820F94FC500F902D
:109380000F900F900F9087E19AE90E94A75F40919C
:109390001C9A50911D9A20911E9A30911F9A6091AB
:1093A0001A9A7091199AA091189ACDB7DEB7609762
:1093B0000FB6F894DEBF0FBECDBFEDB7FEB7319646
:1093C00082ED94E49A8389834283138254831582C5
:1093D000378326836087118672871386A487158654
:1093E000809175A4868717860F94FC5087E8809338
:1093F0007A008EE580937C0010927B00EDB7FEB77B
:109400003E960FB6F894FEBF0FBEEDBF82EC94E41B
:10941000928381830F94FC5000E00F900F90809115
:109420007A00806480937A0080917A0086FDFCCF78
:1094300020917800309179002115310511F421E057
:1094400030E000D000D08DEB94E4ADB7BEB71296FB
:109450009C938E93119740E050E060E070E381E1CF
:1094600090E00F94894DCDB7DEB72B833C834D83BD
:109470005E830F94FC500F5FEDB7FEB736960FB6C4
:10948000F894FEBF0FBEEDBF0A3049F68DB79EB708
:109490000E970FB6F8949EBF0FBE8DBFEDB7FEB707
:1094A00031968DE394E4ADB7BEB712969C938E933C
:1094B00011978091105E9091115EA091125EB09113
:1094C000135E82839383A483B58380910C5E909115
:1094D0000D5EA0910E5EB0910F5E86839783A0878C
:1094E000B1878091075E9091085EA091095EB0916E
:1094F0000A5E82879387A487B5870F94FC50CDB707
:10950000DEB72E960FB6F894DEBF0FBECDBF0E9419
:10951000CAA781E00F949721CDB7DEB7E8E00D949C
:10952000D14DCF93DF936091977F7091987F6115B4
:10953000710509F481C08091CD759091CE752FEFA2
:109540008F3F920709F451C04FEC55E720E00E948D
:10955000EE78EC018091469C853030F4843049F5FA
:109560008091CF75882329F14091C6805091C780A2
:1095700060E070E085E992E40F9426244091977FA3
:109580005091987F60E070E08BE392E60F94262480
:109590006091977F7091987F8FEC95E70F949A2454
:1095A000AE01662757FD6095762F8DE292E60F9407
:1095B00026248091977F9091987FC817D90769F1E9
:1095C0008BEF91E60E9443C08091CD759091CE754E
:1095D0000E943B788FEF9FEF9093CE758093CD756F
:1095E0001092CC750E9456C018C08091469C823063
:1095F000A0F04091C6805091C78060E070E085E99E
:1096000092E40F9426244091977F5091987F60E0D8
:1096100070E08AEA91E60F9426241092987F1092C7
:10962000977F2FB7F8948091D3809091D4809093B6
:109630009A7F8093997F2FBFDF91CF9108950F93E9
:109640001F93CF93DF938C010F94664F482F209187
:10965000368530913785C82FD0E0C90102968C0F2E
:109660009D1F8A5B9940F8F4F901EE5FF04784E0B2
:109670008083C9010196FC01EE5FF04740830196AB
:1096800090933785809336858E5F9047B8010F940D
:109690005F4F80913685909137858C0F9D1F9093F9
:1096A00037858093368581E080932E85DF91CF9139
:1096B0001F910F9108951F93CF93DF93282F30E0D0
:1096C000C90181509048880F991F873C9105A0F4EB
:1096D000E901CC0FDD1F1C2F8C2F0F946A4B97FDD7
:1096E0000BC087FF02C085FF05C08091AE7F82302E
:1096F00039F502C0CC2341F58091AC7F882319F461
:1097000082E08093AC7F1091AC7F812F0F946A4BE5
:1097100097FD0AC087FF08C085FD06C084FF14C0FE
:109720008091AC7F181781F08091AE7F882341F043
:109730001E5F193C08F012E08091AC7F181729F7E2
:1097400010924CA490E013C010934CA480914DA4AF
:1097500086950F94374B0F942E4B80914BA490E03D
:10976000882309F491E010924BA410924AA4892F07
:10977000DF91CF911F91089580912D85882379F1F4
:1097800080913385813039F0813040F0823029F189
:10979000833029F51FC080932E8521C081E08093FE
:1097A0002E85209136853091378589E0223C380717
:1097B000B0F4F901EE5FF04783E08083C9010196C0
:1097C000FC01EE5FF04710820196909337858093FD
:1097D000368505C00F94883502C00F94BE371092AD
:1097E0003E8110924B751092B3750895A2E0B0E0DF
:1097F000ECEFFBEC0D94BB4D6DE371E8AE014F5FF8
:109800005F4F9E012E5F3F4F0F94FF4C8823A1F0C6
:1098100085ED90E869810F947E4C882319F480E0EF
:1098200090E00AC06A816F3F19F481E090E004C0C3
:1098300085ED90E80F947E4C2296E2E00D94D74D92
:10984000A0E0B0E0E6E2FCEC0D94B54D8091CF8055
:10985000863179F08E3069F0843059F0853349F0E3
:10986000823139F0893229F08A3219F08B3209F0CD
:1098700066C185ED90E80F94554C882309F45FC1CB
:1098800080913E81882309F4E5C080914B7588233F
:1098900009F0E0C0E090B375FF24DD24CC2458C06B
:1098A000892F61E00F94E54C8F3F39F4F8018081F6
:1098B00063E00F94E54C8F3FC1F0C25CDE478881C6
:1098C000EF2DF0E0E55BFA488083F3948D3019F4D6
:1098D000EE24CC243CC08A3011F4D3944AC0E394E3
:1098E0008032A1F18D3291F132C0F801608167318F
:1098F00051F4EF2DF0E0E55BFA486083F394F80152
:109900001182EE2424C0C2E8DBE3CE0170E00F94A4
:109910004B4F0097E1F08C1B9D0BFC01EC56F44C77
:109920002491EF2DF0E0E55BFA482083F394E39473
:109930008A55944CFC018491EF2DF0E0E55BFA48E8
:109940008083803221F0F394E39401C0CF2CD39430
:10995000CD2DD0E08E01025C1E47F8019081992345
:1099600041F0F1E6FF1528F08091B4758E1508F0EE
:1099700097CF8091B4758E1560F5CC20D1F0CF14BF
:1099800068F46C2D70E04F2D50E0461B570BCB0157
:10999000835B9A48655B7A480F94D54FEC2DF0E0D5
:1099A000E55BFA488DE080838AE0818382E0F80EEF
:1099B00010C0EF2DF0E0E55BFA488DE080839F2D2D
:1099C0009F5FE92FF0E0E55BFA488AE08083F92E9B
:1099D000F394EF2DF0E0E55BFA4810828091469C0D
:1099E000843030F18EEA93E60E9443C00D2D10E0E2
:1099F0008EE391E8B8010F949A248EE391E80F94D6
:109A00004B50AC01401B510B60E070E085EA93E6DF
:109A10000F94262480E993E60E9443C08BE495E7E7
:109A20006F2D70E00F949A248DE893E60F946C24C8
:109A30000D2D10E08EE391E80F944B50AC014F5F79
:109A40005F4F401B510B8EE391E8080F191FB801BF
:109A50000F94D54F80914B75882309F470C0CBE4E7
:109A6000D5E700E010E031C098819D3019F41092E4
:109A7000B3751DC08091B3758F5F8093B3759731B7
:109A8000B1F480913E818823E9F489818D3051F4CD
:109A90008A818A30B9F48B818823A1F487E1A6DE1C
:109AA000198210C0882371F487E1A0DE0BC0892FD2
:109AB0009DDE882339F08091CF80863119F488812A
:109AC0000E945CC10F5F1F4F21968881882331F06F
:109AD00085ED90E80F945E4C882331F28091469C8E
:109AE0008430D0F04091C6805091C78060E070E033
:109AF00085E992E40F942624A80160E070E08DE4EB
:109B000093E60F94262440913D8150E060E070E0A0
:109B10008DE393E60F9426240115110581F08BE463
:109B200095E70F944B50AC014F5F5F4F401B510BBB
:109B30008BE495E7080F191FB8010F94D54FCDB7E7
:109B4000DEB7E8E00D94D14DA4E1B0E0EAEAFDEC27
:109B50000D94B84D06B58091C880081710F4009395
:109B6000C8808091C980801710F40093C9808091CB
:109B7000CB809091CC80A091CD80B091CE80019689
:109B8000A11DB11D8093CB809093CC80A093CD80FC
:109B9000B093CE808091319A8F5F8093319A80917B
:109BA000319A853040F18091D3809091D480019694
:109BB0009093D4808093D3801092319A8091329A7E
:109BC0009091339A01969093339A8093329A809130
:109BD000329A9091339A885E934068F01092339A4B
:109BE0001092329A8091D1809091D2800196909378
:109BF000D2808093D1804091AD735091AE73411566
:109C0000510581F08FB7F8942091D3803091D480A2
:109C10008FBF8091AB739091AC73281B390B2417C5
:109C2000350708F4A8958091CF808336A9F18FB7C6
:109C3000F8942091D3803091D4808FBF80912F856C
:109C400090913085281B390B2952334248F084E526
:109C500097E60E9443C081E00F9497210E94DF8F16
:109C60008FB7F8942091D3803091D4808FBF8091AA
:109C70002F8590913085281B390B2333310518F03F
:109C800080E00E94C469809169A490916AA40196C1
:109C900090936AA4809369A48091CF808E3079F0EC
:109CA000843069F0863159F0823149F0893239F0D7
:109CB0008A3229F08B3219F0853309F07CC180910A
:109CC0002B9A882309F478C080912B9A883009F464
:109CD00073C08091A97381508093A9738091A973F7
:109CE000833068F4809152A4882349F08091A7734F
:109CF0009091A87301969093A8738093A773809115
:109D0000A973882309F04CC080912B9A813051F4BB
:109D10008091A7739091A8730297FCF482E08093DE
:109D20002B9A37C080912B9A8730D1F48091A773FA
:109D30009091A87320E002970CF421E020932D9AD3
:109D400088E080932B9A80912D9A882311F5609159
:109D50002C9A89E091E80F947E4C10922B9A19C0AE
:109D600080912C9A880F80932C9A8091A773909160
:109D7000A87302972CF080912C9A816080932C9A82
:109D800080912B9A8F5F80932B9A1092A8731092D8
:109D9000A7731092A8731092A7738AE08093A97397
:109DA0002FB7F8948091D3809091D4809093B27320
:109DB0008093B1732FBF54C0809152A4882379F44B
:109DC00081E080932B9A10922C9A10922D9A1092E7
:109DD000A8731092A77386E08093A97341C0809105
:109DE0002E9A813091F480912F9A90E08F7190702B
:109DF000880F991F880F991F836080932F9A109264
:109E0000AA7382E080932E9A2BC080912E9A882389
:109E100039F585ED90E80F94554C882309F58FB7F7
:109E2000F8942091D3803091D4808FBF8091B97500
:109E30009091BA75281B390B2739310588F085EDCB
:109E400090E80F94A54C80932F9A11E010932E9ACE
:109E500085ED90E80F94554C882311F01093A87F5E
:109E600080912E9A8230A8F180912E9A8830C1F488
:109E70008091AA738F5F8093AA739091AA73809147
:109E8000AA7F882319F42EE030E002C02CE030E0F5
:109E9000892F90E082179307E4F010922E9A19C050
:109EA00090912F9A8091AA738F5F8093AA7380916B
:109EB000AA738A3060F080912F9A880F80932F9A2E
:109EC00080912E9A8F5F80932E9A1092AA7397FF9B
:109ED00017C08091309A882349F58CE90F94374B4D
:109EE00081E08093309A82E090E09093B073809309
:109EF000AF7383E00E94BA6982E00F9422493DC0AB
:109F00008091309A882391F083E90F94374B109217
:109F1000309A82E090E09093B0738093AF7383E0C7
:109F20000E94C46982E00F94114927C08091AF73E9
:109F30009091B073892B31F08091AF739091B07391
:109F4000019717C080914AA4882321F080914AA4E8
:109F5000853099F4809150A4882379F08091309ACB
:109F6000882311F486E901C08AE90F94374B8AEF00
:109F700090E09093B0738093AF73809152A4882344
:109F800069F080E00F9422498091CF80843011F4F1
:109F900082E001C081E00E94BA6932C080E00F9483
:109FA00011498091CF80843011F482E001C081E0BA
:109FB0000E94C46925C00E94B1B8882309F180912C
:109FC000AF739091B073892B31F08091AF73909102
:109FD000B073019711C080914AA4882321F0809129
:109FE0004AA4853069F4809150A4882349F089EA15
:109FF0000F94374B8AEF90E09093B0738093AF73D8
:10A0000080915B73813009F43DC0813020F0823053
:10A0100009F058C052C01B995AC08FB7F8942091CC
:10A02000D3803091D4808FBF8091597390915A73AF
:10A03000281B390B2530310508F454C081E080938A
:10A040005B732FB7F8948091D3809091D4809093D4
:10A050005A73809359732FBF81E08093968010923A
:10A060009780109298801092998010929A802FB7C2
:10A07000F8948091D1809091D28090939580809334
:10A0800094802FC01B9914C08FB7F8942091D3806F
:10A090003091D4808FBF8091597390915A73281B4F
:10A0A000390B20353105F0F082E080935B7302C0FC
:10A0B00010925B738093D08015C01B9B13C01092CD
:10A0C0005B7310C082E080935B731092D0802FB7D7
:10A0D000F8948091D3809091D48090935A73809318
:10A0E00059732FBF96B5901B8091CA80891710F4C1
:10A0F0009093CA808091CF80833609F46AC08091A2
:10A10000369A882309F465C000E010E0F02E82E35F
:10A1100098E0089FF001099FF00D189FF00D1124A1
:10A12000ED53F74D9081F801E95EF4468081981770
:10A1300009F449C0CE0101960E94F4614FB7F8942A
:10A140009091D2728BE0989F90011124255C354646
:10A15000D9010C9388899989AA89BB89F9018183DE
:10A160009283A383B483F801E95EF4468081D90128
:10A1700015968C93159782E398E0089FF001099F4C
:10A18000F00D189FF00D1124ED53F74D80811696B8
:10A190008C9386819781A085B185F901878390870B
:10A1A000A187B2878091D272833128F48091D272D4
:10A1B0008F5F8093D2724FBFD90116968C91F801B0
:10A1C000E95EF44680830F5F1F4F0630110509F0EA
:10A1D0009DCF2DB73EB78091399A90913A9A281722
:10A1E000390730F48DB79EB790933A9A8093399A95
:10A1F0006496E5E00D94D44D1F93182F8091CF8085
:10A20000181709F4F5C210926AA4109269A48091FB
:10A21000469C8230F8F00F9458214091C6805091AE
:10A22000C78060E070E085E992E40F9426244091B5
:10A23000CF8050E060E070E08FE397E60F94262433
:10A24000412F50E060E070E084E397E60F9426240D
:10A250000F945D21153109F4AFC1163128F51B307B
:10A2600009F40DC11C3068F4113009F47CC01130C0
:10A2700008F445C0123009F4C9C0143009F0B8C25E
:10A28000E1C01E3009F467C11F3038F41C3009F4F6
:10A290003FC11D3009F0ACC24DC1123109F474C187
:10A2A000133109F0A5C274C11A3209F49FC21B32DE
:10A2B00098F41F3109F4CFC1103238F4163109F483
:10A2C000B0C1193109F094C277C1103209F4E5C167
:10A2D000193209F08DC203C2143309F464C2153374
:10A2E00038F41B3209F427C2133309F081C233C298
:10A2F000153309F475C2133609F07AC277C285E0C6
:10A300000F94114984E00F94114983E00F9411498F
:10A3100081E00F94114982E00F94114980E00F947D
:10A32000114987E00F94224985E00F94224981E08A
:10A330000E94BA6982E00E94BA6983E00E94BA6909
:10A3400010923E8110922A8510924B751092B3752F
:10A350002FB7F8948091D3809091D4809093A4806B
:10A360008093A38051C087E00F94114985E00F943A
:10A37000114985E00F94114981E00F94224980E052
:10A380000F94224983E00F94114982E00F94114900
:10A3900084E00F94114981E00E94C46982E00E9428
:10A3A000BA6983E00E94BA69109352A41093309A5C
:10A3B00085ED90E80F94514C89E091E80F94514C51
:10A3C00010923D810E94A4B81092AA7F109233850A
:10A3D00010923E8110924B751092B3751092A67F29
:10A3E0001092A57F1092A47F1092A37F1092A77F56
:10A3F0001092A97F2FB7F8948091D1809091D2804C
:10A400009093B8758093B7752FBFF0C11092BB7F42
:10A410001092BC7F1092BD7F1092BE7F1092BF7FC2
:10A4200080EC9FE70F94800D81E0809324802FB70C
:10A43000F8948091D3809091D480909326808093DB
:10A440002580E2CF85E00F94224981E00F942249D4
:10A4500080E00F94224983E00F94224982E00F9418
:10A46000224981E0809352A48093309A0E94C4696B
:10A4700082E00E94BA6983E00E94BA697AC087E0EC
:10A480000F94114985E00F94114985E00F9411490B
:10A4900081E00F94114980E00F94114983E00F94FB
:10A4A000114982E00F94114984E00F94224981E020
:10A4B0000E94BA6982E00E94C46983E00E94BA697E
:10A4C00081E0809352A48093309A85ED90E80F94B8
:10A4D000514C89E091E80F94514C10923D810E94BB
:10A4E000A4B810923E8110924B751092B3751092E1
:10A4F000AA7F1092AB7F1092A67F1092A57F109238
:10A50000A47F1092A37F1092A77F1092A97F6EC1A3
:10A5100083E00F94224982E00F942249299A2FB7B1
:10A52000F8948091D3809091D48090937E80809392
:10A530007D806ACF83E00F94224982E00F94224904
:10A540002FB7F8948091D3809091D4809093B47376
:10A550008093B3737EC081E00F94224980E00F9412
:10A56000224985E00F94224981E0809352A4809390
:10A57000309A2FB7F8948091D3809091D4809093A3
:10A58000B2738093B17365C085E00F94114932CFE7
:10A5900083E00F94114982E00F94114985E00F94F4
:10A5A00011492FB7F8948091D3809091D4809093E3
:10A5B000B4738093B37328CF87E00F94114985E07B
:10A5C0000F94114985E00F94114981E00F941149CE
:10A5D00080E00F94114983E00F94224982E00F94A8
:10A5E000224984E00F94224981E00E94BA6982E006
:10A5F0000E94C46983E00E94BA6985ED90E80F94D7
:10A60000514C89E091E80F94514C10923D8181E0CA
:10A61000809352A48093309A0E94A4B81092AA7F8B
:10A62000DDCE81E00F94224980E00F94224985E03D
:10A630000F94224981E0809352A48093309A2FB7DF
:10A64000F8948091D3809091D4809093B675809344
:10A65000B5752FBFCFCE87E00F94114985E00F94D9
:10A66000114985E00F94114981E00F94114980E070
:10A670000F94114983E00F94114982E00F9411491E
:10A6800084E00F94114981E00E94BA6982E00E943F
:10A69000BA6983E00E94C469A9C085E00F9411499A
:10A6A00084E00F94114983E00F94114981E00F94E5
:10A6B000114982E00F94114980E00F94114987E01D
:10A6C0000F94114985E00F94114981E00E94BA6905
:10A6D00082E00E94BA6983E00E94C4695DC085E09F
:10A6E0000F94224981E00F94224980E00F9422497F
:10A6F00083E00F94224982E00F94224981E0809305
:10A7000052A48093309A0E94C46982E00E94BA6980
:10A7100083E00E94BA692FB7F8948091D38090911A
:10A72000D4809093B2738093B1732FBF10923E8107
:10A73000109228805BC086E190E06091169A0F9499
:10A74000863EBC018EE391E80F94404F80E590E88F
:10A750000F94B80A4BC087E00F94114985E00F941D
:10A76000114985E00F94114981E00F94114980E06F
:10A770000F94114983E00F94114982E00F9411491D
:10A7800084E00F94114981E00E94C46982E00E9434
:10A79000C46983E00E94BA6910923E8110924B75A1
:10A7A0001092B37523C084E00F94224983E00F9484
:10A7B000224983E00E94C46985ED90E80F94514CD2
:10A7C00089E091E80F94514C10923D8181E0809393
:10A7D00052A48093309A0E94A4B81092AA7F0ACE05
:10A7E00081E00F94224985E00F9422491093CF8095
:10A7F0001F9108950F920F928CEF9DE3EDB7FEB776
:10A80000928381830F94FC508CEC9CEC9093EFA48A
:10A810008093EEA48DED9DED9093F1A48093F0A430
:10A82000109278801092798010927A8010927B80BA
:10A8300028E288E190E00FB6F894A8958093600034
:10A840000FBE209360009FB7F894809160008861EC
:10A8500080936000809160008864809360009FBF57
:10A860002FB7F8948091D3809091D48090933085C5
:10A8700080932F852FBF0F900F908BE497EE6AEE99
:10A880007DE30E949FA784ED92EC67ED7DE30E943B
:10A890009FA78EE292EC60EC7DE30E949FA78BED78
:10A8A0009BED6BEA7DE30E949FA78EE699ED66E93A
:10A8B0007DE30E949FA784EB92EC60E87DE30E9419
:10A8C0009FA780ED93EC6FE67DE30E949FA785EE46
:10A8D00090EE6CE57DE30E949FA78EE897ED60E522
:10A8E0007DE30E949FA787EB97ED66E47DE30E94DE
:10A8F0009FA70F94BE4087E09DE56EE37DE30E9435
:10A900009FA70F920F9282E39DE3EDB7FEB792836C
:10A9100081830F94FC500F900F9086E890E00E9486
:10A92000B9718FEF8093C88000D00F9280E29DE3D1
:10A93000EDB7FEB79283818386E890E094838383AA
:10A940000F94FC500F900F900F900F9080E99BEEAA
:10A9500069E17DE30E94DA950F94F1340F920F9232
:10A960008BE09DE3EDB7FEB7928381830F94FC509B
:10A970000F900F900F943B0A0F920F928BEF9CE376
:10A98000EDB7FEB7928381830F94FC500F900F9028
:10A990000F94F6250F920F9281EE9CE3EDB7FEB770
:10A9A000928381830F94FC508FEF9FEF90933A9A9C
:10A9B0008093399A0F900F9087E19AE90E94F46191
:10A9C0002FB7F8948091D1809091D2809093C280DB
:10A9D0008093C1802FBF80911E9A90911F9A805DB5
:10A9E000974018F088E590E202C08AE590E09093E5
:10A9F000C4808093C380109203A3109202A30E948C
:10AA000037B980E0F9CB8091AC7F80934CA4209142
:10AA10002B8530912C8582E398E0289FF001299FB7
:10AA2000F00D389FF00D1124ED53F74D868197817D
:10AA3000A085B1858093BD759093BE75A093BF75B9
:10AA4000B093C07582E080932D8510922E85109270
:10AA5000C9751092CA7581E0809333852FB7F89439
:10AA60008091D3809091D48090933285809331856A
:10AA70002FBF2FB7F8948091D3809091D48090937A
:10AA8000C6758093C5752FBF0E94D7B88BE0B4CB35
:10AA90001F93182F8091469C823098F04091C68079
:10AAA0005091C78060E070E085E992E40F9426241D
:10AAB0004091CF8050E060E070E082E097E60F9434
:10AAC00026248091CF808731A8F4853120F5843009
:10AAD00009F44EC0853028F48150823008F061C0FE
:10AAE0001AC08B3008F45DC08E30F8F08E3009F05B
:10AAF00058C03EC08C3230F4893268F4893109F094
:10AB000050C009C0833308F44CC0853358F08533F6
:10AB100009F047C02DC0112309F443C00E949BC314
:10AB200083E13EC0843311F51FC08091469C823082
:10AB3000B8F00F9458214091C6805091C78060E0D2
:10AB400070E085E992E40F9426244091CF8050E094
:10AB500060E070E08FED96E60F9426240F945D215F
:10AB60008091CF808D3011F40E949BC380E218C089
:10AB70008091469C823098F04091C6805091C78069
:10AB800060E070E085E992E40F9426244091CF8044
:10AB900050E060E070E08BEA96E60F94262482E1B4
:10ABA0002BDB1F910895A4E1B0E0E9EDF5ED0D94E4
:10ABB000B54D8C01D62E4091C6805091C78060E083
:10ABC00070E085E992E40F9426244D2D50E060E07A
:10ABD00070E084EF97E60F9426240115110519F40F
:10ABE0008DEE97E601C0C8010F946C248091CA983D
:10ABF000882351F08091C0808D1530F486EB97E664
:10AC00000F946C2480E063C03AECE32E38E9F32E15
:10AC10000115110529F41092CA981092C08050C0F5
:10AC2000CE0101960E94F4614E815F8128853985AD
:10AC30006C817B81CA808DB79EB740970FB6F89420
:10AC40009EBF0FBE8DBFEDB7FEB73196ADB7BEB795
:10AC50001296FC92EE92119787E997E6938382838E
:10AC60004483158256831782318720876287138633
:10AC700074871586C68617860F941E518DB79EB7AA
:10AC800040960FB6F8949EBF0FBE8DBFC7010F94BC
:10AC90004B5047EC50E0481B590BC701B8010F94CB
:10ACA000874F10929199D092C0808091CF8081502F
:10ACB0008A3030F480914CA486958093359A02C0F6
:10ACC0001092359A85E897E60F946C2481E064969B
:10ACD000E8E00D94D14D0F931F93CF93DF93282F6E
:10ACE000162F042F80918980882309F40FC1C22F69
:10ACF000D92F80919680882309F475C08FB7F89476
:10AD00002091D1803091D2808FBF8091948090919A
:10AD10009580281B390B2F31310508F064C02FB7FF
:10AD2000F8948091D1809091D28090939580809377
:10AD300094802FBF209709F4E9C0409197805091EB
:10AD400098806091998070919A80FE01E65BFF4E39
:10AD50004115510561057105D1F42081318182E3EE
:10AD600098E0289FF001299FF00D389FF00D1124E5
:10AD7000ED53F74D86819781A085B18580939780AB
:10AD800090939880A0939980B0939A80BFC02081BF
:10AD9000318182E398E0289FF001299FF00D389FD0
:10ADA000F00D1124ED53F74D86819781A085B18573
:10ADB000481759076A077B0709F4A8C0002309F45C
:10ADC000A7C00E94D7A782E290E0612F0F94863E31
:10ADD0000F920F92EDB7FEB7928381830F94FC50D0
:10ADE0000F900F9031C0209709F492C0002309F40E
:10ADF0008FC0CA5FDF4E88819981C650D041892BB0
:10AE000039F0CE016EE17EE40E9449A6892BF9F467
:10AE1000109296800E94D7A78DE19EE40F94C71CE4
:10AE20008FE190E0612F0F94863E6EE17EE44AE070
:10AE300050E020E030E00F94621C80E290E0612F4F
:10AE40000F94863E0F94681B0E94CAA761C0CE0172
:10AE50006EE17EE40E9472A6FC01ED5EF74FEE0FFC
:10AE6000FF1FEC0FFD1F8081918169E870E80F944E
:10AE70003B50892B71F581E080939680C65BDF4E55
:10AE80002881398182E398E0289FF001299FF00D05
:10AE9000389FF00D1124ED53F74D86819781A085E1
:10AEA000B1858093978090939880A0939980B09378
:10AEB0009A802FB7F8948091D1809091D28090930E
:10AEC0009580809394802FBFC454D04019821882FB
:10AED0001DC00E94D7A781E290E0612F0F94863EAB
:10AEE0000F920F92EDB7FEB7928381830F94FC50BF
:10AEF0000F900F900E94CAA71092968083E290E074
:10AF0000612F0F94863E63E04EDE02C081E001C0F7
:10AF100080E0DF91CF911F910F9108950F931F93C0
:10AF2000182F092F64ED72E70E9498C1812F902F8E
:10AF30006091D47241E0CFDE8823B1F0E12FF02F91
:10AF4000EA5FFF4E80819181E650F041892B49F004
:10AF5000CF0169E97EE30E9449A6892B11F080E0C8
:10AF600001C081E00E9470BA1F910F910895AEE573
:10AF7000B0E0EDEBF7ED0D94B54DF82EE92E65ED53
:10AF800072E70E9498C18F2D9E2D6091D57241E08D
:10AF9000A2DE882309F49DC10F2D1E2D0E94D7A784
:10AFA0000A5F1F4ED8018D919C9106501041892B4C
:10AFB00009F452C0C8016EE570E40E9449A6892BCD
:10AFC00009F44AC0C8016AE570E40E9472A6FC0157
:10AFD000ED5EF74FEE0FFF1FE00FF11FE080F180F5
:10AFE00060E3C62ED12CCC0EDD1E8091366190918F
:10AFF0003761B701A6010E9455A28823E9F080912C
:10B00000366190913761B6010E94CB99882329F06F
:10B0100000D00F9287E490E413C000D00F9280E339
:10B0200090E4ADB7BEB712969C938E931197149689
:10B03000FC92EE9213970AC000D00F928BE190E43D
:10B04000EDB7FEB792838183F482E3820F94FC50C4
:10B050000F900F900F900F900A5F1F4ED8018D91A7
:10B060009C9106501041892B39F0C80167E170E4CA
:10B070000E9449A6892BD1F4809136619091376165
:10B0800066E172E2AE014F5F5F4F0E9455A20F92E0
:10B090000F9286E090E4EDB7FEB7928381830F9420
:10B0A000FC50EE24FF240F900F9028C0C80162E0EE
:10B0B00070E40E9472A68D5E974F880F991F080F4B
:10B0C000191FD801ED90FC90809136619091376105
:10B0D000B701AE014F5F5F4F0E9455A200D00F92A3
:10B0E00080EF9FE3EDB7FEB792838183F482E38222
:10B0F0000F94FC500F900F900F900F90809136613D
:10B10000909137610E942C9A00D000D02CED3FE343
:10B11000ADB7BEB712963C932E931197EDB7FEB71D
:10B1200063837483858396830F94FC508DB79EB799
:10B1300006960FB6F8949EBF0FBE8DBF8091366104
:10B1400090913761BE016F5F7F4F0E9480A06C01BC
:10B15000009709F0A0C0ADC0FE01E05BFF4F808109
:10B1600084FF39C0E114F104B9F400D000D0EDB788
:10B17000FEB7319681EB9FE3ADB7BEB712969C93B5
:10B180008E93119713830283158304830F94FC50CD
:10B19000EDB7FEB736967AC08DB79EB708970FB653
:10B1A000F8949EBF0FBE8DBFEDB7FEB7319683E812
:10B1B0009FE3ADB7BEB712969C938E931197F3821F
:10B1C000E28215830483178306830F94FC50EDB746
:10B1D000FEB738965BC09E01295A3F4FE114F10437
:10B1E00041F58DB79EB70C970FB6F8949EBF0FBE72
:10B1F0008DBFEDB7FEB7319680E39FE3ADB7BEB725
:10B2000012969C938E931197138302831583048364
:10B21000D9012D913D914D915C91268337834087D3
:10B220005187138702870F94FC50EDB7FEB73C9609
:10B230002DC08DB79EB742970FB6F8949EBF0FBE34
:10B240008DBFEDB7FEB7319680ED9EE3ADB7BEB7CB
:10B2500012969C938E931197F382E2821583048356
:10B2600017830683D9012D913D914D915C912087E3
:10B27000318742875387F586E486F786E686118B09
:10B28000008B0F94FC50EDB7FEB772960FB6F89492
:10B29000FEBF0FBEEDBF8E01005D1F4FC601B8019E
:10B2A0000E94E89A882309F057CFC6010E9476A031
:10B2B0000EC00F920F9287EB9EE3ADB7BEB712960A
:10B2C0009C938E9311970F94FC500F900F900E94B7
:10B2D000CAA7C25ADF4FE8E00D94D14DA0E0B0E01C
:10B2E000E4E7F9ED0D94AF4D182F092F67ED72E7E4
:10B2F0000E9498C1812F902F6091D77241E0EBDCC2
:10B30000882309F453C2612E702E0E94D7A726E02D
:10B3100030E1620E731EF301808191812AEF3FEECE
:10B32000620E731E892B09F0B8C087E890E40F9471
:10B33000C71C86E490E06091D7720F94863E00911E
:10B340005C8010915D8020915E8030915F806DE720
:10B350007CE34AE050E00F94911C88E490E0609117
:10B36000D7720F94863E009160801091618020E03A
:10B3700030E067E87CE346E050E00F94911C8BE4FA
:10B3800090E06091D7720F94863E00916280109198
:10B39000638020E030E066E97CE346E050E00F9413
:10B3A000911C89E490E06091D7720F94863E9C01D5
:10B3B00040E08091A280811141E0C9016BE87CE30B
:10B3C0000F94371C8AE490E06091D7720F94863E08
:10B3D0000091A5801091A68020E030E06FE97CE329
:10B3E00043E050E00F94911C8CE490E06091D772A0
:10B3F0000F94863E6BEA7CE34091CB750F94371C2B
:10B400008EE490E06091D7720F94863E6091562250
:10B410007091572248E250E022E939E90F94621C0A
:10B420008EE490E06091D7720F94863E609158222E
:10B430007091592248E250E02AEB39E90F94621CDE
:10B440008EE490E06091D7720F94863E60915A220C
:10B4500070915B2248E250E022EE39E90F94621CC1
:10B460008FE490E06091D7720F94863E009126A2FF
:10B47000109127A2209128A2309129A269ED7CE3A6
:10B480004AE050E00F94911C87E590E06091D772FC
:10B490000F94863E0F94681B87C183E590E060910E
:10B4A000D7720F94863E0F920F92EDB7FEB792833C
:10B4B00081830F94FC5087E690E4EDB7FEB792834A
:10B4C00081830F94FC500F900F9084E590E0609181
:10B4D000D7720F94863E0F920F92EDB7FEB792830C
:10B4E00081830F94FC5082E690E4EDB7FEB792831F
:10B4F00081830F94FC500F900F9086E490E0609150
:10B50000D7720F94863EBC010F9200915C8010911F
:10B510005D8020915E8030915F808091D772EDB721
:10B52000FEB78183C3014DE75CE3CC24DD247601C3
:10B5300088248A94982C54010F948F1D60935C800A
:10B5400070935D8080935E8090935F800F906051D8
:10B5500077428040904080F487E490E06091D77219
:10B560000F94863E0F920F92EDB7FEB792838183C0
:10B570000F94FC500F900F9088E490E06091D77288
:10B580000F94863EBC010F92009160801091618003
:10B5900020E030E08091D772EDB7FEB78183C30120
:10B5A00047E85CE3CC24DD247601EFEF8E2EEFEF4D
:10B5B0009E2EA12CB12C0F948F1D709361806093EF
:10B5C00060800F908BE490E06091D7720F94863E7C
:10B5D000BC010F92009162801091638020E030E006
:10B5E0008091D772EDB7FEB78183C30146E95CE372
:10B5F000B1E0CB2ED12CE12CF12C0F948F1D709348
:10B60000638060936280109268800F9089E490E07C
:10B610006091D7720F94863EBC0120E08091A28099
:10B62000811121E0C3014BE85CE30091D7720F94D4
:10B63000E71C882321F083E08093A28002C010924F
:10B64000A2808AE490E06091D7720F94863EBC019C
:10B650000F920091A5801091A68020E030E08091AB
:10B66000D772EDB7FEB78183C3014FE95CE3CC2409
:10B67000DD247601AFEF8A2EAFEF9A2EA12CB12CEC
:10B680000F948F1D7093A6806093A5800F908CE41B
:10B6900090E06091D7720F94863EBC01C3014BEAE3
:10B6A0005CE32091CB750091D7720F94E71C88233F
:10B6B00019F18091A280882321F481E08093CB75D9
:10B6C00010C08DE490E06091D7720F94863E0F9287
:10B6D0000F92EDB7FEB7928381830F94FC500F90C9
:10B6E0000F90F6E5CF2EF2E2DF2EC2E9D9E9EAE0CB
:10B6F000AE2EEAE9BE2E03C01092CB75F2CF8EE4D7
:10B7000090E06091D7720F94863EBC01F6014191A2
:10B7100051916F01C30128E230E08E01E090D772B1
:10B720000F945F1EF50111921192119211925F0117
:10B73000A896FCE5CF16F2E2DF0609F78FE490E069
:10B740006091D7720F94863EBC010F92009126A2A1
:10B75000109127A2209128A2309129A28091D7721E
:10B76000EDB7FEB78183C30149ED5CE3CC24DD2452
:10B77000760188248A94982C54010F948F1D60932D
:10B7800026A2709327A2809328A2909329A20F90BB
:10B790008091D7720E94E8BF8091B080833011F40D
:10B7A0001092B0801092AF800E94CAA7CDB7DEB7CA
:10B7B000EEE00D94CB4DA1E3B0E0E1EEFBED0D9496
:10B7C000AF4D182F092F69ED72E70E9498C1812FA4
:10B7D000902F6091D97241E07EDA882309F4F1C498
:10B7E000612E702E8CE390E06091D9720F94863EAA
:10B7F00098878F838DE390E06091D9720F94863E95
:10B800009A8789878EE390E06091D9720F94863E83
:10B810009C878B878FE390E06091D9720F94863E6E
:10B820009E878D878FE290E06091D9720F94863E5B
:10B830009A83898380E390E06091D9720F94863E69
:10B840009C838B8381E390E06091D9720F94863E54
:10B850009E838D830E94D7A726E030E1620E731E7F
:10B86000F301808191812AEF3FEE620E731E892BD6
:10B8700009F0FDC08EEE90E40F94C71C8FE0E82E17
:10B88000F12CEC0EFD1E80914DA4B7010E9417C053
:10B890008BE290E06091D9720F94863E6FE17CE379
:10B8A00042E050E097010F94621C8CE290E06091BE
:10B8B000D9720F94863E6CE27CE34091AD7F0F9489
:10B8C000371C8091AC7FB7010E9417C08DE290E0D9
:10B8D0006091D9720F94863E63E17CE342E050E0D0
:10B8E00097010F94621C8EE290E06091D9720F94E0
:10B8F000863E6FE37CE343E09E012F5F3F4F009164
:10B90000AE7F0F94881B8CE49CE3B7010E94888E65
:10B9100082E390E06091D9720F94863E6CE47CE300
:10B920004FE150E097010F94621C8BE390E060912F
:10B93000D9720F94863E69E57CE344E09E01295F5D
:10B940003F4F0091BA7F0F94881B8091B47590E0AF
:10B95000B7014AE050E00F948C5083E390E060918F
:10B96000D9720F94863E63E67CE343E050E0970192
:10B970000F94621C84E390E06091D9720F94863E2C
:10B9800060E77CE34091C5800F94371C85E390E02D
:10B990006091D9720F94863EBC019091469C809133
:10B9A000369A882319F440E050E002C04AE050E0A3
:10B9B000490F511D8A01222717FD2095322FCB01F7
:10B9C00060EE7BE342E050E00F94911C86E390E050
:10B9D0006091D9720F94863E0091479C10E020E060
:10B9E00030E06AEE7BE342E050E00F94911C87E385
:10B9F00090E06091D9720F94863E0091349A10E0E5
:10BA000020E030E066E37CE342E050E00F94911CDC
:10BA100088E390E06091D9720F94863E6BEC7BE3F3
:10BA20004AE050E029E830E80F94621C89E390E096
:10BA30006091D9720F94863E63ED7BE34091398526
:10BA40000F94371C8AE390E06091D9720F94863E80
:10BA50006AEF7BE34091AF7F0F94371C87E590E05E
:10BA60006091D9720F94863E0F94681BA8C383E53A
:10BA700090E06091D9720F94863E0F920F92EDB7CD
:10BA8000FEB7928381830F94FC508EEC90E4EDB767
:10BA9000FEB7928381830F94FC500F900F9084E542
:10BAA00090E06091D9720F94863E0F920F92EDB79D
:10BAB000FEB7928381830F94FC5089EC90E4EDB73C
:10BAC000FEB7928381830F94FC500F900F90C301B7
:10BAD0006FE17CE30E9449A6892B09F499C0C30158
:10BAE0006FE17CE30E9472A60FE0E02EF12CEC0ED9
:10BAF000FD1EFC01ED5EF74FEE0FFF1FE60DF71D7B
:10BB000060817181C70142E050E00F947250198A40
:10BB1000C7010F94E74E182FC7010F944B50682FA1
:10BB2000812F0F94FE4B182F0F920F9284EC90E40C
:10BB3000EDB7FEB7928381830F94FC500F900F9066
:10BB40008BE290E06091D9720F94863E0F920F9233
:10BB5000EDB7FEB7928381830F94FC500F900F9046
:10BB600080914DA4181799F485E590E06091D97201
:10BB70000F94863E0F920F92EDB7FEB792838183AA
:10BB80000F94FC500F920F928FEB90E424C08091A1
:10BB9000CF80882369F5812F0F94944B882341F13E
:10BBA000812FB7010E9417C08FE19CE3B7010E946B
:10BBB000EE8D86E590E06091D9720F94863E0F92EB
:10BBC0000F92EDB7FEB7928381830F94FC500F92D2
:10BBD0000F928AEB90E4EDB7FEB792838183F482F3
:10BBE000E3820F94FC500F900F900F900F9010C0B5
:10BBF00082E490E06091D9720F94863E0F920F928A
:10BC0000EDB7FEB7928381830F94FC500F900F9095
:10BC1000C30163E17CE30E9449A6892B09F481C03A
:10BC2000C30163E17CE30E9472A6BFE0EB2EF12C1E
:10BC3000EC0EFD1EFC01ED5EF74FEE0FFF1FE60D53
:10BC4000F71D60817181C70142E050E00F9472508E
:10BC5000198AC7010F94E74E182FC7010F944B5054
:10BC6000682F812F0F94FE4B182F0F920F9285EBA8
:10BC700090E4EDB7FEB7928381830F94FC500F9050
:10BC80000F908DE290E06091D9720F94863E0F92F2
:10BC90000F92EDB7FEB7928381830F94FC500F9003
:10BCA0000F908091AC7F181799F485E590E0609132
:10BCB000D9720F94863E0F920F92EDB7FEB7928322
:10BCC00081830F94FC500F920F9280EB90E41DC083
:10BCD000812FB7010E9417C083E19CE3B7010E9446
:10BCE000EE8D1093AC7F86E590E06091D9720F9451
:10BCF000863E0F920F92EDB7FEB7928381830F9429
:10BD0000FC500F920F928BEA90E4EDB7FEB792834E
:10BD10008183F482E3820F94FC500F900F900F9078
:10BD20000F908CE290E06091D9720F94863EBC0136
:10BD3000C3014CE25CE32091AD7F0091D9720F9476
:10BD4000E71C1092AD7F882319F081E08093AD7FCE
:10BD50008EE290E06091D9720F94863EBC010F9202
:10BD60000091AE7F10E020E030E08091D972EDB715
:10BD7000FEB78183C3014FE35CE3CC24DD2476016D
:10BD8000E2E08E2E912CA12CB12C0F948F1D60938C
:10BD9000AE7F0F90C3016CE47CE30E9449A6892B1F
:10BDA00009F4D3C08E01015F1F4F8CE49CE3B801FE
:10BDB0000E94888E0197A1F4C3016CE47CE30E9489
:10BDC00072A6FC01ED5EF74FEE0FFF1FE60DF71DAB
:10BDD00060817181C8010F943B50892B09F489C09F
:10BDE000C3016CE47CE30E9472A68E01015F1F4FC9
:10BDF000FC01ED5EF74FEE0FFF1FE60DF71D6081B2
:10BE00007181C80141E250E00F94725018AAC80134
:10BE10000E941FBB8091B97F882341F083E28F8706
:10BE20008091B07FBE01605F7F4F03C08091B07F83
:10BE3000B8010E9417C001EB1FE78FE0E82EF12C3C
:10BE4000EC0EFD1EC7010F944B50682F70E0F701F8
:10BE5000E60FF71F8CE280836F5F7F4F6E0D7F1DB3
:10BE6000F80181918F010E9417C0FFE7093B1F076E
:10BE700021F78CE49CE3B7010E94EE8D0F920F92A4
:10BE800086EA90E4EDB7FEB7928381830F94FC506D
:10BE90000F900F9082E390E06091D9720F94863EEC
:10BEA0000F920F92EDB7FEB7928381830F94FC50EF
:10BEB0000F900F9086E590E06091D9720F94863EC6
:10BEC0000F920F92EDB7FEB7928381830F94FC50CF
:10BED0000F920F9281EA90E4EDB7FEB792838183CF
:10BEE000F482E3820F94FC500F900F900F900F900C
:10BEF0002CC00F920F928CE990E4EDB7FEB79283BD
:10BF000081830F94FC500F900F9082E390E060913A
:10BF1000D9720F94863E0F920F92EDB7FEB79283BF
:10BF200081830F94FC500F900F9085E590E0609115
:10BF3000D9720F94863E0F920F92EDB7FEB792839F
:10BF400081830F94FC500F900F908BE390E06091F1
:10BF5000D9720F94863EBC010F920091BA7F10E017
:10BF600020E030E08091D972EDB7FEB78183C30144
:10BF700049E55CE3CC24DD247601B3E08B2E912CE3
:10BF8000A12CB12C0F948F1D6093BA7F0F9083E387
:10BF900090E06091D9720F94863EBC010F9200919F
:10BFA000B47510E020E030E08091D972EDB7FEB7B3
:10BFB0008183C30143E65CE3AAE0CA2ED12CE12CC5
:10BFC000F12CFFEF8F2E912CA12CB12C0F948F1DF3
:10BFD0006093B4750F9084E390E06091D9720F94F0
:10BFE000863EBC01C30140E75CE32091C58000911F
:10BFF000D9720F94E71C1092C580882319F081E054
:10C000008093C58085E390E06091D9720F94863E5D
:10C01000BC012091469C8091369A882319F480E0D7
:10C0200090E002C08AE090E00F92820F911D8C0197
:10C03000222717FD2095322F8091D972EDB7FEB7D8
:10C040008183C30140EE5BE3CC24DD247601E3E190
:10C050008E2E912CA12CB12C0F948F1D6093469C99
:10C0600080E00F906A3008F081E08093369A882350
:10C0700029F08091469C8A508093469C86E390E00C
:10C080006091D9720F94863EBC010F920091479C3B
:10C0900010E020E030E08091D972EDB7FEB78183E7
:10C0A000C3014AEE5BE3CC24DD247601B9E08B2E9C
:10C0B000912CA12CB12C0F948F1D6093479C0F9055
:10C0C00087E390E06091D9720F94863EBC010F9295
:10C0D0000091349A10E020E030E08091D972EDB701
:10C0E000FEB78183C30146E35CE30F948F1D609329
:10C0F000349A0F90C3016BEC7BE30E9449A6892B15
:10C1000061F1C3016BEC7BE30E9472A6FC01ED5E62
:10C11000F74FEE0FFF1FE60DF71D6081718189E873
:10C1200090E84AE050E00F947250109293808BECAC
:10C130009BE369E870E80E94EE8D83E490E06091F3
:10C14000D9720F94863E0F920F92EDB7FEB792838D
:10C1500081830F94FC500F900F9089E390E06091E1
:10C16000D9720F94863EBC01C30143ED5BE320917D
:10C1700039850091D9720F94E71C10923985882374
:10C1800019F081E0809339858AE390E06091D9725B
:10C190000F94863EBC01C3014AEF5BE32091AF7F61
:10C1A0000091D9720F94E71C1092AF7F882319F089
:10C1B00081E08093AF7F8091D9720E94E8BF0E9496
:10C1C000CAA7E196EEE00D94CB4DA0E0B1E0EBEE16
:10C1D000F0EE0D94B44DF82EE92E082F192FBB2444
:10C1E0000A5F1F4ED8018D919C9106501041181680
:10C1F000190614F4BB24B3948F2D9E2D6CED72E7B9
:10C200000E9498C18F2D9E2D6091DC724B2D0E9453
:10C210006BD6E82E48E8C42ED12CCC0EDD1EF601DC
:10C22000108219820E94D7A7EE2009F4CBC0C80162
:10C2300068EB7BE30E9449A6892B09F499C0C801E9
:10C2400068EB7BE30E9472A6FC01ED5EF74FEE0FF8
:10C25000FF1FE00FF11F808191810F94E74EF82EB0
:10C2600081508A3008F06FC0C8016EEB7BE30E94FA
:10C2700049A6892BB9F0C8016EEB7BE30E9472A638
:10C280008D5E974F880F991F080F191FD8016D9168
:10C290007C91C60147E750E00F947250FE01E150D7
:10C2A000FF4F01C0F60110828E0108571F4FD801C1
:10C2B0008C91882359F48F2D0E947AC1B8010E9475
:10C2C000188E0197B1F1F801108233C08D3239F424
:10C2D000D80111968C911197882309F41C928F2D07
:10C2E0000E947AC18E0108571F4FB8010E94D88D55
:10C2F000EDB7FEB738970FB6F894FEBF0FBEEDBF8F
:10C30000319627E134E4ADB7BEB712963C932E9335
:10C310001197F282138215830483978386830F9487
:10C32000FC50EDB7FEB738960FB6F894FEBF0FBEBF
:10C33000EDBF8F2D90E0BE016F5F7F4F4AE050E070
:10C340000F948C5015C000D00F92EDB7FEB7319608
:10C350008FEF93E4ADB7BEB712969C938E9311976F
:10C36000F28213820F94FC500F900F900F900F9059
:10C370008CEE93E40F94C71C80E490E06091DC7233
:10C380000F94863E68EB7BE342E050E09E012F5F16
:10C390003F4F0F94621C81E490E06091DC720F9437
:10C3A000863E6EEB7BE347E750E09E0128573F4F08
:10C3B0000F94621C87E590E06091DC720F94863EDA
:10C3C0000F94681BBB2011F0EE20D1F101E010E0CA
:10C3D000802F0E947AC1BE01605F7F4F0E94188E3D
:10C3E000019709F0188AEE2081F000D00F9287E3C0
:10C3F00094E4EDB7FEB792838183148303830F9493
:10C40000FC500F900F900F900F9000D00F9280E390
:10C4100094E4ADB7BEB712969C938E931197CE015C
:10C42000409614969C938E9313970F94FC500F5F35
:10C430001F4F0F900F900F900F900B30110541F68A
:10C440000E94CAA7C050DF4FE9E00D94D04D0F9372
:10C450001F938C0161EF72E70E9498C1C80160913F
:10C46000F17241E00E946BD61F910F9108950F93D6
:10C470001F93CF93DF93EC018091469C8230C8F0EC
:10C480004091C6805091C78060E070E085E992E4F9
:10C490000F94262487E792E60F946C24CE010F9424
:10C4A0004B50BC01CE010F949A2483E792E60F947F
:10C4B0006C248091AF7F882309F466C0CE016FE6BB
:10C4C00072E643E050E00F94974F892B19F488E00F
:10C4D00090E042C0CE016CE672E642E050E00F947C
:10C4E000974F892B51F489E090E06091169A0F9450
:10C4F000863E62E00E94D3D57EC0CE0169E672E638
:10C5000042E050E00F94974F892B19F48AE090E0B5
:10C51000ECCFCE0165E672E643E050E00F94974F12
:10C52000892B19F48BE090E0E0CFCE0161E672E652
:10C5300043E050E00F94974F892B19F48CE090E082
:10C54000D4CFCE016EE572E642E050E00F94974FF3
:10C55000892B41F48DE090E06091169A0F94863E0D
:10C5600063E0C8CF8EE090E06091169A0F94863E0B
:10C5700062E00E94D3D5882309F43DC08AEC98E993
:10C58000BE010F94255037C08EE391E80F944B50B5
:10C590008C01CE010F944B50080F191F0E5D1340F4
:10C5A00050F58EE391E869E572E60F94404F8EE313
:10C5B00091E80F944B50825C9E47BE010F9444500B
:10C5C0008EE391E866E572E60F94404F8091CF804C
:10C5D000823089F485EA0F94374B2FB7F894809115
:10C5E000D3809091D4809093BA758093B9752FBF02
:10C5F00082E10E94FCD0DF91CF911F910F910895AD
:10C60000ABE0B0E0E6E0F3EE0D94AD4D8091348503
:10C6100090913585892B09F4EAC3CC24DD24442488
:10C62000552456C3F601E65CFA4710811D3039F0F7
:10C630001A3029F0812F80528F3508F059C081E0DF
:10C64000809333858EE391E80F944B50DC0123E017
:10C65000863E92070CF044C3103471F48091348507
:10C66000909135850197C816D90631F4FD01E25C39
:10C67000FE4787E1808304C0FD01E25CFE47108332
:10C68000A25CBE4711961C9276010894E11CF11C35
:10C690008091A57F9091A67F01969093A67F80932D
:10C6A000A57F0894411C511C10922E858091CF804B
:10C6B0008B3009F00CC380E00E940BC197FD07C3CB
:10C6C00081E00E940BC18093AB7F8BEA9FE70E94C1
:10C6D000ADBA882311F08CE008C082E39EE50E9489
:10C6E0001FCB81E080932E8580E20E94FCD0EFC2B8
:10C6F000112309F4E8C21130F1F41092338510923D
:10C700002E858091CF808B3009F0D1C282818093B9
:10C71000AB7F8BEA9FE70E94ADBA882311F08CE0D3
:10C7200007C08FE29EE50E941FCB10932E8580E20A
:10C730000E94FCD0BCC2123009F094C01092338524
:10C74000B1800B2D10E062E0862E912C8C0C9D1C8C
:10C750007401E00EF11E2E153F0508F473C085ED3F
:10C7600090E80F94BB4CF801E80FF11DE233F1059E
:10C770000CF068C08091469C833059F54091C6808A
:10C780005091C78060E070E085E992E40F94262420
:10C7900085ED90E80F94BB4C482F50E060E070E0CE
:10C7A00084E29EE50F9426244B2D50E060E070E07B
:10C7B00080E29EE50F9426248091A57FA801480F72
:10C7C000511D662757FD6095762F8AE19EE50F94EF
:10C7D00026248091A57F9091A67F800F911F909332
:10C7E000A67F8093A57F8401065C1A4708C085ED6B
:10C7F00090E8F80161918F010F947E4CBA94BB20B0
:10C80000B1F78091AA7F882381F085ED90E80F949D
:10C81000BB4C893150F48091469C823020F080E0FE
:10C820009EE50E9443C01092AA7F8091CF808B30FA
:10C8300009F04DC28CE00E94FCD083EE9DE50E9481
:10C8400043C045C28091AA7F882341F48091469CD1
:10C85000823020F089EC9DE50E9443C081E0809306
:10C86000AA7F3EC2812F83508230D0F5F18052E002
:10C87000A52EB12CAC0CBD1CC5018F0D911D281728
:10C88000390720F44EEFF42EF20EFC188091469CEE
:10C89000FF20A9F0882309F490C28AEA9DE50E944E
:10C8A00043C06F2D70E06E5F7F4FC601865C9A4774
:10C8B0000F949A2487EA9DE50F946C247EC28230FF
:10C8C00020F089E89DE50E9443C095012F0D311DA0
:10C8D000790181E00E9448D581E080932E85F7C1DF
:10C8E000163009F05AC01092338511818091CF80A3
:10C8F0008B30B1F580E00E945BCB882341F183EA65
:10C900000F94374B8DE00E94FCD08091469C823082
:10C91000D0F14091C6805091C78060E070E085E919
:10C9200092E40F9426244091AB7F50E060E070E0E9
:10C9300088E69DE50F94262440914CA4469550E04E
:10C9400060E070E085E59DE50F9426241CC081E53C
:10C950009DE50E941FCB81E080932E8580E211C06F
:10C96000823089F485EA0F94374B2FB7F894809181
:10C97000D3809091D4809093BA758093B9752FBF6E
:10C9800084E00E94FCD0112309F4D3C0F601E65CD8
:10C99000FA4782818093A77FCCC0173009F08FC0FF
:10C9A00010923385F601E65CFA47B180BB2009F4AA
:10C9B0007EC012818091469C823090F04091C6806A
:10C9C0005091C78060E070E085E992E40F942624DE
:10C9D000412F50E060E070E087E29DE50F9426244F
:10C9E0008091CA75181719F41093C97508C01230D0
:10C9F00020F081E08093CA7502C01093CA758091BF
:10CA0000C975882309F053C0E0903685F0903785CA
:10CA10008EE79BE30F94664F8C018FEB99E0801BB0
:10CA2000910BE816F90608F042C0F701EE5FF047F7
:10CA300087E08083C7010196FC01EE5FF047202F5D
:10CA40002E5F20830196FC01EE5FF0472091CA75AE
:10CA50002083019690933785809336858E5F90472B
:10CA60006EE77BE30F945F4F809136859091378519
:10CA7000080F191F0F5F1F4F1093378500933685DE
:10CA80008091469C823098F04091C6805091C7803A
:10CA900060E070E085E992E40F9426244091CA7525
:10CAA00050E060E070E081E09DE50F94262432E0E4
:10CAB000E32EF12CEC0CFD1CEB0CF11C08C1183022
:10CAC00009F03FC0F601E65CFA471181123088F1A7
:10CAD0008091B080813069F5728066248381F30192
:10CAE000E80FF11DF093AE80E093AD8080912B852F
:10CAF00090912C850E943B788FEF9FEF90932C852F
:10CB000080932B8510922D851092BD751092BE7565
:10CB10001092BF751092C07510922E8510923785B5
:10CB200010923685109235851092348580E20E94ED
:10CB3000FCD022E0E22EF12CEC0CFD1CE10EF11CED
:10CB4000C6C0193009F0AFC0D601A65CBA4711962D
:10CB50000C911197F60132967F01E00EF11C2E1513
:10CB60003F0510F411E06BC0E65CFA47208131818B
:10CB700080916080909161802817390709F035C154
:10CB80001496AC909FEEB92EBA0CF2E0FB1508F4A7
:10CB900055C008E2B09E800111240E5616462FE3C0
:10CBA00035E8C20ED31EC801B60147E250E00F942B
:10CBB0007250AB2DB0E0FD01EE0FFF1FEE0FFF1F17
:10CBC000E65FF5461082118212821382AA0FBB1F04
:10CBD000AA5ABD4D8D919C91B8010E94EE8D809115
:10CBE000368590913785FC01EE5FF04726E0208383
:10CBF0000196FC01EE5FF04722E020830196FC01E4
:10CC0000EE5FF04710820196FC01EE5FF047A082D4
:10CC1000019690933785809336854091C6805091D8
:10CC2000C78060E070E085E992E40F9426244A2DE5
:10CC300050E060E070E085E39EE532C013E085EFF0
:10CC40009CE50E941FCB4091C6805091C78060E058
:10CC500070E085E992E40F942624412F50E060E0D3
:10CC600070E08AED9CE50F942624402F50E060E0B0
:10CC700070E082ED9CE50F942624043028F440E017
:10CC800050E060E070E00AC08AE395E8C80ED91E63
:10CC9000F6018481482F50E060E070E085EC9CE56F
:10CCA0000F94262414C080913385882361F4F60103
:10CCB000E65CFA47818162E0E62EF12CEC0CFD1C6B
:10CCC000E80EF11C04C076010894E11CF11C670118
:10CCD0002091348530913585C216D30608F4A2CC54
:10CCE0004091348550913585C416D506A0F4B6011F
:10CCF000665C7A474C195D098AE395E80F94D54F35
:10CD000080913485909135858C199D099093358556
:10CD10008093348504C010923585109234858091BB
:10CD2000469C8330B9F541145104A1F14091C6806D
:10CD30005091C78060E070E085E992E40F9426246A
:10CD400085ED90E80F94BB4CD82E8EE391E80F94BC
:10CD50004B507C018BE495E70F944B50E80EF91E85
:10CD6000ED0CF11C00E010E08AEB9CE5B801A70196
:10CD70000F942624A20160E070E086EB9CE50F94FE
:10CD800026244091A57F50E060E070E080EB9CE5B8
:10CD90000F94262480913385813049F58091348524
:10CDA00090913585009719F1FC01E75CFA47808185
:10CDB0008034E9F487E180831AC0EF2CFAE0FF1594
:10CDC00010F45AE0E52EB501665C7A478E010F5FDC
:10CDD0001F4FC8014E2D50E00F947250F801EE0D18
:10CDE000F11D1082C80143DB70CD12E028CF2B96D5
:10CDF000E0E10D94C94D80916880833020F48F5F0D
:10CE00008093688008958CE190E06091169A0F9469
:10CE1000863E61E00E94D3D51092A2801092CB751D
:10CE200008950F931F93182F062F0E945BCB9091AC
:10CE3000469C882379F0923040F0412F50E060E02A
:10CE400070E084E293E60F94262483EA0F94374B34
:10CE500081E01EC0992341F0412F50E060E070E076
:10CE600081E093E60F942624002349F48FE090E0BC
:10CE70006091169A0F94863E64E00E94D3D510927A
:10CE80003E8110924B7510922A851092B37580E006
:10CE90001F910F910895A1E0B0E0E1E5F7EE0D9448
:10CEA000B74D182F092F6AED72E70E9498C1E12E45
:10CEB000F02E26E030E1E20EF31EF7018081918131
:10CEC0002AEF3FEEE20EF31E892B09F4B3C0C7012F
:10CED0006EE272E40E9449A6892B09F4ABC08091EE
:10CEE000CF80882329F0853119F0863109F0A2C05E
:10CEF000C7016EE272E40E9472A68D5E974F880FA2
:10CF0000991FE80EF91EF701008111818EE391E867
:10CF10000F944B5045EE53E0481B590B8EE391E8BC
:10CF2000B8010F945450109223858EE391E80F942A
:10CF30004B50FC01E35CFE478081803419F487E1AB
:10CF4000808306C08EE391E86BE272E40F94404F59
:10CF50008091469C823058F087E192E40E9443C061
:10CF6000C8010F94062584E192E40F946C242FB736
:10CF7000F8948091D1809091D2809093B8758093ED
:10CF8000B7752FBF2FB7F8948091D3809091D4803C
:10CF90009093B6758093B5752FBFF090CF80FF202A
:10CFA000A1F580E00E940BC1181619062CF481E04F
:10CFB0000E940BC1898301C01982CE0101960E9493
:10CFC000ADBA882309F419828091469C823090F092
:10CFD0004091C6805091C78060E070E085E992E49E
:10CFE0000F942624498150E060E070E081EF91E4E5
:10CFF0000F942624898160E014DF882311F085E1F5
:10D0000001C080E20E94FCD015C0C8016FEE71E43F
:10D010000F94564F892B71F4F6E1FF1659F4809165
:10D02000469C823020F083EC91E40E9443C081E072
:10D030000E9448D50E94D7A70F920F9281EA91E4EF
:10D04000EDB7FEB7928381830F94FC500F900F9041
:10D0500088E290E06091DA720F94863E0F920F9210
:10D06000EDB7FEB7928381830F94FC5080E491E486
:10D07000EDB7FEB7928381830F94FC500F900F9011
:10D0800089E290E06091DA720F94863E0F920F92DF
:10D09000EDB7FEB7928381830F94FC508FE091E44B
:10D0A000EDB7FEB7928381830F94FC500F900F90E1
:10D0B0008AE290E06091DA720F94863E0F920F92AE
:10D0C000EDB7FEB7928381830F94FC5083E091E427
:10D0D000EDB7FEB7928381830F94FC500F900F90B1
:10D0E0000E94CAA72196E6E00D94D34DEF92FF92DD
:10D0F0000F931F93CF93DF93EC018EA5833041F103
:10D10000843030F4813021F1823009F0D3C006C080
:10D11000863020F0863009F0CDC090C08091469CCA
:10D12000823008F44FC088E695E60E9443C0C95A91
:10D13000DF4F69917991899199910F9406244881E3
:10D140005981CB55D04060E070E08DE595E638C060
:10D150008E01015D1F4FC8010E94BA879B01AC017F
:10D16000E7E5EE2EF12CEC0EFD1EF7012083318356
:10D17000428353838091469C2F5F3F4F4F4F5F4FB9
:10D1800009F44DC08230F0F08EE395E60E9443C072
:10D19000C8010F9406258AE395E60F946C24F701E5
:10D1A00060817181828193810F940624C55ADF4F7B
:10D1B00048815981CB55D04060E070E08FE295E620
:10D1C0000F942624C95ADF4F89919991A991B99159
:10D1D0008093BD759093BE75A093BF75B093C075D5
:10D1E00088819981CB55D0409093C2758093C17549
:10D1F0006091BD757091BE758091BF759091C0753D
:10D200004091C1755091C2750E94567590932C85BE
:10D2100080932B858F5F9F4F09F067C055C088238F
:10D2200059F08DE195E60E9443C0C8010F94062590
:10D230008BE095E60F946C2481E02AC1CE018F9695
:10D240000F94113A882361F18091469C8230B0F0AE
:10D250004091C6805091C78060E070E085E992E41B
:10D260000F94262440912B8550912C85662757FDDD
:10D270006095762F8FEB94E60F94262485EA0F9421
:10D28000374B2FB7F8948091D3809091D4809093AE
:10D29000BA758093B9752FBF84E00E94FCD0F7C0A7
:10D2A00085E090E06091169A0F94863E62E00E94BD
:10D2B000D3D508C08091469C882321F082EA94E669
:10D2C0000E9443C082E0E4C08091469C882321F004
:10D2D00088E694E60E9443C08FEF9FEF90932C85E1
:10D2E00080932B8510922D85A7CF0E94D7B881E01F
:10D2F00080932D8510922E851092C9758093CA75E2
:10D300002FB7F8948091D3809091D48090933285F8
:10D31000809331852FBF2FB7F8948091D38090915F
:10D32000D4809093C6758093C5752FBF80E090E040
:10D3300062E00E94D3D58EA58350823078F585EACD
:10D340000F94374B8091469C8230B0F04091C6805C
:10D350005091C78060E070E085E992E40F94262444
:10D3600040912B8550912C85662757FD6095762F2F
:10D370008BE194E60F9426248FB7F8942091D38004
:10D380003091D4803093BA752093B9758FBF84E003
:10D390000E94FCD081E08093338579C08091469CC7
:10D3A000823058F14091C6805091C78060E070E0B3
:10D3B00085E992E40F94262440912B8550912C8589
:10D3C000662757FD6095762F8BEE93E60F94262403
:10D3D000C35ADF4F4881CD55D04050E060E070E047
:10D3E00085ED93E60F9426244091CA7550E060E0E5
:10D3F00070E083EC93E60F9426241092338500911D
:10D40000368510913785F801EE5FF04787E080831D
:10D410000F5F1F4F8EE79BE30F94664F7C01F8016F
:10D42000EE5FF0478E5F80830F5F1F4FF801EE5F66
:10D43000F0478091CA7580830F5F1F4F1093378527
:10D4400000933685C8018E5F90476EE77BE30F94AB
:10D450005F4F80913685909137858E0D9F1D019687
:10D46000FC01EE5FF04721E020830196FC01EE5FB6
:10D47000F04720830196FC01EE5FF047C35ADF4F6F
:10D48000288120830196909337858093368580E0AC
:10D49000CDB7DEB7E6E00D94D34DA0E0B0E0E3E514
:10D4A000FAEE0D94B54D7C016B010E94EBB8882318
:10D4B00009F4BAC088E290E0E89EF001E99EF00D20
:10D4C000F89EF00D1124EE56F6468081882309F46B
:10D4D000ABC02FB7F8948091D1809091D280F701A2
:10D4E000EE0FFF1FED57FF47918380832FBF88E228
:10D4F00090E0E89E8001E99E100DF89E100D112429
:10D500000E561646C8010E94CD81E701CC0FDD1FE3
:10D51000CC0FDD1FC65FD546688379838A839B83E2
:10D52000611571058105910539F4C8010E94BA871A
:10D53000688379838A839B83F701EE0FFF1FEE0FC9
:10D54000FF1FE65FF54660817181828193816F3FA5
:10D550002FEF72072FEF82072FEF920709F44FC0CA
:10D5600043E25EE20E945675EC018091469C9FEF7B
:10D57000CF3FD90761F18230B8F08AE896E60E9481
:10D5800043C0C8010F940625AE01662757FD60957C
:10D59000762F8CE696E60F942624C6010F946C2411
:10D5A00088E696E60F946C24C7010E94A1C0809182
:10D5B0008280882349F084E090E06091169A0F946D
:10D5C000863E61E00E94D3D5109282802FC08823CE
:10D5D00091F08DE396E60E9443C0C8010F940625A2
:10D5E0008AE296E60F946C24C6010F946C2486E2BE
:10D5F00096E60F946C24C7010E94D1C017C081E148
:10D6000096E60E9443C0C8010F9406258FEE95E66A
:10D610000F946C24C6010F946C248AEE95E60F9447
:10D620006C24C7010E94D1C0CFEFDFEFCE01CDB790
:10D63000DEB7E8E00D94D14D0F931F93CF93DF93A6
:10D640008C0180919B8090919C808F5F9F4F79F49B
:10D65000C0E0D0E0CE01B80120DF90939C808093A1
:10D660009B802FEF8F3F920721F0C0939D8081E038
:10D6700019C02196C330D10569F790939C8080939F
:10D680009B8080918280882349F483E090E06091C0
:10D69000169A0F94863E61E00E94D3D581E0809374
:10D6A000828080E0DF91CF911F910F910895A6E6CF
:10D6B000B0E0EDE5FBEE0D94BB4D81E0809324805E
:10D6C0008091469C823020F083E79EE50E9443C013
:10D6D00081E69EE5B1DF8823F1F083E0898385E070
:10D6E0008A838091BB7F9091BC7FA091BD7FB091D8
:10D6F000BE7F8B839C83AD83BE8381E08F838091CB
:10D700009B8090919C8067E070E0AE014F5F5F4F1F
:10D7100020E00E94EE78CA59DF4FE2E00D94D74D29
:10D72000A3EBB1E0E6E9FBEE0D94B54D8091C68028
:10D730009091C78001969093C7808093C6802FB741
:10D74000F8948091D3809091D48090933085809389
:10D750002F852FBF80E00E94BA69CE0101960F94F9
:10D760002B4C882309F495C29981963A09F44CC14F
:10D77000973A78F4933A09F446C0943A30F4892FF2
:10D7800081508F3708F07FC213C0953A09F07BC2F1
:10D790004DC09C3A09F440C29D3A20F49A3A09F0EF
:10D7A00072C25CC2892F805B8A3008F06CC236C1BD
:10D7B0008091469C823090F04091C6805091C78005
:10D7C00060E070E085E992E40F942624498150E0FE
:10D7D00060E070E089ED97E50F9426248091CF807A
:10D7E000882311F581E00E94FCD08981880F809305
:10D7F0004CA48091AD7F882309F04BC280914CA44A
:10D800008093AC7F46C28091469C823020F081EBB1
:10D8100097E50E9443C08091CF80813029F486EA49
:10D820000F94374B82E02CC299812DC28091CF801A
:10D830008D3009F0C0C08091469C823020F088E88D
:10D8400097E50E9443C08EE00E94FCD081E0809367
:10D85000A87FCE01C4960E94F46149AD5AAD2BADAC
:10D860003CAD6FA97EA98DB79EB70E970FB6F89401
:10D870009EBF0FBE8DBFEDB7FEB73196CE0180962D
:10D88000ADB7BEB712969C938E93119783E098E53F
:10D89000938382834483158256831782318720873E
:10D8A00062871386748715860F941E518091BA7F04
:10D8B000EDB7FEB73E960FB6F894FEBF0FBEEDBFB4
:10D8C000813011F08330D1F585ED90E86FE10F9450
:10D8D0007E4C85ED90E86FE10F947E4C85ED90E8ED
:10D8E0006FE10F947E4C85ED90E862E00F947E4CE2
:10D8F00085ED90E868E00F947E4C85ED90E86BE153
:10D900000F947E4CFF240FC0020F131FD8018C917F
:10D9100063E00F94E54C682F8F3F21F085ED90E890
:10D920000F947E4CF3948E01005E1F4FC8010F943C
:10D930004B502F2D30E02817390730F38091BA7FF4
:10D9400082508230A0F510E089E091E86FE10F94F9
:10D950007E4C1F5F1730C1F789E091E862E00F94B9
:10D960007E4C89E091E868E00F947E4C89E091E874
:10D970006BE10F947E4CFF240FC0020F131FF801C0
:10D98000808163E00F94E54C682F8F3F21F089E0A0
:10D9900091E80F947E4CF3948E01005E1F4FC801F6
:10D9A0000F944B502F2D30E02817390730F383E0C8
:10D9B00080933D816EC1853171F48091469C8230A7
:10D9C00020F08AE597E50E9443C089E690E80E942E
:10D9D000F46186E155C1893151F48091469C8230D1
:10D9E00020F08FE297E50E9443C082E149C1843371
:10D9F00009F009C18091469C823020F085E097E5CE
:10DA00000E9443C085E33CC18091469C823008F46B
:10DA1000FAC08DED96E50E9443C0F5C08091469C0A
:10DA20008230B0F04091C6805091C78060E070E0D5
:10DA300085E992E40F942624498150E0405B5040F0
:10DA4000662757FD6095762F89EB96E50F9426247F
:10DA50008091CF80823009F0D6C080912D858823B7
:10DA600009F0D1C08091BF7F882399F58981803BDF
:10DA700081F58091469C823020F084E896E50E94F2
:10DA800043C089E20E94FCD085EA0F94374B2FB740
:10DA9000F8948091D3809091D4809093BA758093BC
:10DAA000B9752FBF81E190E06091169A0F94863E80
:10DAB000BC018EE391E80F945F4F8EE391E80F94E1
:10DAC0004B50E82FF0E0E25CFE478EE0808311824D
:10DAD000E0C0898190E0805B90407C010027F7FCEA
:10DAE0000095102F6091BB7F7091BC7F8091BD7FAE
:10DAF0009091BE7F2AE030E040E050E00F94434D2B
:10DB0000E60EF71E081F191FE092BB7FF092BC7F44
:10DB10000093BD7F1093BE7F8091BF7F8F5F809306
:10DB2000BF7F2FB7F8948091D3809091D480909349
:10DB30002680809325802FBF10922480109227800A
:10DB40006091BB7F7091BC7F8091BD7F9091BE7FC3
:10DB500040E020EC3FE70F948810882309F443C08D
:10DB60008091BF7F853018F400E010E006C08091FE
:10DB7000EC7F80958170082F10E08091469C823068
:10DB8000B0F04091C6805091C78060E070E085E9B8
:10DB900092E40F9426244091C07F5091C17F609100
:10DBA000C27F7091C37F82E596E50F94262401150C
:10DBB000110509F07CDD8091EC7F80FF10C080ECC6
:10DBC0009FE794DA882399F088E192E20E9437E295
:10DBD00081E00E9448D581E08093248008C081E0E4
:10DBE0008093278004C080EC9FE70F94800D2FB7AF
:10DBF000F8948091D3809091D480909326808093E4
:10DC000025802FBF46C08091D372882309F041C080
:10DC100085EA8093D3723DC08091469C823020F08B
:10DC200085E396E50E9443C08091CF80833179F0EF
:10DC30008091469C882321F08FE096E50E9443C0A6
:10DC400099818091D372882311F49093D3721092AA
:10DC50003E8110924B751092B37511C08091469C15
:10DC6000823020F085EF95E50E9443C08091CF80FF
:10DC7000882329F08CEA0F94374B0E94BCCB80E2BA
:10DC80000E94FCD006C08091D372882311F4909337
:10DC9000D3720E94B1B88823B1F1809169A49091A8
:10DCA0006AA4815D974078F18091469C882321F099
:10DCB00086ED95E50E9443C080E190E06091169A60
:10DCC0000F94863E61E00E94D3D581E00E9448D542
:10DCD00081E080932E85209136853091378569E0EB
:10DCE000223C360780F4F901EE5FF04783E0808341
:10DCF000C9010196FC01EE5FF047108201969093F6
:10DD000037858093368586E890E00E94EC717C012F
:10DD10007FEF8F3F970709F4F0C08091469C8230D7
:10DD200090F10F9458214091C6805091C78060E0D7
:10DD300070E085E992E40F942624A701662757FD39
:10DD40006095762F88E79CE50F94262482E398E07F
:10DD5000E89E8001E99E100DF89E100D1124F80137
:10DD6000ED53F74D66817781808591850F94062468
:10DD700080E79CE50F946C24C8018B51974D0F945C
:10DD8000EC230F945D2180912D858823F1F48091FF
:10DD9000CF806091469C882389F4623040F00F94D4
:10DDA000582183E69CE50F946C240F945D21F0923A
:10DDB0002C85E0922B850E9403D59FC0662311F429
:10DDC0000D9439078EE49CE54DC0823009F042C0C5
:10DDD00080912B8590912C858F5F9F4FD9F582E3A1
:10DDE00098E0E89EF001E99EF00DF89EF00D1124F8
:10DDF000ED53F74D26813781408551858091BD7562
:10DE00009091BE75A091BF75B091C0756091469C10
:10DE100082179307A407B507B1F4662321F084E3C2
:10DE20009CE50F946C24F0922C85E0922B852FB703
:10DE3000F8948091D3809091D4809093C67580930C
:10DE4000C5752FBF5AC0662311F40D9439078EE0B3
:10DE50009CE508C08091469C882311F40D943907F5
:10DE600089EF9BE50F946C240D9439078DEC9BE5AD
:10DE70000F946C248091BB759091BC75BFEF8F3F60
:10DE80009B0751F00E943B788091469C882321F0AB
:10DE900085E99BE50F946C24F092BC75E092BB750C
:10DEA0008FB7F8942091D3803091D4803093C87587
:10DEB0002093C7758FBF8091CF802091BB75309123
:10DEC000BC758F3149F4C90165E070E04FE85BE54E
:10DED00021E00E94EE7811C0C90165E070E049E8D8
:10DEE0005BE521E00E94EE7880E090E06091169A78
:10DEF0000F94863E64E00E94D3D58091CF8080321B
:10DF000091F48091348590913585892B61F08091D1
:10DF1000469C823020F082E49BE50E9443C0109230
:10DF200035851092348580912B8590912C85EFEF6B
:10DF30008F3F9E0709F47AC00E941772882309F068
:10DF400075C08091348590913585892B09F06EC01C
:10DF500080913385882319F08130D9F40DC08091E8
:10DF60002E85882349F48091469C8823E1F18AE03C
:10DF70009BE50E9443C037C08091469C8230F8F0F8
:10DF80000F94582186ED9AE50E9443C00F945D21BD
:10DF900016C080912E85882319F48CEA9AE506C074
:10DFA0008091469C823020F088E79AE50E9443C029
:10DFB0008091CF80833319F480E20E94FCD01092CC
:10DFC0002D851092BD751092BE751092BF7510927E
:10DFD000C07510922E85109237851092368510925A
:10DFE00035851092348580912B8590912C850E94E7
:10DFF0003B782FB7F8948091D3809091D480909300
:10E000003285809331852FBF2FB7F8948091D380CC
:10E010009091D4809093C4758093C3752FBF8FEF78
:10E020009FEF90932C8580932B857AC380912B85CD
:10E0300090912C858F5F9F4F09F440C080912E8571
:10E040008823E1F18FB7F8942091D3803091D48068
:10E050008FBF8091C5759091C675281B390B2739E4
:10E06000310560F18091368590913785892B31F5A6
:10E070008091348590913585892B01F58091469C5E
:10E08000823020F088E59AE50E9443C080912B857C
:10E0900090912C850E943B788FEF9FEF90932C8579
:10E0A00080932B8510922D851092BD751092BE75B0
:10E0B0001092BF751092C07510922E8580912B859D
:10E0C00090912C858F5F9F4F09F4B6C08091348565
:10E0D00090913585845C994008F0AEC02FB7F894D4
:10E0E0008091D3809091D4809093328580933185B4
:10E0F0002FBF80912B8590912C850E9443728C01BB
:10E100008091348590913585800F911F855C994071
:10E1100068F18091469C882309F14091C680509116
:10E12000C78060E070E085E992E40F942624A8019E
:10E13000662757FD6095762F82E29AE50F94262494
:10E1400044EC59E08091348590913585481B590BFA
:10E1500060E070E08FE09AE50F94262404EC19E06B
:10E160008091348590913585081B190B1016110686
:10E170000CF062C04091348550913585465C5A4719
:10E1800080912B8590912C85B8010E94C7767C01E7
:10E19000E0913485F0913585E65CFA4780818830DE
:10E1A00011F00F9460218091469C8430C0F10F944F
:10E1B00058214091C6805091C78060E070E085E9A9
:10E1C00092E40F942624A801662757FD6095762FC8
:10E1D0008AEF99E50F942624A701662757FD6095DD
:10E1E000762F86EF99E50F9426241E141F044CF415
:10E1F0008091348590913585865C9A47B7010F945C
:10E200009A2440913485509135854E0D5F1D60E014
:10E2100070E084EE99E50F9426240F945D211E147E
:10E220001F0454F480913485909135858E0D9F1D87
:10E23000909335858093348580912D85882309F4CA
:10E240003EC0809133858823D1F58FB7F894209113
:10E25000D3803091D4808FBF8091B5739091B67385
:10E26000281B390B2059314050F18091368590910F
:10E270003785892B21F58091A97F882301F580912D
:10E280002E858823E1F480912B8590912C858F5FDA
:10E290009F4FA9F01092028F1092038F82E090E0BE
:10E2A00090933785809336852FB7F8948091D380EB
:10E2B0009091D4809093B6738093B5732FBF809163
:10E2C0002D85813009F077C080912B8590912C8528
:10E2D0008F5F9F4F09F06FC0809136859091378591
:10E2E000892B09F468C080912E85882309F063C0CA
:10E2F0008FB7F8942091D3803091D4808FBF8091D4
:10E30000C3759091C475281B390B293C310508F45D
:10E3100052C06091BD757091BE758091BF7590912E
:10E32000C0754091C1755091C2750E945675909309
:10E330002C8580932B856091469C8F5F9F4FC1F405
:10E34000662321F08CEB99E50E9443C08FEF9FEF8D
:10E3500090932C8580932B852FB7F8948091D38050
:10E360009091D4809093C4758093C3752FBFD8C10A
:10E370006623B1F04091C6805091C78060E070E0A4
:10E3800085E992E40F94262440912B8550912C85A9
:10E39000662757FD6095762F8EE899E50F94262421
:10E3A0002FB7F8948091D3809091D4809093C675C4
:10E3B0008093C5752FBF40912B8550912C85FFEF21
:10E3C0004F3F5F0709F401C1609136857091378531
:10E3D0006115710509F4F9C08091A97F882389F03E
:10E3E0008FB7F8942091D3803091D4808FBF8091E3
:10E3F000C3759091C475281B390B2739310508F472
:10E40000E4C07B0124E06130720718F0E12C64E085
:10E41000F62ECA01B70142E05FE820E00E94EE78E4
:10E420008C018091469C843008F444C04091C680A1
:10E430005091C78060E070E085E992E40F94262453
:10E44000A70160E070E089E799E50F94262482E057
:10E450009FE8B7010F949A24A801662757FD60959D
:10E46000762F8DE699E50F942624101611067CF47C
:10E4700040913685509137850417150740F4401BAD
:10E48000510B60E070E083E699E50F9426244091FB
:10E49000A37F5091A47F60E070E088E599E50F9438
:10E4A00026244091A37F50E060E070E080E599E58C
:10E4B0000F942624101611060CF45BC08091A97FDE
:10E4C0008F5F8093A97F8A3008F448C080912E85A1
:10E4D0006091469C882339F1662321F088E099E514
:10E4E0000E9443C080912B8590912C850E943B789F
:10E4F0008FEF9FEF90932C8580932B8510922D8525
:10E500001092BD751092BE751092BF751092C075B5
:10E5100010922E851092378510923685109235858F
:10E52000109234851BC0662321F086EB98E50E948B
:10E5300043C081E090E06091169A0F94863E62E0BD
:10E540000E94D3D580912B8590912C850E943B7899
:10E550008FEF9FEF90932C8580932B852FB7F894A6
:10E560008091D3809091D4809093C4758093C3752B
:10E570002BC0409136855091378504171507A0F4BC
:10E58000B8016E5F7047401B510B82E09FE80F940B
:10E59000D54F8091368590913785801B910B909354
:10E5A00037858093368504C0109237851092368562
:10E5B0001092A97F2FB7F8948091D3809091D48046
:10E5C0009093C6758093C5752FBF0E94B1B88823FC
:10E5D000D9F08091338581508330B0F480912B85C0
:10E5E00090912C8522E338E0829FF001839FF00D0B
:10E5F000929FF00D1124ED53F74D8081803121F46D
:10E600008EE190E0978B868B80912D85882309F48D
:10E610003CC080912B8590912C858F5F9F4FA9F5F1
:10E620008FB7F8942091D3803091D4808FBF8091A0
:10E63000318590913285281B390B285B3B4028F1AE
:10E640008091469C882321F08CE798E50E9443C086
:10E6500082E090E06091169A0F94863E62E00E94FC
:10E66000D3D510922D8510922E851092BD751092E3
:10E67000BE751092BF751092C075109237851092BA
:10E68000368510923585109234858091BB759091B6
:10E69000BC757FEF8F3F9707C1F00E9417728823E8
:10E6A000A1F48091469C823020F086E498E50E9497
:10E6B00043C08091BB759091BC750E943B788FEFF1
:10E6C0009FEF9093BC758093BB758091BB759091C3
:10E6D000BC758F5F9F4F21F18FB7F8942091D38045
:10E6E0003091D4808FBF8091C7759091C875281BD9
:10E6F000390B2C523140A0F08091469C823020F0A2
:10E700008FE198E50E9443C08091BB759091BC75E4
:10E710000E943B788FEF9FEF9093BC758093BB7501
:10E7200080912D85882381F49091CF80943041F0A1
:10E73000892F8B50843020F09353933008F0F4C12C
:10E7400080E00E9448D5F0C180913385813051F03E
:10E75000813008F4B8C0823009F4D9C1833009F09F
:10E76000DCC1D8C10E9400E389E091E80F94BB4C62
:10E77000082F10E00115110539F485ED90E80F948C
:10E78000554C882309F0D0C12FB7F8948091D180DF
:10E790009091D2809093B8758093B7752FBF053153
:10E7A00011050CF051C00115110509F4BDC18FB759
:10E7B000F8942091D3803091D4808FBF8091B17331
:10E7C0009091B273281B390B20353105E8F5ACC1A7
:10E7D00089E091E80F94A54C982F80913D81867037
:10E7E000823051F4923141F4E0913685F0913785D1
:10E7F000EE5FF04780E40CC00091368510913785BC
:10E80000892F6DE371E80F94C94C0E5F1047F80132
:10E8100080832091368530913785F901EE5FF0478E
:10E820008081882391F02F5F3F4F3093378520936D
:10E8300036858091A37F9091A47F01969093A47FC9
:10E840008093A37FF39401C0FF2489E091E80F94A3
:10E85000554C882341F48091368590913785875BAC
:10E86000994008F4B5CF8091469C833009F043C1AC
:10E87000FF2009F440C14091C6805091C78060E0FC
:10E8800070E085E992E40F9426244091A37F809163
:10E89000A77F481B50E060E070E086EA9CE50F949B
:10E8A00026244F2D50E060E070E082EA9CE50F9452
:10E8B00026244091A37F50E060E070E08CE99CE565
:10E8C0000F94262418C10E9400E389E091E80F9478
:10E8D000BB4C082F10E00115110539F485ED90E8C7
:10E8E0000F94554C882309F0AAC02FB7F894809153
:10E8F000D1809091D2809093B8758093B7752FBFD7
:10E9000005311105DCF40115110509F498C08FB724
:10E91000F8942091D3803091D4808FBF8091B173CF
:10E920009091B273281B390B2035310538F4909142
:10E93000A77F8091A37F981709F081C080913685C9
:10E9400090913785865B994008F079C089E091E81D
:10E950000F94BB4C47EB59E02091368530913785B9
:10E96000421B530B282F30E0C9017C01481759077F
:10E9700008F47A018091469C833041F54091C6802D
:10E980005091C78060E070E085E992E40F942624FE
:10E990004091A37F8091A77F481B50E060E070E02A
:10E9A00087E59EE50F942624A70160E070E083E5EB
:10E9B0009EE50F9426248091A37FA701480F511D47
:10E9C00060E070E08DE49EE50F942624809136850A
:10E9D00090913785FC01EE5FF04722E0208301969D
:10E9E000FC01EE5FF047E0820196909337858093BB
:10E9F00036858091A37F9091A47F8E0D9F1D90936B
:10EA0000A47F8093A37F15C0009136851091378530
:10EA100089E091E80F94A54CF801EE5FF047808300
:10EA20000F5F1F4F10933785009336850894E108D8
:10EA3000F108E114F10441F781E08093A87F80910F
:10EA4000CF808E3019F0843009F06EC08091A87F9D
:10EA5000882389F48FB7F8942091D3803091D480A3
:10EA60008FBF8091B5739091B673281B390B2F55CA
:10EA7000314008F459C080912E85882309F054C094
:10EA80008091A97F882309F04FC0009136851091AD
:10EA9000378579E0063B170708F046C080912B8543
:10EAA00090912C858F5F9F4F09F43EC0F801EE5F77
:10EAB000F04786E080830F5F1F4FF801EE5FF0475D
:10EAC00081E080830F5F1F4F109337850093368559
:10EAD000F090A57F85ED90E80F94BB4CF801EE5FB8
:10EAE000F047F81AF0820F5F1F4F1093378500939D
:10EAF00036851092A87F2FB7F8948091D38090919B
:10EB0000D4809093B6738093B5732FBF0DC00F94CC
:10EB10009A3C0AC00F94E23707C08EEB95E50E943D
:10EB200043C081E0809333858091CF808230F9F4B7
:10EB300085ED90E80F94554C8823C9F48091469C4C
:10EB4000823020F089E895E50E9443C085EA0F9461
:10EB5000374B2FB7F8948091D3809091D4809093C5
:10EB6000BA758093B9752FBF84E00E94FCD0809164
:10EB7000CF808C3009F059C08091AB7F0E945BCB75
:10EB8000882361F183EA0F94374B8DE00E94FCD01B
:10EB90008091469C8230E8F04091C6805091C780B9
:10EBA00060E070E085E992E40F9426244091AB7F09
:10EBB00050E060E070E087E795E50F9426244091EF
:10EBC0004CA4469550E060E070E084E695E50F9433
:10EBD000262489E690E80E94F46127C08091469C33
:10EBE000882399F04091C6805091C78060E070E022
:10EBF00085E992E40F9426244091AB7F50E060E0D9
:10EC000070E084E495E50F9426248FE090E0609115
:10EC1000169A0F94863E61E00E94D3D580E495E574
:10EC20000E941FCB80E20E94FCD08091CF8089326D
:10EC300009F0C6C0BEC089E091E80F94A54C6DE311
:10EC400071E80F94C94C182F88E290E80F944B504C
:10EC5000082F1D3019F01A3009F086C0002309F47E
:10EC6000A8C087E295E50E9443C088E290E80F942F
:10EC70000625402F50E060E070E08AE195E50F94B2
:10EC800026248EE391E867E175E50F94404F033049
:10EC900068F483E190E06091169A0F94863EBC017F
:10ECA0008EE391E80F94404F82E15BC0809126A2F1
:10ECB000909127A2A09128A2B09129A20097A10526
:10ECC000B10509F04DC08CE095E50E941CEB88234E
:10ECD00089F18E0108511F4F8AE0F801808389E293
:10ECE0008183C801039668E270E848E250E00F941F
:10ECF000725081E0D80112968C93129711966C9104
:10ED000070E06E5F7F4F80919B8090919C80A80106
:10ED100020E00E94EE788AE20E94FCD082E190E03E
:10ED20006091169A0F94863EBC018EE391E80F9491
:10ED3000404F46C083E090E06091169A0F94863E63
:10ED4000BC018EE391E80F94404F85E190E0609123
:10ED5000169A0F94863EBC018EE391E80F94404FC3
:10ED60008BE20E94FCD02CC0173171F48EE391E845
:10ED70000F944B50E82FF0E0E25CFE478EE080837A
:10ED800080E28183128215C0103298F0133289F02C
:10ED9000873278F4103211F4882359F0E02FF0E034
:10EDA000E85DFF4710830F5FE02FF0E0E85DFF476D
:10EDB000108289E091E80F94554C882309F43BCFE9
:10EDC0008091CF808B3209F0B4C0AAC08E010C575D
:10EDD0001F4F80E590E8B8010F94940F882371F4D9
:10EDE00087E190E06091169A0F94863EBC01C701BE
:10EDF0000F945F4F82E10E94FCD09BC088E290E8B4
:10EE0000B8010F94A90A882309F48AC0F80186A5DD
:10EE1000882309F485C02DB73EB72A5030400FB67D
:10EE2000F8943EBF0FBE2DBF2F5F3F4FADB7BEB7AB
:10EE30001296FC92EE9211978FEF94E5F90193836D
:10EE40008283F8014191519161917191D901149698
:10EE50004D935D936D937C9317971996FC93EE9366
:10EE600018970F941E51EDB7FEB73A960FB6F89467
:10EE7000FEBF0FBEEDBFD8019E966C91653030F499
:10EE80006330D8F5613008F445C006C0653021F024
:10EE9000663009F03FC034C0FE01EF51FF4F1081D2
:10EEA000112309F18EE391E80F944B5000D000D06C
:10EEB000EDB7FEB73196825C9E47ADB7BEB71296EE
:10EEC0009C938E93119789EF94E5938382831483A7
:10EED00015820F941E51EDB7FEB736960FB6F89413
:10EEE000FEBF0FBEEDBF89E690E06091169A0F94C9
:10EEF000863EBC018EE391E80BC088E690E002C03C
:10EF00008AE690E06091169A0F94863EBC01C70194
:10EF10000F94404F8EE391E866EF74E50F94404FF5
:10EF20004EE3E42E41E8F42E80913E81882309F4DB
:10EF30004DCF8091CF808230D1F48091248088237E
:10EF4000B1F48091BF7F853090F08FB7F894209115
:10EF5000D3803091D4808FBF80912580909126807E
:10EF6000281B390B283C310510F00E9457EB80918B
:10EF7000CF80823059F58FB7F8942091D3803091AB
:10EF8000D4808FBF8091258090912680281B390BDB
:10EF9000245F3140D8F0809127808823B9F0809198
:10EFA0002D85882399F48091EE7F882379F0109243
:10EFB000278080EC9FE70E9476E8823039F48BE16D
:10EFC00092E20E9437E281E00E9448D58091CF8092
:10EFD000823019F58FB7F8942091D3803091D48086
:10EFE0008FBF8091258090912680281B390B2C5D46
:10EFF000354098F080912D85882379F48091469C46
:10F00000882321F08EEC94E50E9443C08FE192E2C8
:10F010000E9437E281E00E9448D58091CF80833101
:10F02000D9F48FB7F8942091D3803091D4808FBFDA
:10F030008091B3739091B473281B390B2D523140DA
:10F0400058F08091469C882321F08EE994E50E9437
:10F0500043C080E20E94FCD08091CF808D30F9F4D3
:10F060008FB7F8942091D3803091D4808FBF809156
:10F07000B3739091B473281B390B2152334078F04D
:10F080008091469C882321F08CE694E50E9443C041
:10F0900081E00E9448D588E694E50E941FCB0E943B
:10F0A000B1B8882301F18FB7F8942091D1803091C5
:10F0B000D2808FBF8091B7759091B875281B390B9E
:10F0C0002D33310580F08091469C882321F081E426
:10F0D00094E50E9443C081E00E9448D50E94BCCBC9
:10F0E00080E20E94FCD09091D080992309F4CCC09A
:10F0F0008091CF80823109F4AEC08F3109F49AC07B
:10F10000882309F0BFC0913011F48FE196C080913F
:10F11000AE7F882319F481E08093AE7F88E190E090
:10F120006091169A0F94863EBC018EE391E80F948D
:10F130005F4F8EE391E80F944B5000913422109171
:10F1400035222091362230913722AC01425C5E4755
:10F15000C901B8010E949C818EE391E86EE374E5D9
:10F160000F94404FCE01C4960E94F4618EE391E863
:10F170000F944B508C0189E190E06091169A0F94A6
:10F18000863E00D00F92025C1E47ADB7BEB7129606
:10F190001C930E93119714969C938E9313970F9430
:10F1A0001E510F900F900F900F908EE391E80F94E7
:10F1B0004B5049AD5AAD2BAD3CAD6FA97EA91DA9F1
:10F1C000EDB7FEB770970FB6F894FEBF0FBEEDBF58
:10F1D0003196825C9E47ADB7BEB712969C938E93D4
:10F1E00011978CE194E5938382834483158256833F
:10F1F0001782318720876287138674871586168762
:10F2000017860F941E51EDB7FEB770960FB6F8949F
:10F21000FEBF0FBEEDBF06C08EE391E867EE73E55B
:10F220000F94404F8EE391E80F944B50815B9340D5
:10F2300098F328C0913021F480E20E94FCD022C0D3
:10F2400081E00E94C4690F94450E81E00E94BA6972
:10F250000E94DF8F17C08091469C823020F088EB9F
:10F2600093E50E9443C00E949BC383E10E94FCD0AF
:10F2700010923E8110924B751092B37585ED90E817
:10F280000F94514C1092D0808091CF80882309F048
:10F2900063C080913E81882309F05EC08091CA9846
:10F2A000882309F459C09091C0808091349A8917BD
:10F2B00008F44CC08091359A80932A858AE190E0C9
:10F2C0006091169A0F94863EBC018EE391E80F94EC
:10F2D0005F4F8EE391E80F944B50BC01625C7E4718
:10F2E00080914DA40E9417C08EE391E865EB73E511
:10F2F0000F94404F8EE391E80F944B5045EE53E04E
:10F30000481B590B8EE391E86AEC78E90F9454504E
:10F31000109220858EE391E860EB73E50F94404FE7
:10F320008091469C8250823088F480EA93E50E9466
:10F3300043C08EE391E80F944B50BC018EE391E8FB
:10F340000F949A248DE993E50F946C241092CA9837
:10F350001092C0801092359A8091CF80882349F511
:10F3600080913E81882329F18091469C823088F0EB
:10F370008BE893E50E9443C08EE391E80F944B50D5
:10F38000BC018EE391E80F949A2488E893E50F94EA
:10F390006C2480912A8561E00E9411E7882331F076
:10F3A00089E10E94FCD010922A8503C080E20E946D
:10F3B000FCD00E9420CC8091CF80863109F070C0B3
:10F3C00015C089E091E80F94A54C6DE371E80F94A6
:10F3D000C94C0E945CC12FB7F8948091D180909164
:10F3E000D2809093B8758093B7752FBF89E091E86C
:10F3F0000F94554C882329F380913E81882309F08E
:10F400004FC080914B75882309F04AC080912E9A95
:10F41000882309F045C085ED90E80F94554C88236A
:10F4200009F43EC089E091E80F94554C8823C1F15E
:10F4300080912B8590912C858F5F9F4F31F080912B
:10F44000348590913585892B59F58FB7F8942091A3
:10F45000D3803091D4808FBF8091B5759091B6756F
:10F46000281B390B285B3B4080F48FB7F894209120
:10F47000D1803091D2808FBF8091B7759091B8754F
:10F48000281B390B2E31310558F08091469C823073
:10F4900020F08FE593E50E9443C081E00E9448D5AB
:10F4A0008091CF808231F9F480913E818823D9F414
:10F4B00080914B758823B9F480912E9A882399F412
:10F4C00085ED90E80F94554C882369F08091469C17
:10F4D000823020F086E393E50E9443C00E949BC3E4
:10F4E00083E10E94FCD08091CF80803201F5809131
:10F4F0002B8590912C858F5F9F4FC9F480912D852E
:10F500008823A9F48091469C823040F00F945821C2
:10F5100087EF92E50E9443C00F945D2110924CA4A6
:10F5200080E00E94FCD081EB90E80E9412B88091AC
:10F53000CD759091CE75AFEF8F3F9A0709F49AC0C1
:10F540000E9443728C0134ECE32E39E0F32E80915B
:10F55000977F9091987FF701E81BF90B0E171F0713
:10F5600060F18091469C882301F14091C6805091C2
:10F57000C78060E070E085E992E40F942624A8013A
:10F58000662757FD6095762F85E391E60F94262434
:10F590008091977F9091987FE81AF90AA70160E01F
:10F5A00070E082E291E60F94262404EC19E0809149
:10F5B000977F9091987F081B190B101611060CF07D
:10F5C00059C04091977F5091987F41535A488091FC
:10F5D000CD759091CE75B8010E94C7767C0180915F
:10F5E000469C853030F48430C1F58091CF758823F6
:10F5F000A1F14091C6805091C78060E070E085E93C
:10F6000092E40F942624A801662757FD6095762F73
:10F6100087E091E60F942624A701662757FD6095A1
:10F62000762F83E091E60F9426241E141F044CF4D9
:10F630008091977F9091987F81539A48B7010F945A
:10F640009A244091977F5091987F4E0D5F1D60E006
:10F6500070E081EF90E60F9426241E141F0454F4EA
:10F660008091977F9091987F8E0D9F1D9093987FAA
:10F670008093977F8091977F9091987F892B09F451
:10F6800025C18091CF75843009F4C2C0853038F42B
:10F69000882309F497C0833009F0E4C0BBC08238E6
:10F6A00021F0833809F0DEC03EC08091CC758130F6
:10F6B00019F482E08093CC758FB7F8942091D380B1
:10F6C0003091D48030939E7F20939D7F8FBF809117
:10F6D000977F9091987F029718F401E010E006C0A0
:10F6E0008091D075082F10E00E5F1F4F1092688038
:10F6F0008091A27F882359F084E090E06091169A6F
:10F700000F94863E61E00E94D3D51092A27F2FB75E
:10F71000F8948091D1809091D2809093A17F809332
:10F72000A07F2FBFB7C080912D85882361F5809180
:10F73000CF80882341F58091469C823020F080EB79
:10F7400090E60E9443C084E88093CF751092D075F4
:10F7500082E090E09093987F8093977F0E9491CA77
:10F760008091CD759091CE7590932C8580932B854B
:10F770008FEF9FEF9093CE758093CD751092CC75DF
:10F780000E9403D505C38091469C823020F08FE60D
:10F7900090E60E9443C084E08093CF7583E080931D
:10F7A000D0758FE68093D17583E68093D275809370
:10F7B000D37585E090E09093987F8093977F00E0E9
:10F7C00010E068C02FB7F8948091D3809091D480D6
:10F7D00090939E7F80939D7F2FBF2FB7F894809149
:10F7E000D1809091D2809093A17F8093A07F2FBFF2
:10F7F0008091977F9091987F029718F401E010E034
:10F8000049C08091D075082F10E00E5F1F4F42C095
:10F810000E94FBE68091469C823020F084E490E6D2
:10F820000E9443C00091977F1091987F8091CD7581
:10F830009091CE750E943B788FEF9FEF9093CE759D
:10F840008093CD752FB7F8948091D3809091D48018
:10F8500090939A7F8093997F2FBF1092CC750E94CE
:10F8600056C018C08091469C882381F084E190E6C0
:10F870000E9443C06091977F7091987F8FEC95E7CD
:10F880000F949A248EEF9FE50F946C240091977F3C
:10F890001091987F4091977F5091987F041715079A
:10F8A00028F01092987F1092977F10C010161106C2
:10F8B0006CF4401B510B5093987F4093977F0153FA
:10F8C0001A488FEC95E7B8010F94D54F8091CD750C
:10F8D0009091CE75FFEF8F3F9F0771F10E941772D5
:10F8E000882351F58091469C823078F08091CC75C8
:10F8F000843029F48FEC9FE50E9443C006C08CE958
:10F900009FE50E9443C00E9456C08FEF9FEF9093E7
:10F91000CE758093CD751092CC752FB7F8948091E9
:10F92000D3809091D48090939A7F8093997F2FBFBA
:10F930001092987F1092977F8091CC75823089F4D5
:10F940008FB7F8942091D3803091D4808FBF80916D
:10F950009D7F90919E7F281B390B2C5A3D4098F437
:10F9600016C08130A1F48FB7F8942091D3803091E4
:10F97000D4808FBF80919D7F90919E7F281B390BF3
:10F98000245C394020F083E08093CC7507C08091DF
:10F99000977F9091987F892B09F0FAC18091CF8051
:10F9A000882349F48091CB75882329F08091CC7508
:10F9B000833009F08DC08091CC75882309F463C031
:10F9C000843009F460C08091469C823020F082E847
:10F9D0009FE50E9443C09091CF80992321F08091B0
:10F9E000CB75882379F483E08093CF7582E0809390
:10F9F000D0758EE68093D17583E68093D27584E0CE
:10FA000090E01EC09F3169F483E08093CF758093AE
:10FA1000D07581E68093D17582E68093D27583E7B5
:10FA20000BC083E08093CF758093D0758FE6809371
:10FA3000D17583E68093D2758093D37585E090E08D
:10FA40009093987F8093977F84E08093CC752FB7B5
:10FA5000F8948091D3809091D48090939A7F8093F2
:10FA6000997F2FBF2FB7F8948091D3809091D48045
:10FA700090939E7F80939D7F2FBF8CE291E0909327
:10FA80009C7F80939B7F8091CC75882309F52FB74D
:10FA9000F8948091D3809091D48090939A7F8093B2
:10FAA000997F2FBF2FB7F8948091D3809091D48005
:10FAB00090939E7F80939D7F2FBF2FB7F894809166
:10FAC000D1809091D2809093A17F8093A07F2FBF0F
:10FAD0008091CF80882309F008C18091CB7588235D
:10FAE00009F403C18091CC75882309F0FEC08FB75B
:10FAF000F8942091D3803091D4808FBF8091997FEA
:10FB000090919A7F281B390B80919B7F90919C7FCD
:10FB10002817390708F4E9C08091A27F8823E1F40F
:10FB20008FB7F8942091D1803091D2808FBF80918F
:10FB3000A07F9091A17F281B390B2C33310560F0F9
:10FB400083E090E06091169A0F94863E61E00E94F7
:10FB5000D3D581E08093A27F80919F7F18E2819F1F
:10FB6000C00111248E5696460E94CD816115710503
:10FB70008105910571F480919F7F819FC0011124BF
:10FB80008E5696460E94BA87AC01CB01DA01BC01C1
:10FB9000CD016F3FAFEF7A07AFEF8A07AFEF9A075C
:10FBA000F9F48091469C882391F088E69FE50E94B5
:10FBB00043C080919F7F28E2829FC00111248E560E
:10FBC00096460F9406258BE59FE50F946C248FEFE6
:10FBD0009FEF9093CE758093CD750E9456C0CDC097
:10FBE00043E551EC0E9456759093CE758093CD7588
:10FBF0008FB7F8942091D3803091D48030939A7F3E
:10FC00002093997F8FBF8091CD759091CE75609133
:10FC1000469C8F5F9F4FE9F4662391F08AE49FE54D
:10FC20000E9443C080919F7F28E2829FC0011124DF
:10FC30008E5696460F94062589E29FE50F946C2414
:10FC40008FEF9FEF9093CE758093CD750E9456C035
:10FC50009FC0623090F08AE19FE50E9443C080918E
:10FC60009F7F28E2829FC00111248E5696460F94F2
:10FC7000062581E09FE50F946C2481E88093CF7581
:10FC800086E08093D07580915C8090915D80A0919A
:10FC90005E80B0915F808093D1759093D275A09370
:10FCA000D375B093D475809160809091618090936A
:10FCB000D6758093D57588E090E09093987F809377
:10FCC000977F81E08093CC752FB7F8948091D38093
:10FCD0009091D48090939E7F80939D7F2FBF8CE2E4
:10FCE00091E090939C7F80939B7F8091CC75823034
:10FCF00001F58091977F9091987F892BD1F48FB7F0
:10FD0000F8942091D3803091D4808FBF8091997FD7
:10FD100090919A7F281B390B2C5D354050F0109242
:10FD2000CF751092D07582E090E09093987F809389
:10FD3000977F0E9491CA8091CC75843049F58FB726
:10FD4000F8942091D3803091D4808FBF8091997F97
:10FD500090919A7F281B390B2D523140C8F0809129
:10FD6000CD759091CE750E943B788FEF9FEF909369
:10FD7000CE758093CD751092CC752FB7F894809185
:10FD8000D3809091D48090939A7F8093997F2FBF56
:10FD90002091A280222309F4EFC280915C8090918F
:10FDA0005D80A0915E80B0915F8080519742A040BD
:10FDB000B04008F4E1C2213009F078C08091CF80D2
:10FDC000882319F08F3109F071C0E0909B80F0908A
:10FDD0009C806FEFE6166FEFF60609F067C082EEC3
:10FDE00092E50E941CEB882309F444C08E01025B5B
:10FDF0001E4F81E0D8018C9388E011968C938091FE
:10FE00005C8090915D80A0915E80B0915F80F801F0
:10FE100082839383A483B583809160809091618075
:10FE20009783868380916280909163809187808799
:10FE300080919B8090919C806AE070E0A80120E016
:10FE40000E94EE78D80111962C9130E02E5F3F4F42
:10FE500082179307E9F080919B8090919C800E948B
:10FE60003B78F0929C80E0929B8080919D8090E016
:10FE70000E94D1C08FE090E00E944BB82AE530E0AC
:10FE8000281B390B3093A1802093A08085E001C00E
:10FE900082E08093A2802FB7F8948091D1809091D6
:10FEA000D28090939F8080939E802FBF8091B0805E
:10FEB000882309F02AC18091A9809091AA808F5F40
:10FEC0009F4F09F022C18091A5809091A680892B37
:10FED00009F41BC18091A2808350823058F02FB763
:10FEE000F8948091D3809091D4809093A480809353
:10FEF000A3802FBF8091CF80882369F08F3159F084
:10FF00002FB7F8948091D3809091D4809093A4805F
:10FF10008093A3802FBF80912B8590912C858F5F3C
:10FF20009F4F59F480919B8090919C808F5F9F4F51
:10FF300021F48091CA98882359F02FB7F8948091C2
:10FF4000D3809091D4809093A4808093A3802FBF7E
:10FF50008FB7F8942091D3803091D4808FBF809157
:10FF6000A3809091A480281B390B8091A780909149
:10FF7000A8808217930708F0C8C080916480909190
:10FF80006580A0916680B09167800097A105B1055A
:10FF900021F483E08093B080B8C02091CB80309171
:10FFA000CC804091CD805091CE808091C680909140
:10FFB000C780822793279093AC808093AB80892B56
:10FFC00031F481E090E09093AC808093AB8010920C
:10FFD000AE801092AD8081EB90E80E9405B86091F0
:10FFE0006480709165808091668090916780409177
:10FFF0006280509163800E9456759C019093AA8004
:020000022000DC
:100000008093A9806FEF8F3F9607A1F48091469C63
:10001000882321F085EB92E50E9443C08FEF9FEF8C
:100020009093AA808093A9808091AF808F5F809306
:10003000AF8047C088E08A8382E08B838091AC8068
:100040008C838091AB808D8381E08093B080C901E7
:1000500064E070E0AE014E5F5F4F20E00E94EE78FA
:100060006091469C0497F9F4653010F40F94532383
:100070000F9458214091C6805091C78060E070E095
:1000800085E992E40F9426244091A9805091AA809A
:10009000662757FD6095762F85E892E50F94262414
:1000A0000F945D2110C0662321F08DE592E50E943A
:1000B00043C08091AF808F5F8093AF8082E0809358
:1000C000B0801092B3802FB7F8948091D380909134
:1000D000D4809093A4808093A3802FBF2091A5808B
:1000E0003091A68084E690E0289F8001299F100D22
:1000F000389F100D112487E090E00E944BB8081B38
:10010000190B1093A8800093A7808091B080813054
:1001100009F0D4C02091AD803091AE802115310519
:1001200009F462C08091AB809091AC806091469C54
:1001300028173907A9F5633040F00F94582181E35F
:1001400092E50E9443C00F945D218091469C8530CA
:1001500010F40F9465211092AF802091A58030910A
:10016000A68084E690E0289F8001299F100D389F8B
:10017000100D11248FE390E00E944BB8081B190B5F
:100180001093A8800093A7808091A2808430E9F426
:100190008BE092E50E9443C083E08093A28015C06B
:1001A000662321F081EE91E50E9443C08091AF80EB
:1001B0008F5F8093AF8087E390E00E944BB88C50B4
:1001C0009E4F9093A8808093A7808FB7F89420913A
:1001D000D3803091D4803093A4802093A3808FBFAC
:1001E00082E08093B0806AC08091CF80882379F1CB
:1001F0008F3169F18B3059F18091469C882321F031
:100200008FEA91E50E9443C02FB7F8948091D38084
:100210009091D4809093A4808093A3802FBF20914D
:10022000A5803091A68084E690E0289F8001299FD8
:10023000100D389F100D11248FE390E00E944BB8F1
:10024000081B190B1093A8800093A78032C08FB7AA
:10025000F8942091D3803091D4808FBF8091A38077
:100260009091A480281B390B255F314038F1809193
:10027000469C882321F089E891E50E9443C0809143
:10028000AF808F5F8093AF802FB7F8948091D38039
:100290009091D4809093A4808093A3802FBF87E314
:1002A00090E00E944BB888519C4F9093A880809317
:1002B000A78082E08093B0801092B3808091B0805C
:1002C0008230C9F48091A9809091AA800E943B78E5
:1002D0008FEF9FEF9093AA808093A9801092B080B7
:1002E0002FB7F8948091D3809091D4809093A4807C
:1002F0008093A3802FBF8091B080882311F58091D7
:10030000AF808330F0F09091A280933031F481E09F
:100310008093A2809093B08014C0883090F0943085
:1003200081F41092A6801092A5808BE190E06091FC
:10033000169A0F94863E61E00E94D3D583E08093A5
:10034000B0808FB7F8942091D1803091D2808FBF48
:1003500080919E8090919F80281B390B8091A08076
:100360009091A1802817390738F08091A2808230BF
:1003700019F081E08093A2808091A9809091AA8059
:10038000AFEF8F3F9A07E1F10E9417728823C1F502
:100390008091469C882321F086E591E50E9443C028
:1003A0008091A9809091AA800E943B788FEF9FEF67
:1003B0009093AA808093A9801092B0802FB7F89470
:1003C0008091D3809091D4809093A4808093A380D7
:1003D0002FBF2091A5803091A68084E690E0289FD1
:1003E0008001299F100D389F100D112487E090E0A7
:1003F0000E944BB8080F191F1093A8800093A78084
:1004000080919B8090919C80BFEF8F3F9B0709F468
:10041000FEC20E9443727C018736910580F1809173
:100420009B8090919C8066E670E042EF52E70E94CC
:10043000C7768C018091469C882309F4BCC2409108
:10044000C6805091C78060E070E085E992E40F9427
:100450002624A701662757FD6095762F87E191E551
:100460000F942624101611062CF482EF92E7B8019F
:100470000F949A2483EF90E50F946C249CC2181675
:1004800019060CF0A4C280919B8090919C80B701CA
:1004900042EF52E70E94C7768C018091469C8430DF
:1004A00040F14091C6805091C78060E070E085E9DE
:1004B00092E40F942624A701662757FD6095762FB6
:1004C00083ED90E50F942624A801662757FD6095DB
:1004D000762F8FEC90E50F942624101611062CF43D
:1004E00082EF92E7B8010F949A248CEC90E50F9478
:1004F0006C248091F272853059F1863038F4823064
:1005000009F466C1843009F02BC207C0893009F4B0
:10051000CAC18F3F09F024C2D0C18091469C82306D
:1005200020F080EA90E50E9443C08091AF7F88234D
:1005300049F08DE190E06091169A0F94863E64E058
:100540000E94D3D58091CF808A3209F030C2E2C1B7
:100550008091469C823090F084E790E50E9443C0F1
:1005600060914B7370914C7380914D7390914E7369
:100570000F94062481E790E50F946C248091CF803E
:10058000823009F0DDC06091EE7F6623F9F02091A2
:10059000C07F3091C17F4091C27F5091C37F8091D5
:1005A000F4729091F572A091F672B091F7722817DB
:1005B00039074A075B0719F088E390E5CEC18091BF
:1005C000EC7F80FF03C081E090E5C7C120915473A8
:1005D000309155734091567350915773809120809C
:1005E00090912180A0912280B0912380821793075F
:1005F000A407B50728F0662319F000E010E072C0E8
:100600008091F4729091F572A091F672B091F772A8
:100610008093C07F9093C17FA093C27FB093C37F2C
:100620008091C47F882341F484EC9FE768EF72E7F0
:1006300048E250E00F9472508091207390912173A2
:100640009093ED7F8093EC7F809122738093EE7F77
:100650008FEE9FE763E273E748E250E00F94725039
:1006600080914B7390914C73A0914D73B0914E73E8
:100670008093178090931880A0931980B0931A806C
:1006800080914F739091507390931C8080931B8046
:100690008091517380931D802091547330915573D4
:1006A0004091567350915773809120809091218092
:1006B000A0912280B091238082179307A407B507E9
:1006C00040F42093208030932180409322805093E7
:1006D000238080EC9FE762E00F94E00F082F112742
:1006E00007FD109580912D85882309F045C0209144
:1006F000F4723091F5724091F6725091F7728091D8
:10070000BB7F9091BC7FA091BD7FB091BE7F281729
:1007100039074A075B0781F580EC9FE70E9476E87E
:10072000882331F480E090E063E00E94D3D524C0B8
:1007300088E192E20E9437E281E00E9448D51CC025
:100740008A3209F034C184EF92E761E00F94E00F40
:10075000082F112707FD109588E08093F272109200
:10076000F37280919B8090919C8062E070E042EFF8
:1007700052E720E00E94EE7817FF20C04091C6802B
:100780005091C78060E070E085E992E40F942624E0
:100790004091C07F5091C17F6091C27F7091C37FB3
:1007A00082EB9FE40F9426248EE190E06091169AEC
:1007B0000F94863E62E00E94D3D5F9C00130110546
:1007C00009F0F5C080EC9FE76FEF0F946E25EFC046
:1007D0002091F4723091F5724091F6725091F77257
:1007E0008091648090916580A0916680B0916780CF
:1007F0006091469C281739074A075B0739F4623035
:1008000018F188E79FE40E9443C01EC020936480D3
:10081000309365804093668050936780662391F0A3
:1008200081E59FE40E9443C060916480709165807F
:1008300080916680909167800F9406248EE49FE4F7
:100840000F946C241092AF8084E08093A280109269
:1008500068802FB7F8948091D1809091D280909346
:100860009F8080939E802FBF8FE390E00E944BB8C3
:1008700028E631E0281B390B3093A1802093A0801B
:100880002FB7F8948091D3809091D4809093A480D6
:100890008093A3802FBF8091B080833009F087C000
:1008A0001092B08084C080E39FE40E9443C0809196
:1008B000CF808A3209F07BC043C087E09FE40E946A
:1008C00043C084EF92E70F94062584E09FE40F94E1
:1008D0006C242FB7F8948091D1809091D28090931E
:1008E0009F8080939E802FBF8FE090E00E944BB846
:1008F0002AE530E0281B390B3093A1802093A0809B
:100900008091CF808A3201F58EE391E864EF72E73F
:100910000F94255084E190E06091169A0F94863EE2
:10092000BC018EE391E80F94404F85E190E0609127
:10093000169A0F94863EBC018EE391E80F94404FC7
:100940008BE20E94FCD033C08091A280823019F4E7
:100950000E94FBE625C08FED9EE40E9443C027C0A5
:1009600080EB9EE40E9443C02FB7F8948091D18021
:100970009091D28090939F8080939E802FBF8FE034
:1009800090E00E944BB82AE530E0281B390B3093E9
:10099000A1802093A0808091CF808A3209F4BACFC1
:1009A0008091B080882319F483E08093B080809197
:1009B000CF808A3261F080919B8090919C800E94D0
:1009C0003B788FEF9FEF90939C8080939B808091EA
:1009D0009B8090919C80FFEF8F3F9F07C1F00E940A
:1009E00017728823A1F48091469C823020F08FE614
:1009F0009EE40E9443C080919B8090919C800E94C5
:100A00003B788FEF9FEF90939C8080939B808091A9
:100A10009B8090919C808F5F9F4F31F58091A28049
:100A2000823011F58091469C882321F084E29EE477
:100A30000E9443C084E08093A2802FB7F8948091F5
:100A4000D1809091D28090939F8080939E802FBF81
:100A50008FE090E00E944BB82EE130E0281B390B6C
:100A60003093A1802093A0808091B080882311F0E2
:100A7000833031F48091CF80882311F40F94B33AFE
:100A800080E00F94972180919680882391F08FB712
:100A9000F8942091D1803091D2808FBF8091948042
:100AA00090919580281B390B2F31310510F0109251
:100AB00096808091D272882309F471C0CE01C496C9
:100AC0000E94F461EE2466C08BE0E89E8001112450
:100AD000055C1546D8014C9150E060E070E08DEB6C
:100AE00092E60F942624FF2405C088EB92E60F942B
:100AF0006C24F394F8018081F816B8F3458150E036
:100B000060E070E08DEA92E60F942624D8011696F4
:100B10004C9150E060E070E081EA92E60F94262468
:100B2000F80167817085818592850F940624D8012C
:100B300011960D911D912D913C911497FE01ED5B45
:100B4000FF4F80819181A281B381081719072A077D
:100B50003B0768F44081518162817381401B510BD6
:100B6000620B730B8FE892E60F94262404C08CE886
:100B700092E60F946C244FB7F8948091D2722E2D88
:100B800030E090E001972817390714F01092D272E4
:100B90004FBFE3948091D272E81608F495CF80910C
:100BA000CF80882309F0C5C08091CA98882309F0B6
:100BB000C0C08FB7F8942091D3803091D4808FBF7C
:100BC0008091379A9091389A281B390B245F3140D5
:100BD00008F4AFC0CE01C4960E94F46126E7C22E8D
:100BE00024EAD22EF60182859385892B09F497C0D9
:100BF00000D000D0EDB7FEB7319698E4E92EF12C85
:100C0000EC0EFD1EADB7BEB71296FC92EE92119798
:100C100083EF92E693838283D60114968D919C9103
:100C20001597958384830F941E51EDB7FEB73696C2
:100C30000FB6F894FEBF0FBEEDBFC7010F944B5027
:100C4000D6010D911D912D913C91A701480F591F7F
:100C5000C901B8010E949C81C7010F944B50FE014D
:100C6000ED5BFF4F2081318142815381EDB7FEB7AB
:100C70003A970FB6F894FEBF0FBEEDBF3196E80E5F
:100C8000F91EADB7BEB71296FC92EE92119787EEA1
:100C900092E693838283D6011A968D919C911B973D
:100CA000958384831696ED90FD900D911C91199774
:100CB0002E193F09400B510B2683378340875187FC
:100CC0000F941E51EDB7FEB73A960FB6F894FEBFDB
:100CD0000FBEEDBF8091CA98882329F485ED92E676
:100CE00065E00E94D3D58AEC98E90F944B508C01B3
:100CF00088E4E82EF12CEC0EFD1EC7010F944B503A
:100D0000080F191F063C1105A0F48AEC98E9B701F9
:100D10000F942550D6011B961C921E921A97ECE058
:100D2000F0E0CE0EDF1EFEEECF16F4EADF0609F08D
:100D300059CF81D18FB7F8942091D1803091D28052
:100D40008FBF8091C1809091C280281B390B809108
:100D5000C3809091C48082179307D8F48FB7F8941A
:100D60002091D1803091D2803093C2802093C18075
:100D70008FBF8AE590E09093C4808093C3800F94E6
:100D8000933E882331F080EC91E29093C48080936D
:100D9000C380CE010C960E94F4618091C5808823A7
:100DA00009F450C09E8580915873981709F44AC081
:100DB0008091CF808F3119F0882309F043C0809152
:100DC000B080882311F08330E9F580912B859091D4
:100DD0002C858F5F9F4FB1F5809150A4882391F1AE
:100DE00080914AA4882321F080914AA4853051F54E
:100DF0008E858093587383E6809356A48CE6809307
:100E000057A48BE6809358A48B899C89805D80933E
:100E100059A48A8980935AA4898980935BA48F8579
:100E200080935CA48E8580935DA48889882311F4C7
:100E300087E001C0888980935EA489E0809366A4DE
:100E40000F94554B8FB7F8942091D3803091D48074
:100E50008FBF80917D8090917E80281B390B2D5211
:100E6000314008F029984D9B02C05C9A0AC05C98FA
:100E700008C08091469C823010F00C9436EF0C94A0
:100E80003AEFCD54DE4FE8E00D94D14DAB01BC01FB
:100E90002091E2FA3091E3FA2E503B45E2EFF4EA7A
:100EA0000CC080819181A281B381481759076A07DC
:100EB0007B0741F08481E80FF11DE217F30788F307
:100EC000E0E0F0E0CF0108958F929F92AF92BF9241
:100ED000CF92DF92EF92FF920F931F93FC01DB0101
:100EE000A080B180C280D380ED90FD900D911C91C7
:100EF00088240BC0C601B5012AE030E040E050E094
:100F00000F94434D5B016C01839480E0A81681EE41
:100F1000B80685EFC80685E0D80660F399240BC0B3
:100F2000C801B7012AE030E040E050E00F94434DA3
:100F30007B018C01939480E0E81681EEF80685EF42
:100F4000080785E0180760F3AE14BF04C006D10699
:100F500060F0AE14BF04C006D10629F4981428F03E
:100F600080E0891419F081E001C08FEF1F910F918B
:100F7000FF90EF90DF90CF90BF90AF909F908F90B9
:100F800008951F93CF93DF93C091239BD091249B0F
:100F90008091E2FA9091E3FAC817D90710F081E046
:100FA00046C01FB7F89480911F9B9091209BA09101
:100FB000219BB091229B27EB3DE141EC54E082273D
:100FC0009327A427B5279C01AD01220F331F441F8F
:100FD000551F8827B7FD83959927AA27BB27280F78
:100FE000391F4A1F5B1FFE01EE50FB45808190E0D8
:100FF000B9016F70707002C0880F991F6A95E2F78F
:10100000AA2797FDA095BA2F82279327A427B52753
:1010100080931F9B9093209BA093219BB093229B36
:101020002196D093249BC093239B1FBF80E0DF9128
:10103000CF911F910895A5DF8823A9F140911F9BAF
:101040005091209B6091219B7091229B8091E4FAAA
:101050009091E5FAA091E6FAB091E7FA8417950726
:10106000A607B70781F04093E4FA5093E5FA60933E
:10107000E6FA7093E7FA8091469C823020F08BE686
:101080009DE60F9426248FEE9EEBADEABEED809395
:101090001F9B9093209BA093219BB093229B109227
:1010A000249B1092239B0895AF92BF92CF92DF9220
:1010B000EF92FF920F931F938C017B0108960F9480
:1010C0004B50080F191FF801A184B284C384D48443
:1010D000C70108960F944B50E80EF91EF7012185C1
:1010E000328543855485A216B306C406D50610F48E
:1010F0008FEF07C080E0A216B306C406D50609F03C
:1011000081E01F910F91FF90EF90DF90CF90BF9003
:10111000AF9008951F93CF93DF93EC0104960F9443
:101120004B50182F135F9EA59330D9F0943028F4BC
:10113000913059F0923078F423C0953079F09530A1
:10114000B0F09630B9F01FEF1BC0CE018F960F9410
:101150004B508C5F14C0182F1C5E12C0182F1A5EE3
:101160000FC0CE018F960F944B508D5F08C0182F83
:101170001D5E06C0CE018F960F944B508F5F180FE7
:10118000812FDF91CF911F910895A0E0B0E0EBE0B7
:10119000FDE50D94B24D6C01962EF2EFEF2EF4EAC0
:1011A000FF2E53C0E4E0AE2EB12CAE0CBF1CF701F5
:1011B0008481E701C80FD11D870113C0992039F43C
:1011C000CE01B801F6011995882344F406C0CE017A
:1011D000B801F601199518160CF48E018C81C80F10
:1011E000D11D2091E2FA3091E3FAA9014E505B45FE
:1011F000C417D50718F30C171D0719F1F8018481DE
:10120000C82FD0E02C0F3D1F205F354510F080E047
:1012100027C0CA01B801AE010F94D54F0E191F099E
:10122000C7018C0F9D1FB701A8010F94D54F609186
:10123000E2FA7091E3FA6E507B45C701AE010F945C
:10124000D54FF5018081E80EF11C8091E2FA909172
:10125000E3FA8E509B45E816F90608F4A3CF81E027
:10126000CDB7DEB7EBE00D94CE4D685F7F4F0896AB
:101270000D94ED4FA1E0B0E0E3EFFCE50D94B84D27
:10128000F82E00E010E081E089830F941A21882372
:1012900049F08F2DBE016F5F7F4F40E00F94992082
:1012A000882329F40F94181F2FEF3FEF11C0898175
:1012B000882319F021E030E00BC080E00F94CD20AE
:1012C0000F5F1F4F87E200311807E9F620E030E09A
:1012D000C9012196E5E00D94D44DA3E0B0E0E3EE22
:1012E000FCE50D94B74D80EAC5DF97FF04C09C0173
:1012F000255B3240BBC080E08E010F5F1F4FB801FD
:1013000040E00F949920882391F08981882379F017
:1013100080E0B80140E00F949920882341F0898152
:10132000882329F080E00F94CD20882329F40F949E
:10133000181F20E43DEF9AC081EA9CDF97FF04C0AC
:101340009C01295C324092C08E010E5F1F4FC80184
:1013500061E040E00F946220882341F0CE010396C3
:1013600061E040E00F946220882329F40F94181F55
:101370002CE23DEF7BC0FB80EA80C80161E040E0E9
:101380000F946220882341F0CE01039661E040E093
:101390000F946220882329F40F94181F2FE13DEF4A
:1013A00065C09F2D80E04E2D50E0482B592B3B818E
:1013B00020E08A8190E0282B392B87E895E4842768
:1013C0009527880F991F2817390731F080E00F946F
:1013D000CD2026E13DEF4AC04115510561F4CE0113
:1013E000029660E040E00F94622080E00F94CD20F0
:1013F00020E030E03BC05093E3FA4093E2FA00E093
:1014000010E012C0C90161E040E00F94622088231F
:1014100049F40F94181F1092E3FA1092E2FA2CEF9D
:101420003CEF24C00F5F1F4F8091E2FA9091E3FAE6
:10143000019798012E503B450817190718F3C90169
:1014400060E040E00F946220882349F40F94181F55
:101450001092E3FA1092E2FA21EF3CEF07C080E02D
:101460000F94CD202091E2FA3091E3FAC90123963E
:10147000E6E00D94D34D0F94651F87ED9CE56AEE71
:1014800078E60E949FA71B9B5FC08091E2FA909133
:10149000E3FA815F954558F58FEE9EEBADEABEED20
:1014A00080931F9B9093209BA093219BB093229BA2
:1014B0001092249B1092239B64DD8823E9F32091F2
:1014C0001F9B3091209B4091219B5091229B8091AA
:1014D000E4FA9091E5FAA091E6FAB091E7FA2817BC
:1014E00039074A075B0719F488EA98E62BC010927F
:1014F000E3FA1092E2FAF1DE97FF22C0AC01662710
:1015000057FD6095762F89E898E60F942624409140
:101510002A9C50E060E070E08FE798E60F94262464
:1015200081E498E660E00F94FC1E882389F080E84F
:1015300090E06091169A0F94863E61E00C94D3D5AA
:101540008AE498E60D946C241092E3FA1092E2FA81
:101550000895FC018081882341F0CB010496BF01EE
:101560000F94005020E0892B09F021E0822F08958C
:10157000FC0162EF74EA718360838091E2FA9091DA
:10158000E3FA860F971F6817790710F080E0089537
:10159000CF0102964AE050E00F94CC4F81E00895CD
:1015A000A4E1B0E0EFECFCE50D94AF4D7C013B0114
:1015B000A42EDB012D913D914D915C91FC01808128
:1015C0009181A281B381FB0181939193A193B19306
:1015D0006F01281739074A075B0741F4C7019ADDF5
:1015E000BB24D30114969C91981711F0BB24B3949B
:1015F000C70190DDF3018483F6013196BB2079F4B5
:10160000D60111962D913C911297D7019C968D9100
:101610009C919D972817390711F0BB24B394D701EB
:101620009C968D919C919D97D60112969C938E933A
:1016300011979F012E5F3F4FBB2041F49281D7014C
:101640009E968C91981711F0BB24B394D7019E9667
:101650008C91828369010894C11CD11CBB2051F478
:10166000B7016C5F7F4FC6010F943B50892B11F07F
:10167000BB24B39487010C5F1F4FC601B8010F94C0
:101680004450C8010F944B504C010894811C911C8C
:101690008C0C9D1CBB20C9F4E0E6F0E0EE0EFF1EB2
:1016A000D4012D913D914D915C91F7018081918103
:1016B000A281B38160EA7FEFE60EF71E2817390793
:1016C0004A075B0711F0BB24B39480E690E0E80E74
:1016D000F91EF70180819181A281B38120EA3FEF59
:1016E000E20EF31EF40181939193A193B1936F01E4
:1016F000D7019E968C91833009F41BC1843030F45D
:10170000813071F0823008F06DC0CDC1853009F4B0
:1017100069C0853008F448C1863009F0B9C19EC15E
:10172000BB2051F4B701615D7F4FCF010F943B5057
:10173000892B11F0BB24B3948701015D1F4FC601B3
:10174000B8010F944450C8010F944B50DC0111961E
:10175000AC0DBD1DBB2099F4EBE5F0E0EE0EFF1ED5
:101760002D913C911197F7018081918145EA5FEFBE
:10177000E40EF51E2817390711F0BB24B3946BE56E
:1017800070E0E60EF71EF7018081918125EA3FEFB8
:10179000E20EF31EFD0181939193AF01BB2089F40A
:1017A0002DE530E0E20EF31E12969C911297F701A0
:1017B000808123EA3FEFE20EF31E981711F0BB245D
:1017C000B3946DE570E0E60EF71EF701808123EA21
:1017D0003FEFE20EF31E12968C936A010894C11C2F
:1017E000D11C61C1BB20D9F447E550E0E40EF51EE1
:1017F000D40114962D913D914D915C911797F7016D
:1018000080819181A281B38169EA7FEFE60EF71EA4
:10181000281739074A075B0711F0BB24B39487E503
:1018200090E0E80EF91EF70180819181A281B381D9
:1018300029EA3FEFE20EF31EF40184839583A68329
:10184000B783B6016C5F7F4FBB20A9F42BE530E076
:10185000E20EF31ED60114962D913C911597F701D7
:101860008081918145EA5FEFE40EF51E2817390764
:1018700011F0BB24B3948BE590E0E80EF91ED7017C
:101880008D919C91E5EAFFEFEE0EFF1EFB01819327
:101890009193BB2089F42DE530E0E20EF31EDB01CD
:1018A00012969C91D7018C9123EA3FEFE20EF31E32
:1018B000981711F0BB24B3944DE550E0E40EF51EEB
:1018C000D7018C9123EA3FEFE20EF31EDB01129663
:1018D0008C936F010894C11CD11CD7019E968C91EA
:1018E000853009F0E0C0BB2091F42EE530E0E20E37
:1018F000F31E21813281D7018D919C9142EA5FEFE5
:10190000E40EF51E2817390711F0BB24B3946EE5D9
:1019100070E0E60EF71ED7018D919C9122EA3FEF11
:10192000E20EF31E9283818342E050E0C40ED51E86
:10193000BAC0BB2051F4B701615D7F4FCF010F9456
:101940003B50892B11F0BB24B3948701015D1F4FDD
:10195000C601B8010F944450C8010F944B50FC01CC
:101960003196EC0DFD1DBB2091F46BE570E0E60EA9
:10197000F71E20813181D7018D919C9145EA5FEF5F
:10198000E40EF51E2817390711F0BB24B3946BE55C
:1019900070E0E60EF71ED7018D919C9125EA3FEF8E
:1019A000E20EF31E6F0155C0BB20D9F4E7E5F0E06D
:1019B000EE0EFF1ED40114962D913D914D915C9138
:1019C0001797F70180819181A281B38169EA7FEF46
:1019D000E60EF71E281739074A075B0711F0BB24EC
:1019E000B39487E590E0E80EF91EF70180819181BC
:1019F000A281B38129EA3FEFE20EF31EF401848352
:101A00009583A683B783A6014C5F5F4FBB20A9F4E3
:101A10002BE530E0E20EF31ED60114962D913C9199
:101A20001597F7018081918165EA7FEFE60EF71E39
:101A30002817390711F0BB24B3948BE590E0E80E2A
:101A4000F91ED7018D919C91E5EAFFEFEE0EFF1E86
:101A50006A01D6018D939D936D0125C0BB2051F481
:101A6000B701615D7F4FCF010F943B50892B11F07F
:101A7000BB24B3948701015D1F4FC601B8010F94C9
:101A80004450C8010F944B500196C80ED91E0BC08C
:101A9000F40112924F010894811C911CD7019E966B
:101AA0001C92BB24B394C70135DB282F30E0C6015C
:101AB0008619970982179307D1F7BB20E1F0AA2076
:101AC000D1F0CE0101960E94F46188899989AA8992
:101AD000BB89E0E6F0E0EE0EFF1EF7018083918304
:101AE000A283B38388899989AA89BB89F4018083F9
:101AF0009183A283B3838B2D6496EEE00D94CB4D3E
:101B000060E070E044E650E00D94E64FEF92FF9203
:101B10000F931F93CF93DF93EC018B0160E070E094
:101B200044E650E00F94E64FF80180819181A28154
:101B3000B38188839983AA83BB83858196819DA77E
:101B40008CA787818EA7085F1F4FB4E0EB2EF12C86
:101B5000EC0EFD1EC701B8010F944450C7010F944D
:101B60004B50FC013196E00FF11FC05ADF4FDF01EF
:101B70002D913D914D915D917D01288339834A835B
:101B80005B831A921A92CE55D0408EA5833009F409
:101B900047C0843028F4813061F0823008F570C08D
:101BA0008530F1F0853008F44DC0863009F067C00B
:101BB0005BC08E01015D1F4FC801BD010F944450F1
:101BC000C8010F944B50FC013196EE0DFF1DC55A14
:101BD000DF4F80819181899399938281888350C05E
:101BE000C95ADF4F84819581A681B78189939993E2
:101BF000A993B993F7018481958189939993369636
:101C0000D70116968C918883CD55D0408EA585300E
:101C1000B9F5C25ADF4F818192819983888330C0A0
:101C20008E01015D1F4FC801BD010F944450C801D2
:101C30000F944B50C55ADF4FE80EF91EF701818112
:101C400092810FC0C95ADF4F84819581A681B781E7
:101C500089939993A993B993D70114968D919C91E7
:101C600015978993999309C0CE018F96BD010F9462
:101C70004450C55ADF4F19921992188201C01EA60E
:101C8000CDB7DEB7E6E00D94D34DA5E6B0E0E5EEC6
:101C9000FCE50D94B14D80EAEDDA97FF04C09C019C
:101CA0002F5233403BC180E08E010F5F1F4FB801C0
:101CB00040E00F9499208823E9F189818823D1F1AC
:101CC00080E0B80140E00F949920882399F1898140
:101CD000882381F180E0B80140E00F9499208823A7
:101CE00049F18981882331F180E0B80140E00F9407
:101CF00099208823F9F089818823E1F08FEFB801DA
:101D000040E00F9499208823A9F08981882391F0DD
:101D10008FEFB80140E00F949920882359F0898112
:101D2000882341F034E0A32EB12CEE24FF24992423
:101D300093947BC00F94181F22EC3CEFEFC022E07D
:101D4000C22ED12CCC0EDD1E87010E501B45C601C4
:101D5000B801DCDE8A819B81AC81BD810097A10541
:101D6000B10509F45DC088A9882309F459C0C601EA
:101D7000D1D9882E51C0992039F580EA7BDA97FFB6
:101D800004C09C0123553340C9C08B2D6E010894BB
:101D9000C11CD11CB60140E00F949920882369F042
:101DA0008981882351F08A2DB60140E00F94992053
:101DB000882319F08981882329F40F94181F22EAB7
:101DC0003CEFACC099249394F8018081BE016F5F11
:101DD0007F4F40E00F949920882329F40F94181F17
:101DE00025E93CEF9BC00894A11CB11CC5018F7371
:101DF0009070892B59F480E00F94CD20882329F42A
:101E00000F94181F27E83CEF89C099240894E11C1F
:101E1000F11C8A940F5F1F4F882009F0ACCF05C0DA
:101E2000CE01029677D9E80EF11C8091E2FA9091EA
:101E3000E3FAE816F90608F482CF992051F080E021
:101E40000F94CD20882329F40F94181F22E73CEF2C
:101E500065C080EA0FDA97FF04C09C012F59334018
:101E60005DC080E06E010894C11CD11CB60140E049
:101E70000F949920882309F441C089818823F1F1C6
:101E800080E0B60140E00F9499208823B9F1898160
:101E90008823A1F19CEFE92E9FEFF92EEA0CFB1CA1
:101EA0008E2DB60140E00F949920882339F1898165
:101EB000882321F18F2DB60140E00F9499208823CB
:101EC000E9F089818823D1F007E815E40E251F2564
:101ED000000F111F802FB60140E00F949920882336
:101EE00069F08981882351F0812FB60140E00F9479
:101EF0009920882319F08981882329F40F94181FC9
:101F000023E53CEF0BC080E00F94CD20882329F41B
:101F10000F94181F2AE43CEF01C09701C901CB5967
:101F2000DF4FECE00D94CD4DEF92FF920F931F9396
:101F3000CF93DF93EC017B018C010E5F1F4F688113
:101F400079818091E2FA9091E3FA8E509B4568176F
:101F5000790710F080E02FC0C8014AE050E00F94EC
:101F6000BF4F892B21F082EF94EA9983888368819F
:101F70007981C701CBDDE881F9818481BF01680FD8
:101F8000711D798368838091E2FA9091E3FA8E5013
:101F90009B456817790728F4C8014AE050E00F9480
:101FA000CC4FF70180819181A281B3810097A10577
:101FB000B10529F281E0CDB7DEB7E6E00D94D34D4F
:101FC000A4E6B0E0E9ECFCE50D94B14D5C01862E91
:101FD000FC0160817181828193810F9446076C01BD
:101FE000C50198D8982EC114D10401F56091E2FA88
:101FF0007091E3FA082F10E0C801860F971F805FE9
:10200000954508F07DC06E507B4540E0882009F47E
:1020100041E0C501C5DA8091E2FA9091E3FA800FC0
:10202000911F9093E3FA8093E2FA60C021E0821658
:1020300041F5CE010196B60169DDFE01EF59FF4F72
:10204000E080F1800281138180E690E0A80EB91E45
:10205000F501208131814281538180EA9FEFA80EF2
:10206000B91E2E153F054007510708F44BC08DA53A
:1020700080FD48C0E216F3060407150711F480E05E
:1020800042C0F6018481981699F14091E2FA50918C
:10209000E3FAE92CFF24082F10E0C701840F951FF5
:1020A000801B910B805F954558F5B601600F711F3D
:1020B0004E505B454C195D09401B510BC6018E0DFE
:1020C0009F1D0F94D54FE01AF10A8091E2FA90918A
:1020D000E3FA8E0D9F1D9093E3FA8093E2FA40E0BD
:1020E000882009F441E0C501B6015ADA81E00BC04D
:1020F00040E0882009F441E0C501B60151DA03C08F
:102100008FEF01C082E0CC59DF4FECE00D94CD4D54
:10211000FF920F931F93CF93DF93F42E89010F94B7
:102120004607EC01009711F480E010C0011511057D
:1021300019F0C801BE01EADCFF2029F420E030E0FC
:102140008F81882311F021E030E0822FCDB7DEB7F8
:10215000E5E00D94D44DAEE8B0E0EDE0FDE50D9482
:10216000B34DF82EE62E0F920F9288E49DE6ADB7A0
:10217000BEB712969C938E9311970F94FC500F90BC
:102180000F9080913985882311F4EE2091F088E535
:1021900090E06F2D0F94863E0F920F92EDB7FEB731
:1021A000928381830F94FC500F900F90EE20B9F52D
:1021B00011C089E590E06F2D0F94863E0F920F922B
:1021C000ADB7BEB712969C938E9311970F94FC50A7
:1021D0000F900F900F920F928FE19DE6EDB7FEB733
:1021E000928381830F94FC500F900F908AE590E0CA
:1021F0006F2D0F94863E0F920F92ADB7BEB7129619
:102200009C938E9311970F94FC5086E19DE6EDB759
:10221000FEB7928381830F94FC500F900F908BE553
:1022200090E06F2D0F94863E0F920F92ADB7BEB720
:1022300012969C938E9311970F94FC500F900F90D1
:10224000CE018B9660E070E044E650E00F94E64FDC
:10225000CE0147960E94F461AEA0BFA0C8A4D9A445
:10226000CE010B9685D9882309F023C26DC28091D7
:102270003985882349F4FE01E95AFF4F808180FFA8
:1022800003C0EE2009F415C2FE01E75AFF4F80811A
:10229000882399F4A601950120583A4349405040BB
:1022A000FE01E557FF4F80819181A281B3818217A2
:1022B0009307A407B50708F4FCC100D000D088EF4D
:1022C0009CE6EDB7FEB7928381838BA59CA5ADA557
:1022D000BEA583839483A583B6830F94FC500F908F
:1022E0000F9085ED9CE6ADB7BEB712969C938E938A
:1022F0001197CE018F9614969C938E9313970F94FB
:10230000FC50FE01E95AFF4F80810F900F900F9013
:102310000F9080FF19C083E690E06F2D0F94863EEA
:102320000F920F92EDB7FEB7928381830F94FC500A
:1023300083ED9CE6ADB7BEB712969C938E93119732
:102340000F94FC500F900F90FE01E95AFF4F8081CF
:1023500081FF19C084E690E06F2D0F94863E0F92A6
:102360000F92EDB7FEB7928381830F94FC5081EDFD
:102370009CE6ADB7BEB712969C938E9311970F94BF
:10238000FC500F900F90FE01E75AFF4F808185307F
:10239000C9F486E690E06F2D0F94863E0F920F925F
:1023A000EDB7FEB7928381830F94FC508FEC9CE6CF
:1023B000ADB7BEB712969C938E9311970F94FC50B5
:1023C0000F900F900F920F9288EB9CE6EDB7FEB73F
:1023D000928381830F94FC500F900F90FE01E75A77
:1023E000FF4FE081E33009F470C0E43030F4E130B5
:1023F000C9F0E23009F0C1C009C0E53039F0E5307C
:1024000008F457C0E63009F0B8C094C0FE01EE579A
:10241000FF4F6081718182819381AE01465A5F4F87
:102420000E949C81FE01E857FF4F8081880F8E013A
:102430000F5F1F4FB8010E9417C089E690E06F2D13
:102440000F94863E0F920F92ADB7BEB712969C9333
:102450008E9311970F94FC50EDB7FEB738970FB6D7
:10246000F894FEBF0FBEEDBFADB7BEB711968EE3B9
:102470009CE692838183CE01865A9F4F13969C934C
:102480008E93129715969C938E931497FE01EA579C
:10249000FF4F8081918117969C938E931697199682
:1024A0001C930E9318970F94FC508DB79EB70A9605
:1024B0003BC0FE01EE57FF4F6081718182819381A5
:1024C000AE01465A5F4F0E949C8188E690E06F2DD6
:1024D0000F94863E0F920F92ADB7BEB712969C93A3
:1024E0008E9311970F94FC5000D00F92ADB7BEB7EA
:1024F000119687EF9BE6EDB7FEB792838183CE01FD
:10250000865A9F4F13969C938E931297FE01EA571B
:10251000FF4F8081918115969C938E9314970F9411
:10252000FC508DB79EB706960FB6F8949EBF0FBEAF
:102530008DBF3CC08AE690E06F2D0F94863E0F92CF
:102540000F92ADB7BEB712969C938E9311970F94CE
:10255000FC500F920F928CEA9BE6EDB7FEB7928388
:102560008183CE01865A9F4F948383830F94FC50BE
:102570000F900F900F900F9019C087E690E06F2D8D
:102580000F94863E0F920F92ADB7BEB712969C93F2
:102590008E9311970F94FC5089E79BE6EDB7FEB739
:1025A000928381830F94FC500F900F90FE01E557AA
:1025B000FF4F80819181A281B3818EA39FA3A8A7A1
:1025C000B9A7CE0147960E94A75F4C8D5D8D2E8DD9
:1025D0003F8D6A8D798D088D8DB79EB70E970FB69A
:1025E000F8949EBF0FBE8DBFEDB7FEB7319683E462
:1025F0009BE6ADB7BEB712969C938E93119742831C
:1026000013825483158237832683608711867287ED
:102610001386048715860F94FC50EDB7FEB73E96DF
:102620000FB6F894FEBF0FBEEDBFEE20A1F100D0B3
:1026300000D088E19BE6ADB7BEB712969C938E930F
:1026400011978BA59CA5ADA5BEA5EDB7FEB783835D
:102650009483A583B6830F94FC508DB79EB70696DE
:102660000FB6F8949EBF0FBE8DBF8BE690E06F2D26
:102670000F94863E0F920F92ADB7BEB712969C9301
:102680008E9311970F94FC5089E09BE6EDB7FEB74F
:10269000928381830AC00F920F9284EF9AE6ADB7BE
:1026A000BEB712969C938E9311970F94FC500F9087
:1026B0000F90CE010B96BE01655D7F4F35DC882300
:1026C00009F0D5CDEE20D9F10F920F928FE49AE662
:1026D000EDB7FEB7928381830F94FC500F900F905B
:1026E0008CE690E06F2D0F94863E0F920F92ADB75F
:1026F000BEB712969C938E9311970F94FC5088E36B
:102700009AE6EDB7FEB7928381830F94FC500F9049
:102710000F908CE590E06F2D0F94863E0F920F92F4
:10272000ADB7BEB712969C938E9311970F94FC5041
:1027300080E39AE6EDB7FEB7928381831EC00F92C5
:102740000F9280E29AE613C00F920F9287E19AE609
:10275000EDB7FEB7928381830F94FC500F900F90DA
:102760008DE590E06F2D0F94863E0F920F92ADB7DE
:10277000BEB712969C938E9311970F94FC500F90B6
:102780000F90C257DF4FEAE00D94CF4DA6E7B0E0BF
:10279000EBEEFCE50D94AF4DE82EB92EC82ED92EE8
:1027A0006EE17BE90E9498C126E030E1C20ED31EA3
:1027B000D6018D919C91EAEFFFEECE0EDF1E892BA4
:1027C00039F0C6016FEA79E60E9449A6892B81F0AB
:1027D000809139858823B1F4809126A2909127A217
:1027E000A09128A2B09129A20097A105B10551F4AA
:1027F0008E2D9B2D60911E9B41E00E946BD68823FD
:1028000009F461C70E94D7A786010A5F1F4ED8014D
:102810008D919C91892B09F461C0C6016CE07AE628
:102820000E9449A6892B09F059C0C6016FEA79E6D2
:102830000E9449A6892B09F45DC0C6016CEA79E6BD
:102840000E9449A6FF24892B11F0FF24F394C601AE
:102850006FEA79E60E9472A6FC01ED5EF74FEE0F7B
:10286000FF1FEC0DFD1D00811181C80160E07AE6BB
:102870000F94564F892B19F48DEC9CE513C0C801B9
:1028800061EF79E60F94564F892B19F481ED9CE5A1
:1028900009C0C80164EC79E60F94564F892B41F4C6
:1028A0008BEF9CE56F2D0F94C5088823B9F413C0F6
:1028B0008EE790E060911E9B0F94863E00D00F92B1
:1028C000EDB7FEB79283818322E030E0C20ED31EC3
:1028D000D482C38279C68EE190E056C510911E9BCA
:1028E0008E2D9B2D612F40E00E946BD6682F812F8B
:1028F00032DCDCC6C60167E07AE60E9449A6892B75
:1029000009F443C1C60167E07AE60E9472A68D5EB3
:10291000974F880F991FC80ED91EF60180819181AB
:102920000F94044F9B01AC012B8B3C8B4D8B5E8B2A
:10293000211531054105510549F0CA01B90141E0B0
:102940009E012D5E3F4FE4DB8823D9F41F8AFE01F0
:10295000EE5BFF4F108281E0FE01EF5BFF4F808353
:1029600086E890E0FE01E259FF4F91838083FE01EB
:10297000E059FF4F1082FE01FF9681E090E09183C5
:10298000808389E999E60F94C71C8EE590E06091F9
:102990001E9B0F94863E0B891C892D893E8960E021
:1029A0007AE64AE050E0BDD700D000D086E699E64E
:1029B000ADB7BEB712969C938E9311978B899C8965
:1029C000AD89BE89EDB7FEB783839483A583B683B3
:1029D0000F94FC502DB73EB72A5F3F4F0FB6F894C7
:1029E0003EBF0FBE2DBF8FE590E060911E9B0F9400
:1029F000863E61EF79E647E250E09E01295E3F4F57
:102A000061D783E690E060911E9B0F94863E8E0115
:102A1000015C1F4FD8014D915C91417050706FEC7B
:102A200079E625D784E690E060911E9B0F94863E60
:102A3000F801408151815695479541706AEC79E6DD
:102A400016D787E690E060911E9B0F94863E9A838E
:102A5000898389E690E060911E9B0F94863E9C835B
:102A60008B8388E690E060911E9B0F94863E9E8348
:102A70008D838AE690E060911E9B0F94863E988736
:102A80008F83FE01EF5BFF4FE081E53028F4E330F8
:102A900040F4E13060F007C0E53029F0E63039F469
:102AA00004C002E005C001E003C003E001C000E093
:102AB00085E690E060911E9B0F94863E65ED79E679
:102AC00044E09E012F5F3F4F23D6FE01EF5BFF4F97
:102AD000E081E23021F0E53011F0E43061F4FE01F4
:102AE000E659FF4F6081718182819381AE014E5B17
:102AF0005F4F0E949C8180E690E060911E9B0F9446
:102B0000863E69EE79E647E250E09E012E5B3F4F3C
:102B1000D9D681E690E060911E9B0F94863EFE011F
:102B2000E259FF4F0081118120E030E064EE79E648
:102B300045E050E0F6D6FE01E059FF4F80818E015E
:102B4000075F1F4F880FB8010E9417C082E690E010
:102B500060911E9B0F94863E6AED79E642E050E05C
:102B60009801B0D68B899C89AD89BE890097A10553
:102B7000B10519F48CE690E002C08BE690E060911C
:102B80001E9B0F94863EA4D57FC5C60160E07AE601
:102B90000E9449A6892B09F4ACC4C60166EF79E608
:102BA0000E9472A6FC01ED5EF74FEE0FFF1FEC0DC9
:102BB000FD1D808191810F94044F4B015C01C60182
:102BC00060E07AE60E9472A6FC01ED5EF74FEE0F20
:102BD000FF1FEC0DFD1D808191810F94044F7B013F
:102BE0008C01C60165ED79E60E9472A6FC01ED5EDE
:102BF000F74FEE0FFF1FEC0DFD1D808191810F94AB
:102C0000E74E782EE114F1040105110549F0C801E1
:102C1000B70141E09E012D5E3F4F7ADA882349F4E7
:102C2000FE01EF5BFF4F1082FE01EF58FF4F118254
:102C30001082EB8AFC8A0D8B1E8BC60161EF79E650
:102C40000E9472A6FC01ED5EF74FEE0FFF1FEC0D28
:102C5000FD1D60817181CE01479647E250E00F94DF
:102C60007250FE01FF9611821082C60169EE79E66C
:102C70000E9472A6FC01ED5EF74FEE0FFF1FEC0DF8
:102C8000FD1D60817181CE0143968F9647E250E031
:102C90000F947250FE01E759FF4F10828B899C8977
:102CA000AD89BE890097A105B105A1F48DE690E03C
:102CB00060911E9B0F94863E0F920F92ADB7BEB7E8
:102CC00012969C938E9311970F94FC5066240F904C
:102CD0000F9092C08EE690E060911E9B0F94863E0E
:102CE00000D000D0EDB7FEB7928381838B899C8999
:102CF000AD89BE8983839483A583B6830F94FC50EA
:102D00002DB73EB72A5F3F4F0FB6F8943EBF0FBEB8
:102D10002DBF81149104A104B10499F48CE690E0D4
:102D200060911E9B0F94863E0F920F92ADB7BEB777
:102D300012969C938E9311970F94FC500F900F90C6
:102D400027C08B899C89AD89BE8988169906AA06F9
:102D5000BB06F1F08FE690E060911E9B0F94863EDB
:102D600000D000D0EDB7FEB792838183ADB7BEB778
:102D700013968D929D92AD92BC9216970F94FC5033
:102D8000EDB7FEB736960FB6F894FEBF0FBEEDBF97
:102D90000F920F9281E699E6ADB7BEB712969C935B
:102DA0008E9311970F94FC500F900F908FE590E049
:102DB00060911E9B0F94863E0F920F92EDB7FEB767
:102DC000928381830F94FC500F920F9288E599E6CD
:102DD000ADB7BEB712969C938E931197CE014796CE
:102DE00014969C938E9313970F94FC5066246394CF
:102DF0000F900F900F900F90C6016FEC79E60E9434
:102E000049A6892BC9F0C6016FEC79E60E9472A62B
:102E1000FC01ED5EF74FEE0FFF1FEC0DFD1D8081F5
:102E200091810F94E74E892B39F0FE01FF96808146
:102E30009181816091838083FE01FF96808180FF74
:102E40001AC083E690E060911E9B0F94863E0F921D
:102E50000F92EDB7FEB7928381830F94FC5083E508
:102E600099E6ADB7BEB712969C938E9311970F94C7
:102E7000FC500F900F90C6016AEC79E60E9449A6BB
:102E8000892BC9F0C6016AEC79E60E9472A6FC01A2
:102E9000ED5EF74FEE0FFF1FEC0DFD1D8081918160
:102EA0000F94E74E892B39F0FE01FF9680819181C6
:102EB000826091838083FE01FF96808181FF1AC02A
:102EC00084E690E060911E9B0F94863E0F920F92D5
:102ED000EDB7FEB7928381830F94FC508EE499E6A0
:102EE000ADB7BEB712969C938E9311970F94FC507A
:102EF0000F900F90FE01EE5BFF4F8081882311F051
:102F00007720E9F4FE01EF5BFF4F108287E690E047
:102F100060911E9B0F94863E0F920F92EDB7FEB705
:102F2000928381830F94FC5089E499E6ADB7BEB7D4
:102F300012969C938E9311970F94FC5008C28E01A9
:102F40000E5B1F4FC8010E94CD819B01AC01FE01A9
:102F5000E659FF4F6083718382839383B1E07B16D0
:102F600009F00DC1FE01EF5BFF4F61157105810591
:102F70009105A1F4708289E690E060911E9B0F9408
:102F8000863E0F920F92EDB7FEB7928381830F9426
:102F9000FC500F900F9080E790E030C0808185302A
:102FA00049F48B899C89AD89BE8988169906AA0641
:102FB000BB0629F082E0FE01EF5BFF4F8083FE013C
:102FC000E659FF4F60817181828193818E010E5B92
:102FD0001F4FA8010E949C8189E690E060911E9B92
:102FE0000F94863E0F920F92EDB7FEB792838183C6
:102FF0000F94FC500F900F9081E790E060911E9B22
:103000000F94863E00D00F92ADB7BEB712969C9338
:103010008E93119714961C930E9313970F94FC5054
:103020000F900F900F900F90C60164EE79E60E940A
:1030300072A6FC01ED5EF74FEE0FFF1FEC0DFD1DBC
:10304000808191810F94E74EFE01E259FF4F9183F9
:103050008083C6016AED79E60E9472A68D5E974F65
:10306000880F991FC80ED91EF60160817181CE01AB
:10307000099642E050E00F9472501B868A85803298
:1030800009F41A868985803219F48A8589871A8617
:103090008E01075F1F4FC8010F94E74EF82EC8013D
:1030A0000F944B50682F8F2D0F94FE4B8695FE0189
:1030B000E059FF4F80838E3609F4108250E7E52EE9
:1030C000F12CEC0EFD1ED7018C918E01075F1F4F76
:1030D000880FB8010E9417C081E690E060911E9BA6
:1030E0000F94863E0F920F92EDB7FEB792838183C5
:1030F0000F94FC500F920F9284E499E6ADB7BEB7DF
:1031000012969C938E931197FE01E259FF4F808196
:10311000918114969C938E9313970F94FC500F906B
:103120000F900F900F9082E690E060911E9B0F949D
:10313000863E0F920F92EDB7FEB7928381830F9474
:10314000FC5000D00F92EDB7FEB7319687E399E6B9
:10315000ADB7BEB712969C938E93119713830283DB
:10316000D7018C91848315820F94FC50EDB7FEB784
:1031700036960FB6F894FEBF0FBEEDBFEAC0F2E080
:103180007F1609F086C0FE01EF5BFF4F61157105E8
:1031900081059105B9F483E0808388E690E0609131
:1031A0001E9B0F94863E0F920F92ADB7BEB712963C
:1031B0009C938E9311970F94FC500F900F9080E783
:1031C00090E01BC084E08083CA01B901A8010E947D
:1031D0009C8188E690E060911E9B0F94863E0F9242
:1031E0000F92ADB7BEB712969C938E9311970F9422
:1031F000FC500F900F9081E790E060911E9B0F9420
:10320000863E00D00F92EDB7FEB792838183148380
:1032100003830F94FC500F900F900F900F90C601F6
:1032200064EE79E60E9472A68D5E974F880F991F13
:10323000C80ED91ED6018D919C910F94E74E8E0138
:1032400002591F4FF80191838083FE01E059FF4F1F
:10325000108281E690E060911E9B0F94863E0F9253
:103260000F92ADB7BEB712969C938E9311970F94A1
:10327000FC500F920F928FE299E6EDB7FEB7928362
:103280008183D8018D919C91948383830F94FC500A
:103290004AC0B3E07B1609F04BC08AE690E060912B
:1032A0001E9B0F94863E0F920F92EDB7FEB792834E
:1032B00081830F94FC508CE299E6ADB7BEB71296AD
:1032C0009C938E9311970F94FC500F900F9080E673
:1032D00090E060911E9B0F94863E0F920F92EDB787
:1032E000FEB7928381830F94FC500F920F9284E279
:1032F00099E6ADB7BEB712969C938E93119714962C
:103300001C930E9313970F94FC5086E0FE01EF5B25
:10331000FF4F8083FE01E259FF4F11821082FE01B0
:10332000E059FF4F10820F900F900F900F9011C037
:1033300082E790E060911E9B0F94863E0F920F9261
:10334000EDB7FEB7928381830F94FC5066240F90F3
:103350000F90FE01EF5BFF4F8081853029F0FE0169
:10336000EF58FF4F11821082662009F48DC1FE01D3
:10337000EF5BFF4F8081882371F481149104A104D5
:10338000B10449F483E790E060911E9B0F94863E60
:103390000F920F92A5C06B897C898D899E896815D3
:1033A00079058A059B0509F484C140E020E030E0FE
:1033B0000F948810882309F47CC185E790E0609120
:1033C0001E9B0F94863E0F920F92EDB7FEB792832D
:1033D00081838CC08823B9F086E790E060911E9BC2
:1033E0000F94863E0F920F92ADB7BEB712969C9384
:1033F0008E9311970F94FC500F900F90C8016FEFB0
:103400000F946E2510C087E790E060911E9B0F948B
:10341000863E0F920F92EDB7FEB7928381830F9491
:10342000FC500F900F908B899C89AD89BE898815BF
:103430009905AA05BB0509F427C181149104A104CB
:10344000B10409F421C18B8A9C8AAD8ABE8AFE012F
:10345000EF5BFF4F1082CE01439660E00F94E00FC8
:1034600087FF12C188E790E060911E9B0F94863E13
:1034700000D000D0ADB7BEB712969C938E93119733
:10348000EDB7FEB783829482A582B6820F94FC507A
:103490002DB73EB72A5F3F4F0FB6F8943EBF0FBE21
:1034A0002DBFF2C00F920F9280E299E6ADB7BEB782
:1034B00012969C938E9311970F94FC500F900F903F
:1034C00082E890E060911E9B0F94863E0F920F92CF
:1034D000EDB7FEB7928381830F94FC5087E199E6A4
:1034E000ADB7BEB712969C938E9311970F94FC5074
:1034F0008BC0C6016FEB79E60E9449A6892B71F15A
:103500000F94450E8C0197FF03C089E790E034C00B
:103510008AE790E060911E9B0F94863E00D00F9248
:10352000ADB7BEB712969C938E93119714961C93C9
:103530000E9313970F94FC500F900F900F900F90D5
:1035400081E498E660E058D4882309F09DC081E4C6
:1035500098E662E272E20E94EE8D96C0C60164EBCC
:1035600079E60E9449A6892BB1F10F946D098C016F
:1035700097FF18C08BE790E060911E9B0F94863EEA
:1035800000D000D0EDB7FEB73196ADB7BEB71296FA
:103590009C938E9311971383028380912A9C84833A
:1035A000158268C08CE790E060911E9B0F94863E68
:1035B00000D00F92ADB7BEB712969C938E93119721
:1035C00014961C930E9313970F94FC500F900F902A
:1035D0000F900F9059C0C60169EB79E60E9449A689
:1035E000892BA9F08DE790E060911E9B0F94863E99
:1035F0000F920F92EDB7FEB7928381830F94FC5028
:103600001092E3FA1092E2FA0F900F903DC08EE70D
:1036100090E060911E9B0F94863E00D00F92ADB754
:10362000BEB712969C938E931197E2E0F0E0CE0E17
:10363000DF1E1496DC92CE9213970F94FC500F92DB
:103640000F92EDB7FEB731968DEF98E6ADB7BEB7E6
:1036500012969C938E931197D8018D919C91938390
:10366000828324E230E1C20ED31ED6018D919C915B
:10367000958384830F94FC50EDB7FEB736960FB652
:10368000F894FEBF0FBEEDBF8FE790E060911E9BE8
:103690000F94863E0F920F92ADB7BEB712969C93D1
:1036A0008E9311970F94FC500F900F900E94CAA711
:1036B0000AC08E010D5E1F4FC80160E00F94E00F3D
:1036C00087FF88CEEFCECA58DF4FEEE00D94CB4D8A
:1036D0000F931F938C010F920F9281E09EE6EDB73E
:1036E000FEB7928381830F94FC50EDB7FEB712832F
:1036F00001830F94FC5085EE9DE6EDB7FEB79283F3
:1037000081830F94FC500F900F901F910F9108959B
:10371000A0E0B0E0E9EDFCE50D94B44D7C016B0157
:10372000B42EE9010F920F928EE99EE6ADB7BEB7B7
:1037300012969C938E9311970F94FC50EDB7FEB7A1
:10374000F282E1820F94FC5085E89EE6ADB7BEB7E9
:1037500012969C938E9311970F94FC50EDB7FEB781
:10376000D282C1820F94FC5089E79EE6ADB7BEB706
:1037700012969C938E9311970F94FC5010E037C0D3
:10378000011779F400D00F92EDB7FEB731968CE5B2
:103790009EE6ADB7BEB712969C938E9311970283A7
:1037A0000EC000D00F92EDB7FEB7319688E49EE6CA
:1037B000ADB7BEB712969C938E9311971283138266
:1037C0000F94FC500F900F9089919991EDB7FEB72F
:1037D000928381830F94FC508EE39EE6ADB7BEB713
:1037E00012969C938E9311970F94FC501F5F0F902D
:1037F0000F901B1528F20F920F928FE29EE6EDB705
:10380000FEB7928381830F94FC500F900F90CDB739
:10381000DEB7E9E00D94D04DEF92FF920F931F9326
:103820008C017B010F920F9289E79FE6EDB7FEB7FF
:10383000928381830F94FC50EDB7FEB7128301830E
:103840000F94FC5081E69FE6EDB7FEB7928381832B
:103850000F94FC50EDB7FEB7F282E1820F94FC505A
:103860000F900F901F910F91FF90EF9008951F936D
:10387000142FD2DF0F920F928AEC9EE6EDB7FEB7BF
:10388000928381830F94FC500F900F90112361F06D
:103890000F920F9281EC9EE6EDB7FEB79283818383
:1038A0000F94FC500F900F900F920F9285EB9EE6B5
:1038B000EDB7FEB7928381830F94FC500F900F9069
:1038C0001F910895EF92FF920F931F938A01790140
:1038D000A3DF8DB79EB708970FB6F8949EBF0FBEB3
:1038E0008DBFEDB7FEB7319686EE9EE6ADB7BEB79B
:1038F00012969C938E93119713830283F582E48230
:10390000178306830F94FC508DB79EB708960FB6A9
:10391000F8949EBF0FBE8DBF1F910F91FF90EF9047
:103920000895CF92DF92EF92FF920F931F936A0157
:103930007801890171DF8DB79EB70A970FB6F894A9
:103940009EBF0FBE8DBFEDB7FEB7319683E29FE6F7
:10395000ADB7BEB712969C938E931197D382C28255
:10396000E482F58206831783D186C0860F94FC50CB
:103970008DB79EB70A960FB6F8949EBF0FBE8DBF47
:103980001F910F91FF90EF90DF90CF9008950F93CC
:103990001F938C010F920F9285EC9FE6EDB7FEB757
:1039A000928381830F94FC50EDB7FEB7128301839D
:1039B0000F94FC5080E99FE6EDB7FEB792838183B8
:1039C0000F94FC500F900F901F910F910895A0E05D
:1039D000B0E0EFEFFCE50D94B44DEC016B017A0122
:1039E000B22EBA010E9449A6892BF1F0CE01B7018F
:1039F0000E9472A6FC01ED5EF74FEE0FFF1FEC0F69
:103A0000FD1F6081718185E29BE942E050E00F94E7
:103A100072501092279B85E29BE90F94E74E10E0CD
:103A2000892B41F011E006C080E38093259B109222
:103A3000269B10E00F920F9280EC9DE6ADB7BEB7CB
:103A400012969C938E9311970F94FC50EDB7FEB78E
:103A5000D282C1820F94FC500F900F901B1529F554
:103A600085E590E0602F0F94863E0F920F92ADB7E0
:103A7000BEB712969C938E9311970F94FC500F92A1
:103A80000F92EDB7FEB731968BEB9DE6ADB7BEB7A3
:103A900012969C938E931197128313820F94FC506D
:103AA0000F900F900F900F9034C086E590E0602F3C
:103AB0000F94863E0F920F92EDB7FEB792838183EB
:103AC0000F94FC500F920F92EDB7FEB7319686EB34
:103AD0009DE6ADB7BEB712969C938E931197128355
:103AE00013820F94FC500F900F900F900F901123A2
:103AF00029F085E29BE963EB7DE604C085E29BE962
:103B00006FEA7DE60F945F4FC70165E27BE90E9493
:103B1000EE8D812FCDB7DEB7E9E00D94D04DA8E052
:103B2000B0E0E5EFFCE50D94AB4D3C017A83698391
:103B30005C834B830D831E832F83388716012701F7
:103B4000BA010E9449A6892B29F4AD80BE80CF809E
:103B5000D884AFC0C3016B817C810E9472A6FC0136
:103B6000ED5EF74FEE0FFF1FE60DF71D60817181CF
:103B700085E29BE94AE050E00F94725010922F9B2F
:103B800085E29BE90F94044F7B018C01E214F3045E
:103B90000405150518F4620151010BC0C401D501DB
:103BA0005C016D01EA14FB040C051D0510F45701BE
:103BB0006801C601B50145E25BE92AE030E00F94F7
:103BC000C8500F920F9281ED9DE6ADB7BEB7129629
:103BD0009C938E9311970F94FC5089819A81EDB735
:103BE000FEB7928381830F94FC500F900F908D81CC
:103BF0009E81AF81B885A816B906CA06DB0651F5C5
:103C000085E590E06E8D0F94863E0F920F92ADB7D2
:103C1000BEB712969C938E9311970F94FC5000D0D0
:103C20000F928BEC9DE6EDB7FEB792838183ADB723
:103C3000BEB71396AD92BD92CD92DC9216970F94BB
:103C4000FC50EDB7FEB736960FB6F894FEBF0FBE28
:103C5000EDBF2FC086E590E06E8D0F94863E0F92EB
:103C60000F92ADB7BEB712969C938E9311970F9497
:103C7000FC5000D00F9285EC9DE6EDB7FEB7928325
:103C80008183ADB7BEB71396AD92BD92CD92DC9253
:103C900016970F94FC50EDB7FEB736960FB6F89412
:103CA000FEBF0FBEEDBF8B819C8165E27BE90E9468
:103CB000EE8DB501C6012896E2E10D94C74D6F92D5
:103CC0007F928F929F92AF92BF92CF92DF92EF92AC
:103CD0000F931F93CF93DF93EC014B015A016901BE
:103CE0003801BA010E9449A6892B09F477C0CE0198
:103CF000B5010E9472A686010150104035E2C32E24
:103D00003BE9D32EFC01ED5EF74FEE0FFF1FEC0FEA
:103D1000FD1F60817181C601A8010F9472500C0DC6
:103D20001D1DF80110820F920F9280EE9DE6EDB7F7
:103D3000FEB7928381830F94FC50EDB7FEB7928259
:103D400081820F94FC500F900F90C601B3010F9425
:103D50003B50892BF1F485E590E06E2D0F94863E63
:103D60000F920F92EDB7FEB7928381830F94FC50B0
:103D70000F920F928BED9DE6EDB7FEB79283818394
:103D8000D482C3820F94FC500F900F900F900F902D
:103D900025C086E590E06E2D0F94863E0F920F921F
:103DA000EDB7FEB7928381830F94FC500F920F9270
:103DB00086ED9DE6EDB7FEB792838183D482C38200
:103DC0000F94FC500F900F900F900F90C501B6010B
:103DD0000E94EE8DC301B6010F944450DF91CF9144
:103DE0001F910F91EF90DF90CF90BF90AF909F9079
:103DF0008F907F906F9008951F93162F65E27BE957
:103E00000E94888E019789F485E29BE964ED7FE644
:103E10000F94564F892B31F085E29BE90F94E74EC2
:103E2000009711F081E090E0182F812F1F910895E5
:103E30000F931F939C9A8091269C90E0880F991F66
:103E40000E9464639B988091269C90E0880F991F44
:103E50000E94646300E010E09C9A8091269C90E0B0
:103E6000880F991F0E9464639C988091269C90E023
:103E7000880F991F0E946463939B10E01F5F1B30A3
:103E800018F40F5F0F3F41F79B9A8091269C90E0BA
:103E9000880F991F880F991F0E9464639C988091D6
:103EA000269C90E0880F991F880F991F0E946463D9
:103EB0009B988091269C90E0880F991F880F991FEE
:103EC0000E9464631F910F9108951092289C109294
:103ED000299C10922A9CA3989B98A4989C989B98A4
:103EE0009C9885E08093269C84E08093279CA0CFBB
:103EF0000E9476639C018091249C9091259C2817B8
:103F000039072CF48091299C8F5F8093299C3093F2
:103F1000259C2093249C8091299C0895EF92FF92E8
:103F20000F931F93CF93DF937C01162F8091289CD2
:103F3000882361F49B988091269C90E00E946463A2
:103F40009C988091279C90E00E946463949912C091
:103F5000112371F081E08093289CCADF853620F41C
:103F600052C0C6DF853620F083E180932A9C4BC087
:103F7000949BF7CF1092289C8091269C90E00E9401
:103F8000646310E002E0C6E0D0E01CC081E090E095
:103F90000E946463939B02C01F5F01C01150AE0179
:103FA0002296212F332727FD309537FF03C0309508
:103FB00021953F4FC901880F991F820F931F8417C6
:103FC00095071CF40F5F053609F7F70110821116EB
:103FD00014F481E080838091269C081728F490E0F7
:103FE000801B91090E9464639C9A8091269C90E0BA
:103FF0000E946463949902C081E006C082E18093CC
:104000002A9C9C989B9880E0CDB7DEB7E6E00D94A3
:10401000D34D0F931F93182F062F8091289C882330
:1040200001F5112311F09B9801C09B9A8091269C69
:1040300090E00E946463112321F093990AC084E008
:1040400022C0939B06C081E180932A9C9B989C98F8
:1040500035C09C981092299C8091269C90E00E94EB
:104060006463949915C0002389F081E08093289CB3
:104070003FDF853618F183E180932A9C1EC038DF2C
:10408000853620F083E180932A9C18C0949BF7CF5B
:104090001092289C8091269C90E00E9464639C9AD8
:1040A0008091269C90E00E946463949902C081E014
:1040B00006C082E180932A9C9C989B9880E01F9187
:1040C0000F910895A1E0B0E0E5E0FDE50D94B54D58
:1040D0007C01C62ECE010196642F20DF882321F1BA
:1040E0008981811180E8F7018083A0E4DA2E00E065
:1040F00010E0CE01019660E011DF8823A9F08981EC
:10410000882321F0F70180818D298083D6940F5F69
:104110001F4F0730110569F781E08C2560E079DFDA
:10412000882319F081E001C080E02196E8E00D9439
:10413000D14DEF92FF920F931F93CF93DF93E82E11
:104140008B01881F8827881F642F63DF8823F9F07D
:10415000B0E4FB2EC0E0D0E090E08F2D8E2109F07E
:1041600091E0892F60E055DF882389F0F69421964D
:10417000C730D10589F7C80160E0D0DE882339F067
:10418000F801808191E08927808381E001C080E08F
:10419000CDB7DEB7E6E00D94D34D1F93182F809175
:1041A000289C8823B9F4939B0EC09B9A8091269CEF
:1041B00090E00E946463939B07C081E180932A9CF6
:1041C0009B989C982BC09B9A9C988091269C90E0F1
:1041D0000E94646394990EC0112351F081E0809392
:1041E000289C86DE8536B8F419C082DE853698F4C0
:1041F000949BFBCF1092289C8091269C90E00E947B
:1042000064639B988091269C90E00E94646308C040
:104210006FDE853628F083E180932A9C80E008C019
:10422000939BF6CF8091269C90E00E94646381E08E
:104230001F9108951092289C1092299C949911C066
:104240009B989C9807C054DE853620F083E18093CC
:104250002A9C14C0949BF7CF8091269C90E00E94EA
:1042600064639B9A8091269C90E00E946463939B78
:1042700007C081E180932A9C9B989C9880E00895D8
:104280008091269C90E00E9464639C9A8091269C79
:1042900090E0880F991F0E946463949902C081E0A6
:1042A000089582E180932A9C9C989B9880E00895D1
:1042B0008091309C8093319C08951092319C089598
:1042C0001092309C1092319C08958091309C8823EC
:1042D00029F01092489C81E080932B9C81E0809390
:1042E000309C1092319C08951F9311E01093469CCE
:1042F0001093479C1092489C109248A0109370A075
:10430000109271A087EE9CE563E00E9465621093B5
:104310002B9C10922C9C10922D9C10922E9C1092F3
:104320002F9C1092309C1092319C1F910895AEE901
:10433000B0E0E7EFFCE50D94B34D182F8091489C59
:10434000882309F49EC18091366190913761892B51
:1043500021F0809171A0882379F1112341F580919A
:10436000309C882321F18DC180E090E00E9403649D
:1043700004971CF01123D9F486C180E090E060918D
:10438000489C0E94CE6310922B9C8091489C8A305E
:1043900019F481E080932B9C88E49CE90F944B50A6
:1043A000AC0188E49CE969E47CE90F94D54F8091E5
:1043B000489C8823C9F665C1112309F464C1CE0164
:1043C00005960E94F461809148A0882309F441C0B9
:1043D0008E0100591F4F809136619091376168E4DA
:1043E00070EAA8010E9455A2882399F18091366154
:1043F00090913761B8010E94B1A07C01009749F10A
:1044000019821A821B821C82BE016F5F7F4F42E0BD
:104410000E94FE9E8823A9F088E49CE90F944B50EB
:10442000A0E0B0E029813A814B815C81820F931F2B
:10443000A41FB51F815A9648A140B04008F492C00D
:1044400005C08FE091E761E00E94D3D5C7010E94CB
:104450007BA02C853D854B855A8568857F818DB7EE
:104460009EB70E970FB6F8949EBF0FBE8DBFEDB7E7
:10447000FEB7319698E4A92E90EAB92EADB7BEB733
:104480001296BC92AE9211978DEE90E79383828341
:10449000358324834683178250871186628713866B
:1044A000748715860F941E518DB79EB70E960FB662
:1044B000F8949EBF0FBE8DBF8E010F5B1F4F809182
:1044C00036619091376164E272E2A8010E9455A2C0
:1044D000882319F486EB90E70CC0809136619091A7
:1044E0003761B8010E9480A07C01009731F48CE80C
:1044F00090E761E00E94D3D529C080E7C82ED12C77
:10450000CC0EDD1EC701B501A6010E94C09D182F6B
:10451000C7010E9476A0112319F48EE690E70CC023
:104520008091366190913761B6010E94B1A07C0103
:10453000009781F482E490E761E00E94D3D588235C
:1045400029F08AEC98E9B5010F94255081E0809319
:1045500071A099C010922C9C10922D9C10922E9CB0
:1045600010922F9C2C893D894E895F8980912C9CCB
:1045700090912D9CA0912E9CB0912F9C8C549F4F7C
:10458000AF4FBF4F281739074A075B0708F441C0F0
:104590004A855B852C853D85ADB7BEB71A970FB6AA
:1045A000F894BEBF0FBEADBFEDB7FEB731968E011A
:1045B000075E1F4F12961C930E93119781E290E7AE
:1045C00093838283448315825683178231872087A1
:1045D0000F941E518DB79EB70A960FB6F8949EBFE2
:1045E0000FBE8DBFC8010F944B50AC01C701B8017D
:1045F0000E94539F1816190664F08AE090E761E064
:104600000E94D3D581E0809371A0C7010E947BA056
:104610003AC088E49CE90F944B50AC01C70168E4B0
:104620007CE90E94539F181619065CF083EF9FE601
:1046300061E00E94D3D5C7010E947BA0109248A0E0
:1046400022C0C7010E947BA08C899D89AE89BF8949
:1046500080932C9C90932D9CA0932E9CB0932F9C88
:1046600088E49CE90F944B5010922B9CFC01E95B71
:10467000F34680818A3019F481E080932B9C10925C
:10468000489C81E001C080E0C256DF4FEAE00D9413
:10469000CF4D809170A0882311F081E048CE81E059
:1046A000809370A0089581E042DE81E08093309C89
:1046B0001092319C0895A4E1B0E0EBEDFCE50D947F
:1046C000B64D7C018091319C882311F41092309C6E
:1046D000109270A0E114F10409F479C021E0E2160F
:1046E00022E0F2060CF073C08091489C882319F4F4
:1046F00000E010E010C088E49CE90F944B5020E0EB
:10470000FC01E95BF34680818A3009F021E081E019
:104710002827022F10E0D02E88E49CE90F944B50FC
:104720009701280F391FC90141968050944038F4F1
:10473000002351F0235B3F4F2050344028F081E0AC
:10474000F6DD882309F443C080912B9C882321F453
:10475000DD2011F481E03CC0CE0101960E94F4619D
:104760001FB7F89488E49CE90F944B502C813B814F
:104770004A815981ADB7BEB71C970FB6F894BEBF3A
:104780000FBEADBFEDB7FEB73196885B934612966C
:104790009C938E9311978DED9FE693838283248360
:1047A00015823683178240871186528713860F94AD
:1047B0001E5110922B9C1FBF81E02DB73EB7245F86
:1047C0003F4F0FB6F8943EBF0FBE2DBF01C080E033
:1047D0006496E7E00D94D24D1F93CF93DF93EC01E5
:1047E00081E190E068DF882369F01FB7F894CE017B
:1047F00062E37CE90E94A17FBC0188E49CE90F94FC
:1048000025501FBFDF91CF911F910895CF92DF9266
:10481000EF92FF921F936B017C018FE090E04BDFE2
:10482000882371F01FB7F894C701B60142E35CE931
:104830000E949C81BC0188E49CE90F9425501FBF15
:104840001F91FF90EF90DF90CF900895CF92DF926D
:10485000EF92FF921F93CF93DF93EC016A017B01EC
:10486000009791F10F94664F0A9625DF882361F136
:104870001FB7F89488E49CE90F944B502DB73EB7CE
:10488000285030400FB6F8943EBF0FBE2DBFEDB795
:10489000FEB73196885B9346ADB7BEB712969C9330
:1048A0008E931197D383C283C482D582E682F78226
:1048B0000F941E511FBF2DB73EB7285F3F4F0FB655
:1048C000F8943EBF0FBE2DBFDF91CF911F91FF9097
:1048D000EF90DF90CF9008951F93CF93DF93EC017B
:1048E000009769F00F94664FE6DE882341F01FB70A
:1048F000F89488E49CE9BE010F94404F1FBFDF91FC
:10490000CF911F9108950F931F93082F81E090E09E
:10491000D2DE882361F01FB7F89488E49CE90F94F5
:104920004B50FC01E85BF346008311821FBF1F91CF
:104930000F910895A0E0B0E0EDEEFCE50D94B54DCB
:10494000EC016B0120E030E040E050E00BC0FE01E4
:10495000E20FF31F808180528F3510F44F5F5F4F5D
:104960002F5F3F4F2C153D0590F300E0C601969553
:1049700087958417950798F401E0CA019695879565
:1049800096958795840F951F9601241B350BA901D9
:10499000220F331F240F351F820F931F05C0C6013E
:1049A000880F991F8C0D9D1D86DEEE24FF2410E0DC
:1049B00021C0002379F08881803260F08F3750F475
:1049C000112329F480E29FDF87E29DDF11E08881D7
:1049D0009ADF0CC0112311F087E295DF488150E087
:1049E00060E070E087ED9FE631DF10E00894E11CA5
:1049F000F11C2196EC14FD04E0F2112311F087E282
:104A000082DFCDB7DEB7E8E00D94D14D1F93CF9391
:104A1000DF93EC01009769F00F944B504CDE882334
:104A200041F01FB7F89488E49CE9BE010F9425502B
:104A30001FBFDF91CF911F910895FC0171836083A7
:104A40008FEF9FEF9383828310861286118E128ED2
:104A5000138E148E1186EB5BFF4F11921082E65479
:104A6000F0401486138684819581A681B7810196D2
:104A7000A11DB11D84839583A683B783158E2FB79F
:104A8000F8948091D3809091D480E95BFF4F81931B
:104A900091932FBF2FB7F8948091D3809091D480B9
:104AA000918380832FBF0895FC01EB5BFF4F8081D2
:104AB000E554F040882369F42FB7F8948091D380AF
:104AC0009091D480E75BFF4F91838083E954F0405D
:104AD0002FBFEB5BFF4F81E080830895EF92FF9241
:104AE0000F931F93CF93DF93EC018CA580FD79C0CA
:104AF000633010F070E01DC070E0E62FFF27E7FD87
:104B0000F095EE0FFF1FEE0FFF1FEC5FFD452081BC
:104B1000318142815381809110A2909111A2A09184
:104B200012A2B09113A282179307A407B50708F445
:104B300071E0C05ADF4F288139814A815B818091C1
:104B400010A2909111A2A09112A2B09113A282176B
:104B50009307A407B50728F0A4E0B2EAE0E0F0E08C
:104B600009C0209310A2309311A2409312A2509337
:104B700013A2F2CFED90FD900D911C9113972E157D
:104B80003F054007510768F4862F992787FD9095C8
:104B9000E817F90731F02D933D934D935C931397EC
:104BA0001BC0862F992787FD9095E817F907A1F478
:104BB000772391F02E153F054007510768F02F5FCE
:104BC0003F4F4F4F5F4F2D933D934D935C93139702
:104BD000215030404040504031961496E330F1056A
:104BE00049F6CDB7DEB7E6E00D94D34DA4E8B0E0CA
:104BF000EFEDFCE50D94BB4DE2E7F0EA8FEF9FEFA0
:104C0000918380831482158216821782E55BFF4FA1
:104C100021EAEE39F20791F7109210A2109211A238
:104C2000109212A2109213A2CE0181960F94800DC1
:104C3000CE0101960F94B80A882319F52BC0FE0106
:104C4000EF57FF4F2081318142815381809110A223
:104C5000909111A2A09112A2B09113A28217930772
:104C6000A407B50770F4FE01E35BFF4F808180FD70
:104C700008C0209310A2309311A2409312A2509327
:104C800013A2CE010196BE016F5D7F4F0F94940F6A
:104C90008823A9F6809110A2909111A2A09112A24E
:104CA000B09113A20196A11DB11D809304A290930F
:104CB00005A2A09306A2B09307A2809308A29093A6
:104CC00009A2A0930AA2B0930BA280930CA2909386
:104CD0000DA2A0930EA2B0930FA22FB7F8948091CB
:104CE000D3809091D480909315A2809314A22FBF6B
:104CF00088EE93E0909317A2809316A22FB7F894B2
:104D00008091D1809091D280909319A2809318A223
:104D10002FBF86E090E090931BA280931AA210927E
:104D20001CA210921DA210921EA210921FA21092FD
:104D300020A2109221A22FB7F8948091D180909157
:104D4000D280909323A2809322A22FBF80E896E185
:104D5000909325A2809324A2CE010D960E94F46127
:104D60008C899D89805D9740B0F4809126A29091B6
:104D700027A2A09128A2B09129A20097A105B10570
:104D800031F187E090E06091169A0F94863E61E0E1
:104D90000E94D3D51CC083E29EE20E94B97100D06C
:104DA0000F928CE291E7EDB7FEB79283818383E2A5
:104DB0009EE2948383830F94FC500F900F900F908A
:104DC0000F9089EF9CE565E271E70E94DA95CC5778
:104DD000DF4FE2E00D94D74DA4E1B0E0EBECFCE551
:104DE0000D94B64DCE0101960E94F46100D000D022
:104DF00089E993E7ADB7BEB712969C938E9311974E
:104E000080911EA290911FA2A09120A2B09121A2F8
:104E1000EDB7FEB783839483A583B6830F94FC50CC
:104E2000688979898A899B892091269A3091279A65
:104E30004091289A5091299A621B730B840B950B11
:104E400028EA30E040E050E00F94894DC901DA01D2
:104E50007C018D012DB73EB72A5F3F4F0FB6F89406
:104E60003EBF0FBE2DBFE114F1040105110529F469
:104E700021E0E22EF12C012D112D00D000D08CE686
:104E800093E7ADB7BEB712969C938E93119760913E
:104E90001EA270911FA2809120A2909121A220E1D8
:104EA0003EE040E050E00F94434DA80197010F947D
:104EB000894DEDB7FEB723833483458356830F9422
:104EC000FC5094E0E92E92EAF92E02E919E92DB797
:104ED0003EB72A5F3F4F0FB6F8943EBF0FBE2DBFBF
:104EE000F70181919191A191B1917F01888B998B6B
:104EF000AA8BBB8BCE0101960E94A75F4E815F817A
:104F0000288539856C817B81DA808DB79EB7409783
:104F10000FB6F8949EBF0FBE8DBFEDB7FEB73196AA
:104F20008FE293E7ADB7BEB712969C938E9311971D
:104F30001383028344831582568317823187208727
:104F40006287138674871586D68617860F94FC5061
:104F5000085D1F4FEDB7FEB770960FB6F894FEBF11
:104F60000FBEEDBFF0E1EF16F2EAFF0609F0B8CF91
:104F700002E710EAEE24FF242DB73EB72850304058
:104F80000FB6F8943EBF0FBE2DBFEDB7FEB73196FA
:104F900082E093E7ADB7BEB712969C938E931197BC
:104FA000F382E282D80114962D913D914D915C914E
:104FB000179724833583468357830F94FC50F80159
:104FC000408151812DB73EB7285F3F4F0FB6F8940F
:104FD0003EBF0FBE2DBF3FEF4F3F530709F44DC0FB
:104FE00082E398E0489FF001499FF00D589FF00D33
:104FF0001124ED53F74D268937898DB79EB7409719
:105000000FB6F8949EBF0FBE8DBFEDB7FEB73196B9
:1050100088E792E7ADB7BEB712969C938E9311972F
:1050200053834283D80112968D919C911397958357
:10503000848318968C911897868317821A968C9180
:105040001A97808711861B968D919C911C97938748
:1050500082870B5B1F4FD8018C91055410408487C9
:105060001586378726870F94FC50EDB7FEB77096EC
:105070000FB6F894FEBF0FBEEDBF0894E11CF11C03
:10508000055B1F4FF4E0EF16F10409F075CF809136
:1050900010A2909111A2A09112A2B09113A2888B9C
:1050A000998BAA8BBB8BCE0101960E94A75F4E8184
:1050B0005F81288539856C817B811A818DB79EB788
:1050C0000E970FB6F8949EBF0FBE8DBFEDB7FEB71B
:1050D00031968DE392E7ADB7BEB712969C938E934F
:1050E0001197428313825483158237832683608706
:1050F000118672871386148715860F94FC502FB77C
:10510000F8948091D3809091D4802FBFEDB7FEB7F3
:1051100038960FB6F894FEBF0FBEEDBF25E132E71B
:1051200032832183209114A2309115A2821B930B0C
:10513000A0E0B0E083839483A583B6830F94FC50F2
:105140008DEF91E7ADB7BEB712969C938E931197F2
:10515000809116A2909117A2A0E0B0E0EDB7FEB743
:1051600083839483A583B6830F94FC502FB7F89460
:105170008091D1809091D2802FBF23ED31E7ADB7E0
:10518000BEB712963C932E931197209118A230919E
:1051900019A2821B930BA0E0B0E0EDB7FEB78383AA
:1051A0009483A583B6830F94FC5084EB91E7ADB74D
:1051B000BEB712969C938E93119780911AA29091EC
:1051C0001BA2A0E0B0E0EDB7FEB783839483A58374
:1051D000B6830F94FC5083E991E7ADB7BEB7129642
:1051E0009C938E93119780911CA290E0A0E0B0E078
:1051F000EDB7FEB783839483A583B6830F94FC50E9
:105200008FB7F8942091D1803091D2808FBF88E4FD
:1052100091E7ADB7BEB712969C938E93119780918C
:1052200024A2909125A2A0E0B0E0609122A270910A
:1052300023A2261B370B40E050E0821B930BA40BEC
:10524000B50BEDB7FEB783839483A583B6830F9424
:10525000FC502DB73EB72A5F3F4F0FB6F8943EBFC4
:105260000FBE2DBF6496E7E00D94D24DCF93DF9330
:10527000EC01009729F19C012257304A83E699EC12
:10528000289FA001299F500D389F500D112466279B
:1052900057FD6095762F8DEC9DE7D8DA2A813B810A
:1052A00037FD0BC02F5B3F4FA901662757FD609567
:1052B000762F87EC9DE7CADA06C082EC9DE702C034
:1052C00086EB9DE709DBDF91CF9108950F931F9344
:1052D0008B01CCDFC80100DB1F910F910895CF92A5
:1052E000DF92EF92FF920F931F936B0179018A0176
:1052F000BDDFC601B801A701A9DA1F910F91FF9088
:10530000EF90DF90CF900895EF92FF920F931F934D
:10531000CF93DF93EC018A85882371F4CE010D963B
:105320000F94B80A8091479C823020F0CE0167EA42
:105330007CE7CCDF81E08A873DE0E32EF12CEC0EA8
:10534000FD1E8E01035E1F4F74C08091CCA180FDB5
:1053500070C08091A0A19091A1A1A091A2A1B091B3
:10536000A3A180519742A040B04008F462C02091B0
:1053700000A2309101A2409102A2509103A2898D16
:105380009A8DAB8DBC8D281739074A075B0708F447
:1053900050C0C80160EA71EA0F94A90A882309F491
:1053A00048C08091CEA1882331F5809100A29091D0
:1053B00001A2A09102A2B09103A280509444AB4CF0
:1053C000BF4F209110A2309111A2409112A2509192
:1053D00013A282179307A407B50768F42091A0A130
:1053E0003091A1A14091A2A15091A3A1CE0167E665
:1053F0007CE775DF1EC08885882321F41092FFA109
:105400001092FEA18091479C823060F02091A0A173
:105410003091A1A14091A2A15091A3A1CE0168E435
:105420007CE75DDF85E080939EA184E680939FA169
:1054300019C0C70160EA71EA0F94940F882309F03C
:1054400084CF8091479C823020F0CE016AE17CE7D6
:105450003DDF89E080939EA11092A0A110929FA1B0
:10546000CE0122DBCDB7DEB7E6E00D94D34DEF924F
:10547000FF920F931F93CF93DF93EC01CA5BDF4F33
:105480008881C654D040882399F08FB7F894209132
:10549000D3803091D4808FBFC95BDF4F88819981E1
:1054A000C754D040281B390B2739310508F47AC07E
:1054B00080919EA181568A3130F48EE991EA0F9451
:1054C0004B508C0106C080919FA1082F10E00E5F09
:1054D0001F4F88819981B8014EE951EA20E00E946E
:1054E000EE787C018091479C843098F0980140E0F0
:1054F00050E0CE0160EA7DE7F2DE8EE991EAB80184
:1055000019DAA701662757FD6095762F82E99DE796
:105510009DD91E141F040CF43EC0FE01EA5BFF4F30
:1055200080818F5F80838A3050F18091479C8823EF
:1055300021F0CE016FE47DE7C9DE888199810E9468
:105540003B788FEF9FEF998388838FE090E00E94F4
:105550004BB82CE330E0281B390B84E690E0AC011B
:10556000249FC001259F900D349F900D112490938E
:1055700017A2809316A28A819B810E94D1C02FB767
:10558000F8948091D3809091D480C95BDF4F998348
:1055900088832FBF07C0E016F10620F4CE016CE22D
:1055A0007DE794DECDB7DEB7E6E00D94D34D0F93E3
:1055B0001F932FEF20939EA100D000D0EDB7FEB730
:1055C000319600EA11EAADB7BEB712961C930E935E
:1055D000119793838283758364830F941E518DB7D3
:1055E0009EB706960FB6F8949EBF0FBE8DBFC8013A
:1055F0000F944B508F5F80939FA11F910F9108953F
:10560000ACEDB0E0E9EEFCE50D94AD4D32E7432E94
:1056100030EA532E26EB622E20EA722E7201D70159
:105620008D919C91BFEF8F3F9B0709F4F0C60E94BC
:1056300043728C018736910560F1F7018081918179
:1056400066E670E04EE951EA0E94C7766C018091EF
:10565000479C882399F09801442737FD4095542FA3
:10566000C7016DE879E73BDE1C141D0424F48EE9C4
:1056700091EAB6015FD989E699E72ED9D7018D91D4
:105680009C910E943B788FEF9FEFF701918380837D
:1056900003C01816190614F010E014C6CE01459682
:1056A0000F94800DD7018D919C91B8014EE951EA7C
:1056B0000E94C7766C019091479CF30181818823F9
:1056C00019F424E030E002C021E030E0892F90E0BE
:1056D000821793071CF19801442737FD4095542FFA
:1056E000C70163E579E7FBDDA601662757FD6095F5
:1056F000762F8FE499E7AAD81C141D0424F48EE9B0
:1057000091EAB60117D9D30111968C91882319F02B
:105710008EE299E702C08BE299E7DED8F3011182AD
:1057200060919EA1673009F410C3683080F4633043
:1057300009F4CAC1643020F4613009F0A8C51AC068
:10574000653009F42DC2663009F0A1C5A8C26A30DF
:1057500009F4E2C26B3038F4683009F42AC36930C6
:1057600009F095C539C3613709F49CC36F3F09F04F
:105770008EC532C560919FA1683018F480E199E729
:10578000A9C1D7012D913C9182E398E0289FF001B7
:10579000299FF00D389FF00D1124ED53F74DA68091
:1057A000B780C084D1848091479C8330A8F0209139
:1057B000A0A13091A1A14091A2A15091A3A1C701A4
:1057C0006AEE78E78CDD4091A6A15091A7A160E038
:1057D00070E080EE98E73AD82091A0A13091A1A185
:1057E0004091A2A15091A3A12031B7E23B07B0E0C4
:1057F0004B07B0E05B0748F48091479C882309F48D
:1058000047C1C70167EF7BE742C18E0107581F4FB1
:10581000CA01B90140E098010F948810882309F467
:10582000BCC0F80184A580FF0DC08091479C8823EF
:1058300009F42EC12081318142815381C70168EC76
:105840007BE725C181FF0EC08091479C882309F426
:105850001FC1D8012D913D914D915C91C70168E820
:105860007BE715C1F80186A5853069F08091479CDA
:10587000882309F40DC12081318142815381C70100
:1058800069E47BE704C18091A4A19091A5A1FE01E8
:10589000E952FF4F208131818217930749F0D801E7
:1058A0002D913D914D915C91C7016BE07BE7EFC07D
:1058B0008091A6A19091A7A1FE01EC52FF4F2081FB
:1058C000318182179307E9F4FE01E053FF4F808195
:1058D0009181A281B381A816B906CA06DB0689F4B4
:1058E0008091479C823010F40D94DD34F8012081C2
:1058F000318142815381C70165ED7AE7F0DC0D9477
:10590000DD348E0107581F4FFE01E053FF4FA08288
:10591000B182C282D38294ED892E912C8C0E9D1E71
:105920008091A6A19091A7A1D4018D939C93C801C9
:1059300060E00F94E00F87FD27C08091479C88238B
:10594000B1F0F8012081318142815381C70168EAB9
:105950007AE7C5DCC601B5010F940624D4014D9148
:105960005C9160E070E08DE99AE70F942624CE0107
:1059700087589F4F6FEFB2D8F701838594850196C2
:10598000948783870D94DD34D8012D913D914D91FD
:105990005C91C70160E67AE77AC080911DA28823F6
:1059A00051F48091479C882309F472C0C7016CE2CE
:1059B0007AE78CDC6DC0C8010F94800D8091A0A1A6
:1059C0009091A1A1A091A2A1B091A3A1F80180837F
:1059D0009183A283B3838FE38483158282E090E076
:1059E00095A784A785E086A7FE01E053FF4FA0821C
:1059F000B182C282D38284ED882E912C8C0E9D1EA2
:105A00008091A6A19091A7A1D4018D939C938091A0
:105A1000A4A19091A5A1FE01E952FF4F918380833B
:105A2000C80160E00F94E00F87FD29C08091479C7A
:105A30008823B1F0F8012081318142815381C7016F
:105A400063E07AE74CDCC601B5010F940624D4016B
:105A50004D915C9160E070E087EE99E70F94262409
:105A600081E890E06091169A0F94863E61E00E9472
:105A7000D3D5CE0187589F4F6FEF30D89EC7F8011E
:105A80002081318142815381C7016EEA79E727DCA9
:105A900080911DA2882319F086ED98E702C08EEC54
:105AA00098E760E070E083DD8091479C882309F4EB
:105AB0008FC3C7016CEA78E709DCC601B5010F9412
:105AC000062489EA98E782C360919FA1643020F49C
:105AD0008DE898E770E0ECC1A090A0A1B090A1A1E2
:105AE000C090A2A1D090A3A1643019F481E080936A
:105AF000A4A18091479C823030F0C7016DE678E721
:105B0000A6019501ECDB8E010B5E1F4FC601B501AE
:105B100040E098010F9488108823A9F1FE01EF5B03
:105B2000FF4F808180FD2FC081FD2DC085E08093D7
:105B30009EA1A0EAB1EAF80184E601900D9281509D
:105B4000E1F71092FFA11092FEA184E680939FA13D
:105B500080911EA290911FA2A09120A2B09121A29B
:105B60000196A11DB11D80931EA290931FA2A09328
:105B700020A2B09321A28091479C823008F428C3D0
:105B80008EE598E723C384E080939EA110929FA1A5
:105B90008091479C823008F41BC38AE398E716C3C0
:105BA00060919FA1643618F48FE198E772C3D70122
:105BB00018968C91882319F48BE098E721C080EA2D
:105BC00091EA61E00F94E00F992787FD909597FF88
:105BD0001AC02091A0A13091A1A14091A2A1509101
:105BE000A3A1C7016CEB77E77ADB82E890E06091D4
:105BF000169A0F94863E62E00E94D3D586EB97E713
:105C000060E070E047C38130910509F58091479CC1
:105C1000823060F02091A0A13091A1A14091A2A179
:105C20005091A3A1C7016CE677E759DB80EA91EABE
:105C3000F70162810F946E25D7011B968D919C917F
:105C40001C9701961C969C938E931B97ACC0209139
:105C5000479C0297A1F4222361F02091A0A13091EA
:105C6000A1A14091A2A15091A3A1C70168E277E749
:105C700036DB80EA91EA6FEF0F946E2594C02330F3
:105C800008F491C02091A0A13091A1A14091A2A1BE
:105C90005091A3A1C70160EE76E721DB84C060913B
:105CA0009FA1653018F486EC96E7F3C22091A1A17C
:105CB0003091A2A14091A3A15091A4A12115310539
:105CC0004105510519F4F70110861CC0809126A2E8
:105CD000909127A2A09128A2B09129A22817390754
:105CE0004A075B0761F083E890E06091169A0F9491
:105CF000863E61E00E94D3D58FEA96E781CF81E0AE
:105D0000F7018087D70159961D921D921D921C9212
:105D10005C971A961C925DC060919FA1693218F43D
:105D200084E996E7B6C2F701118E128E138E148E97
:105D300012861086C7014D9661EA71EA48E250E08A
:105D40000F947250D3011C9244C060919FA16530A2
:105D500018F48AE796E79DC22091A1A13091A2A1F3
:105D60004091A3A15091A4A1809126A2909127A235
:105D7000A09128A2B09129A2281739074A075B07EA
:105D800079F083E696E760E070E011DC83E890E06C
:105D90006091169A0F94863E61E00E94D3D57BC233
:105DA00081E0F701808788E080939EA110929FA1F7
:105DB00072C2D7011A968C91882359F48CE496E725
:105DC00060E070E0F4DBF701828193810E94D1C032
:105DD00062C2C70199DA5FC28091479C823020F08D
:105DE000C7016AE176E772DAD7018D919C910E9432
:105DF0003B788FEF9FEFF701918380838185882324
:105E0000D1F18091479C8230A0F0C7016AEF75E71D
:105E10005DDAD7011B964D915C911C9760E070E0B4
:105E200088EC95E70F942624F701828193810E94E4
:105E3000A1C02FB7F8948091D1809091D280909397
:105E400019A2809318A22FBF8FE190E00E944BB857
:105E500024EB30E0AC01429FC001439F900D529F64
:105E6000900D1124805E934E90931BA280931AA2F2
:105E700081E080931DA28FE390E00E944BB828E759
:105E800030E0281B390B84E690E0DC012A9FC0013A
:105E90002B9F900D3A9F900D1124909317A2809301
:105EA00016A2F3C1063011052CF48EEA95E7B8016D
:105EB0007EDB8EC18FE991EA0F94044F162F072FD6
:105EC000B82EA92E8091479C823040F0C70168E827
:105ED00075E7212F302F4B2D5A2D01DAB5E1CB2E4E
:105EE000D12CCC0EDD1E612F702F8B2D9A2D40E012
:105EF00096010F948810882309F43CC1FE01EF5BE2
:105F0000FF4F808180FD36C181FD34C1EDB7FEB702
:105F10003C970FB6F894FEBF0FBEEDBF3196AEE9C9
:105F2000AA2EA1EABA2EADB7BEB71296BC92AE9217
:105F300011978AE19DE7938382838D899E89AF893A
:105F4000B88D84839583A683B783CE0149969187C4
:105F500080878E010D5B1F4FD8018C91828713863D
:105F60000F941E51EDB7FEB73C960FB6F894FEBFE6
:105F70000FBEEDBFD8010C91033071F0043030F446
:105F8000013051F0023009F0B2C03FC00630E8F1F4
:105F9000063009F0ACC085C08EE991EA0F944B50F1
:105FA000EDB7FEB73A970FB6F894FEBF0FBEEDBF40
:105FB000ADB7BEB7119682569E459283818388E025
:105FC0009DE713969C938E931297CE018C5B9F4F07
:105FD00015969C938E931497FE01E059FF4F808194
:105FE000918117969C938E931697FE01EE58FF4F62
:105FF000808118968C93189719961C920F941E51B5
:106000002DB73EB7265F3F4F46C08EE991EA0F9409
:106010004B50FE01E459FF4F0081118122813381F1
:10602000AC0142565E45C901B8010E949C818EE9CF
:1060300091EA0F944B504DB75EB7485050400FB6A1
:10604000F8945EBF0FBE4DBFADB7BEB71196825676
:106050009E45EDB7FEB79283818388EF9CE7139648
:106060009C938E931297FE01E059FF4F808191819E
:1060700015969C938E931497FE01EE58FF4F8081E6
:1060800016968C93169717961C920F941E512DB747
:106090003EB7285F3F4F0FB6F8943EBF0FBE2DBFEF
:1060A0004FC0C5010F944B5000D000D0EDB7FEB7E4
:1060B000319682569E45ADB7BEB712969C938E938D
:1060C00011978EEE9CE7938382832FE230E0C20E1D
:1060D000D31ED582C4820F941E514DB75EB74A5F5E
:1060E0005F4F0FB6F8945EBF0FBE4DBF29C08DB78E
:1060F0009EB708970FB6F8949EBF0FBE8DBFEDB741
:10610000FEB731968EE991EAADB7BEB712969C9371
:106110008E93119781ED9CE7938382838D899E896D
:10612000AF89B88D84839583A683B7830F941E515E
:10613000EDB7FEB738960FB6F894FEBF0FBEEDBFB1
:1061400080911EA290911FA2A09120A2B09121A2A5
:106150000196A11DB11D80931EA290931FA2A09332
:1061600020A2B09321A28091479C823088F189E7D8
:1061700095E72CC02DB73EB7285030400FB6F894A5
:106180003EBF0FBE2DBFEDB7FEB731968EE991EA47
:10619000ADB7BEB712969C938E9311978FE595E796
:1061A0009383828314830583B682A7820F941E5142
:1061B000EDB7FEB738960FB6F894FEBF0FBEEDBF31
:1061C0008091479C823020F08BE395E70F946C24FC
:1061D000C7010F9454255FC0D7018D919C910E94F7
:1061E0003B788FEF9FEFF701918380838091479CED
:1061F000882361F0C70166E075E768D880EA91EA14
:106200000F94062583E095E70F946C248FE090E0CF
:106210000E944BB824E630E0AC01429FC001439F8E
:10622000900D529F900D11248854944F909317A273
:10623000809316A2D70112968D919C91139797FD8A
:106240001FC059962D913D914D915C915C9712160E
:10625000130614061506A4F4FC01EE0FFF1FEE0F43
:10626000FF1FEC5FFD4580819181A281B3812817DA
:1062700039074A075B0720F4208331834283538325
:10628000F701828193810E94D1C010E005C080EFA8
:1062900094E770E08CD911E08091479C882391F0BD
:1062A000112381F080919EA18F3F61F4C70167EEB9
:1062B00074E70CD880EA91EA0F94062584EE94E7FF
:1062C0000F946C24D7018D919C91BFEF8F3F9B075A
:1062D00009F45CC00E941772882309F057C08091AE
:1062E000479C823028F0C70169EB74E70F94662958
:1062F000F701808191810E943B788FEF9FEFD7015A
:1063000011969C938E9312966D917C9113976330A6
:10631000710508F07CC0F3018181882311F0CB0165
:106320006CC0D7011A968C911A978823F9F0599668
:106330002D913D914D915C915C97121613061406B8
:106340001506A4F4FB01EE0FFF1FEE0FFF1FEC5F1D
:10635000FD4580819181A281B381281739074A07C1
:106360005B0720F42083318342835383F7018281CA
:1063700093810E94D1C08091479C882309F447C033
:10638000C70161E874E70F94662941C0D7014D91B8
:106390005C91BFEF4F3F5B0799F1F3018181882347
:1063A00079F18FB7F8942091D3803091D4808FBF4A
:1063B000D30115968D919C911697281B390B245F5C
:1063C0003140F0F08091479C823028F0C7016AE5A7
:1063D00074E70F946629F701808191810E943B78D0
:1063E0008FEF9FEFD70111969C938E9312968D910C
:1063F0009C9113978330910550F40E94A1C007C06F
:10640000112329F04F5F5F4F11F0C70130D8EBE443
:10641000F0E0EE0EFF1E6E0E7F1EFEE9EF16F1EAB3
:10642000FF0609F0FCC883E29EE20E94EC717C0149
:106430002FEF8F3F920709F4C8C010E0D2018D9171
:106440009C918F5F9F4FC9F01F5FEBE4F0E04E0E11
:106450005F1E143099F781E594E760E070E0A7D8FB
:1064600060919FA170E06E5F7F4FC7014EE951EAD6
:1064700020E00E94EE78DD2460C08BE4189FC0010C
:1064800011248E589F45B7010F941D2582E398E093
:10649000E89EF001E99EF00DF89EF00D1124ED53F9
:1064A000F74D268137814085518580910A9A9091D8
:1064B0000B9AA0910C9AB0910D9A82179307A4079A
:1064C000B50719F440E050E027C0268137814085A8
:1064D000518580910E9A90910F9AA091109AB09147
:1064E000119A82179307A407B50719F441E050E009
:1064F00013C026813781408551858091129A9091F1
:10650000139AA091149AB091159A82179307A40731
:10651000B50789F442E050E0212F30E08BE490E0B1
:10652000289FF001299FF00D389FF00D1124EE589F
:10653000FF4553834283DD24D3948091479CDD2023
:1065400019F421E030E002C022E030E090E0821750
:106550009307B4F18BE4189FC00111248E589F4516
:1065600061E374E70F94662982E398E0E89E800176
:10657000E99E100DF89E100D1124F801ED53F74D12
:1065800066817781808591850F94062489E294E75E
:106590000F946C24C8018B51974D0F94EC23DD2090
:1065A00051F0A701662757FD6095762F8CE194E79F
:1065B0000F9426240AC087EF93E70F946C2402C03F
:1065C000DD2019F4C7010E943B78809172A0909160
:1065D00073A08F5F9F4F09F099C18091BDA09091EA
:1065E000BEA08F5F9F4F09F091C1809126A290912C
:1065F00027A2A09128A2B09129A20097A105B105D8
:1066000009F484C18FB7F8942091D3803091D4805D
:106610008FBF809114A2909115A2281B390B8091F5
:1066200016A2909117A28217930708F07AC154E03E
:10663000E52E52EAF52E00E010E0D7012D913D91B4
:106640004D915C91809110A2909111A2A09112A203
:10665000B09113A282179307A407B50750F0C801A1
:1066600060E070E00E94EBB8882319F000235CF42E
:10667000B1C00F5F1F4FE4E0F0E0EE0EFF1E0330ED
:106680001105D9F6A7C08FB7F8942091D180309129
:10669000D2808FBF809118A2909119A2281B390B2C
:1066A00080911AA290911BA288599E4F28173907F2
:1066B00008F090C010E088E290E0089FF001099F88
:1066C000F00D189FF00D1124EE56F64680818823B8
:1066D00009F46FC0C80168E27EE70E944DEA7C01C0
:1066E000FFEF8F3F9F0709F464C0CE0101960E941F
:1066F000F46182E790EAB7010F941D25109375A00D
:10670000009374A021E020937AA0F801EE0FFF1F00
:10671000EE0FFF1FEC5FFD4580819181A281B38167
:1067200080938BA090938CA0A0938DA0B0938EA00B
:1067300020937CA010927BA088899989AA89BB8923
:1067400080839183A283B3838FE790EA0F94B80A82
:106750008091479C823078F082E790EA69E17EE799
:106760000F946629A701662757FD6095762F88ED5F
:106770009DE70F94262487E080939EA185E0809377
:106780009FA181E08093A0A1809126A2909127A251
:10679000A09128A2B09129A28093A1A19093A2A137
:1067A000A093A3A1B093A4A182E790EA0F94372A03
:1067B000ADC087E090E00E944BB824E630E0AC0129
:1067C000429FC001439F900D529F900D1124805312
:1067D000984F98C08FB7F8942091D1803091D28093
:1067E0008FBF809118A2909119A2281B390B80911C
:1067F0001AA290911BA22817390708F492C02FB74C
:10680000F8948091D1809091D280909319A2809336
:1068100018A22FBF8EE190E090931BA280931AA242
:10682000809172A0909173A08F5F9F4F09F05AC022
:1068300080911CA290E06AE67EE70E944DEA8C01FE
:106840008FEF0F3F180711F490E041C082E790EA04
:10685000B8010F941D2580911CA2809374A0109202
:1068600075A08091479C823080F084E790EA02977F
:106870006BE57EE70F946629A801662757FD6095B2
:10688000762F85E39EE70F94262486E080939EA1D1
:1068900085E080939FA111E01093A0A1809126A292
:1068A000909127A2A09128A2B09129A28093A1A1A2
:1068B0009093A2A1A093A3A1B093A4A182E790EA90
:1068C0000F94372A10937AA010937BA091E08091C7
:1068D0001CA28F5F80931CA2833010F010921CA228
:1068E0009923A1F48FE090E00E944BB824E630E0B9
:1068F000DC01A29FC001A39F900DB29F900D1124B7
:106900008854944F909317A2809316A22FB7F894AF
:106910008091D3809091D480909315A2809314A2FB
:106920002FBF8FB7F8942091D3803091D4808FBF40
:10693000809114A2909115A2281B390B295E334037
:1069400008F44AC08FB7F8942091D1803091D2805A
:106950008FBF809122A2909123A2281B390B809196
:1069600024A2909125A228173907B0F10F94450E63
:106970008C019C01442737FD4095542F80E090E026
:1069800067EC73E70F946F2917FF05C089EB93E756
:1069900061E00E94D3D58FB7F8942091D1803091D7
:1069A000D280309323A2209322A28FBF80E097E869
:1069B000909325A2809324A20FC082E080939EA191
:1069C00084E080939FA1A092A0A1B092A1A1C092C7
:1069D000A2A1D092A3A1FCCBC452DF4FE0E10D9461
:1069E000C94DEF92FF921F93DF93CF93CDB7DEB7E0
:1069F000A8970FB6F894DEBF0FBECDBF1092FDA2D0
:106A000086E79EE76BE272EA0E94888E019711F09A
:106A100010922BA280E89EE763E572EA0E94888EBE
:106A2000019711F0109253A28BE89EE76BE772EA90
:106A30000E94888E019711F010927BA284E99EE754
:106A400063EA72EA0E94888E019711F01092A3A265
:106A50008EE99EE77E010894E11CF11CB7010E94BB
:106A6000888E019731F4C7010F94E74E8093CBA233
:106A700002C01092CBA28CEA9EE760E00F94FC1E4D
:106A80001092CCA2882319F081E08093CCA28FEBE6
:106A90009EE77E010894E11CF11CB7010E94888EDC
:106AA000019789F489818D3271F0C7010F94E74E07
:106AB000182FC7010F944B50682F812F0F94FE4B56
:106AC0008093CDA202C01092CDA28CE090E0909372
:106AD000FBA28093FAA22FB7F8948091D180909175
:106AE000D2809093F9A28093F8A22FBF81EF9CE50A
:106AF00068EC7EE70E949FA7A8960FB6F894DEBFC9
:106B00000FBECDBFCF91DF911F91FF90EF90089501
:106B1000809138858C3011F08A3051F482E09FE802
:106B20006CE27FE70F945F4F8DE0809338850CC057
:106B300082E09FE865E27FE70F945F4F8EE08093ED
:106B4000388581E080932E8582E09FE80F944B503A
:106B500090933785809336850895ADE2B0E0E1E00B
:106B6000FDE50D94AF4D182F092F6AE272EA0E94DD
:106B700098C1812F902F60912AA241E00E946BD68C
:106B8000882309F4F7C1612E702E0E94D7A726E052
:106B900030E1620E731EF301808191812AEF3FEE96
:106BA000620E731E892B09F077C081E19FE70F9475
:106BB000C71C88E890E060912AA20F94863E66E7A1
:106BC0007EE748E250E02BE232EA0F94621C89E84B
:106BD00090E060912AA20F94863E60E87EE748E24A
:106BE00050E023E532EA0F94621C8AE890E060915D
:106BF0002AA20F94863E6BE87EE748E250E02BE73E
:106C000032EA0F94621C8BE890E060912AA20F9404
:106C1000863E64E97EE748E250E023EA32EA0F94D8
:106C2000621C8CE890E060912AA20F94863E00914D
:106C3000CBA210E020E030E06EE97EE742E050E0D9
:106C40000F94911C8DE890E060912AA20F94863EEB
:106C50006CEA7EE74091CCA20F94371C8091CDA2C4
:106C60008E010F5F1F4FB8010E9417C08EE890E0A1
:106C700060912AA20F94863E6FEB7EE742E050E0DF
:106C800098010F94621C87E590E060912AA20F940E
:106C9000863E0F94681B6CC183E590E060912AA248
:106CA0000F94863E0F920F92EDB7FEB792838183C9
:106CB0000F94FC5082EF9EE7EDB7FEB7928381837D
:106CC0000F94FC500F900F9084E590E060912AA201
:106CD0000F94863E0F920F92EDB7FEB79283818399
:106CE0000F94FC508DEE9EE7EDB7FEB79283818343
:106CF0000F94FC500F900F9088E890E060912AA2CA
:106D00000F94863EBC01C30146E75EE728E230E00F
:106D10000BE212EAE0902AA20F945F1E89E890E04D
:106D200060912AA2F3D7BC01C30140E85EE728E2E4
:106D300030E003E512EAE0902AA20F945F1E8AE891
:106D400090E060912AA2E2D7BC01C3014BE85EE764
:106D500028E230E00BE712EAE0902AA20F945F1ECF
:106D60008BE890E060912AA2D1D7BC01C30144E92D
:106D70005EE728E230E003EA12EAE0902AA20F94EC
:106D80005F1E8CE890E060912AA2C0D7BC010F92F0
:106D90000091CBA210E020E030E080912AA2EDB774
:106DA000FEB78183C3014EE95EE7CC24DD24760182
:106DB000EAEF8E2E912CA12CB12C0F948F1D609395
:106DC000CBA20F90662341F180912BA2882341F042
:106DD00080917BA2882321F08091A3A28823E1F4F3
:106DE0008FE890E060912AA291D70F920F92EDB7B1
:106DF000FEB7928381830F94FC500F900F908E0109
:106E00000F5F1F4FC8016BEE7EE70F945F4F8EE957
:106E10009EE7B8010E94EE8D8DE890E060912AA275
:106E200075D7BC01C3014CEA5EE72091CCA200916A
:106E30002AA20F94E71C1092CCA2882319F081E0BB
:106E40008093CCA2C3016FEB7EE70E9449A6892BF9
:106E500009F488C0C3016FEB7EE70E9472A68D5EC5
:106E6000974F880F991F680E791EF3016081718119
:106E70008E010F5F1F4FC80142E050E00F94725027
:106E80001B82C8010F94E74E8C01009729F4898179
:106E9000803311F010E009C0CE0101960F944B50E1
:106EA000682F802F0F94FE4B182F812F7E0108949E
:106EB000E11CF11CB7010E9417C00F920F9286EEE1
:106EC0009EE7EDB7FEB7928381830F94FC500F903D
:106ED0000F908EE890E060912AA218D70F920F923F
:106EE000EDB7FEB7928381830F94FC500F900F9003
:106EF0008091CDA2181791F485E590E060912AA2C7
:106F000005D70F920F92EDB7FEB7928381830F944E
:106F1000FC500F920F9281EE9EE718C08FEB9EE718
:106F2000B7010E94EE8D1093CDA286E590E06091AE
:106F30002AA2ECD60F920F92EDB7FEB7928381830F
:106F40000F94FC500F920F928CED9EE7EDB7FEB7B9
:106F500092838183F482E3820F94FC500F900F9010
:106F60000F900F9080912AA20E94E8BF1092FDA27C
:106F70000E94CAA7AD96EEE00D94CB4D80912D8571
:106F80008130F9F4809133858230D9F4809138854D
:106F90008D30B9F0109235851092348510923E8173
:106FA00082E09FE862E970E80F945F4F8091469C11
:106FB000882321F08AE790E80F946C248DE0809379
:106FC000388508951F938091368590913785892B58
:106FD00009F025C2409138854C3009F460C04A3030
:106FE00009F45DC0453009F45AC0A0913485B091D0
:106FF0003585109709F413C2FD01E75CFA478081DB
:107000008A3009F00CC2423089F48FB7F89420918D
:10701000D3803091D4808FBF8091F6A29091F7A257
:10702000281B390B283C310508F4F9C180913A85B9
:10703000843388F1A65CBA471C928091469C8823D1
:1070400041F08DED9FE70F946C248AE395E80F944F
:10705000062584E990E06091169A58D662E00E9475
:10706000D3D5882369F08AEC98E90F944B50AC0192
:10707000445150408AEC98E96AE375E80F94545003
:1070800081E00E9448D581E080932E85109235855D
:1070900010923485C4C110923585109234851092B7
:1070A000028F473009F4C9C0483088F44330B9F141
:1070B000443030F4413009F1423009F09DC125C01F
:1070C000453009F498C0463008F0A3C03DC04A30AE
:1070D00009F446C14B3038F4483009F4C2C0493095
:1070E00009F08AC1C6C04D3009F478C14E3009F4A8
:1070F00080C14C3009F080C15CC182E09FE863EC44
:107100007FE70F945F4F82E007C082E09FE866EB65
:107110007FE70F945F4F83E0809338856DC18BE7E5
:1071200092EA0F944B509C0182E09FE86AEB79E071
:107130004BE752EA0E94449382E09FE863EB7FE7CB
:107140000F94404F84E0E8CF83EA92EA0F944B50CB
:107150009C0182E09FE86AEB79E043EA52EA0E94F0
:10716000449382E09FE860EB7FE70F94404F80916B
:10717000CEA28F3339F585E890E06091169AC6D596
:10718000BC018EE391E80F945F4F89E091E80F9482
:10719000514C85E0809338851092CEA22DC189E0B4
:1071A00091E80F94A54C6DE371E80F94C94C182F2A
:1071B0008D3011F08A3041F48EEC92EA0F944B50EE
:1071C000892BC9F086E0A8CF8823A9F0833299F0F3
:1071D0008F3209F410E48EEC92EA0F944B50FC01CC
:1071E000E253FD4511828EEC92EA0F944B50FC0164
:1071F000E253FD45108389E091E80F94554C8823B4
:1072000009F0FAC08EEC92EA0F944B50879738F24F
:10721000F3C082E09FE864EA7FE70F945F4F82E06B
:107220009FE86BE772EA0F94255082E09FE860EADE
:107230007FE70F94404F87E06FCF82E09FE866E9D9
:107240007FE70F945F4F82E09FE86EEC72EA0F9445
:10725000255082E09FE862E97FE70F94404F88E085
:107260005BCF82E09FE86BE87FE70F945F4F89E098
:1072700053CF82E09FE864E87FE70F945F4F82E09E
:107280009FE86BE772EA0F94255082E09FE86CE775
:107290007FE70F94404F82E09FE86EEC72EA0F9414
:1072A000255082E09FE863E47FE70F94404F86E833
:1072B00090E06091169A2AD5BC018EE391E80F9474
:1072C0005F4F8AE08093388581E0809300A394C06B
:1072D00089E091E80F94A54C6DE371E80F94C94CD7
:1072E000282F8D3011F08A3041F5809100A388233A
:1072F000B9F580913685909137858E5F904769E327
:107300007FE70F945F4F82E09FE80F944B5090937C
:107310003785809336858CE08093388587E890E0C8
:107320006091169AF3D4BC018EE391E80F945F4FFD
:1073300089E091E80F94514C49C0882389F0833249
:1073400079F08091368590913785FC01EE5FF047AA
:10735000208301969093378580933685109200A301
:1073600089E091E80F94554C882381F5809136850A
:1073700090913785875B994008F4AACF27C089E0B0
:1073800091E80F94A54C6DE371E80F94C94C282F38
:10739000882379F0833269F0809136859091378522
:1073A000FC01EE5FF0472083019690933785809330
:1073B000368589E091E80F94554C882339F4809103
:1073C000368590913785875B9940C8F2E091368584
:1073D000F0913785EE5FF04710820EC082E09FE8A3
:1073E00062E37FE70F945F4F81E080932E858EE00C
:1073F00093CE81E080932E8582E09FE80F944B50DE
:1074000090933785809336852FB7F8948091D380F9
:107410009091D4809093F7A28093F6A22FBF1F91F2
:107420000895CF93DF93BC018EEC92EA47E250E0DF
:107430000F9472501092F5A283E592EA0E94CD81DA
:10744000611571058105910549F483E592EA0E9471
:10745000BA87AC01CB01DA01BC01CD016F3F2FEF40
:1074600072072FEF82072FEF920739F58BE590E82F
:107470000F946C2483E592EA0F94062589E490E842
:107480000F946C2480E990E06091169A3FD461E0FB
:107490000E94D3D5882309F462C08AEC98E90F943E
:1074A0004B50AC014E5150408AEC98E963E572EACA
:1074B0000F94545082E990E030C049E150E00E94BE
:1074C0005675EC0190932C8580932B858FEFCF3FE1
:1074D000D80761F58CEF9FE70F946C24D0932C852F
:1074E000C0932B8510922D8580E990E06091169ACB
:1074F0000DD461E00E94D3D5882389F18AEC98E904
:107500000F944B50AC014E5150408AEC98E963E522
:1075100072EA0F94545083E990E06091169AF6D382
:10752000BC018AEC98E90F94404F19C00E94D7B86B
:1075300091E090932D8510922E8583E08093338582
:10754000909338852FB7F8948091D3809091D48010
:107550009093F7A28093F6A22FBF81E001C080E054
:10756000DF91CF910895CF93DF938FB7F894209157
:10757000D1803091D2808FBF8091F8A29091F9A2F2
:10758000281B390B8091FAA29091FBA2281739078A
:1075900008F4F7C08091CBA2882309F4F2C080914F
:1075A000CF80882339F480912B8590912C858F5F33
:1075B0009F4F71F08FB7F8942091D1803091D28095
:1075C0003093F9A22093F8A28FBF82E190E0A8C087
:1075D0008FB7F8942091D1803091D2803093F9A266
:1075E0002093F8A28FBF82E190E09093FBA280935A
:1075F000FAA28BE292EA0E94CD81611571058105A4
:10760000910549F48BE292EA0E94BA87AC01CB0162
:10761000DA01BC01CD016F3F2FEF72072FEF820718
:107620002FEF920799F580EA91E80F946C248BE292
:1076300092EA0F9406258EE891E80F946C248091CD
:10764000FDA28F3F19F08F5F8093FDA28091FDA274
:10765000833009F05FC081E990E06091169A56D3BB
:1076600061E00E94D3D5882309F454C08AEC98E9DC
:107670000F944B50AC014E5150408AEC98E96BE2AC
:1076800072EA0F94545082E990E03CC04EE650E01C
:107690000E945675EC0190932C8580932B858FEF7B
:1076A000CF3FD80709F041C087E491E80F946C24DC
:1076B000D0932C85C0932B8510922D858091FDA2AF
:1076C0008F3F19F08F5F8093FDA28091FDA28330E0
:1076D00009F581E990E06091169A18D361E00E9463
:1076E000D3D58823B9F08AEC98E90F944B50AC01BC
:1076F0004E5150408AEC98E96BE272EA0F94545074
:1077000083E990E06091169A01D3BC018AEC98E974
:107710000F94404F8091CBA226E0829FC00111249C
:107720009093FBA28093FAA22CC08091469C823059
:1077300048F0AE01662757FD6095762F86E091E808
:107740000F9426241092FDA20E94D7B881E0809366
:107750002D8510922E8582E08093338583E080937F
:1077600038851092FCA22FB7F8948091D380909125
:10777000D4809093F7A28093F6A22FBF83E30E9458
:10778000FCD0DF91CF910895A0E0B0E0E5EDFCE5FD
:107790000D94B54D7C018091FEA2882309F45FC051
:1077A000C7016BE372E80F94A54F8C01F70180814C
:1077B0008D3031F481818A3019F41092FEA24FC0CD
:1077C0000115110509F48EC0E801CE19DF09C701C2
:1077D00066E372E8AE010F946F4F892B09F43FC046
:1077E000C70163E372E8AE010F946F4F892BB9F1C3
:1077F000C7016EE272E8AE010F946F4F892B79F1E9
:10780000C70166E272E8AE010F946F4F892B99F4BD
:107810008091CCA2882319F1C80161E272E80F942B
:10782000A54F892BE1F4C8016CE172E80F94A54FD4
:10783000892BA9F411C0C7016FE072E8AE010F9463
:107840006F4F892B09F04EC0C80164E072E80F94B5
:10785000A54F892B09F046C081E08093FFA28EE3FB
:1078600091E80F944B508C01C7010F944B50080FB7
:10787000191FF3E0083E1F0710F080E056C0E70133
:10788000670123C08D3301F5F60190819133A8F093
:107890008A818133A0F0892F0E942F96182F8A8128
:1078A0000E942F961295107F180F1883BE016D5FEE
:1078B0007F4FC6010F94445007C0903218F08A8160
:1078C000803210F4188207C021960894C11CD11C84
:1078D00088818823B9F68EE391E8B7010F9425508B
:1078E00011E001C010E08091469C8330E8F085EE05
:1078F00091E80F946C24C7010F944B50BC01C70151
:107900000F949A24112361F08EE391E80F944B5069
:10791000AC0160E070E08FEC91E80F94262404C085
:107920008EEB91E80F946C2481E0CDB7DEB7E8E0F0
:107930000D94D14DA0E0B0E0EDEFFCE50D94B34D1A
:107940008091368590913785892B09F0DAC1809135
:1079500038858B3041F58091CF80843309F4D1C1D3
:10796000853309F584E890E06091169ACFD1BC0187
:107970008EE391E80F945F4F81E08093FEA2109216
:10798000FFA282E09FE86DEF70E80F945F4F82E006
:107990009FE80F944B5090933785809336858CE009
:1079A00080933885AEC1C0913485D09135852097BC
:1079B00009F4A7C1FE01E65CFA4710828AE395E864
:1079C0006AE070E00F943050892B21F4C25ED440FD
:1079D00008F497C180913A858B3219F481E0809345
:1079E000FCA28091FCA2882399F48091469C882374
:1079F00041F08FED90E80F946C248AE395E80F94A2
:107A00000625809138858D3018F48DE08093388577
:107A10001092028F80913885883070F4863040F55E
:107A2000833051F1843020F4813008F453C120C0F8
:107A3000843009F04FC134C08C3081F08D3038F47F
:107A4000883009F441C0893009F044C10AC08D3042
:107A500009F430C18E3009F03DC138C1EE24FF2455
:107A6000E1C0409134855091358520E030E03CC044
:107A700081E080932E8545C182E09FE869ED70E842
:107A80000F945F4F82E09FE86BE772EA0F942550F6
:107A900082E09FE866ED70E80F94404F84E014C1E7
:107AA00082E09FE860ED70E80F945F4F82E09FE80E
:107AB00063EA72EA0F94255082E09FE86DEC70E86B
:107AC0000F94404F88E000C182E09FE866EC70E8C8
:107AD0000F945F4F89E0F8C0F901E65CFA478081B6
:107AE000803231F02F5F3F4F24173507A8F305C0D0
:107AF000CF010F94E74E892BD1F48091CBA226E0E1
:107B0000829FC00111249093FBA28093FAA22FB709
:107B1000F8948091D1809091D2809093F9A2809333
:107B2000F8A22FBF82E09FE86FEB70E8C7C080919A
:107B3000CDA2869561E00E9411E7882329F084E3B5
:107B40000E94FCD08BE014C08091CBA226E0829FE3
:107B5000C00111249093FBA28093FAA282E09FE8D7
:107B600068EB70E80F945F4F81E080932E858EE084
:107B7000809338852FB7F8948091D1809091D280EE
:107B80009093F9A28093F8A22FBFA0C0AAE3CA2EB7
:107B9000A5E8DA2ECE0CDF1CC60164EB70E80F946A
:107BA000564F892B81F482E09FE86BEA70E80F94CE
:107BB0005F4F8DE0809338858EE391E865EA70E849
:107BC0000F94404F15C0C60162EA70E80F94A54FAC
:107BD000EC01009791F4C701CF960817190750F1EF
:107BE0008091FFA2882321F4C601CEDD882321F1F4
:107BF000E0903485F09035851DC0F2E0AF2EB12CB9
:107C0000A80EB91E8091FFA2882339F41A811A8226
:107C1000C601BADD1A83882379F075018AE395E8F5
:107C2000E81AF90A0091348510913585E016F106BD
:107C300008F4ACCF80E001C081E0E114F104B9F0B8
:107C40004091348550913585E416F50680F4B701EE
:107C5000665C7A474E195F098AE395E80F94D54F21
:107C600080913485909135858E199F091EC0609151
:107C7000348570913585E616F70640F5882351F175
:107C800099E0613B790730F18B01005B19406E5E32
:107C90007A4782EC9EE848E250E00F94D54F8091FD
:107CA000348590913585801B910B90933585809319
:107CB000348510C082E09FE86BE970E80F945F4F55
:107CC00081E080932E858EE08093388510923585F3
:107CD0001092348582E09FE80F944B509093378543
:107CE00080933685892B11F01092FCA22FB7F8945F
:107CF0008091D3809091D4809093F7A28093F6A244
:107D00002FBFCDB7DEB7EAE00D94CF4DFC01EE0FEB
:107D1000FF1FE60FF11DEE0FFF1FE750F145259104
:107D20003491C9010895ACE3B0E0E3E0FDE50D94C2
:107D3000B34D8DE591EB60E00F94FC1E882309F4B0
:107D40005EC085E1C82ED12CCC0EDD1E81E691EB04
:107D5000B6010E94888E019709F051C05E01089417
:107D6000A11CB11CC5010E94F461E888F9880A8948
:107D70001B89C6010E94CD812A853B85A6010E94F0
:107D80005D868F5F9F4F31F1C5010E94F461809144
:107D9000469C823098F082EE91EB0F946C24C601E1
:107DA0000F940625488959896A897B894E195F098C
:107DB000600B710B8BEA91EB0F94262488899989CB
:107DC000AA89BB898E199F09909303A3809302A36C
:107DD00081E016C08091469C882359F08DE991EB93
:107DE0000F946C24C6010F9406258BE791EB0F943A
:107DF0006C248FE097E2909303A3809302A380E02A
:107E0000EC96EAE00D94CF4DACE3B0E0EDEDFCE58F
:107E10000D94B94DCE0101960E94F4618E010B5E66
:107E20001F4F8BE691EBB8010E94888E019729F4D1
:107E3000C8010F94E74E9B878A8783E791EB0E94E6
:107E4000A98C892B31F083E791EB61E00F94FC1E44
:107E50008C8BCE0101960E94E361EC96E4E00D94D8
:107E6000D54D6F927F929F92AF92BF92CF92DF9249
:107E7000EF92FF920F931F93DF93CF93CDB7DEB7AF
:107E8000E8970FB6F894DEBF0FBECDBF182F092FAD
:107E900061E073EA0E9498C1812F902F609101A345
:107EA00041E00E946BD6882309F445C18DE591EB32
:107EB00060E00F94FC1EF82E882311F0FF24F39449
:107EC00083E791EB61E00F94FC1E982E882311F05C
:107ED0009924939481E691EB0E94A98C8F5F9F4F28
:107EE00041F081E691EBBE01675E7F4F0E94888E74
:107EF00001C0198E8BE691EB0E94A98C5E0108945B
:107F0000A11CB11C8F5F9F4F31F08BE691EBB50147
:107F10000E94888E05C0C50165E372EB0F945F4F28
:107F2000C12ED02E0E94D7A786E090E1C80ED91EA0
:107F3000D6018D919C91EAEFFFEECE0EDF1E29E176
:107F4000622E712C6C0E7D1E5E010894A11CB11C6A
:107F5000892BC1F58DE292EB0F94C71C85E990E067
:107F6000609101A3D3DE6DE571EB4F2D0F94371CAB
:107F700086E990E0609101A3C9DE61E671EB4FE113
:107F800050E093010F94621C87E990E0609101A397
:107F9000BDDE6BE671EB43E050E095010F94621C8F
:107FA00088E990E0609101A3B1DE63E771EB492DB0
:107FB0000F94371C87E590E0609101A3A7DE0F9432
:107FC000681BB7C083E590E0609101A39FDE0F922C
:107FD0000F92ADB7BEB712969C938E9311970F94E4
:107FE000FC508AE192EBEDB7FEB7928381830F9448
:107FF000FC500F900F9084E590E0609101A386DE25
:108000000F920F92ADB7BEB712969C938E931197B5
:108010000F94FC5085E192EBEDB7FEB7928381831C
:108020000F94FC500F900F9085E990E0609101A3B0
:108030006DDEBC01C6014DE551EB2F2D009101A372
:108040000F94E71CF82E86E990E0609101A35EDEB4
:10805000BC01C60141E651EB20E230E08301E09033
:1080600001A30F945F1E87E990E0609101A34EDEAB
:10807000BC01C6014BE651EB24E030E08501E09005
:1080800001A30F945F1E88E990E0609101A33EDE9A
:10809000BC01C60143E751EB292D009101A30F94C8
:1080A000E71C809101A30E94E8BF0F920F9280E12C
:1080B00092EBADB7BEB712969C938E9311970F9427
:1080C000FC500F900F90FF20A1F19EDE2CDECE0120
:1080D00005960E94F4614A855B852C853D856885FF
:1080E0007F811E81EDB7FEB73E970FB6F894FEBFB5
:1080F0000FBEEDBF31968EEE91EBADB7BEB71296C7
:108100009C938E93119742831382548315823783F5
:1081100026836087118672871386148715860F94CD
:10812000FC50EDB7FEB73E960FB6F894FEBF0FBEFB
:10813000EDBF0E94CAA7E8960FB6F894DEBF0FBE47
:10814000CDBFCF91DF911F910F91FF90EF90DF9006
:10815000CF90BF90AF909F907F906F90089585983B
:108160008D988FE493ECA0E0B0E00197A109B109EC
:10817000000001F0D1F7C8950000089585988D980A
:1081800082E090E00E947C63109205A38FEE9CE554
:1081900068E772EB0C949FA7EF92FF920F931F93E7
:1081A0008FE4E82E83ECF82E012D112DD801C701A4
:1081B0000197A109B109000001F0D1F7C8950000AD
:1081C000859A8D98D801C7010197A109B1090000CE
:1081D00001F0D1F7C895000000E082E090E06CEA81
:1081E0000E94906382E090E063E50E94906382E0E9
:1081F00090E060E00E949063182F82E090E060E0E1
:108200000E949063133521F4109204A381E01BC0F7
:108210008FE891E0FC013197F1F7000000C08E9AE1
:10822000FC013197F1F7000000C08E980197F1F73B
:10823000000000C00F5F003209F0CFCF90DF81E077
:10824000809304A380E01F910F91FF90EF90089519
:10825000EF92FF920F931F93CF93DF93EC018B016B
:1082600080FD02C060E201C068E282E090E00E940E
:1082700090637E016F2D669582E090E00E9490638E
:10828000D695C79582E090E06C2F0E94906382E0C3
:1082900090E060E00E949063F801808381E0CDB7B8
:1082A000DEB7E6E00D94D34DA0E0B0E0E3EDFCE5F1
:1082B0000D94B54D8C017B016A01E901C901B8013A
:1082C0000F944450C80164E270E00F943050892B41
:1082D00071F4CE016FEF77EB0F94404FCE01B701F1
:1082E0000F942550CE01B6010F94404F1AC0CE0115
:1082F00064E270E00F943050FC011082CE01B701AF
:108300000F942550CE01B6010F94404FC80164E28E
:1083100070E00F943050BC016F5F7F4FCE010F941F
:108320002550CDB7DEB7E8E00D94D14D4F925F9266
:108330006F927F928F929F92AF92BF92CF92DF9275
:10834000FF920F931F93DF93CF93CDB7DEB7C05447
:10835000D0400FB6F894DEBF0FBECDBF2C016B012D
:108360006115710519F0FB0111821082882499248E
:108370008FB7F894A090D380B090D4808FBFFF24A3
:10838000C2010E9443721816190664F58FB7F8945B
:10839000A090D380B090D4808FBF3E010894611C20
:1083A000711C83010F0D111DC20161E070E0A80175
:1083B0000E94C776019759F08091469C882321F04E
:1083C00087E998EB0F946C244EEF5FEF7EC0F801C5
:1083D00080818A30F9F08D3099F2FEE3FF1580F24A
:1083E000F394CECF2FB7F8948091D3809091D4801E
:1083F0002FBF8A199B09895E934008F4C1CF8091F1
:10840000469C882321F08DE798EB0F946C244FEF66
:108410005FEF5BC0F80110828091469C843068F069
:1084200084E698EB0F946C24C3016F2D70E00F94D9
:108430009A2482E598EB0F946C2490E0FF2407C007
:10844000803211F491E002C0992339F4F394FE01D3
:10845000EF0DF11D8181882399F7FF2051F18E01E5
:108460000F5F1F4FC8016CE478EB45E050E00F94BC
:10847000974F892B39F4C8018F0D911D0F94E74E4A
:108480004C0176CFC8016CE378EB4FE050E00F94DD
:10849000974F892B09F06CCFC114D10409F468CF30
:1084A000C8018F0D911D0F94E74EF60191838083D3
:1084B0005FCF8091469C823038F0A40160E070E08C
:1084C00081E298EB0F942624A401CA01C05CDF4F1F
:1084D0000FB6F894DEBF0FBECDBFCF91DF911F91D5
:1084E0000F91FF90DF90CF90BF90AF909F908F90B3
:1084F0007F906F905F904F900895A7E0B0E0E1EE1D
:10850000FCE50D94B34D5C016FE270E00F943050C8
:108510006C01009749F488E399EB0F946C243DEFCC
:10852000E32E3FEFF32E6BC0FC011082C5010E94C9
:10853000CD81611571058105910541F4C5010E9448
:10854000BA87AC01CB01DA01BC01CD016F3FFFEF6F
:108550007F07FFEF8F07FFEF9F0759F48FE199EB3C
:108560000F946C248FE2F6018083EE24EA94FE2CB3
:1085700046C040E550E00E9456757C01FFEF8F3FFA
:108580009F0761F484E099EB0F946C248FE2F6016D
:1085900080832EEFE22E2FEFF22E31C08E010F5F7F
:1085A0001F4FC8010E94AB8B82E0B7010E94868BEF
:1085B00000D00F9285EC98EBEDB7FEB792838183E4
:1085C0000894C11CD11CD482C3820F94FC500F901C
:1085D0000F90EDB7FEB7B282A1820F94EB5080EC02
:1085E00098EBEDB7FEB7928381830F94FC500F9008
:1085F0000F90C8010E949D8B8FE2F6018293C70104
:108600002796EAE00D94CF4DABEBB1E0E9E0FDE554
:108610000D94AB4D182F092F0E9427E2882309F4EF
:10862000FCC5C12ED02E1A8626E030E1C20ED31E24
:10863000D6018D919C91EAEFFFEECE0EDF1E892BC5
:1086400009F048C08E0104581F4F87E392EBB80130
:108650000E94888E019711F0D8011C920E94D7A722
:1086600088E494EB0F94C71C8CE294EB67E372EB05
:1086700047E750E09E0124583F4F0F94621C8BEF58
:1086800093EB60E472EB41E350E09E01265F3F4FC5
:108690000F94621C89EE93EB0F94681B809105A3E5
:1086A000882399F000D00F928CEB93EBEDB7FEB7D7
:1086B0009283818385E093EA948383830F94FC50B3
:1086C0000F900F900F900F90A6C50F920F928AE611
:1086D00093EB98C5C60160E472EB0E9449A6892B12
:1086E00009F48AC5109205A383E00E94C469C601FB
:1086F00060E472EB0E9472A6FC01ED5EF74FEE0F94
:10870000FF1FEC0DFD1D60817181CE010A9641E3D2
:1087100050E00F9472501BAE8A85882309F07CC00C
:108720003BDD882309F442C0EE24FF241FEF00E064
:10873000C701BE016F5F7F4F8BDD882311F40FDD12
:1087400035C0173230F4FE01E10FF11D89818287B7
:108750001F5F89818F3599F4113011F410E001C049
:108760000F5F0330A8F01F3F11F410E010C0011795
:1087700008F4101BFE01E10FF11D128612C0805299
:108780008F3520F4812F8752883D08F41FEF00E0D9
:108790000894E11CF11CB0E0EB16B0E2FB0641F6D8
:1087A0001A86DDDC8A858823B9F51CC00E94D7A70C
:1087B0000F920F9282E293EBEDB7FEB79283818323
:1087C0000F94FC5087E492EBADB7BEB712969C9322
:1087D0008E9311970F94FC500F900F900E94CAA790
:1087E0001A861AC00E94D7A70F920F928BED92EBB8
:1087F000EDB7FEB7928381830F94FC5087E492EB30
:10880000ADB7BEB712969C938E9311970F94FC5000
:108810000F900F900E94CAA783E00E94BA698E0150
:10882000065F1F4FC80166ED72EB44E050E00F9405
:10883000974F892B39F4C80161ED72EB44E050E0A9
:108840000F94374F8A85882309F4E7C42FB7F8942B
:108850008091D3809091D4809093308580932F85A0
:108860002FBF80E00E94BA690E94D7A7109205A38B
:10887000C60167E372EB0E9449A6892B69F40F9247
:108880000F928DED97EBEDB7FEB7928381830F9436
:10889000FC5087E492EBB6C48E010C501F4F87E367
:1088A00092EBB8010E94888E0197A1F4C60167E39C
:1088B00072EB0E9472A6FC01ED5EF74FEE0FFF1FF8
:1088C000EC0DFD1D60817181C8010F943B5099240E
:1088D000892B11F09924939400D00F9288EC97EB98
:1088E000EDB7FEB7928381838E01065F1F4F14831D
:1088F00003830F94FC500F900F900F900F90C601C0
:1089000067E372EB0E9472A6FC01ED5EF74FEE0F7B
:10891000FF1FEC0DFD1D84EFE82EF12CEC0EFD1E6B
:1089200080819181B80143EC57EB9701BDDCC70111
:10893000E4DD5C0197FF12C000D000D0EDB7FEB7B8
:10894000319688E997EBADB7BEB712969C938E939C
:108950001197F382E282B582A482BBC060E070E02E
:10896000E5DC8C01883C9105A9F0C5010E943B78AB
:1089700000D000D0EDB7FEB731968FE697EBADB7DC
:10898000BEB712969C938E931197F382E282158361
:1089900004839FC0992091F0C60167E372EB0E94A7
:1089A00072A6FC01ED5EF74FEE0FFF1FEC0DFD1DF3
:1089B0006081718187E392EB0E94EE8D8E01045CF1
:1089C0001F4FC5016FE370E0A8010E94C77618161B
:1089D0001906C4F0C5010E943B7800D000D0EDB765
:1089E000FEB7319680E597EBADB7BEB712969C9374
:1089F0008E931197CE018C509F4F9383828388EC86
:108A000090E065C0080F191FD8011C92992401C07D
:108A10009394CE01CC967C01E90CF11CF701808087
:108A2000F0E2F815A8F3D7011C92BE016C5F7F4FEE
:108A300043E050E00E944196082F10E0F701808249
:108A40000115110541F5992D9F5FFE01E90FF11DFB
:108A500084AD81508032C0F3892F01C09F5F9E0199
:108A6000245C3F4F7901E90EF11CD7019C90B0E2E4
:108A7000B915A0F3F7011082A901480F511DCA01D1
:108A8000BE01695F7F4F43E050E00E944196082F8E
:108A900010E0D7019C92C5010E943B78B4EFEB2E09
:108AA000F12CEC0EFD1E0115110501F100D000D0D6
:108AB000EDB7FEB7319686E397EBADB7BEB712962A
:108AC0009C938E931197F382E282CE01CC9695838C
:108AD00084830F94FC500F900F900F900F9087E4B9
:108AE00092EBEDB7FEB79283818392C32DB73EB769
:108AF000205130400FB6F8943EBF0FBE2DBFEDB7EA
:108B0000FEB7319686EF96EBADB7BEB712969C9343
:108B10008E931197F382E2828C81848315828D81FA
:108B2000868317828E81808711868F818287138644
:108B30008885848715868985868717860F94FC50DB
:108B4000EDB7FEB770960FB6F894FEBF0FBEEDBF3F
:108B5000C60167E372EB0E9472A6FC01ED5EF74F5F
:108B6000EE0FFF1FEC0DFD1D80819181BE01665F40
:108B70007F4F41EF56EB970197DB00D00F9281EDCD
:108B800096EBADB7BEB712969C938E931197149641
:108B9000FC92EE9213970F94FC500F900F900F9051
:108BA0000F9083E00E94C4690F920F9283E796EBC7
:108BB000EDB7FEB7928381830F94FC500F900F9016
:108BC0000E94CAA70E94688B2AE430E1C20ED31E1D
:108BD000D6018D919C910E943B78C7018EDC2C01BF
:108BE00097FF14C000D000D0EDB7FEB7319685E0F6
:108BF00093EAADB7BEB712969C938E93119787E513
:108C000096EB93838283558244822FC0BE016E5FB0
:108C10007F4F8CDB8C01AC01662757FD6095762F6A
:108C200085E496EB0F9426244A815B8160E070E036
:108C300085E396EB0F942624083C110509F1C20147
:108C40000E943B7800D000D0EDB7FEB7319685E0AA
:108C500093EAADB7BEB712969C938E9311978BE1B2
:108C600096EB93838283158304830F941E51EDB793
:108C7000FEB736960FB6F894FEBF0FBEEDBFB8C272
:108C80002FB7F8948091D3809091D48090933085C1
:108C900080932F852FBF80E00E94BA6981E00E94F7
:108CA000C4697ADA882339F485E093EA6EED75EBCE
:108CB0000F945F4F0AC174E0E72EF12CEC0EFD1EFD
:108CC0008824992400E010E082E090E060E30E94B4
:108CD000906382E090E060E00E94906382E090E028
:108CE000602F0E94906382E090E060E00E949063B9
:108CF0008983D02EC12ED7019C918917C9F1B2E08A
:108D00000B1721F00894811C911C06C085E093EAA2
:108D100064ED75EB0F94404F85E093EA0F944B5050
:108D2000EDB7FEB73A970FB6F894FEBF0FBEEDBF92
:108D300031968B5F9C45ADB7BEB712969C938E93D0
:108D400011978CE995EB93838283D482C5828981C4
:108D500086831782D7018C91808711860F941E51CC
:108D6000EDB7FEB73A960FB6F894FEBF0FBEEDBF53
:108D70000F5F1F4F0894E11CF11C0330110509F02F
:108D8000A3CF8114910409F068C067E0E62EF12CAE
:108D9000EC0EFD1ED7018C91882309F455C01F816C
:108DA00082E090E06CEA0E94906382E090E060EAEA
:108DB0000E94906382E090E060E00E94906382E015
:108DC00090E0612F0E9490638FE39CE90197F1F797
:108DD000000000C082E090E060E50E94906382E0C5
:108DE00090E060E00E94906382E090E060E00E948A
:108DF000906382E090E060E00E949063811721F12F
:108E000085E093EA0F944B5000D000D0EDB7FEB749
:108E100031968B5F9C45ADB7BEB712969C938E93EF
:108E2000119781E098EB93838283158214820F94CB
:108E30001E510894811C911CEDB7FEB736960FB6F3
:108E4000F894FEBF0FBEEDBF0894E11CF11CCE01EB
:108E50000A96E816F90609F09DCF8114910479F578
:108E600082E090E06CEA0E94906382E090E060E82B
:108E70000E94906382E090E060E00E94906382E054
:108E800090E060E00E9490638FE39CE9A0E0B0E096
:108E90000197A109B109000001F0D1F7C8950000C0
:108EA00081E00E94BA698FB7F8942090D380309007
:108EB000D4808FBFEE24FF24CC24DD240BC085E0BA
:108EC00093EA60E875EBDCD74AD9C2010E943B788F
:108ED00081E08CC12FB7F8948091D3809091D48099
:108EE0009093308580932F852FBF80E00E94BA69D0
:108EF000C2010E9443728C01E6FC04C082E00E9421
:108F0000C46903C082E00E94BA692FB7F8948091C7
:108F1000D3809091D4802FBF82199309855F9140AF
:108F200040F085E093EA6FE675EBC9D78EE495EBE8
:108F300034C010161106F4F480E490E08C199D09F9
:108F40008017910708F48C01AE01445C5F4F4C0D13
:108F50005D1DC201B8010E94C7761816190614F4E7
:108F6000C80ED91E8FB7F8942090D3803090D4804B
:108F70008FBF18C0C2010E941772882399F42FB7BF
:108F8000F8948091D3809091D4802FBF8219930957
:108F90008D52914038F085E295EB0F946C24662455
:108FA000639401C0662430E4C316D10489F06620BE
:108FB00019F0C114D10461F42A813B81C6018E0DE0
:108FC0009F1D8217930708F4A8C0232B09F4A5C09E
:108FD00081E00E94C469BF2CB69400E010E000FD5F
:108FE00002C060E401C068E482E090E00E94906307
:108FF00082E090E06B2D0E949063B8016E0D7F1DA2
:109000007695679582E090E00E949063FE01E00F04
:10901000F11F82E090E064AD0E9490630F5F1F4FEC
:1090200000341105E1F682E090E06CE40E94906368
:1090300082E090E06B2D0E949063B7017695679572
:1090400082E090E00E94906382E090E060E00E9405
:1090500090638FE39CE90197F1F7000000C077244B
:109060004AC05801AE0CBF1CC501BE016F5F7F4FE7
:10907000EFD8882341F485E093EA63E175EB1FD7CD
:10908000662463943EC02981AE01445C5F4F400F6B
:10909000511FDA018C91281769F18114910439F577
:1090A000EDB7FEB73A970FB6F894FEBF0FBEEDBF0F
:1090B000319685E093EAADB7BEB712969C938E9336
:1090C000119786EE94EB93838283B582A4822683E4
:1090D0001782DA018C91808711860F941E51EDB7AB
:1090E000FEB73A960FB6F894FEBF0FBEEDBF0894D8
:1090F000811C911C7394072D10E00C151D0508F4BC
:10910000B0CF81E00E94BA69EC0CFD1C8A819B8182
:10911000E816F90629F0CC24DD24662009F4DACE1D
:109120001ED8C2010E943B78A70160E070E083ED89
:1091300094EB0F942624A40160E070E080EC94EBA3
:109140000F9426248114910419F58A819B8100973C
:1091500019F0E816F906E1F485E093EA9CD700D00F
:1091600000D0EDB7FEB731968B5F9C45ADB7BEB76B
:1091700012969C938E9311978FE894EB938382833E
:10918000F582E4820F941E51EDB7FEB7369628C0E3
:1091900085E093EA80D72DB73EB72A5030400FB60E
:1091A000F8943EBF0FBE2DBFEDB7FEB731968B5F73
:1091B0009C45ADB7BEB712969C938E93119780E5F0
:1091C00094EB938382838A819B8195838483F78246
:1091D000E682918680860F941E51EDB7FEB73A96CF
:1091E0000FB6F894FEBF0FBEEDBF82E00E94BA69D1
:1091F00083E00E94BA6911C00E94D7A70F920F9214
:1092000080E892EBADB7BEB712969C938E93119700
:10921000F3D70F900F900E94CAA7C554DE4FE2E12A
:10922000B6C44FB7F894909149A421E030E002C051
:10923000220F331F8A95E2F720952923209349A412
:109240004FBF08954FB7F894909149A421E030E0C2
:1092500002C0220F331F8A95E2F7922B909349A404
:109260004FBF0895982F8A3991F08B3928F48339AC
:1092700041F0863991F405C08C3949F0893A69F496
:10928000089581E0809353A4109252A4089581E040
:10929000809353A4809352A40895809145A4E82F0D
:1092A000F0E0EF5CFB4590838F5F809345A4809155
:1092B00045A4843148F0809146A4882311F483E1C9
:1092C0000CC0109245A40BC0909145A4809146A477
:1092D000981729F4809145A48150809345A48091EA
:1092E00049A48064809349A4809149A48F77809396
:1092F00049A408951F920F920FB60F920BB60F92CA
:1093000011242F933F934F935F936F937F938F938A
:109310009F93AF93BF93EF93FF93809167A4909136
:1093200068A40196909368A4809367A48091B90083
:1093300090E0887F90708036910509F4F5C0813601
:109340009105CCF58832910509F4A8C089329105C0
:10935000B4F48031910509F480C0813191053CF469
:10936000009709F4B7C0089709F05FC165C088315C
:10937000910509F476C0809709F057C186C0803402
:10938000910509F4E7C08134910544F480339105D7
:1093900009F484C0C89709F048C1A1C0803591057F
:1093A00009F4AAC08835910509F4A6C0883491054E
:1093B00009F03BC19AC08839910509F402C1893985
:1093C0009105ECF48837910509F4D9C089379105E6
:1093D0004CF48836910509F4A2C08037910509F054
:1093E00024C1D2C08838910509F4B6C080399105EE
:1093F00009F4D5C08038910509F017C1A8C0803B99
:10940000910509F4F3C0813B91054CF4803A910534
:1094100009F4A6C0883A910509F007C1ECC0803C68
:10942000910509F4EFC0883C910509F4EBC0883B35
:10943000910509F0FAC0DFC080914AA4843029F474
:109440001092BB00109248A4DAC080914AA48130E7
:1094500021F080914CA48160D0C080914CA48E7F7B
:10946000CCC080914AA4843059F4809148A4E82F5C
:10947000F0E0EA5AFB45E0818F5F809348A402C088
:10948000E0914FA4E093BB00D0C085E080934AA454
:1094900080914AA48430E1F081E03EC080914AA4EA
:1094A000843099F4909148A4809166A4981768F448
:1094B000809148A4E82FF0E0EA5AFB4590818F5F45
:1094C000809348A49093BB00B0C085E080934AA4E9
:1094D00010924BA481E0809350A485E5A9C08091AF
:1094E00051A48F5F809351A4A2C085E080934AA4C9
:1094F00081E080934BA4EFCF8091BB00809347A481
:1095000080914AA4823009F7809147A487FD8FC0DB
:1095100085E080934AA483E080934BA4DBCF8091C5
:1095200051A48F5F809351A4A89510926AA41092C1
:1095300069A4109250A4109248A49091BB0080910D
:1095400054A481509695892380934EA403C08091A2
:10955000BB0088DE85E06CC08091BB0083DE52C01A
:1095600081E0809350A4909148A4809166A48917CB
:1095700008F04BC0809148A4809366A446C08091B7
:1095800051A48F5F809351A410926AA4109269A491
:10959000109250A4109248A4109266A446C09091D4
:1095A000BB00809148A4803108F03FC0809148A45E
:1095B000E82FF0E0EA5AFB4590838F5F809348A440
:1095C00034C09091BB00809148A4803150F48091C8
:1095D00048A4E82FF0E0EA5AFB4590838F5F809320
:1095E00048A4809148A4809366A40CC0809151A4A3
:1095F0008F5F809351A4809149A48093BB00109207
:1096000050A413C081E0809350A480914AA4833079
:1096100071F080914AA4813051F080914AA4823047
:1096200031F080914AA4843011F085E401C085E6D0
:1096300080688093BC00FF91EF91BF91AF919F91A3
:109640008F917F916F915F914F913F912F910F90EB
:109650000BBE0F900FBE0F901F90189580914AA4DB
:10966000882321F080914AA48530C1F708951F9383
:10967000182FF4DF9FB7F89410934FA417FF02C080
:1096800081E001C082E080934AA4809150A48823A5
:1096900049F08091BC0084FDFCCF8091BC008062C9
:1096A0008093BC009FBF1F910895D8DF9FB7F894A7
:1096B00084E080934AA4809150A4882349F080914B
:1096C000BC0084FDFCCF8091BC0080628093BC0014
:1096D0009FBF08950F931F93182FC0DF00914CA4D4
:1096E00010934CA483E080934AA4809150A48823D3
:1096F00049F08091BC0084FDFCCF8091BC00806269
:109700008093BC00ABDF00934CA480914BA48823D2
:1097100019F02FEF3FEF04C0809147A4282F30E0CD
:10972000C9011F910F9108951F93182F82508B3DEF
:10973000E8F410FD1BC0812FCDDF97FF17C09FB746
:10974000F8941093BA00809155A4882329F0809151
:10975000BA0081608093BA008091BC0080648093DD
:10976000BC0010934DA49FBF81E00EC08FB7F8944A
:109770001092BA009091BC009F7B9093BC009FEF29
:1097800090934DA48FBF80E01F91089581E0809356
:1097900050A410924AA410924BA4109251A410927B
:1097A00046A4109245A4109268A4109267A4109247
:1097B0006AA4109269A410924FA48093B90080E427
:1097C0008093B80080914DA48E7F8093BA00109250
:1097D00066A4109248A4809155A4882329F0809112
:1097E000BA0081608093BA0084E88093BC008091C5
:1097F00054A48150880F8093BD000895613041F4D6
:109800008A3080F4882311F48CED08958C5908C0B7
:10981000623041F4882311F488EC0895843610F402
:10982000880F08958FEF0895982FFB0182508B3D8C
:1098300010F010820DC09695953630F081E080834F
:109840009E3630F4945605C082E08083943609F445
:1098500090E0892F0895DC01909146A4809145A461
:10986000981711F480E00895909146A4E92FF0E054
:10987000EF5CFB4580818C939F5F909346A4809121
:1098800046A4843110F0109246A4909146A4809191
:1098900045A4981711F081E0089586E0C2DC81E0CC
:1098A0000895FC0112AA13AA0895FC0193A982A9A4
:1098B00020E0981709F421E0822F0895FC0182A985
:1098C000813310F090E002C0982F9F5F83A9981712
:1098D00089F082A9813310F080E005C08F5F813369
:1098E00011F490E002C0982F9F5F83A920E030E040
:1098F000981711F421E030E0822F0895DC01D29610
:109900008C91D297813310F090E002C0982F9F5F26
:10991000D3968C91D397981711F480E008959FB750
:10992000F894D2968C91D297FD01E80FF11D6083D7
:10993000D2968C91D297813310F080E001C08F5F76
:10994000D2968C939FBF81E00895DC012FB7F894E5
:10995000D3968C91D397FD01E80FF11D8081D396AA
:109960009C91D397913310F090E001C09F5FD39604
:109970009C932FBF0895FC0192A983A9981718F012
:1099800022A983A903C022A983A92E5C281B822FA8
:109990000895982FFB018B3119F482E0808303C076
:1099A0008F3119F4108280E0089580818E7F80834A
:1099B0008670E92FF0E0823021F4EF58F64484916C
:1099C0000895EF5AF64484910895282F6670623006
:1099D00019F0E1E5F9EB02C0E1E7F9EB822F8154E0
:1099E0008A3108F4205E90E08491281731F09F5F5F
:1099F000903211F03196F8CF9FEF892F0895CF92D2
:109A0000DF92FF920F931F93CF93DF93F82E6B019A
:109A1000EA0189018FEFF9018083FFE0FF1629F148
:109A2000FEE0FF1699F0FB01608160FF08C0F7E1DE
:109A3000FF1629F08F2DC9DF88838F3FD9F48F2D32
:109A400060E0C3DFF80180838F3F31F08FE18883CE
:109A500081E0F60180830FC08F2D62E0B6DFF80150
:109A600080838F3F11F480E006C08BE1888383E020
:109A7000F601808381E0DF91CF911F910F91FF90DC
:109A8000DF90CF900895629FD001739FF001829F75
:109A9000E00DF11D649FE00DF11D929FF00D839F7D
:109AA000F00D749FF00D659FF00D9927729FB00D1A
:109AB000E11DF91F639FB00DE11DF91FBD01CF012D
:109AC00011240895AA1BBB1B51E107C0AA1FBB1F8D
:109AD000A617B70710F0A61BB70B881F991F5A953A
:109AE000A9F780959095BC01CD01089597FB092EAB
:109AF00007260AD077FD04D0E5DF06D000201AF44F
:109B0000709561957F4F0895F6F7909581959F4FD9
:109B10000895A1E21A2EAA1BBB1BFD010DC0AA1FAE
:109B2000BB1FEE1FFF1FA217B307E407F50720F0C6
:109B3000A21BB30BE40BF50B661F771F881F991F41
:109B40001A9469F760957095809590959B01AC018A
:109B5000BD01CF0108952F923F924F925F926F9275
:109B60007F928F929F92AF92BF92CF92DF92EF92AD
:109B7000FF920F931F93CF93DF93CDB7DEB7CA1B2E
:109B8000DB0B0FB6F894DEBF0FBECDBF19942A8849
:109B9000398848885F846E847D848C849B84AA8401
:109BA000B984C884DF80EE80FD800C811B81AA818E
:109BB000B981CE0FD11D0FB6F894DEBF0FBECDBF59
:109BC000ED010895CF93DF93BC018230910510F42D
:109BD00062E070E0A0916DA4B0916EA4ED01E0E0B0
:109BE000F0E040E050E021C0888199818617970716
:109BF00069F48A819B81309719F09383828304C032
:109C000090936EA480936DA4FE0134C06817790709
:109C100038F44115510519F08417950708F4AC0183
:109C2000FE018A819B819C01E9012097E9F641159B
:109C30005105A9F1CA01861B970B049708F4BA01D4
:109C4000E0E0F0E02AC08D919C9111978417950770
:109C5000F9F46417750781F412968D919C9113970E
:109C6000309719F09383828304C090936EA48093FD
:109C70006DA4FD0132964FC0CA01861B970BFD01F2
:109C8000E80FF91F6193719302978D939C9343C0E2
:109C9000FD01828193819C01D9011097A1F68091E9
:109CA0006BA490916CA4892B41F48091282290910F
:109CB000292290936CA480936BA440912A22509106
:109CC0002B224115510541F44DB75EB780912622F4
:109CD00090912722481B590B20916BA430916CA4C2
:109CE00024173507B0F4CA01821B930B8617970718
:109CF00080F0AB014E5F5F4F8417950750F0420F25
:109D0000531F50936CA440936BA4F901619371931A
:109D100002C0E0E0F0E0CF01DF91CF910895CF9352
:109D2000DF93009709F450C0EC0122971B821A823E
:109D3000A0916DA4B0916EA4109709F140E050E09D
:109D4000AC17BD0708F1BB83AA83FE0121913191B5
:109D5000E20FF31FAE17BF0779F48D919C91119715
:109D6000280F391F2E5F3F4F3983288312968D911C
:109D70009C9113979B838A834115510571F4D0936D
:109D80006EA4C0936DA420C012968D919C911397E0
:109D9000AD01009711F0DC01D3CFFA01D383C28368
:109DA00021913191E20FF31FCE17DF0769F488810B
:109DB0009981280F391F2E5F3F4FFA01318320838D
:109DC0008A819B8193838283DF91CF910895FC01E7
:109DD00088279927E89421912032E9F3293010F05F
:109DE0002E30C8F32B3239F02D3231F4689403C091
:109DF000C7D1820F911D219120532A30C8F31EF440
:109E0000909581959F4F08951F93FC01992788276E
:109E1000BC01E89411911032E9F3193010F01E30B2
:109E2000C8F31B3249F01D3241F4689405C093D148
:109E3000610F711D811D911D119110531A30B8F3DE
:109E40003EF490958095709561957F4F8F4F9F4F11
:109E50001F910895FB01DC0104C08D9105908019CC
:109E600021F441505040C8F7881B990B0895FB011D
:109E7000DC0102C005900D9241505040D8F7089582
:109E8000FB01DC010D900020E9F7119705900D9280
:109E90000020E1F70895FC010590061621F000204E
:109EA000D9F7C00108953197CF010895FB01DC0176
:109EB0008D91059080190110D9F3990B0895FB013C
:109EC000DC0105900D920020E1F70895FC0105905A
:109ED0000020E9F7809590958E0F9F1F0895FB0154
:109EE000DC014150504088F08D9181341CF08B355D
:109EF0000CF4805E659161341CF06B350CF4605E8F
:109F0000861B611171F3990B0895881BFCCFFB012F
:109F1000DC010D900020E9F711974150504028F0E6
:109F2000059000200D92C9F708951C920895FB0139
:109F3000DC014150504030F08D910590801919F4AA
:109F40000020B9F7881B990B0895FB015591552303
:109F5000A9F0BF01DC014D9145174111E1F759F41A
:109F6000CD010590002049F04D9140154111C9F3F4
:109F7000FB014111EFCF81E090E001970895FB01D3
:109F8000DC0104C08D910190801921F441505040B2
:109F9000C8F7881B990B0895FB01DC0102C00190F2
:109FA0000D9241505040D8F708956817790768F42A
:109FB000FB01DC01E40FF51FA40FB51F02C00290E6
:109FC0000E9241505040D8F70895E6CFDC0101C011
:109FD0006D9341505040E0F70895FB01DC018D91F5
:109FE00081341CF08B350CF4805E619161341CF07F
:109FF0006B350CF4605E861B611189F3990B089533
:10A00000FB0151915523B1F0BF01DC01052E4D91AB
:10A01000442369F010D0D9F7CD010190002049F018
:10A020004D91411108D0C9F3FB014111EECF81E000
:10A0300090E001970895402539F0403229F44029F5
:10A040004B57465E08F018940895FB01DC010D9013
:10A050000020E9F7119701900D920020E1F7089593
:10A06000FC018191861721F08823D9F7992708955B
:10A070003197CF010895FB01DC018D91019080198A
:10A080000110D9F3990B0895FB01DC0101900D92A9
:10A090000020E1F70895FC0101900020E9F7809588
:10A0A00090958E0F9F1F0895FB01DC010D900020FD
:10A0B000E9F711974150504028F0019000200D928F
:10A0C000C9F708951C920895FB01DC0141505040EE
:10A0D00030F08D910190801919F40020B9F7881B98
:10A0E000990B0895FB01DC014150504048F001906C
:10A0F0000D920020C9F701C01D9241505040E0F779
:10A100000895FC0181E090E00190061609F4CF016A
:10A110000020D1F701970895FB019F01E894423098
:10A12000BCF04532ACF44A3029F497FB1EF490950C
:10A1300081959F4F642F7727C5DC805D8A330CF0B3
:10A14000895D8193CB010097A9F716F45DE25193E5
:10A150001082C901D8C2592F482F372F262F660FDA
:10A16000771F881F991F660F771F881F991F620F1F
:10A17000731F841F951F660F771F881F991F0895EF
:10A180007AE0979F902D879F802D910D112408953F
:10A19000FA01CF93FF93EF932230C4F02532B4F449
:10A1A000C22F2C2F332744275527FF93EF93B1DC81
:10A1B000EF91FF91605D6A330CF0695D6193B901C5
:10A1C000CA01605070408040904059F710828F91D2
:10A1D0009F91CF9198C2DF93CF93CDB7DEB7FE01A9
:10A1E000369661917191809171A4909172A4AF01A2
:10A1F00055D0CF91DF910895DF93CF93CDB7DEB7E0
:10A20000FE01369661917191A09171A4B09172A4F2
:10A2100013968C911397886013968C93809171A4F8
:10A22000909172A4AF013AD0E09171A4F09172A420
:10A230002381277F2383CF91DF9108950F931F936D
:10A24000DF93CF93CDB7DEB72E970FB6F894DEBF6E
:10A250000FBECDBF0E891F898EE08C831A830983C0
:10A260008FEF9FE79E838D839E01265E3F4FCE0139
:10A270000196688D798DA90111D02F813885020F43
:10A28000131FF80110822E960FB6F894DEBF0FBE92
:10A29000CDBFCF91DF911F910F9108952F923F92E3
:10A2A0004F925F926F927F928F929F92AF92BF92E6
:10A2B000CF92DF92EF92FF920F931F93DF93CF9392
:10A2C000CDB7DEB72B970FB6F894DEBF0FBECDBF6C
:10A2D0003C012B015A01FC0117821682838181FD0A
:10A2E00003C06FEF7FEFB9C19AE0892E1E01089479
:10A2F000211C311CF3012381F20123FD859123FFF1
:10A3000081912F01882309F4A5C1853239F423FDF9
:10A31000859123FF81912F01853221F490E0B301D3
:10A3200002D2E8CF982FFF24EE249924FFE1FF15F5
:10A33000D0F09B3269F09C3228F4903259F093327D
:10A3400091F40EC09D3249F0903369F441E024C08D
:10A3500052E0F52A84E0F82A28C098E0F92A25C0BE
:10A36000E0E1FE2A22C0F7FC29C0892F80538A3001
:10A3700070F4F6FE05C0989C902C1124980E15C020
:10A38000E89CE02C1124E80EF0E2FF2A0EC09E3279
:10A3900029F4F6FC5FC140E4F42A07C09C3619F4A6
:10A3A00050E8F52A02C0983649F4F20123FD959150
:10A3B00023FF91912F01992309F0B8CF892F85545C
:10A3C000833018F08052833038F444E050E0A40E1B
:10A3D000B51E5FE359830FC0933631F0933779F0A0
:10A3E000933509F052C01FC0F5018081898342E096
:10A3F00050E0A40EB51E610101E010E011C0F501AE
:10A40000C080D180F6FC03C06FEF7FEF02C0692DE2
:10A4100070E042E050E0A40EB51EC60169D18C0187
:10A420005FE7F52213C0F501C080D180F6FC03C0C0
:10A430006FEF7FEF02C0692D70E042E050E0A40EA4
:10A44000B51EC6014AD18C0150E8F52AF3FE06C0BC
:10A4500018C080E290E0B30166D1EA948E2D90E0BE
:10A4600008171907B0F30DC0F601F7FC8591F7FE48
:10A4700081916F0190E0B30156D1E110EA9401504F
:10A4800010400115110581F7E2C0943611F099369C
:10A4900061F5F7FE08C0F5012081318142815381C9
:10A4A00084E090E00AC0F501808191819C014427FD
:10A4B00037FD4095542F82E090E0A80EB91E9FE62C
:10A4C000F92257FF09C050954095309521953F4F8F
:10A4D0004F4F5F4FE0E8FE2ACA01B901A1012AE00F
:10A4E00030E04DD1D82ED2183FC0953729F41F2D1A
:10A4F0001F7E2AE030E01DC01F2D197F9F3661F0BE
:10A50000903720F4983509F0A5C00FC0903739F086
:10A51000983709F09FC004C028E030E00AC01061FD
:10A5200014FD146020E130E004C014FD166020E149
:10A5300032E017FF08C0F50160817181828193814B
:10A5400044E050E008C0F50180819181BC0180E0C9
:10A5500090E042E050E0A40EB51EA10110D1D82E2B
:10A56000D2188FE7F82EF122F6FE0BC05EEFF5222F
:10A57000D91438F4F4FE07C0F2FC05C08FEEF822BF
:10A5800002C01D2D01C0192DF4FE0DC0FE01ED0D00
:10A59000F11D8081803319F499EEF92208C01F5F04
:10A5A000F2FE05C003C08F2D867809F01F5F0F2DC6
:10A5B000F3FC13C0F0FE0EC01E1510F09D2C0AC057
:10A5C0009D2C9E0C911A1E2D05C080E290E0B301D7
:10A5D000AAD01F5F1E15C8F304C01E1510F4E11A9F
:10A5E00001C0EE2404FF0EC080E390E0B3019BD0D5
:10A5F00002FF1BC001FD03C088E790E00EC088E5A4
:10A6000090E00BC0802F867881F001FF02C08BE2C2
:10A6100001C080E2F7FC8DE290E0B30184D005C078
:10A6200080E390E0B3017FD09A94D914C8F3DA9410
:10A63000F101ED0DF11D808190E0B30174D0DD20BA
:10A64000B1F705C080E290E0B3016DD0EA94EE204E
:10A65000C9F750CEF30166817781CB012B960FB6F7
:10A66000F894DEBF0FBECDBFCF91DF911F910F9148
:10A67000FF90EF90DF90CF90BF90AF909F908F9022
:10A680007F906F905F904F903F902F900895DC01E6
:10A69000CB01FC01F999FECF06C0F2BDE1BDF89AED
:10A6A000319600B40D9241505040B8F70895F99991
:10A6B000FECF92BD81BDF89A992780B50895262FC7
:10A6C000F999FECF1FBA92BD81BD20BD0FB6F89497
:10A6D000FA9AF99A0FBE01960895FC01059061500F
:10A6E00070400110D8F7809590958E0F9F1F0895A8
:10A6F000FC016150704001900110D8F78095909551
:10A700008E0F9F1F0895DC01FC01672F7191772345
:10A71000E1F7329704C07C916D9370836291AE171C
:10A72000BF07C8F308950F931F93CF93DF938C0156
:10A73000EB018B8181FF1BC082FF0DC02E813F8109
:10A740008C819D812817390764F4E881F981019390
:10A75000F983E88306C0E885F985802F1995892B50
:10A7600031F48E819F8101969F838E8302C00FEF0B
:10A770001FEFC801DF91CF911F910F910895FA014A
:10A78000AA27283051F1203181F1E8946F936E7F30
:10A790006E5F7F4F8F4F9F4FAF4FB1E03ED0B4E021
:10A7A0003CD0670F781F891F9A1FA11D680F791F62
:10A7B0008A1F911DA11D6A0F711D811D911DA11D73
:10A7C00020D009F468943F912AE0269F1124301983
:10A7D000305D3193DEF6CF010895462F4770405D1E
:10A7E0004193B3E00FD0C9F7F6CF462F4F70405DCD
:10A7F0004A3318F0495D31FD4052419302D0A9F728
:10A80000EACFB4E0A6959795879577956795BA9521
:10A81000C9F700976105710508959B01AC010A2EE7
:10A8200006945795479537952795BA95C9F7620FBE
:0EA83000731F841F951FA01D0895F894FFCF7D
:10A83E004D4350636F6E666967002F002F006F6681
:10A84E0066006F6666002F006E63006465720062BC
:10A85E006B0031002F002000E8FAFFFFFF0102031A
:10A86E006F551CC8C0A8018EFFFFFF00C0A801FADB
:10A87E00C0A801FA0000000300000000E68BB98BAF
:10A88E000000FFFFFFFFB83CC33CCE3CE269EE691F
:10A89E00F4690A6A0000216A2F6A3D6A586A00004C
:10A8AE00776A7D6A976AB86A0000B0652A65D364D4
:10A8BE00C764C76401030507090E10121416181C8D
:10A8CE001E01080C0800D601E309F10900D900E8C1
:10A8DE000DF60D005001470F570F0022017A108A16
:10A8EE0010001B01A611B51100AA0160136F130011
:10A8FE00A30113151D15009903B718C11800C00147
:10A90E00821A961A002002B71CCB1C000E02DA1E09
:10A91E00F11E00750267217E21004D02CC23DF233C
:10A92E0000670147255A25006701CB0ADF0A020995
:10A93E0003C226CD260044000000000000000000E7
:00000001FF
