:100000000C9447520C9419570C9444570C946F5706
:100010000C949A570C94C5570C94F0570C941B5899
:100020000C9446580C947B520C947B520C947B524B
:100030000C94D7F10C947B520C947B520C947B5211
:100040000C947B520C94A1580C947B520C947B52D0
:100050000C947B520C942E850C947B520C947B5206
:100060000C947B520C9452590C9411590C94F658E0
:100070000C947B520C947B520C947B520C947B52CC
:100080000C947B520C947B520C947B520C947B52BC
:100090000C94095A0C94C8590C94AD590C94EE6008
:1000A0000C947B520C947B520C947B520C947B529C
:1000B0000C947B520C947B520C947B520C947B528C
:1000C0000C947B520C947B520C947B52CE9BD09B15
:1000D000DA9BDE9BE89BDC9BEB9B8D9E4A9D8B9D78
:1000E000FA9D2C9E8B9D699E15A0999FB59FDA9FC6
:1000F000F19FB59F06A063726F6E0043524F4E5F33
:10010000454E5452595F25303264003C2F70726561
:100110003E003C7072653E0065656D656D2E6367DF
:100120006900666F6F2E6367690053657474696E4A
:1001300067732073617665642C207265626F6F74DB
:10014000206E656365737361727920746F207461CA
:100150006B6520656666656374210D0A003C7472E8
:100160003E3C746420616C69676E3D227269676809
:1001700074223E48617264776172652D4D41433C43
:100180002F74643E3C74643E3C696E707574206EDE
:10019000616D653D224D41432220747970653D2299
:1001A00074657874222073697A653D223137222084
:1001B00076616C75653D22257322206D61786C65D2
:1001C0006E6774683D223137223E3C2F74643E3C9A
:1001D0002F74723E3C74723E3C74643E3C2F7464D7
:1001E0003E3C74643E3C696E707574207479706531
:1001F0003D227375626D6974222076616C75653D70
:10020000222053617665206368616E6765732022E2
:100210003E3C2F74643E3C2F74723E3C2F746162EE
:100220006C653E3C2F666F726D3E004D4143003C55
:1002300074723E3C746420616C69676E3D22726921
:10024000676874223E444E532D5365727665723C46
:100250002F74643E3C74643E3C696E707574206E0D
:10026000616D653D22444E532220747970653D22B4
:1002700074657874222073697A653D2231352220B5
:1002800076616C75653D22257322206D61786C6501
:100290006E6774683D223135223E3C2F74643E3CCB
:1002A0002F74723E00444E53003C74723E3C7464A2
:1002B00020616C69676E3D227269676874223E47EF
:1002C0006174657761793C2F74643E3C74643E3C94
:1002D000696E707574206E616D653D2247415445AD
:1002E0002220747970653D227465787422207369C8
:1002F0007A653D223135222076616C75653D222577
:100300007322206D61786C656E6774683D223135AB
:10031000223E3C2F74643E3C2F74723E0047415491
:1003200045003C74723E3C746420616C69676E3DAC
:10033000227269676874223E4E65746D61736B3C0E
:100340002F74643E3C74643E3C696E707574206E1C
:10035000616D653D224D41534B2220747970653D9E
:100360002274657874222073697A653D22313522C2
:100370002076616C75653D22257322206D61786C55
:10038000656E6774683D223135223E3C2F74643EB1
:100390003C2F74723E004D41534B003C74723E3C06
:1003A000746420616C69676E3D22726967687422AB
:1003B0003E495020616464726573733C2F74643EDF
:1003C0003C74643E3C696E707574206E616D653D71
:1003D0002249502220747970653D22746578742218
:1003E0002073697A653D223135222076616C75650E
:1003F0003D22257322206D61786C656E6774683DBF
:10040000223135223E3C2F74643E3C2F74723E00F4
:100410004950003E3C2F74643E3C2F74723E006392
:100420006865636B6564006F6E0044484350003C30
:1004300074723E3C746420616C69676E3D2272691F
:10044000676874223E44484350206163746976654E
:100450003C2F74643E3C74643E3C696E707574203D
:10046000747970653D22636865636B626F782220E2
:100470006E616D653D2244484350222076616C7563
:10048000653D226F6E22200044484350003C666F59
:10049000726D20616374696F6E3D226E6574776F53
:1004A000726B2E636769223E3C7461626C652062E8
:1004B0006F726465723D2230222063656C6C7061DE
:1004C0006464696E673D2235222063656C6C7370CD
:1004D0006163696E673D2230223E00636F6E66691C
:1004E00067003C2F7072653E0D0A003C7072653EDD
:1004F0000D0A006E6574776F726B2E636769004D2D
:10050000414300444E530047415445004D41534B35
:1005100000495000444843500052657365740072AE
:1005200065736574007265736574007265736574D4
:10053000003C666F726D20616374696F6E3D22725C
:10054000657365742E63676922206D6574686F64D6
:100550003D2267657422206163636570742D636852
:1005600061727365743D2249534F2D383835392DEA
:1005700031223E3C703E3C696E7075742074797017
:10058000653D227375626D697422206E616D653DF3
:10059000227265736574222076616C75653D2272E6
:1005A00065736574223E3C2F703E3C2F666F726D02
:1005B0003E0072657365742E636769003C2F424F7D
:1005C00044593E3C2F48544D4C3E0D0A0D0A003C08
:1005D00048544D4C3E3C484541443E3C6D65746139
:1005E00020687474702D65717569763D2272656638
:1005F000726573682220636F6E74656E743D223677
:1006000030303B20223E3C5449544C453E5374729A
:1006100065616D696E673C2F5449544C453E3C2FD3
:10062000484541443E3C424F4459206267636F6CE9
:100630006F723D2223323238423232222074657882
:10064000743D2223464646464646223E5A65697414
:100650003A20253032643A253032643A253032640B
:100660002E2530326420282025752F25752F253022
:10067000347520290073746174732E636769006F89
:100680006666006F6E003A202575003A20257500D9
:100690003C62723E003A20256C75003A20256C754C
:1006A000003C62723E003A202573003A2025730018
:1006B0003C62723E00223E3C2F74643E3C2F7472BA
:1006C0003E3C2F7461626C653E3C2F666F726D3EDE
:1006D000003C74723E3C74643E3C2F74643E3C7437
:1006E000643E3C696E70757420747970653D227348
:1006F00075626D6974222076616C75653D22003CDF
:100700002F73656C6563743E3C2F74643E003C2F10
:100710006F7074696F6E3E003C6F7074696F6E200D
:1007200076616C75653D222564223E003C6F7074D5
:10073000696F6E2073656C65637465642076616CA7
:1007400075653D222564223E00222073697A653D4D
:100750002231223E003A3C2F74643E3C74643E3C9D
:1007600073656C656374206E616D653D22003C7439
:10077000723E3C746420616C69676E3D22726967E9
:100780006874223E003E3C2F74643E3C2F74723EDF
:100790000020636865636B6564002220747970656E
:1007A0003D22636865636B626F78222076616C75A9
:1007B000653D223122002220747970653D227465E6
:1007C0007874222073697A653D222564222076613F
:1007D0006C75653D22257322206D61786C656E67AE
:1007E00074683D222564223E3C2F74643E3C2F7485
:1007F000723E002220747970653D227465787422FF
:100800002073697A653D222564222076616C7565C6
:100810003D22256C7522206D61786C656E67746869
:100820003D222564223E3C2F74643E3C2F74723E70
:10083000003A3C2F74643E3C74643E3C696E7075B3
:1008400074206E616D653D22003C74723E3C7464A0
:1008500020616C69676E3D227269676874223E0090
:10086000223E3C7461626C6520626F726465723D09
:100870002230222063656C6C70616464696E673D30
:100880002235222063656C6C73706163696E673D0D
:100890002230223E003C666F726D20616374696F86
:1008A0006E3D22006F6E00206B6F6E6E7465206E61
:1008B000696368742076657262756E64656E207710
:1008C000657264656E2E0D0A0021204E54502D5322
:1008D000657276657220002056657262696E647575
:1008E0006E67206572666F6C6772656963682C203D
:1008F0005A6569746B6F7272656B7475723A2025F4
:10090000642073656B756E64656E2E0D0A004E541F
:10091000502D53657276657220003C62723E253020
:1009200032752E253032752E253034752025303223
:10093000643A253032643A25303264003C62723EBB
:10094000003C2F613E003C6120687265663D226E6E
:1009500074702E636769223E006E74702E6367693F
:100960000030004155544F445354005554435A4F9E
:100970004E45004E5450534552564552004E545029
:100980000023350D3920232C2E0A29342338303A00
:100990003D332B173F2736232F2D3207233731289E
:1009A0002323740D6F20686E6D0A6C726769706323
:1009B00076657A64627379667861776A2375716B9C
:1009C00023B43A8F3A693A403A0A3AE139853938DC
:1009D0003920390839DA38AF3885386238F6379730
:1009E000378437743758373F3726370F37FB36E7AA
:1009F00036C436A4369B3695368236703657364125
:100A00003621360B36ED35CD35C535BD3595356BD3
:100A1000354F352B350D35F334D234B134A43498F9
:100A2000347F346B345E3453344D34483432341BA9
:100A300034BC335E33AE320E32EF31D331AE318E51
:100A40003166314A31403139311B310331DE30C436
:100A500030943063305630493027300B30D22FB4C9
:100A60002F712F452F3B2F2E2F232F1C2F0E2F069C
:100A70002FDB2EC72E962E6F2E2E2EEF2DD52D9AD4
:100A80002D962D902D7C2D5E2D4B2D202DF72CC7D6
:100A90002C982C6A2C332C022CDA2BB92B962B7623
:100AA0002B572B3F2B392B322B202B092B052BFFC0
:100AB0002ACA2AAD2A7D2A5A2A302A182AF129D090
:100AC00029A229712955293F291929FC28F828F438
:100AD00028EA28DF28CE28BF28AD289C288528763C
:100AE000286B2862283F2829280828E6276A27FA41
:100AF000267D260726E625D22596255D252D25FE71
:100B000024DB24B7248824612444242824E223A558
:100B100023592323230423E022B4228B2265223885
:100B2000221E220422FA21F321D421BD21B621ADB7
:100B3000219B2190217E217221562147211521EBF5
:100B400020C820A620712048202320F61F571DD042
:100B50001A011A5419A31815180B180418FF17FABC
:100B600017F217EA17E517E017D617CA17C417BE0A
:100B700017B517AE17AA17A5179F1799178F1787BD
:100B80001781177B1773176B1765175F1753174E6E
:100B9000173E173A171417F316CD16AC16A2169770
:100BA0001688167916701667164B1632161316FE2F
:100BB00015D715B7156C153B1523151315F614E24B
:100BC00014A414711442141914F613D913AE138417
:100BD000136513471330131D13FA12DE128B1242E2
:100BE000122A121012F411DB11AC118A11561129BC
:100BF000111111FA10E810D610C510B410A71095F5
:100C00001082106F105B104710321020100110E698
:100C10000FB00F7B0F540F2D0F0B0FF00E7E0E1722
:100C20000E010EE70DCC0DB10D9B0D820D630D5025
:100C30000D2D0D000DE40CD40CBB0CA50C9C0C93DD
:100C40000C720C450C557365206461796C6967689A
:100C50007420736176696E672074696D65202865FC
:100C600075726F7065616E207374616E6461726419
:100C70002900536F6D6D65727A65697420617574B2
:100C80006F6D61746973636820756D7374656C6CE6
:100C9000656E0054696D657A6F6E65005A6569749A
:100CA0007A6F6E650054696D652073657276657242
:100CB00020686F7374206E616D6500486F73746E89
:100CC000616D6520646573205A6569747365727619
:100CD000657273005573652074696D652073657264
:100CE000766572005568727A65697420766F6D203A
:100CF00053657276657220616266726167656E0027
:100D00004D6573736167652066726F6D20746865E9
:100D10002053657276657220666F72206F757467F6
:100D20006F696E6720656D61696C3A20004D656C76
:100D300064756E6720766F6D20654D61696C2D411D
:100D4000757367616E672D5365727665723A200020
:100D500020636F6E6E656374696F6E206661696C87
:100D6000656400206B6F6E6E7465206E69636874D5
:100D70002076657262756E64656E20776572646553
:100D80006E00206E6F204950206164647265737339
:100D90002077617320666F756E6400204950206E65
:100DA000696368742065726D697474656C626172E0
:100DB0000073657276657220666F7220696E636F6C
:100DC0006D696E6720656D61696C20005365727690
:100DD0006572206675657220654D61696C2D456D83
:100DE0007066616E67200053657276657220666F6B
:100DF00072206F7574676F696E6720656D61696CCD
:100E000000654D61696C2D41757367616E672D5387
:100E1000657276657220003C62723E3C623E436FB2
:100E20006E66696775726174696F6E206E6F74208B
:100E3000636F6D706C6574652C20706F6C6C696E7F
:100E40006720706572696F642073657420746F2009
:100E50007A65726F2C20696E636F6D696E672065AD
:100E60004D61696C2077696C6C206E6F74206265CF
:100E7000207072696E7465642E3C2F623E003C6285
:100E8000723E3C623E4B6F6E666967757261746953
:100E90006F6E73646174656E20756E766F6C6C73C3
:100EA000742661756D6C3B6E6469672C20416266C7
:100EB0007261676574616B7420617566204E756C34
:100EC0006C2067657365747A742C20654D61696C5C
:100ED0002041626672616765206973742061757371
:100EE0006765736368616C7465742E3C2F623E00A5
:100EF0007370656369616C207072696E74657220CD
:100F0000666F7220656D61696C73005370657A69F4
:100F1000656C6C657220447275636B657220662621
:100F200075756D6C3B7220654D61696C005072691E
:100F30006E74206F6E6C7920656D61696C732077BB
:100F4000697468202B74782B20696E207375626A2F
:100F5000656374004E757220654D61696C73206D18
:100F60006974202B54582B20696D205375626A6573
:100F7000637420647275636B656E00506F6C6C698E
:100F80006E6720706572696F6420666F7220656D90
:100F900061696C2071756572792028696E206D69B0
:100FA0006E757465733B2030203D206F66662900A6
:100FB00054616B742064657320654D61696C2D41CB
:100FC00062727566732028696E204D696E7574654E
:100FD0006E3B2030203D20617573676573636861E7
:100FE0006C746574290050617373776F7264206646
:100FF0006F7220656D61696C2073657276657273BE
:10100000004B656E6E776F727420662675756D6C19
:101010003B7220654D61696C2D5365727665720077
:101020004F776E20656D61696C20616464726573D1
:101030007300456967656E6520654D61696C2D417A
:1010400064726573736500534D54502073657276F6
:101050006572206164647265737300534D54502D42
:1010600053657276657220416472657373650050D2
:101070004F50207365727665722061646472657387
:101080007300504F502D5365727665722041647223
:1010900065737365000D0A626F64792074657874F6
:1010A0003A2020200D0A000D0A746578743A202039
:1010B000200D0A000D0A7375626A6563743A202078
:1010C00020202020000D0A626574726566663A2051
:1010D0002020202020000D0A656D61696C20746F4E
:1010E0003A202020202020000D0A656D61696C20C7
:1010F000616E3A202020202020000D0A2F2F2F651E
:101100006D61696C2072656365697665643A0D0A84
:10111000000D0A2F2F2F656D61696C20656D70665B
:10112000616E67656E3A0D0A00556E617574686F81
:1011300072697365642061636365737320746F20E3
:101140006469726563746F72792073657276657213
:1011500020706F7274005465696C6E65686D65729D
:101160002D53657276657220416E6D656C64756E87
:1011700067206D69742066616C73636865722047CF
:10118000656865696D7A61686C006469726563742D
:101190006F7279206F7574206F662073706163655C
:1011A0002C206E6F74207361766564005275666ED4
:1011B000756D6D65726E2D5665727A656963686EC0
:1011C000697320766F6C6C2C206E6963687420677D
:1011D00065737065696368657274006E6577207306
:1011E000756273637269626572207369676E6564A4
:1011F000207570004E65756572205465696C6E656A
:10120000686D657220616E67656D656C64657400FC
:101210004572726F7220696E206469726563746FC3
:10122000727920454550524F4D004665686C657295
:1012300020696D205A757361747A2D454550524F5F
:101240004D003C62723E6261636B20746F203C61B2
:1012500020687265663D226974656C65782D746CD2
:101260006E7665727A2E6367693F7370723D656E44
:10127000223E73756273637269626572206469727B
:101280006563746F72793C2F613E003C62723E5A16
:1012900075722675756D6C3B636B207A756D203C9D
:1012A0006120687265663D226974656C65782D748D
:1012B0006C6E7665727A2E6367693F7370723D64F7
:1012C00065223E5465696C6E65686D65722D566564
:1012D000727A656963686E69733C2F613E0045727E
:1012E000726F723A20696E76616C69642063676917
:1012F0002D63616C6C3A202573004665686C6572DD
:101300003A20756E6775656C74696765722043472E
:10131000492D4175667275663A20257300636F6DBD
:10132000706C6574656C7920636C656172656400CE
:101330006B6F6D706C6574742067656C266F756D6E
:101340006C3B73636874006C6F61646564207375D3
:10135000636365737366756C6C79202825642062FD
:1013600079746529004572666F6C67726569636898
:101370002067656C6164656E20282564204279745D
:10138000657329003C623E4572726F722061742061
:101390006C6F6164696E672028636F6465732025D4
:1013A00064202F2025303258293C2F623E003C62B9
:1013B0003E4665686C6572206265696D204C6164AB
:1013C000656E2028436F646573202564202F2025D7
:1013D000303258293C2F623E007361766564207379
:1013E00075636365737366756C6C7920282564205A
:1013F0006279746529004572666F6C67726569630E
:101400006820676573706569636865727420282554
:101410006420427974657329003C623E4572726FA4
:101420007220617420736176696E672028636F642F
:101430006573202564202F2025303258293C2F62E7
:101440003E003C623E4665686C6572206265696D6F
:101450002053706569636865726E2028436F646508
:1014600073202564202F2025303258293C2F623EDE
:10147000003C623E466F726D6572206E756D6265EE
:101480007220256C6420636F756C64206E6F74200D
:1014900062652064656C65746564213C2F623E3C26
:1014A00062723E003C623E416C7465204E756D6D0B
:1014B000657220256C64206B6F6E6E7465206E699A
:1014C0006368742067656C266F756D6C3B73636829
:1014D000742077657264656E213C2F623E3C6272B7
:1014E0003E00456E74727920756E6368616E676543
:1014F000643C62723E0045696E7472616720756E6D
:101500007665722661756D6C3B6E646572743C62C3
:10151000723E00456E7472792073617665643C6238
:10152000723E0045696E747261672067657370650D
:101530006963686572743C62723E003C623E4E753F
:101540006D62657220616C72656164792075736586
:10155000642C206368616E6765206E6F7420736110
:101560007665643C2F623E3C62723E003C623E52B5
:1015700075666E756D6D6572206973742062657233
:101580006569747320766572676562656E2C2026C6
:1015900041756D6C3B6E646572756E67206E696334
:1015A00068742067657370656963686572743C2F41
:1015B000623E3C62723E003C62723E4C616E6775F8
:1015C000616765206368616E67656420746F20459C
:1015D0006E676C697368003C62723E53707261633F
:1015E00068652067652661756D6C3B6E6465727415
:1015F000206E6163682044657574736368003C62A3
:101600003E756E6368616E6765643C2F623E3C6246
:10161000723E003C623E6B65696E65202641756DC9
:101620006C3B6E646572756E673C2F623E3C627205
:101630003E003C623E5479706520756E6B6E6F772C
:101640006E213C2F623E3C62723E003C623E556E13
:1016500062656B616E6E74657220547970213C2FE7
:10166000623E3C62723E003A2049502025732000C1
:101670003A20495020257320003A20486F73746E39
:10168000616D6520257320003A20486F73746E6188
:101690006D652025732000666F726D657220256C64
:1016A00064006568656D2E20256C64004469726570
:1016B00063746F727920656E7472793A3C62723E1F
:1016C0004E756D6265723A20256C64200054656920
:1016D0006C6E65686D657265696E747261673A3CBF
:1016E00062723E5275666E756D6D65723A20256C3C
:1016F0006420003C623E4E756D6265722030206E43
:101700006F7420616C6C6F776564213C2F623E3C86
:1017100062723E003C623E5275666E756D6D65721A
:101720002030206E696368742065726C6175627424
:10173000213C2F623E3C62723E0061646400486955
:101740006E7A75662675756D6C3B67656E006564AF
:101750006974002641756D6C3B6E6465726E006540
:101760004D61696C00654D61696C00692D54656C53
:10177000657800692D54656C65780041534349498B
:101780000041736369690064656C65746564006732
:10179000656C6F65736368740044796E49500044EA
:1017A000796E4950005479706500547970006C6FFF
:1017B000636B6564006765737065727274006C6F4B
:1017C00063616C004C6F6B616C004469726563749B
:1017D000206469616C0044757263687761686C00AD
:1017E000506F727400506F7274004164647265735C
:1017F000730041647265737365004E616D65004EE0
:10180000616D65004E756D626572005275666E752C
:101810006D6D6572004E6F20656E74726965732020
:101820007965743C703E3C6120687265663D226952
:1018300074656C65782D746C6E7665727A2E63674C
:10184000693F6C6F6164223E726573746F726520CC
:101850006C61737420736176656420656E7472695F
:1018600065733C2F613E3C62723E3C61206872654C
:10187000663D226974656C65782D746C6E76657250
:101880007A2E6367693F656469743D30223E616406
:101890006420656E7472793C2F613E3C2F666F72D6
:1018A0006D3E004E6F6368206B65696E652045690B
:1018B0006E74722661756D6C3B676520766F726819
:1018C000616E64656E3C703E3C6120687265663D89
:1018D000226974656C65782D746C6E7665727A2EEB
:1018E0006367693F6C6F6164223E67657370656909
:1018F00063686572746520446174656E20776965FC
:101900006465726865727374656C6C656E3C2F619A
:101910003E3C62723E3C6120687265663D2269749D
:10192000656C65782D746C6E7665727A2E63676966
:101930003F656469743D30223E48696E7A7566265B
:1019400075756D6C3B67656E3C2F613E3C2F666F15
:10195000726D3E003C6120687265663D2269746567
:101960006C65782D746C6E7665727A2E6367693F4C
:1019700073617665223E73617665206E6F6E2D769B
:101980006F6C6174696C653C2F613E3C62723E3CD9
:101990006120687265663D226974656C65782D7496
:1019A0006C6E7665727A2E6367693F6C6F61642234
:1019B0003E6469736361726420616C6C206368616A
:1019C0006E6765733C2F613E3C62723E3C612068ED
:1019D0007265663D226974656C65782D746C6E76EF
:1019E00065727A2E6367693F636C656172223E633C
:1019F0006C65617220616C6C3C2F613E3C62723E92
:101A0000003C6120687265663D226974656C65788A
:101A10002D746C6E7665727A2E6367693F7361769A
:101A200065223E6E69636874666C2675756D6C3BE5
:101A300063687469672073706569636865726E3C7A
:101A40002F613E3C62723E3C6120687265663D22B9
:101A50006974656C65782D746C6E7665727A2E6328
:101A600067693F6C6F6164223E616C6C6520264142
:101A7000756D6C3B6E646572756E67656E2076651C
:101A80007277657266656E3C2F613E3C62723E3CC9
:101A90006120687265663D226974656C65782D7495
:101AA0006C6E7665727A2E6367693F636C656172EE
:101AB000223E6B6F6D706C657474206C266F756D53
:101AC0006C3B736368656E3C2F613E3C62723E0006
:101AD0003C7461626C6520626F726465723D223194
:101AE000222063656C6C70616464696E673D2232AC
:101AF000222063656C6C73706163696E673D223090
:101B0000223E3C74723E3C746820616C69676E3D95
:101B1000226C656674223E4E756D6265723C62721F
:101B20003E736F7274203C6120687265663D226965
:101B300074656C65782D746C6E7665727A2E636749
:101B4000693F736F72743D6E756D6D6572223E31C3
:101B50002D393C2F613E203C6120687265663D2234
:101B60006974656C65782D746C6E7665727A2E6317
:101B700067693F736F72743D6E756D6D6572266136
:101B800062223E392D313C2F613E3C2F74683E3C31
:101B9000746820616C69676E3D226C656674223ED4
:101BA0004E616D653C62723E736F7274203C6120C1
:101BB000687265663D226974656C65782D746C6E1B
:101BC0007665727A2E6367693F736F72743D6E61DA
:101BD0006D65223E412D5A3C2F613E203C612068BC
:101BE0007265663D226974656C65782D746C6E76DD
:101BF00065727A2E6367693F736F72743D6E616DB3
:101C000065266162223E5A2D413C2F613E3C2F7475
:101C1000683E3C746820616C69676E3D2263656E46
:101C2000746572223E5370656369616C733C2F74F6
:101C3000683E3C746820616C69676E3D226C656625
:101C400074223E547970653C2F74683E3C74682061
:101C5000616C69676E3D226C656674223E41646406
:101C6000726573733C2F74683E3C746820616C69C4
:101C7000676E3D2263656E746572223E506F7274AA
:101C80003C2F74683E3C746820616C69676E3D222D
:101C900063656E746572223E446972656374206484
:101CA00069616C3C2F74683E3C746820616C6967A4
:101CB0006E3D2263656E746572223E557064617478
:101CC00065643C62723E736F7274203C612068727E
:101CD00065663D226974656C65782D746C6E7665F9
:101CE000727A2E6367693F736F72743D64617475B5
:101CF0006D223E6173632E3C2F613E203C61206863
:101D00007265663D226974656C65782D746C6E76BB
:101D100065727A2E6367693F736F72743D64617494
:101D2000756D266162223E646573632E3C2F613EB1
:101D30003C2F74683E3C746820616C69676E3D227C
:101D40006C656674223E416374696F6E3C2F7468E3
:101D50003E3C2F74723E003C7461626C6520626F81
:101D6000726465723D2231222063656C6C7061641F
:101D700064696E673D2232222063656C6C7370610A
:101D800063696E673D2230223E3C74723E3C74684B
:101D900020616C69676E3D226C656674223E5275E7
:101DA000666E756D6D65723C62723E736F727469BA
:101DB000657265203C6120687265663D22697465C4
:101DC0006C65782D746C6E7665727A2E6367693FE8
:101DD000736F72743D6E756D6D6572223E312D3973
:101DE0003C2F613E203C6120687265663D2269742B
:101DF000656C65782D746C6E7665727A2E63676992
:101E00003F736F72743D6E756D6D657226616222EF
:101E10003E392D313C2F613E3C2F74683E3C746846
:101E200020616C69676E3D226C656674223E4E616E
:101E30006D653C62723E736F727469657265203CB9
:101E40006120687265663D226974656C65782D74E1
:101E50006C6E7665727A2E6367693F736F72743D3C
:101E60006E616D65223E412D5A3C2F613E203C61E2
:101E700020687265663D226974656C65782D746CA6
:101E80006E7665727A2E6367693F736F72743D6E0A
:101E9000616D65266162223E5A2D413C2F613E3CB8
:101EA0002F74683E3C746820616C69676E3D2263E4
:101EB000656E746572223E4265736F6E642E3C2FB0
:101EC00074683E3C746820616C69676E3D226C6585
:101ED0006674223E5479703C2F74683E3C746820CE
:101EE000616C69676E3D226C656674223E41647266
:101EF000657373653C2F74683E3C746820616C693F
:101F0000676E3D2263656E746572223E506F727417
:101F10003C2F74683E3C746820616C69676E3D229A
:101F200063656E746572223E44757263687761689A
:101F30006C3C2F74683E3C746820616C69676E3D30
:101F40002263656E746572223E6C65747A74653CBA
:101F500062723E416B7475616C6973696572756E0E
:101F6000673C62723E736F727469657265203C6192
:101F700020687265663D226974656C65782D746CA5
:101F80006E7665727A2E6367693F736F72743D6413
:101F90006174756D223E6175663C2F613E203C6127
:101FA00020687265663D226974656C65782D746C75
:101FB0006E7665727A2E6367693F736F72743D64E3
:101FC0006174756D266162223E61623C2F613E3C08
:101FD0002F74683E3C746820616C69676E3D226CAA
:101FE000656674223E416B74696F6E3C2F74683E67
:101FF0003C2F74723E0073686F7720636F6D706C56
:10200000657465206469726563746F72792077699D
:102010007468207072697661746520656E74726987
:102020006573007A6569676520766F6C6C737426DA
:1020300061756D6C3B6E6469676573205665727A75
:10204000656963686E6973003C68333E5075626C05
:102050006963207375627363726962657220646973
:10206000726563746F72793C2F68333E3C62723ED6
:10207000003C68333E264F756D6C3B6666656E743A
:102080006C6963686573205465696C6E65686D651D
:10209000727665727A656963686E69733C2F68331E
:1020A0003E3C62723E003C68333E5375627363721D
:1020B00069626572206469726563746F72793C2F1E
:1020C00068333E3C62723E003C68333E5465696C46
:1020D0006E65686D65727665727A656963686E694A
:1020E000733C2F68333E3C62723E00696E76616CD1
:1020F000696420656E747279202873656520616655
:10210000746572202667743B2667743B2667743BB0
:1021100020293A20006665686C657268616674659E
:1021200020416E6761626520287369656865206873
:10213000696E746572202667743B2667743B266758
:10214000743B20293A20005375626D6974206368DE
:10215000616E6765730045696E7374656C6C756E4E
:1021600067202655756D6C3B6265726E65686D659E
:102170006E00206368616E67656420746F0020677D
:10218000652661756D6C3B6E6465727420696E00C6
:1021900020756E6368616E6765640020756E766594
:1021A000722661756D6C3B6E6465727400636F6E50
:1021B00074696E7565007765697465720054686549
:1021C000206E65772073657474696E677320617221
:1021D000653A2000446965206E6575656E20456925
:1021E0006E7374656C6C756E67656E2073696E6472
:1021F0003A20002B2B2B656E64002B2B2B6665720F
:10220000746967004E756D62657220257320737462
:102210006174757320253032583C62723E004E75F1
:102220006D6D65722025732053746174757320255C
:102230003032583C62723E00537461747573206F83
:102240006620616C6C20636F6E6E656374656420DC
:102250006861726477617265206D6F64756C657317
:102260003A3C703E0053746174757320646572204B
:10227000616E67657363686C6F7373656E656E20FE
:102280004D6F64756C653A3C703E0050494E206657
:102290006F72206469726563746F727920736572FE
:1022A0007665722073796E6368726F6E697361749C
:1022B000696F6E0047656865696D7A61686C206654
:1022C0002675756D6C3B72205365727665722D5361
:1022D000796E6368726F6E6973696572756E670097
:1022E00053756273637269626572206469726563B3
:1022F000746F72792073657276657220616464729E
:10230000657373004164726573736520646573203F
:102310005465696C6E65686D65722D53657276657E
:1023200072730052656D6F746520636F6E6E6563C6
:1023300074696F6E2073657276657220616E6420B9
:1023400064796E616D696320495020617265206512
:1023500078636C75736976650056657262696E6440
:10236000756E677362722675756D6C3B636B656E17
:1023700073657276657220756E642044796E616D46
:102380006973636865204950206E696368742067CB
:10239000656D65696E73616D2076657277656E64D3
:1023A0006261722E00557365207065726D616E6595
:1023B0006E742073657276657220636F6E6E6563EE
:1023C00074696F6E2064756520746F206E6F6E2D5A
:1023D0007075626C69632049502061646472657332
:1023E00073005374616E6476657262696E64756EB3
:1023F00067207A756D205365727665722077656700
:10240000656E206E696368742D266F756D6C3B6612
:1024100066656E746C6963686572204950207665E4
:102420007277656E64656E005075626C69632069D1
:102430006E7465726E657420706F7274206E756D47
:1024400062657200266F756D6C3B6666656E746CB6
:102450006963686520506F72742D4E756D6D65727D
:10246000004C6F6F706261636B20746573742070D1
:102470006572696F6420283020746F2073776974E7
:102480006368206F6666290056657262696E6475BE
:102490006E6773746573742D506572696F6465201F
:1024A000283020662675756D6C3B72206B65696EF1
:1024B0002054657374290044796E616D69632075D9
:1024C0007064617465206F66204950206164647295
:1024D000657373206163746976650044796E616D1C
:1024E00069736368652049502D416B7475616C692F
:1024F00073696572756E6720616B74697600504907
:102500004E20666F72207369676E20696E20617459
:1025100020737562736372696265722064697265A3
:1025200063746F72792073657276657200476568AF
:1025300065696D7A61686C207A757220416E6D658F
:102540006C64756E67206265696D205275666E7584
:102550006D6D65726E2D536572766572003C6269B1
:10256000673E3C623E266C743B3D3D3D206D75737D
:10257000742068617665206669766520746F206EC8
:10258000696E6520646967697473213C2F623E3C03
:102590002F6269673E003C6269673E3C623E266C82
:1025A000743B3D3D3D206D7573732066FC6E662067
:1025B000626973206E65756E205A69666665726E13
:1025C00020686162656E213C2F623E3C2F62696724
:1025D0003E00537562736372696265722773206E81
:1025E000756D62657200656967656E652052756616
:1025F0006E756D6D657220696D20692D74656C65F1
:10260000782D4E65747A00436F6E666967757261E6
:1026100074696F6E20706167657320617265206CEC
:102620006F636B656420616761696E2E20466F720F
:1026300020756E6C6F636B696E6720656E74657272
:102640002070617373776F7264206F72207075737E
:102650006820627574746F6E20617420657468659B
:10266000726E657420696E74657266616365206D53
:102670006F64756C652074776963652E004B6F6EAF
:1026800066696775726174696F6E73736569746585
:102690006E2073696E64206E756E20676573706559
:1026A0007272742E205A7572204672656967616273
:1026B0006520776965646572206461732050617379
:1026C00073776F72742065696E676562656E206FDF
:1026D0006465722054617374652064657220426180
:1026E0007567727570706520322078206472267567
:1026F000756D6C3B636B656E2E004669727374205A
:1027000073656C6563742070617373776F72642096
:10271000696E203C6120687265663D226974656C53
:1027200065786366672D696E7465726E2E6367697E
:102730003F7370723D656E22207461726765743DEF
:10274000226D61696E223E53657474696E677320F1
:10275000666F7220746865206C6F63616C2073799A
:102760007374656D3C2F613E21007A756E2661752C
:102770006D6C3B636873742050617373776F727410
:1027800020696E203C6120687265663D226974652F
:102790006C65786366672D696E7465726E2E63670B
:1027A000693F7370723D646522207461726765745D
:1027B0003D226D61696E223E45696E7374656C6C75
:1027C000756E67656E20696D206C6F6B616C656EF0
:1027D0002053797374656D3C2F613E2065696E6787
:1027E0006562656E21003C62723E50617373776F63
:1027F0007264206368616E676564206966206E6537
:1028000063657373617279003C62723E4B656E6EF4
:10281000776F7274206767662E2067652661756D15
:102820006C3B6E646572742E0020636F756C64205F
:102830006E6F74206265206368616E676564002056
:102840006B6F6E6E7465206E6963687420676526B1
:1028500061756D6C3B6E646572742077657264653A
:102860006E006E65772074657874006E65756572AC
:102870002054657874006C696E6520746F206368FD
:10288000616E6765007A75202661756D6C3B6E64BC
:1028900065726E6465205A65696C65006C6F636172
:1028A0006C20616E642063616C6C6572006C6F6B90
:1028B000616C20756E6420416E7275666572006F82
:1028C0006E6C792061742063616C6C6572006E754A
:1028D00072206265696D20416E7275666572006F67
:1028E0006E6C79206C6F63616C006E7572206C6F1A
:1028F0006B616C006F666600617573005072696E83
:10290000742064617465206F6E20696E636F6D69F9
:102910006E672063616C6C7300446174756D206236
:10292000656920416E727566656E206175746F6DA4
:1029300061746973636820647275636B656E006CA3
:102940006F6E672073657276696365206D6573735A
:1029500061676573004469656E73746D656C647559
:102960006E67656E20696E204C616E67666F726D72
:10297000004C6F63616C207375627363726962658A
:1029800072206469726563746F7279207669736905
:10299000626C6520666F72206576657279626F641D
:1029A00079005465696C6E65686D65722D56657247
:1029B0007A656963686E697320662675756D6C3B10
:1029C0007220616C6C652073696368746261720067
:1029D00050617373776F726420666F7220636F6EDD
:1029E00066696775726174696F6E2070616765737F
:1029F0000050617373776F727420662675756D6C05
:102A00003B72204B6F6E66696775726174696F6E99
:102A10007373656974656E004D65737361676520D6
:102A200066696C746572696E67206C6576656C00AA
:102A30004C6576656C20662675756D6C3B7220441E
:102A40007275636B6175736761626520766F6E2066
:102A50004D656C64756E67656E004C6F6767696E77
:102A600067206C6576656C20666F7220646972659C
:102A700063746F727920736572766572005469654C
:102A80006665206465722050726F746F6B6F6C6C3A
:102A9000696572756E6720662675756D6C3B722070
:102AA0005465696C6E2D536572766572004C6F6764
:102AB00067696E67206C6576656C2061742073654C
:102AC0007269616C20706F7274005469656665206C
:102AD0006465722050726F746F6B6F6C6C69657295
:102AE000756E6720616E2073657269656C6C6572C6
:102AF000205363686E6974747374656C6C65006EE2
:102B000065766572006E6965006F6E6C7920776915
:102B10007468206469726563742063616C6C73000F
:102B20006E7572206D697420447572636877616890
:102B30006C00616C7761797300696D6D657200611D
:102B40006363657074204153434949206D6F646528
:102B50002063616C6C7300416E7275666520696DEF
:102B60002041534349492D4D6F64757320616E6E4A
:102B700065686D656E0042726F6164636173742095
:102B800074696D6520746F206F74686572206D6F55
:102B900064756C6573005568727A65697420616E3E
:102BA00020616E64657265204D6F64756C6520767A
:102BB00065727465696C656E004175746F6D6174E2
:102BC0006963206C696E6520627265616B20617457
:102BD00020706F736974696F6E004175746F6D61F9
:102BE00074697363686572205A65696C656E756D8A
:102BF000627275636820616E20506F736974696FCB
:102C00006E00557365206E657720696E7465726E0F
:102C1000616C206275732070726F746F636F6C20CB
:102C20002866726F6D2076657273696F6E20343519
:102C30003029004E6575657320696E7465726E6526
:102C4000732042757370726F746F6B6F6C6C20764B
:102C5000657277656E64656E2028616220566572C4
:102C600073696F6E2034353029004261756472617A
:102C7000746573206F66206D6F64756C65732028B2
:102C80006578616D706C653A2037302D37393A3789
:102C9000352C2A3A353029004261756472617465B9
:102CA0006E20646572204D6F64756C6520284265E6
:102CB00069737069656C3A2037302D37393A37358A
:102CC0002C2A3A353029005365636F6E646172793E
:102CD0002063616C6C206E756D62657273206C6927
:102CE0007374202873657061726174652062792045
:102CF000636F6D6D61290065726C6175627465202A
:102D000044757263687761686C656E20286D6974BC
:102D1000204B6F6D6D61207472656E6E656E29005B
:102D2000616C736F20666F722064697265637420D2
:102D300063616C6C7320746F207365636F6E646184
:102D40007279207072696E746572006175636820B3
:102D50006265692044757263687761686C006F6EA4
:102D60006C792063616C6C7320746F207072696D74
:102D7000617279207072696E746572006E7572206E
:102D80006265692048617570747374656C6C650068
:102D90006E65766572006E696500466F7277617266
:102DA000642063616C6C7320746F20616C74657255
:102DB0006E61746976652074656C657072696E7495
:102DC00065722069662063616C6C6564206973209C
:102DD00062757379005765697465726C656974759D
:102DE0006E67206265692062657365747A74004954
:102DF0006E7465726E616C2063616C6C206E756DB3
:102E0000626572206F66207072696D6172792074DC
:102E1000656C657072696E74657220666F72206988
:102E20006E636F6D696E672063616C6C7300696EB1
:102E30007465726E652044757263687761686C2092
:102E40006465722048617570747374656C6C65207C
:102E5000662675756D6C3B72206B6F6D6D656E646B
:102E6000652056657262696E64756E67656E0050A6
:102E700072696D6172792074656C657072696E74C7
:102E8000657220666F7220696E636F6D696E672070
:102E900063616C6C7300666573746520486175705E
:102EA000747374656C6C6520662675756D6C3B7209
:102EB000206B6F6D6D656E64652056657262696E1C
:102EC00064756E67656E004F757473696465206C18
:102ED000696E65206E756D626572004E65747A2D3F
:102EE000566F727761686C20662675756D6C3B72E3
:102EF00020676568656E64652056657262696E64F8
:102F0000756E67656E005265667265736800416B29
:102F10007475616C6973696572656E002053656EC6
:102F200064200020416273656E64656E2000456E0A
:102F300074657220746578743A200045696E676123
:102F400062653A2000496E74657266616365206946
:102F5000732064652D6163746976617465642E20E5
:102F600054727920616761696E206C617465722E9C
:102F7000005363686E6974747374656C6C65206962
:102F80007374206465616B746976696572742E2050
:102F900042697474652073702661756D6C3B74654D
:102FA00072207769656465722076657273756368EF
:102FB000656E2E00436F6E6E656374696F6E20627E
:102FC0007573792C20706C65617365207761697405
:102FD0002E004573206265737465687420626572A3
:102FE000656974732065696E6520616E64657265DC
:102FF0002056657262696E64756E672C2062697412
:1030000074652077617274656E2E00456E7465720A
:10301000207465787420746F2073746172742070EA
:1030200072696E746572005465787465696E676163
:1030300062652073746172746574204665726E7384
:103040006368726569626572007072696E74656446
:10305000207465787400447275636B73706965677A
:10306000656C00756E617574686F72697365642054
:1030700061636365737320746F206C6F636B656449
:1030800020636F6E66696775726174696F6E207018
:1030900061676500756E6175746F726973696572D9
:1030A000746572205A75677269666620617566205C
:1030B0004B6F6E66696775726174696F6E73736565
:1030C0006974650050616765206C6F636B6564208F
:1030D0006279206F7468657220757365720053653C
:1030E00069746520676573706572727420766F6E9F
:1030F00020616E646572656D20416E77656E6465F2
:1031000072210057726F6E672070617373776F72F0
:103110006420656E7465726564210046616C73633A
:10312000686573204B656E6E776F72742065696E8B
:103130006765676562656E2100556E6C6F636B0035
:1031400046726569676562656E0050616765206CEF
:103150006F636B65642120456E74657220706173C6
:1031600073776F7264005365697465206765737067
:103170006572727421204269747465204B656E6EAD
:10318000776F72742065696E676562656E00696E3F
:103190007465726E616C206469726563746F7279B4
:1031A000206F7574206F6620737061636500696EAF
:1031B0007465726E6573205275666E756D6D65729D
:1031C0006E2D5665727A656963686E697320766FD5
:1031D0006C6C0073756273637269626572206E75E0
:1031E0006D626572206E6F74206B6E6F776E006714
:1031F00065776165686C7465204E756D6D657220CC
:103200006E696368742062656B616E6E740050490C
:103210004E20666F72207369676E20696E2061743C
:103220002073756273637269626572206469726586
:1032300063746F7279207365727665722077726F2E
:103240006E672E0D0A706C6561636520636F6E7426
:103250006163742061207365727665722D61646D9F
:10326000696E6973747261746F722E0D0A64796E7F
:10327000616D696320697020757064617465206197
:103280006E642072656D6F746520636F6E6E65632A
:1032900074696F6E207365727665722073776974D6
:1032A00063686564206F6666206E6F772E006765C1
:1032B0006865696D7A61686C206675657220616EFB
:1032C0006D656C64756E67206265696D20727566E8
:1032D0006E756D6D65726E2D7365727665722066A2
:1032E000616C7363682E0D0A62697474652062658F
:1032F00069207365727665722D61646D696E69739C
:10330000747261746F72206D656C64656E2E0D0A47
:1033100064796E616D697363686520697020616BA3
:103320007475616C6973696572756E6720756E641A
:103330002072656D6F74652D73657276657220619C
:103340006E62696E64756E672077757264656E2053
:1033500061626765736368616C7465742E004C6F9D
:103360006F706261636B2063616C6C206661696C75
:10337000656420636F6E7374616E746C792E204384
:103380006865636B20726F7574657220636F6E661B
:10339000696775726174696F6E2E0D0A4C6F6F707C
:1033A0006261636B2D54657374207761732073774A
:1033B000697463686564206F66662E0053656C628D
:1033C00073742D416E727566206D656872666163F7
:1033D0006820766572736167742C20526F7574650E
:1033E000722D4B6F6E66696775726174696F6E20BE
:1033F0007072756566656E2E0D0A53656C62737426
:103400002D416E7275662077757264652061626702
:1034100065736368616C7465742E000D0A2F2F2F1D
:10342000696E7465726E616C206D6573736167653A
:1034300020000D0A2F2F2F696E7465726E65206D46
:10344000656C64756E672000446174650044617446
:10345000756D006C6F63616C2049503A2000696E95
:103460007465726E652049503A20006E6F206D6160
:10347000746368696E6720656E7472790D0A006BFB
:1034800065696E2070617373656E6465722065692D
:103490006E747261670D0A00656E64202B2B2B2BF6
:1034A0000D0A0A00656E6465202B2B2B2B0D0A0A72
:1034B000002020206E756D626572202D206E616D7A
:1034C00065202D20636F6E6E656374696F6E3A0DB3
:1034D0000A002020206E756D6D6572202D206E61B2
:1034E0006D65202D2076657262696E64756E673A2F
:1034F0000D0A006C6F63616C6C792073746F726578
:103500006420656E74726965733A0D0A006C6F6BA6
:10351000616C20766F7268616E64656E65206569A6
:103520006E7472616567653A0D0A006572726F723A
:1035300020696E20737562736372696265722073AD
:10354000657276657220616E737765722E200066F3
:1035500065686C6572206265692073657276657254
:103560002D616266726167652E2000656E746572FA
:10357000206174206C6561737420746872656520C5
:10358000636861726163746572732E20202020204D
:10359000200D0A0A006D696E64657374656E732090
:1035A00033207A65696368656E2065696E67656258
:1035B000656E2E2020202020200D0A0A000D0A6DA5
:1035C0006F6D0D0A000D0A6D6F6D0D0A000D0A7307
:1035D0006561726368207375627363726962657294
:1035E0007320666F723A202020202020000D0A747C
:1035F00065696C6E65686D65727375636865206E6C
:103600006163683A202020202020004C6F737420D2
:103610006C6F63616C20636F6E6E656374696F6E4F
:1036200000496E7465726E652056657262696E64DB
:10363000756E6720756E74657262726F6368656E11
:10364000004C6F63616C20636F6E6E656374696FAD
:103650006E206275737900416E7363686C75737365
:1036600020696E7465726E2062657365747A740089
:103670007370656369616C206D6573736167653A2A
:103680002000736F6E7374696765206D656C647577
:103690006E673A2000627265616B006765747265DF
:1036A0006E6E740053756273637269626572206135
:1036B0006273656E74202F2064656163746976613E
:1036C000746564005465696C6E65686D657220612F
:1036D00062776573656E64202F206162676573632E
:1036E00068616C74657400537562736372696265B6
:1036F000722064657261696C6564005465696C6E02
:1037000065686D657220676573746F6572740053C8
:10371000756273637269626572206E6F7420616C8A
:103720006C6F776564005465696C6E65686D657271
:10373000206E696368742065726C617562740053F1
:10374000756273637269626572206E6F7420617650
:1037500061696C61626C65005465696C6E65686D69
:103760006572206E6963687420657272656963684A
:10377000626172005375627363726962657220627E
:10378000757379005465696C6E65686D6572206249
:10379000657365747A740074696D652073657276FB
:1037A0006572206E6F7420617661696C61626C6510
:1037B0002E2073756273637269626572207365721D
:1037C000766572206E6F7420737461727465642CF8
:1037D00020706C656173652072657374617274200A
:1037E0007468697320696E746572666163652061CF
:1037F0006761696E2E005A6569742D53657276652E
:103800007220776172206E696368742076657266D3
:103810007565676261722C207465696C6E65686D90
:1038200065722D736572766572206E6963687420A7
:103830006765737461727465742E2062697474654F
:10384000206469657365207363686E69747473744A
:10385000656C6C65206E6575207374617274656E3D
:103860002E004D61696C206E6F7420737570706FDF
:103870007274656420696E2074686973207665725D
:1038800073696F6E004D61696C20696E20646965B3
:103890007365722056657273696F6E206E69636816
:1038A0007420756E74657273747565747A74004EE5
:1038B0006F20636F6E6E656374696F6E20746F2026
:1038C00073657276657220666F72206F7574676FAC
:1038D000696E67206D61696C73004B65696E652068
:1038E00056657262696E64756E67207A756D204DDB
:1038F00061696C2D536572766572206675657220FC
:1039000041757367616E67007365727665722061D9
:103910007661696C61626C6520616761696E2E0019
:103920007365727665722077696564657220657269
:103930007265696368742E006E6F207375627363BD
:103940007269626572206469726563746F7279204E
:103950002F20636F6E6E656374696F6E207365727E
:1039600076657220617661696C61626C653A2043AC
:103970006F6E6E656374696F6E73206D617920661A
:1039800061696C2E006B65696E207465696C6E658B
:10399000686D65722D202F2076657262696E647580
:1039A0006E67732D736572766572206572726569D4
:1039B00063686261723A2076657262696E64756EE0
:1039C00067737665727375636865206B6F656E6E7D
:1039D000656E206665686C7363686C6167656E2EE2
:1039E0000054696D656F7574207768696C65207720
:1039F000616974696E6720666F7220612072656309
:103A00006F6E6E656374696F6E005A656974756573
:103A100062657273636872656974756E672062654A
:103A200069205769656465726175666E61686D6568
:103A3000206465722056657262696E64756E6700F7
:103A40004D756C7469706C65206572726F7273204D
:103A50007768696C652073656E64696E67206F6E48
:103A6000206E6574776F726B004D65687266616376
:103A70006865204665686C6572206265696D2053D3
:103A8000656E64656E20696E73204E65747A006998
:103A90006E636F6D696E672063616C6C2063616E2D
:103AA00063656C6C65642062656361757365206233
:103AB000757379006B6F6D6D656E64657220416E14
:103AC000727566206162676577696573656E2077D8
:103AD0006567656E2062657365747A74004D435046
:103AE000636F6E666967000D0A000A002563004374
:103AF0006F6E66696720697374202564206279742B
:103B000065732067726F73732C202564206279744B
:103B1000652077657264656E2062656E75747A746F
:103B20002E204F66667365742025640D0A0D0A0009
:103B30004F46460057524954455F50524F544543F3
:103B40005400253032783A253032783A25303278B0
:103B50003A253032783A253032783A2530327800BA
:103B600044484350206D7367207479706520353365
:103B70002076616C75652025750D0A004448435018
:103B8000206D736720747970652035332076616C01
:103B900075652025750D0A0025642E25642E256483
:103BA0002E256400206665686C67657363686C61C8
:103BB00067656E0D0A00206665686C6765736368EB
:103BC0006C6167656E0D0A00205A6569743A20259C
:103BD0003032643A253032643A253032642E253052
:103BE00032640D0A004E545053455256455200550A
:103BF00054435A4F4E4500207C2D3E204E54502DAC
:103C0000536572766572205A65697420616B7475AC
:103C1000616C6973696572656E3A006F6E004E542F
:103C20005000207C202020444E53202020203A2089
:103C300025730D0A00207C20202047617465776180
:103C4000793A2025730D0A00207C2020204E6574CF
:103C50006D61736B3A2025730D0A00207C202020B3
:103C6000495020202020203A2025730D0A006F6E35
:103C70000044484350004448435000207C2D3E20DF
:103C80005443502028487572726963616E2D656EC9
:103C900067696E652920696E697469616C69736909
:103CA0006572740D0A00207C2D3E2055445020285A
:103CB000546F726E61646F2D656E67696E65292041
:103CC000696E697469616C6973696572740D0A0063
:103CD0002D2B2D3E2041525020696E697469616C14
:103CE0006973696572740D0A00204C696E6B2072ED
:103CF000656164790D0A002046756C6C6475706CA2
:103D000065783A00454E4332386A3630202852658D
:103D1000762E3A2025642920696E697469616C6980
:103D2000736965727420282048572D4164643A20D5
:103D3000253032783A253032783A253032783A25B3
:103D40003032783A253032783A25303278202900DE
:103D50004D4143004D414300207C2D3E205665726D
:103D6000737563686520444843502D436F6E6669E0
:103D700067207A7520686F6C656E2E20004448437A
:103D8000502D436F6E666967204665686C67657382
:103D900063686C6167656E0D0A00444843502D43AB
:103DA0006F6E666967206765686F6C740D0A0047FF
:103DB00041544500444E53004D41534B004950007F
:103DC0005544502D536F636B65742067657363684A
:103DD0006C6F7373656E2E0D0A0054696D656F7597
:103DE00074206265696D2077617274656E206175FB
:103DF0006620416E74776F72742E0D0A0046616CF6
:103E0000736368657320466F726D617420646572B8
:103E100020416E74776F72742E0D0A00416E7477B4
:103E20006F727420657268616C74656E2E0D0A0085
:103E300057617274652061756620416E74776F7288
:103E4000742E005544502D5061636B657420676576
:103E500073656E6465742E0D0A005544502D536FC2
:103E6000636B65742061756667656D616368742056
:103E70007A75722025732E0D0A004F6566666E6591
:103E8000206E6575657320536F636B65742E0D0A24
:103E9000000D0A00436F6D6D616E64733A0D0A0D7B
:103EA0000A0068656C70002820256C6420427974D3
:103EB0006520756562657274726167656E2028465B
:103EC0004C415348290D0A000D0A436F6E74656E0C
:103ED000742D4C656E6774683A2025640D0A436141
:103EE0006368652D436F6E74726F6C3A206D6178F4
:103EF0002D6167653D333630300D0A436F6E6E6558
:103F00006374696F6E3A20636C6F73650D0A0D0AF6
:103F10000062696E00746578742F68746D6C006A55
:103F200070656700706E6700485454502F312E3111
:103F30002032303020446F63756D656E7420666F7B
:103F40006C6C6F77730D0A436F6E74656E742D54CD
:103F50007970653A20000D0A002066726F6D2000AE
:103F6000687474702D726571756573743A20006899
:103F70007474702D7365727665723A202573200013
:103F80002320726F626F74732E747874207A756D4B
:103F900020692D74656C6578205765622D496E74B3
:103FA0006572666163650D0A557365722D6167659B
:103FB0006E743A202A0D0A446973616C6C6F773A0B
:103FC000202F0D0A00726F626F74732E7478740064
:103FD0003C48544D4C3E3C484541443E3C2F4845AE
:103FE00041443E3C6672616D6573657420726F7703
:103FF000733D222A2C363022207363726F6C6C69F9
:104000006E673D226E6F22206672616D65626F720F
:104010006465723D22322220626F726465723D22B5
:104020003222206672616D6573706163696E673DEF
:1040300022322220626F72646572636F6C6F723D10
:104040002223303030303030223E3C6672616D6564
:10405000207372633D226974656C65782D6D73679A
:104060002D6F75742E6367693F7370723D6E6C229D
:10407000206E616D653D224D73674F75742220730C
:1040800063726F6C6C696E673D226175746F223E5E
:104090003C6672616D65207372633D226974656C64
:1040A00065782D6D73672D696E2E6367693F737038
:1040B000723D6E6C22206E616D653D224D736749C5
:1040C0006E22207363726F6C6C696E673D226E6F37
:1040D000223E3C6E6F6672616D65733E3C626F643A
:1040E000793E3C703E55772062726F77736572201F
:1040F0007374616174206765656E206672616D65B9
:104100007320746F65213C2F703E3C2F626F647981
:104110003E3C2F6E6F6672616D65733E3C2F66721A
:10412000616D657365743E3C2F48544D4C3E0D0ADD
:104130000D0A006974656C65782D6D73672D6E6C62
:104140002E68746D6C003C48544D4C3E3C484541D3
:10415000443E3C2F484541443E3C6672616D657368
:10416000657420726F77733D222A2C3630222073BB
:1041700063726F6C6C696E673D226E6F222066728F
:10418000616D65626F726465723D22322220626FDA
:10419000726465723D223222206672616D657370B1
:1041A0006163696E673D22322220626F72646572BC
:1041B000636F6C6F723D2223303030303030223EDE
:1041C0003C6672616D65207372633D226974656C33
:1041D00065782D6D73672D6F75742E6367693F73F6
:1041E00070723D697422206E616D653D224D73676A
:1041F0004F757422207363726F6C6C696E673D2219
:104200006175746F223E3C6672616D6520737263E6
:104210003D226974656C65782D6D73672D696E2E0E
:104220006367693F7370723D697422206E616D65CA
:104230003D224D7367496E22207363726F6C6C6907
:104240006E673D226E6F223E3C6E6F6672616D65D9
:10425000733E3C626F64793E3C703E53756F2062E2
:10426000726F77736572206E6F6E20737570706FEA
:10427000727461204672616D6573213C2F703E3C03
:104280002F626F64793E3C2F6E6F6672616D65734D
:104290003E3C2F6672616D657365743E3C2F4854D9
:1042A0004D4C3E0D0A0D0A006974656C65782D6DE4
:1042B00073672D69742E68746D6C003C48544D4CC6
:1042C0003E3C484541443E3C2F484541443E3C66C7
:1042D00072616D6573657420726F77733D222A2C4D
:1042E000363022207363726F6C6C696E673D226E8C
:1042F0006F22206672616D65626F726465723D2225
:10430000322220626F726465723D22322220667210
:10431000616D6573706163696E673D223222206250
:104320006F72646572636F6C6F723D222330303040
:10433000303030223E3C6672616D65207372633DA1
:10434000226974656C65782D6D73672D6F75742E99
:104350006367693F7370723D656E22206E616D65A3
:104360003D224D73674F757422207363726F6C6CBE
:10437000696E673D226175746F223E3C6672616DA5
:1043800065207372633D226974656C65782D6D7369
:10439000672D696E2E6367693F7370723D656E228B
:1043A000206E616D653D224D7367496E22207363F7
:1043B000726F6C6C696E673D226E6F223E3C6E6F51
:1043C0006672616D65733E3C626F64793E3C703E1F
:1043D0004968722042726F7773657220756E7465DA
:1043E000727374C3BC747A74206B65696E65204601
:1043F00072616D6573213C2F703E3C2F626F647952
:104400003E3C2F6E6F6672616D65733E3C2F667227
:10441000616D657365743E3C2F48544D4C3E0D0AEA
:104420000D0A006974656C65782D6D73672D656E76
:104430002E68746D6C003C48544D4C3E3C484541E0
:10444000443E3C2F484541443E3C6672616D657375
:10445000657420726F77733D222A2C3630222073C8
:1044600063726F6C6C696E673D226E6F222066729C
:10447000616D65626F726465723D22322220626FE7
:10448000726465723D223222206672616D657370BE
:104490006163696E673D22322220626F72646572C9
:1044A000636F6C6F723D2223303030303030223EEB
:1044B0003C6672616D65207372633D226974656C40
:1044C00065782D6D73672D6F75742E6367693F7303
:1044D00070723D646522206E616D653D224D73678B
:1044E0004F757422207363726F6C6C696E673D2226
:1044F0006175746F223E3C6672616D6520737263F4
:104500003D226974656C65782D6D73672D696E2E1B
:104510006367693F7370723D646522206E616D65EB
:104520003D224D7367496E22207363726F6C6C6914
:104530006E673D226E6F223E3C6E6F6672616D65E6
:10454000733E3C626F64793E3C703E496872204223
:10455000726F7773657220756E7465727374C3BC05
:10456000747A74206B65696E65204672616D65733F
:10457000213C2F703E3C2F626F64793E3C2F6E6F62
:104580006672616D65733E3C2F6672616D65736521
:10459000743E3C2F48544D4C3E0D0A0D0A00697480
:1045A000656C65782D6D73672D64652E68746D6C10
:1045B000003C48544D4C3E3C484541443E3C6C69AF
:1045C0006E6B2072656C3D227374796C65736865DF
:1045D00065742220747970653D22746578742F6348
:1045E00073732220687265663D227374796C652E40
:1045F000637373223E3C2F484541443E3C424F4446
:1046000059206267636F6C6F723D222343304646C8
:104610004330223E3C6120687265663D22697465C4
:104620006C65782D6D656E752D6E6C2E68746D6C75
:10463000223E74657275673C2F613E202F203C61DD
:1046400020687265663D226974656C65786366678B
:104650002D696E746B6F6E662E6367693F7370723F
:104660003D6E6C22207461726765743D226D6169D4
:104670006E223E4C6F6B616C65206D6F6475756C5E
:10468000206B6F6E6669677572617469653C2F6136
:104690003E202F203C6120687265663D226974656A
:1046A0006C65786366672D696E74626574722E63DB
:1046B00067693F7370723D6E6C222074617267652A
:1046C000743D226D61696E223E4C6F6B616C65209A
:1046D00062656472696A6673696E7374656C6C692D
:1046E0006E67656E3C2F613E202F203C6120687212
:1046F00065663D226974656C65786366672D6578CB
:104700007465726E2E6367693F7370723D6E6C22C2
:10471000207461726765743D226D61696E223E503E
:104720006172616D657465727320692D54656C6585
:1047300078206E65743C2F613E202F203C612068FC
:104740007265663D226974656C65782D6372656477
:104750006974732E6367693F7370723D6E6C2220BB
:104760007461726765743D226D61696E223E496DA8
:104770007072657373756D3C2F613E202F203C6114
:1047800020687265663D226E6574776F726B2D6E60
:104790006C2E68746D6C223E4E65747765726B3C4E
:1047A0002F613E202F203C6120687265663D227398
:1047B000797374656D2D6E6C2E68746D6C223E532A
:1047C000797374656D3C2F613E202F203C61206819
:1047D0007265663D226974656C65786366672D73E2
:1047E00070657272656E2E6367693F7370723D6E9D
:1047F0006C22207461726765743D226D61696E225E
:104800003E426C6F6B6B6572656E3C2F613E3C2F58
:10481000424F44593E3C2F48544D4C3E0D0A0D0A20
:10482000006974656C65786366672D6D656E752DBE
:104830006E6C2E68746D6C003C48544D4C3E3C4888
:104840004541443E3C6C696E6B2072656C3D227341
:1048500074796C6573686565742220747970653D40
:1048600022746578742F6373732220687265663DC5
:10487000227374796C652E637373223E3C2F484516
:1048800041443E3C424F4459206267636F6C6F72F3
:104890003D2223433046464330223E3C612068722D
:1048A00065663D226974656C65782D6D656E752D44
:1048B00069742E68746D6C223E696E6469657472E9
:1048C0006F3C2F613E202F203C6120687265663D61
:1048D000226974656C65786366672D696E746B6FA9
:1048E0006E662E6367693F7370723D69742220742F
:1048F00061726765743D226D61696E223E436F6E21
:104900006669677572617A696F6E65206D6F64752F
:104910006C6F206C6F63616C653C2F613E202F20B3
:104920003C6120687265663D226974656C657863D8
:1049300066672D696E74626574722E6367693F7372
:1049400070723D697422207461726765743D226DD6
:1049500061696E223E506172616D65747269206694
:10496000756E7A696F6E616D656E746F206C6F63C2
:10497000616C653C2F613E202F203C612068726590
:10498000663D226974656C65786366672D65787429
:1049900065726E2E6367693F7370723D6974222081
:1049A0007461726765743D226D61696E223E50616B
:1049B00072616D65747269207265746520692D5429
:1049C000656C65783C2F613E202F203C6120687229
:1049D00065663D226974656C65782D6372656469EE
:1049E00074732E6367693F7370723D69742220741B
:1049F00061726765743D226D61696E223E496D701A
:104A000072657373756D3C2F613E202F203C6120D1
:104A1000687265663D226E6574776F726B2D69747E
:104A20002E68746D6C223E526574653C2F613E2089
:104A30002F203C6120687265663D2273797374652E
:104A40006D2D69742E68746D6C223E5369737465A4
:104A50006D613C2F613E202F203C612068726566AD
:104A60003D226974656C65786366672D7370657245
:104A700072656E2E6367693F7370723D69742220A0
:104A80007461726765743D226D61696E223E426C8D
:104A90006F63636172653C2F613E3C2F424F445906
:104AA0003E3C2F48544D4C3E0D0A0D0A006974657A
:104AB0006C65786366672D6D656E752D69742E68FB
:104AC000746D6C003C48544D4C3E3C484541443E5E
:104AD0003C6C696E6B2072656C3D227374796C65F9
:104AE00073686565742220747970653D22746578F9
:104AF000742F6373732220687265663D2273747924
:104B00006C652E637373223E3C2F484541443E3C06
:104B1000424F4459206267636F6C6F723D2223439A
:104B20003046464330223E3C6120687265663D2235
:104B30006974656C65782D6D656E752D656E2E6872
:104B4000746D6C223E6261636B3C2F613E202F20AE
:104B50003C6120687265663D226974656C657863A6
:104B600066672D696E746B6F6E662E6367693F733F
:104B700070723D656E22207461726765743D226DAE
:104B800061696E223E6C6F63616C206D6F64756C41
:104B90006520636F6E66696775726174696F6E3CDC
:104BA0002F613E202F203C6120687265663D22699E
:104BB00074656C65786366672D696E74626574727E
:104BC0002E6367693F7370723D656E222074617257
:104BD0006765743D226D61696E223E6C6F63616C26
:104BE0002066756E6374696F6E616C6974793C2FB1
:104BF000613E202F203C6120687265663D22697409
:104C0000656C65786366672D65787465726E2E6372
:104C100067693F7370723D656E22207461726765CB
:104C2000743D226D61696E223E692D54656C657814
:104C3000206E6574776F726B2073657474696E672C
:104C4000733C2F613E202F203C6120687265663DD9
:104C5000226974656C65782D637265646974732E5E
:104C60006367693F7370723D656E2220746172677D
:104C700065743D226D61696E223E6372656469747C
:104C8000733C2F613E202F203C6120687265663D99
:104C9000226E6574776F726B2D656E2E68746D6C05
:104CA000223E4E6574776F726B3C2F613E202F2041
:104CB0003C6120687265663D2273797374656D2D61
:104CC000656E2E68746D6C223E53797374656D3C0D
:104CD0002F613E202F203C6120687265663D22696D
:104CE00074656C65786366672D7370657272656E46
:104CF0002E6367693F7370723D656E222074617226
:104D00006765743D226D61696E223E6C6F636B3C1A
:104D10002F613E3C2F424F44593E3C2F48544D4C4E
:104D20003E0D0A0D0A006974656C65786366672D2F
:104D30006D656E752D656E2E68746D6C003C485403
:104D40004D4C3E3C484541443E3C6C696E6B207284
:104D5000656C3D227374796C657368656574222097
:104D6000747970653D22746578742F6373732220A3
:104D7000687265663D227374796C652E6373732265
:104D80003E3C2F484541443E3C424F4459206267D7
:104D9000636F6C6F723D2223433046464330223EA0
:104DA0003C6120687265663D226974656C65782D8A
:104DB0006D656E752D64652E68746D6C223E7A7516
:104DC000722675756D6C3B636B3C2F613E202F2006
:104DD0003C6120687265663D226974656C65786324
:104DE00066672D696E746B6F6E662E6367693F73BD
:104DF00070723D646522207461726765743D226D36
:104E000061696E223E4C6F6B616C6520476572264E
:104E100061756D6C3B74652D4B6F6E66696775725D
:104E20006174696F6E3C2F613E202F203C612068C9
:104E30007265663D226974656C65786366672D6985
:104E40006E74626574722E6367693F7370723D643D
:104E50006522207461726765743D226D61696E22FE
:104E60003E4C6F6B616C652042657472696562735C
:104E700065696E7374656C6C756E67656E3C2F61E9
:104E80003E202F203C6120687265663D2269746572
:104E90006C65786366672D65787465726E2E6367DE
:104EA000693F7370723D6465222074617267657436
:104EB0003D226D61696E223E45696E7374656C6C4E
:104EC000756E67656E20696D20692D54656C657817
:104ED0002D4E65747A3C2F613E202F203C61206866
:104EE0007265663D226974656C65782D63726564D0
:104EF0006974732E6367693F7370723D6465222025
:104F00007461726765743D226D61696E223E496D00
:104F10007072657373756D3C2F613E202F203C616C
:104F200020687265663D226E6574776F726B2D64C2
:104F3000652E68746D6C223E4E65747A7765726B6F
:104F40003C2F613E202F203C6120687265663D2227
:104F500073797374656D2D64652E68746D6C223E73
:104F600053797374656D3C2F613E202F203C612086
:104F7000687265663D226974656C65786366672D45
:104F80007370657272656E2E6367693F7370723DF0
:104F9000646522207461726765743D226D61696E7B
:104FA000223E5370657272656E3C2F613E3C2F420B
:104FB0004F44593E3C2F48544D4C3E0D0A0D0A00BB
:104FC0006974656C65786366672D6D656E752D64B3
:104FD000652E68746D6C003C48544D4C3E3C484511
:104FE00041443E3C6C696E6B2072656C3D2273746B
:104FF000796C6573686565742220747970653D22EB
:10500000746578742F6373732220687265663D221D
:105010007374796C652E637373223E3C2F4845414F
:10502000443E3C424F4459206267636F6C6F723D4F
:105030002223433046464330223E3C61206872655D
:10504000663D226D61696E6D656E752E68746D6C5E
:10505000223E74657275673C2F613E202F203C61B3
:1050600020687265663D226974656C65782D6D7384
:10507000672D6E6C2E68746D6C222074617267658A
:10508000743D226D61696E223E4265726963687487
:10509000207665727A656E64656E3C2F613E202FC6
:1050A000203C6120687265663D226974656C657894
:1050B0002D746C6E7665727A2E6367693F737072B9
:1050C0003D6E6C22207461726765743D226D61696A
:1050D0006E223E41626F6E6E6565206C696A737404
:1050E0003C2F613E202F203C6120687265663D2286
:1050F0006974656C65786366672D6D656E752D6E78
:105100006C2E68746D6C223E506172616D657465C1
:10511000727320692D54656C65783C2F613E202F99
:10512000203C6120687265663D226974656C657813
:105130002D64656275672E636769222074617267EA
:1051400065743D226D61696E223E44656275672D0E
:10515000496E666F27733C2F613E202F203C6120F3
:10516000687265663D226974656C65782D7477692F
:10517000746C6E6C697374652E6367693F737072CB
:105180003D6E6C22207461726765743D226D6169A9
:105190006E223E4B61617274656E204C696A737455
:1051A0003C2F613E3C2F424F44593E3C2F48544DCA
:1051B0004C3E0D0A0D0A006974656C65782D6D65AD
:1051C0006E752D6E6C2E68746D6C003C48544D4CA1
:1051D0003E3C484541443E3C6C696E6B2072656CB8
:1051E0003D227374796C65736865657422207479E7
:1051F00070653D22746578742F6373732220687222
:1052000065663D227374796C652E637373223E3C30
:105210002F484541443E3C424F4459206267636FEA
:105220006C6F723D2223433046464330223E3C6140
:1052300020687265663D226D61696E6D656E752EC2
:1052400068746D6C223E696E64696574726F3C2F80
:10525000613E202F203C6120687265663D226974A2
:10526000656C65782D6D73672D69742E68746D6C2F
:1052700022207461726765743D226D61696E223E01
:10528000547261736D657474657265206D657373B6
:10529000616767696F3C2F613E202F203C61206869
:1052A0007265663D226974656C65782D746C6E76E6
:1052B00065727A2E6367693F7370723D697422204C
:1052C0007461726765743D226D61696E223E456C42
:1052D000656E636F206162626F6E6174693C2F61FD
:1052E0003E202F203C6120687265663D226974650E
:1052F0006C65786366672D6D656E752D69742E68B3
:10530000746D6C223E506172616D657472692069C2
:105310002D54656C65783C2F613E202F203C612028
:10532000687265663D226974656C65782D64656296
:1053300075672E63676922207461726765743D2208
:105340006D61696E223E44656275672D496E666FB8
:105350003C2F613E202F203C6120687265663D2213
:105360006974656C65782D747769746C6E6C69739B
:1053700074652E6367693F7370723D69742220748F
:1053800061726765743D226D61696E223E456C6590
:105390006E636F205363686564653C2F613E3C2FEC
:1053A000424F44593E3C2F48544D4C3E0D0A0D0A85
:1053B000006974656C65782D6D656E752D69742E48
:1053C00068746D6C003C48544D4C3E3C484541442B
:1053D0003E3C6C696E6B2072656C3D227374796C17
:1053E0006573686565742220747970653D22746503
:1053F00078742F6373732220687265663D2273741C
:10540000796C652E637373223E3C2F484541443EC0
:105410003C424F4459206267636F6C6F723D222398
:10542000433046464330223E3C6120687265663D0B
:10543000226D61696E6D656E752E68746D6C223EAD
:105440006261636B3C2F613E202F203C61206872BB
:1054500065663D226974656C65782D6D73672D6591
:105460006E2E68746D6C22207461726765743D22C3
:105470006D61696E223E53656E64206D6573736164
:1054800067653C2F613E202F203C61206872656675
:105490003D226974656C65782D746C6E7665727AE0
:1054A0002E6367693F7370723D656E22207461726E
:1054B0006765743D226D61696E223E537562736348
:1054C0007269626572206469726563746F72793C97
:1054D0002F613E202F203C6120687265663D226965
:1054E00074656C65786366672D6D656E752D656E88
:1054F0002E68746D6C223E692D54656C657820733E
:10550000657474696E67733C2F613E202F203C6187
:1055100020687265663D226974656C65782D6465E6
:105520006275672E63676922207461726765743DD6
:10553000226D61696E223E646562756720696E66E0
:105540006F3C2F613E202F203C6120687265663DD4
:10555000226974656C65782D747769746C6E6C69FA
:105560007374652E6367693F7370723D656E2220A8
:105570007461726765743D226D61696E223E6C696B
:105580007374206F66206D6F64756C65733C2F615A
:105590003E3C2F424F44593E3C2F48544D4C3E0D0B
:1055A0000A0D0A006974656C65782D6D656E752D40
:1055B000656E2E68746D6C003C48544D4C3E3C4802
:1055C0004541443E3C6C696E6B2072656C3D2273B4
:1055D00074796C6573686565742220747970653DB3
:1055E00022746578742F6373732220687265663D38
:1055F000227374796C652E637373223E3C2F484589
:1056000041443E3C424F4459206267636F6C6F7265
:105610003D2223433046464330223E3C612068729F
:1056200065663D226D61696E6D656E752E68746D7F
:105630006C223E7A75722675756D6C3B636B3C2FE0
:10564000613E202F203C6120687265663D226974AE
:10565000656C65782D6D73672D64652E68746D6C4F
:1056600022207461726765743D226D61696E223E0D
:105670004E61636872696368742073656E64656EF9
:105680003C2F613E202F203C6120687265663D22E0
:105690006974656C65782D746C6E7665727A2E63AC
:1056A00067693F7370723D6465222074617267653B
:1056B000743D226D61696E223E5465696C6E656849
:1056C0006D65722D5665727A656963686E69733CA3
:1056D0002F613E202F203C6120687265663D226963
:1056E00074656C65786366672D6D656E752D646590
:1056F0002E68746D6C223E692D54656C65782D455D
:10570000696E7374656C6C756E67656E3C2F613E77
:10571000202F203C6120687265663D226974656CAB
:1057200065782D64656275672E63676922207461F0
:10573000726765743D226D61696E223E44656275D3
:10574000672D496E666F733C2F613E202F203C61B0
:1057500020687265663D226974656C65782D747782
:1057600069746C6E6C697374652E6367693F7370DE
:10577000723D646522207461726765743D226D61BB
:10578000696E223E4D6F64756C2D4C697374653C77
:105790002F613E3C2F424F44593E3C2F48544D4CC4
:1057A0003E0D0A0D0A006974656C65782D6D656E95
:1057B000752D64652E68746D6C004063686172734A
:1057C0006574202249534F2D383835392D31220D3B
:1057D0000A202020613A6C696E6B207B207465780A
:1057E000742D6465636F726174696F6E3A6E6F6E6B
:1057F000653B20666F6E742D7765696768743A62E1
:105800006F6C643B20636F6C6F723A2330303030C2
:1058100041303B207D200D0A202020613A766973BB
:1058200069746564207B20746578742D6465636F8A
:10583000726174696F6E3A6E6F6E653B20666F6E53
:10584000742D7765696768743A626F6C643B206396
:105850006F6C6F723A234130303041303B207D20F5
:105860000D0A202020613A686F766572207B2074D3
:105870006578742D6465636F726174696F6E3A6EDA
:105880006F6E653B20666F6E742D7765696768740F
:105890003A626F6C643B206261636B67726F756E16
:1058A000642D636F6C6F723A234646434343433B18
:1058B000207D200D0A202020613A6163746976659D
:1058C000207B20746578742D6465636F72617469E0
:1058D0006F6E3A6E6F6E653B20666F6E742D7765E6
:1058E000696768743A626F6C643B206261636B67DE
:1058F000726F756E642D636F6C6F723A2346464605
:105900004643433B207D200D0A202020613A666FEC
:10591000637573207B20746578742D6465636F7282
:105920006174696F6E3A6E6F6E653B20666F6E7460
:105930002D7765696768743A626F6C643B206261B9
:10594000636B67726F756E642D636F6C6F723A2351
:105950004343434346463B207D200D0A20202070D0
:105960007265207B206F766572666C6F773A207364
:1059700063726F6C6C3B207D0D0A007374796C65EB
:105980002E637373003C48544D4C3E3C424F445987
:105990003E3C7072653E3C703E202057656C636FE4
:1059A0006D6520746F0D0A5F5F5F5F5F5F5F5F5FB4
:1059B0005F5F5F5F5F5F5F5F5F5F5F5F5F5F5F5FF7
:1059C0005F5F5F5F5F5F5F5F5F5F5F5F5F5F5F5FE7
:1059D0005F5F5F5F5F0D0A202020202020202020B5
:1059E00020202020202020202020202020202020B7
:1059F00020202020202020202020202020202020A7
:105A000020202020200D0A20204F4F4F2020202032
:105A100020204F4F4F4F4F20204F4F4F4F4F2020B0
:105A20004F2020202020204F4F4F4F4F20204F202D
:105A300020204F20200D0A2020204F202020202031
:105A4000202020204F202020204F202020202020F8
:105A50004F2020202020204F202020202020204FB9
:105A6000204F2020200D0A202E2E2E2E2E2E2E2EC0
:105A70002E2E2E2E2E2E2E2E2E2E2E2E2E2E2E2E46
:105A80002E2E2E2E2E2E2E2E2E2E2E2E2E2E2E2E36
:105A90002E2E2E2E2E0D0A2020204F2020204F4F5C
:105AA0004F2020204F202020204F4F4F202020200B
:105AB0004F2020202020204F4F4F2020202020202A
:105AC0004F202020200D0A2020204F2020202020A1
:105AD000202020204F202020204F20202020202068
:105AE0004F2020202020204F202020202020204F29
:105AF000204F2020200D0A20204F4F4F2020202013
:105B0000202020204F202020204F4F4F4F4F20207B
:105B10004F4F4F4F4F20204F4F4F4F4F20204F2080
:105B200020204F20200D0A5F5F5F5F5F5F5F5F5F38
:105B30005F5F5F5F5F5F5F5F5F5F5F5F5F5F5F5F75
:105B40005F5F5F5F5F5F5F5F5F5F5F5F5F5F5F5F65
:105B50005F5F5F5F5F0D0A4275696C6420393333A4
:105B6000204954413220617420446174653A2041D7
:105B7000707220203920323032322030393A3232BD
:105B80003A30350D0A4D6F64756C65733A20416E7D
:105B90007363686C7573730D0A0D0A6275696C64C2
:105BA000206F6E204156522D6C69626320766572BB
:105BB00073696F6E3A20322E302E302F32303135ED
:105BC000303230382077697468206176722D6763CF
:105BD0006320352E342E300D0A0D0A286329323009
:105BE00030362D32303231202020536F6674776189
:105BF00072653A204672656420536F6E6E656E72F0
:105C000065696E0D0A6261736564206F6E204F7066
:105C1000656E4D4350206279204469726B20427258
:105C20006F73737769636B0D0A3C2F7072653E3C2E
:105C30002F703E3C62723E3C703E4F757220686F22
:105C40006D65706167653A203C6120687265663DEC
:105C500022687474703A2F2F7777772E692D7465C8
:105C60006C65782E6E65742F22207461726765747E
:105C70003D22626C616E6B223E7777772E692D74C0
:105C8000656C65782E6E65743C2F613E3C703E54A9
:105C90006869732070726F6A656374206F6E203C50
:105CA0006120687265663D22687474703A2F2F73A4
:105CB0006F75726365666F7267652E6E65742F709F
:105CC000726F6A656374732F6974656C65782F22CF
:105CD000207461726765743D225F626C616E6B2235
:105CE0003E536F75726365466F7267652E6E65749D
:105CF0003C2F613E3C2F424F44593E3C2F48544D6F
:105D00004C3E0D0A00696E666F2E68746D6C003C27
:105D100048544D4C3E3C484541443E3C6C696E6B9A
:105D20002072656C3D227374796C65736865657467
:105D30002220747970653D22746578742F637373C3
:105D40002220687265663D227374796C652E6373D8
:105D500073223E3C2F484541443E3C424F4459202B
:105D60006267636F6C6F723D222343304646433057
:105D7000223E3C6120687265663D226974656C65EF
:105D8000786366672D6D656E752D6E6C2E68746D0B
:105D90006C223E74657275673C2F613E202F203C5B
:105DA0006120687265663D2272657365742E636753
:105DB000693F7370723D6E6C222074617267657406
:105DC0003D226D61696E223E52657365743C2F61A0
:105DD0003E202F203C6120687265663D226E747003
:105DE0002E6367693F7370723D6E6C22207461721E
:105DF0006765743D226D61696E223E4E54503C2FA2
:105E0000613E202F203C6120687265663D226565F9
:105E10006D656D2E6367693F7370723D6E6C2220F5
:105E20007461726765743D226D61696E223E4545FD
:105E3000676568657567656E3C2F613E3C2F424F14
:105E400044593E3C2F48544D4C3E0D0A0D0A0073F8
:105E5000797374656D2D6E6C2E68746D6C003C48A2
:105E6000544D4C3E3C484541443E3C6C696E6B2071
:105E700072656C3D227374796C6573686565742214
:105E800020747970653D22746578742F6373732272
:105E900020687265663D227374796C652E63737336
:105EA000223E3C2F484541443E3C424F44592062EB
:105EB00067636F6C6F723D22234330464643302246
:105EC0003E3C6120687265663D226974656C657848
:105ED0006366672D6D656E752D69742E68746D6CC3
:105EE000223E696E64696574726F3C2F613E202F9B
:105EF000203C6120687265663D2272657365742E70
:105F00006367693F7370723D6974222074617267C0
:105F100065743D226D61696E223E526970726973CB
:105F200074696E6F3C2F613E202F203C61206872A7
:105F300065663D226E74702E6367693F7370723DB3
:105F4000697422207461726765743D226D61696EA7
:105F5000223E4E54503C2F613E202F203C61206851
:105F60007265663D2265656D656D2E6367693F7379
:105F700070723D697422207461726765743D226D90
:105F800061696E223E45456D656D6F7269613C2F9A
:105F9000613E3C2F424F44593E3C2F48544D4C3EAD
:105FA0000D0A0D0A0073797374656D2D69742E687E
:105FB000746D6C003C48544D4C3E3C484541443E59
:105FC0003C6C696E6B2072656C3D227374796C65F4
:105FD00073686565742220747970653D22746578F4
:105FE000742F6373732220687265663D227374791F
:105FF0006C652E637373223E3C2F484541443E3C02
:10600000424F4459206267636F6C6F723D22234395
:106010003046464330223E3C6120687265663D2230
:106020006974656C65786366672D6D656E752D6541
:106030006E2E68746D6C223E6261636B3C2F613E14
:10604000202F203C6120687265663D227265736571
:10605000742E6367693F7370723D656E22207461B0
:10606000726765743D226D61696E223E526573658B
:10607000743C2F613E202F203C6120687265663D94
:10608000226E74702E6367693F7370723D656E2275
:10609000207461726765743D226D61696E223E4EA7
:1060A00054503C2F613E202F203C61206872656671
:1060B0003D2265656D656D2E6367693F7370723D46
:1060C000656E22207461726765743D226D61696E30
:1060D000223E45456D656D3C2F613E3C2F424F444D
:1060E000593E3C2F48544D4C3E0D0A0D0A00737921
:1060F0007374656D2D656E2E68746D6C003C48542C
:106100004D4C3E3C484541443E3C6C696E6B2072B0
:10611000656C3D227374796C6573686565742220C3
:10612000747970653D22746578742F6373732220CF
:10613000687265663D227374796C652E6373732291
:106140003E3C2F484541443E3C424F445920626703
:10615000636F6C6F723D2223433046464330223ECC
:106160003C6120687265663D226974656C65786380
:1061700066672D6D656E752D64652E68746D6C2275
:106180003E7A75722675756D6C3B636B3C2F613E74
:10619000202F203C6120687265663D227265736520
:1061A000742E6367693F7370723D64652220746169
:1061B000726765743D226D61696E223E526573653A
:1061C000743C2F613E202F203C6120687265663D43
:1061D000226E74702E6367693F7370723D6465222E
:1061E000207461726765743D226D61696E223E4E56
:1061F00054503C2F613E202F203C61206872656620
:106200003D2265656D656D2E6367693F7370723DF4
:10621000646522207461726765743D226D61696EE8
:10622000223E45456D656D3C2F613E3C2F424F44FB
:10623000593E3C2F48544D4C3E0D0A0D0A007379CF
:106240007374656D2D64652E68746D6C003C4854E4
:106250004D4C3E3C484541443E3C6C696E6B20725F
:10626000656C3D227374796C657368656574222072
:10627000747970653D22746578742F63737322207E
:10628000687265663D227374796C652E6373732240
:106290003E3C2F484541443E3C424F4459206267B2
:1062A000636F6C6F723D2223433046464330223E7B
:1062B0003C6120687265663D226974656C6578632F
:1062C00066672D6D656E752D6E6C2E68746D6C2213
:1062D0003E74657275673C2F613E202F203C612023
:1062E000687265663D226E6574776F726B2E6367A8
:1062F000693F7370723D6E6C2220746172676574C1
:106300003D226D61696E223E496E666F27733C2F98
:10631000613E202F203C6120687265663D226E65DB
:1063200074776F726B2E6367693F7370723D6E6C2A
:1063300026636F6E66696722207461726765743DBB
:10634000226D61696E223E436F6E66696775726188
:106350007469653C2F613E3C2F424F44593E3C2FAF
:1063600048544D4C3E0D0A0D0A006E6574776F72ED
:106370006B2D6E6C2E68746D6C003C48544D4C3E19
:106380003C484541443E3C6C696E6B2072656C3DF7
:10639000227374796C6573686565742220747970F2
:1063A000653D22746578742F63737322206872656B
:1063B000663D227374796C652E637373223E3C2FA5
:1063C000484541443E3C424F4459206267636F6CEC
:1063D0006F723D2223433046464330223E3C6120CB
:1063E000687265663D226974656C65786366672DC1
:1063F0006D656E752D69742E68746D6C223E696EC4
:1064000064696574726F3C2F613E202F203C6120CF
:10641000687265663D226E6574776F726B2E636776
:10642000693F7370723D697422207461726765748C
:106430003D226D61696E223E496E666F3C2F613E62
:10644000202F203C6120687265663D226E6574775E
:106450006F726B2E6367693F7370723D6974266358
:106460006F6E66696722207461726765743D226D84
:1064700061696E223E436F6E6669677572617A6903
:106480006F6E653C2F613E3C2F424F44593E3C2F7E
:1064900048544D4C3E0D0A0D0A006E6574776F72BC
:1064A0006B2D69742E68746D6C003C48544D4C3EE5
:1064B0003C484541443E3C6C696E6B2072656C3DC6
:1064C000227374796C6573686565742220747970C1
:1064D000653D22746578742F63737322206872653A
:1064E000663D227374796C652E637373223E3C2F74
:1064F000484541443E3C424F4459206267636F6CBB
:106500006F723D2223433046464330223E3C612099
:10651000687265663D226974656C65786366672D8F
:106520006D656E752D656E2E68746D6C223E6261B0
:10653000636B3C2F613E202F203C612068726566B2
:106540003D226E6574776F726B2E6367693F73705F
:10655000723D656E22207461726765743D226D61C3
:10656000696E223E496E666F733C2F613E202F207C
:106570003C6120687265663D226E6574776F726B50
:106580002E6367693F7370723D656E26636F6E663A
:10659000696722207461726765743D226D61696E5E
:1065A000223E436F6E66696775726174696F6E3CF7
:1065B0002F613E3C2F424F44593E3C2F48544D4C96
:1065C0003E0D0A0D0A006E6574776F726B2D656E55
:1065D0002E68746D6C003C48544D4C3E3C4845411F
:1065E000443E3C6C696E6B2072656C3D227374791D
:1065F0006C6573686565742220747970653D2274DA
:106600006578742F6373732220687265663D227308
:1066100074796C652E637373223E3C2F4845414468
:106620003E3C424F4459206267636F6C6F723D225B
:1066300023433046464330223E3C61206872656603
:106640003D226974656C65786366672D6D656E754E
:106650002D64652E68746D6C223E7A757226757590
:106660006D6C3B636B3C2F613E202F203C612068AA
:106670007265663D226E6574776F726B2E63676913
:106680003F7370723D646522207461726765743D6A
:10669000226D61696E223E496E666F733C2F613ECA
:1066A000202F203C6120687265663D226E657477FC
:1066B0006F726B2E6367693F7370723D646526630A
:1066C0006F6E66696722207461726765743D226D22
:1066D00061696E223E4B6F6E66696775726174699F
:1066E0006F6E3C2F613E3C2F424F44593E3C2F4839
:1066F000544D4C3E0D0A0D0A006E6574776F726B37
:106700002D64652E68746D6C003C48544D4C3E3CC5
:10671000484541443E3C6C696E6B2072656C3D227D
:106720007374796C6573686565742220747970651B
:106730003D22746578742F637373222068726566D6
:106740003D227374796C652E637373223E3C2F482F
:106750004541443E3C424F4459206267636F6C6F31
:10676000723D2223433046464330223E3C6120683E
:106770007265663D22696E666F2E68746D6C2220AC
:106780007461726765743D226D61696E223E496E67
:10679000666F3C2F613E202F203C61206872656649
:1067A0003D226974656C65782D6D656E752D646527
:1067B0002E68746D6C223E692D54656C65782028B6
:1067C00044657574736368293C2F613E202F203C1B
:1067D0006120687265663D226974656C65782D6D0F
:1067E000656E752D656E2E68746D6C223E692D5434
:1067F000656C65782028456E676C697368293C2F45
:10680000613E202F203C6120687265663D226974DC
:10681000656C65782D6D656E752D69742E68746D67
:106820006C223E692D54656C657820284974616C32
:1068300069616E6F293C2F613E202F203C612068EA
:106840007265663D226974656C65782D6D656E753F
:106850002D6E6C2E68746D6C223E692D54656C65CE
:106860007820284E656465726C616E6473293C2FD4
:10687000613E202F203C6120687265663D2269746C
:10688000656C65782D637265646974732E636769DE
:1068900022207461726765743D226D61696E223ECB
:1068A000496D7072657373756D202F206372656416
:1068B0006974733C2F613E3C2F424F44593E3C2F3C
:1068C00048544D4C3E0D0A0D0A006D61696E6D65B0
:1068D0006E752E68746D6C0089504E470D0A1A0A49
:1068E0000000000D49484452000002250000003F0E
:1068F0000403000000CD91A50C00000030504C5462
:1069000045FFFF66C0C0C0FF00000000000000009F
:106910000000000000000000000000000000000077
:106920000000000000000000000000000000000067
:1069300000C3145A13000000097048597300000B7B
:106940001300000B1301009A9C180000027F4944B9
:10695000415478DAED5B5B72C3200CB47302ABF781
:106960003F6CE33CA8C9EAB124D30969573F558C71
:1069700084F10E428BA0CB22799093201026C2E4A2
:10698000594CD6EDFCD7968372914EB934A1B036EE
:10699000AD2978C5E23E093A5C466D82612498AC27
:1069A00066DB62663FCAB58FA3726972DE43DAB4F2
:1069B000A6E015D8E1ED57FDC18CCDEDCD07E3DCA8
:1069C0006B3A4CB6E36718F1A9C64D9373CFCDB8B7
:1069D000F03AEDD6B61B6D4DB9BBFD28E67642DB2D
:1069E000B426FF15D86133263ED5C869F2300C6154
:1069F0003288896247987C202653E41D09CFD990BC
:106A0000DB18C98890CE55EE051B4C781DE38554E4
:106A10002DA7A061ECB4A91E4CEC384030AC2AF78D
:106A200060AA770A36D15E18327EECDCBD26C5A49A
:106A30002DB690AF9D2785172EADC11A7BF78AF82A
:106A400009E6F1351E0CF29380E70C4C138EC3302F
:106A50005E484B0ABA254C3C4C143B183BC2E443FD
:106A6000307973DE9188C70A932731D9A368DD0393
:106A70004CCA55F1D6D8F72A9705707DA7224C3C11
:106A80004C1432183B4EADE09F2BCA3BCAC5AFD762
:106A9000D9FA529511352BCBBDB009CB74D86150C2
:106AA0000034D72629A6255E479B74BFD36F7CB0E0
:106AB000DA5CEC89D00B9B9CED5267DC27856E0B72
:106AC000D3EF6EBA0C126C6A12AFA3CD7C98F49B14
:106AD000D67606815BDD6E17DC9E249BDFC4ABB3EC
:106AE000496B4A5D5926384A4BEA4EE8854DC52127
:106AF0005D52EC42F7EAB02FF1EA6C848987896233
:106B000007634798CC8FC90C7947F20A67634E42F6
:106B100019D265041B2C0E37939359FA84372478C5
:106B200003B1C354A41363BF58EDC4971F29556D17
:106B30009971C73AB6DBF37C98042B6A7106D1DBF6
:106B400024F758708D051B9E9F30A77E0CC1A83876
:106B50004C721C397C3D2C6150099911261E268AE5
:106B60001D8C1D61323F2633E41D09C5D982625A4E
:106B7000C2EB98FF535808363824C317DB98F1044A
:106B8000B1136C6A92F862EE8B06900CDCD4F14281
:106B9000A6681ABA96F0073019BE88527965FCC407
:106BA0002F1C251C86B9931F8FDE9E9E268397B8C7
:106BB00098F10813C50E1F3BC2447987C93B126187
:106BC000224C848930F93D4C4CF2205FDF827D01FC
:106BD000B9877BC8E30000000049454E44AE4260DF
:106BE000826C6F6368737472656966656E2D686721
:106BF0002E706E67003C48544D4C3E3C424F445909
:106C000020746578743D22233030303043302220A8
:106C10007374796C653D226261636B67726F756E28
:106C2000642D696D6167653A75726C286C6F636875
:106C3000737472656966656E2D68672E706E67295C
:106C4000223E3C7370616E207374796C653D2266E0
:106C50006F6E743A20626F6C642034307078202735
:106C6000436F7572696572204E6577272C274C75C6
:106C70006369646120436F6E736F6C65272C6D6F61
:106C80006E6F73706163653B20223E3C623E692DEE
:106C900054656C6578202D20546F4950202D206557
:106CA000746865726E657420696E7465726661637E
:106CB000653C2F623E3C2F7370616E3E3C2F424F0D
:106CC00044593E3C2F48544D4C3E0D0A0D0A006875
:106CD0006561646C696E652E68746D6C003C485427
:106CE0004D4C3E3C484541443E3C5449544C453E45
:106CF000692D54656C65783C2F5449544C453E3C95
:106D00002F484541443E3C6672616D657365742051
:106D1000726F77733D2236342C34302C2A2C343069
:106D200022207363726F6C6C696E673D226E6F22F6
:106D3000206672616D65626F726465723D223222F7
:106D400020626F726465723D223222206672616D2C
:106D50006573706163696E673D22322220626F72D3
:106D6000646572636F6C6F723D2223303030303057
:106D700030223E3C6672616D65207372633D22680D
:106D80006561646C696E652E68746D6C22206E613D
:106D90006D653D224E617669676174696F6E31225F
:106DA000207363726F6C6C696E673D226175746FDE
:106DB000223E3C6672616D65207372633D226D6197
:106DC000696E6D656E752E68746D6C22206E616DD6
:106DD000653D224E617669676174696F6E3222206B
:106DE0007363726F6C6C696E673D226175746F229C
:106DF0003E3C6672616D65207372633D22696E660A
:106E00006F2E68746D6C22206E616D653D226D6120
:106E1000696E223E3C6672616D65207372633D222D
:106E200073746174732E63676922206E616D653DB2
:106E30002275706461746522207363726F6C6C6973
:106E40006E673D226175746F223E3C6E6F667261A3
:106E50006D65733E3C626F64793E3C703E4968727A
:106E60002042726F7773657220756E7465727374E9
:106E70002675756D6C3B747A74206B65696E652040
:106E80004672616D6573213C2F703E3C2F626F64CA
:106E9000793E3C2F6E6F6672616D65733E3C2F6666
:106EA00072616D657365743E3C2F48544D4C3E0DC8
:106EB0000A0D0A00696E6465782E68746D6C00694D
:106EC0006E6465782E68746D6C00485454502F3190
:106ED0002E30203430330D0A436F6E74656E742D7E
:106EE000547970653A20746578742F68746D6C0DF0
:106EF0000A4B6565702D416C6976653A20636C6F4D
:106F000073650D0A0D0A3C48544D4C3E3C424F44BB
:106F1000593E3430332046696C65206E6F742066AC
:106F20006F756E64213C2F424F44593E3C2F4854AC
:106F30004D4C3E0D0A0D0A00504F53540047455426
:106F400000687474706400485454502D5365727610
:106F5000657220506F72742025642E0D0A003C2F3C
:106F6000424F44593E3C2F48544D4C3E0D0A0D0AA9
:106F7000003C48544D4C3E3C484541443E3C6D65C8
:106F8000746120687474702D65717569763D226531
:106F90007870697265732220636F6E74656E743DDC
:106FA0002230223E3C212D2D20456E61626C6520F1
:106FB000494539205374616E6461726473206D6F4A
:106FC0006465202D2D3E3C6D65746120687474707D
:106FD0002D65717569763D22582D55412D436F6D94
:106FE00070617469626C652220636F6E74656E7483
:106FF0003D2249453D3922203E3C2F484541443EF3
:107000003C424F44593E00485454502F312E3120B9
:1070100032303020446F63756D656E7420666F6C1E
:107020006C6F77730D0A436F6E74656E742D5479AF
:1070300070653A20746578742F68746D6C0D0A431E
:10704000616368652D436F6E74726F6C3A206E6F6A
:107050002D63616368650D0A436F6E6E65637469C5
:107060006F6E3A20636C6F73650D0A0D0A000C0D8C
:107070000E0F54485245414400455854494E54005F
:10708000436F6E666967004C45445F636F726500CD
:10709000434C4F434B005354444F555400554152B9
:1070A00054006954656C65782E2E2E0D0A00204917
:1070B0006E697469616C6973696572740D0A002088
:1070C0002530325800253032643A253032643A2572
:1070D0003032642C253032643A20006954656C6586
:1070E000783A205465696C6E65686D65722D5665D9
:1070F000727A656963686E697320617573204545AE
:1071000050524F4D2067656C6164656E2E0D0A000C
:10711000202F20253032580D0A006954656C65789F
:107120003A202120456570726F6D204C6164656660
:1071300065686C6572202564006954656C65783AF1
:10714000202A205465696C6E65686D65722D5665E0
:10715000727A656963686E697320776972642075F5
:107160006E76657261656E646572742075656265C0
:10717000726E6F6D6D656E2E0D0A006974656C65BB
:10718000782D746C6E7665727A2E636769003C2F79
:107190007461626C653E003C2F7461626C653E3CBC
:1071A0002F666F726D3E003C2F666F726D3E003C25
:1071B0002F613E3C2F74643E3C2F74723E3C2F7412
:1071C00061626C653E003C74723E3C74643E2623F2
:1071D0003136303B3C2F74643E3C74643E26233190
:1071E00036303B3C2F74643E3C74643E262331367B
:1071F000303B3C2F74643E3C74643E262331363071
:107200003B3C2F74643E3C74643E26233136303B55
:107210003C2F74643E3C74643E26233136303B3C44
:107220002F74643E3C74643E26233136303B3C2F41
:1072300074643E3C74643E26233136303B3C2F74EC
:10724000643E3C74643E3C6120687265663D226920
:1072500074656C65782D746C6E7665727A2E6367D2
:10726000693F656469743D30223E003C74643E268B
:10727000233136303B3C2F74643E3C2F74723E0009
:107280003C2F613E3C2F74643E3C2F74723E003CA8
:1072900074643E3C6120687265663D226974656C69
:1072A00065782D746C6E7665727A2E6367693F65BA
:1072B0006469743D256C64223E003C746420616CFA
:1072C00069676E3D2263656E746572223E253032B9
:1072D000752E253032752E253034752025303264D8
:1072E0003A253032643A253032643C2F74643E00D3
:1072F0003C2F74643E3C74643E26233136303B3C64
:107300002F74643E3C74643E26233136303B3C2F60
:1073100074643E3C74643E26233136303B3C2F740B
:10732000643E003C2F74643E3C746420616C696769
:107330006E3D226C656674223E25733C2F74643E5C
:107340003C746420616C69676E3D2263656E746590
:1073500072223E26233136303B3C2F74643E3C740F
:10736000643E26233136303B3C2F74643E003C2F74
:1073700074643E3C746420616C69676E3D226C6588
:107380006674223E25733C2F74643E3C7464206115
:107390006C69676E3D2263656E746572223E257569
:1073A0003C2F74643E3C74643E26233136303B3CB3
:1073B0002F74643E003C2F74643E3C746420616C06
:1073C00069676E3D226C656674223E3C612068727E
:1073D00065663D22687474703A2F2F2573222074DD
:1073E00061726765743D225F626C616E6B223E253F
:1073F000733C2F613E3C2F74643E3C746420616C8E
:1074000069676E3D2263656E746572223E25753C28
:107410002F74643E3C746420616C69676E3D226326
:10742000656E746572223E25733C2F74643E003C89
:107430002F74643E3C746420616C69676E3D226CFD
:10744000656674223E002000200020003C74642009
:10745000616C69676E3D226C656674223E25733CE3
:107460002F74643E3C74643E26233136303B003C2E
:1074700074723E3C746420616C69676E3D226C6579
:107480006674223E256C643C2F74643E003C2F6180
:107490003E3C62723E003C6120687265663D226936
:1074A00074656C65782D746C6E7665727A2E636780
:1074B000693F616C6C657A656967656E223E003C68
:1074C000666F726D20616374696F6E3D22697465C9
:1074D0006C65782D746C6E7665727A2E636769229E
:1074E0003E003C62723E61726763203D2025642C41
:1074F000206172677631203D20257300636C6561E1
:1075000072006C6F61640073617665003C2F623EAF
:107510003C62723E003C623E002025733C62723E3B
:10752000003A20002025753C62723E002025732021
:10753000282575293C62723E0020257520003C629A
:10754000723E003C62723E003C62723E003A202570
:10755000733C62723E003C62723E00616C746E75F8
:107560006D6D65720064757263687761686C007038
:107570006F7274006164726573736500747970650D
:10758000006C6F636B006C6F63616C003C696E70C4
:107590007574206E616D653D22616C746E756D6DE4
:1075A00065722220747970653D2268696464656E35
:1075B000222076616C75653D22256C64223E00694F
:1075C00074656C65782D746C6E7665727A2E63675F
:1075D00069006564697400646174756D006E616D45
:1075E00065006E756D6D657200616200616C6C6541
:1075F0007A656967656E00736F7274006954656CB3
:1076000065783A205465696C6E65686D65722D56B3
:1076100065727A656963686E697320507275656614
:1076200073756D6D6520616B7475616C69736965E7
:10763000727420617566202530386C582E0D0A0052
:10764000454550524F4D4F4B002E2E2E546C6E42DE
:10765000756368206F6B0D0A006954656C6578006E
:107660006954656C657820506F72742025752E0DF5
:107670000A002E2E2E436769206F6B0D0A006E7470
:10768000702E636769006D656D64756D702E686539
:1076900078006974656C65782D63726564697473CC
:1076A0002E636769006974656C65782D6465627521
:1076B000672E636769006974656C65786366672D1A
:1076C0007370657272656E2E636769006974656CAC
:1076D00065786366672D65787465726E2E63676979
:1076E000006974656C65786366672D696E746265A0
:1076F00074722E636769006974656C657863666788
:107700002D696E746B6F6E662E63676900697465B0
:107710006C65782D747769746C6E6C697374652E02
:10772000636769006974656C65782D6D73672D6F8B
:1077300075742E636769006974656C65782D6D7367
:10774000672D696E2E636769006974656C65785F83
:10775000696E6974323A0D0A0044484350002E2E77
:107760002E54696D65722D43616C6C6261636B2D83
:1077700046756E6B74696F6E206F6B0D0A002E2E4E
:107780002E436F6E666967206F6B0D0A002A3A35CB
:1077900030002E2E2E53656E6465507566666572D8
:1077A0002C20456D7066507566666572206F6B0D96
:1077B0000A006974656C65785F696E6974313A0DA9
:1077C0000A005852414D57414954004E6575737433
:1077D000617274203933332052657365742D466CA1
:1077E00061677320253032580D0A00253032580D5C
:1077F0000A0025303258003A2530325825303458A6
:107800002530325800637572003C2F613E003C61A8
:1078100020687265663D226974656C657863666789
:107820002D65787465726E2E636769223E006974F7
:10783000656C65786366672D65787465726E2E6316
:107840006769003C2F613E003C6120687265663DBF
:10785000226974656C65786366672D696E7462650C
:1078600074722E636769223E006974656C65786383
:1078700066672D696E74626574722E636769003A7B
:107880002025730025732667743B2667743B2667A3
:10789000743B256325733C2F623E003A203C623ED8
:1078A000003A202573003C62723E003C62723E004A
:1078B0003A202573003C62723E003A202573003A5C
:1078C000202573003C62723E003A202573003A2066
:1078D0002573003C62723E003C2F613E003C6120FB
:1078E000687265663D226974656C65786366672DAC
:1078F000696E746B6F6E662E636769223E006974F1
:10790000656C65786366672D696E746B6F6E662E45
:10791000636769003C2F613E3C2F666F726D3E00CD
:1079200020223E3C6120687265663D226974656C68
:1079300065782D6D73672D6F75742E6367692220CE
:107940007461726765743D224D73674F7574223E92
:10795000003C696E707574206E616D653D224569ED
:107960006E676162652220747970653D2274657866
:1079700074222073697A653D223635222076616C47
:1079800075653D2222206D61786C656E6774683D77
:10799000223635223E3C696E7075742074797065AC
:1079A0003D227375626D6974222076616C75653D48
:1079B00022003C666F726D20616374696F6E3D22B8
:1079C0006974656C65782D6D73672D696E2E6367BC
:1079D00069223E0048544D4C2D436861742D41622C
:1079E0006272756368202D2D3E2041757373636844
:1079F000616C74756E6720696E7465726E0D0A0035
:107A0000260048544D4C2D43686174206265676FB1
:107A10006E6E656E2028416E7761686C2025752931
:107A2000202D3E20000D0A0048544D4C2D43686126
:107A3000742045696E676162653A20000D0A004551
:107A4000696E6761626500446972656B7464727522
:107A5000636B20416272756620447275636B73704C
:107A6000696567656C202862656C656774290D0A15
:107A700000446972656B74647275636B2041627255
:107A8000756620447275636B7370696567656C20F9
:107A900028617573290D0A0020282575290D0A0013
:107AA000446972656B74647275636B2041627275B0
:107AB0006620447275636B7370696567656C3A0024
:107AC0003C62723E3C7072653E2573266C743B26A8
:107AD0006C743B266C743B257325733C2F70726568
:107AE0003E003C48544D4C3E3C484541443E3C6D74
:107AF00065746120687474702D65717569763D22B6
:107B0000657870697265732220636F6E74656E7438
:107B10003D2231223E3C6D65746120687474702D85
:107B200065717569763D22707261676D61222063AF
:107B30006F6E74656E743D226E6F2D636163686550
:107B4000223E3C6D65746120687474702D6571759A
:107B500069763D22726566726573682220636F6E76
:107B600074656E743D2231303B2055524C3D697432
:107B7000656C65782D6D73672D6F75742E636769FD
:107B8000223E3C2F484541443E3C424F44593E0032
:107B900025733C62723E002532643A2000494D5004
:107BA000524553535F006974656C65782D63726547
:107BB000646974732E63676900696E76616C6964C9
:107BC000206C696E65206E722E2025643C62723EC8
:107BD000005B25645D202D2D3E2025733A20256411
:107BE000003C62723E3C6120687265663D226974A9
:107BF000656C65782D64656275672E6367693F7291
:107C000065736574223E53746174697374696B2D76
:107C1000446174656E207A75722675756D6C3B6370
:107C20006B7365747A656E3C2F613E3C62723E45B3
:107C3000746865726E65743A20256C6420427974AC
:107C4000657320696E20256C642050616B657465D6
:107C50006E204C6F636B4572726F727320256C647B
:107C60000020256C75003C62723E20564343205B29
:107C70006D565D203D003C62723E53797374656DB4
:107C800053746172745A656974203D2025303275D1
:107C90002E253032752E2530347520253032643A49
:107CA000253032643A253032642C20526573657475
:107CB000466C6167203D2025303258003C62723EA0
:107CC000584D435241203D2025303258003C6272CD
:107CD0003E44656275675F4C6F77657374535020DF
:107CE0003D2025303258003C62723E4E5450557053
:107CF00064617465446966665365636F6E6473207E
:107D00003D202564003C62723E5A65697453657279
:107D10007665724162667261676554696D65724528
:107D20006E6465203D202575003C62723E4C616E9C
:107D30006754696D657256616C28265A656974537B
:107D400065727665724162667261676554696D65D8
:107D50007229203D202575003C62723E4E65747A82
:107D6000456967656E654950203D202530325800D1
:107D70003C62723E4E65747A506F7274203D2025CD
:107D800075003C62723E5443505F736F636B657461
:107D90005B25645D3A20636C6F736564003C6272BE
:107DA0003E5443505F736F636B65745B25645D3A4B
:107DB00020436F6E6E656374696F6E537461746592
:107DC0003D25752C2053656E6453746174653D25A3
:107DD000752C20536F75726365506F72743D2575F5
:107DE0002C2044657374696E6174696F6E506F7294
:107DF000743D25752C20536F7572636549503D2580
:107E00006C582C2054696D656F7574636F756E7452
:107E100065723D2564003C62723E54696D65723046
:107E200043616C6C6261636B5F4D6178203D20251E
:107E300075003C62723E54696D657230436E745FCA
:107E40004D6178203D202575003C62723E54696D7D
:107E5000657230436E745F4D696E203D202575005C
:107E60003C62723E54696D65723043616C6C626154
:107E7000636B436F756E74203D202575003C627204
:107E80003E4954656C6578546872656164436F75EA
:107E90006E74203D202575003C62723E547769491E
:107EA0007372436F756E74203D202575003C6272BD
:107EB0003E46616C7363686572436F6465203D2064
:107EC0002575003C62723E4B75727A54696D65721D
:107ED00056616C28266954656C65785468726561D2
:107EE00064436865636B54696D657229203D202584
:107EF00075003C62723E4B75727A54696D657256BC
:107F0000616C28266954656C6578536F636B657482
:107F10004C6562656E737A65696368656E54696DF8
:107F2000657229203D202575003C62723E427573C2
:107F30004B6F6C6C6973696F6E5A6165686C6572C2
:107F4000203D202575003C62723E5477695761746C
:107F50006368646F67436F756E74203D20257500FC
:107F60003C62723E5477694C6562656E737A6569EE
:107F70006368656E5A6165686C6572203D20257581
:107F8000003C62723E4B75727A54696D657256613F
:107F90006C2826427573517569747454696D6572E5
:107FA00029203D202575003C62723E4C616E67546D
:107FB000696D657256616C28264265696465527503
:107FC00068696754696D657229203D202575003CFC
:107FD00062723E4B75727A54696D657256616C2897
:107FE0002653636872656962506175736554696D83
:107FF000657229203D202575003C62723E4B7572EA
:108000007A54696D657256616C28265761686C50A8
:108010006175736554696D657229203D2025750071
:108020003C62723E5761686C7A69666665726E2062
:108030003D202575003C62723E5761686C6E756D1F
:108040006D6572203D202575002025303258003C9A
:1080500062723E507566666572416E7A61686C2820
:108060002653656E646550756666657229203D20ED
:108070002575003C62723E536572556D53656E64A2
:10808000446174656E203D202575003C62723E534C
:108090006572556D53656E644269744E72203D2061
:1080A0002575003C62723E536572556D5469636B71
:1080B0005A6165686C657253656E64203D20257554
:1080C000003C62723E53656E64654D61726B203D8B
:1080D000202575002025303258003C62723E5075D4
:1080E00066666572416E7A61686C2826456D7066B9
:1080F00050756666657229203D202575003C6272C8
:108100003E536572556D456D70664665686C657267
:10811000203D202575003C62723E536572556D45C9
:108120006D7066446174656E203D202575003C626B
:10813000723E536572556D456D70664D61726B5A36
:108140006165686C203D202575003C62723E536578
:1081500072556D456D70664269744E72203D2025E2
:1081600075003C62723E536572556D5469636B5A7B
:108170006165686C6572456D7066203D20257500EF
:108180003C62723E427573456D70664D61726B2044
:108190003D202575003C62723E536572556D5469F1
:1081A000636B7350726F426974203D202575003CEB
:1081B00062723E42757356657262506172746E658A
:1081C00072203D202575003C62723E5465696C6EDC
:1081D00065686D65725365727665724665686C6533
:1081E000725A6165686C657228257329203D2025C7
:1081F000642C205370657272652D54696D65722010
:108200002564003C62723E416B74546C6E5365721F
:1082100076657254616249203D202575003C62728A
:108220003E5465696C6E65686D65725365727665FE
:1082300072416C6C654E69636874457272656963FE
:1082400068626172203D202575003C62723E546573
:10825000696C6E65686D6572536572766572536F91
:10826000636B6574203D202564003C62723E53655B
:108270006C627374416E7275665A65697455656295
:10828000657277616368756E673A20003C62723E82
:1082900046616C73636847656865696D7A61686C8F
:1082A0005A6165686C6572203D202575003C6272DC
:1082B0003E53656C627374416E727566456D70668F
:1082C000616E67507275656677657274203D202512
:1082D00075003C62723E53656C627374416E7275D8
:1082E0006653656E64655072756566776572742055
:1082F0003D202575003C62723E53656C627374418B
:108300006E727566536F636B657448616E646C65FD
:10831000203D202564003C62723E53656C6273749C
:10832000416E727566456E647A656974203D2025DC
:1083300075003C62723E4B75727A54696D65725677
:10834000616C282653656C627374416E7275665455
:10835000696D657229203D202575003C62723E538F
:10836000656C627374416E7275664665686C6572A1
:108370005A6165686C6572203D202575003C62720B
:108380003E53656C627374416E72756650686173BA
:1083900065203D202575003C62723E44796E49504F
:1083A000416B7475616C6973696572756E67456E52
:1083B000647A656974203D202575003C62723E4CEC
:1083C000616E6754696D657256616C282644796EDA
:1083D0004950416B7475616C6973696572756E673C
:1083E00054696D657229203D202575003C62723EFE
:1083F00044796E49505F5068617365203D20257552
:10840000003C62723E52656D6F74655365727665AD
:108410007241646472657373496E646578203D20AF
:108420002575003C62723E4B75727A54696D6572B7
:1084300056616C282652656D6F746553657276655A
:1084400072436865636B54696D657229203D202510
:1084500075003C62723E52656D6F7465536572764D
:1084600065725265636F6E6E65637454696D657293
:10847000456E64203D202575003C62723E4B75724E
:108480007A54696D657256616C282652656D6F74F9
:1084900065536572766572416374696F6E54696D78
:1084A000657229203D202575003C62723E52656D43
:1084B0006F7465536572766572536F636B65744252
:1084C000756655736564203D202575003C62723EDB
:1084D00052656D6F74655365727665724C696E6B2B
:1084E000536F636B657448616E646C65203D202535
:1084F00075003C62723E52656D6F746553657276AD
:1085000065724C696E6B537461747573203D2025E0
:1085100075003C62723E52656D6F7465536572768C
:108520006572416374697665203D202575003C6263
:10853000723E536F636B6574416E7A61686C5A6505
:10854000696368656E456D7066616E67656E203D36
:10855000202575003C62723E536F636B6574416EFB
:108560007A61686C5A65696368656E51756974747F
:1085700069657274203D202575003C62723E536F20
:10858000636B6574416E7A61686C5A65696368658E
:108590006E476573656E646574203D202575003CEB
:1085A00062723E50726F746F6B6F6C6C5068617367
:1085B00065203D202575003C62723E536F636B65FC
:1085C000744F757442756655736564203D2025753A
:1085D000003C62723E536F636B6574496E42756610
:1085E00055736564203D202575003C62723E4B75D5
:1085F000727A54696D657256616C28266954656C8F
:108600006578536F636B6574416262727563685419
:10861000696D657229203D202575003C62723E69B6
:1086200054656C6578536F636B6574416262617504
:108630004765706C616E74203D202575003C627248
:108640003E6954656C6578536F636B657450726FE7
:108650007456657273696F6E203D202575003C620B
:10866000723E6954656C6578536F636B65745072C4
:108670006F746F6B6F6C6C203D202575003C6272CF
:108680003E6954656C6578536F636B6574506F72A7
:1086900074203D202575003C62723E6954656C650E
:1086A00078536F636B65744950203D2025303258F4
:1086B000003C62723E6954656C6578536F636B650C
:1086C0007448616E646C65203D202564003C6272D4
:1086D0003E6954656C6578536F636B65744D6F6468
:1086E00065203D202575003C62723E5374617475AF
:1086F00073203D2025303258003C62723E4D6F643D
:108700007573203D202575003C62723E44696167A7
:108710006E6F73655075666665724C6576656C2024
:108720003D20257500446961676E6F7365507566FD
:108730006665723A202573004C65747A7465722000
:10874000416E7275663A20253032752E25303275AD
:108750002E2530347520253032643A253032643A83
:10876000253032643C62723E007761746368646FE6
:108770006774657374007265736574006E6C00696C
:108780007400656E00646500737072000D0A003A33
:10879000006367692D41756672756620766F6E207D
:1087A00000006B656E6E77005A7567726966666564
:1087B00020706572205443503A002020257578209F
:1087C000202D257573000D0A706F72742025752099
:1087D000697020000D0A0020282D25752053656B37
:1087E000756E64656E290D0A002D3E2533752020B7
:1087F0002049503A002053746174653A253375005E
:108800002020202000536F636B65744368616E679E
:10881000653A2048616E646C653A25640052656D66
:108820006F746553657276657220766572776572CE
:1088300066652025752042797465732044617465EE
:108840006E206175732053656E64652D5075666684
:108850006572206265692067657363686C6F737306
:10886000656E656D20536F636B65740D0A00212082
:1088700052656D6F746553657276657220776972A3
:108880006420776567656E2053656E64656665680C
:108890006C65722067657472656E6E742E0D0A00C9
:1088A000202D2D3E205265732025640D0A0052654F
:1088B0006D6F74655365727665722053656E64756D
:1088C0006E673A20282575290025642F3130302025
:1088D00073656B0D0A002A2052656D6F7465205315
:1088E0006572766572205765636873656C2C206EBF
:1088F000657565205665727A6F65676572756E6716
:108900002000206572666F6C677265696368206716
:10891000656F6566666E65740D0A0052656D6F74ED
:1089200065205365727665722000206B6F6E6E74E1
:1089300065206E696368742067656F6566666E653D
:10894000742077657264656E0D0A00212052656D92
:108950006F746520536572766572200020756E62B3
:10896000656B616E6E740D0A00212052656D6F7427
:10897000652053657276657220486F73746E616D01
:1089800065200052656D6F7465536572766572205F
:1089900073656E646520456E64650D0A002A205279
:1089A000656D6F74655365727665722068617420B9
:1089B000536F636B657420554E4745504C414E5480
:1089C0002067657363686C6F7373656E2E0D0A00A4
:1089D00052656D6F74655365727665722068617457
:1089E00020536F636B6574206B6F7272656B7420BC
:1089F00067657363686C6F7373656E2E0D0A002074
:108A00002D2D3E207769726420766572776F7266CD
:108A1000656E0D0A00212052656D6F746553657295
:108A200076657220556E6775656C7469676573202D
:108A300054656C656772616D6D20656D7066616E01
:108A400067656E3A002A2052656D6F7465536572D2
:108A50007665722068617420456E64652D42656696
:108A600065686C20676573636869636B740D0A00E1
:108A700052656D6F746553657276657220686174B6
:108A80002056657262696E64756E677377756E7372
:108A9000636820676573636869636B742C2077690A
:108AA0007264206162676577696573656E3A0D0A65
:108AB0000052656D6F7465536572766572206861EA
:108AC000742056657262696E64756E677377756E31
:108AD00073636820676573636869636B742C2077C0
:108AE00069726420616E67656E6F6D6D656E3A0DBB
:108AF0000A00202D2D3E20427566557365642025A1
:108B0000750D0A002564290052656D6F7465536503
:108B10007276657220456D7066616E673A20282511
:108B2000642F006C696D6974696572742061756683
:108B30002025640D0A002A2052656D6F7465536507
:108B40007276657220456D7066616E672064726F23
:108B500068656E6465722055656265726C617566E4
:108B60003A20456D7066616E6720766F6E202564D1
:108B700020005275666E756D6D65722D416266726C
:108B800061676500416266726167652062656920A0
:108B90005465696C6E65686D65722D536572766596
:108BA000726E0D0A002534640D0A002534640053EA
:108BB000656E644220253464004665726E6B6F6E8C
:108BC000666967204B656E6E3D2564206F6B0D0AEC
:108BD0000044757263687761686C20696E20546127
:108BE00062656C6C6520676566756E64656E2025D0
:108BF000750D0A0044757263687761686C20617551
:108C00007320546162656C6C6520756D6765736572
:108C1000747A742025750D0A004475726368776153
:108C2000686C2D416E66726167652025750D0A00BE
:108C30002534640D0A0025346400456D70664120BA
:108C40002531366400204B656E6E3D253032580D5F
:108C50000A00204C656E3D2564004665726E6B6FA0
:108C60006E66696720214665686C657220436F6493
:108C7000653D2564006665726E6B6F6E6665727227
:108C80000053656E64652050726F746F6B6F6C6C0F
:108C900076657273696F6E2D566F727363686C615F
:108CA000672025750D0A0050726F746F6B6F6C6CC6
:108CB00076657273696F6E2D566F727363686C613F
:108CC0006720257520656D7066616E67656E0D0A9B
:108CD000005175697474756E677374656C6567723D
:108CE000616D6D20657268616C74656E202D3E202B
:108CF00045696E736368616C742D4B646F2F517599
:108D0000697420616E205457490D0A006F63630037
:108D100076657262756E64656E206D697420257566
:108D20000D0A00212073706F6E74616E65203F3FE5
:108D30003F20416E7761686C20696E7465726E20A9
:108D400025752000416262617562656665686C2008
:108D5000766F6E20476567656E7374656C6C650D24
:108D60000A000D0A002A204162626175626566652B
:108D7000686C20766F6E20476567656E7374656CEE
:108D80006C653A0053656E64656E42657363686C2A
:108D900065756E6967656E2045494E0D0A002A208B
:108DA00076657273706165746574652045696E736C
:108DB0006368616C74756E670D0A0053656E646557
:108DC0006E42657363686C65756E6967656E204198
:108DD00055530D0A002534640D0A002534640045FE
:108DE0006D7066422025313664006E61002A417341
:108DF0006369692D416E7275662061626765776986
:108E00006573656E20284173636969456D70664DB1
:108E10006F6475733D2575290D0A006E6100253458
:108E2000640D0A002534640053656E6441202534C6
:108E3000640048545450002A206954656C65782DAC
:108E4000426C696E64736F636B65742073656C62EA
:108E500073742067657472656E6E740D0A002A2043
:108E60006954656C65782D426C696E64736F636BD1
:108E7000657420777572646520766F6E204765672C
:108E8000656E7374656C6C652067657472656E6E73
:108E9000740D0A0021205A45495455454245525304
:108EA000434852454954554E4720626569205769E9
:108EB000656465726175666E61686D652064657272
:108EC0002056657262696E64756E670D0A00212016
:108ED0004D6568726661636865204645484C455239
:108EE000206265696D2053656E64656E20696E73DE
:108EF000204E65747A2C20536F636B6574207769FC
:108F0000726420766F727565626572676568656EFA
:108F1000642067657363686C6F7373656E0D0A0018
:108F200021204D6568726661636865204645484C3E
:108F30004552206265696D2053656E64656E2069D7
:108F40006E73204E65747A20616265722056657278
:108F500062696E64756E67736162626175206765D0
:108F6000706C616E740D0A002F253032580D0A00A6
:108F70002053756D416E7A202575002C2052657343
:108F80007420257500202D2D3E2052657320256408
:108F900000536F636B65742053656E64756E673A3A
:108FA0002028257529005769656465722D4F65660F
:108FB000666E756E672064657320536F636B6574AE
:108FC00020232564206572666F6C6772656963682B
:108FD0002E0D0A0021205769656465722D4F656664
:108FE000666E756E672064657320536F636B65747E
:108FF00020564552534147542E0D0A00202D2D3E38
:1090000020427566557365642025750D0A00256438
:109010002900536F636B657420456D7066616E67E0
:109020003A202825642F006C696D69746965727433
:10903000206175662025640D0A002A20536F636B3A
:10904000657420456D7066616E672064726F686537
:109050006E6465722055656265726C6175663A2052
:10906000456D7066616E6720766F6E202564200006
:10907000536F636B6574207769726420616B7469E8
:10908000762067657363686C6F7373656E0D0A0095
:10909000536F636B657420777572646520766F6EAD
:1090A00020476567656E7374656C6C6520657277C3
:1090B00061727465742067657363686C6F73736540
:1090C0006E0D0A002120536F636B657420777572F3
:1090D000646520766F6E20476567656E7374656C96
:1090E0006C652047455452454E4E540D0A00536F4F
:1090F000636B657420777572646520766F6E2047A8
:109100006567656E7374656C6C65206572776172F6
:109110007465742067657363686C6F7373656E0D37
:109120000A002120536F636B657420777572646544
:1091300020766F6E20476567656E7374656C6C652D
:1091400020554E455257415254455420676573632C
:10915000686C6F7373656E0D0A002A20536F636B22
:109160006574496E4275662067656C6F65736368E8
:10917000742C206461206E7572206E6F63682061AC
:109180007566204772756E647374656C6C756E6776
:1091900020676577617274657420776972640D0A5F
:1091A00000206D6F64757320256400202000040387
:1091B0006F6363000403616273002021202E2E2E52
:1091C000416277656973756E6720617566206265B7
:1091D000726569747320626573746568656E646531
:1091E0006D20426C696E642D536F636B65742E0D38
:1091F0000A00202A202E2E2E41424745574945532A
:10920000454E2C2061756620426C696E642D536F4B
:10921000636B65742067656C6567740D0A002C20AC
:1092200056657262696E64756E67206265737465F7
:109230006874002C20616E64657265206B6F6D6DC3
:10924000656E64652056657262696E64756E67202E
:10925000626573746568742100202E2E2E5769652F
:1092600064657276657262696E64756E67206F6B95
:109270000D0A002C20616E646572776569746967F8
:109280002062656C65677400202E2E2E6E65752039
:109290006F6B0D0A00202F204D4143200053657253
:1092A0007665722D536F636B657420232564206788
:1092B000656F6566666E657420766F6E2049502016
:1092C00000253032752E253032752E25303475202C
:1092D00020253032643A253032640D0A0021536F64
:1092E000636B6574207A756D205465696C6E656872
:1092F0006D65722D5365727665722067657363685C
:109300006C6F7373656E2C2044796E49505F5068A2
:1093100061736520776172206E6F63682027616BCF
:10932000746976272E0D0A00536F636B6574207A7B
:10933000756D205465696C6E65686D65722D536539
:109340007276657220777572646520766F6E20473D
:109350006567656E7374656C6C65206765736368BB
:109360006C6F7373656E0D0A002120756E657277E0
:1093700061727465746520416E74776F72742064D5
:109380006573205465696C6E65686D65722D5365F3
:1093900072766572730D0A002A20557273616368D4
:1093A0006520646572204665686C65726D656C64E5
:1093B000756E6720756E6B6C61720D0A000D0A0088
:1093C00021204665686C65726D656C64756E6720FA
:1093D000646573205465696C6E65686D65722D53A4
:1093E0006572766572733A2000546C6E53657276BE
:1093F0006572206D656C646574204C697374656E6C
:10940000656E64650D0A000D0A0044796E616D6930
:10941000736368652049502D416B7475616C697385
:10942000696572756E673A206E65756520495020D2
:109430000044796E616D69736368652049502D4100
:109440006B7475616C6973696572756E673A2062D9
:109450006573746568656E64652049502067696C42
:1094600074207765697465720D0A00212044617467
:10947000656E7361747A20766F6D205465696C6EC9
:1094800065686D65722D536572766572206D6974BD
:10949000204E7220256C64206B6F6E6E7465206E9A
:1094A0006963687420676573706569636865727461
:1094B0002077657264656E0D0A002120696D206C4D
:1094C0006F6B616C656E2054656C65666F6E62755E
:1094D000636820616C73202750726976617427205D
:1094E00067656B656E6E7A656963686E65740D0A93
:1094F0000021205465696C6E65686D65722D536539
:1095000072766572206D656C64657420414E4445C9
:109510005245204E756D6D657220616C7320616ED1
:10952000676566726167740D0A000D0A005465690B
:109530006C6E65686D65722D536572766572206D0F
:10954000656C6465742045696E7472616720676537
:1095500066756E64656E3A20005465696C6E656868
:109560006D65722D536572766572206D656C6465EC
:109570007420276E6963687420676566756E64651C
:109580006E270D0A000D0A00256429005465696CD8
:109590006E65686D65722D53657276657220456DD6
:1095A0007066616E673A202825642F00202D3E20CA
:1095B000766572776F7266656E2C20536F636B658C
:1095C000742067657363686C6F7373656E0D0A0052
:1095D00021205465696C6E65686D65722D536572E6
:1095E00076657220456D7066616E6720554542450F
:1095F000524C415546207A75207669656C65204449
:109600006174656E20282564206279746529002ABA
:109610002053656C6273742D416E7275662D536FA5
:10962000636B65742064757263682054696D656F3F
:1096300075742067657363686C6F7373656E210D55
:109640000A00212053656C6273742D416E72756639
:10965000204B45494E204563686F20656D706661FB
:109660006E67656E2E0D0A00212053656C6273745F
:109670002D416E727566204142474542524F434824
:10968000454E20776567656E204D6F6475732D5765
:1096900065636873656C2E0D0A00212053656C624A
:1096A00073742D416E7275662046414C5343484594
:1096B00020446174656E20656D7066616E67656ECD
:1096C0002E0D0A0053656C6273742D416E727566BF
:1096D0002062657374616574696774204950204124
:1096E0006472657373652E0D0A002A2053656C62DF
:1096F00073742D416E727566206572666F6C677249
:109700006569636820616267657363686C6F737312
:10971000656E2E0D0A00212053656C6273742D4115
:109720006E72756620446174656E2D53656E647546
:109730006E6720564552534147542E0D0A0053651B
:109740006C6273742D416E72756620446174656E2F
:1097500020756562657220536F636B6574202325E5
:109760006420676573656E6465742E0D0A002120A0
:1097700053656C6273742D416E727566206F6566F9
:10978000666E656E2064657320536F636B6574202D
:10979000564552534147542E0D0A0053656C62736F
:1097A00074616B7475616C6973696572756E67005D
:1097B0004772756E647374656C6C756E6720657244
:1097C0007265696368742028536F636B65742067E2
:1097D000657363686C6F7373656E2C2054574920F2
:1097E00067657363686C6F7373656E290D0A005249
:1097F00065737465206765647275636B74202D2DC5
:109800003E20417573736368616C74756E6720697F
:109810006E7465726E0D0A0048544D4C2D4368619C
:10982000742D52756865202D2D3E2041757373632C
:1098300068616C74756E6720696E7465726E0D0A6E
:10984000000D0A004D656C64756E67736472756314
:109850006B202D3E20000D0A00446961676E6F7316
:1098600065647275636B3A20000D0A0A0A003A209B
:10987000002A205461737465206765647275636B98
:1098800074202D2D3E2052657374652D44727563CE
:109890006B206162676562726F6368656E0D0A00B6
:1098A0007279727972797279727972797279727960
:1098B0007279727972797279727972797279727950
:1098C0007279727972797279727972797279727940
:1098D00072790D0A003A20253032752E2530327506
:1098E0002E2530347520253032753A253032753AC0
:1098F000253032750D0A000D0A002A20416262618E
:109900007520776567656E203130204D696E7574FE
:10991000656E2046756E6B7374696C6C652E0D0AEE
:109920000064657200212054696D656F7574206252
:1099300065696D2057617274656E2061756620647B
:1099400069652045696E736368616C7471756974CB
:1099500074756E670D0A002A2054696D656F757401
:10996000206265696D2057617274656E206175664D
:1099700020646965205363686C75737371756974CD
:1099800074756E670D0A002A2031352053656B759A
:109990006E64656E206E69636874206765776165C3
:1099A000686C742C20416262727563680D0A000D48
:1099B0000A0028256429200025396C64202D2025E3
:1099C00073202D20004E616D656E737563686500B0
:1099D0000D0A003E206C656E203D2025640D0A00B6
:1099E000537461727465204E616D656E7373756337
:1099F00068652066756572203C006F6363002120F6
:109A0000416E7761686C20696E7465726E20616E5C
:109A100020257520564552534147540D0A0076655E
:109A20007262756E64656E206D69742025750D0A0D
:109A300000416E7761686C20696E7465726E2025D6
:109A4000752000416E6765727566656E6572206887
:109A50006174206765616E74776F72746574202D10
:109A60003E2045696E736368616C742D4B646F2F83
:109A70005175697420616E205457490D0A002120E8
:109A8000494C4C4547414C45532050726F746F6BA5
:109A90006F6C6C0D0A000D0A002A204672656D6419
:109AA00070726F746F6B6F6C6C2065726B616E6E31
:109AB000743A0021205457492D54696D656F7574AF
:109AC000202D3E204162736368616C74756E670D72
:109AD0000A0054574920417573736368616C74754B
:109AE0006E6720696E7465726E0D0A0021205363E3
:109AF000686C7573737175697474756E67206F68BF
:109B00006E6520417566666F72646572756E670D6D
:109B10000A0054574920417573736368616C74750A
:109B20006E67207175697474696572740D0A0054EA
:109B300065696C6E65686D657220256C7520696D50
:109B400020656967656E656E2054656C65666F6E2D
:109B50006275636820676566756E64656E2E0D0AB2
:109B6000004E616D656E737375636865206765731C
:109B7000746172746574202D3E2045696E7363684C
:109B8000616C742D4B646F2F5175697420616E2068
:109B90005457490D0A00545749205761686C7A6937
:109BA0006666657220257520696E7465726E202F59
:109BB00020676568656E640D0A0054574920576137
:109BC000686C617566666F72646572756E67206930
:109BD0006E7465726E202F206B6F6D6D656E640DF7
:109BE0000A005457492045696E736368616C74714B
:109BF00075697474756E672066756572206765682F
:109C0000656E64202F204D6F647573202564207568
:109C1000656265722054574920657268616C74658D
:109C20006E0D0A005457492045696E736368616C74
:109C3000747175697474756E6720667565722065D8
:109C40002D4D61696C2D447275636B0D0A0054577C
:109C5000492045696E736368616C747175697474C9
:109C6000756E672066756572204D656C64756E67EC
:109C700073647275636B0D0A005457492045696E11
:109C8000736368616C747175697474756E67206E46
:109C900061636820426567696E6E2048544D4C2DA3
:109CA000436861740D0A005457492045696E736317
:109CB00068616C747175697474756E6720696E740F
:109CC00065726E202F206B6F6D6D656E640D0A00DE
:109CD0005457492045696E736368616C746B6F6D8E
:109CE0006D616E646F20696E7465726E202F2067DF
:109CF0006568656E640D0A005457492052657365A6
:109D00007276696572756E6720696E7465726E2011
:109D10002F20676568656E6420766F6E2025750D4F
:109D20000A00212045696E736368616C74756E6703
:109D300020257520696E7465726E20564552534118
:109D400047540D0A0045696E736368616C74756EE3
:109D50006720257520696E7465726E0D0A00426178
:109D600075646F744D6F6465203D2025640D0A0095
:109D700041736369692D56657261726265697475B4
:109D80006E673A202575205A65696368656E2061A3
:109D9000757320417363696948696C6650756666BE
:109DA00065722076657261726265697465742C00F3
:109DB0000D0A00202020202020676577616E6465F1
:109DC0006C7420696E3A200020282B2575290D0A15
:109DD0000041736369692D566572617262656974C9
:109DE000756E673A20000D0A000D0D0D0A00626BBA
:109DF0000061627300646572006E61006E63006FE3
:109E00006363000D0A005761686C4162627275639A
:109E1000684D656C64756E670020756E64205665CC
:109E20007273696F6E2025750D0A002D3E207365D3
:109E30006E64652044757263687761686C2025756F
:109E400000436C69656E742D536F636B65742023DA
:109E50002564206954656C6578206572666F6C674F
:109E600072656963682067656F6566666E657420F4
:109E700000436C69656E742D536F636B65742023AA
:109E80002564204173636969206572666F6C67722F
:109E9000656963682067656F6566666E6574202D09
:109EA0003E2045696E736368616C742D4B646F2F3F
:109EB0005175697420616E205457490D0A002120A4
:109EC000436C69656E742D536F636B6574206B6FA3
:109ED0006E6E7465206E6963687420657273746D4C
:109EE000616C69672067656F6566666E657420776B
:109EF000657264656E0D0A002A205465696C6E6592
:109F0000686D6572206973742047454C4F45534313
:109F100048540D0A002120654D61696C206E69630B
:109F2000687420756E74657273747565747A740DD7
:109F30000A00206E6963687420676566756E6465E3
:109F40006E0D0A0021204950207A7520486F7374E5
:109F50006E616D65200020506F72742025750D0AAA
:109F600000203D200056657262696E64756E6773ED
:109F7000617566626175207A7520486F73746E61D1
:109F80006D65200020506F72742025750D0A0056F3
:109F9000657262696E64756E67736175666261751C
:109FA000207A752049502000204665686C65727AD9
:109FB0006165686C65722076657272696E6765723C
:109FC00074206175662025640D0A005465696C6E05
:109FD00065686D65722D5365727665722000204646
:109FE00065686C65727A6165686C65722065726817
:109FF0006F656874206175662025640D0A005465DC
:10A00000696C6E65686D65722D5365727665722038
:10A0100000292E0D0A00204950206E6963687420C3
:10A0200062656B616E6E7420284F6566666E756E34
:10A03000672066756572200021205465696C6E6525
:10A04000686D65722D53657276657220002E0D0A5B
:10A0500000204745534348454954455254206675AE
:10A0600065722000212056657262696E64756E67A4
:10A07000737665727375636820616E205465696CD0
:10A080006E65686D65722D53657276657220002E5F
:10A090000D0A0020536F636B6574202325642068CC
:10A0A000657267657374656C6C7420667565722083
:10A0B0000056657262696E64756E6720616E205429
:10A0C00065696C6E65686D65722D53657276657233
:10A0D00020002120696E7465726E6572205665726B
:10A0E00062696E64756E6773706172746E657220FA
:10A0F000257520697374205343484F4E20465245BE
:10A10000492E0D0A002120696E7465726E657220F9
:10A1100056657262696E64756E6773706172746E93
:10A120006572202575204E49434854204D454852BC
:10A1300020455252454943484241522E0D0A00578C
:10A1400065636873656C206E616368204D6F64752C
:10A150007320507566666572447275636B556E64E4
:10A160005363686C7573732028766F6E202564299D
:10A170000D0A005765636873656C206E6163682023
:10A180004D6F64757320527568652028766F6E2058
:10A190002564290D0A00496E7465726E65566572F4
:10A1A00062696E64756E674265656E64656E206196
:10A1B0007573676568656E6420766F6E204D6F6499
:10A1C00075732025640D0A002C20536572556D545B
:10A1D00069636B7350726F426974203D2025750D61
:10A1E0000A0053657269656C6C556D7365747A49C4
:10A1F0006E69743A2042757356657262506172746A
:10A200006E6572203D202575006E616368202564AF
:10A210002E0D0A004D6F6475735765636873656C26
:10A2200020766F6E202564200021205265736574AE
:10A2300020776567656E206E696368742D41756669
:10A2400072756620766F6E206974656C65785F74D0
:10A25000687265616428290D0A006954656C657827
:10A2600028253575293A2000202E2E2E676573701B
:10A27000656963686572740D0A00253032752E2594
:10A280003032752E2530347520253032753A253020
:10A2900032753A253032752000202E2E2E69676ED9
:10A2A0006F72696572742C20766F72686572696767
:10A2B00065204D656C64756E67206E6F6368206EF7
:10A2C00069636874206765647275636B740D0A0056
:10A2D000284E554C4C2900446961676E6F73656167
:10A2E000757367616265204C6576656C2025643AFC
:10A2F000200053756D6D652F416E7A203D20256CD1
:10A30000752F257520204D6178203D202575202052
:10A31000416E7A55656265724772656E7A65203D59
:10A32000202575005255464E525345525633005221
:10A3300055464E525345525632005255464E525390
:10A34000455256310052454D53455256414B5449A2
:10A35000560053454C425354414E504552004E45D1
:10A36000545A504F52540044594E4950414B54494D
:10A37000560050494E004E45545A5255464E5200D2
:10A380005A45495452554E4453454E44005A454946
:10A390004C454E4C41454E47450041534349494584
:10A3A0004D5046004155544F444154554D0054576B
:10A3B000494E45550042415544544142004455528E
:10A3C00043485741484C54414200414C5445524E39
:10A3D000424549424553004D454C445255434B007C
:10A3E00046455354454850535400454947454E450A
:10A3F0004E554D4D45520048415550545354454CCF
:10A400004C45004C414E474449454E53544D454CF4
:10A41000440050524F544C4556454C544C4E5352A8
:10A42000560050524F544C4556454C00544C4E42E9
:10A430005543484F4646454E0043464750415353C7
:10A4400000535052414348450054455854005A4522
:10A45000494C4500656565656565733A292E292D6A
:10A460002929202B2700616F75414F5573283A2801
:10A470002E282D28202B2700E4F6FCC4D6DCDF5B39
:10A480005D3C3E7B7D405F23220039333300112445
:10A4900084B78BBD8DB78EBB8EB78ABD14BE0FB689
:10A4A000F894A89580916000886180936000109274
:10A4B00060000FBE11241FBEC0E0D0E2DEBFCDBFE2
:10A4C00000E00CBF13E2A0E0B2E2E0E7F8EF01E049
:10A4D0000BBF02C007900D92A034B107D9F72DE34E
:10A4E000A0E4B3E201C01D92A933B207E1F70E94D4
:10A4F0009BF60C9436FC0C94000003D00FD10C9406
:10A500005581CF93DF93CDB7DEB763970FB6F8943D
:10A51000DEBF0FBECDBFE4E1FCE28FEF9FEF95837E
:10A52000848393878287918B808BCE0101960E94D2
:10A530000A888C818093132C8B818093262C66EF64
:10A5400070E086E593E50E94EB7D63960FB6F89484
:10A55000DEBF0FBECDBFDF91CF910895CF93DF93C4
:10A56000EC0186E08C9FF0018D9FF00D1124EC5ED4
:10A57000F34D84819581019649F1628173818091C7
:10A58000132C90E077FF06C00E94C8F621E0892BCB
:10A5900031F004C021E08617970709F020E086E03B
:10A5A0008C9FF0018D9FF00D1124EC5EF34D6081C6
:10A5B00071818091262C90E077FF05C00E94C8F63B
:10A5C000892B39F003C06817790719F080E090E013
:10A5D00005C081E090E0213009F080E0DF91CF916B
:10A5E0000895EF92FF920F931F93CF93DF93CDB710
:10A5F000DEB7A0970FB6F894DEBF0FBECDBF7C01CB
:10A600007F936F938BEF90E09F938F938E010F5FFB
:10A610001F4F1F930F930E9425F9B701C8010E9495
:10A62000AA690F900F900F900F900F900F90A09627
:10A630000FB6F894DEBF0FBECDBFDF91CF911F9153
:10A640000F91FF90EF90089543E050E00C94D07B81
:10A65000CF93DF93CDB7DEB7AD970FB6F894DEBFDB
:10A660000FBECDBFBC01CE010196BBDFBE01685D50
:10A670007F4FCE010196E8DFCE0181960E94617D79
:10A6800060E070E080E00E94507D8CA59DA50E9456
:10A69000A67CCE0181960E94707DAD960FB6F8948F
:10A6A000DEBF0FBECDBFDF91CF9108950F931F93F3
:10A6B000CF93DF93CDB7DEB763970FB6F894DEBFC5
:10A6C0000FBECDBFCE0101960E940A889C81809169
:10A6D000132C981305C09B818091262C981799F014
:10A6E0008C818093132C8B818093262C00E010E0CA
:10A6F000C80134DF892B11F0C801AADF0F5F1F4F9B
:10A7000003301105A9F763960FB6F894DEBF0FBEAC
:10A71000CDBFDF91CF911F910F9108957F928F92BE
:10A720009F92AF92BF92CF92DF92EF92FF920F93E0
:10A730001F93CF93DF93CDB7DEB7A6970FB6F894EC
:10A74000DEBF0FBECDBFDDDEA12CB12C00E010E0DE
:10A750008BEF882E80E0982E9E012F5F3F4F69017E
:10A7600096E0792E1F930F939F928F92DF92CF9254
:10A770000E9425F9B601C6010E94AA690F900F90A8
:10A780000F900F900F900F90019619F1BE016F5D21
:10A790007F4FC60159DF0397E1F47A9CC0017B9C8F
:10A7A000900D1124FC01EC5EF34D7F0115830483B1
:10A7B00089A19AA10E9425F7F701938382838BA137
:10A7C0009CA10E9425F7F70191838083FFEFAF1AC8
:10A7D000BF0A0F5F1F4F0330110521F6A6960FB673
:10A7E000F894DEBF0FBECDBFDF91CF911F910F91C7
:10A7F000FF90EF90DF90CF90BF90AF909F908F90A1
:10A800007F9008950895089508950E94E9CF8823C0
:10A81000B1F00E94EA8182E191E09F938F930E94C0
:10A82000FEF80E949B688BE091E09F938F930E94BB
:10A83000FEF80F900F900F900F900C94F3810895F5
:10A8400068E171E085E094E50C948D81089562E201
:10A8500071E086E294E50C948D810F931F93CF9362
:10A86000DF93CDB7DEB7A0970FB6F894DEBF0FBE6B
:10A87000CDBF8C010E94E9CF882309F487C10E94D3
:10A88000EA81F801E855FF4F80819181892B69F4B5
:10A890008BEE94E09F938F930E94FEF882EE94E0FB
:10A8A0009F938F930E94FEF8C9C06BED74E0C801BE
:10A8B0000E942680892B09F4C6C08DE894E09F93FE
:10A8C0008F930E94FEF88E010F5F1F4FB80188E83A
:10A8D00094E00E94436B8FE294E09F938F930E94D9
:10A8E000FEF88AE294E00E94526C0F900F900F9055
:10A8F0000F90019639F067E274E0C8010E9494F766
:10A90000892B41F48FE194E09F938F930E94FEF88E
:10A910000F900F9083E194E09F938F930E94FEF835
:10A92000B80180E194E00E94436B0F900F90019773
:10A9300059F06091172270911822809119229091FC
:10A940001A22A8010E94A7751F930F938BE993E029
:10A950009F938F930E94FEF8B80186E993E00E94CE
:10A96000436B0F900F900F900F90019759F06091EB
:10A970001322709114228091152290911622A80121
:10A980000E94A7751F930F9382E293E09F938F938A
:10A990000E94FEF8B8018DE193E00E94436B0F9096
:10A9A0000F900F900F90019759F060910F227091C6
:10A9B00010228091112290911222A8010E94A77565
:10A9C0001F930F9389EA92E09F938F930E94FEF862
:10A9D000B80185EA92E00E94436B0F900F900F90B0
:10A9E0000F90019759F060910B2270910C22809189
:10A9F0000D2290910E22A8010E94A7751F930F931C
:10AA00008FE292E09F938F930E94FEF8B8018BE251
:10AA100092E00E94436B0F900F900F900F90019760
:10AA200029F0B80184E092E20E94AE6E1F930F936A
:10AA30008DE591E09F938F930E94FEF80F900F9009
:10AA40000F900F90A1C064E175E0C8010E942680BC
:10AA5000892B79F064E175E0C8010E94F27F8C597E
:10AA60009F4FFC01EE0FFF1FE00FF11F608171810E
:10AA700002C060E372E284E195E00E94EA6B61E16A
:10AA800075E0C8010E942680892B91F061E175E094
:10AA9000C8010E94F27F8C599F4FFC01EE0FFF1FEF
:10AAA000E00FF11F6081718181E195E00E94EA6B06
:10AAB0006CE075E0C8010E942680892B91F06CE063
:10AAC00075E0C8010E94F27F8C599F4FFC01EE0F88
:10AAD000FF1FE00FF11F608171818CE095E00E9403
:10AAE000EA6B67E075E0C8010E942680892B91F02F
:10AAF00067E075E0C8010E94F27F8C599F4FFC010E
:10AB0000EE0FFF1FE00FF11F6081718187E095E07C
:10AB10000E94EA6B63E075E0C8010E942680892BE1
:10AB200091F063E075E0C8010E94F27F8C599F4F5D
:10AB3000FC01EE0FFF1FE00FF11F6081718183E0C8
:10AB400095E00E94EA6B6FEF74E0C8010E942680D6
:10AB5000892B91F06FEF74E0C8010E94F27F8C594D
:10AB60009F4F880F991FF801E80FF91F60817181CD
:10AB70008FEF94E00E94EA6B8AE291E09F938F93BB
:10AB80000E94FEF80F900F900E94F381A0960FB6DE
:10AB9000F894DEBF0FBECDBFDF91CF911F910F9113
:10ABA000089563EF74E08DE294E50C948D8108952F
:10ABB000CF93DF93EC010E94E9CF882309F44EC0C4
:10ABC0000E94EA81FE01E855FF4F80819181892B27
:10ABD00061F481E395E09F938F930E94FEF80F90BC
:10ABE0000F90DF91CF910C94F3816BE275E0CE0171
:10ABF0000E942680892B91F16FE175E0CE010E94C1
:10AC0000F27F8C599F4FFC01EE0FFF1FEC0FFD1FD1
:10AC100065E275E0808191810E9494F7892BF1F4BF
:10AC200089E195E09F938F930E94FEF80E94F38143
:10AC30000E94037DC451DF4F888199810E949C8EC0
:10AC400081E00E946C8582E00E946C8583E00E9416
:10AC50006C850E94FB980F900F90FFCFDF91CF91F2
:10AC6000089562EB75E088ED95E50C948D810F9366
:10AC70001F93CF93DF93CDB7DEB763970FB6F894EA
:10AC8000DEBF0FBECDBF8C01CE0101960E940A88A7
:10AC9000809140239091412301969093412380938A
:10ACA0004023888599857F816E8159814A813B81C6
:10ACB0002C819F938F931F927F931F926F931F926C
:10ACC0005F931F924F931F923F931F922F938FEC8E
:10ACD00095E09F938F930E94FEF8F801E451FF4F97
:10ACE00081818F9380818F93809141238F93809175
:10ACF00040238F938091012D8F938091002D8F930E
:10AD00008091FF2C8F938091FE2C8F938CEB95E09C
:10AD10009F938F930E94FEF80FB6F894DEBF0FBE8C
:10AD2000CDBF63960FB6F894DEBF0FBECDBFDF91E7
:10AD3000CF911F910F91089565E776E087E396E53F
:10AD40000C948D815FDDF8DF2CDF7ADD8ADF5BDD3F
:10AD50007EDD2DDF59CD1092690010926A000895B2
:10AD60008830910564F45DB321E030E0B90102C0A0
:10AD7000660F771F8A95E2F7CB01852B8DBB08956F
:10AD8000883091050CF040C0643071050CF03EC075
:10AD9000FC01EE0FFF1F84309105C4F4A0916900FF
:10ADA00023E030E00E2E01C0220F0A94EAF720952E
:10ADB0002A2320936900209169000E2E01C0660F9E
:10ADC0000A94EAF7622B6093690017C0A0916A00A9
:10ADD00023E030E00E2E01C0220F0A94EAF72095FE
:10ADE0002A2320936A0020916A000E2E01C0660F6C
:10ADF0000A94EAF7622B60936A00E95DF34D518390
:10AE00004083AEDF80E008958EEF08958FEF0895C0
:10AE1000883091056CF44DB321E030E0B90102C0F7
:10AE2000660F771F8A95E2F7CB01809584238DBB4F
:10AE300008951F920F920FB60F9211240BB60F9226
:10AE40002F933F934F935F936F937F938F939F9332
:10AE5000AF93BF93EF93FF93E091272CF091282CB1
:10AE60001995FF91EF91BF91AF919F918F917F9134
:10AE70006F915F914F913F912F910F900BBE0F906B
:10AE80000FBE0F901F9018951F920F920FB60F9242
:10AE900011240BB60F922F933F934F935F936F93B1
:10AEA0007F938F939F93AF93BF93EF93FF93E09123
:10AEB000292CF0912A2C1995FF91EF91BF91AF9118
:10AEC0009F918F917F916F915F914F913F912F91C2
:10AED0000F900BBE0F900FBE0F901F9018951F92F2
:10AEE0000F920FB60F9211240BB60F922F933F9330
:10AEF0004F935F936F937F938F939F93AF93BF9382
:10AF0000EF93FF93E0912B2CF0912C2C1995FF914E
:10AF1000EF91BF91AF919F918F917F916F915F91D1
:10AF20004F913F912F910F900BBE0F900FBE0F903E
:10AF30001F9018951F920F920FB60F9211240BB607
:10AF40000F922F933F934F935F936F937F938F93C2
:10AF50009F93AF93BF93EF93FF93E0912D2CF091CC
:10AF60002E2C1995FF91EF91BF91AF919F918F91E9
:10AF70007F916F915F914F913F912F910F900BBEF9
:10AF80000F900FBE0F901F9018951F920F920FB643
:10AF90000F9211240BB60F922F933F934F935F9311
:10AFA0006F937F938F939F93AF93BF93EF93FF9391
:10AFB000E0912F2CF091302C1995FF91EF91BF91DA
:10AFC000AF919F918F917F916F915F914F913F9141
:10AFD0002F910F900BBE0F900FBE0F901F901895E2
:10AFE0001F920F920FB60F9211240BB60F922F9350
:10AFF0003F934F935F936F937F938F939F93AF9301
:10B00000BF93EF93FF93E091312CF091322C19957F
:10B01000FF91EF91BF91AF919F918F917F916F9130
:10B020005F914F913F912F910F900BBE0F900FBEEC
:10B030000F901F9018951F920F920FB60F92112428
:10B040000BB60F922F933F934F935F936F937F9322
:10B050008F939F93AF93BF93EF93FF93E091332C24
:10B06000F091342C1995FF91EF91BF91AF919F9181
:10B070008F917F916F915F914F913F912F910F90A1
:10B080000BBE0F900FBE0F901F9018951F920F923E
:10B090000FB60F9211240BB60F922F933F934F933D
:10B0A0005F936F937F938F939F93AF93BF93EF9330
:10B0B000FF93E091352CF091362C1995FF91EF918B
:10B0C000BF91AF919F918F917F916F915F914F91C0
:10B0D0003F912F910F900BBE0F900FBE0F901F90BE
:10B0E0001895CF93DF93EB011092382C1092372CE8
:10B0F0002AE02093810023E0880F991F2A95E1F729
:10B100009C0140E050E060E074E284EF90E00E9437
:10B11000DBF62C1B3D0B309389002093880082E0E6
:10B1200080936F00DF91CF910895EFE6F0E080818A
:10B130008D7F80830895EFE6F0E0808182608083D8
:10B1400008951F920F920FB60F9211240BB60F9213
:10B150002F933F934F935F936F937F938F939F931F
:10B16000AF93BF93EF93FF93E091372CF091382C7E
:10B17000309709F01995FF91EF91BF91AF919F9191
:10B180008F917F916F915F914F913F912F910F9090
:10B190000BBE0F900FBE0F901F9018952091372C6B
:10B1A0003091382C2817390731F0232B31F4909344
:10B1B000382C8093372C81E0089580E00895AC010D
:10B1C0009091840020E030E02417350749F0809109
:10B1D00084009817C9F3909184002F5F3F4FF4CFFC
:10B1E0000895809184009091850008951F920F9298
:10B1F0000FB60F9211240BB60F928F93EF93FF931C
:10B20000E1ECF0E080818F7B808310924223FF91FC
:10B21000EF918F910F900BBE0F900FBE0F901F906C
:10B2200018951F920F920FB60F9211240BB60F9222
:10B230002F933F934F935F936F937F938F939F933E
:10B24000AF93BF93EF93FF938091392C90913A2C59
:10B250000E948F66892B49F08091392C90913A2C6D
:10B260000E94DF678093C6000AC08091C10080649D
:10B270008093C1008091C1008F7D8093C100FF91B8
:10B28000EF91BF91AF919F918F917F916F915F915E
:10B290004F913F912F910F900BBE0F900FBE0F90CB
:10B2A0001F9018951F920F920FB60F9211240BB694
:10B2B0000F922F933F934F935F936F937F938F934F
:10B2C0009F93AF93BF93CF93EF93FF93C091C6002B
:10B2D00080913B2C90913C2C0E948F6640973CF4CF
:10B2E0006C2F80913B2C90913C2C0E942767FF9102
:10B2F000EF91CF91BF91AF919F918F917F916F917E
:10B300005F914F913F912F910F900BBE0F900FBE09
:10B310000F901F90189560E170E08DE59CE20E940F
:10B32000686690936E2C80936D2C60E170E081E7ED
:10B330009CE20E9468669093702C80936F2C109210
:10B3400043231092CD0087E68093CC0088E9809358
:10B35000C90086E08093CA0008951F920F920FB62D
:10B360000F9211240BB60F928F93EF93FF93E9EC9A
:10B37000F0E080818F7B808310924323FF91EF91D7
:10B380008F910F900BBE0F900FBE0F901F901895CE
:10B390001F920F920FB60F9211240BB60F922F939C
:10B3A0003F934F935F936F937F938F939F93AF934D
:10B3B000BF93EF93FF9380916F2C9091702C0E941C
:10B3C0008F66892B49F080916F2C9091702C0E9490
:10B3D000DF678093CE000AC08091C90080648093AB
:10B3E000C9008091C9008F7D8093C900FF91EF91C2
:10B3F000BF91AF919F918F917F916F915F914F918D
:10B400003F912F910F900BBE0F900FBE0F901F908A
:10B4100018951F920F920FB60F9211240BB60F9230
:10B420002F933F934F935F936F937F938F939F934C
:10B43000AF93BF93CF93EF93FF93C091CE008091D2
:10B440006D2C90916E2C0E948F6640973CF46C2F6F
:10B4500080916D2C90916E2C0E942767FF91EF9147
:10B46000CF91BF91AF919F918F917F916F915F919C
:10B470004F913F912F910F900BBE0F900FBE0F90E9
:10B480001F901895CF93DF93C82FDFB7F894809162
:10B490006F2C9091702C0E948F66892B31F58091D2
:10B4A0004323813091F46C2F80916F2C9091702CFC
:10B4B0000E9427678091C9008F7B8093C90080918B
:10B4C000C90080628093C90022C0C093CE008091E1
:10B4D000C90080648093C9008091C9008F7D8093EA
:10B4E000C90081E08093432312C0F89480916F2CAF
:10B4F0009091702C0E948F66409714F0DFBFF5CFBB
:10B500006C2F80916F2C9091702C0E942767DFBF69
:10B51000DF91CF910895CF93CFB7F89480916D2CA0
:10B5200090916E2C0E948F66892B39F080916D2C42
:10B5300090916E2C0E94DF6701C080E0CFBFCF9159
:10B540000895CF93CFB7F89480916D2C90916E2C85
:10B550000E948F66CFBFCF9108952AE0AC01249F4F
:10B56000C001259F900D1124FC01EC5CFD4D019064
:10B57000F081E02D19942AE0AC01249FC001259FA1
:10B58000900D1124FC01EC5CFD4D0280F381E02D57
:10B59000862F19942AE0AC01249FC001259F900DAD
:10B5A0001124FC01EC5CFD4D0480F581E02D199423
:10B5B0002AE0AC01249FC001259F900D1124FC01BD
:10B5C000EC5CFD4D0680F781E02D1994BACF1F93F6
:10B5D000CF93DF93162F64E473E20E94436BEC0178
:10B5E000019799F464EA78E084E493E20E9494F786
:10B5F000892B49F084E493E20E9425F731E0892BFE
:10B6000009F430E0C32F8C2F01C0812FDF91CF913F
:10B610001F910895CF93DF93EC0185E998E09F9304
:10B620008F930E94FEF8DF93CF930E94FEF880E68E
:10B6300098E09F938F930E94FEF80F900F900F90C9
:10B640000F900F900F90DF91CF9108950F931F935C
:10B65000CF93DF93182F092FEB0189E498E09F9394
:10B660008F930E94FEF80F931F930E94FEF881E3D0
:10B6700098E09F938F930E94FEF8DF93CF930E94F0
:10B68000FEF88DB79EB708960FB6F8949EBF0FBE12
:10B690008DBFDF91CF911F910F910895EF92FF928F
:10B6A0000F931F93CF93DF93EA01F22EE32ECEDFA9
:10B6B000DF93CF93EF92FF921F930F93DF93CF937C
:10B6C00083EF97E09F938F930E94FEF88DB79EB70C
:10B6D0000A960FB6F8949EBF0FBE8DBFDF91CF9133
:10B6E0001F910F91FF90EF9008950F931F93CF93A9
:10B6F000DF93EA01122F032FA9DFDF93CF930F937C
:10B700001F93DF93CF9386EB97E09F938F930E94D5
:10B71000FEF88DB79EB708960FB6F8949EBF0FBE81
:10B720008DBFDF91CF911F910F910895CF93C42FBB
:10B730008DDF8AE997E09F938F930E94FEF80F9028
:10B740000F90CC2341F081E997E09F938F930E9463
:10B75000FEF80F900F9085E897E09F938F930E94DB
:10B76000FEF80F900F90CF9108957F928F929F9245
:10B77000AF92BF92CF92DF92EF92FF920F931F93FF
:10B78000CF93DF93182FD92EEB01742E79018EE61B
:10B7900097E09F938F930E94FEF8DF921F930E9481
:10B7A000FEF885E597E09F938F930E94FEF8DF9364
:10B7B000CF930E94FEF889E497E09F938F930E94B5
:10B7C000FEF88DB79EB70A960FB6F8949EBF0FBECF
:10B7D0008DBFC0E0D0E010E088E1C82E87E0D82E11
:10B7E0009CE2A92E97E0B92E2EE0822E27E0922E21
:10B7F000171531F1101305C0DF93CF93BF92AF92AD
:10B8000004C0DF93CF93DF92CF920E94FEF80F9097
:10B810000F900F900F90F70181818F9380818F930C
:10B820000E94FEF8F2E0EF0EF11C9F928F920E94B0
:10B83000FEF81F5F21960F900F900F900F90D8CFBA
:10B840008FEF96E09F938F930E94FEF80F900F90DA
:10B85000DF91CF911F910F91FF90EF90DF90CF90EC
:10B86000BF90AF909F908F907F900895CF93DF937C
:10B87000EC0181ED96E09F938F930E94FEF8DF9399
:10B88000CF930E94FEF885EB96E09F938F930E94E2
:10B89000FEF80F900F900F900F900F900F90DF9188
:10B8A000CF9108959F92AF92BF92CF92DF92EF9285
:10B8B000FF920F931F93CF93DF935C01F62E972E89
:10B8C0006A01E901BA010E942680892B09F46FC040
:10B8D0002197B601C5010E94F27F8C599F4FFC0150
:10B8E000EE0FFF1FEA0DFB1D60817181AE0184E444
:10B8F00093E20E947BF894E4A92E93E2B92ECC5BEC
:10B90000DC4D188280EB96E09F938F930E94FEF8A7
:10B910009F92FF920E94FEF8B801C5010E945BF859
:10B920000F900F900F900F906E2D892BB1F48CE536
:10B9300090E057D79F938F930E94FEF8BF92AF92EB
:10B940008BEA96E09F938F930E94FEF80F900F90E2
:10B950000F900F900F900F902AC08DE590E041D787
:10B960009F938F930E94FEF8BF92AF9286EA96E073
:10B970009F938F930E94FEF864E473E2C6010E94D5
:10B98000EA6B0F900F900F900F900F900F9064E460
:10B9900073E2C801DF91CF911F910F91FF90EF905B
:10B9A000DF90CF90BF90AF909F900C9464F8DF91A0
:10B9B000CF911F910F91FF90EF90DF90CF90BF90AC
:10B9C000AF909F9008952F923F924F925F926F9207
:10B9D0007F928F929F92AF92BF92CF92DF92EF921F
:10B9E000FF920F931F93CF93DF9300D01F92CDB799
:10B9F000DEB73C016B837C835A834983180129019C
:10BA00001A8DBA010E942680892B09F476C06981BB
:10BA10007A81C3010E94F27F8C599F4F880F991F32
:10BA2000F301E80FF91F608171814AE050E084E47E
:10BA300093E20E947BF810924E2384E493E20E94EA
:10BA400042F76C157D058E059F0548F06B017C0162
:10BA500086169706A806B90610F4750164012AE057
:10BA600044E453E2C701B6010E94B1F881EA96E0CE
:10BA70009F938F930E94FEF88C818F939B819F935D
:10BA80000E94FEF80F900F900F900F90612FC2143C
:10BA9000D304E404F50491F48CE590E0A2D69F93DE
:10BAA0008F930E94FEF8FF92EF92DF92CF928BE984
:10BAB00096E09F938F930E94FEF817C08DE590E06B
:10BAC00090D69F938F930E94FEF8FF92EF92DF92A1
:10BAD000CF9285E996E09F938F930E94FEF864E4ED
:10BAE00073E289819A810E94EA6B0FB6F894DEBFF7
:10BAF0000FBECDBFB601C70102C0B101C2010F9098
:10BB00000F900F900F90DF91CF911F910F91FF90A9
:10BB1000EF90DF90CF90BF90AF909F908F907F90ED
:10BB20006F905F904F903F902F900895CF92DF924B
:10BB3000EF92FF920F931F93CF93DF93EC01D62EDA
:10BB4000C72E7A01122FBA010E942680892BE9F0B4
:10BB5000B701CE010E94F27F8C599F4FFC01EE0F7E
:10BB6000FF1FEC0FFD1F6081718142E050E084E413
:10BB700093E20E947BF81092462384E493E20E94B1
:10BB800025F7C1E0892B39F405C080E38093442375
:10BB900010924523C0E080E996E09F938F930E9426
:10BBA000FEF8CF92DF920E94FEF80F900F900F9058
:10BBB0000F90602FC11316C08CE590E012D69F93B2
:10BBC0008F930E94FEF81F92CF938BE896E09F938D
:10BBD0008F930E94FEF80F900F900F900F900F9090
:10BBE0000F9025C08DE590E0FCD59F938F930E9428
:10BBF000FEF81F92CF9386E896E09F938F930E9462
:10BC0000FEF80F900F900F900F900F900F90CC2395
:10BC100019F063E876E002C06FE776E084E493E22F
:10BC20000E949DF764E473E2C7010E94EA6B8C2FC7
:10BC3000DF91CF911F910F91FF90EF90DF90CF9008
:10BC40000895CF93DF93CDB7DEB7EB970FB6F89497
:10BC5000DEBF0FBECDBFCE0189960E940A88BE010D
:10BC60006F5F7F4F8BE699E00E94436B019729F449
:10BC7000CE0101960E9425F78AAB83E699E00E94E7
:10BC8000526C892B29F061E083E699E0A0DC8BAF50
:10BC9000CE0189960E941E88EB960FB6F894DEBFFF
:10BCA0000FBECDBFDF91CF910895CF92DF92EF927B
:10BCB000FF921F93CF93DF93CDB7DEB7EB970FB60D
:10BCC000F894DEBF0FBECDBF60E08DE799E07FDC6A
:10BCD000882309F45EC0BE016F5F7F4F83E799E060
:10BCE0000E94436B019709F054C0CE0189960E94CF
:10BCF0000A88CFA8D8ACE9ACFAAC1AA9CE01019653
:10BD00000E943B75212F30E0AE014F5F5F4F0E94D4
:10BD1000E177019641F1CE0189960E940A888091CF
:10BD200056308230A0F08EE099E00E942A9ACE012F
:10BD300001960E94F9994FA958AD69AD7AAD4C1999
:10BD40005D096E097F0987ED98E00E94419A8FA9ED
:10BD500098ADA9ADBAAD8C199D099093822C8093B2
:10BD6000812C81E017C080915630882361F089ECE6
:10BD700098E00E942A9ACE0101960E94F99987EADA
:10BD800098E00E942A9A8FE097E29093822C809309
:10BD9000812C80E0EB960FB6F894DEBF0FBECDBFCE
:10BDA000DF91CF911F91FF90EF90DF90CF9008959A
:10BDB000BF92CF92DF92EF92FF920F931F93CF9398
:10BDC000DF93CDB7DEB7E7970FB6F894DEBF0FBEAF
:10BDD000CDBF6C0163E474E20E9450CC41E06091FD
:10BDE0004324C6010E9463CB882309F401C160E0AB
:10BDF0008DE799E0ECDB11E0811101C010E061E01A
:10BE000083E699E0E4DBFF24F394811101C0F12C77
:10BE100083E799E00E94526C019641F0BE016F5F8A
:10BE20007F4F83E799E00E94436B01C019828BE644
:10BE300099E00E94526C019641F0BE016C5C7F4F0C
:10BE40008BE699E00E94436B06C061E679E0CE0183
:10BE5000C4960E949DF70E94EA81F601E855FF4FC3
:10BE600080819181892B09F036C089E599E0D2DB88
:10BE7000609143248DE990E0B4D4412F6DE779E0DF
:10BE800055DC609143248EE990E0ABD49E012F5F96
:10BE90003F4F4FE150E063E779E027DC60914324B6
:10BEA0008FE990E09ED49E012C5C3F4F43E050E030
:10BEB0006BE679E01ADC6091432480EA90E091D44B
:10BEC0004F2D63E679E032DC609143248EE590E00B
:10BED00088D4CCDC8BC0609143248AE590E081D487
:10BEE0009F938F930E94FEF886E499E09F938F932F
:10BEF0000E94FEF8609143248BE590E072D49F93FA
:10BF00008F930E94FEF881E499E09F938F930E94A3
:10BF1000FEF800914324602F8DE990E062D4212F38
:10BF20004DE759E0BC01C60101DEB82EE090432484
:10BF30006E2D8EE990E055D48E010F5F1F4F20E2E9
:10BF400030E043E759E0BC01C601ACDCE09043249B
:10BF50006E2D8FE990E045D40D5C1F4F24E030E05A
:10BF60004BE659E0BC01C6019DDC00914324602FE3
:10BF700080EA90E036D42F2D43E659E0BC01C6019B
:10BF8000D5DD809143240E9417E98CE399E09F93CB
:10BF90008F930E94FEF80FB6F894DEBF0FBECDBFA0
:10BFA000BB2021F14EDE81DECE0181960E940A88FF
:10BFB0006AA15BA14CA188A599A53FA12EA11F92C2
:10BFC0006F931F925F931F924F939F938F931F9234
:10BFD0003F931F922F938AE199E09F938F930E9442
:10BFE000FEF80FB6F894DEBF0FBECDBF0E94F381FE
:10BFF000E7960FB6F894DEBF0FBECDBFDF91CF91AD
:10C000001F910F91FF90EF90DF90CF90BF90089518
:10C01000FB018B3119F482E0808303C08F3119F466
:10C02000108280E008959081292F2E7F20839670C2
:10C03000E82FF0E0923019F4EF57F64F02C0EF55B9
:10C04000F64F849108956670623019F0E1EAF9E0E4
:10C0500002C0E1E8F9E09FEB980F9A3108F4805EA6
:10C0600090E02491821731F031969F5F9032C9F7AA
:10C070008FEF0895892F0895CF92DF92EF92FF926C
:10C080000F931F93CF93C82F7B016A0189018FEF14
:10C09000F9018083CF3039F48BE1F601808383E0AE
:10C0A000F701808327C0CE3039F48FE1F601808319
:10C0B00081E0F70180831FC0FB01608160FD08C043
:10C0C00060E08C2FC0DFF80180838F3F71F709C0DB
:10C0D000C731B1F38C2FB7DFF60180838F3F51F466
:10C0E000EFCF62E08C2FAFDFF80180838F3FA1F6A6
:10C0F00080E001C081E0CF911F910F91FF90EF9000
:10C10000DF90CF9008958A3989F028F4833941F07F
:10C11000863931F011C08C3949F0893AC9F10CC027
:10C1200081E080939C2C1092A32C089581E0809351
:10C130009C2C8093A32C0895E091472491E09E0FBE
:10C1400090934724F0E0E85BFB4D80838091472487
:10C15000843148F080914624811102C083E10CC0F3
:10C16000109247240BC09091472480914624981345
:10C1700005C0809147248150809347248091992C59
:10C1800080648093992C8091992C8F778093992C3F
:10C1900008955FB7F8944091992C21E030E0B901FF
:10C1A00002C0660F771F8A95E2F7CB018095842342
:10C1B0008093992C5FBF08954FB7F8945091992CB4
:10C1C00021E030E0B90102C0660F771F8A95E2F7DF
:10C1D000CB01852B8093992C4FBF08951F920F920E
:10C1E0000FB60F9211240BB60F922F933F934F93DC
:10C1F0005F936F937F938F939F93AF93BF93EF93CF
:10C20000FF938091832C9091842C01969093842CA1
:10C210008093832C8091B900887F803609F4CAC04E
:10C22000B0F5883209F48DC090F4803109F475C0FE
:10C2300038F4882309F4A9C0883009F459C035C1FD
:10C24000883109F46EC0803209F472C02EC1803486
:10C2500009F429C160F4803309F473C0883309F00C
:10C2600024C18091A12C8F5F8093A12CD8C08035F0
:10C2700009F47EC0883509F47BC0883409F015C103
:10C2800085E08093852C81E08093A22C7FC0883943
:10C2900009F4E8C0C0F4883709F4C3C038F488361C
:10C2A00009F483C0803709F4C1C0FFC0883809F49D
:10C2B00094C0803909F4C5C0803809F0F6C0809177
:10C2C000BB0021DFF0C0803B09F4E1C038F4803AC4
:10C2D00009F487C0883A09F4DFC0E7C0803C09F45C
:10C2E000DEC0883C09F4DBC0883B09F0DEC0D4C066
:10C2F0008091852C843029F41092BB001092442444
:10C3000009C08091852C813041F080919F2C816003
:10C310008093BB001092A42CC8C080919F2C8E7F6C
:10C32000F7CF8091852C8430B1F08091882C1DC08E
:10C3300085E08093852C8091852C843021F181E0EB
:10C3400031C08091852C8430D9F49091442480911F
:10C35000872C9817A8F4E091442481E08E0F8093F5
:10C360004424F0E0E757F34D80818093BB009DC0EB
:10C370008091BB00809345248091852C823051F0C0
:10C3800085E08093852C1092A22C81E08093A42CD0
:10C3900085E58CC08091452487FD41C085E0809370
:10C3A000852C83E08093A22CF0CF8091A12C8F5F0D
:10C3B0008093A12CA89510929B2C10929A2C1092ED
:10C3C000A42C109244248091BB0090919D2C9150FC
:10C3D0008695892380939E2C66C08091BB0093DE56
:10C3E0005EC081E08093A42C909144248091872C9E
:10C3F000891720F4809144248093872C8091852C88
:10C40000833069F08091852C813049F08091852CB2
:10C41000823029F08091852C843009F046C085E671
:10C4200045C08091A12C8F5F8093A12C10929B2CF2
:10C4300010929A2C1092A42C109244241092872CC3
:10C4400034C08091BB0090914424903170F5E0910C
:10C45000442491E09E0F90934424F0E0E757F34D7D
:10C46000808323C08091BB0090914424903150F48C
:10C47000E091442491E09E0F90934424F0E0E7572C
:10C48000F34D8083809144248093872C08C0809151
:10C49000A12C8F5F8093A12C8091992C39CF81E0C2
:10C4A0008093A42CABCF85E001C085E480688093A5
:10C4B000BC00FF91EF91BF91AF919F918F917F91C0
:10C4C0006F915F914F913F912F910F900BBE0F9005
:10C4D0000FBE0F901F9018958091852C882321F016
:10C4E0008091852C8530C1F70895CF93C82FF4DF54
:10C4F0009FB7F894C093882CC7FF02C081E001C0A9
:10C5000082E08093852C8091A42C882349F080912F
:10C51000BC0084FDFCCF8091BC0080628093BC0095
:10C520009FBFCF910895D8DF9FB7F89484E08093A0
:10C53000852C8091A42C882349F08091BC0084FD37
:10C54000FCCF8091BC0080628093BC009FBF0895A7
:10C55000CF93DF93D82FC0DFC0919F2CD0939F2C17
:10C5600083E08093852C8091A42C882349F08091CE
:10C57000BC0084FDFCCF8091BC0080628093BC0035
:10C58000ABDFC0939F2C8091A22C811104C08091BD
:10C59000452490E002C08FEF9FEFDF91CF91089587
:10C5A000CF939EEF980F9B3DE8F480FD1BC0C82FF2
:10C5B000CFDF97FF17C09FB7F894C093BA00809160
:10C5C000862C882329F08091BA0081608093BA007C
:10C5D0008091BC0080648093BC00C093A02C9FBF5E
:10C5E00081E00EC09FB7F8941092BA008091BC0011
:10C5F0008F7B8093BC008FEF8093A02C9FBF80E047
:10C60000CF91089581E08093A42C1092852C1092F4
:10C61000A22C1092A12C1092462410924724109222
:10C62000842C1092832C10929B2C10929A2C109296
:10C63000882C8093B90080E48093B8008091A02C6E
:10C640008E7F8093BA001092872C109244248091A0
:10C65000862C882329F08091BA0081608093BA00EB
:10C6600084E88093BC0080919D2C8150880F80933A
:10C67000BD000895613031F48A3080F4882351F090
:10C680008C5906C0623051F4882331F0843630F47E
:10C69000880F08958CED089588EC08958FEF089524
:10C6A000FB019EEF980F9B3D10F010820DC0869508
:10C6B000853630F091E090838E3631F084560895BF
:10C6C00092E09083843609F480E008953091462406
:10C6D000209147243217D9F0E091462421E02E0F13
:10C6E00020934624F0E0E85BFB4D2081FC01208391
:10C6F00080914624843110F0109246249091462473
:10C7000080914724981305C086E043DD02C080E095
:10C71000089581E00895FC0112AA13AA0895FC016E
:10C7200023A992A981E0291380E00895FC0192A930
:10C73000913310F49F5F01C090E083A9891789F0BD
:10C7400092A9913320F49F5F913321F001C090E0D2
:10C750009F5F01C090E023A981E0291719F080E0D4
:10C7600001C081E081700895FC0182A9813310F439
:10C770008F5F01C080E093A9891789F09FB7F89473
:10C7800082A9DF01A80FB11D6C9382A9813310F437
:10C790008F5F01C080E082AB9FBF81E0089580E0A1
:10C7A0000895FC012FB7F89483A9DF01A80FB11DEC
:10C7B0008C9193A9913310F49F5F01C090E093ABEB
:10C7C0002FBF0895FC0192A983A9981728F092A978
:10C7D00083A9981B892F089582A993A98E5C891B30
:10C7E0000895880F991FFC01E60FF11DEE0FFF1F42
:10C7F000EF53F64F8591949108950E94F1589C0152
:10C8000080915C2490915D24281739072CF4909135
:10C810005E249F5F90935E2430935D2420935C247C
:10C8200080915E2408951F93CF93DF93D82F162F06
:10C83000C0915F24C11122C0882311F09B9801C0D0
:10C840009B9A8091612490E00E94DF58DD2331F0B3
:10C8500093990CC084E08093A52C3EC0939B06C0A6
:10C8600081E18093A52C9B989C9836C09C9810924F
:10C870005E248091612490E00E94DF58949B11C057
:10C8800010925F248091612490E00E94DF589C9A6E
:10C890008091612490E00E94DF58949917C0C1E014
:10C8A0001BC0112351F081E080935F24A6DF853601
:10C8B00090F083E18093A52C0DC09499E1CF9DDF8A
:10C8C0008536D8F383E18093A52C05C082E180935F
:10C8D000A52C9C989B98C0E08C2FDF91CF911F9145
:10C8E0000895EF92FF920F931F93CF93DF937C01F4
:10C8F000C62F80915F2481110CC09B988091612488
:10C9000090E00E94DF589C988091602490E00E9403
:10C91000DF58949B0CC010925F248091612490E0BA
:10C920000E94DF5806E010E0D2E0C0E02EC0CC2329
:10C9300071F081E080935F2460DF853608F447C0A2
:10C9400083E18093A52C43C058DF8536C8F7949BBC
:10C95000FBCFE1CF81E090E00E94DF58939B19C0AC
:10C96000CF5F98010E5F1F4F8C2F0C2E000C990B80
:10C9700097FF03C0919581959109AC01440F551F14
:10C98000840F951F8217930734F4DF5FD53611F7B4
:10C9900002C0C150E6CF81E01C160CF080E0F70128
:10C9A000808380916124D81728F490E08D1B910931
:10C9B0000E94DF589C9A8091612490E00E94DF5889
:10C9C000949B07C082E18093A52C9C989B9880E063
:10C9D00001C081E0DF91CF911F910F91FF90EF9007
:10C9E000089510925F2410925E24949910C09B9831
:10C9F0009C98949907C001DF8536D8F383E1809332
:10CA0000A52C27C08091612490E00E94DF589B9A5A
:10CA10008091612490E00E94DF58939B06C081E1E1
:10CA20008093A52C9B989C9814C08091612490E0E1
:10CA30000E94DF589C9A8091612490E0880F991F92
:10CA40000E94DF58949B07C082E18093A52C9C989C
:10CA50009B9880E0089581E00895CF93DF93D82FCD
:10CA6000C0915F24C11117C0939B0EC09B9A809107
:10CA7000612490E00E94DF58939B07C081E180937E
:10CA8000A52C9B989C9836C09B9A9C988091612479
:10CA900090E00E94DF58949B0EC010925F2480911A
:10CAA000612490E00E94DF589B988091612490E07F
:10CAB0000E94DF5815C0DD2369F081E080935F2478
:10CAC0009CDE8536B0F083E18093A52C12C095DE04
:10CAD0008536C8F7949BFBCFE0CF8FDE853698F77D
:10CAE000939BFBCF8091612490E00E94DF58C1E0CE
:10CAF00001C0C0E08C2FDF91CF910895CF93DF93D9
:10CB00009C9A8091612490E0880F991F0E94DF58C1
:10CB10009B988091612490E0880F991F0E94DF58B4
:10CB2000DFEFC0E09C9A8091612490E0880F991F0C
:10CB30000E94DF589C988091612490E0880F991F93
:10CB40000E94DF58939BC0E0CF5FCB3010F4D150F0
:10CB500049F79B9A8091612424E0829FC0011124AF
:10CB60000E94DF589C988091612424E0829FC0013C
:10CB700011240E94DF589B988091612424E0829FB9
:10CB8000C0011124DF91CF910C94DF58EF92FF92F6
:10CB90000F931F93CF93DF93E82EEB01642F881F31
:10CBA0008827881F40DE811102C080E01AC007E09C
:10CBB00010E080E4F82E81E09E2D9F2109F480E0B2
:10CBC00060E031DE882389F3F6940150110999F76A
:10CBD00060E0CE0186DE882341F3288191E0922730
:10CBE0009883DF91CF911F910F91FF90EF9008955F
:10CBF000CF92DF92EF92FF920F931F93CF93DF9329
:10CC00001F92CDB7DEB76C01E62E642FCE010196E0
:10CC100068DE811102C080E01EC08981811180E838
:10CC2000F601808307E010E080E4F82E60E0CE019A
:10CC3000019657DE882379F38981882321F0F60154
:10CC400080818F298083F6940150110979F760E083
:10CC500081E08E25E8DD0F90DF91CF911F910F913C
:10CC6000FF90EF90DF90CF90089510925F24109284
:10CC70005E241092A52CA3989B98A4989C989B98AE
:10CC80009C9885E08093612484E08093602436CF73
:10CC90008091622481111BC081E0809362241092F4
:10CCA000A72C1092A62C1092B22C1092B12C10929C
:10CCB000BD2C1092BC2C1092C82C1092C72C109234
:10CCC000D32C1092D22C1092DE2C1092DD2C0895D1
:10CCD000E6EAFCE220E030E040815181452BB1F4EE
:10CCE0004BE0429FF001439FF00D1124EA55F34DB4
:10CCF00091838083738362831782168215821482E4
:10CD0000118610868FEF8287C90108952F5F3F4FEC
:10CD10003B962630310501F78FEF9FEF089586305F
:10CD2000910574F42BE0289FF001299FF00D112448
:10CD3000EA55F34D82858F3F19F4808591850895DA
:10CD40008FEF9FEF0895AF92BF92CF92DF92EF9255
:10CD5000FF920F931F93CF93DF937C018B01069774
:10CD60000CF068C08BE08E9DE0018F9DD00D1124EA
:10CD7000CA55D34D8A858F3F09F05CC0EA81FB819B
:10CD8000888599859F01281B390B2617370708F4DA
:10CD900051C0BA012C813D81A801420F531F4E178B
:10CDA0005F0758F0FB019B01200F311F5E01DE0180
:10CDB0001496AE014E5F5F4F2AC0E881F981A80149
:10CDC000CF01820F931F0E94D8F78C819D81800F25
:10CDD000911F9D838C831EC06191E501C880D9801D
:10CDE0008D919C9111978C0D9D1DEC0168838D9107
:10CDF0009C911197019611969C938E93EA016881FC
:10CE000079818617970719F411961C921E922E1796
:10CE10003F0711F78BE08E9DF0018F9DF00D1124DF
:10CE2000EA55F34D80859185800F911F918780870A
:10CE3000C80102C08FEF9FEFDF91CF911F910F913B
:10CE4000FF90EF90DF90CF90BF90AF900895863025
:10CE50009105B4F52BE0289FF001299FF00D1124D6
:10CE6000EA55F34D22852F3F59F5408551852281A2
:10CE700033814217530720F5A081B1812481358188
:10CE8000A20FB31F6C93248135812F5F3F4F3583F1
:10CE90002483428153812417350711F415821482AB
:10CEA0002BE0289FF001299FF00D1124EA55F34D46
:10CEB0008085918501969187808780E090E0089534
:10CEC0008FEF9FEF0895CF92DF92EF92FF920F9333
:10CED0001F93CF93DF93863091050CF063C02BE056
:10CEE000289FE001299FD00D1124CA55D34D2A85D2
:10CEF0002F3F09F057C0288539852617370708F4D2
:10CF000054C09A018B017C016E817F81A801460F7C
:10CF1000571F8A819B814817590738F06901FE0124
:10CF20003696AE014E5F5F4F27C088819981680FAA
:10CF3000791FA801C9010E94D8F78E819F81800FB7
:10CF4000911F9F838E831EC068817981808191812A
:10CF5000860F971FDC018C91D6018D936D01808126
:10CF60009181019691838083DA016D917C9186177E
:10CF7000970711F411821082C601821B930B801750
:10CF8000910714F38BE08E9DF0018F9DF00D11241D
:10CF9000EA55F34D80859185801B910B91878087A1
:10CFA000C80104C08FEF9FEF01C0CB01DF91CF918B
:10CFB0001F910F91FF90EF90DF90CF900895BC01EB
:10CFC000069784F58BE0869FF001879FF00D112472
:10CFD000EA55F34D82858F3F29F5408551854115EE
:10CFE000510501F126813781A081B181A20FB31FC4
:10CFF0009C912F5F3F4F37832683A281B3812A17ED
:10D000003B0711F4178216828BE0869FF001879F01
:10D01000F00D1124EA55F34D4150510951874087D5
:10D02000892F089580E0089586309105A4F42BE0BF
:10D03000289FF001299FF00D1124EA55F34D8285B8
:10D040008F3F49F41782168215821482118610864A
:10D0500080E090E008958FEF9FEF0895863091056E
:10D060007CF42BE0289FF001299FF00D1124EA5554
:10D07000F34D8281938120853185821B930B089526
:10D080008FEF9FEF08950F931F93CF93DF934AE0A5
:10D0900050E06DED7AE383E694E20E9475F783EF4A
:10D0A0009FE090936E2480936D2403E614E2C0E029
:10D0B000D0E0F80161918F01CE010E9428FC2196F9
:10D0C000CC30D105B1F78DE090E0909301228093B0
:10D0D0000022809100229091012260E0DF91CF91A7
:10D0E0001F910F910C9428FC0F931F93CF93DF9304
:10D0F00080910222909103228F3F2FEF9207B1F08F
:10D1000000916D2410916E24C0E0D0E0C017D107CB
:10D1100064F480910022909101228C0F9D1F0E9447
:10D1200020FC882311F02196F1CFCE01DF91CF9121
:10D130001F910F910895CF92DF92EF92FF920F937C
:10D140001F93CF93DF93D0DF8C01809100229091C9
:10D1500001229F938F931F930F9380916E248F933F
:10D1600080916D248F938FEE9AE39F938F930E940B
:10D17000FEF88DB79EB708960FB6F8949EBF0FBE07
:10D180008DBFC0E0D0E08CEEE82E8AE3F82E9AEE58
:10D19000C92E9AE3D92EC017D107F4F58091002249
:10D1A000909101228C0F9D1F0E9420FC863281F4F9
:10D1B00080910022909101228C0F9D1F0E9420FCE3
:10D1C0008D3041F121960C171D0791F7E80122C01F
:10D1D00080910022909101228C0F9D1F0E9420FCC3
:10D1E0001F928F93FF92EF920E94FEF8809100228F
:10D1F000909101228C0F9D1F0E9420FC0F900F9098
:10D200000F900F908D3031F4DF92CF920E94FEF894
:10D210000F900F902196BFCF87EE9AE39F938F9345
:10D220000E94FEF80F900F90DF91CF911F910F9108
:10D23000FF90EF90DF90CF9008954F925F926F92A2
:10D240007F928F929F92AF92BF92CF92DF92EF9296
:10D25000FF920F931F93CF93DF93CDB7DEB76E97F7
:10D260000FB6F894DEBF0FBECDBF4C013DDF5C01B1
:10D27000E12CF12CCE0101966C01EA14FB041CF0A8
:10D280008FEF9FEF50C03601870123014C185D08D6
:10D290008091002290910122800F911F0E9420FC1A
:10D2A000F30181933F018D3359F4F601E40DF51D2F
:10D2B0001082B401C6010E945BF8892B01F532C0CF
:10D2C000882399F30F5F1F4FA016B106F1F6850171
:10D2D00019C08091002290910122800F911F0E941D
:10D2E00020FC8D3079F08091002290910122800FF6
:10D2F000911F0E9420FC882329F00F5F1F4F0A1501
:10D300001B053CF38091002290910122800F911F18
:10D310000E9420FC882309F4B3CF7801FFEFEF1AB5
:10D32000FF0AABCFC7016E960FB6F894DEBF0FBEF3
:10D33000CDBFDF91CF911F910F91FF90EF90DF90C4
:10D34000CF90BF90AF909F908F907F906F905F90A5
:10D350004F9008954F925F926F927F928F929F921B
:10D36000AF92BF92CF92DF92EF92FF920F931F93F3
:10D37000CF93DF93CDB7DEB76E970FB6F894DEBFCD
:10D380000FBECDBF4C016B01AFDE5C01C40155DFA8
:10D390008C010F3F8FEF180751F1FE0131967F018D
:10D3A0003F0104C08823A9F00F5F1F4F23014E18CF
:10D3B0005F080A151B058CF48091002290910122D0
:10D3C000800F911F0E9420FCF30181933F018D3358
:10D3D00049F7F701E40DF51D10828091002290912C
:10D3E0000122800F911F0E9420FC8D3319F08FEFD6
:10D3F0009FEF28C0B401C7010E945BF8892BB9F7E1
:10D400000F5F1F4F46017401EC18FD080A151B053C
:10D410006CF48091002290910122800F911F0E9454
:10D4200020FCF40181934F018D3039F4F601EE0DAB
:10D43000FF1D108281E090E005C08823B9F30F5FE3
:10D440001F4FE1CF6E960FB6F894DEBF0FBECDBF73
:10D45000DF91CF911F910F91FF90EF90DF90CF90D0
:10D46000BF90AF909F908F907F906F905F904F9004
:10D470000895CF92DF92EF92FF920F931F93CF9375
:10D48000DF938C01EB01D9DE019609F06AC080912F
:10D490006F24909170248130910509F464C024DEDA
:10D4A000009771F07C013FEFE31AF30A209100220C
:10D4B000309101226DE0820F931F0E9428FCC7016A
:10D4C0006801F80101900020E9F73197E01BF10BAA
:10D4D0009C012F5F3F4F79019601201B310B2E17C6
:10D4E0003F0768F4F60161916F01209100223091AD
:10D4F0000122820F931F0E9428FCC701E2CF2091D6
:10D500000022309101226DE3820F931F0E9428FCBC
:10D510008E01FE0101900020E9F73197EC1BFD0B15
:10D52000C8018C1B9D0B8E179F0778F4F801619141
:10D530008F0180910022909101228E0D9F1D0E94EB
:10D5400028FCFFEFEF1AFF0AE4CF809100229091B0
:10D55000012260E08E0D9F1D0E9428FC81E090E07A
:10D5600002C08FEF9FEFDF91CF911F910F91FF903E
:10D57000EF90DF90CF9008958F929F92AF92BF92DD
:10D58000CF92DF92EF92FF921F93CF93DF93209180
:10D590006F24309170242130310509F452C07C0190
:10D5A000A3DD5C01C70149DE4C018FEF88169806A8
:10D5B00009F445C0E4011DE06E01C818D908CA1578
:10D5C000DB057CF480910022909101228C0F9D1F3D
:10D5D0000E9420FC182F8D3021F0882311F0219615
:10D5E000EBCFC7012ADEEC011D30E1F48FEFC81A42
:10D5F000D80A8091002290910122CA15DB05BCF463
:10D600008C0D9D1D8C0F9D1F0E9420FC20910022DF
:10D6100030910122682FC9018C0F9D1F0E9428FCA8
:10D620002196E7CF8091002290910122019760E03E
:10D630008C0F9D1F0E9428FC21E030E002C02FEFDC
:10D640003FEFC901DF91CF911F91FF90EF90DF90E5
:10D65000CF90BF90AF909F908F9008950F931F939E
:10D66000CF93DF93EC018B01E8DD019611F0CE0141
:10D6700083DFB801CE01FDDE81E090E0DF91CF9144
:10D680001F910F910895AF92BF92CF92DF92EF92C8
:10D69000FF920F931F93CF93DF93CDB7DEB77C013B
:10D6A0005B01CDB6DEB60E94A4F701962DB73EB75A
:10D6B000281B390B0FB6F8943EBF0FBE2DBF0DB718
:10D6C0001EB70F5F1F4FB701C8010E949DF7B5013C
:10D6D000C80140DE0FB6F894DEBE0FBECDBEDF91AE
:10D6E000CF911F910F91FF90EF90DF90CF90BF905F
:10D6F000AF9008950F931F93CF93DF93CDB7DEB70D
:10D70000A0970FB6F894DEBF0FBECDBF00E010E0CB
:10D710004AE050E0B80183E694E20E9410FC4AE03F
:10D7200050E06EE372E283E694E20E94CBF7892B2D
:10D73000A9F44CE050E0B80183E694E20E9410FCAA
:10D7400010930322009302228091022290910322DF
:10D750000D96909301228093002206C00F5F1F4F09
:10D76000033F2FE01207A1F680910222909103223D
:10D770008F3F2FEF9207E9F0BE016F5F7F4F84E389
:10D780009BE381DF019699F060E37BE3CE01019694
:10D790000E9494F7009729F41092702410926F243D
:10D7A00008C081E090E09093702480936F2480E023
:10D7B00090E0A0960FB6F894DEBF0FBECDBFDF910C
:10D7C000CF911F910F91089595DF019611F45BDCC5
:10D7D00091CF0895AF92BF92CF92DF92EF92FF92D6
:10D7E0000F931F93CF93DF93CDB7DEB77C015B011F
:10D7F000CDB6DEB60E94A4F701962DB73EB7281B22
:10D80000390B0FB6F8943EBF0FBE2DBF0DB71EB734
:10D810000F5F1F4FB701C8010E949DF7B501C801F6
:10D820001DDF0FB6F894DEBE0FBECDBEDF91CF91E7
:10D830001F910F91FF90EF90DF90CF90BF90AF902E
:10D840000895CF92DF92EF92FF920F931F93CF93A1
:10D85000DF93CDB7DEB77C01CDB6DEB60E94A4F76C
:10D8600001962DB73EB7281B390B0FB6F8943EBF73
:10D870000FBE2DBF0DB71EB70F5F1F4FB701C801F9
:10D880000E949DF7C80178DE0FB6F894DEBE0FBE89
:10D89000CDBEDF91CF911F910F91FF90EF90DF9060
:10D8A000CF900895CF92DF92EF92FF920F931F9344
:10D8B000CF93DF93CDB7DEB77C01CDB6DEB60E9445
:10D8C000A4F701962DB73EB7281B390B0FB6F89475
:10D8D0003EBF0FBE2DBF0DB71EB70F5F1F4FB70165
:10D8E000C8010E949DF7C801A8DC0FB6F894DEBEFF
:10D8F0000FBECDBEDF91CF911F910F91FF90EF90A2
:10D90000DF90CF900895DB01FC0140E050E0BA01C8
:10D91000A230B10584F0208130E0322F22278181AE
:10D92000280F311D20953095420F531F611D711D29
:10D9300012973296EDCF119751F4808190E0982F95
:10D94000882780959095480F591F611D711DDB0137
:10D95000CA01AA27BB27AB0166277727480F591FA3
:10D960006A1F7B1FDB01CA01AA27BB27AB01662701
:10D970007727840F951FA61FB71F0895892798271B
:10D98000892708958091F22C882319F08150809383
:10D99000F22C8091FD2C882319F081508093FD2C6E
:10D9A0000895E8EEFCE21286158A62E082EC9CE6BD
:10D9B0000C946587EF92FF920F931F93CF93DF93A1
:10D9C0008C01EB018C899D89FAD58130910559F044
:10D9D000029709F083C04C8D5D8D6E8D7F8DE8EED2
:10D9E000FCE22EE171C04EA15FA168A579A58091EE
:10D9F000172290911822A0911922B0911A2248174B
:10DA000059076A077B0709F069C082E090E0D7D523
:10DA10009D8B8C8BFE017696CE014C96DF012D916D
:10DA200019962C931997A817B907C9F724E0E22E85
:10DA300022E2F22E9701D9014D919D014193E81701
:10DA4000F907C9F74C8D5D8D6E8D7F8D4EA35FA359
:10DA500068A779A740911722509118226091192246
:10DA600070911A224C8F5D8F6E8F7F8FFE01CE01D9
:10DA7000069626812193D7012D917D0125838E174E
:10DA80009F07B9F7BE01C801DF91CF911F910F9198
:10DA9000FF90EF9004C622877E0186E1E80EF11C1C
:10DAA00080E090E0D7013D917D018F01080F191FA3
:10DAB000D80114963C9301968630910599F73B96D0
:10DAC000BCE2EE3FFB0751F080819181A281B381DE
:10DAD00084179507A607B70791F7DDCFDF91CF91A0
:10DAE0001F910F91FF90EF9008952F923F924F92C8
:10DAF0005F926F927F928F929F92AF92BF92CF92DE
:10DB0000DF92EF92FF920F931F93CF93DF93CDB7E6
:10DB1000DEB71B012C01742E652E8DB69EB680914A
:10DB2000F22C882369F04091E82C5091E92C609107
:10DB3000EA2C7091EB2C2416350646065706E1F0C8
:10DB40009091FD2C992381F04091F32C5091F42C6D
:10DB50006091F52C7091F62C241635064606570672
:10DB600021F581E090E00AC021E090E0811101C040
:10DB700020E0C22ED92E1DC080E090E0E72DF62DCA
:10DB80002BE0289FA001299F500D112480E090E0F8
:10DB9000DC01A40FB51FA851B34D14962C9121930D
:10DBA000019686309105A1F7A9C0C12CD12C811115
:10DBB0000CC08BE08C9DF0018D9DF00D1124E8517F
:10DBC000F34D20823182428253828DB79EB78A976D
:10DBD0000FB6F8949EBF0FBE8DBF0DB71EB70F5F77
:10DBE0001F4F81E090E0EBD4D8011F969C938E9359
:10DBF0001E9780E098E0E3D4F801918B808B86E05B
:10DC0000828B84E0838B81E090E0D9D4D801559653
:10DC10009C938E93549790961C92909791961C92F9
:10DC2000919792961C92929793961C9293979496A2
:10DC30001C92949795961C92F80126A237A240A6B2
:10DC400051A684E0E82E82E2F82E76969801245EB2
:10DC50003F4FC701DC014D91CD014193E217F3071E
:10DC6000C9F74091172250911822609119227091A2
:10DC70001A22F801448F558F668F778FC801069658
:10DC80003FEF3193D7012D917D012583E817F907E7
:10DC9000C1F786E098E093D4F80195878487B801AE
:10DCA0008AE290E0FCD40E949D877C01FF2441E041
:10DCB00064E670E0C7010E94C1878BE08C9D500133
:10DCC0008D9DB00C1124C5018E50934D6C01D60171
:10DCD0008C918823B1F0E72DF62D80E090E0DC01F7
:10DCE000AA0DBB1DA851B34D14962C9121930196FA
:10DCF00086309105A1F7C7010E94FD8780E090E082
:10DD000015C0C7010E94E287892B31F4C7010E9428
:10DD1000FD8781E090E00AC0C7010E94E287C297B8
:10DD2000B1F6B8018AE290E0BAD4D1CF0FB6F89438
:10DD30009EBE0FBE8DBEDF91CF911F910F91FF90C0
:10DD4000EF90DF90CF90BF90AF909F908F907F909B
:10DD50006F905F904F903F902F900895CF93DF93F7
:10DD6000FC01D62FC72F85811F928F9384811F922C
:10DD70008F9383811F928F9382811F928F938181D2
:10DD80001F928F9380811F928F9382E49BE39F93D6
:10DD90008F937F936F930E9425F98DB79EB740961E
:10DDA0000FB6F8949EBF0FBE8DBF8D2F9C2FDF91B5
:10DDB000CF910895E0E0F0E0D901AE0FBF1F9C9134
:10DDC0009F3F59F03196D901AE0FBF1F9C91E90FCB
:10DDD000F11D3196E036F1057CF3D901AE0FBF1F7E
:10DDE0008533B9F130F4823309F43FC08333E9F16C
:10DDF00062C0873309F44DC0B8F18D3309F05BC0C0
:10DE00008C9387E011968C93119781E012968C93F6
:10DE100012978091042213968C9313978091052278
:10DE200014968C9314978091062215968C931597CF
:10DE30008091072216968C93169780910822179648
:10DE40008C9380910922DF011896A20FB31F399697
:10DE500031C08C9381E011968C93DF011296A20F52
:10DE6000B31F33964C9327C086E38C9384E01196BE
:10DE70008C93119712964C93129713965C93139769
:10DE800014966C93DF011596A20FB31F36967C9300
:10DE900012C08C9383E011968C93119791E01296A7
:10DEA0009C93129713968C93DF011496A20FB31FC5
:10DEB000359686E08C93D901AE0FBF1F8FEF8C9300
:10DEC000CF0101960895AF92BF92CF92DF92EF9269
:10DED000FF920F931F93CF93DF93AC0190E020E06C
:10DEE00030E05A018CE0A80EB11C8A01005F1F4F80
:10DEF0007A0184E1E80EF11C6A0188E0C80ED11CA9
:10DF00004C5F5F4FFB01E20FF31F80818F3F09F4ED
:10DF100043C02F5F3F4FEB01C20FD31F863001F18B
:10DF200058F48130B1F0833071F5F9013196E60F84
:10DF3000F71F84E0DA011AC0853321F18633D9F066
:10DF4000833309F5F9013196E60FF71F84E0D70115
:10DF50000DC0F9013196E60FF71F84E0D60106C027
:10DF6000F9013196E60FF71F84E0D50101900D927B
:10DF70008A95E1F708C0F9013196E60FF71F84E0B2
:10DF8000D801F4CF99818881280F311D2F5F3F4F31
:10DF9000203631050CF4B6CF892FDF91CF911F9138
:10DFA0000F91FF90EF90DF90CF90BF90AF900895CA
:10DFB000CF93DF93EC0181E08883898386E08A83B5
:10DFC0001B82DE01149684E0E6E0F2E201900D92FD
:10DFD0008A95E1F7198618861B861A861C861D8687
:10DFE0001E861F86188A198A1A8A1B8A1C8A1D8A0D
:10DFF0001E8A1F8A188E198E1A8E1B8EA4E0B2E21A
:10E00000FE017C96CE0182962D912193E817F907A7
:10E01000D9F7DE019C96FE01E459FF4F1D92AE1721
:10E02000BF07E1F7DE01A451BF4F1192AE17BF0742
:10E03000E1F743E652E863E573E64D935D936D9334
:10E040007C931397FE01E051FF4FC05BDE4FDF0171
:10E050001192CE17DF07E1F78FEF8C93DF91CF910D
:10E060000895CF92DF92EF92FF920F931F93CF9379
:10E07000DF936C017B01EA01CB019ADF870100513C
:10E080001F4F980143E050E060E070E085E392DECE
:10E09000488959896A897B89980186E38BDE4C8996
:10E0A0005D896E897F89980183E384DE4881598187
:10E0B0006A817B81980182E37DDE980140E050E037
:10E0C000BA018DE377DE980140E050E0BA0187E3C2
:10E0D00071DEA70160E571E0C6010E94957A0E9499
:10E0E0009D877C018FEFE816F80609F45FC041E0D8
:10E0F00068EE73E0C7010E94C187C6010E94CF7815
:10E100008097A9F4C7010E94FD87B801CE01DBDE2C
:10E110008530C9F01F928F938CE79BE39F938F9379
:10E120000E94FEF80F900F900F900F903FC0C70114
:10E130000E94E287892B09F7C7010E94FD87C6016B
:10E140000E94117933C088819981AA81BB81809313
:10E15000172290931822A0931922B0931A2288852F
:10E160009985AA85BB858093132290931422A0934E
:10E170001522B09316228C819D81AE81BF81809340
:10E180000F2290931022A0931122B09312228C851B
:10E190009D85AE85BF8580930B2290930C22A09322
:10E1A0000D22B0930E2280E090E002C08FEF9FEF2F
:10E1B000DF91CF911F910F91FF90EF90DF90CF9063
:10E1C0000895AF92BF92CF92DF92EF92FF920F939A
:10E1D0001F93CF93DF937C016B015A01CB01E8DEE3
:10E1E000860100511F4F980141E050E060E070E06F
:10E1F00085E3E0DD98014FEF5FEF6FE070E083E3D0
:10E20000D9DD980140E050E0BA018DE3D3DD9801FB
:10E2100040E050E0BA0187E3CDDDA60160E571E0A2
:10E22000C7010E94957A0E949D87EC01CF3F8FEF36
:10E23000D807C9F141E068EE73E0CE010E94C187C2
:10E24000C701ADD78097A9F4CE010E94FD87B80120
:10E25000C50139DE8230C1F01F928F9380E69BE3C7
:10E260009F938F930E94FEF80F900F900F900F9046
:10E270001AC0CE010E94E287892B11F7CE010E94BD
:10E28000FD87C701CED70FC0F60180899189A28989
:10E29000B389F50180839183A283B383C701A7D794
:10E2A00080E090E002C08FEF9FEFDF91CF911F9150
:10E2B0000F91FF90EF90DF90CF90BF90AF900895B7
:10E2C0004F925F926F927F929F92AF92BF92CF9246
:10E2D000DF92EF92FF920F931F93CF93DF93CDB70F
:10E2E000DEB7ADB6BEB640901722509018226090AF
:10E2F000192270901A22109217221092182210924E
:10E30000192210921A228DB79EB748970FB6F8942B
:10E310009EBF0FBE8DBF01966C01815591400FB617
:10E32000F8949EBF0FBE8DBF01967C018C0120E545
:10E3300031E043E450E06FEF7FEFCB010E94297B97
:10E340008C010F3F9FEF190771F08AE0982EA6010C
:10E35000B701C80136DF9A94992019F00196B9F3F4
:10E360000DC0019659F440921722509218226092E3
:10E37000192270921A228FEF9FEF15C0A601B701E4
:10E38000C8016FDE8F3F2FEF920749F440921722AA
:10E39000509218226092192270921A2204C0C80169
:10E3A00040D780E090E00FB6F894BEBE0FBEADBE81
:10E3B000DF91CF911F910F91FF90EF90DF90CF9061
:10E3C000BF90AF909F907F906F905F904F90089517
:10E3D0001F93CF93DF93FC0101900020E9F7319761
:10E3E0009F01281B390BA90141505109DB01A20FE4
:10E3F000B31FFC01E20FF31F80E090E0ED0157FD39
:10E400000DC012911E3221F48C9380E090E002C086
:10E410001C930196415051091197F1CFA90137FF83
:10E4200002C040E050E0F901E41BF50BAF01FB0135
:10E43000E40FF51F80831982C9010196DF91CF9106
:10E440001F9108956F927F928F929F92AF92BF9289
:10E45000CF92DF92EF92FF920F931F93CF93DF93B0
:10E46000CDB7DEB78C016DB67EB68DB79EB7825D37
:10E4700091090FB6F8949EBF0FBE8DBFEDB7FEB7E2
:10E4800031967F018DEC9AE1EDB7FEB792838183DF
:10E4900080E091E094D0F7019383828381E090E063
:10E4A0008ED0F70195838483178216821186108699
:10E4B00013861286B701645F7F4FC80189DF6C0144
:10E4C000F701E80FF91F158681E086871786808B94
:10E4D00060910B2270910C2280910D2290910E225E
:10E4E000870122ED30E045E350E00E94297B5C018A
:10E4F0008F3FFFEF9F0779F186010F5E1F4FA70146
:10E50000B8010E94957A0E949D874C018F3F2FEFA2
:10E51000920709F141E068EC70E00E94C187C501F3
:10E520003ED6809771F4C4010E94FD87C50179D65B
:10E53000F7018281938122DA8F709927892B59F410
:10E540000EC0C4010E94E287892B49F7C4010E94D2
:10E55000FD87C50166D66FEF7FEFCB011CC0F5E0EC
:10E56000CF0ED11C0E0D1F1DF8018281938106DA9A
:10E57000F801019761F08285938500DAFCE0CF0E07
:10E58000D11CC80ED91E8601045F1F4FEBCF6485D6
:10E590007585868597850FB6F8947EBE0FBE6DBED5
:10E5A000DF91CF911F910F91FF90EF90DF90CF906F
:10E5B000BF90AF909F908F907F906F900895892724
:10E5C0009827892708956927962769277827872715
:10E5D000782708950F931F93CF93DF93CDB7DEB7BE
:10E5E000C855D2400FB6F894DEBF0FBECDBFBE01F6
:10E5F0006F5F7F4F88E592E00E9485838C01892BB5
:10E6000009F441C08091FE2C9091FF2CA091002D27
:10E61000B091012D0196A11DB11D8093FE2C909308
:10E62000FF2CA093002DB093012D4091022D50910D
:10E63000032D6091042D7091052DC801012E000C51
:10E64000AA0BBB0B840F951FA61FB71F8093022D2B
:10E650009093032DA093042DB093052D8D859E8559
:10E66000AEDF811528E0920749F08630984059F4D2
:10E67000BE016F5F7F4FC8019DD905C0BE016F5FAE
:10E680007F4FC80151D1C85ADD4F0FB6F894DEBF95
:10E690000FBECDBFDF91CF911F910F910895CF9203
:10E6A000DF92EF92FF929B014091FE2C5091FF2C44
:10E6B0006091002D7091012D4F5F5F4F6F4F7F4F25
:10E6C0004093FE2C5093FF2C6093002D7093012DEE
:10E6D000AC01092E000C660B770BC090022DD09078
:10E6E000032DE090042DF090052D4C0D5D1D6E1D49
:10E6F0007F1D4093022D5093032D6093042D709342
:10E70000052DB901FF90EF90DF90CF900C945683C8
:10E71000CF93DF9328E030E0EB013D872C87A4E026
:10E72000B2E2FB012D912683EC012991CE012193C8
:10E73000D2E2AA30BD07B1F7DF91CF910895CF9310
:10E7400080917524823069F4CFB7F89481E080938A
:10E7500075240E94368B84E090E00E940857CFBF5A
:10E7600013C08091712490917224A0917324B09170
:10E7700074240196A11DB11D80937124909372247D
:10E78000A0937324B0937424CF910895CF93809174
:10E790007524813069F4CFB7F89482E080937524B2
:10E7A00084E090E00E94B0560E94398BCFBF13C026
:10E7B0008091712490917224A0917324B09174245B
:10E7C0000196A11DB11D8093712490937224A09392
:10E7D0007324B0937424CF910895CF93DF93CDB772
:10E7E000DEB7C855D2400FB6F894DEBF0FBECDBF1E
:10E7F0000E94FC8284E092E20E94B282BE016F5FBE
:10E800007F4F88E592E00E948583892BB9F74AEE15
:10E8100052E760E070E084E090E00E94C05681E042
:10E820008093752410927124109272241092732494
:10E8300010927424ABDFC85ADD4F0FB6F894DEBFD8
:10E840000FBECDBFDF91CF910895EF92FF920F934E
:10E850001F93CF93DF937C01FB0126852F70F4E09B
:10E860002F9F900111248901025F1F4F060F171F70
:10E87000F8019081992309F443C0983009F04DC004
:10E88000EB018A8D9B8DAC8DBD8D8E8F9F8FA8A344
:10E89000B9A38091172290911822A0911922B091CA
:10E8A0001A228A8F9B8FAC8FBD8F198E188EB9015B
:10E8B000CE010E9628D883DE998F888FF8011082BA
:10E8C00011829281983F18F083818F5F8383985FD4
:10E8D000F8019283FE01A4E0B2E2CE010696268101
:10E8E00021932D912583E817F907C9F7BE01C701C8
:10E8F0000497DF91CF911F910F91FF90EF90CFCEB2
:10E90000F801848195818D319C4A39F480910A22E5
:10E91000813019F482E080930A22DF91CF911F9118
:10E920000F91FF90EF900895EF92FF920F931F9336
:10E93000CF93DF938C01EB01EC88FD888FEF9FE391
:10E940003EDE8E219F21892B09F046C08F898630BB
:10E95000F9F08131C1F1813009F03EC04E8D5F8DFB
:10E9600068A179A18091172290911822A091192273
:10E97000B0911A22481759076A077B0769F5BE014B
:10E98000C801DF91CF911F910F91FF90EF905DCF64
:10E990004E8D5F8D68A179A18091172290911822E8
:10E9A000A0911922B0911A22481759076A077B07CC
:10E9B00099F4BE01C801DF91CF911F910F91FF9093
:10E9C000EF900C94E28FBE01C801DF91CF911F91AF
:10E9D0000F91FF90EF90D5C4DF91CF911F910F91D0
:10E9E000FF90EF900895BF92CF92DF92EF92FF9247
:10E9F0000F931F93CF93DF936B017C01B42EE8013B
:10EA000085E48E871F86C9014496D9DD998B888B52
:10EA10008CEA9DE19B8B8A8B80E490E09D8B8C8BB4
:10EA20008E8BBF8A198E188E809117229091182292
:10EA3000A0911922B0911A228A8F9B8FAC8FBD8F23
:10EA4000CE8EDF8EE8A2F9A26E856F7084E0689F9B
:10EA5000B0011124C8010E960E94836CB0DD998F1D
:10EA6000888FDF91CF911F910F91FF90EF90DF90F2
:10EA7000CF90BF9008956F927F928F929F92AF92A6
:10EA8000BF92CF92DF92EF92FF920F931F93CF939B
:10EA9000DF936C01FC0101900020E9F731973F0101
:10EAA000681A790A60E070E0CB01E12CF12CC0E03B
:10EAB000D0E0C615D70530F524E0E216F104A8F53C
:10EAC0008824962EA72EB82E86010C0F1D1FC80174
:10EAD0000E9425F7092E000CAA0BBB0BBC01CD012F
:10EAE000682979298A299B29F80121912E3221F45C
:10EAF0002FEFE21AF20A04C02196C615D705A8F333
:10EB00002196D7CF23E0E216F10479F4DF91CF917B
:10EB10001F910F91FF90EF90DF90CF90BF90AF903B
:10EB20009F908F907F906F904ECD60E070E0CB0112
:10EB3000DF91CF911F910F91FF90EF90DF90CF90D9
:10EB4000BF90AF909F908F907F906F900895CF93DC
:10EB5000DF93D42FC52F1F929F931F928F931F92E5
:10EB60007F931F926F9388E99BE39F938F935F93AB
:10EB70004F930E9425F98DB79EB70C960FB6F89467
:10EB80009EBF0FBE8DBF8D2F9C2FDF91CF9108951B
:10EB9000CF92DF92EF92FF920F931F93CF93DF9369
:10EBA000CDB7DEB7E3970FB6F894DEBF0FBECDBF8B
:10EBB00084E59DE30E94526C019671F0BE016F5F87
:10EBC0007F4F80E59DE30E94436B4CE050E064E0A2
:10EBD00072E2CE010196A7D700DEC0900922D09044
:10EBE0000822E0900722F090062200910522109161
:10EBF00004220E94F8821F92CF921F92DF921F92EE
:10EC0000EF921F92FF921F920F931F921F939F9359
:10EC10008F9384E09DE39F938F930E94FEF80E9460
:10EC20001B8487EF9CE39F938F930E94FEF80FB69F
:10EC3000F894DEBF0FBECDBF0E9411848111FCCFBE
:10EC400089EE9CE39F938F930E94FEF80E94D16C03
:10EC500080ED9CE39F938F930E94FEF80CD386EA8D
:10EC60009CE39F938F930E94FEF80E94508F8BE746
:10EC70009CE39F938F930E94FEF886E79CE30E949B
:10EC8000526C0FB6F894DEBF0FBECDBF0196B9F43B
:10EC900088E59DE39F938F930E94FEF811DB0F9010
:10ECA0000F90892B19F48AE99DE302C08DE79DE35B
:10ECB0009F938F930E94FEF80F900F90BAC0BE01F1
:10ECC0006F5F7F4F81E79CE30E94436B6EE67CE3BE
:10ECD000CE0101960E9494F7892B09F05AC088E56D
:10ECE0009DE39F938F930E94FEF8EADA0F900F90B6
:10ECF000892BC9F28DE79DE39F938F930E94FEF8C5
:10ED0000BE016F5F7F4F8DEB9DE30E94436BCE0191
:10ED10000196B1DE60931722709318228093192216
:10ED200090931A22BE016F5F7F4F88EB9DE30E9494
:10ED3000436BCE0101969FDE6093132270931422E1
:10ED40008093152290931622BE016F5F7F4F8FEA4A
:10ED50009DE30E94436BCE0101968DDE60930F22EE
:10ED6000709310228093112290931222BE016F5F44
:10ED70007F4F84EB9DE30E94436BCE0101967BDEC7
:10ED800060930B2270930C2280930D2290930E229D
:10ED900093CFBE016F5F7F4F8DEB9DE30E94436B6E
:10EDA000019659F0CE01019666DE609317227093AA
:10EDB00018228093192290931A22BE016F5F7F4F11
:10EDC00088EB9DE30E94436B019659F0CE010196BA
:10EDD00052DE609313227093142280931522909335
:10EDE0001622BE016F5F7F4F8FEA9DE30E94436B47
:10EDF000019659F0CE0101963EDE60930F2270938A
:10EE000010228093112290931222BE016F5F7F4FD8
:10EE100084EB9DE30E94436B019659F0CE0101966D
:10EE20002ADE60930B2270930C2280930D22909324
:10EE30000E226091172270911822809119229091D0
:10EE40001A22AE014F5F5F4F82DE9F938F938BE557
:10EE50009CE39F938F930E94FEF860911322709120
:10EE600014228091152290911622AE014F5F5F4FC0
:10EE70006EDE9F938F9388E49CE39F938F930E9411
:10EE8000FEF860910F2270911022809111229091D2
:10EE90001222AE014F5F5F4F5ADE9F938F9385E33F
:10EEA0009CE39F938F930E94FEF860910B227091D8
:10EEB0000C2280910D2290910E22AE014F5F5F4F88
:10EEC00046DE9F938F9382E29CE39F938F930E94F1
:10EED000FEF8BE016F5F7F4F8EE19CE30E94436BA3
:10EEE0000FB6F894DEBF0FBECDBF019609F457C030
:10EEF0006BE17CE3CE0101960E9494F7892B09F027
:10EF00004EC087EF9BE39F938F930E94FEF8BE0154
:10EF10006F5F7F4F8FEE9BE30E94436B0F900F90CC
:10EF20000196A9F1CE0101960E9425F78C01BE0140
:10EF30006F5F7F4F85EE9BE30E94436BCE0101968E
:10EF40009ADD9801AE014F5F5F4F3BD0892BE1F412
:10EF5000CE0181960E940A8839A12AA19BA18CA189
:10EF60001F923F931F922F931F929F931F928F93F5
:10EF700088EC9BE39F938F930E94FEF80FB6F89462
:10EF8000DEBF0FBECDBF0BC086EB9BE302C084EAA1
:10EF90009BE39F938F930E94FEF80F900F9082E067
:10EFA0000E946C85E3960FB6F894DEBF0FBECDBF0E
:10EFB000DF91CF911F910F91FF90EF90DF90CF9055
:10EFC00008957F928F929F92AF92BF92CF92DF92DD
:10EFD000EF92FF920F931F93CF93DF93CDB7DEB7DE
:10EFE000C156D1090FB6F894DEBF0FBECDBF4B019D
:10EFF0005C018A01722E8AE79EE39F938F930E94A1
:10F00000FEF80F900F9081149104A104B10481F4D3
:10F010000115110519F48FEF9FEFACC0C80112DA8A
:10F020004B015C018FEF88169806A806B80699F385
:10F03000FE0131966F018F0120E330E04BE750E095
:10F04000C501B40106D37C01019629F3AE014F5CE2
:10F050005F4FC501B4017BDD9F938F938AE59EE3EB
:10F060009F938F930E94FEF880E3F60111928A9598
:10F07000E9F78BE18983A60160E370E0C70155D20F
:10F0800083E49EE39F938F930E94FEF80E949D87E6
:10F090006C010F900F900F900F900F900F908F3F7B
:10F0A000FFEF9F0709F4B7CF41E06CED75E00E94D8
:10F0B000C18780E39EE39F938F930E94FEF80F9099
:10F0C0000F90C7016CD08097B9F5C6010E94E28706
:10F0D000892B91F1C70177D0C0975CF169A57AA51A
:10F0E0008BA59CA50E9405F74B015C01CE01815BBD
:10F0F0009F4F0E940A88A1968CAE9DAEAEAEBFAE69
:10F10000A19769967FAE6997CE01815B9F4F0E9460
:10F110003F88CE01815B9F4F0E941E888CE19EE359
:10F120009F938F930E94FEF80F900F9000E010E0E5
:10F1300013C08DEF9DE308C0C6010E94E287892BB2
:10F1400009F0BFCF8AED9DE39F938F930E94FEF855
:10F150000F900F900FEF1FEFC6010E94FD87C701B0
:10F1600060D080EC9DE39F938F930E94FEF8C801CE
:10F170000F900F90CF59DF4F0FB6F894DEBF0FBE40
:10F18000CDBFDF91CF911F910F91FF90EF90DF9056
:10F19000CF90BF90AF909F908F907F9008958330D5
:10F1A000910574F42FB7F89438E1389FF001399F36
:10F1B000F00D1124EA5FF24D808191812FBF0895F7
:10F1C0008FEF9FEF08958330910574F42FB7F89473
:10F1D00038E1389FF001399FF00D1124EA5FF24DBC
:10F1E000828993892FBF08958FEF9FEF0895833011
:10F1F0009105A4F42FB7F89438E1389FF001399FB6
:10F20000F00D1124EA5FF24D138A128A80E190E03A
:10F21000918380832FBF80E090E008958FEF9FEF70
:10F2200008958330910524F52FB7F89438E1389F7D
:10F23000F001399FF00D1124EA5FF24D8081918138
:10F24000892B91F01182108212821382148215820E
:10F250001186108617821682138A128A118A108AE2
:10F26000158A148A178A168A2FBF80E090E00895C5
:10F270008FEF9FEF089580E090E0D3DF81E090E092
:10F28000D0DF82E090E0CDCF9F92AF92BF92CF923D
:10F29000DF92EF92FF920F931F93CF93DF937C0146
:10F2A000FC0186858F70970144E0849F200D311DFD
:10F2B0001124F9013E966F019FB6F89406E01DE215
:10F2C000C0E0D0E0F801A680B780F601828193818A
:10F2D00076D9A816B90609F03DC0F801A084B1841A
:10F2E000F601808191816BD9A816B906E1F1F80188
:10F2F00080859185892B71F582819381A481B58167
:10F30000892B8A2B8B2B31F588E18C9F80018D9F77
:10F31000100D112498012A5F324D5901F701828D99
:10F32000938DA48DB58DF90182839383A483B583D6
:10F33000F6018081918143D9F50191878087D801B9
:10F34000A05FB24DF701369686E001900D928A9546
:10F35000E1F709C02196085E1F4FC330D10509F0BF
:10F36000B1CFCFEFDFEF9FBECE01DF91CF911F91E5
:10F370000F91FF90EF90DF90CF90BF90AF909F9054
:10F3800008958F929F92AF92BF92CF92DF92EF92A9
:10F39000FF920F931F93CF93DF938B01FB01C685E1
:10F3A000CB0172DF6C01019609F478C0CF70C801FF
:10F3B00024E0C29F800D911D1124FC013E967F0127
:10F3C00084819581FCD8089709F468C0F801C68546
:10F3D000CF70F4E0CF9FE00111244E0126E1820EB0
:10F3E000911C28E12C9DC0012D9D900D1124EC0154
:10F3F000CA5FD24DAE88BF88A114B104C9F0F7012D
:10F4000084819581DCD8BC0168507109C801880DE0
:10F41000991DF501199580E190E0998388831986FB
:10F4200018861A821B821C821D821B8A1A8A36C089
:10F4300088819981409791F5F70184819581BFD8A2
:10F440004889598908978417950738F4F70184810A
:10F450009581B5D8AC014850510988E18C9DF001E7
:10F460008D9DF00D1124EA5FF24D538B428B80E2AB
:10F4700090E091838083B801680D791D8489958916
:10F48000DF91CF911F910F91FF90EF90DF90CF9080
:10F49000BF90AF909F908F900C94D8F7DF91CF9151
:10F4A0001F910F91FF90EF90DF90CF90BF90AF90A2
:10F4B0009F908F900895EF92FF920F931F93CF9399
:10F4C000DF938330910544F5EA017B012E852F708F
:10F4D00034E0239FC00DD11D11242E9628E1289FD2
:10F4E0008001299F100D11240A5F124DF8018085BB
:10F4F000918565D89B838A83F801868197815FD83F
:10F50000998388831F821E82C701089658D89D83DD
:10F510008C8380E090E002C08FEF9FEFDF91CF916E
:10F520001F910F91FF90EF9008954F925F926F920D
:10F530007F928F929F92AF92BF92CF92DF92EF9283
:10F54000FF920F931F93CF93DF93CDB7DEB75C018C
:10F550006B013A014DB65EB683E0A816B1040CF01B
:10F560003FC0EDD846019AE2890E911CEDB7FEB777
:10F57000E819F9090FB6F894FEBF0FBEEDBF8DB7BD
:10F580009EB701967C0185E4F70186878DB79EB70B
:10F590008B96A601B3010E94D8F79601285F3F4FD2
:10F5A00088E18A9D30018B9D700C1124F301EA5F84
:10F5B000F24D6281738184819581870141E113DA83
:10F5C000A701B601C50177DFB701C301805F924D86
:10F5D0009FD8B701C40163D8D9D880E090E002C0B9
:10F5E0008FEF9FEF0FB6F8945EBE0FBE4DBEDF915A
:10F5F000CF911F910F91FF90EF90DF90CF90BF9030
:10F60000AF909F908F907F906F905F904F900895F4
:10F610002FB7F8948091062D9091072D892B79F0C2
:10F6200080911E2D90911F2D892B61F08091362D98
:10F630009091372D892B49F482E090E008C080E05A
:10F6400090E005C081E090E002C08FEF9FEF2FBFF8
:10F6500008957F928F929F92AF92BF92CF92DF9246
:10F66000EF92FF920F931F93CF93DF934B015C01B7
:10F67000EA0169017FB6F894CBDF7C018FEFE816D1
:10F68000F80609F47DC088E18E9DF0018F9DF00D94
:10F690001124EA5FF24D80E190E091838083D1876D
:10F6A000C087C334D10529F484E490E0978386832E
:10F6B00004C0C095D095D783C68388E18E9DA001F4
:10F6C0008F9D500D1124FA01EA5FF24D82829382E0
:10F6D000A482B582138A128AD18AC08A158B048BC0
:10F6E000178A168A8FEF88169806A806B80659F169
:10F6F0008091132290911422A0911522B09116228C
:10F7000000911722109118222091192230911A226B
:10F71000082519252A253B25082319232A233B23BD
:10F72000012B022B032BE9F480959095A095B095C1
:10F7300095018401082319232A233B23801791076D
:10F74000A207B30741F48FEF828783878487858779
:10F750008687878715C07FBE405F524DC501B401C3
:10F760000BC07FBE405F524D60910F2270911022FE
:10F7700080911122909112220E94756D7FB6F894AB
:10F780007FBEC701DF91CF911F910F91FF90EF9046
:10F79000DF90CF90BF90AF909F908F907F90089513
:10F7A000AF92BF92CF92DF92EF92FF920F931F938F
:10F7B000CF93DF937B016A01DC010D900020E9F714
:10F7C0001197A81BB90BEB019983888370E020E0A7
:10F7D00030E0E0E0F0E0EA17FB076CF0C9010196C9
:10F7E000DF91CF911F910F91FF90EF90DF90CF901D
:10F7F000BF90AF9008952C153D0584F78C010E0F36
:10F800001F1FE80158815D3061F018F4552351F055
:10F810002FC0EF0121965E015032C9F0523221F023
:10F8200027C01882FD0124C0E801188271110DC0A3
:10F83000A901440F551F4E0D5F1DB501680F791FBB
:10F84000EA017983688371E013C070E011C071111F
:10F850000FC0E80118822F5F3F4FA901440F551FC9
:10F860004E0D5F1D8501080F191FEA0119830883DA
:10F870003196B1CFAF92BF92CF92DF92EF92FF92CB
:10F880000F931F93CF93DF937C018B01FB01A0802B
:10F89000B18062EA7EE3C5010E9494F7892B21F5CD
:10F8A00084E99EE39F938F930E94FEF8CEE4DDE20D
:10F8B0000F900F9001E91EE38A819B81009761F010
:10F8C0009F938F930E94FEF81F930F930E94FEF860
:10F8D0000F900F900F900F902496FDE2CE38DF0727
:10F8E00059F78FEF9FEF27C09EE4C92E9DE2D92ED6
:10F8F000C0E0D0E0F601628173816115710589F382
:10F90000C5010E9494F7892B71F4CC0FDD1FCC0F39
:10F91000DD1FC25BD24DE881F981B801C70119959D
:10F9200080E090E008C02196F4E0CF0ED11CC031F9
:10F93000D10501F7D6CFDF91CF911F910F91FF90A5
:10F94000EF90DF90CF90BF90AF900895CF93DF936B
:10F95000CDB7DEB728970FB6F894DEBF0FBECDBF88
:10F9600044E050E0BE016F5F7F4F1ADFBE016F5F62
:10F970007F4F80DF28960FB6F894DEBF0FBECDBF55
:10F98000DF91CF91089580918E2D813019F08230D2
:10F9900089F021C080918F2D9091902D0E94D85A8E
:10F9A00018161906C4F480918F2D9091902D0E9405
:10F9B000CA5A0FC080918F2D9091902D0E94A796CA
:10F9C0001816190644F480918F2D9091902D0E9465
:10F9D000B99690E008958FEF9FEF0895E3E3FDE37C
:10F9E0008BE192E2918380839383828395838483E6
:10F9F000EEE8FDE28FEF808386E794E294838383D1
:10FA000016821582089580918E2D8230C9F48091DE
:10FA1000932D9091942D892B79F06091932D709175
:10FA2000942D80918F2D9091902D4091912D5091FA
:10FA3000922D20E00E9466951092942D1092932DA5
:10FA40000895CF93C82F80918E2D813019F0823088
:10FA500049F022C080918F2D9091902D6C2F0E94A3
:10FA6000BB5A1AC08091932D9091942D809709F4E0
:10FA7000CADF2091912D3091922D8091932D9091FC
:10FA8000942DAC014F5F5F4F5093942D4093932D75
:10FA9000F901E80FF91FC08380E090E0CF9108954D
:10FAA0001F93CF93DF93182FEB01ADDFEEE8FDE25C
:10FAB0001083D283C18316821582DF91CF911F916B
:10FAC0000895CF93DF93EC019EDF87E0EEE8FDE23F
:10FAD000DE0101900D928A95E1F7DF91CF910895B3
:10FAE000CF93DF93EC018FDF87E0FE01AEE8BDE24C
:10FAF00001900D928A95E1F7DF91CF910895982FAB
:10FB000080ED890F8A3070F08FE9890F863010F40C
:10FB100089EA05C08FEB890F863018F489EC890FCC
:10FB200008958FEF0895AF92BF92CF92DF92EF9238
:10FB3000FF920F931F93CF93DF937C016B018A0198
:10FB4000000F111FA12CB12CF7018081882301F136
:10FB5000A016B10624F5E501D595C795A0FC06C011
:10FB6000CC0DDD1DCCDF8295807F05C0C8DFCC0DBC
:10FB7000DD1D9881890F88838FEFA81AB80AF701D5
:10FB800031967F0181918A33E1F38D32D1F3DCCF5D
:10FB900081E00A151B0509F480E0819501C08FEF13
:10FBA000DF91CF911F910F91FF90EF90DF90CF9059
:10FBB000BF90AF90089580E090E0FC01EE0FFF1F32
:10FBC000EE0FFF1FEB56F24D11821082019680312D
:10FBD000910599F7089520E030E0F901EE0FFF1F3D
:10FBE000EE0FFF1FEB56F24D408151814817590728
:10FBF00081F040815181452B39F491838083738357
:10FC0000628380E090E008952F5F3F4F20313105FF
:10FC100021F78FEF9FEF0895E0919624F0919724BC
:10FC2000EE0FFF1FEE0FFF1FEB56F24D808191810B
:10FC3000892B21F41092972410929624E091962417
:10FC4000F0919724EE0FFF1FEE0FFF1FEB56F24DC2
:10FC50000190F081E02D1995809196249091972440
:10FC6000019690939724809396240895AF92BF9223
:10FC7000CF92DF92EF92FF920F931F93CF93DF9378
:10FC8000CDB7DEB727970FB6F894DEBF0FBECDBF56
:10FC90005C01CE01019615DF60E070E081E000DFDD
:10FCA000F50181818F9380818F938FE69FE39F93EE
:10FCB0008F930E94FEF8A7DECE01019611DF80E649
:10FCC0009FE30E942A9AF501808191810E94F9990F
:10FCD00089E59FE30E942A9AF501E851FF4F608170
:10FCE0007181828193810E94799A86E59FE30E94C7
:10FCF0002A9A08E412E20F900F900F900F90E12CD7
:10FD0000F12CF801C580D680C114D10409F475C066
:10FD1000F80160817181F501808191810E9494F7E1
:10FD2000095F1F4F892B09F064C088E29FE39F930E
:10FD30008F930E94FEF80F900F9087E08E9DF00148
:10FD40008F9DF00D1124E85BFD4D8481813031F0F1
:10FD500040F0823049F484E29FE308C08FE19FE3E2
:10FD600005C085E19FE302C081E19FE39F938F93EC
:10FD70000E94FEF80F900F90DF92CF9288EC9EE3E6
:10FD80009F938F930E94FEF83EDE87E08E9DF001E8
:10FD90008F9DF00D1124E85BFD4D42815381F501EB
:10FDA000E451FF4F21E0B601808191810E94669568
:10FDB000CE01019686DE60E070E081E071DEC60172
:10FDC000DD0CAA0BBB0BBF93AF939F938F9387EA76
:10FDD0009EE39F938F930E94FEF815DECE0101965D
:10FDE0007FDE0FB6F894DEBF0FBECDBF81E090E09E
:10FDF00006C09FEFE91AF90A84CF8FEF9FEF27968D
:10FE00000FB6F894DEBF0FBECDBFDF91CF911F912B
:10FE10000F91FF90EF90DF90CF90BF90AF9008953B
:10FE2000EF92FF920F931F93CF93DF93EC018C011E
:10FE30008881F8018823C9F080838881853289F41C
:10FE40007E01F2E0EF0EF11C898159DE8295807F00
:10FE5000F80180838A8153DEF8019081892B8083A9
:10FE6000E7010F5F1F4F2196E3CF1082DF91CF9103
:10FE70001F910F91FF90EF900895DF92EF92FF9204
:10FE80000F931F93CF93DF93DC01FC01329620E0A8
:10FE900030E08191B9016F5F7F4F8F3239F0882355
:10FEA00029F09B01623A7105A1F794C02D5F3F4F85
:10FEB000AD01420F531F11965C934E939B01C0E01E
:10FEC000D0E0223A3105CCF4FD01E20FF31F8F019F
:10FED0000E5F1F4F92819F3341F41282E9012396F6
:10FEE000CA0FDB1F2F5F3F4F05C09F7D19F4F8013C
:10FEF000108203C02F5F3F4FE4CF8D017D01F8EAF0
:10FF0000EF0EF11CF70111821082FD01E60FF71FC1
:10FF10008281811105C06FEB7EE6CA010E949DF7C8
:10FF2000209709F457C081E090E0F7019183808326
:10FF3000F801E853FF4FD183C083D801A655BF4FC6
:10FF40001196DC93CE9388818823B1F0863291F4A8
:10FF50001992F701808191819C012F5F3F4F31837E
:10FF60002083FC01EB5AFF4FEE0FFF1FE00FF11F44
:10FF7000D183C0832196E7CFED0100E010E080E25D
:10FF8000D82EF70180819181081719071CF59E0171
:10FF9000E881F981FF8FEE8F8081882349F08D33CE
:10FFA00099F4DF011D92BF8FAE8F818181110BC04B
:10FFB0002296F9018081918133DF8C8D9D8D30DF18
:10FFC0000F5F1F4FDECFFD0180818B3209F4D0829D
:10FFD0003196E2CFDF91CF911F910F91FF90EF907B
:10FFE000DF900895AF92BF92CF92DF92EF92FF928F
:10FFF0000F931F93CF93DF935B01FC01E855FF4FF5
:020000021000EC
:10000000C080D1808C0106551F4FC0E0D0E0EE24A7
:10001000EA94FF24FA94CC15DD0564F4B501F801E7
:10002000819191918F010E9494F7892B09F47E01AF
:100030002196F1CFC701DF91CF911F910F91FF90D2
:10004000EF90DF90CF90BF90AF900895AF92BF92A6
:10005000CF92DF92EF92FF920F931F93CF93DF9394
:100060006B01FC01E855FF4FE080F180EC01C655C3
:10007000DF4F00E010E0A12CB12C0E151F056CF431
:10008000B601899199910E9494F7892B19F4AA24B9
:10009000AA94BA2C0F5F1F4FF0CFC501DF91CF910B
:1000A0001F910F91FF90EF90DF90CF90BF90AF9096
:1000B0000895FF920F931F93CF93DF93CDB7DEB7D1
:1000C00027970FB6F894DEBF0FBECDBF8091842571
:1000D000909185258F3F2FEF9207A9F580E590E05D
:1000E0000E94628E90938525809384258F3F2FEF09
:1000F000920709F4CEC021E020933C2510927F2581
:1001000010927E2510929A2410929924109298248D
:10011000109241251092402510923D2522E6289FFD
:10012000F001299FF00D1124E355F14D868197814F
:10013000A085B1858093802590938125A093822509
:10014000B0938325A6C00E948D8E803159F08FEF29
:100150009FEF909385258093842510923C251092E3
:100160003D2597C080913C25813009F065C012E0A3
:1001700001E083E0F82E80918425909185250E94EE
:10018000A796181619060CF084C0809184259091CA
:1001900085250E94B9968A3071F390913D25209172
:1001A0007E2530917F25911110C0A9014F5F5F4FCF
:1001B00050937F2540937E25F901E856FB4D8283BD
:1001C000FA01E856FB4D128206C02F5F3F4F309375
:1001D0007F2520937E258D3071F691111CC043E060
:1001E00050E06DE37FE68AE994E20E9468F7892B8C
:1001F00031F400933D2588E994E23FDE0CC044E0F1
:1002000050E068E37FE68AE994E20E9468F7892B70
:1002100011F410933D2580913D25882341F0809174
:100220007E2590917F25019711F4F0923C25109244
:100230007F2510927E259FCF833059F5CE01019600
:1002400040DC609184257091852582E029DC88E975
:1002500094E284D0019769F088E994E207DD019780
:1002600041F08AEC9EE69F938F930E94FEF80F90D8
:100270000F90C9DBCE01019633DC809184259091EB
:1002800085250E949C8E8FEF9FEF9093852580930C
:10029000842527960FB6F894DEBF0FBECDBFDF9141
:1002A000CF911F910F91FF9008950F931F93CF93BC
:1002B000DF9323D080E590E00E94338EC4E8D5E23E
:1002C0000FEF1FEF198308831F9280E58F9387E458
:1002D0009FE69F938F930E94FEF861E47FE689E595
:1002E00090E879DC198308830F900F900F900F909E
:1002F000DF91CF911F910F91089580E090E0FC0174
:10030000EE0FFF1FEE0FFF1FEB52F24D1182108216
:1003100001968E31910599F7089520E030E0F901BA
:10032000EE0FFF1FEE0FFF1FEB52F24D4081518188
:100330004817590781F040815181452B39F4918349
:1003400080837383628380E090E008952F5F3F4F46
:100350002E31310521F78FEF9FEF0895EF92FF9235
:100360000F931F93CF93DF937C0105ED1DE2C0E057
:10037000D0E0F801628173816115710511F1F70117
:10038000808191810E9494F7892BA9F487E090E7FE
:100390009F938F930E94FEF8CC0FDD1FCC0FDD1FC3
:1003A000CB52D24DE881F981C70119950F900F907A
:1003B00081E090E008C021960C5F1F4FCE31D1053F
:1003C000C1F68FEF9FEFDF91CF911F910F91FF90BB
:1003D000EF90089581E79FE69F938F930E94FEF828
:1003E0000F900F9008958EE59FE69F938F930E9444
:1003F000FEF80F900F900895CF93DF93C62FDFB7CD
:10040000F89473986F71682B81E090E09CD360E062
:1004100081E090E098D3C7FF04C060E081E090E005
:1004200092D393E09A9501F0E9F7C895739ADFBFEC
:10043000DF91CF910895CF93DF93D42FCFB7F89466
:1004400073986F71682B81E090E07DD36D2F81E010
:1004500090E079D383E08A9501F0E9F7C895739A23
:10046000CFBFDF91CF910895EF92FF920F931F932B
:10047000CF937C018B01CFB7F89473986AE381E046
:1004800090E061D3A701B80181E090E06ED383E0F2
:100490008A9501F0E9F7C895739ACFBFCF911F9164
:1004A0000F91FF90EF900895DF92EF92FF920F93DC
:1004B0001F93CF93DF938C01D62EE72EFFB6F894CF
:1004C00073986AE781E090E03ED3CD2DDE2D0C0FCE
:1004D0001D1FC017D10729F0699181E090E033D347
:1004E000F8CF83E08A9501F0E9F7C895739AFFBECB
:1004F000DF91CF911F910F91FF90EF90DF900895C2
:100500001F93CF93DF93182F1076C12FD0E08091E7
:100510004F2E90E0C817D90779F043E06FE180EAE9
:100520008ADFAE0185E0559547958A95E1F76FE141
:1005300080E881DF10934F2EDF91CF911F910895B6
:10054000CF93C82FDDDF6C2F80E0CF9155CFCF93B5
:10055000DF93C82FD62FD4DF4D2F6C2F80E4DF918F
:10056000CF9169CFCF93DF93EC01688184EEEFDF09
:10057000698185EEECDF6A8182EEE9DF6B8183EED3
:10058000E6DF6C8180EEE3DF6D8181EEDF91CF915C
:10059000DECFCF93DF93682F84EDD9DF61E082ED6A
:1005A000D6DF8AEECDDF80FDFCCF60E082EDCFDFCD
:1005B00088EDC6DFC82FD0E089EDC2DF9E01382B61
:1005C000C901DF91CF910895CF93DF93D62FC72F25
:1005D000682F84EDBCDF6D2F86EDB9DF6C2F87EDC2
:1005E000B6DF8AEEADDF80FDFCCFDF91CF910895BD
:1005F00082E7A6DF90E0089581E090E094D26B9AC4
:10060000739A4FEF60E08FEF16DF8DE199DF80FF87
:10061000FCCF10924E2E10924D2E60E088E097DFB6
:1006200060E089E094DF60E08CE091DF60E08DE0E5
:100630008EDF6EEF8AE08BDF67E18BE088DF60E0C2
:1006400084E085DF68E185E082DF61EA88E37FDFBF
:100650006DE080EC7CDF60E081EC79DF63E088ECCA
:1006600076DF42E362EC80E8E6DE62E186EC6FDF93
:100670006CE087EC6CDF62E184EC69DF68E58AECB2
:1006800066DF62E08BEC63DF60E071E080E19CDFBD
:100690008FE136DF40EC6BE180E8CDDE44E06FE1D6
:1006A00080E8C9DE66E774E084E18ECF0F931F9384
:1006B000CF93DF93EC018B018FE142DF83FDFCCF11
:1006C00060E082E044DF68E183E041DF6C2F86E098
:1006D0003EDFCE01985E692F87E039DF40E060E0C1
:1006E0008AE7A9DEB801CE01DFDE40E86FE180E8ED
:1006F000A2DE40E86FE180EA9EDE48E06FE180E83C
:10070000DF91CF911F910F9196CEEF92FF920F93B1
:100710001F93CF93DF937C01EB018CE111DF86FF08
:100720003BC060914D2E80E012DF60914E2E81E043
:100730000EDF60E08AE360DE90E090934E2E8093BF
:100740004D2E60E08AE358DE20914D2E30914E2EE2
:10075000382B30934E2E20934D2E60E08AE34CDEF2
:10076000082F10E060E08AE347DE182B60E08AE3A0
:1007700043DE60E08AE340DEE016F10694F4609127
:100780004D2E8CE0E4DE60914E2E8DE0E0DE40E404
:100790006EE180E850DE3CC089E3D2DE8111C1CF3A
:1007A00037C0BE01C80160DE89E0CADEE82EF12C48
:1007B000FE2CEE2488E0C4DEE82A8BE0C1DEC82FE0
:1007C000D0E0DC2FCC278AE0BBDEC82B60914D2E19
:1007D00070914E2ECB0101978E159F0518F0C8170A
:1007E000D90728F46C2F8CE0B2DE6D2F09C0615060
:1007F0008CE0ADDE80914D2E90914E2E0197692FA9
:100800008DE0A5DE40E46EE180E815DEC80102C09F
:1008100080E090E0DF91CF911F910F91FF90EF90DA
:10082000089581E0B6DE969587959695879521E0A7
:100830008227817008954CE06FE180EAFCDD80E062
:10084000A8DEBC017E7F80E0BFDE82EC79DE682F0F
:1008500070E06E7F82EC7BDE65E184EC78DE62E145
:1008600086EC75DE6CE087EC72DE44E06FE180E8D8
:10087000E2CD85B1836085B984B1876084B923985E
:1008800080E58CBD81E08DBD08958EBD0DB407FE61
:10089000FDCF8EB50895FC0121912EBD9F01281B2F
:1008A000390B2617370728F421910DB407FEFDCF29
:1008B000F4CF0DB407FEFDCF08951EBC680F791F5D
:1008C0008617970749F00DB407FEFDCF1EBC2EB565
:1008D000FC012193CF01F4CF0DB407FEFDCF0895A5
:1008E000E4ECF0E0118210826A9A80EC8093C200FE
:1008F00088E18093C1001182108208959091C00018
:1009000095FFFCCF8093C6008091C00087FFFCCF8D
:100910008091C6000895FC0121912093C6009F019B
:10092000281B390B2617370734F421913091C0006A
:1009300035FFFCCFF2CF8091C00087FFFCCF089538
:10094000FC014FEF9F01281B390B2617370774F462
:100950002091C00025FFFCCF4093C6002091C0002D
:1009600027FFFCCF2091C6002193ECCF8091C000DF
:1009700085FFFCCF08958E9880B3806580BB8798F3
:100980000895282F98E080E0880F27FF02C08C9AF6
:1009900001C08C9835E33A95F1F700008E9A35E363
:1009A0003A95F1F700007F9981608E98220F91505F
:1009B00059F70895680F791F68177907B9F0FC0196
:1009C0003191CF0128E037FF02C08C9A01C08C988A
:1009D000F5E3FA95F1F700008E9A45E34A95F1F7B1
:1009E0000000330F8E98215071F7E6CF08958C9850
:1009F000FC01680F791F90E06E177F0791F088E087
:100A0000990F25E32A95F1F700008E9A25E32A95A0
:100A1000F1F700007F9991608E98815089F791934A
:100A2000EBCF0895CF931092512E1092502EC2E02A
:100A3000C4BD092E000CAA0BBB0B2227382F492F4F
:100A40005A2F60E074E284EF90E00E94DBF627BD4D
:100A500084E085BDC0936E00CF9108951F920F92E0
:100A60000FB60F9211240BB60F922F933F934F9313
:100A70005F936F937F938F939F93AF93BF93EF9306
:100A8000FF93E091502EF091512E309709F0199577
:100A9000FF91EF91BF91AF919F918F917F916F9156
:100AA0005F914F913F912F910F900BBE0F900FBE12
:100AB0000F901F9018952091502E3091512E28178D
:100AC000390731F0232B31F49093512E8093502E1F
:100AD0008FEF089580E00895843030F4E82FF0E03F
:100AE000E259FF48849125C10895843030F4E82FFD
:100AF000F0E0E259FF4884917FC108950F931F935E
:100B0000CF930EE610E7C0E0F801649181E040D099
:100B10008C2FEBDF0F5F1F4FCF5FC430A9F7CF9152
:100B20001F910F9108958330910564F42AE0289F66
:100B3000F001299FF00D1124E45FFC4D0190F0813C
:100B4000E02D19940895833091056CF42AE0289FD4
:100B5000F001299FF00D1124E45FFC4D0280F38128
:100B6000E02D862F199480E008959B018330910534
:100B700074F46AE0689FF001699FF00D1124E45F4E
:100B8000FC4D0680F781E02DBA01C9011994089542
:100B9000962F9770669566956695623009F44DC0FC
:100BA00028F4662361F0613049F1C0C0643009F473
:100BB00082C008F461C0653009F49BC0B7C08130C1
:100BC00061F441B121E030E0B90102C0660F771F46
:100BD0009A95E2F7CB01842B0FC0823009F0A6C0B2
:100BE00041B121E030E0B90102C0660F771F9A954C
:100BF000E2F7CB018095842381B998C0813061F4FC
:100C000044B121E030E0B90102C0660F771F9A9528
:100C1000E2F7CB01842B0FC0823009F087C044B1CA
:100C200021E030E0B90102C0660F771F9A95E2F724
:100C3000CB018095842384B979C0813061F447B1B8
:100C400021E030E0B90102C0660F771F9A95E2F704
:100C5000CB01842B0FC0823009F068C047B121E07E
:100C600030E0B90102C0660F771F9A95E2F7CB0119
:100C70008095842387B95AC0813061F44AB121E05C
:100C800030E0B90102C0660F771F9A95E2F7CB01F9
:100C9000842B0FC0823009F049C04AB121E030E016
:100CA000B90102C0660F771F9A95E2F7CB018095D4
:100CB00084238AB93BC0813061F44DB121E030E03A
:100CC000B90102C0660F771F9A95E2F7CB01842B1A
:100CD0000EC0823059F54DB121E030E0B90102C0BB
:100CE000660F771F9A95E2F7CB01809584238DB923
:100CF0001DC0813061F440B321E030E0B90102C091
:100D0000660F771F9A95E2F7CB01842B0EC08230D5
:100D100069F440B321E030E0B90102C0660F771FEB
:100D20009A95E2F7CB018095842380BB8FEF90E00A
:100D30000895982F9770869586958695823099F1BB
:100D400090F4882319F1813009F053C045B121E0B6
:100D500030E0B90102C0660F771F9A95E2F7CB0128
:100D6000842B85B946C08430C1F150F1853009F03B
:100D700040C041B321E030E0B90102C0660F771FE7
:100D80009A95E2F7CB01842B81BB33C042B121E0BD
:100D900030E0B90102C0660F771F9A95E2F7CB01E8
:100DA000842B82B926C048B121E030E0B90102C0ED
:100DB000660F771F9A95E2F7CB01842B88B919C08B
:100DC0004BB121E030E0B90102C0660F771F9A9560
:100DD000E2F7CB01842B8BB90CC04EB121E030E09F
:100DE000B90102C0660F771F9A95E2F7CB01842BF9
:100DF0008EB98FEF90E00895982F9770869586951D
:100E000086958230B1F198F4882329F1813009F078
:100E100059C045B121E030E0B90102C0660F771F2B
:100E20009A95E2F7CB018095842385B94BC0843035
:100E3000E1F168F1853009F045C041B321E030E0CF
:100E4000B90102C0660F771F9A95E2F7CB01809532
:100E5000842381BB37C042B121E030E0B90102C038
:100E6000660F771F9A95E2F7CB018095842382B9AC
:100E700029C048B121E030E0B90102C0660F771FF8
:100E80009A95E2F7CB018095842388B91BC04BB1BA
:100E900021E030E0B90102C0660F771F9A95E2F7B2
:100EA000CB01809584238BB90DC04EB121E030E099
:100EB000B90102C0660F771F9A95E2F7CB018095C2
:100EC00084238EB98FEF90E008951F93CF93DF9323
:100ED000EC01162F0E94955880E090E0FC01EE0F87
:100EE000FF1FEE0FFF1FE658F14D208131812C17B7
:100EF0003D07A1F001968830910581F780E090E0F0
:100F0000FC01EE0FFF1FEE0FFF1FE658F14D208191
:100F10003181232B39F4D183C08312830E949B58E3
:100F200080E007C001968830910551F70E949B58D8
:100F30008FEFDF91CF911F910895CF93DF930E94A0
:100F40009558C0E0D0E085E08C9FF0018D9FF00DBA
:100F50001124EE5AF14D9481963041F410821182A1
:100F6000128213820E949B58CE0108C02196C8307D
:100F7000D10551F70E949B588FEF9FEFDF91CF91E2
:100F80000895FF920F931F93CF93DF938C01EB0192
:100F9000F42E0E949558CE01A0E0B0E025E0209FFD
:100FA000F001219FF00D1124EE5AF14D80839183C1
:100FB000A283B383F482DF91CF911F910F91FF90B1
:100FC0000C949B58CF92DF92EF92FF927C010E948B
:100FD000955885E08E9DF0018F9DF00D1124EE5AFD
:100FE000F14DC080D180E280F3800E949B58C60101
:100FF000FF90EF90DF90CF90089525E0AC01249F03
:10100000C001259F900D1124FC01EE5AF14D86E0A0
:1010100084830895CF93DF93EC010E94955883E178
:10102000EAE9FEE2DE0101900D928A95E1F70E9465
:101030009B5880E090E0DF91CF910895CF93DF93AC
:10104000EC010E94955883E1FE01AAE9BEE20190FD
:101050000D928A95E1F70E949B5880E090E0DF9125
:10106000CF910895613011F4845E0895673008F0DF
:10107000615060FD02C08FE108958EE108954F92A6
:101080005F926F927F928F929F92AF92BF92CF9218
:10109000DF92EF92FF920F931F93CF93DF9300D0D5
:1010A00000D0CDB7DEB79E838D83DC011E968D9177
:1010B0009D910D90BC91A02D89839A83AB83BC83B5
:1010C000ED81FE812185C684D784E088F18830E0F7
:1010D000A0E1BEE00E940CF7C60ED71EE81EF91E66
:1010E000C686D786E08AF18A8CE697E09087878368
:1010F000668577858089918920E8C22E21E5D22EE8
:10110000EE24E394F12CA70196010E94DBF62B015B
:101110003C01ED81FE816685778580899189A701F3
:1011200096010E94DBF669017A0189013CE3832E76
:10113000912CA12CB12CC301B201A50194010E94F4
:10114000DBF6AD81BE8111966C93C301B20120E143
:101150003EE040E050E00E94DBF6722EA5019401D3
:101160000E94DBF6ED81FE8122837382C601019627
:1011700067E070E00E94B4F6848324E630E0E0E9A2
:10118000F1E0AD81BE8117968D919C911897837087
:101190009927892BB9F417968D919C911897B901CD
:1011A0000E94B4F6892B59F4AD81BE8117968D91BA
:1011B0009C911897BF010E94B4F6892B19F48EE612
:1011C00091E002C08DE691E00817190788F1AD8122
:1011D000BE8117968D919C91189783709927892BC2
:1011E000B9F417968D919C911897B9010E94B4F6A5
:1011F000892B59F4AD81BE8117968D919C911897DA
:10120000BF010E94B4F6892B19F48EE691E002C06A
:101210008DE691E0081B190BAD81BE8117968D916B
:101220009C911897019618969C938E931797A9CF27
:10123000ED81FE81168284E6E82EF12C90E9C92E1C
:10124000DD24D394ED81FE81268187819085837092
:101250009927892B99F487819085B7010E94B4F66C
:10126000892B71F487819085B6010E94B4F6AC0198
:1012700091E0452B09F090E0892F03C080E001C088
:1012800081E0622FEFDE90E0AD81BE810817190783
:1012900090F116962C91169717968D919C91189710
:1012A00083709927892BB9F417968D919C91189783
:1012B000B7010E94B4F6892B81F4ED81FE8187810C
:1012C0009085B6010E94B4F6AC0191E0452B09F07F
:1012D00090E0892F03C080E001C081E0622FC2DE70
:1012E000081B1109AD81BE8116968C9116978F5FF0
:1012F00016968C93A7CF16968C9116978F5F16969D
:101300008C9316970F5F15960C93159716968C91E4
:101310001697833028F016968C9121E08B3008F0D8
:1013200020E0ED81FE818581348190E0831B91096D
:1013300049976CF08481811103C08381823038F039
:10134000AD81BE8116968C918A3039F466C0ED81EC
:10135000FE818681833009F460C0222309F45DC0D8
:10136000AD81BE8152968C915297882309F455C065
:1013700013968C9113978F5F13968C9313971396F4
:101380008C911397883109F048C013961C921397DB
:1013900014968C9114978F5F14968C9314971496CF
:1013A0008C911497873011F414961C92ED81FE8174
:1013B0001581268121508781908583709927892BFB
:1013C000A9F48781908564E670E00E94B4F6892BC9
:1013D00079F48781908560E971E00E94B4F6AC01F0
:1013E00091E0452B09F090E0892F03C080E001C017
:1013F00081E0622F37DE18130BC0AD81BE811596D8
:101400001C92159716968C9116978F5F16968C9353
:10141000ED81FE8185818F5F858389819A81AB8192
:10142000BC81ED81FE8186879787A08BB18B269644
:101430000FB6F894DEBF0FBECDBFDF91CF911F91E5
:101440000F91FF90EF90DF90CF90BF90AF909F9063
:101450008F907F906F905F904F90089580E090E024
:1014600026E0FC01EE0FFF1FEE0FFF1FE658F14DC7
:1014700011821082228301968830910591F780E0D5
:1014800090E035E026E0389FF001399FF00D1124FF
:10149000EE5AF14D1082118212821382248301963A
:1014A0008830910581F71092A42E1092A52E1092EB
:1014B000A62E1092A72E1092A82E1092A92E10924E
:1014C000AA2E1092AB2E1092A32E81E08093AC2E08
:1014D0008AE99EE2D4DD60E070E084E690E00E945C
:1014E000715885E79AE80C94CE580F931F93CF93C9
:1014F000DF9380919A2E8F5F80939A2E80919A2EFF
:10150000843609F04EC010929A2E80919B2E8F5FE8
:1015100080939B2E8091A42E9091A52EA091A62E13
:10152000B091A72E0196A11DB11D8093A42E90937A
:10153000A52EA093A62EB093A72E8091A82E9091B1
:10154000A92EA091AA2EB091AB2E0196A11DB11D7E
:101550008093A82E9093A92EA093AA2EB093AB2E81
:1015600080919B2E8C33F9F410929B2E80919C2EAF
:101570008F5F80939C2E80919C2E8C33B1F41092BF
:101580009C2E80919D2E8F5F80939D2E8AE99EE2F6
:1015900076DD80919D2E883151F410929D2EC5E00C
:1015A00007C0C1E005C0C2E003C0C3E001C0C4E0A1
:1015B00000E010E0D1E0F801EE0FFF1FEE0FFF1F7B
:1015C000E658F14D8281C81748F0C23010F0D3833D
:1015D00005C013820190F081E02D19950F5F1F4F18
:1015E0000830110541F780E090E0FC01EE0FFF1F8D
:1015F000EE0FFF1FE658F14DDF01139623812130D6
:1016000049F41C920190F081E02D199580E090E062
:1016100025E005C001968830910539F7F7CF289F5E
:10162000F001299FF00D1124EE5AF14D3481C317BA
:10163000A0F04081518162817381452B462B472B5D
:1016400061F040815181628173814150510961098A
:1016500071094083518362837383019688309105B9
:10166000F1F6DF91CF911F910F91089510922922E9
:10167000089581E080932922089520E030E082E6F9
:10168000829FF001839FF00D1124E355F14D90816D
:10169000911104C046895789452B41F02F5F3F4F78
:1016A0002330310569F78FEF9FEF0895C901089541
:1016B0008F929F92BF92CF92DF92EF92FF920F9301
:1016C0001F93CF93DF936C01FC0186858F70960189
:1016D00044E0849F200D311D1124F9013E967F01C5
:1016E000C0E0D0E082E6B82EBC9E8001BD9E100D09
:1016F00011240355114DF8018081811107C02196F5
:10170000C330D10589F78FEF9FEF26C0F8018280A3
:101710009380F701808191810E94DF72881699067B
:1017200071F7F80184809580F701828193810E948E
:10173000DF728816990619F7F8014681578160858E
:101740007185F601828D938DA48DB58D481759074B
:101750006A077B07A1F6CE01DF91CF911F910F9110
:10176000FF90EF90DF90CF90BF909F908F90089563
:10177000AF92BF92CF92DF92EF92FF920F931F939F
:10178000CF93DF937C01FC01C68577DF5C01019676
:1017900009F475C0CF70870184E0C89F000D111D4A
:1017A0001124025F1F4FF801808191810E94DF7236
:1017B00022E62A9D60012B9DD00C1124E601C35521
:1017C000D14D9B838A83F801828193810E94DF72CD
:1017D0009D838C83F701828D938DA48DB58D8E832F
:1017E0009F83A887B987F801648175818681978175
:1017F0000E94E372DC01CB0180959095A095B09595
:101800008A879B87AC87BD87F80164817581868153
:1018100097810E94E3726E877F87888B998B1982EC
:101820008EE190E09F8B8E8B1A8E1B8E1C8E1D8EF0
:101830006AE070E080E090E00E94E3726E8F7F8F3C
:1018400088A399A388A599A50E941468F8018685A4
:1018500097850E94DF729B8B8A8B1D8A1C8AD6011A
:10186000A153B14DF701369686E001900D928A950D
:10187000E1F788A599A50E941468198E188EC501F4
:10188000DF91CF911F910F91FF90EF90DF90CF905C
:10189000BF90AF9008955F926F927F928F929F92C8
:1018A000AF92BF92CF92DF92EF92FF920F931F936E
:1018B000CF93DF936C01562E7A015901E80182E63D
:1018C0008C9D40018D9D900C112484010355114D78
:1018D000F80186819781A085B1858E8B9F8BA88F1B
:1018E000B98F8091172290911822A0911922B0915E
:1018F0001A228A8F9B8FAC8FBD8F1E8E86E08F8FB2
:101900003A01F4E26F0E711CC3010E94DF7299A3C9
:1019100088A3D80114968D919C9115970E94DF722F
:101920009BA38AA3F801828193810E94DF729DA309
:101930008CA3D8011A966D917D918D919C911D97E4
:101940000E94E3726EA37FA388A799A7F80166851A
:101950007785808991890E94E3726AA77BA78CA70B
:101960009DA780E98EA75FA6C5010E94DF7299AB93
:1019700088AB1BAA1AAA1DAA1CAAD8015E966D9153
:101980007D918D919C9191970E94E3726F5F7F4F43
:101990008F4F9F4F0E94E372F801668F778F80A36D
:1019A00091A3CE018296FE01F69620E1DF011D9201
:1019B0002A95E9F7F8012081213021F522E02EABAC
:1019C00024E02FAB18AE20E429AF428D538D648DF7
:1019D000758D452B462B472BB1F128E02AAF2AE025
:1019E0002BAFF401E553F14D24E0DE01DC960190CC
:1019F0000D922A95E1F7DC015E96F401E953F14D71
:101A000084E01DC0F801828D938DA48DB58D892B46
:101A10008A2B8B2BC1F088E08EAB8AE08FABF40170
:101A2000E553F14D84E0DE01D89601900D928A9540
:101A3000E1F7F401E953F14D84E0DE01DC96019019
:101A40000D928A95E1F7B701605D7F4FCE01469612
:101A50000E94836C0E94DF729BAB8AAB82E68C9DF6
:101A600050018D9DB00C1124F501E355F14D6681B7
:101A70007781808591858E01930146E00E94F37401
:101A8000BE01C5018153914D0E948873BE01C701FB
:101A90008A5B9F4FDF91CF911F910F91FF90EF9045
:101AA000DF90CF90BF90AF909F908F907F906F907E
:101AB0005F900C944F738F929F92AF92BF92CF9290
:101AC000DF92EF92FF920F931F93CF93DF93CDB7E7
:101AD000DEB7C654D1090FB6F894DEBF0FBECDBF36
:101AE00080912922813009F05BC0C12CD12C82E683
:101AF000982E90E3A92EB12C21E7822E9C9CC00148
:101B00009D9C900D11249C012355314D7901F901C3
:101B100086899789892B91F18081882379F186893B
:101B200097890197978B868B868997890A97A9F45D
:101B300080A591A50E948F669501281B390B8E0107
:101B40000F5F1F4F40E050E061E1C601A4DEF701E6
:101B500080818131E8F480821BC0F90186899789F0
:101B6000892BB1F48E010F5F1F4F20E030E040E081
:101B700050E064E0C6018FDEF70107C09C9CF001D5
:101B80009D9CF00D1124E355F14D178A168A1082A1
:101B9000FFEFCF1ADF0A23E0C216D10409F0AECF5F
:101BA000CA5BDF4F0FB6F894DEBF0FBECDBFDF912B
:101BB000CF911F910F91FF90EF90DF90CF90BF904A
:101BC000AF909F908F900895CF92DF92EF92FF9207
:101BD0000F931F93CF93DF93EB018A01FA012685C0
:101BE0002F7064E0269F400D511D1124FA013E968E
:101BF0006F0122E6AC01249FC001259F900D1124A6
:101C0000FC01E355F14D7F0180A591A50E942E684E
:101C10008C179D07ECF0F80146854F70F60124857E
:101C2000F70180A591A5F4E04F9FA0011124425F28
:101C30005F4F207F30E03595279535952795420FEA
:101C4000531F400F511FBE010E94A366CE0102C068
:101C50008FEF9FEFDF91CF911F910F91FF90EF904A
:101C6000DF90CF90089520E030E0F901EE0FFF1FE4
:101C7000ED52F04D40815181452B29F491838083B1
:101C800080E090E008952F5F3F4F2430310569F7E1
:101C90008FEF9FEF089520E030E0F901EE0FFF1F76
:101CA000ED52F04D408151814817590741F02F5FA7
:101CB0003F4F2430310589F78FEF9FEF089580E083
:101CC00090E00895CF93DF93BC0120E030E04EE137
:101CD00050E08FEF9FEFA2E6B0E1A29FF001A39F3B
:101CE000F00D1124E355F14DC481D581C617D707F6
:101CF00061F4C081CF3049F4C689D789C417D507AC
:101D000020F446895789B083C9012F5F3F4F2330A4
:101D1000310519F7DF91CF9108958330910550F483
:101D200022E6289FF001299FF00D1124E355F14D83
:101D3000808108958FEF0895AF92BF92CF92DF9286
:101D4000EF92FF920F931F93CF93DF93CDB7DEB740
:101D5000C654D1090FB6F894DEBF0FBECDBF833095
:101D6000910508F08BC022E6289FA001299F500D05
:101D700011249A012355314D6901F9012081203147
:101D800009F07CC07C01D9D88C018F3FFFEF9F0701
:101D900009F474C041E068EC70E0F3D856012FEF0D
:101DA000A21AB20AF5018081811134C0C8010AD992
:101DB000892B81F1C80121D90E949F73F60180A56A
:101DC00091A50E948F6620E330E0281B390B8E011D
:101DD0000F5F1F4F40E050E061E1C7015CDD81E72C
:101DE000F60180830E94C673A8D88C018F3FFFEF55
:101DF0009F0709F443C041E068EC70E0C2D822E6D6
:101E00002E9DC0012F9D900D11249C012355314D15
:101E1000690115C0C801D6D8892B09F0C3CF82E665
:101E20008E9DF0018F9DF00D1124E355F14D178A21
:101E3000168A1082C801E1D821C00E94C6730E9490
:101E40009F73F6018081811104C0C801BBD8892B22
:101E500089F4C801B7D8892B81F782E68E9DF001FD
:101E60008F9DF00D1124E355F14D178A168A1082CB
:101E7000118E108EC801C1D80E94C673CA5BDF4F95
:101E80000FB6F894DEBF0FBECDBFDF91CF911F918B
:101E90000F91FF90EF90DF90CF90BF90AF9008959B
:101EA000DF92EF92FF920F931F93CF93DF9362E045
:101EB0008BE59DE80AD81092DC2F1092DB2FA3EE61
:101EC000BFE2E3E2F0E38DEC90E3A332B90711F057
:101ED0008D93FACF85E590E3EB32F90711F081930A
:101EE000FACF81E0809329220DEA1EE2C0E0D0E023
:101EF00082E6F82E9CEDE92E25E5D22E60E370E017
:101F0000C8018A960E946866FC9EF001FD9EF00D55
:101F10001124E355F14D91A780A7178A168A1082E4
:101F2000CE010ADF80E090E0F801E80FF91FE2A699
:101F3000019680339105C1F780E090E0FC01E65AFC
:101F4000FF4FE00FF11FD082019688309105B1F765
:101F500021960E591F4FC330D10581F6DF91CF91E5
:101F60001F910F91FF90EF90DF90089522E6FC0102
:101F70002E9FC0012F9F900D11248953914D411523
:101F80005105F9F0FB013081313071F0D0F0218141
:101F90006E5F7F4F383069F434E0FB01DC01019063
:101FA0000D923A95E1F705C06F5F7F4F415051099F
:101FB000E6CF30E0F90132976E0F7F1F421B530BC3
:101FC000DECF08952F923F924F925F926F927F9251
:101FD0008F929F92AF92BF92CF92DF92EF92FF9239
:101FE0000F931F93CF93DF93CDB7DEB72A970FB62A
:101FF000F894DEBF0FBECDBF6B01DB011E968C9146
:102000008F70FB0124E0829FE00DF11D11243E96AC
:102010001F01CB014DDB7C01D1011D968C911D97D9
:1020200083711D968C93BFEFEB16FB0679F0F101DF
:102030000485007F10E015950795159507950451C7
:1020400011098585823009F081C00BC0D10112963B
:102050008D919C9113970E94DF721DDE019639F7D6
:1020600014C4C60185DB7C01019609F40EC422E686
:102070002E9DC0012F9D900D11249C012355314DA3
:102080005901D90114964D915C91159716966D9151
:102090007D918D919C9119970E94EACA811102C08D
:1020A000F501D2C3A801B1016C5E7F4FC7015EDFAD
:1020B000D5018C91813110F481E08C93F1018685FA
:1020C00097850E94DF7222E62E9DA0012F9D500D64
:1020D00011244355514D5A834983DA0153969C93F9
:1020E0008E935297FA0186859785A089B1890196CA
:1020F000A11DB11D86879787A08BB18B860120E338
:1021000030E040E050E062E1C701C5DBE981FA81DF
:1021100082859385A485B5850196A11DB11D828711
:102120009387A487B5878081813110F484E0808310
:1021300082E68E9DF0018F9DF00D1124E355F14D47
:1021400011828EE190E0978B868B9FC3FFEFEF1695
:10215000FF0609F49AC382E68E9DF0018F9DF00D73
:102160001124E355F14D8081813120F48EE190E01E
:10217000978B868BA801B1016C5E7F4FC701F6DE9D
:10218000D1011D968C911D97823109F047C0189698
:102190006D917D918D919C911B970E94E37222E637
:1021A0002E9D80012F9D100D11240355114DF80116
:1021B0006287738784879587D10114966D917D918D
:1021C0008D919C9117970E94E372F801668777873B
:1021D000808B918B86859785A089B1890196A11DF9
:1021E000B11D86879787A08BB18BD1011E968D91EB
:1021F0009C911F970E94DF72F801938B828B8081E4
:10220000803110F480E1808382E68E9DF0018F9D05
:10221000F00D1124E355F14D118237C3D6015096CC
:102220008D919C9151970E94BE6CF60146854F702E
:10223000D1011C962C91207F30E03595279535955E
:102240002795B4E04B9F200D311D11248C01021BFA
:10225000130B2801612C712C22E62E9DC0012F9DAD
:10226000900D1124FC01E355F14D5F0180A591A56E
:102270000E942E68092E000CAA0BBB0B8415950535
:10228000A605B7050CF401C341145104610471049F
:1022900009F478C1D5011E962D913D914D915C9127
:1022A000519729833A834B835C83F1016481758163
:1022B000868197810E94E37229813A814B815C81FA
:1022C000261737074807590709F0B7C0A601B80114
:1022D000C7017ADC0196A1F0D10114966D917D9130
:1022E0008D919C9117970E94E372DC01CB01840DC4
:1022F000951DA61DB71DF50186879787A08BB18B0D
:1023000082E68E9DD0018F9DB00D1124A355B14D55
:102310005896ED91FC915997309731F098966D91C0
:102320007C919997C701199522E62E9DC0012F9D9A
:10233000900D11249C012355314D5901D9019896D6
:102340008D919C9199970E948F6630E3832E912CFA
:102350009401281B390B860140E050E060E1C70181
:102360009ADA8091DD2F9091DE2F8E159F0509F06E
:102370005FC06091DB2F7091DC2F6115710509F44E
:1023800057C0D5011E962D913D914D915C9151976D
:10239000CB01A0E0B0E0280F391F4A1F5B1F2F833D
:1023A000388749875A872091DF2F3091E02F40915D
:1023B000E12F5091E22F820F931FA41FB51F2F8191
:1023C000388549855A85281739074A075B0739F543
:1023D000D50198968D919C91999743EE5FE20E946A
:1023E000A3668091DF2F9091E02FA091E12FB09113
:1023F000E22F480E591E6A1E7B1EF501468657863F
:10240000608A718A80A591A50E948F669401281B1D
:10241000390B40E050E060E1C7013DDA09C080912E
:102420008C2590918D25019690938D2580938C25F8
:102430001092DC2F1092DB2FA5C0F50186859785C1
:10244000A089B189A3019201280F391F4A1F5B1F80
:1024500029833A834B835C83D10114966D917D91DE
:102460008D919C9117970E94E372460E571E681E2D
:10247000791E29813A814B815C814216530664069C
:10248000750680F5D5011E964D905D906D907C90FF
:102490005197F10184819581A681B781F5018687E5
:1024A0009787A08BB18B80A591A50E948F6620E3B2
:1024B00030E0281B390B860140E050E060E1C701A5
:1024C000EAD9D5011E964D925D926D927C925197FC
:1024D00080918A2590918B25019690938B258093EE
:1024E0008A2550C08091DB2F9091DC2F892B09F039
:1024F00040C0F60166856F70A62ED1011C96BC9077
:102500001C9714966D917D918D919C9117970E94C7
:10251000E3726093DF2F7093E02F8093E12F90930D
:10252000E22FF092DE2FE092DD2FB4E0AB9EB001FF
:102530001124625F7F4F8B2D807F90E0959587956A
:1025400095958795680F791F6C0D7D1DA80183EE09
:102550009FE20E94D8F71093DC2F0093DB2F80912D
:1025600088259091892501969093892580938825C7
:1025700009C080918C2590918D25019690938D2591
:1025800080938C25F1018585813009F0A2C022E677
:102590002E9DC0012F9D900D11249C012355314D7E
:1025A0005901D9018C91823721F564817581868129
:1025B00097810E94E372DC01CB010196A11DB11D40
:1025C000F50186879787A08BB18B80A591A50E9486
:1025D0008F6620E330E0281B390B860140E050E095
:1025E00060E1C70158D9D50157961C921E925697A3
:1025F0001C9222E62E9DC0012F9D900D1124FC01FE
:10260000E355F14D5F018081813741F5D101149689
:102610006D917D918D919C9117970E94E372DC01E1
:10262000CB010196A11DB11DF50186879787A08B6F
:10263000B18B80A591A50E948F6620E330E0281B16
:10264000390B860140E050E060E1C70124D9D50193
:1026500057961C921E9256971C9227C080818031FB
:1026600021F5D10118966D917D918D919C911B97CB
:102670000E94E372DC01CB010196A11DB11DF501A1
:1026800082879387A487B58780A591A50E948F66CE
:1026900020E330E0281B390B860140E050E061E187
:1026A000C701F9D882E7D5018C9382E68E9DF001AF
:1026B0008F9DF00D1124E355F14D82859385A485FE
:1026C000B5850196A11DB11D82879387A487B58723
:1026D000DCC0F1018585813109F09DC022E62E9D87
:1026E000C0012F9D900D11249C012355314D59019E
:1026F000D9018C91823721F564817581868197811A
:102700000E94E372DC01CB010196A11DB11DF50110
:1027100086879787A08BB18B80A591A50E948F6635
:1027200020E330E0281B390B860140E050E060E1F7
:10273000C701B1D8D50157961C921E9256971C928C
:1027400022E62E9DC0012F9D900D1124FC01E35522
:10275000F14D5F0180818137B1F5D10114966D9102
:102760007D918D919C9117970E94E372DC01CB01C2
:102770000196A11DB11DF50186879787A08BB18BAE
:10278000D10118966D917D918D919C911B970E941E
:10279000E372F501628773878487958780A591A589
:1027A0000E948F6620E330E0281B390B860140E051
:1027B00050E060E1C7016FD8D50157961C921E9278
:1027C00056971C9262C08081803109F05EC0D101B1
:1027D00014966D917D918D919C9117970E94E37253
:1027E000DC01CB010196A11DB11DF50186879787FC
:1027F000A08BB18B80A591A50E948F6620E330E06D
:10280000281B390B860140E050E061E1C70143D845
:1028100082E7D50122C0F10185858031B1F582E6DC
:102820008E9D80018F9D100D11240355114DD801EF
:102830008C91843029F48FE08C9311961C9225C0E2
:10284000F8018081823721F4178A168A10821DC010
:10285000D8018081813719F482E78C9316C0F80182
:10286000C284D384E484F584D10118966D917D915E
:102870008D919C911B970E94E372C616D706E806BD
:10288000F90619F4F801158A148A2A960FB6F894F5
:10289000DEBF0FBECDBFDF91CF911F910F91FF9093
:1028A000EF90DF90CF90BF90AF909F908F907F90F0
:1028B0006F905F904F903F902F9008954F925F924E
:1028C0006F927F928F929F92AF92BF92CF92DF9240
:1028D000EF92FF920F931F93CF93DF93CDB7DEB7A5
:1028E000C658D1090FB6F894DEBF0FBECDBF6C013C
:1028F0007B015801039708F0CFC082E68C9DF00160
:102900008D9DF00D1124E355F14D8081803109F04A
:10291000C3C0222349F0213009F0BEC0DE01A95B0B
:10292000BF4F80E090E00DC0DE01A95BBF4FFA0110
:10293000CF01841B950B8E159F056CF481918D93AF
:10294000F7CF8E159F053CF4FA01E80FF91FE491CB
:10295000ED930196F6CF2701F7FE02C0412C512CD2
:102960000E949F7322E62C9DC0012D9D900D112485
:10297000FC01E355F14D4F0180A591A50E948F66A2
:1029800020E3622E712C9301281B390B8E010F5FFF
:102990001F4FA70168E1C6010E944B8CF40180A57E
:1029A00091A50E948F669301281B390B40E050E0EF
:1029B00060E1C6010E944B8CF40182859385A48559
:1029C000B585052C000C66087708840D951DA61D9D
:1029D000B71D82879387A487B587F58AE48A0E940A
:1029E000C6730E949D878C01019609F455C01A1484
:1029F0001B048CF041E06CE070E0C8010E94C187CC
:102A000022E62C9DC0012D9D900D11249C012F5379
:102A1000314D59010AC033E0A316B1048CF741E0EF
:102A200068EC70E0EACF0E94C6730E949F73C801F1
:102A30000E94E287892B21F5C8010E94FD8782E66A
:102A40008C9DF0018D9DF00D1124E355F14D828593
:102A50009385A485B58584199509A609B709828748
:102A60009387A487B58780918E2590918F250196B5
:102A700090938F2580938E25EE24EA94FE2C08C037
:102A8000F50180819181892B71F6C8010E94FD8733
:102A90000E94C673C70102C08FEF9FEFCA57DF4F76
:102AA0000FB6F894DEBF0FBECDBFDF91CF911F915F
:102AB0000F91FF90EF90DF90CF90BF90AF909F90DD
:102AC0008F907F906F905F904F9008953F924F92BC
:102AD0005F926F927F928F929F92AF92BF92CF92AE
:102AE000DF92EF92FF920F931F93CF93DF93833088
:102AF000910508F080C032E6389FF001399FF00D53
:102B00001124E355F14D3081303109F074C03B019F
:102B100077FF03C03FE3630E711C322E2A01EB01E5
:102B20007C0196E0759467949A95E1F74A01C12C6F
:102B3000D12CA12CB12CA614B70424F5C12CD12C76
:102B400081E090E0009739F42FEFA21AB20A30E446
:102B5000830E911CF0CF23E0C216D104ACF721E024
:102B6000231580F38601232DA40160E470E0C701E2
:102B7000A5DE019621F48FEFC81AD80AE1CF80E0D4
:102B800090E0E0CF77FE02C0612C712C33E0C316D9
:102B9000D10419F4C701D0D82EC0CE018F73992764
:102BA000892B11F4CE0129C086E0660C771C8A952A
:102BB000E1F7460C571CCE0160E470E00E94C8F6B5
:102BC0006C01A12CB12C23E0A216B1047CF481E0AD
:102BD0008315C8F38501232DA201B601C7016EDE5E
:102BE000019621F43FEFA31AB30AEDCF83E0A816B4
:102BF000B104C1F6CFCF8FEF9FEFDF91CF911F913F
:102C00000F91FF90EF90DF90CF90BF90AF909F908B
:102C10008F907F906F905F904F903F9008958F922C
:102C20009F92AF92BF92CF92DF92EF92FF920F935B
:102C30001F93CF93DF93CDB7DEB7C654D1090FB63C
:102C4000F894DEBF0FBECDBF6C017B015A0183E05B
:102C5000C816D10408F065C082E68C9D80018D9D68
:102C6000100D11240355114DF80180A591A50E9466
:102C70008F66009709F457C00E949F73F80180A5E2
:102C800091A50E948F66F801E816F9063CF480A52C
:102C900091A5A501B7010E9463671BC080A591A5FE
:102CA0000E948F667C014501085D1F4FC4018A198F
:102CB0009B098E159F054CF4F801808191810E943B
:102CC000DF67F40181934F01F1CFF7FE02C0E12CE1
:102CD000F12C82E68C9D80018D9D100D11240355F1
:102CE000114DF80180818031C1F480A591A50E9429
:102CF0008F66489794F4F80180A591A50E948F668D
:102D000020E330E0281B390B8E010F5F1F4F40E09E
:102D100050E060E1C6010E944B8C0E94C673C7015F
:102D200002C08FEF9FEFCA5BDF4F0FB6F894DEBF94
:102D30000FBECDBFDF91CF911F910F91FF90EF900C
:102D4000DF90CF90BF90AF909F908F900895833089
:102D5000910560F422E6289FF001299FF00D1124CF
:102D6000E355F14D80A591A50C948F668FEF9FEFF1
:102D70000895DF92EF92FF920F931F93CF93DF930B
:102D8000CDB7DEB7C654D1090FB6F894DEBF0FBE7B
:102D9000CDBF8330910510F080E037C07C0182E622
:102DA0008E9D80018F9D100D11240355114DF8014A
:102DB00080A591A50E948F66892B71F30E949F7355
:102DC000F80180A591A50E94DF67D82EF8018081C7
:102DD0008031C1F480A591A50E948F66892B91F462
:102DE000F80180A591A50E948F6620E330E0281BA2
:102DF000390B8E010F5F1F4F40E050E060E1C701CB
:102E00000E944B8C0E94C6738D2DCA5BDF4F0FB69C
:102E1000F894DEBF0FBECDBFDF91CF911F910F9110
:102E2000FF90EF90DF9008958F929F92AF92BF92A4
:102E3000CF92DF92EF92FF920F931F93CF93DF9386
:102E4000CDB7DEB7C955D1090FB6F894DEBF0FBEB6
:102E5000CDBF4B015C018A010E943D8B6C01019644
:102E600019F48FEF9FEF20C18091132290911422CB
:102E7000A0911522B091162240911722509118224C
:102E80006091192270911A22482559256A257B25BF
:102E9000482359236A237B23452B462B472B09F0D4
:102EA00040C080959095A095B095B501A4014823A8
:102EB00059236A237B2384179507A607B70731F5A3
:102EC00082E68C9DF0018D9DF00D1124E355F14DAE
:102ED0008FEF82A383A384A385A386A387A30E94E5
:102EE0009F73CE01895B9F4F0E940A8882E68C9D6A
:102EF000F0018D9DF00D1124E355F14D81E08083AB
:102F0000809186259091872562E630C082E68C9D6F
:102F1000A0018D9D500D11244153514DC501B401A7
:102F200010C082E68C9DA0018D9D500D112441534F
:102F3000514D60910F227091102280911122909139
:102F400012220E94756D019751F68BCF20E030E17F
:102F500040E050E0649FF001659FF00D1124E355BF
:102F6000F14D828193812817390749F49C01305132
:102F700021155EEE350750F72F5F3F4EE9CF848174
:102F800095812817390791F34F5F5F4F4330510503
:102F900009F7309387252093862542E64C9DC00192
:102FA0004D9D900D1124AC014355514D7A01FA010C
:102FB000358324831383028386829782A086B18619
:102FC00087E899EAABECBDEE82879387A487B58743
:102FD00016861786108A118A11828EE190E0978BEF
:102FE000868B80A591A50E941468F701138A128A26
:102FF000158A148A118E108E80A591A50E948F6665
:1030000020E330E0281B390B8E010F5F1F4F40E09B
:1030100050E062E0C6010E944B8C0E94C6730E9481
:103020009D878C01019609F41CCF41E064EF71E0AB
:10303000C8010E94C1870E949F73F701808180317F
:10304000A1F4C8010E94E287892B79F0C8010E948F
:10305000FD878E010F5F1F4F20E330E040E050E01E
:1030600060E1C6010E944B8C1CC0C8010E94E2872F
:10307000892BA1F482E68C9DF0018D9DF00D112429
:10308000E355F14D178A168A1082118E108EC801F1
:103090000E94FD87CC24CA94DC2C03C00E94C67316
:1030A000CACF0E94C673C601C75ADF4F0FB6F89445
:1030B000DEBF0FBECDBFDF91CF911F910F91FF906B
:1030C000EF90DF90CF90BF90AF909F908F9008953A
:1030D000CF93DF93109268008BB38BBB10926E007E
:1030E00085B385BB10926F0086B386BB10927000CB
:1030F00087B387BB1092C100E0ECF0E08081808351
:103100001092C900E8ECF0E08081808380E8809331
:10311000BC001CBC78940E94486680E090E00E944D
:10312000AD5A0E94EE7C60E070E081E00E94507D2C
:1031300082EA90E79F938F930E94FEF88DE990E7D3
:103140009F938F930E94FEF8CEEAD0E7DF93CF9350
:103150000E94FEF886E990E79F938F930E94FEF805
:10316000DF93CF930E94FEF80E942E8A80E990E7B9
:103170009F938F930E94FEF8DF93CF930E94FEF8F7
:103180000E947E8587E890E79F938F930E94FEF8C8
:10319000DF93CF930E94FEF80E94E46B80E890E7F3
:1031A0009F938F930E94FEF8DF93CF930E94FEF8C7
:1031B0000E94AB5689E790E79F938F930E94FEF899
:1031C000DF93CF930E94FEF80E94DB7D82E790E7B9
:1031D0009F938F930E94FEF8DF93CF930E94FEF897
:1031E0008DB79EB74E960FB6F8949EBF0FBE8DBF9B
:1031F000DF91CF91089580916E00887F80936E005B
:1032000080916F00897F80936F008091C1008F71E2
:103210008093C1008091C9008F718093C900809113
:10322000BC008A7F8093BC000FB6F894A89580916B
:103230006000886180936000109260000FBE9CE087
:1032400088E10FB6F894A895809360000FBE909324
:103250006000FFCF0F931F93CF9390915730911140
:1032600002C081E034C0811104C09091A525911164
:10327000F8CFC82F07E510E380915730882389F3F2
:1032800080E090E00E94E65A049724F0C111F4CF48
:1032900080E01DC06091573080E090E00E94BB5AF2
:1032A00081E0909157309A3009F080E08093A62514
:1032B000F80101900020E9F73197AF0147555043DD
:1032C00068E570E387E590E30E9407F8D5CFCF91DA
:1032D0001F910F9108951F93CF93DF93CDB7DEB762
:1032E00063970FB6F894DEBF0FBECDBF2091A42523
:1032F000211102C01092A52510922D30009709F4DB
:1033000063C0813022E092070CF05EC020915730FC
:10331000222351F0E7E5F0E301900020E9F732972E
:1033200011E020812A3009F010E01170A7E5B0E328
:10333000FD0101900020E9F73197E755F043E80FD0
:10334000F91FCF0141968115944060F4111105C019
:103350008091A625882359F00CC0E35BFF4FE1154F
:10336000F440B0F381E076DF8111F2CF2EC011235B
:1033700049F1CE0101960E940A881FB7F89459813D
:103380004A813B812C81E7E5F0E301900020E9F7D9
:103390001F925F931F924F931F923F931F922F9301
:1033A00025EC30E73F932F93CF0101979F938F93A5
:1033B0000E9425F91092A6251FBF0FB6F894DEBF14
:1033C0000FBECDBF81E001C080E063960FB6F894D8
:1033D000DEBF0FBECDBFDF91CF911F9108958091C9
:1033E0002D30882311F081E035CF81E080932D309E
:1033F00008951F93CF93DF930097A1F0EC01FC0198
:1034000001900020E9F7CF0101978C1B9D0B63DF32
:10341000882341F01FB7F894BE0187E590E30E942E
:1034200050F81FBFDF91CF911F910895CF93C82F00
:1034300081E090E050DF882359F08FB7F894E7E5FA
:10344000F0E301900020E9F73197C08311828FBF2C
:10345000CF9108951F93CF93DF93009771F0EC0104
:103460000E94A4F738DF882341F01FB7F894BE010B
:1034700087E590E30E947EF71FBFDF91CF911F91F8
:103480000895DF92EF92FF920F931F93CF93DF93F4
:10349000009739F1E72EF62E052F142FEC010E942C
:1034A000A4F70A9618DF8823E1F0DFB6F894E7E581
:1034B000F0E301900020E9F7EF92FF920F931F9342
:1034C000DF93CF93CF0101979F938F930E9425F9AC
:1034D000DFBE8DB79EB708960FB6F8949EBF0FBE9D
:1034E0008DBFDF91CF911F910F91FF90EF90DF90F3
:1034F0000895CF92DF92EF92FF92CF936B017C0100
:103500008FE090E0E8DE882371F0CFB7F89440E9CF
:1035100055E2C701B6010E94A775BC0187E590E39B
:103520000E9450F8CFBFCF91FF90EF90DF90CF90E7
:1035300008950F931F93CF938C0181E190E0CBDE30
:10354000882369F0CFB7F89460E975E2C8010E945A
:10355000AE6EBC0187E590E30E9450F8CFBFCF91DB
:103560001F910F910895CF92DF92EF92FF920F93E8
:103570001F93CF93DF93EC017C01E60EF71EFC0155
:1035800000E010E0EE15FF0539F0819180528F3593
:10359000C8F70F5F1F4FF6CF6B01D694C794C016C4
:1035A000D10678F4C8019695879596958795800FF2
:1035B000911F601B710B9B01220F331F620F731F42
:1035C00003C0CB01880F991F860F971F84DE80E010
:1035D000CE15DF05F9F0C016D10670F4988190522F
:1035E0009F3550F4811104C080E220DF87E21EDFA6
:1035F00088811CDF81E00CC0882311F087E216DF90
:10360000488150E060E070E08FEB90E73ADF80E0C7
:103610002196DECF882351F087E2DF91CF911F9171
:103620000F91FF90EF90DF90CF9000CFDF91CF917F
:103630001F910F91FF90EF90DF90CF90089581E060
:1036400009DE81E08093A5251092A425089580913C
:10365000A5258093A42508951092A425089510927D
:10366000A5251092A42508958091A525882329F0E9
:103670001092573081E08093A62581E08093A525A4
:103680001092A4250895CF93C1E0C0935630C09303
:103690002B301092573010922E30C0932D30109254
:1036A0002C3063E08FEE99E90E946587C093A625D0
:1036B0001092A5251092A425CF9108958F929F92E4
:1036C000AF92BF92CF92DF92EF92FF92FC01808087
:1036D0009180A280B380FB01C080D180E280F38022
:1036E000F0E0811481EE980685EFA80685E0B80623
:1036F00050F4AAE0B0E0A50194010E941BF74B0131
:103700005C01FF5FEECFE0E0C11481EED80685EFEB
:10371000E80685E0F80650F4AAE0B0E0A7019601BB
:103720000E941BF76B017C01EF5FEECF8C149D04B0
:10373000AE04BF0470F08C149D04AE04BF0439F4D1
:10374000EF1738F081E0FE1305C080E003C081E090
:1037500001C08FEFFF90EF90DF90CF90BF90AF90C0
:103760009F908F900895CF93DF93DC01FC013496F6
:10377000EF0109900020E9F721979E012E1B3F0BD6
:103780009E964C919E9750E04730510580F5FA0186
:103790008827EA59FF4F8F4F0C94FDF68DE019C032
:1037A0009F96FD0101900020E9F73197EA1BFB0B82
:1037B0002F5E1AC084E10DC086E10BC09F96FD010B
:1037C00001900020E9F73197EA1BFB0B205F0CC04A
:1037D00083E1820F0DC09F96FD0101900020E9F763
:1037E0003197EA1BFB0B225F822F8E0F01C08FEFF8
:1037F000DF91CF9108950F931F93FC013896DF015D
:103800000D900020E9F71197AE1BBF0BA80FB91F51
:1038100019960D911D912D913C911C97DB011896E5
:10382000FD0101900020E9F73197EA1BFB0BE60F41
:10383000F71F418552856385748504171507260790
:10384000370740F081E0041715072607370719F4FA
:1038500080E001C08FEF1F910F9108959F92AF926A
:10386000BF92CF92DF92EF92FF920F931F93CF936D
:10387000DF936C01962ECFE3DDE380913D3D909187
:103880003E3D815C924CC817D90708F03FC08C813F
:103890007E01E80EF11C8E0180913D3D90913E3DF0
:1038A0009C01215C324C5901E216F30668F4B80120
:1038B000C701F60191102EC0199587FD8701F70108
:1038C0008481E80EF11CE8CFE016F106D9F0F8018A
:1038D000E480F12C8E0D9F1D81159041C8F4A70145
:1038E000B801C9010E9407F8A8014C1B5D0BBE017D
:1038F000CE018E0D9F1D0E9407F8A701B501CE01D4
:103900000E9407F88C81C80FD11DB7CF81E006C097
:1039100080E004C0199518168CF2D1CFDF91CF91B9
:103920001F910F91FF90EF90DF90CF90BF90AF90DD
:103930009F9008954F925F926F927F928F929F9285
:10394000AF92BF92CF92DF92EF92FF920F931F93AD
:10395000CF93DF93CDB7DEB763970FB6F894DEBF92
:103960000FBECDBF7C015B01442EDB014D915D910B
:103970006D917C91FC0180819181A281B381F501DF
:1039800080839183A283B383481759076A077B0713
:1039900059F4C701E8DE55245394D50114969C913F
:1039A000981304C0512C02C055245394C701DBDE88
:1039B000F5018483D7019C968D919C919D97511020
:1039C00008C055245394258136812817390709F4F6
:1039D000512CF50196838583D7019E968C915110C9
:1039E00006C0552453949781981301C0512CF501BA
:1039F00087834501F8E08F0E911CC70104966C0186
:103A0000511009C0BC01C4010E945BF855245394B5
:103A1000892B09F4512CB601C4010E9464F8F60107
:103A200001900020E9F78F010C191D09080D191DDF
:103A3000D701A05ABF4F3D01511012C055245394D5
:103A4000F80140815181628173818D919D910D902A
:103A5000BC91A02D481759076A077B0709F4512C20
:103A6000F30180819181A281B381F80181939193C7
:103A7000A193B1936F01D7019E968C9190E087300E
:103A8000910508F042C1FC018827E359FF4F8F4F91
:103A90000C94FDF6F701BF964F01511009C0BF010C
:103AA000C6010E945BF855245394892B09F4512CCC
:103AB000B401C6010E9464F8F40101900020E9F706
:103AC000E819F909EC0DFD1DD701A55ABF4F51109A
:103AD0000BC055245394208131818D919C91119775
:103AE0002817390709F4512C8D919C91918380837B
:103AF000D701A35ABF4F511007C055245394928148
:103B00008C91981301C0512C8C9182836F0183E0BA
:103B1000C80ED11C02C1F701E95AFF4F511013C062
:103B200055245394D80114964D915D916D917C91DB
:103B3000179780819181A281B381481759076A073D
:103B40007B0709F4512C80819181A281B381F80116
:103B500084839583A683B783F701E55AFF4F5110FD
:103B60000DC055245394D80118962D913C91199766
:103B7000808191812817390709F4512C8081918126
:103B8000F80191878087F701E35AFF4F511009C070
:103B900055245394D8011A969C918081981301C0A2
:103BA000512C8081F8018287D7019E968C918530B7
:103BB00029F06801BBE0CB0ED11CAFC0F701E25A7F
:103BC000FF4F51100DC055245394D8011B962D91D1
:103BD0003C911C97808191812817390709F4512C59
:103BE00080819181F801948783876801FDE0CF0E81
:103BF000D11C93C0C7018F964C01511009C0BC0164
:103C0000C6010E945BF855245394892B09F4512C6A
:103C1000B401C6010E9464F8F40101900020E9F7A4
:103C2000CF0188199909D601A80FB91FF701E55AE4
:103C3000FF4F51100BC0552453942D913C91119777
:103C4000808191812817390709F4512C8081918155
:103C50008D939D936D0161C0F701E95AFF4F51109B
:103C600013C055245394D80114964D915D916D91D4
:103C70007C91179780819181A281B3814817590760
:103C80006A077B0709F4512C80819181A281B3815D
:103C9000F80184839583A683B783F701E55AFF4F24
:103CA00051100DC055245394D80118962D913C9174
:103CB0001997808191812817390709F4512C808147
:103CC0009181F801918780876801FAE0CF0ED11CBD
:103CD00024C0C7018F964C01511009C0BC01C60118
:103CE0000E945BF855245394892B09F4512CB4019C
:103CF000C6010E9464F8F40101900020E9F7CF01A9
:103D000088199909C80ED91E08C0F8013197108288
:103D1000D7019E961C9255245394C70124DD90E050
:103D2000CA18DB08C816D906E9F75520C1F04420A7
:103D3000B1F0CE0101960E940A888F859889A989E1
:103D4000BA89F30180839183A283B3838F85988995
:103D5000A989BA89F80180839183A283B383852DD1
:103D600063960FB6F894DEBF0FBECDBFDF91CF9143
:103D70001F910F91FF90EF90DF90CF90BF90AF9089
:103D80009F908F907F906F905F904F900895EF92EB
:103D9000FF920F931F93CF93DF931F92CDB7DEB7A0
:103DA000F82E00E117E2EE24E394E9820E94F16428
:103DB000811105C00E947E658FEF9FEF16C040E025
:103DC000BE016F5F7F4F8F2D0E94C665882391F3E0
:103DD0008981811108C00E942D650150110929F7C0
:103DE00080E090E002C081E090E00F90DF91CF9101
:103DF0001F910F91FF90EF900895685F7F4F089695
:103E00000C9418F80895CF93DF93EFB7F89480914E
:103E1000AA259091AB25A091AC25B091AD2527EBBB
:103E200082272DE1922721ECA22724E0B227880FD8
:103E3000991FAA1FBB1F811D2091A8253091A9257C
:103E4000E901C15CD24C488150E0BC016F7077271A
:103E500002C0440F551F6A95E2F7052E000C660B51
:103E6000770B84279527A627B7278093AA259093B9
:103E7000AB25A093AC25B093AD252F5F3F4F30937A
:103E8000A9252093A825EFBF80E0DF91CF91089569
:103E900024E6FC0111922A95E9F70895EF92FF922A
:103EA0000F931F93CF93DF93EC018B01F1DFF801A8
:103EB00080819181A281B38188839983AA83BB8306
:103EC000858196819DA78CA787818EA7085F1F4F4C
:103ED0007E01F4E0EF0EF11CB801C7010E9464F806
:103EE000D7010D900020E9F7AE19BF09A00FB11F4F
:103EF000FD0141915191619171918F01FE01E05A53
:103F0000FF4F40835183628373839E01225A3F4F48
:103F1000F901118210829EA5492F50E047305105CA
:103F200008F082C0FA018827EC58FF4F8F4F0C949D
:103F3000FDF67E01FFE2EF0EF11CB801C7010E9401
:103F400064F8F70101900020E9F7EE19FF09E00F8E
:103F5000F11F80819181DE01A55ABF4F8D939C9303
:103F60008281C35ADF4F888360C014964D915D9162
:103F70006D917C911797FE01E95AFF4F4083518361
:103F80006283738318964D915C911997349651838F
:103F900040831A968C911A97C35ADF4F88839530C5
:103FA00009F043C01B968D919C911C97F901918358
:103FB00080833BC07E01FFE2EF0EF11CB801C70118
:103FC0000E9464F8F70101900020E9F73197EE199B
:103FD000FF09E00FF11F81819281FE01E55AFF4F39
:103FE00012C014964D915D916D917C911797FE01D1
:103FF000E95AFF4F408351836283738318968D91F2
:104000009C9119973496918380830AC0B801CE01A0
:104010008F960E9464F8FE01E55AFF4F11821082CC
:10402000C35ADF4F188201C01EA6DF91CF911F91A6
:104030000F91FF90EF9008950F931F9320913D3DB6
:1040400030913E3DA901415C524CEFE3FDE3E417A2
:10405000F50768F400811181228133810617170763
:104060002807390739F02481E20FF11DF0CF80E0F5
:1040700090E001C0CF011F910F910895FF920F931F
:104080001F93CF93DF93F42E8901D6DFEC010097C5
:1040900079F00115110519F0BC01C801FFDE81E0BE
:1040A000F11004C09F81911101C080E0817001C0B6
:1040B00080E0DF91CF911F910F91FF9008957F9243
:1040C0008F929F92AF92BF92CF92DF92EF92FF9228
:1040D0000F931F93CF93DF93CDB7DEB7C456D109AB
:1040E0000FB6F894DEBF0FBECDBF5C01762EFC018B
:1040F00060817181828193819FDF7C01C50133DB07
:10410000082FE114F104F9F410E060913D3D709145
:104110003E3DC801860F971F8115904110F08FEF2B
:104120006FC041E0711040E0615C724CC50102DC7F
:1041300080913D3D90913E3D080F191F10933E3DEB
:1041400000933D3D55C021E0721222C0B701CE015F
:104150000196A4DEA5964CAD5DAD6EAD7FADA59785
:10416000F501E05AFF4F80819181A281B3818417CC
:104170009507A607B70750F02DA520FD07C04817E3
:1041800059076A077B0721F480E03AC082E038C013
:10419000F701C4800C1571F110E080903D3D9090C6
:1041A0003E3DD12CC801880D991D8C199D098115A2
:1041B000904108F0B4CFA401415C524C4E195F0904
:1041C0004C195D09B7016C0D7D1DC701800F911F52
:1041D0000E9407F80C191D09800E911E90923E3D19
:1041E00080923D3D41E0711040E0B701C501A2DB86
:1041F00081E006C041E0711040E0B701C5019ADBE3
:10420000CC59DF4F0FB6F894DEBF0FBECDBFDF91A4
:10421000CF911F910F91FF90EF90DF90CF90BF90C3
:10422000AF909F908F907F9008952FE33DE3FC0126
:104230003183208320913D3D30913E3D215C324CC5
:104240002F533D4361F058F0DC0112968AE0EFE312
:10425000FDE301900D928A95E1F781E0089580E0F9
:104260000895AF92BF92CF92DF92EF92FF920F9399
:104270001F93CF93DF93EC017B016C0182E0C80EAA
:10428000D11C8FE3A82E8DE3B82E6881798100912F
:104290003D3D10913E3D015C124C6017710740F5A9
:1042A0004AE050E0C6010E94CBF7892B11F0B98299
:1042B000A88268817981C701F1DDE881F981848173
:1042C000E80FF11DF983E883E017F10730F48AE085
:1042D000D60101900D928A95E1F7F70180819181D5
:1042E000A281B381892B8A2B8B2B79F281E001C0CB
:1042F00080E0DF91CF911F910F91FF90EF90DF90C1
:10430000CF90BF90AF9008952F923F924F925F92BF
:104310006F927F928F929F92AF92BF92CF92DF92D5
:10432000EF92FF920F931F93CF93DF93CDB7DEB73A
:10433000CD58D1090FB6F894DEBF0FBECDBF182FF0
:10434000062F8FEB94E79F938F930E94FEF80F90B8
:104350000F9080915F34612F811102C0002369F0BA
:1043600080E690E00E94F1639F938F930E94FEF895
:104370000F900F90011126C00AC081E690E00E94C4
:10438000F1639F938F930E94FEF80F900F9086E940
:1043900094E79F938F930E94FEF8612F82E690E04E
:1043A0000E94F1639F938F930E94FEF88DE894E73B
:1043B0009F938F930E94FEF80F900F900F900F9095
:1043C0000F900F90612F83E690E00E94F1639F931E
:1043D0008F930E94FEF8CE0101965ADDCE018B59D3
:1043E0009F4F0E940A88E7964CAC5DAC6EAC7FACE8
:1043F000E797CE0188589F4F18DF0F900F908823C2
:1044000009F4CDC15E0135E0A30EB11C8FE2282E68
:1044100084E7382E9BE6892E92E7992E7E0180E371
:10442000E80EF11C6E0194E8C90ED11C20E8421A76
:104430002AE3520A29E0620A7108BE016F5F7F4FCA
:10444000CE0188589F4F0DDF882309F473C18091F6
:104450005F34811105C08DA580FF02C0002369F380
:104460008FA581110BC0A5968CAD9DADAEADBFAD36
:10447000A59784159505A605B705F8F28C818F934D
:104480008B818F938A818F9389818F932FE634E775
:104490003F932F930E94FEF8BF92AF922CE434E733
:1044A0003F932F930E94FEF88DA50FB6F894DEBFC0
:1044B0000FBECDBF80FF13C0612F8BE690E00E943E
:1044C000F1639F938F930E94FEF88AE494E79F9391
:1044D0008F930E94FEF80F900F900F900F908DA574
:1044E00081FF13C0612F8CE690E00E94F1639F93DF
:1044F0008F930E94FEF888E494E79F938F930E9425
:10450000FEF80F900F900F900F908FA5853099F4C3
:10451000612F8EE690E00E94F1639F938F930E943B
:10452000FEF886E494E79F938F930E94FEF80F9025
:104530000F900F900F903F922F920E94FEF80F90D5
:104540000F908FA5833009F45CC028F4813059F1B5
:10455000823001F175C08530E9F008F449C0863039
:1045600009F06EC0612F82E790E00E94F1639F9393
:104570008F930E94FEF8FF92EF9283E293E79F935E
:104580008F930E94FEF80F900F900F900F900F9056
:104590000F9069C06C966CAD7DAD8EAD9FAD6C9784
:1045A000A7010E94A7756F968FAD6F97B601880F10
:1045B0000E94F6CF612F81E790E00E94F1639F9304
:1045C0008F930E94FEF8DF92CF926E968FAD6E971A
:1045D0008F936D968FAD6D978F93FF92EF92FF92B1
:1045E000EF9285EB93E79F938F930E94FEF822C092
:1045F0006C966CAD7DAD8EAD9FAD6C97A7010E94A2
:10460000A775612F80E790E00E94F1639F938F93DD
:104610000E94FEF86E968FAD6E978F936D968FAD5C
:104620006D978F93FF92EF928EE693E79F938F9310
:104630000E94FEF80FB6F894DEBF0FBECDBF13C0C8
:10464000612F8FE690E00E94F1639F938F930E9409
:10465000FEF880EF92E79F938F930E94FEF80F90F1
:104660000F900F900F90A5968CAD9DADAEADBFADE8
:10467000A597E7968CAF9DAFAEAFBFAFE797CE01E2
:104680008B599F4F0E943F88A7966FADA797A8961A
:104690005FADA897A9964FADA997AE968EAD9FAD89
:1046A000AE97AC963FADAC97AB962FADAB971F9244
:1046B0006F931F925F931F924F939F938F931F92BD
:1046C0003F931F922F938AEB92E79F938F930E94C1
:1046D000FEF80FB6F894DEBF0FBECDBF002319F170
:1046E0008C818F938B818F938A818F9389818F9314
:1046F0008FE892E79F938F930E94FEF8612F83E7E4
:1047000090E00E94F1639F938F930E94FEF880E8EF
:1047100092E79F938F930E94FEF80FB6F894DEBF46
:104720000FBECDBF8ACE9F928F920E94FEF80F904F
:104730000F9083CE002351F186EC91E79F938F93E6
:104740000E94FEF8612F84E790E00E94F1639F933E
:104750008F930E94FEF88FEA91E79F938F930E94B8
:10476000FEF8612F84E690E00E94F1639F938F939F
:104770000E94FEF887EA91E79F938F930E94FEF8CC
:104780000FB6F894DEBF0FBECDBF1CC087E991E71E
:104790009F938F930E94FEF80F900F9013C08EE8A6
:1047A00091E79F938F930E94FEF8612F85E690E03A
:1047B0000E94F1639F938F930E94FEF80F900F90D9
:1047C0000F900F90C357DF4F0FB6F894DEBF0FBEA8
:1047D000CDBFDF91CF911F910F91FF90EF90DF90B0
:1047E000CF90BF90AF909F908F907F906F905F9091
:1047F0004F903F902F900895FC018081882351F0C5
:10480000CB01BF0104960E942BF821E0892B19F4FB
:1048100020E001C021E0822F08952091A825309149
:10482000A92580913D3D90913E3D28173907B0F074
:104830004091AA255091AB256091AC257091AD2592
:104840008091393D90913A3DA0913B3DB0913C3DE6
:1048500084179507A607B70729F414C0D4DA88236C
:1048600009F1E6CF4093393D50933A3D60933B3D8B
:1048700070933C3D80915630823020F08CEF95E76C
:104880000E94419A8FEE9EEBADEABEED8093AA2581
:104890009093AB25A093AC25B093AD251092A9259C
:1048A0001092A82508950F931F93CF93DF9300D004
:1048B000CDB7DEB780EA6BDA97FF03C0855B924025
:1048C000B9C040E0BE016D5F7F4F80E00E94C665C9
:1048D000811105C00E947E6580E49DEFABC08B8195
:1048E0008823C1F340E0BE016D5F7F4F80E00E94EE
:1048F000C665882379F38B81882361F380E00E9469
:104900002D65882339F381EA42DA97FF03C0895C79
:10491000924090C040E061E0CE0102960E94F865AE
:10492000811105C00E947E658CE29DEF83C040E04E
:1049300061E0CE0101960E94F865882399F3098110
:1049400010E0102F00278A81082B40E061E0CE01A3
:1049500002960E94F865811105C00E947E658FE174
:104960009DEF68C040E061E0CE0101960E94F865CD
:10497000882399F3898190E0982F88272A81822BB8
:10498000980147E8242745E43427220F331F821774
:10499000930731F080E00E942D6586E19DEF4AC0CB
:1049A0000115110561F440E060E0CE0102960E941D
:1049B000F86580E00E942D6580E090E03BC0109398
:1049C0003E3D00933D3D0FE31DE3C8018F539D43E2
:1049D00020913D3D30913E3D2150310940E082170C
:1049E000930788F461E0C8010E94F8650F5F1F4FCC
:1049F0008111EBCF0E947E6510923E3D10923D3DAD
:104A00008CEF9CEF17C060E0815C924C0E94F865CF
:104A1000811109C00E947E6510923E3D10923D3D7D
:104A200081EF9CEF07C080E00E942D6580913D3DA5
:104A300090913E3D0F900F900F90DF91CF911F917D
:104A40000F9108958F929F92AF92BF92CF92DF9273
:104A5000EF92FF920F931F93CF93DF93CDB7DEB703
:104A6000C556D1090FB6F894DEBF0FBECDBF80EAA0
:104A70008ED997FF03C08F52934068C140E0BE01BA
:104A80006B597F4F80E00E94C665811105C00E946E
:104A90007E6582EC9CEF5AC1A6968FADA6978823BF
:104AA000B1F340E0BE016B597F4F80E00E94C665C4
:104AB000882369F3A6968FADA697882341F340E03B
:104AC000BE016B597F4F80E00E94C6658823F9F2D2
:104AD000A6968FADA6978823D1F240E0BE016B5910
:104AE0007F4F80E00E94C665882389F2A6968FAD2D
:104AF000A697882361F240E0BE016B597F4F8FEF8C
:104B00000E94C665882319F2A6968FADA6978823C2
:104B100009F4BDCF40E0BE016B597F4F8FEF0E947B
:104B2000C665882309F4B3CFA6968FADA6978823D0
:104B300009F4ADCFBB24B394E12CF12C04E010E0D8
:104B400080913D3D90913E3DE816F90608F07AC00F
:104B5000C701815C924C6C01BC01CE0101969ED9CB
:104B600089819A81AB81BC81892B8A2B8B2B09F49B
:104B700062C08FA5882309F45EC0CE0101960E9411
:104B8000B39BA82E4701801A910A7401E00EF11E12
:104B9000AA20B1F2B11028C080EAF9D897FF03C06B
:104BA00083559340D3C040E0BE016B597F4F812FA6
:104BB0000E94C665811105C00E947E6582EA9CEF55
:104BC000C5C0A6968FADA6978823B1F340E0BE017D
:104BD0006B597F4F802F0E94C665882369F3A69684
:104BE0008FADA697882341F340E0BE016B597F4FFC
:104BF000F60181916F010E94C665811105C00E9476
:104C00007E6585E99CEFA2C00F5F1F4FC8018F73BF
:104C10009927892B51F480E00E942D65811108C0ED
:104C20000E947E6587E89CEF91C0BB24B39401C0CD
:104C3000B12CAA94AACFCE0101960E94B39BE80E94
:104C4000F11C7ECFBB2051F080E00E942D658111C8
:104C500005C00E947E6582E79CEF78C080EA97D805
:104C600097FF03C08F59934071C040E0BE016B595C
:104C70007F4F80E00E94C665811105C00E947E655D
:104C800083E59CEF63C0A6968FADA6978823B1F30A
:104C900040E0BE016B597F4F80E00E94C6658823CB
:104CA00069F3A6968FADA697882341F304501109A6
:104CB00040E0BE016B597F4F802F0E94C66588235C
:104CC000E9F2A6968FADA6978823C1F240E0BE0117
:104CD0006B597F4F812F0E94C665882379F2A69673
:104CE0008FADA697882351F27801F7E8EF26F5E417
:104CF000FF26EE0CFF1C40E0BE016B597F4F8E2D4E
:104D00000E94C665882309F4B9CFA6968FADA697F1
:104D1000882309F4B3CF40E0BE016B597F4F8F2D3C
:104D20000E94C665882309F4A9CFA6968FADA697E1
:104D3000882309F4A3CF80E00E942D65811105C06E
:104D40000E947E658AE49CEF01C0C801CB59DF4F09
:104D50000FB6F894DEBF0FBECDBFDF91CF911F918C
:104D60000F91FF90EF90DF90CF90BF90AF909F900A
:104D70008F9008952F923F924F925F926F927F9201
:104D80008F929F92AF92BF92CF92DF92EF92FF925B
:104D90000F931F93CF93DF93CDB7DEB7C657D109DB
:104DA0000FB6F894DEBF0FBECDBF8C0167EA75E287
:104DB0000E9450CC780128EAE20EF11CF7018081B4
:104DC0009181892B29F480915F34811111C007C032
:104DD00067EF75E7C8010E942680892BA1F741E0A3
:104DE0006091A725C8010E9463CB882309F4DFC521
:104DF0000E94EA81F70180819181892B09F45AC0D0
:104E00006CEE75E7C8010E942680892B09F052C01C
:104E100067EF75E7C8010E942680892B09F455C009
:104E200069EE75E7C8010E942680FF24F394892B60
:104E300009F4F12C67EF75E7C8010E94F27F8C59E5
:104E40009F4FFC01EE0FFF1FE00FF11FC080D180CC
:104E500062EE75E7C6010E9494F7892B21F46F2D4D
:104E60008EE59BE915C06DED75E7C6010E9494F7CC
:104E7000892B21F46F2D8DEF9EE90AC067ED75E750
:104E8000C6010E9494F7892B61F46F2D8BEF9BE98B
:104E90000E942E9C81110EC06091A7258FE190E0A9
:104EA0007CC46091A72586E890E00E94F1630E5FC4
:104EB0001F4FD4C440E06091A725C8010E9463CB76
:104EC000682F8091A72520DA39C562ED75E7C80102
:104ED0000E942680892B09F429C162ED75E7C8017B
:104EE0000E94F27F8C599F4F880F991FF801E80F9D
:104EF000F91F808191810E9442F769837A838B83B5
:104F00009C83611571058105910591F41D8218AA94
:104F100081E08FA786E890E06E969FAF8EAF6E9788
:104F20006F961FAE6F9781E090E09EA78DA707C098
:104F30009E012F5F3F4F41E0A1D8882339F38FEBCB
:104F400095E70E940A5BC980DA80EB80FC80609163
:104F5000A72586E690E00E94F163970186014AE06A
:104F600050E062EE75E70E944E5B8C818F938B81DF
:104F70008F938A818F9389818F938CE895E79F9394
:104F80008F930E94FEF86091A72587E690E00E942B
:104F9000F1639E012B5F3F4F47E250E06DED75E7F7
:104FA0000E94755B1DA511706091A7258BE690E0AE
:104FB0000E94F163412F66E875E70E94965B4DA55C
:104FC0005EA556954795142F11706091A7258CE624
:104FD00090E00E94F163412F61E875E70E94965BC3
:104FE0006091A7258FE690E00E94F163E1969FAF64
:104FF0008EAFE1976091A72581E790E00E94F16371
:10500000E3969FAF8EAFE3976091A72580E790E08E
:105010000E94F163E5969FAF8EAFE5976091A7255B
:1050200082E790E00E94F163E7969FAF8EAFE7972B
:10503000EFA5E1500F900F900F900F900F900F90F1
:10504000E63028F4F0E0E45DFC4D008101C000E0B2
:105050006091A7258DE690E00E94F1639E012159A1
:105060003F4F44E06CE775E70E94B55B8FA5823047
:1050700019F08450823058F46C966CAD7DAD8EADD5
:105080009FAD6C97AE01405D5F4F0E94A775609128
:10509000A72588E690E00E94F1639E01205D3F4FC6
:1050A00047E250E064E775E70E94755B6E96CEAC10
:1050B000DFAC6E97E12CF12C6091A72589E690E09A
:1050C0000E94F1639701860145E050E06FE675E7C5
:1050D0000E944E5B6F968FAD6F97BE016B597F4FED
:1050E000880F0E94F6CF6091A7258AE690E00E9483
:1050F000F1639E012B593F4F42E050E065E675E7B2
:105100000E94755B89819A81AB81BC816091A725E2
:10511000892B8A2B8B2B19F484E790E002C083E75C
:1051200090E00E94F1630E94365CFCC362EE75E77A
:10513000C8010E942680892B09F438C36BE575E706
:10514000C8010E94F27F8C599F4FFC01EE0FFF1F98
:10515000E00FF11F808191810E9442F74B015C01B9
:1051600062EE75E7C8010E94F27F8C599F4FFC01E7
:10517000EE0FFF1FE00FF11F808191810E9442F727
:105180006B017C016CE775E7C8010E94F27F8C59C6
:105190009F4FFC01EE0FFF1FE00FF11F80819181F7
:1051A0000E9425F7782EC114D104E104F10431F4F2
:1051B0001FA6A1961FAE1EAEA1970AC09E012F5F2B
:1051C0003F4F41E0C701B6010E943EA0882381F312
:1051D000C982DA82EB82FC826DED75E7C8010E941C
:1051E000F27F8C599F4FFC01EE0FFF1FE00FF11F64
:1051F000608171816E01F5E0CF0ED11C47E250E075
:10520000C6010E947BF81EA61DA664E775E7C801CB
:105210000E94F27F8C599F4FFC01EE0FFF1FE00FA1
:10522000F11F608171817E0120E3E20EF11C47E2F3
:1052300050E0C7010E947BF868961FAE68972980EE
:105240003A804B805C806091A72521143104410491
:10525000510461F485E790E00E94F1639F938F937E
:105260000E94FEF80F900F90D12C60C086E790E06E
:105270000E94F1635F924F923F922F929F938F9380
:105280000E94FEF80F900F900F900F900F900F90CC
:1052900081149104A104B10469F46091A72584E705
:1052A00090E00E94F1639F938F930E94FEF80F900D
:1052B0000F901DC089819A81AB81BC8188169906A7
:1052C000AA06BB06A1F06091A72587E790E00E949F
:1052D000F163BF92AF929F928F929F938F930E94A0
:1052E000FEF80F900F900F900F900F900F9086E5A3
:1052F00095E79F938F930E94FEF86091A72587E61C
:1053000090E00E94F1639F938F930E94FEF8DF92DA
:10531000CF928DE495E79F938F930E94FEF80FB68E
:10532000F894DEBF0FBECDBFDD24D39466E875E7E9
:10533000C8010E942680892BB9F066E875E7C8018C
:105340000E94F27F8C599F4FFC01EE0FFF1FE00F70
:10535000F11F808191810E9425F7892B29F08DA56D
:105360009EA581609EA78DA78DA580FF14C060912A
:10537000A7258BE690E00E94F1639F938F930E9494
:10538000FEF888E495E79F938F930E94FEF80F90B4
:105390000F900F900F9061E875E7C8010E9426807A
:1053A000892BB9F061E875E7C8010E94F27F8C593A
:1053B0009F4FFC01EE0FFF1FE00FF11F80819181D5
:1053C0000E9425F7892B29F08DA59EA582609EA7B6
:1053D0008DA78DA581FF14C06091A7258CE690E074
:1053E0000E94F1639F938F930E94FEF883E495E7F8
:1053F0009F938F930E94FEF80F900F900F900F9045
:1054000088A9882311F0711016C01FA66091A725E6
:105410008FE690E00E94F1639F938F930E94FEF8C5
:105420008EE395E79F938F930E94FEF80F900F9065
:105430000F900F9083C1C7010E943B756C966CAFB3
:105440007DAF8EAF9FAF6C97E1E07E12C8C0611553
:1054500071058105910581F47FA66091A72581E7FB
:1054600090E00E94F1639F938F930E94FEF86091F9
:10547000A72588E790E01FC02FA5253049F4498073
:105480005A806B807C8084149504A604B70411F0C4
:1054900022E02FA7A7010E94A7756091A72581E7A9
:1054A00090E00E94F1639F938F930E94FEF86091B9
:1054B000A72589E790E00E94F163FF92EF929F9306
:1054C0008F930E94FEF80F900F900F900F900F9007
:1054D0000F906FE675E7C8010E94F27F8C599F4FCD
:1054E000FC01EE0FFF1FE00FF11F808191810E94F0
:1054F00025F76E969FAF8EAF6E9765E675E7C8018C
:105500000E94F27F8C599F4F880F991FF801E80F76
:10551000F91F608171818E010B591F4F42E050E0ED
:10552000C8010E947BF8F80112828181803209F45F
:105530001182F8018081803219F481818083118287
:10554000F80101900020E9F731977F01E01AF10A94
:10555000C8010E9425F76E2D0E943A6386958E360B
:1055600021F06F968FAF6F9703C06F961FAE6F9746
:105570006F968FAD6F97B801880F0E94F6CF60913C
:10558000A72589E690E00E94F1639F938F930E9484
:10559000FEF86E968FAD6E978F936D968FAD6D976B
:1055A0008F9389E395E79F938F930E94FEF8609114
:1055B000A7258AE690E00E94F1639F938F930E9453
:1055C000FEF86F968FAD6F971F928F931F930F9377
:1055D0008CE295E79F938F930E94FEF89EC0E2E0D5
:1055E0007E126DC0611571058105910589F483E016
:1055F0008FA76091A72580E790E00E94F1639F93B9
:105600008F930E94FEF86091A72588E790E013C071
:1056100024E02FA7A7010E94A7756091A72580E726
:1056200090E00E94F1639F938F930E94FEF8609137
:10563000A72589E790E00E94F163FF92EF929F9384
:105640008F930E94FEF80F900F900F900F900F9085
:105650000F906FE675E7C8010E94F27F8C599F4F4B
:10566000880F991FF801E80FF91F808191810E942E
:1056700025F76E969FAF8EAF6E976F961FAE6F97A2
:105680006091A72589E690E00E94F1639F938F9334
:105690000E94FEF86E968FAD6E978F936D968FADCC
:1056A0006D978F9384E295E79F938F930E94FEF806
:1056B0000F900F900F900F900F900F903FC0F3E05E
:1056C0006091A7257F122FC082E790E00E94F163CE
:1056D0009F938F930E94FEF881E295E79F938F93AB
:1056E0000E94FEF86091A72588E690E00E94F16391
:1056F0009F938F930E94FEF8FF92EF9289E195E7C6
:105700009F938F930E94FEF886E08FA76E961FAE40
:105710001EAE6E976F961FAE6F970FB6F894DEBFF2
:105720000FBECDBF0BC08AE790E00E94F1639F934C
:105730008F930E94FEF80F900F90D12C8FA585308B
:1057400099F0A1961FAE1EAEA197DD2009F4EAC024
:1057500081110DC081149104A104B10441F4609140
:10576000A7258BE790E019C0DD2009F4DBC0698133
:105770007A818B819C8186169706A806B90609F462
:10578000B3C020E030E040E00E943EA0882309F44E
:10579000ABC06091A7258DE790E00E94F1639F93D5
:1057A0008F930E94FEF80F900F90BCC067E075E7E2
:1057B000C8010E942680892B49F144D98C0197FFAA
:1057C00007C0F090A52C6091A72581E890E02FC03C
:1057D0006091A72582E890E00E94F1631F930F93E8
:1057E0009F938F930E94FEF860E080E496E70E940A
:1057F000E75A0F900F900F900F90811193C06AE2BB
:1058000073E280E496E70E94EA6B8CC062E075E781
:10581000C8010E942680892B61F145D88C0197FF31
:1058200017C0F090A52C6091A72583E890E00E9416
:10583000F1631F92FF921F930F939F938F930E9488
:10584000FEF80F900F900F900F900F900F906AC07E
:105850006091A72584E890E00E94F1631F930F9365
:105860009F938F930E94FEF80F900F900F900F90D0
:1058700059C06CEF74E7C8010E9426806091A7258B
:10588000892B69F085E890E00E94F1639F938F93E4
:105890000E94FEF810923E3D10923D3D84CF86E876
:1058A00090E00E94F16398012E5F3F4F3F932F934A
:1058B0009F938F930E94FEF8F801E853FF4F818178
:1058C0008F9380818F93F70181818F9380818F9354
:1058D00082EE94E79F938F930E94FEF80FB6F894A0
:1058E000DEBF0FBECDBF1EC060E0CE0101960E949C
:1058F0005FA087FD45C06091A725882311F18EE741
:1059000090E00E94F1639F938F930E94FEF80F90A6
:105910000F9089819A81AB81BC8188169906AA066D
:10592000BB0691F46091A72587E890E00E94F1639F
:105930009F938F930E94FEF80F900F900E94F38127
:1059400036C08FE790E0DDCF81149104A104B1044B
:1059500049F389829A82AB82BC821FA660E0CE01A5
:1059600001960E945FA087FFDDCF6091A72580E8A8
:1059700090E00E94F163BF92AF929F928F925DCFB1
:1059800085E195E79F938F930E94FEF86091A7258C
:105990008AE890E00E94F1639F938F930E94FEF843
:1059A0008CE095E79F938F930E94FEF84ACFCA58E8
:1059B000DF4F0FB6F894DEBF0FBECDBFDF91CF91A2
:1059C0001F910F91FF90EF90DF90CF90BF90AF901D
:1059D0009F908F907F906F905F904F903F902F900F
:1059E0000895CF93DF930E9435666BE771E78AEBEA
:1059F00096EA0E948D811B9B6DC0C0913D3DD09168
:105A00003E3DC13080E1D807A0F58FEE9EEBADEAB8
:105A1000BEED8093AA259093AB25A093AC25B093BF
:105A2000AD251092A9251092A8258091A8259091C6
:105A3000A9258C179D07C0F04091AA255091AB2550
:105A40006091AC257091AD258091393D90913A3DA2
:105A5000A0913B3DB0913C3D481759076A077B0731
:105A600041F489E391E732C00E94039F8823E9F261
:105A7000E3CF10923E3D10923D3D0E9453A497FF0C
:105A800023C0AC01990F660B770B8AE191E70E9466
:105A9000419A4091A52C50E060E070E080E191E7F0
:105AA0000E94419A60E080E496E70E94E75A8823CA
:105AB000A9F06091AD3A88E890E00E94F16361E05E
:105AC000DF91CF910C94ADBC8BED90E7DF91CF913E
:105AD0000C942A9A10923E3D10923D3DDF91CF9159
:105AE0000895FC019FB7F8942091AE363091AF36FF
:105AF000318320839FBF0895FC019FB7F8944091A4
:105B0000AE365091AF36208131819FBFCA01821BD2
:105B1000930B0895FC019FB7F8942091AF3A309110
:105B2000B03A318320839FBF0895FC019FB7F8945A
:105B30004091AF3A5091B03A208131819FBFCA0164
:105B4000821B930B08958091B1369FEF980F92308E
:105B5000C8F08430B9F093EF980F923098F082310A
:105B600089F09BEE980F923068F0893159F097EDEB
:105B7000980F943038F09CEC980F81E0923018F038
:105B800080E001C081E0817008959091812691119B
:105B900002C080938126089580915834882301F1B2
:105BA0008091AE3A813039F010F08230C9F481E052
:105BB0008093573415C0809357348091AA399091BF
:105BC000AB398E3F21E0920758F4FC01EE54F94CBA
:105BD00023E0208302969093AB398093AA391182F7
:105BE0001092B23A1092052A1092042A089593EF67
:105BF000980F9330A0F099EF980F943080F0873190
:105C000071F0853061F08B3151F090EE980F9F3537
:105C100030F091E0803A08F490E0892F01C081E0F3
:105C200081700895EF92FF920F931F93CF93DF93AC
:105C30001092C1277C0110E0D0E0C0E001E0F70144
:105C400081917F01803348F48E3220F5833231F127
:105C50008C3201F18032E1F028C08A3330F5D11165
:105C600003C010ED180F09C0110F912F990F990F54
:105C7000190F1053180FD13009F4DF5F6D2F812FEA
:105C80000E943A63EC2FF0E0EE53F84D808319C088
:105C9000DD23B1F0CF5F10E0D0E013C0D1110EC012
:105CA000C11105C00093C127CACFD11107C0C930A7
:105CB00058F4EC2FF0E0EE53F84D1082CF5FF7CFA1
:105CC00010E0C93009F0BBCFDF91CF911F910F9148
:105CD000FF90EF90089540918A2650918B2660E0C6
:105CE00070E08AE592EA0C94419ACF93DF93EC013D
:105CF00080915630823048F0EEDF488150E060E01D
:105D000070E089E19CE80E94419A98819923F1F022
:105D10008091C12781111CC02BE9290F2930C0F4C3
:105D2000E92FF0E0E35AF84D2081222389F02695EF
:105D3000288380915630823048F0CDDF488150E092
:105D400060E070E084EF9BE80E94419A81E01CC013
:105D5000E2ECF7E221912695921312C08091563021
:105D6000823048F0B8DF488150E060E070E081EDBB
:105D70009BE80E94419A9091C12781E0892704C045
:105D800027E2EB3CF20731F7DF91CF910895CF93F3
:105D9000DF93EC01A0DFCE01DF91CF910C942A9A22
:105DA0008091DF279091E0279C0136952795820FFF
:105DB000931F803921E0920718F480E991E006C032
:105DC000813E2EE2920710F080EE9EE29093E02753
:105DD0008093DF2780915630882369F086ED98E81C
:105DE000D6DF4091DF275091E02760E070E089EC3A
:105DF00098E80E94419A8091DC2793E028E28F5F27
:105E0000833008F080E0289FF0011124E754F34C20
:105E10003081311102C0915091F78093DC270895B1
:105E20000F931F93CF93DF938C010E94A4F7EC0193
:105E3000DD27E091AA39F091AB399F012E5F3F4FEA
:105E4000A9014C0F5D1F463F5140C8F4EE54F94C78
:105E500094E090833093AB392093AA398183B801C1
:105E6000C9018E54994C0E949DF78091AA39909156
:105E7000AB39C80FD91FD093AB39C093AA3981E091
:105E800080935734DF91CF911F910F9108951F9305
:105E9000CF93DF93182FCDE6DAE209900020E9F7DF
:105EA0002197CD56DA42C43581E0D80744F0EC970B
:105EB000AE0169EA7AE28DE69AE20E9407F8C359D8
:105EC000D54D18831982DF91CF911F910895CF93FB
:105ED000DF931F921F92CDB7DEB79E012F5F3F4F1A
:105EE000AE014E5F5F4F69EA79E30E943C60882310
:105EF000A9F06A8186E794E30E94B463882341F0A5
:105F000069816F3F41F086E794E30E94B46305C066
:105F100080E090E002C081E090E081700F900F90EF
:105F2000DF91CF910895CF93282F30E0220F331FB8
:105F3000225031092B3D3105F8F4C82FCC0F8C2F9E
:105F40000E94A86297FD18C087FF02C085FF05C0A8
:105F50008091CD27823061F40FC0C11121C00CC0E7
:105F6000CE5FCD3D08F0C2E08091CF27C8130DC0B1
:105F700010929F2C80E031C08091CF27811103C007
:105F800082E08093CF27C091CF278C2F0E94A862F8
:105F900097FD1DC087FF1BC085FD19C084FD13C080
:105FA000C0939F2C8091A02C86950E9475620E94C0
:105FB0006C629091A22C81E0911180E01092A22C51
:105FC0001092852C0AC08091CF27C81749F3809181
:105FD000CD278111C5CF10929F2CCF910895CF93DB
:105FE000DF936091E3277091E4276115710509F44F
:105FF00067C08091E9299091EA298F3F2FEF92079E
:1060000009F446C020E045EE57E20E946695EC0197
:1060100080915630853030F4843001F58091E52749
:106020008823E1F058DE4091E3275091E42760E0B7
:1060300070E08EEA98E80E94419A6091E32770919F
:10604000E42785EE97E20E94B39AAE010D2E000C74
:10605000660B770B80EA98E80E94419A8091E327CB
:106060009091E427C817D90711F18EE698E88FDEE2
:106070008091E9299091EA290E949C8E8FEF9FEFF1
:106080009093EA298093E9291092EB2989DE0FC0C9
:1060900080915630823058F01EDE4091E3275091B7
:1060A000E42760E070E08DE198E80E94419A109248
:1060B000E4271092E32781EE97E2DF91CF912ACD7A
:1060C000DF91CF910895AF92BF92CF92DF92EF927E
:1060D000FF920F931F93CF93DF93D82F162F072F85
:1060E000C42F69011F928F937F936F93E42EF12C3D
:1060F0001F924F9387EF97E79F938F930E94FEF82D
:10610000C00FC10FCD0FC1958601EC0CFD1C8DB7E2
:106110009EB708960FB6F8949EBF0FBE8DBF82EF54
:10612000C82E87E7D82E0E151F0591F05801F801EB
:1061300081918F011F928F93DF92CF920E94FEF880
:10614000F5018081C81B0F900F900F900F90EBCF3F
:106150001F92CF938BEE97E79F938F930E94FEF849
:106160000F900F900F900F90DF91CF911F910F9193
:10617000FF90EF90DF90CF90BF90AF900895AF92D7
:10618000BF92DF92EF92FF920F931F93CF93DF9313
:10619000CDB7DEB760970FB6F894DEBF0FBECDBFA8
:1061A000D82E00E015E1CE0101967C015E0191E15F
:1061B000A90EB11CF701C8018E199F09DC01AE0FB1
:1061C000BF1F3FB7DD2011F0F8945F9A2C915F98C4
:1061D0003FBF2193EA15FB0589F7970140E1B8011C
:1061E00080E071DF003F8FEF180719F0005F1F4F4D
:1061F000E1CF20E030E040E060E070E081E063DF8C
:1062000060960FB6F894DEBF0FBECDBFDF91CF9181
:106210001F910F91FF90EF90DF90BF90AF90089586
:10622000CF93C82F6DE97BE786EB95E20E949DF73F
:10623000E6EBF5E201900020E9F7BF01615071093A
:106240004AE08C2F90E00E948AF886EB95E2CF918D
:10625000089580919F2C8823F1F080919F2C0E94BB
:10626000A86297FF09C037DD40919F2C50E060E0A5
:1062700070E085E091EA0AC087FF0AC02CDD4091FA
:106280009F2C50E060E070E082ED90EA0C94419A1F
:106290008AEA0C9475620895CF93DF93E2EBFAE3F8
:1062A0002091B23A2A3209F053C02091B33AC0ED9E
:1062B000C20FCA30A0F52091B43A2A3289F488235B
:1062C00061F001900020E9F7AF01455B5A4365EBAF
:1062D0007AE382EB9AE30E9407F861E08C2F1CC0FE
:1062E000D0EDD20FDA30A0F52091B53A2A3281F5FF
:1062F000882361F001900020E9F7AF01465B5A4323
:1063000066EB7AE382EB9AE30E9407F862E08D2F56
:106310009AE0C99F800D11240E943A6316C02D3265
:10632000B9F42091B43A2A3299F4882361F00190AB
:106330000020E9F7AF01455B5A4365EB7AE382EB56
:106340009AE30E9407F88091CF27869590E009C0D4
:1063500081E090E0222311F080E090E0919581951A
:106360009109DF91CF910895AF92BF92CF92DF92C2
:10637000EF92FF920F931F93CF93DF93CDB7DEB7CA
:1063800063970FB6F894DEBF0FBECDBF16B58091F0
:106390008826181710F41093882680918726811775
:1063A00010F4109387268091822690918326A091E5
:1063B0008426B09185260196A11DB11D8093822669
:1063C00090938326A0938426B09385268091A83944
:1063D0008F5F8093A8398091A839893040F18091EE
:1063E000AF3A9091B03A01969093B03A8093AF3A19
:1063F0001092A8398091AB3A9091AC3A0196909363
:10640000AC3A8093AB3A8091AB3A9091AC3A883EEB
:10641000934068F01092AC3A1092AB3A8091AE364D
:106420009091AF3601969093AF368093AE36E09060
:10643000092CF0900A2CE114F10411F4A89506C07F
:106440008BE09CE272DB8E159F05C0F38091B13624
:106450008336F9F089EB98E368DB8932934240F0A8
:1064600089E292EA94DC81E00E942A990E94FB98DA
:1064700089EB98E35ADBC39718F080E00E946C85A3
:1064800080919A2C90919B2C019690939B2C8093B9
:106490009A2C8091B1368E3069F0843059F0982F63
:1064A0009B7F923139F097ED980F943018F0853337
:1064B00009F05AC18091AA3A882309F46FC08091EB
:1064C000AA3A883009F46AC08091102C81508093D8
:1064D000102C833068F48091A32C882349F080919C
:1064E000112C9091122C01969093122C8093112CC8
:1064F0008091102C81114EC08091AA3A813051F4C4
:106500008091112C9091122C029704F582E08093D7
:10651000AA3A38C08091AA3A8730D9F42091112C38
:106520003091122C81E0223031050CF080E0809314
:10653000B63888E08093AA3A8091B638811122C09B
:106540006091A6398DEA99E30E94B4631092AA3A49
:1065500019C08091A639880F8093A6398091112C9B
:106560009091122C02972CF08091A6398160809333
:10657000A6398091AA3A8F5F8093AA3A1092122C82
:106580001092112C1092122C1092112C80910E2C22
:106590008093102C85E09CE2BDDA4EC08091A32C44
:1065A000811112C081E08093AA3A1092A63910920C
:1065B000B6381092122C1092112C80910E2C8695C8
:1065C0008F5F8093102C38C08091B13A813081F474
:1065D0008091AC398F71A4E08A9FC001112483603F
:1065E0008093AC3910920F2C82E08093B13A24C092
:1065F0008091B13A811120C086E794E30E948F63B5
:1066000081111AC08DEF99E290DA87399105A0F0D7
:1066100080919839811110C086E794E30E94D1637C
:106620008093AC3901E00093B13A86E794E30E948D
:106630008F6381110093D3278091B13A823008F49F
:1066400075C18091B13A8830D9F480910F2C8F5F59
:1066500080930F2C90E020910D2C30E04091D127B9
:10666000411103C041E050E002C043E050E0241B70
:10667000350B821793070CF459C11092B13A56C1E9
:106680009091AC3980910F2C8F5F80930F2C2091CB
:106690000E2C821760F08091AC39880F8093AC3952
:1066A0008091B13A8F5F8093B13A10920F2C97FD91
:1066B0003DC18091BB38882391F083E90E947562C7
:1066C0001092BB3882E090E09093082C8093072CC6
:1066D00083E00E946C8582E00E94C96027C080919F
:1066E000072C9091082C892B31F08091072C9091E8
:1066F000082C019717C08091852C882321F0809168
:10670000852C853099F48091A42C882379F0809190
:10671000BB38811102C086E901C08AE90E94756216
:1067200082EC91E09093082C8093072C8091A32C0D
:10673000882369F080E00E94DC608091B13684306B
:1067400011F482E001C081E00E94758531C080E0D3
:106750000E94C9608091B136843011F482E001C09A
:1067600081E00E946C8524C0EED9882309F18091D4
:10677000072C9091082C892B31F08091072C909157
:10678000082C019711C08091852C882321F08091DD
:10679000852C853069F48091A42C882349F089EAFE
:1067A0000E94756282EC91E09093082C8093072CF4
:1067B000809135268130F9F018F0823069F131C0CE
:1067C00083E396E21B9934C0B0D9059790F101E0BC
:1067D0000093352683E396E29DD90093BB26109261
:1067E000B7261092B8261092B9261092BA268CEBD2
:1067F00096E277D91EC01B990AC083E396E295D929
:1068000080359105B0F082E08093352602C0109269
:1068100035268093B0360DC01B9B0BC010923526D9
:1068200008C082E0809335261092B03683E396E26A
:1068300071D986B5811B90918626981710F48093A4
:1068400086268091B136833689F42DB73EB7809184
:10685000B63C9091B73C2817390708F07EC08DB739
:106860009EB79093B73C8093B63C77C080915E34DE
:10687000882359F300E010E082E6A82E9BE0B92EB1
:10688000A09EC001A19E900D1124FC01E355F14D85
:106890007F01908198012D583B4C6901D9018C9161
:1068A0009817E9F1CE0101960E940A883FB7F89443
:1068B0008091892690E0B89EF001B99EF00D1124D8
:1068C000E454F74C00834F85588969897A8941835C
:1068D000528363837483D6012C912583D7012C9135
:1068E000268316964D915D916D917C911997478302
:1068F00050876187728720918926233128F420915F
:1069000089262F5F209389263FBFB89EF001B99E4C
:10691000F00D1124E454F74C8681F60180830F5F5B
:106920001F4F0330110509F0ABCF8FCF8091BB38DB
:106930008111D5CE8CE90E94756281E08093BB38CD
:1069400082E090E09093082C8093072C83E00E94D3
:10695000758582E00E94DC60E9CE63960FB6F894FC
:10696000DEBF0FBECDBFDF91CF911F910F91FF9082
:10697000EF90DF90CF90BF90AF900895FC017483AB
:106980006383128215821682178210861286118600
:1069900014861386168615860895CF93DF93EC012F
:1069A000B9D881E08A83DF91CF9108951F93CF9367
:1069B000DF93FC011281111102C010E026C0EC012E
:1069C000B4D81A824D815E816F817885480F591F36
:1069D000611D711D4D835E836F83788729853A859C
:1069E0002F5F3F4F3A8729872D853E852817390726
:1069F00010F49E878D872B813C8128173907E8F694
:106A00008B859C8501969C878B87812FDF91CF9109
:106A10001F9108951F93CF93DF93DC01ED91FC91BB
:106A2000119780E040E050E020E01AE0CE2F3F2FA9
:106A300091919D3221F421111AC02FEFF7CF9B3293
:106A400019F4222391F013C0D0EDD90FDA3078F485
:106A5000149FE001159FD00D1124AE01490F511D67
:106A60004053510981E02111E1CF21E0DFCF88239C
:106A700069F0CC9311963C932403C001259F900D9F
:106A80001124FB019183808381E001C080E0DF91CC
:106A9000CF911F910895CF92DF92EF92FF921F93B3
:106AA000CF93DF9300D01F92CDB7DEB7FC01A0815A
:106AB000B181BC83AB838C918D3249F4DB011C9294
:106AC0008081918101969183808311E025C07B01B3
:106AD0006F01BE016F5F7F4FCE0103969BDF182FC2
:106AE0008823D1F089819A8184369105A0F46B8145
:106AF0007C81F60120813181621B730B633071054B
:106B000054F40E943A63D7018C938B819C81F601E7
:106B10009183808301C010E0812F0F900F900F9020
:106B20000F90DF91CF911F91FF90EF90DF90CF906A
:106B30000895DC01ED91FC912081203229F43196F9
:106B4000DC01ED93FC93F5CF0895EF92FF920F9344
:106B50001F93CF93DF9300D01F921F92CDB7DEB764
:106B6000E82E8B017C836B83CE010396E2DFEB8101
:106B7000FC8180818A3249F4FF24F394E11001C042
:106B8000F12C3196FC83EB832EC0BE016B5F7F4FEF
:106B9000CE01039680DF882309F43BC0CE01039623
:106BA000C8DFEB81FC8190818D81FF24F3949D32BD
:106BB000C1F4E81608F4F12C3196FC83EB83CE0186
:106BC0000396B7DFBE016B5F7F4FCE01039663DF95
:106BD0008823F9F081E09D819E1508F480E0F82279
:106BE00002C08E11F12CCE010396A3DFEB81FC8154
:106BF00080818A3321F53196FC83EB83CE010396A5
:106C000098DFBE016F5F7F4FCE01039603DF8111D6
:106C100007C08B819C819801281B390BC90119C0C1
:106C2000FF2019F089819A8114C0CE01039681DF7B
:106C3000EB81FC818081882351F08C3221F0C801E6
:106C40008E1B9F0B06C03196FC83EB838DCF81E0BA
:106C500090E00F900F900F900F900F90DF91CF91D9
:106C60001F910F91FF90EF9008951092AA3A109201
:106C7000B13A80919F2C68E977E267DF9C01029727
:106C800014F422E330E084E893E0B9010E94C8F6EE
:106C900060930E2CB901660F771F8CE89AE00E9472
:106CA000C8F660930D2C809156308230A0F013D836
:106CB00040919F2C469550E060E070E082EE91EAB2
:106CC0000E94419A40910E2C50E060E070E088EC08
:106CD00091EA0E94419A80910E2C8093102C109280
:106CE0000F2C81E08093BB380895FC0184858F933D
:106CF00083858F9386858F9385858F9382858F93E8
:106D000081858F9380858F9387818F9386818F93E1
:106D100085818F9382EF92EA9F938F9386E396E229
:106D20009F938F930E9425F98DB79EB70E960FB64D
:106D3000F8949EBF0FBE8DBF86E396E20895CF9272
:106D4000DF92EF92FF920F931F93CF93DF93EC01AB
:106D50008C0108551F4FF80180819181892B89F1A1
:106D600066E777E8CE010E942680892BA1F0109279
:106D7000E1398FEF8093882610928726109286261D
:106D80001092812664E670E082E996E2F7DD1092C7
:106D9000842C1092832CF80180819181892B89F0B9
:106DA00069E677E8CE010E942680892B51F08BE0BE
:106DB0009CE20E948AAD80ED97E090930A2C80932C
:106DC000092C0E94EA818091E3269091E426A0910B
:106DD000E526B091E626892B8A2B8B2B69F185ED70
:106DE00096E20E943F886091D6265091D726409126
:106DF000D8268091DC269091DD263091DB262091EB
:106E0000DA261F926F931F925F931F924F939F9367
:106E10008F931F923F931F922F9388E397E89F933E
:106E20008F930E94FEF82DB73EB7225F3F4F0FB6FB
:106E3000F8943EBF0FBE2DBF81EE99E39F938F93D1
:106E400085E297E89F938F930E94FEF880919126A8
:106E50001F928F9388E097E89F938F930E94FEF88C
:106E60008091B1361F928F9389EF96E89F938F930D
:106E70000E94FEF88091992C1F928F9387EE96E8DE
:106E80009F938F930E94FEF8809158341F928F93A6
:106E90008DEC96E89F938F930E94FEF88091323D8F
:106EA0008F938091313D8F9381EB96E89F938F93E1
:106EB0000E94FEF88091FA298F938091F9298F938F
:106EC0008091F8298F938091F7298F9387E996E82D
:106ED0009F938F930E94FEF88091F6298F93809163
:106EE000F5298F938DE796E89F938F930E94FEF884
:106EF0008DB79EB782960FB6F8949EBF0FBE8DBF1A
:106F00008091AE3A1F928F938EE596E89F938F9370
:106F10000E94FEF88091EE291F928F938DE396E8F0
:106F20009F938F930E94FEF8809157341F928F9306
:106F30008BE196E89F938F930E94FEF889E594E396
:106F40000E9495AD9F938F938AEE95E89F938F93C0
:106F50000E94FEF880915C348F9380915B348F9314
:106F600081ED95E89F938F930E94FEF88091AB3955
:106F70008F938091AA398F9387EB95E89F938F9396
:106F80000E94FEF88091B83C1F928F938FE995E89C
:106F90009F938F930E94FEF88091D8278F938091C2
:106FA000D7278F938AE795E89F938F930E94FEF8E7
:106FB000EDB7FEB7B0960FB6F894FEBF0FBEEDBFAB
:106FC0008091D4271F928F9384E595E89F938F93A8
:106FD0000E94FEF88091D6278F938091D5278F93BA
:106FE0008EE295E89F938F930E94FEF88091EC29A2
:106FF0001F928F9382E195E89F938F930E94FEF8F2
:107000008091EB291F928F9382EF94E89F938F9347
:107010000E94FEF88091EA298F938091E9298F934D
:107020008CEC94E89F938F930E94FEF88091E42764
:107030008F938091E3278F9389EA94E89F938F93AE
:107040000E94FEF881EE97E20E9495AD9F938F9388
:1070500089E794E89F938F930E94FEF88091E02740
:107060008F938091DF278F9382E594E89F938F938E
:107070000E94FEF82DB73EB7205E3F4F0FB6F89442
:107080003EBF0FBE2DBF8DED97E20E9495AD9F9341
:107090008F9383E294E89F938F930E94FEF88091F0
:1070A000DC271F928F9381E094E89F938F930E9437
:1070B000FEF88091AF261F928F938CEE93E89F93FA
:1070C0008F930E94FEF882EB96E20E947CAD9F9324
:1070D0008F938BEB93E89F938F930E94FEF88091A0
:1070E000B1268F938091B0268F9387E993E89F9381
:1070F0008F930E94FEF88091A1261F928F938DE7B7
:1071000093E89F938F930E94FEF88091A2261F928E
:107110008F938BE593E89F938F930E94FEF88DEAFF
:1071200096E20E9495AD9F938F9382E393E89F939D
:107130008F930E94FEF88DB79EB780960FB6F89495
:107140009EBF0FBE8DBF8091AA268F938091A926E6
:107150008F9386E193E89F938F930E94FEF880912E
:10716000A8268F938091A7268F9385EF92E89F930F
:107170008F930E94FEF88091A6268F938091A5267A
:107180008F9382ED92E89F938F930E94FEF88091F7
:10719000A4268F938091A3268F938DEA92E89F93E4
:1071A0008F930E94FEF88091E9261F928F938CE8BE
:1071B00092E89F938F930E94FEF88AE692E89F934D
:1071C0008F930E94FEF882E996E28FDD9F938F9362
:1071D0000E94EBF88091B6268F938091B5268F930D
:1071E0008AE492E89F938F930E94FEF88091CF26C5
:1071F0001F928F938DE192E89F938F930E94FEF8E8
:10720000EDB7FEB7B0960FB6F894FEBF0FBEEDBF58
:107210008091B4261F928F9383E092E89F938F937F
:107220000E94FEF839ECE32E36E2F32E00ED16E272
:10723000C9EBDCE30F900F900F900F9047ECC42E3A
:1072400041E8D42EC7010E947CADF80121918F0145
:107250009F938F931F922F93DF93CF93DF92CF92C1
:107260000E94FEF832E0E30EF11CA8968DB79EB79F
:1072700008960FB6F8949EBF0FBE8DBF96E2033DF1
:10728000190701F780919F2C1F928F938FEA91E845
:107290009F938F930E94FEF880910E2C1F928F93E4
:1072A00085E991E89F938F930E94FEF88091A32C2B
:1072B0001F928F9380E891E89F938F930E94FEF82E
:1072C0008091102C1F928F9382E691E89F938F9369
:1072D0000E94FEF88091AA3A1F928F938AE491E867
:1072E0009F938F930E94FEF88091112C9091122C05
:1072F0009F938F938EE291E89F938F930E94FEF865
:107300008091A6391F928F9386E191E89F938F9386
:107310000E94FEF88091B6381F928F938DEF90E80F
:107320009F938F930E94FEF8EDB7FEB7B0960FB60D
:10733000F894FEBF0FBEEDBF8DEA99E30E94E263B1
:107340001F928F938AED90E89F938F930E94FEF88F
:10735000C091E039D0E00F900F900F900F9004EDA6
:1073600010E88091DF3990E0C817D907A9F0C2333F
:10737000D10510F0C0E0D0E0FE01E355F64C80816D
:107380001F928F931F930F930E94FEF821960F90E8
:107390000F900F900F90E5CF8091BB381F928F9385
:1073A00081EC90E89F938F930E94FEF880910F2CC0
:1073B0001F928F9383EA90E89F938F930E94FEF829
:1073C0008091B13A1F928F938BE890E89F938F93AF
:1073D0000E94FEF88091AC391F928F9383E790E86A
:1073E0009F938F930E94FEF886E794E30E94E263E6
:1073F0001F928F938FE490E89F938F930E94FEF8E3
:10740000C091A934D0E02DB73EB72C5E3F4F0FB6E8
:10741000F8943EBF0FBE2DBF09E410E88091A83458
:1074200090E0C817D907A9F0C233D10510F0C0E029
:10743000D0E0FE01EA58FB4C80811F928F931F938E
:107440000F930E94FEF821960F900F900F900F90CF
:10745000E5CF809196278F93809195278F93809188
:1074600094278F93809193278F9385E390E89F9340
:107470008F930E94FEF8809192271F928F9380E253
:1074800090E89F938F930E94FEF88BE297E20E9410
:1074900095AD9F938F9389EF9FE79F938F930E9462
:1074A000FEF885E09CE20E9495AD9F938F938FEC50
:1074B0009FE79F938F930E94FEF88FEF99E20E94BF
:1074C0007CAD9F938F9387EA9FE79F938F930E9452
:1074D000FEF883E09CE20E9495AD9F938F9381E834
:1074E0009FE79F938F930E94FEF88091072C9091C5
:1074F000082C9F938F9380E69FE79F938F930E9422
:10750000FEF880919A2C90919B2C9F938F9386E408
:107510009FE79F938F930E94FEF88091A12CEDB777
:10752000FEB7B2960FB6F894FEBF0FBEEDBF1F9226
:107530008F9389E29FE79F938F930E94FEF881E0EB
:107540009CE20E9495AD9F938F9382EF9EE79F935D
:107550008F930E94FEF889EB98E30E9495AD9F936C
:107560008F9383EC9EE79F938F930E94FEF8809108
:1075700081261F928F938DEA9EE79F938F930E949F
:10758000FEF88091832C9091842C9F938F9388E9AF
:107590009EE79F938F930E94FEF880918B268F9396
:1075A00080918A268F938DE79EE79F938F930E9409
:1075B000FEF88091822690918326A0918426B09136
:1075C0008526BF93AF939F938F9380E69EE79F930B
:1075D0008F930E94FEF8809188261F928F9389E4F2
:1075E0009EE79F938F930E94FEF8809187262DB788
:1075F0003EB72E5D3F4F0FB6F8943EBF0FBE2DBF76
:107600001F928F9382E39EE79F938F930E94FEF8D1
:10761000809186261F928F9386E19EE79F938F939A
:107620000E94FEF88DB79EB708960FB6F8949EBFDD
:107630000FBE8DBFC0E0D0E092E6D92E02E81DE774
:107640002DE9E22E2DE7F22EDC9EF001DD9EF00DFD
:107650001124E355F14D8081882351F166897789A2
:1076600086819781A085B1854481558122813381AE
:10767000C180E0817F936F93BF93AF939F938F936C
:107680005F934F933F932F931F92CF921F92EF934D
:10769000DF93CF93FF92EF920E94FEF82DB73EB793
:1076A0002E5E3F4F0FB6F8943EBF0FBE2DBF0AC0EF
:1076B000DF93CF931F930F930E94FEF80F900F90CC
:1076C0000F900F902196C330D10509F0BDCF809166
:1076D000EF268F938091EE268F9380E79DE79F930F
:1076E0008F930E94FEF88091ED268F938091EC2677
:1076F0008F938091EB268F938091EA268F9388E574
:107700009DE79F938F930E94FEF88FE896E20E9478
:107710007CAD9F938F9389E29DE79F938F930E9407
:10772000FEF880918E268F9380918D268F9385E031
:107730009DE79F938F930E94FEF88091822C8F93F8
:107740008091812C8F9387EE9CE79F938F930E946B
:10775000FEF88091B73C8F938091B63C8F938DEC6F
:107760009CE79F938F930E94FEF8809174001F9274
:107770008F938CEB9CE79F938F930E94FEF880E69B
:1077800094E30E943F88609161345091623440914B
:1077900063348091673490916834309166342091DD
:1077A00065347091BB4D1F927F931F926F931F9210
:1077B0005F931F924F939F938F931F923F931F92BC
:1077C0002F9386E79CE79F938F930E94FEF887E8AC
:1077D00080937A008EE580937C0010927B00EDB759
:1077E000FEB7BE960FB6F894FEBF0FBEEDBF86E69D
:1077F0009CE79F938F930E94FEF80F900F90CAE032
:10780000C12C80E3D82E81E1E82EF12C01E61CE7A3
:1078100080917A00806480937A0080917A0086FD5E
:10782000FCCF20917800309179002115310511F4B9
:1078300021E030E040E050E0C701B6010E94DBF6F5
:107840005F934F933F932F931F930F930E94FEF8E4
:10785000C1500F900F900F900F900F900F90C1F6A6
:10786000809174248F93809173248F9380917224DC
:107870008F93809171248F938091012D8F938091AC
:10788000002D8F938091FF2C8F938091FE2C8F93EE
:107890008091052D8F938091042D8F938091032DDE
:1078A0008F938091022D8F9381EE9BE79F938F930F
:1078B0000E94FEF80E94F3812DB73EB7225F3F4F32
:1078C0000FB6F8943EBF0FBE2DBF81E0DF91CF9180
:1078D0001F910F91FF90EF90DF90CF900C942A9919
:1078E0002091072C3091082CE0919A2CF0919B2C40
:1078F0006091832C7091842CA7E1A29FA001A39F8B
:10790000500D1124AFE1AE9F9001AF9F300D1124B7
:1079100024273527EFE2E69FA001E79F500D1124B1
:107920002427352760918A2670918B26E3E5E69F10
:10793000A001E79F500D1124242735276091022DC7
:107940007091032DE5E6E69FA001E79F500D1124FD
:1079500024273527822393230895DF92EF92FF9205
:107960000F931F93CF93DF93CDB7DEB763970FB617
:10797000F894DEBF0FBECDBF7C01D62E0E946BAE49
:107980004D2D50E060E070E087ED92EA0E94419A50
:10799000E114F10419F480ED92EA01C0C7010E94DC
:1079A0002A9A8091E139882351F0809191268D1592
:1079B00030F489E992EA0E942A9A80E050C0E114EA
:1079C000F10429F41092E1391092912641C0CE01C0
:1079D00001960E940A886A815B814C81888599851D
:1079E0003F812E811F926F931F925F931F924F933F
:1079F0009F938F931F923F931F922F938AE792EA50
:107A00009F938F9301EE19E31F930F930E9425F923
:107A1000F80101900020E9F749EA5AE34E1B5F0B99
:107A2000B701C8010E94ADF71092A83AD0929126F2
:107A30008091B13681500FB6F894DEBF0FBECDBF36
:107A40008A3030F480919F2C869580935D3402C0FB
:107A500010925D3488E692EA0E942A9A81E0639649
:107A60000FB6F894DEBF0FBECDBFDF91CF911F914F
:107A70000F91FF90EF90DF9008958091E926833079
:107A800020F48F5F8093E92608956091AD3A8DE1EF
:107A900090E00E94F16361E060DF1092AF261092E7
:107AA000EC290895CF939091B136981709F4E9C263
:107AB000C82F10929B2C10929A2C809156308230B5
:107AC000B8F00E94279B0E946BAE4091B13650E007
:107AD00060E070E084E192EA0E94419A4C2F50E00D
:107AE00060E070E089E092EA0E94419A0E942C9B3B
:107AF000C63109F43DC208F0C6C0CC3009F4C8C193
:107B000008F0A1C0C23009F45CC108F04FC0CC231A
:107B100009F429C1C13009F0B4C287E00E94C960EC
:107B200085E00E94C96085E00E94C96081E00E94F2
:107B3000DC6080E00E94DC6083E00E94C96082E03B
:107B40000E94C96084E00E94C96081E00E946C8547
:107B500082E00E94758583E00E947585C093A32C06
:107B6000C093BB3886E794E30E948B638DEA99E368
:107B70000E948B631092A93978D81092D127C093B4
:107B8000AE3A1092B23A1092052A1092042A10923C
:107B9000D6271092D5271092D8271092D727109267
:107BA000D4271092D2271092983943C1C43009F4D7
:107BB0001EC1CB3009F065C287E00E94C96085E034
:107BC0000E94C96085E00E94C96081E00E94C9608E
:107BD00080E00E94C96083E00E94C96082E00E9448
:107BE000C96084E00E94DC6081E00E94758582E0CB
:107BF0000E946C8583E00E94758581E08093A32CB0
:107C00008093BB3886E794E30E948B638DEA99E307
:107C10000E948B631092A9391092B23A1092052AF1
:107C20001092042A1092D1271092D0271092D627B2
:107C30001092D5271092D8271092D7271092D427C8
:107C40001092D22722C1C23109F441C1A8F4CD302B
:107C500009F42AC1CE3009F014C281E00E94DC6030
:107C600080E00E94DC6085E00E94DC6081E080931F
:107C7000A32C8093BB38D9C0C33109F42CC1C531C2
:107C800009F435C1FEC1CB3209F4C1C198F5C03247
:107C900009F4D4C040F5C93109F429C1CF3109F044
:107CA000F0C187E00E94C96085E00E94C96085E05C
:107CB0000E94C96081E00E94C96080E00E94C960A2
:107CC00083E00E94C96082E00E94C96084E00E9453
:107CD000C96081E00E94758582E00E94758583E01D
:107CE0000E946C85CCC1C93209F453C1CA3209F46F
:107CF000C6C1C7C1C43309F49BC170F5CC3209F4C5
:107D00008BC1C33309F0BDC187E00E94C96085E023
:107D10000E94C96085E00E94C96081E00E94C9603C
:107D200080E00E94C96083E00E94C96082E00E94F6
:107D3000C96084E00E94C96081E00E946C8582E095
:107D40000E946C8583E00E9475851092B23A109271
:107D5000052A1092042A93C1C53309F48AC1C33697
:107D600009F48DC18EC185E00E94C96084E00E9443
:107D7000C96083E00E94C96081E00E94C96082E01E
:107D80000E94C96080E00E94C96087E00E94DC60B8
:107D900085E00E94DC6081E00E94758582E00E949F
:107DA000758583E00E9475851092B23A1092A539CC
:107DB0001092052A1092042A8DEA96E20E948AAD5A
:107DC00064C01092932710929427109295271092D6
:107DD0009627109292278EE297E20E94489F81E0B8
:107DE00080932D270E9435B68BE297E25AC085E03A
:107DF0000E94DC6081E00E94DC6080E00E94DC6028
:107E000083E00E94DC6082E00E94DC6081E080937D
:107E1000A32C8093BB380E946C8582E00E947585FC
:107E200083E00E9475850E9435B685E09CE20E9441
:107E30008AAD8FEF99E20E9471AD21C185E00E9469
:107E4000C96084E00E94C96083E00E94C96081E04B
:107E50000E94C96082E00E94C96080E00E94C960FF
:107E600087E00E94C96085E00E94C96081E00E94AD
:107E7000758582E00E94758583E00E946C85109272
:107E8000B23A1092052A1092042A10929839F7C03B
:107E900083E00E94DC6082E00E94DC60299A83ED2E
:107EA00096E20E948AADEBC083E00E94DC6082E033
:107EB0000E94DC6083E09CE20E948AAD8FEF99E231
:107EC0000E9471AD109298390E9435B6D8C085E0F5
:107ED0000E94C960AECF83E00E94C96082E00E9428
:107EE000C96085E00E94C96083E09CE2DACF87E048
:107EF0000E94C96085E00E94C96085E00E94C96057
:107F000081E00E94C96080E00E94C96083E00E9415
:107F1000DC6082E00E94DC6084E00E94DC6081E042
:107F20000E94758582E00E946C8583E00E947585C1
:107F300086E794E30E948B638DEA99E30E948B634A
:107F40001092A93981E08093A32C8093BB380E94C2
:107F500035B61092D1271092D6271092D5271092BD
:107F6000D8271092D7271092D4271092D2277CC0FE
:107F700081E00E94DC6080E00E94DC6085E00E947D
:107F8000DC6081E08093A32C8093BB3881E09AE28F
:107F90004ECF85E00E94DC6081E00E94DC6080E0E2
:107FA0000E94DC6083E00E94DC6082E00E94DC6072
:107FB00081E08093A32C8093BB380E946C8582E083
:107FC0000E94758583E00E9475850E9435B685E024
:107FD0009CE20E948AAD109202276091AD3A81E145
:107FE00090E00E94F163BC0182EB9AE30E947EF76D
:107FF000E2EBFAE301900020E9F73197E25BFA4304
:10800000FF27EE54F54C8EE08083118238C086EF56
:1080100096E20E9415A133C06091AD3A86E190E0EE
:108020000E94F163BC0182EB9AE30E947EF727C0B5
:1080300084E00E94DC6083E00E94DC6083E00E94B8
:108040006C8586E794E30E948B638DEA99E30E9436
:108050008B631092A93981E08093A32C8093BB3865
:108060000E9435B61092D1278FEF99E20E9471AD30
:108070000CCF81E00E94DC6085E00E94DC60C09350
:10808000B136CF9108950F931F93CF93DF93EC01F7
:10809000809156308230A8F00E946BAE86E09EE957
:1080A0000E942A9AFE0101900020E9F73197BF0152
:1080B0006C1B7D0BCE010E94B39A83E09EE90E9467
:1080C0002A9A8091CC27882309F470C043E050E0BD
:1080D0006FEF7DE9CE010E94BDF7892B29F46091F5
:1080E000AD3A88E090E04CC042E050E06CEF7DE9B2
:1080F000CE010E94BDF7892B61F46091AD3A89E011
:1081000090E00E94F16362E0DF91CF911F910F91A7
:1081100024CC42E050E069EF7DE9CE010E94BDF73A
:10812000892B29F46091AD3A8AE090E0EACF43E0F0
:1081300050E065EF7DE9CE010E94BDF7892B29F45F
:108140006091AD3A8BE090E0DCCF43E050E061EF2E
:108150007DE9CE010E94BDF7892B29F46091AD3AEB
:108160008CE090E0CECF42E050E06EEE7DE9CE01B3
:108170000E94BDF76091AD3A892B31F48DE090E01B
:108180000E94F16363E0C0CF8EE090E00E94F16353
:1081900062E0E3DB882309F44EC0BE0181EE99E37F
:1081A000DF91CF911F910F910C9450F802EB1AE3DD
:1081B000F80101900020E9F73197CF01825B9A43E3
:1081C000FE0101900020E9F73197EC1BFD0BE80F51
:1081D000F91FE63FF14078F569EE7DE9C8010E949C
:1081E0007EF7F80101900020E9F7CF01BE01019769
:1081F0000E9464F866EE7DE9C8010E947EF78091D6
:10820000B1368230C1F48091CB27882339F083EADC
:108210000E94756281E08093983907C085EA0E94C8
:1082200075628DEF99E20E948AAD82E1DF91CF9174
:108230001F910F9137CCDF91CF911F910F9108952E
:1082400010925C3410925B341092AB391092AA39C0
:1082500081E09CE20C948AAD8091CF2780939F2C83
:108260008091313D9091323D22E6289FF001299F77
:10827000F00D1124E355F14D86819781A085B185DC
:108280008093F7299093F829A093F929B093FA29BC
:1082900082E080935834109257341092EE29109255
:1082A000ED291092AE3A89E594E30E948AAD81EF00
:1082B00099E20E948AADC4DF8BE0F4CBCF93C82F44
:1082C00080915630823058F00E946BAE4091B136AA
:1082D00050E060E070E086E991EA0E94419A809166
:1082E000B136873198F48531F8F4843009F440C010
:1082F00028F48150823008F04DC016C08B3008F44D
:1083000049C08E30E8F08E3099F144C08D3228F4A7
:10831000893250F4893141F03DC08333D8F185333F
:1083200048F0853329F136C0CC23A1F10E9429B150
:1083300083E12EC0843311F40E9429B180E228C069
:1083400080915630823078F00E94279B0E946BAE5D
:108350004091B13650E060E070E083E791EA0E941E
:10836000419A0E942C9B8091B1368D3039F7E4CF31
:1083700080915630823058F00E946BAE4091B136F9
:1083800050E060E070E08FE391EA0E94419A82E160
:10839000CF9188CBCF9108952F923F924F925F92C9
:1083A0006F927F928F929F92AF92BF92CF92DF9205
:1083B000EF92FF920F931F93CF93DF93CDB7DEB76A
:1083C0002B970FB6F894DEBF0FBECDBF612C712C7A
:1083D00000E010E055245394A0905B34B0905C34DE
:1083E0000A151B0508F039C3980126553B4C790145
:1083F000F901D080FDE0DF16F1F02AE0D216D9F0C5
:1084000080EE8D0D8F35B8F08D2D0E94F7AD88234D
:1084100009F47CC08091AE3A823009F077C0C50182
:1084200001970817190739F0F70181810E94F7AD0C
:10843000882309F46BC0F2E0F093AE3AE2EBFAE382
:1084400001900020E9F73197E25BFA43EE3F21E02B
:10845000F2070CF0F5C2EE54F54C35E2D31203C02E
:1084600087E0808307C090E4D91203C027E120830E
:1084700001C0D082118268013FEFC31AD30A8091F4
:10848000D5279091D62701969093D6278093D5270C
:108490008FEF681A780A109257348091B1368B307A
:1084A00009F0CCC28091E8268823E1F080E00E94A8
:1084B0004CB197FDC3C281E00E944CB18093D0279C
:1084C0009091E826913011F4882361F080ED97E2D5
:1084D0000E9475AE882311F08CE016C08BE19EE8F7
:1084E0000E9410AF80915630823058F00E946BAEDF
:1084F0004091E82650E060E070E08DEE9DE80E943B
:10850000419A5092573480E2CDDA98C2D11005C01A
:1085100068019FEFC91AD90A91C2E1E0DE121CC0BE
:10852000D092AE3A109257348091B1368B3009F028
:1085300079C2F70182818093D02780ED97E20E9473
:1085400075AE882311F08CE005C08AEE9DE80E948C
:1085500010AF80E2A7DA66C2F2E0DF1293C0509259
:10856000AE3AF7014180842C912C1801F2E02F0ED5
:10857000311C6101C80CD91CAC14BD0408F46AC0DC
:1085800086E794E30E94E2639401280F311D2233B1
:1085900031050CF05FC080915630833019F50E9490
:1085A0006BAE86E794E30E94E263482F50E060E000
:1085B00070E08FED9DE80E94419A442D50E060E00C
:1085C00070E08BED9DE80E94419A8091D527A4012F
:1085D000480F511D052E000C660B770B85ED9DE8AD
:1085E0000E94419A8091D5279091D627880E991E96
:1085F0009092D6278092D527810106551B4C4420A6
:1086000049F0F80161918F0186E794E30E94B46319
:108610004A94F5CF8091D127882381F086E794E3AF
:108620000E94E263893150F480915630823020F00C
:108630008BEB9DE80E94C7AE1092D1278091B13696
:108640008B3009F0FBC18CE02DDA8EE99DE80E94A9
:10865000C7AEF4C18091D127811108C080915630F6
:10866000823020F084E89DE80E94C7AE81E08093CC
:10867000D127A0905B34B0905C340A151B0508F03C
:10868000ECC1DEC18DEF8D0D8230B8F55092AE3A5F
:10869000F70191806801F2E0CF0ED11CC601890D6F
:1086A000911DA816B90620F4AA94AA949A2C901A9F
:1086B00080915630092D10E0992091F0882309F41B
:1086C0000BC285E69DE80E94C7AEB8016E5F7F4F82
:1086D000C7010E94B39A82E69DE80E942A9AFCC1D3
:1086E000823020F084E49DE80E94C7AEC00ED11E07
:1086F00081E0E4DD50925734A1C126E0D2125CC083
:108700005092AE3AF701D1808091B1368B3051F55D
:1087100080E00E9493AF8823F9F083EA0E9475629B
:108720008DE0C0D9809156308230C8F10E946BAE86
:108730004091D02750E060E070E083E29DE80E9425
:10874000419A40919F2C469550E060E070E080E1B6
:108750009DE80E94419A23C08CE09DE80E9410AFE2
:1087600080E21CC08230D9F480915630823020F0F3
:1087700081ED9CE80E94C7AE8091CB27882331F021
:1087800083EA0E9475625092983907C085EA0E9478
:1087900075628DEF99E20E948AAD84E083D9DD2075
:1087A00021F0F70182818093D4270E5F1F4F98013B
:1087B0002D0D311D690142C137E0D31261C05092C5
:1087C000AE3AF701D180DD2009F496C0F2808091A5
:1087D0005630823050F00E946BAE4F2D50E060E07A
:1087E00070E087EA9CE80E94419A8091ED29F81296
:1087F00003C0F092EE2908C0F1E0FF1518F4509282
:10880000ED2902C0F092ED298091EE29811174C00A
:108810008091AA399091AB39883F21E0920708F006
:108820006BC0FC01EE54F94C37E0308325E0218326
:1088300003969093AB398093AA392091ED29228336
:108840006AE874EA8E54994C0E949DF78091AA3987
:108850009091AB3904969093AB398093AA3980916B
:108860005630823008F448C00E946BAE4091ED292A
:1088700050E060E070E081E89CE80E94419A3CC0D2
:1088800098E0D91240C05092AE3AF701D180F1E0A1
:10889000FD1590F58091A126813071F5F701828157
:1088A00090E0982F88272381820F911D9093A42612
:1088B0008093A3268091313D9091323D0E949C8E01
:1088C0002FEF3FEF3093323D2093313D10925834DB
:1088D0001092F7291092F8291092F9291092FA298A
:1088E000109257341092AB391092AA3910925C341E
:1088F00010925B3480E2D6D80E5F1F4FC8018D0DF9
:10890000911D6C019BC099E0D91288C0F70181804C
:10891000C80102966C01C80CD11CAC14BD0408F44B
:1089200058C0FC01E655FB4C208131818091F02636
:108930009091F1262817390709F0E7C0F7019480D4
:108940008FEE890D833008F0E2C0E82EF12CF8E2BA
:10895000FE9DC001FF9D900D11249C012754334CB6
:108960005901B80161557B4C47E250E0C9010E94B2
:108970007BF8F701EE0FFF1FEE0FFF1FE756F64CD7
:108980001082118212821382F701EE0FFF1FE65D43
:10899000FD4DB501808191810E94EA6B8091AA39D9
:1089A0009091AB39FC01EE54F94C36E0308322E073
:1089B0002183128204969093AB398093AA399382D3
:1089C0000E946BAE492D50E060E070E089EB9BE8BF
:1089D00022C011E085E79CE80E9410AF0E946BAEB8
:1089E000412F50E060E070E08AE59CE80E94419AE7
:1089F000482D50E060E070E082E59CE80E94419ADA
:108A000023E0281508F085C0F701448150E060E0BC
:108A100070E085E49CE80E94419A10C08091AE3AD3
:108A2000813041F4F70181810E5F1F4F6801C80E4C
:108A3000D11C04C06801FFEFCF1ADF0A8601CCCC3D
:108A4000A01AB10AA501B7018AEA94E30E9407F8C7
:108A5000B0925C34A0925B3404C010925C341092EB
:108A60005B3480915630833009F057C06114710433
:108A700009F453C00E946BAE86E794E30E94E26360
:108A8000E2EBFAE301900020E9F73197AF01425B96
:108A90005A43E5E0FAE201900020E9F73197E5500A
:108AA000FA424E0F5F1F480F511D60E070E08AE3ED
:108AB0009CE80E94419AA30160E070E086E39CE894
:108AC0000E94419A4091D52750E060E070E080E339
:108AD0009CE80E94419A21C0892D8B3008F08AE0E1
:108AE000A82EB12CA501B60166557B4CCE0101968E
:108AF0000E947BF8E1E0F0E0EC0FFD1FEA0DFB1DAA
:108B00001082CE010196BFDAF1CD12E063CF13E0FF
:108B100061CF40E050E0BA017CCF2B960FB6F894BD
:108B2000DEBF0FBECDBFDF91CF911F910F91FF90A0
:108B3000EF90DF90CF90BF90AF909F908F907F90FD
:108B40006F905F904F903F902F90089528E2289F5C
:108B5000F001299FF00D1124E754F34C20812223CA
:108B600029F1FC01E053F94D20812C30A0F0880F51
:108B7000991F8753994D0E947CAD2091CF262111DA
:108B800003C048E354E002C048E750E021E0481742
:108B9000590778F00BC0263058F0880F991F87537B
:108BA000994D0E947CAD21E04F9718F420E001C060
:108BB00021E0822F08950F931F93CF93DF9383308B
:108BC000910558F5EC01880F991F8753994D0E9424
:108BD00071AD8E010053194DF80180818C3010F475
:108BE0008E5F80838EEF9FE90E94C7AE28E22C9FA4
:108BF000C0012D9F900D11248754934C0E94F99928
:108C0000F801408150E060E070E08EED9FE9DF9177
:108C1000CF911F910F910C94419ADF91CF911F91A9
:108C20000F9108950F931F93CF93DF938330910596
:108C300028F58C010053194DF80120812223F1F011
:108C4000EC01215020838BEC9FE90E94C7AE28E203
:108C50002C9FC0012D9F900D11248754934C0E948E
:108C6000F999F801408150E060E070E088EA9FE9FE
:108C7000DF91CF911F910F910C94419ADF91CF9189
:108C80001F910F910895AF92BF92CF92DF92EF9212
:108C9000FF920F931F93CF93DF938C017B0156DFDD
:108CA000882309F49CC088E2809FE001819FD00D59
:108CB0001124C754D34C8881882309F490C0C8017B
:108CC000880F991F8753994D0E9471ADCE010E9464
:108CD0003B756801CC0CDD1CCC0CDD1C96012756C5
:108CE000364C5901F9016083718382839383672B2A
:108CF000682B692B41F4CE010E942272F50160833A
:108D0000718382839383F601E756F64C608171810B
:108D1000828193816F3FFFEF7F078F079F0709F4E1
:108D20004AC043E25EE20E9414976C018091563083
:108D30002FEFC216D20661F18230B8F081EB90EAD3
:108D40000E94C7AECE010E94F999A6010D2C000C1D
:108D5000660B770B83E990EA0E94419AC7010E9453
:108D60002A9A8FE890EA0E942A9AC8015BDF8091D4
:108D7000CF26882349F06091AD3A84E090E00E94CC
:108D8000F16361E00E94ADBC1092CF26C60129C0FC
:108D9000882319F184E690EA0E94C7AECE010E94B2
:108DA000F99981E590EA0E942A9AC7010E942A9ABD
:108DB0008DE490EA10C088E390EA0E94C7AECE012D
:108DC0000E94F99986E190EA0E942A9AC7010E94BE
:108DD0002A9A81E190EA0E942A9AC801ECDE8FEF7C
:108DE0009FEFDF91CF911F910F91FF90EF90DF9058
:108DF000CF90BF90AF9008950F931F93CF93DF93C1
:108E00002091B5263091B6262F3F3F4F29F58C0192
:108E1000C0E0D0E0B801CE0136DF9093B626809353
:108E2000B526019619F0C093B42616C02196C3301A
:108E3000D10581F78091CF26811109C06091AD3AAB
:108E400083E090E00E94F16361E00E94ADBC81E0AC
:108E50008093CF2680E001C081E0DF91CF911F9108
:108E60000F910895CF93DF93CDB7DEB7C656D109E2
:108E70000FB6F894DEBF0FBECDBF81E080932D27E3
:108E800080915630823020F084E89BE80E94C7AE83
:108E900082E79BE8B1DF8823F1F083E0898385E0F6
:108EA0008A838091932790919427A0919527B091E0
:108EB00096278B839C83AD83BE8381E08F8320E0E4
:108EC000AE014F5F5F4F67E070E08091B5269091F3
:108ED000B6260E946695CA59DF4F0FB6F894DEBFDA
:108EE0000FBECDBFDF91CF910895AF92BF92CF92C9
:108EF000DF92EF92FF921F93CF93DF93EC01162F37
:108F00008EA5833009F448C030F4813009F444C0A0
:108F1000823039F0D0C0863020F0863009F4B7C0F6
:108F2000CAC07E012BE5E20EF11CF7018081918120
:108F3000892B39F4112319F082E393E2A4D881E05C
:108F400073C1809156309E01295A3F4F690182308A
:108F5000A0F08FE89FE90E94C7AEF60160817181A1
:108F6000828193810E94799AF7014081518160E06A
:108F700070E084E89FE90E94419AF6018081918126
:108F8000A281B3818093F7299093F829A093F929BE
:108F9000B093FA29F7014CC06E01FBE5CF0ED11C4E
:108FA000F60180819181892B29F27E01FFE2EF0E8B
:108FB000F11CC7010E9422725E0127E5A20EB11CBE
:108FC000F5016083718382839383209156306F3FD4
:108FD0007F4F8F4F9F4F09F447C02230D8F085E66E
:108FE0009FE90E94C7AEC7010E94F99981E69FE9F7
:108FF0000E942A9AF50160817181828193810E9489
:10900000799AF6014081518160E070E086E59FE940
:109010000E94419AF50180819181A281B381809360
:10902000F7299093F829A093F929B093FA29F6012A
:10903000808191819093F6298093F5294091F529BB
:109040005091F6296091F7297091F8298091F929BA
:109050009091FA290E9414979093323D8093313D6C
:10906000019609F049C037C0222359F084E49FE9F2
:109070000E94C7AEC7010E94F99982E39FE90E944E
:109080002A9A112309F45BCF86E393E257CF85E157
:109090009FE90E94C7AE112321F089E393E20E9469
:1090A00043C06091AD3A86E090E00E94F16363E0D6
:1090B0000E94ADBCB8C080915630882321F088EF63
:1090C0009EE90E94C7AE112309F4ADC082E393E28A
:1090D0000E9443C0A8C080915630882321F08EEBB7
:1090E0009EE90E94C7AE8FEF9FEF9093323D809331
:1090F000313D10925834C5CFA3D881E080935834C5
:10910000109257341092EE298093ED2989E594E36B
:109110000E948AAD81EF99E20E948AAD62E080E010
:1091200090E00E94ADBC8EA5835090915630823065
:1091300048F5923070F00E946BAE4091313D5091F5
:10914000323D052E000C660B770B81E79EE90E94ED
:10915000419A8091CB27882339F083EA0E94756277
:1091600081E08093983907C085EA0E9475628DEF8F
:1091700099E20E948AAD84E00E9452BD82E0809311
:10918000AE3A4FC0C35ADF4F9230F8F00E946BAE38
:109190004091313D5091323D052E000C660B770B0E
:1091A00081E49EE90E94419A488150E060E070E0CD
:1091B0008BE29EE90E94419A4091ED2950E060E0E7
:1091C00070E089E19EE90E94419A11E01093AE3A65
:1091D0008091AA399091AB39FC01EE54F94C27E00B
:1091E000208325E0218303969093AB398093AA399D
:1091F0002091ED2922836AE874EA8E54994C0E94EA
:109200009DF78091AA399091AB39FC01EE54F94C4D
:109210001483158307969093AB398093AA3988817C
:10922000868380E001C082E0DF91CF911F91FF90A3
:10923000EF90DF90CF90BF90AF900895DF92EF92C4
:10924000FF920F931F93CF93DF938091B1368E30AF
:1092500061F0843051F0853341F0982F9B7F92313B
:1092600021F08952843008F071C186E794E30E94AE
:109270008F63882309F46AC18091B23A882309F484
:10928000EAC08091052A8111E6C0D091042A10E03D
:1092900000E0C0E0802F90E09C012E54354C790115
:1092A000F9018081882309F465C0C23608F062C0E4
:1092B0009091032A9D1708F45DC061E00E9423602D
:1092C0000F5F8F3F61F021E02C0FF7018081EC2FC1
:1092D000F0E0EB5FF54D80838D3049F443C063E0EF
:1092E000F70180810E9423608F3F69F70AC08A30AE
:1092F00011F4C22F3FC0DF5F8032B9F18D32C1F56A
:1093000034C0F7016081673141F421E02C0FD0E0D7
:10931000CB5FD54D6883118226C070E088E794EA60
:109320000E9489F7009719F121E02C0F8857944A81
:10933000FC01EA59FB45E491AC2FB0E0AB5FB54DC1
:10934000EC93FC01EC5AFB458491E22FF0E0EB5FDB
:10935000F54D8083803211F4DF5F0AC022E02C0FCC
:10936000DE5F06C010E0D0E003C0122F01C02C2F3A
:10937000C22F90CF8091032A8D1758F582E0D82E06
:10938000DC0E1123C9F0E12EF12C1C1760F44C2FD8
:1093900050E04E195F09B7016B5F754DC701895FDA
:1093A000954D0E9407F8F701EB5FF54D8DE0808346
:1093B0008AE08183CD2D0DC0E1E0EC0FD0E0CB5FE2
:1093C000D54D8DE08883CD2DF0E0EB5FF54D8AE043
:1093D0008083D0E0FE01EB5FF54D10828091563026
:1093E00010E0843038F181ED9DE90E94C7AEB801EC
:1093F00082EB9AE30E94B39AE2EBFAE30190002039
:10940000E9F73197AF01425B5A43401B510B60E0D3
:1094100070E088EC9DE90E94419A83EB9DE90E94EF
:10942000C7AEBE0185E09AE20E94B39A80EB9DE947
:109430000E942A9AE2EBFAE301900020E9F7AF01DB
:10944000401B510B425B5A43B8016E54754C82EB82
:109450009AE30E9407F88091052A882309F476C0D0
:10946000C5E0DAE28E0105501A428881811118C0E8
:1094700080915630843008F44EC00E946BAEA80133
:1094800060E070E080E79DE90E94419A4091A9392F
:1094900050E060E070E08EE59DE90E94419A3BC09B
:1094A00086E794E30E9496638111E2CF89918D3023
:1094B00019F41092042A1FC09091042A9F5F909380
:1094C000042A8731C1F48091B23A8111CBCF8881CF
:1094D0008D3059F489818A3029F68A818111C2CF71
:1094E00087E10E9467AF1882BDCF8111BBCF87E1B2
:1094F0000E9467AFB7CF0E9467AF882309F4B2CF4D
:109500008091B136863109F0ADCFFE01319780816F
:109510000E9447AFA7CF01151105C1F0E5E0FAE2BF
:1095200001900020E9F7AF01401B510B45505A4212
:10953000B8016B5F754D85E09AE2DF91CF911F9185
:109540000F91FF90EF90DF900C9407F8DF91CF918F
:109550001F910F91FF90EF90DF9008951F93CF938D
:10956000DF93C82F162F0E9493AFD82F80915630CB
:10957000DD2371F0823040F04C2F50E060E070E06D
:1095800085E49DE90E94419A83EA0E9475621DC0AC
:10959000882341F04C2F50E060E070E082E29DE9CA
:1095A0000E94419A111109C06091AD3A8FE090E09C
:1095B0000E94F16364E00E94ADBC1092B23A109236
:1095C000052A1092A5391092042A8D2FDF91CF9190
:1095D0001F9108958F929F92AF92BF92CF92DF9288
:1095E000EF92FF921F93CF93DF93CDB7DEB76397D0
:1095F0000FB6F894DEBF0FBECDBFE3E4FDE4A0E0FC
:10960000B0E01AE0228533852115310521F4A11738
:10961000E8F41A2F1BC0C080D180E280F380C61608
:10962000D706E806F90691F4E480F580E416F5061D
:1096300069F44CE04A9FF0014B9FF00D1124ED5B63
:10964000F24B2F5F3F4F338722872AC011963C96FB
:10965000AA30B105B9F61A3019F17A014B015C0153
:10966000CE0101960E940A888CE0189FF001112417
:10967000ED5BF24B80829182A282B382F582E4821A
:109680008F859889A989BA8986839783A087B187AE
:1096900081E090E09387828787EB98E30E948AAD10
:1096A00081E063960FB6F894DEBF0FBECDBFDF91A9
:1096B000CF911F91FF90EF90DF90CF90BF90AF9030
:1096C0009F908F900895EF92FF920F931F93CF93E7
:1096D000DF932091BE26222309F4BEC0F42E062F6C
:1096E000EC011091BB26112309F44BC08CEB96E2E0
:1096F0000E947CAD4F9708F044C08CEB96E20E942C
:1097000071AD209709F4A8C04091B7265091B826B2
:109710006091B9267091BA26C451DF4F8881998132
:1097200022E6289FF001299FF00D1124E355F14D09
:1097300086819781A085B185411551056105710527
:1097400049F48093B7269093B826A093B926B09396
:10975000BA269EC084179507A607B70709F47CC0F0
:10976000FF2009F494C00E94EA81602F83E290E018
:109770000E94F1639F938F930E94FEF80E94F381F1
:1097800084C0209709F483C0FF2009F480C07E01C3
:1097900088EAE80EF11CF70180819181892BF9F4A8
:1097A0001092BB260E94EA8181EA97E80E940A5B38
:1097B000602F80E290E00E94F16320E030E04AE018
:1097C00050E062EA77E80E94755B602F81E290E0EA
:1097D0000E94F1630E94365C0E94F38158C062EAE5
:1097E00077E8CE010E942680892BD1F262EA77E8E1
:1097F000CE010E94F27F8C599F4FFC01EE0FFF1F9C
:10980000EC0FFD1F6EEB76E2808191810E945BF888
:10981000892B21F581E08093BB26C451DF4F8881DD
:10982000998122E6289FF001299FF00D1124E3552C
:10983000F14D86819781A085B1858093B72690935D
:10984000B826A093B926B093BA268CEB96E20E9474
:1098500071ADF7011182108211E01AC00E94EA81F5
:10986000602F82E290E00E94F1639F938F930E94A9
:10987000FEF80E94F3811092BB26602F84E290E0F4
:109880000E94F16363E00E94ADBC0F900F9010E066
:10989000812FDF91CF911F910F91FF90EF9008954D
:1098A000EF92FF920F931F93CF93DF93009711F4E2
:1098B00080E092C08B01EC01809156309E012855CA
:1098C0003F4F79018230E8F181E997E80E94C7AE05
:1098D000FE01E451FF4F8081918122E6289FF00133
:1098E000299FF00D1124E355F14D66817781808524
:1098F00091850E94799A8FE897E80E942A9AF70149
:1099000020813181CE0102962115310511F4FC012F
:109910000AC0F901ED59FF4FEE0FFF1FEC0FFD1FBD
:109920000190F081E02D01900020E9F7BF01615026
:109930007109681B790B0E94B39A8CE897E80E9422
:109940002A9AF70180819181892B09F4B1CF68E8C7
:1099500077E8CE010E942680892B09F4A9CF68E818
:1099600077E8CE010E94F27F8C599F4F880F991F94
:10997000C80FD91F0990D881C02D65E877E8CE01BE
:109980000E9494F7892B19F4F80110821DC062E837
:1099900077E8CE010E9494F7892B11F481E012C080
:1099A0006FE777E8CE010E9494F7892B11F482E0EB
:1099B00009C06CE777E8CE010E9494F7892B09F083
:1099C00077CF83E0F8018083F7018081918101974F
:1099D00011F41182108281E0DF91CF911F910F91DC
:1099E000FF90EF9008959F92AF92BF92CF92DF9237
:1099F000EF92FF920F931F93CF93DF93CDB7DEB714
:109A0000DA950FB6F894DEBF0FBECDBF8C01FC0116
:109A1000E855FF4FE080F1806AEC75E241DF41E0FC
:109A20001E141F040CF040E06091CA25C8014BDEF3
:109A3000982E1982CE50DF4F1882C25FD0400E940C
:109A4000EA81992009F4F0C06EE474EAC8010E942A
:109A500026809E012F5F3F4F7901892B09F475C045
:109A60006EE474EAC8010E94F27F8C599F4FFC019A
:109A7000EE0FFF1FE00FF11F808191810E9425F7FB
:109A80005C018FEF8A0D6501DD248A3008F051C03A
:109A900069E474EAC8010E942680892BB9F069E460
:109AA00074EAC8010E94F27F8C599F4F880F991F5A
:109AB000F801E80FF91F6081718147E750E0C701A5
:109AC0000E947BF8E9961FAEE99701C0198289814F
:109AD00081110AC08A2D0E9410B1B7010E94AA69A3
:109AE0000197F9F019821DC08D3221F48A8181110C
:109AF00001C019828A2D0E9410B1B7010E942E6BFD
:109B00009F938F93FF92EF92DF92CF9281ED9BE72D
:109B10009F938F930E94FEF80FB6F894DEBF0FBE9E
:109B2000CDBF4AE0BE016E507F4FC6010E948AF849
:109B30000CC0DF92CF9289EB9BE79F938F930E949B
:109B4000FEF80F900F900F900F9086EA9BE70E940F
:109B50000A5B6091CA2587E490E00E94F1639E0150
:109B60002E503F4F42E050E06EE474EA0E94755B75
:109B70006091CA2588E490E00E94F163970147E76D
:109B800050E069E474EA0E94755B6091CA258EE535
:109B900090E00E94F1630E94365C01E010E07E01DB
:109BA0009AE7E90EF11C87E9A82E8BE7B82E90E919
:109BB000C92E9BE7D92E802F0E9410B1B7010E94B9
:109BC000AA69019711F0F7011082992051F01F93B3
:109BD0000F93BF92AF920E94FEF80F900F900F90DC
:109BE0000F90FF92EF92DF92CF920E94FEF80F5FEC
:109BF0001F4F0F900F900F900F900B301105D9F65B
:109C00000E94F381D3950FB6F894DEBF0FBECDBF8F
:109C1000DF91CF911F910F91FF90EF90DF90CF9048
:109C2000BF90AF909F9008951E141F044CF3B5CFC2
:109C3000CF93DF9365EB75E233DE82EE9AE79F9375
:109C40008F930E94FEF88091B1360F900F90609133
:109C5000B525863109F050C085E290E00E94F1639D
:109C60009F938F930E94FEF882EB9AE39F938F93CA
:109C700085E09AE29F938F93CDE6DAE2DF93CF936C
:109C800080EC9AE79F938F930E94FEF88DB79EB762
:109C90000A960FB6F8949EBF0FBE8DBF80915630C6
:109CA000833008F455C080EA9AE70E94C7AE099055
:109CB0000020E9F7CE0189972AE28D36920710F449
:109CC0008DE69AE2FC0101900020E9F73197BF018F
:109CD000681B790B0E94B39AEDE6FAE2019000202E
:109CE000E9F73197AF014D565A4260E070E088E9DC
:109CF0009AE70E94419A2CC0811113C086E290E03D
:109D00000E94F1639F938F930E94FEF810926D2A38
:109D10000F900F90809156308330D0F081E79AE712
:109D200015C08F3119F488E290E002C087E290E01C
:109D30000E94F1639F938F930E94FEF80F900F9003
:109D400080915630833020F087E49AE70E94C7AEB6
:109D50000E94F38181E09AE2DF91CF910C948AAD69
:109D6000EF92FF920F931F93CF93DF931F92CDB784
:109D7000DEB78C0164EB75E293DDF801E855FF4F27
:109D800080819181892B09F49AC06FE37AE7C80139
:109D90000E942680892B09F492C08091B1368823D5
:109DA00021F08551823008F08AC06FE37AE7C8015C
:109DB0000E94F27F8C599F4FFC01EE0FFF1FE00FB6
:109DC000F11FE080F18002EB1AE3F801019000201E
:109DD000E9F740EB5CE34E1B5F0BB701C8010E9443
:109DE0006BF81092AF3CF80101900020E9F7329730
:109DF0008081803419F487E1808306C06CE37AE7C0
:109E000082EB9AE30E947EF780915630823058F0C0
:109E100088E29AE70E94C7AEC7010E94F99985E2DD
:109E20009AE70E942A9A8FEF99E20E9471AD81E031
:109E30009AE20E948AAD1091B13611112CC080E0D7
:109E40000E944CB1181619062CF481E00E944CB106
:109E5000898301C01982CE0101960E9475AE8111DD
:109E600001C0198280915630823050F00E946BAE52
:109E7000498150E060E070E082E09AE70E94419AF8
:109E800060E089816BDB882311F085E101C080E20D
:109E90000E9452BD14C060E07AE7C7010E9494F7A7
:109EA000892B69F4163159F480915630823020F0B4
:109EB00084ED99E70E94C7AE81E00E945EC10E94D6
:109EC000EA8182EB99E79F938F930E94FEF860915D
:109ED000B42589E290E00E94F1639F938F930E94E2
:109EE000FEF881E599E79F938F930E94FEF86091B9
:109EF000B4258AE290E00E94F1639F938F930E94C1
:109F0000FEF880E299E79F938F930E94FEF860919C
:109F1000B4258BE290E00E94F1639F938F930E949F
:109F2000FEF884E199E79F938F930E94FEF80E94C8
:109F3000F3810FB6F894DEBF0FBECDBF0F90DF9157
:109F4000CF911F910F91FF90EF90089561EB75E213
:109F5000A7DC0E94EA818091BE26811105C0609134
:109F6000B1258BE490E006C01092BB266091B1252C
:109F70008CE490E00E94F1639F938F930E94FEF81F
:109F80000F900F900C94F381CF93DF93EC016EEA66
:109F900075E286DC41E06091AE25CE0194DB88233A
:109FA000A9F0FE01E855FF4F80819181892B49F08E
:109FB00065E078E7CE010E942680892B11F080E0D1
:109FC00001C081E0DF91CF910C94BFB0DF91CF91C0
:109FD0000895CF93DF93EC016BEC75E261DC41E017
:109FE0006091CB25CE01DF91CF916DCB0F931F9365
:109FF000CF93DF931F92CDB7DEB78B01BE016F5FAA
:10A000007F4F0E9450639981911105C08DE2F80144
:10A010008083118211C04AE0B80190E00E948AF862
:10A020008981823048F0F8018181811105C0128256
:10A030008081818380E380830F90DF91CF911F9196
:10A040000F9108956F927F928F929F92AF92BF92DD
:10A05000CF92DF92EF92FF920F931F93CF93DF93F4
:10A06000CDB7DEB7CA57D1090FB6F894DEBF0FBE21
:10A07000CDBF80918A2690918B26019690938B2656
:10A0800080938A2689EB98E30E948AAD80E00E9443
:10A090007585CE0186589F4F0E946663882309F418
:10A0A00060C2EB968FADEB97863A09F456C168F41F
:10A0B000833A09F43EC028F49FEF980F9F3798F039
:10A0C0004EC2853A09F447C04AC28C3A09F412C21A
:10A0D00020F48A3A09F431C242C290E5980F9A30CE
:10A0E00008F445C13CC280915630823060F00E9435
:10A0F0006BAEEB964FADEB9750E060E070E088EF11
:10A100009CE90E94419A8091B1368111EFC181E0B2
:10A110000E9452BDEB968FADEB97880F80939F2CDA
:10A120008091CE2781111DC280919F2C8093CF27D3
:10A1300018C280915630823020F080ED9CE90E9458
:10A14000C7AE8091B136813009F0D0C186EA0E9455
:10A15000756282E0EFC18091B1368D3009F0BDC0EB
:10A1600080915630823020F087EA9CE90E94C7AE89
:10A170008EE00E9452BD81E08093D327CE018959A1
:10A180009F4F0E940A88AA965FADAA97AB964FADE3
:10A19000AB97E0968EAD9FADE097AE963FADAE9794
:10A1A000AD962FADAD971F925F931F924F939F93E4
:10A1B0008F931F923F931F922F9381EC92E99F936D
:10A1C0008F938E010F5F1F4F1F930F930E9425F9EE
:10A1D000809197278D7F0FB6F894DEBF0FBECDBF5D
:10A1E000813039F0809197278250823008F061C029
:10A1F0003BC06FE186E794E30E94B4636FE186E7BA
:10A2000094E30E94B4636FE186E794E30E94B46331
:10A2100062E086E794E30E94B46368E086E794E333
:10A220000E94B4636BE186E794E30E94B463F12C6F
:10A23000F80101900020E9F73197E01BF10B8F2D19
:10A2400090E08E179F0770F6F801E80FF91F63E0A2
:10A2500080810E9423608F3F29F0682F86E794E376
:10A260000E94B463F394E4CF97E0F92E6FE18DEA96
:10A2700099E30E94B463FA94F110F8CF62E08DEA9A
:10A2800099E30E94B46368E08DEA99E30E94B463A5
:10A290006BE18DEA99E30E94B463F801019000201C
:10A2A000E9F73197E01BF10B8F2D90E08E179F0798
:10A2B00020F083E08093A93954C1F801E80FF91F19
:10A2C00063E080810E9423608F3F29F0682F8DEA30
:10A2D00099E30E94B463F394E0CF853171F48091E7
:10A2E0005630823020F089E79CE90E94C7AE85EDA8
:10A2F00096E20E940A8886E11DC1893151F480915D
:10A300005630823020F08EE49CE90E94C7AE82E194
:10A3100011C1843351F480915630823020F084E2B0
:10A320009CE90E94C7AE85E305C1809198398823D6
:10A3300091F080915630823058F00E946BAE40917F
:10A34000B13650E060E070E082EE9BE90E94419AF5
:10A350001092983906C185EA02C180915630823048
:10A3600020F08AEB9BE90E94C7AE86EAF8C0809194
:10A370005630823080F00E946BAEEB964FADEB977B
:10A3800050E0405B5109052E000C660B770B86E907
:10A390009BE90E94419A8091B136823009F0A6C0B3
:10A3A000809158348111A2C0E0919227E11123C01D
:10A3B000EB968FADEB97803BF1F480915630823075
:10A3C00020F081E69BE90E94C7AE1092B23A8091DC
:10A3D000CB27882339F083EA0E94756281E080935D
:10A3E000983907C085EA0E9475628DEF99E20E9454
:10A3F0008AAD89E29FC020919327309194274091A4
:10A40000952750919627AAE0B0E00E941BF7EB96A3
:10A410002FADEB9730E0690140EBC41AD1080D2C49
:10A42000000CEE08FF08C60ED71EE81EF91EC092EB
:10A430009327D0929427E0929527F0929627EF5F8A
:10A44000E09392278BE297E20E948AAD10922D272B
:10A4500010922A272EE237E240E0C701B6010E949F
:10A460003EA08823D1F180919227853040F08091E1
:10A470005A2790915B27E1E08E27817001C080E030
:10A48000182F117080915630823070F00E946BAEA0
:10A4900040912E2750912F276091302770913127BE
:10A4A0008FE29BE90E94419A11110E9432C780916C
:10A4B0005A2780FF0EC061E08EE297E20E9475C7C6
:10A4C000882379F081E00E945EC181E080932D278E
:10A4D00008C081E080932A2704C08EE297E20E94A0
:10A4E000489F8BE297E20E948AAD3BC0EB968FAD0E
:10A4F000EB9735C080915630823020F082E19BE9A5
:10A500000E94C7AE8091B136833169F08091563098
:10A51000882321F08CEE9AE90E94C7AEEB968FADAE
:10A52000EB970E94C5AD1092B23A1092052A109294
:10A53000042A80E20E9452BD14C0809156308230BD
:10A5400020F082ED9AE90E94C7AE8091B13688234F
:10A5500081F38CEA0E9475620E94CCADEACF0E9422
:10A56000C5AD0E94A3AD882389F180919A2C90916A
:10A570009B2C81319E4050F180915630882321F0F0
:10A5800083EB9AE90E94C7AE6091AD3A80E190E01A
:10A590000E94F16361E00E94ADBC81E00E945EC157
:10A5A00081E0809357348091AA399091AB398E3FE6
:10A5B00021E0920758F4FC01EE54F94C23E020838B
:10A5C00002969093AB398093AA39118286E890E085
:10A5D0000E94628E8C01019609F4B0C080915630C1
:10A5E000823038F10E94279B0E946BAEA801012E99
:10A5F000000C660B770B8DE992E90E94419A82E686
:10A60000809F7001819FF00C1124F701E355F14DFB
:10A6100066817781808591850E94799A85E992E9A2
:10A620000E942A9AC7018153914D0E94999A0E94D3
:10A630002C9B909158348091563091111BC0909171
:10A64000B136911111C0823040F00E94279B88E8FA
:10A6500092E90E942A9A0E942C9B1093323D00930B
:10A66000313D0E942CC16AC0882309F43FC083E7B2
:10A6700092E93AC09230A1F52091313D3091323DBE
:10A680002F3F3F4F69F592E6909FF001919FF00DAB
:10A690001124E355F14DC680D780E084F1844091C8
:10A6A000F7295091F8296091F9297091FA29C41677
:10A6B000D506E606F70679F4882321F089E592E9C4
:10A6C0000E942A9A1093323D0093313D81EF99E226
:10A6D0000E948AAD33C0882349F083E392E904C025
:10A6E000882321F08EE192E90E942A9A80915630C7
:10A6F000823020F082EF91E90E942A9A8091FB2912
:10A700009091FC298F3FEFEF9E0711F00C940DE81C
:10A710001093FC290093FB298FEE99E20E948AADE9
:10A720008091B13621E08F3111F00C941BE844EB9D
:10A7300051E965E070E0C8010E9466958091B136EC
:10A74000803291F480915B3490915C34892B61F07C
:10A7500080915630823020F08AE591E90E94C7AEA0
:10A7600010925C3410925B348091313D9091323D77
:10A770008F3FFFEF9F0709F46DC00E948D8E8111FE
:10A7800069C080915B3490915C34892B09F062C080
:10A790008091AE3A813021F080F0823079F50DC0A1
:10A7A00080915734811109C0809156308823E9F196
:10A7B00082E291E90E94C7AE38C080915630823063
:10A7C00040F00E94279B8EEE90E90E94C7AE0E9447
:10A7D0002C9B109258341092F7291092F82910925D
:10A7E000F9291092FA29109257341092AB3910922D
:10A7F000AA3910925C3410925B3417C080915734A0
:10A80000811103C084EC90E906C0809156308230FB
:10A8100020F080E990E90E94C7AE8091B136833381
:10A82000C1F680E20E9452BDD4CF8091313D90911B
:10A83000323D0E949C8E89E594E30E948AAD83EFAD
:10A8400099E20E948AAD8FEF9FEF9093323D809303
:10A85000313DEFC28091313D9091323D019609F436
:10A86000E0C0809157348823D1F181EF99E20E94B2
:10A8700095AD8739910560F18091AA399091AB39F6
:10A88000892B31F580915B3490915C34892B01F5F3
:10A8900080915630823020F080E790E90E94C7AE68
:10A8A0008091313D9091323D0E949C8E8FEF9FEFC1
:10A8B0009093323D8093313D109258341092F72995
:10A8C0001092F8291092F9291092FA29109257340F
:10A8D0008091313D9091323D019609F4A2C0809162
:10A8E0005B3490915C348115924008F09AC089E500
:10A8F00094E30E948AAD8091313D9091323D0E9457
:10A90000A7968C01181619060CF08BC080915B3449
:10A9100090915C34800F911F8130924048F180917A
:10A9200056308823C1F00E946BAEA801110F660B50
:10A93000770B8AE390E90E94419A80915B34909171
:10A940005C3440E052E0481B590B60E070E087E265
:10A9500090E90E94419A80915B3490915C3440E090
:10A9600052E08A01081B190B101611060CF059C091
:10A9700040915B3450915C3446555B4CB8018091FA
:10A98000313D9091323D0E940F967C01E0915B3405
:10A99000F0915C34E655FB4C8081883011F00E94C8
:10A9A0002F9B80915630843078F10E94279B0E9423
:10A9B0006BAEA801110F660B770B82E190E90E9444
:10A9C000419AA7010F2C000C660B770B8EE090E9E3
:10A9D0000E94419A1E141F044CF480915B349091A4
:10A9E0005C34B70186559B4C0E94B39A40915B340E
:10A9F00050915C344E0D5F1D60E070E08CEF9FE87D
:10AA00000E94419A0E942C9B1E141F0454F48091B2
:10AA10005B3490915C34E80EF91EF0925C34E09265
:10AA20005B3480915834882309F488C08091AE3A11
:10AA3000813049F581E09CE20E9495AD80399140DA
:10AA400010F18091AA399091AB39892BE1F4809172
:10AA5000D227811118C080915734811114C0809180
:10AA6000313D9091323D019671F01092B2361092C4
:10AA7000B33682E090E09093AB398093AA3981E0BD
:10AA80009CE20E948AAD80915834813009F056C012
:10AA90008091313D9091323D019609F056C08091F0
:10AAA000AA399091AB39892B09F431C1809157347F
:10AAB00081112DC183EF99E20E9495AD893C9105EA
:10AAC000E8F14091F5295091F6296091F7297091AC
:10AAD000F8298091F9299091FA290E9414979C01F4
:10AAE0009093323D8093313D909156302F3F3F4FB0
:10AAF00089F4992321F084ED9FE80E94C7AE8FEF7F
:10AB00009FEF9093323D8093313D83EF99E20E9415
:10AB10008AAD8FC1992371F00E946BAE4091313D97
:10AB20005091323D052E000C660B770B86EA9FE8AC
:10AB30000E94419A81EF99E20E948AAD8091313D55
:10AB40009091323D019609F4E2C08091AA3990912A
:10AB5000AB39892B09F4DBC08091D22781111CC04D
:10AB6000E090AA39F090AB39F1E4EF16F10418F057
:10AB700010E4E12EF12C20E042EB56E3B701809186
:10AB8000313D9091323D0E9466958C018091563006
:10AB9000843008F445C008C083EF99E20E9495AD67
:10ABA00087399105E8F6B3C00E946BAEA70160E05B
:10ABB00070E081E99FE80E94419AB70182EB96E339
:10ABC0000E94B39AA801012E000C660B770B85E852
:10ABD0009FE80E94419A101611067CF44091AA3910
:10ABE0005091AB390417150740F4401B510B60E03E
:10ABF00070E08BE79FE80E94419A4091D7275091DF
:10AC0000D82760E070E080E79FE80E94419A409179
:10AC1000D72750E060E070E088E69FE80E94419A04
:10AC2000101611060CF453C08091D2278F5F8093C9
:10AC3000D2278A3008F448C090915734809156301A
:10AC4000992339F1882321F080E29FE80E94C7AE62
:10AC50008091313D9091323D0E949C8E8FEF9FEF0D
:10AC60009093323D8093313D109258341092F729E1
:10AC70001092F8291092F9291092FA29109257345B
:10AC80001092AB391092AA3910925C3410925B3456
:10AC90001BC0882321F08EEC9EE80E94C7AE609115
:10ACA000AD3A81E090E00E94F16362E00E94ADBCA9
:10ACB0008091313D9091323D0E949C8E8FEF9FEFAD
:10ACC0009093323D8093313D83EF99E21EC0E09036
:10ACD000AA39F090AB390E151F0578F4E01AF10A85
:10ACE000B8016E54794CA70182EB96E30E9407F8F5
:10ACF000F092AB39E092AA3904C01092AB391092AD
:10AD0000AA391092D22781EF99E20E948AAD0E945F
:10AD1000A3AD8823B9F08091AE3A823099F4809146
:10AD2000313D9091323D22E6289FF001299FF00DA0
:10AD30001124E355F14D8081803121F48EE190E0C2
:10AD4000978B868B80915834882391F18091313D87
:10AD50009091323D019661F589E594E30E9495ADAD
:10AD6000883B9B4028F180915630882321F084E96C
:10AD70009EE80E94C7AE6091AD3A82E090E00E94EA
:10AD8000F16362E00E94ADBC1092583410925734C7
:10AD90001092F7291092F8291092F9291092FA29A5
:10ADA0001092AB391092AA3910925C3410925B3435
:10ADB0008091FB299091FC298F3F4FEF9407C9F1B7
:10ADC0000E948D8E811114C080915630823020F007
:10ADD0008EE59EE80E94C7AE8091FB299091FC29E8
:10ADE0000E949C8E8FEF9FEF9093FC298093FB290C
:10ADF0008091FB299091FC290196D9F08FEE99E280
:10AE00000E9495AD8C329140A0F0809156308230F6
:10AE100020F087E39EE80E94C7AE8091FB299091C5
:10AE2000FC290E949C8E8FEF9FEF9093FC298093CA
:10AE3000FB298091B1368B3089F560915B3470913C
:10AE40005C346530710550F124E030E042E35EE8A7
:10AE50008AEA94E30E94E1F7892B01F18091563050
:10AE6000823090F00E946BAE89E99AE90E942A9A9A
:10AE700060915B3470915C348AEA94E30E94B39AE7
:10AE800086E99AE90E942A9A10925C3410925B3407
:10AE900081E08093573480E20E9452BD8091583403
:10AEA000811110C08091B136843041F095EF980F38
:10AEB000943020F08353833008F099C180E00E94E1
:10AEC0005EC195C18091AE3A813009F498C018F006
:10AED000823009F085C180915B3490915C34892B7C
:10AEE00011F00E94CCC18DEA99E30E94E263082F21
:10AEF00010E00115110541F08FEF99E20E9471AD4C
:10AF0000053111059CF407C086E794E30E948F6326
:10AF100081116DC1F1CF012B09F469C185E09CE27B
:10AF20000E9495AD8035910508F461C110E000E400
:10AF3000B5E2FB2E2FC08091AA399091AB39833FA7
:10AF4000914070F58DEA99E30E94D16369EA79E353
:10AF50000E9408602091AA393091AB39F901EE5472
:10AF6000F94C873019F5F082F901EE54F94C8081E3
:10AF7000882381F02F5F3F4F3093AB392093AA395C
:10AF80008091D7279091D82701969093D8278093C6
:10AF9000D7271F5F8DEA99E30E948F63882359F2B8
:10AFA00080915630833009F016C106C0873111F404
:10AFB0000083DACF8083D8CF112309F40CC10E941B
:10AFC0006BAE4091D7278091D427481B50E060E0BA
:10AFD00070E088E29EE80E94419A412F50E060E0D4
:10AFE00070E084E29EE80E94419A4091D72750E0A9
:10AFF00060E070E08EE19EE80E94419AECC0809192
:10B000005B3490915C34892B11F00E94CCC18DEAA5
:10B0100099E30E94E263082F10E00115110541F049
:10B020008FEF99E20E9471AD0531110594F407C0CC
:10B0300086E794E30E948F63882391F389C0012BF4
:10B0400009F486C085E09CE20E9495AD80359105AB
:10B0500048F08091AA399091AB39823F914008F035
:10B0600077C007C09091D7278091D427981370C0DC
:10B07000F0CF8DEA99E30E94E263082F10E08091FF
:10B08000AA399091AB3923EF31E0281B390B2333D8
:10B09000310510F022E330E02017310708F4890170
:10B0A00080915630833001F50E946BAE4091D727D6
:10B0B0008091D427481B50E060E070E08FEA9BE865
:10B0C0000E94419AA80160E070E08BEA9BE80E9430
:10B0D000419A8091D727A801480F511D60E070E088
:10B0E00085EA9BE80E94419A8091AA399091AB39F8
:10B0F000FC01EE54F94C22E0208302969093AB3988
:10B100008093AA3901838091D7279091D827800F07
:10B11000911F9093D8278093D72701151105A9F087
:10B12000E090AA39F090AB39C70101969093AB3902
:10B130008093AA398DEA99E30E94D163F701EE5416
:10B14000F94C808301501109E8CF81E08093D32727
:10B150008091B1368E3019F0843009F048C080916A
:10B16000D327882329F080915734882349F03FC0A2
:10B1700081E09CE20E9495AD8F359140A0F737C0E9
:10B180008091D227811133C08091AA399091AB3937
:10B19000823FE1E09E0758F52091313D3091323DEC
:10B1A0002F3F3F4F21F18C010E54194C26E0F8013E
:10B1B000208321E0218303969093AB398093AA39B1
:10B1C000F090D52786E794E30E94E263F81AF8012D
:10B1D000F2821092D32781E09CE20E948AAD07C0E0
:10B1E0008EE79AE90E94C7AE82E08093AE3A8091E2
:10B1F000B136823019F586E794E30E948F6381119E
:10B200001DC080915630823020F083E49AE90E947C
:10B21000C7AE8091CB27882339F083EA0E947562FC
:10B2200081E08093983907C085EA0E9475628DEFAE
:10B2300099E20E948AAD84E00E9452BD8091B136AD
:10B240008C3009F049C08091D0270E9493AF8823A9
:10B2500021F183EA0E9475628DE00E9452BD8091C7
:10B2600056308230A8F00E946BAE4091D02750E05B
:10B2700060E070E081E39AE90E94419A40919F2C3E
:10B28000469550E060E070E08EE19AE90E94419AB4
:10B2900085ED96E20E940A881FC08091563088236F
:10B2A00059F00E946BAE4091D02750E060E070E012
:10B2B0008EEF99E90E94419A6091AD3A8FE090E05B
:10B2C0000E94F16361E00E94ADBC8AEF99E90E949F
:10B2D00010AF80E20E9452BD8091B136893209F0F0
:10B2E000C2C002E017E2E2EBEE2EEAE3FE2EFEE041
:10B2F000DF2EA0E2CA2E8DEA99E30E948F638111AE
:10B30000B2C08DEA99E30E94D16369EA79E30E94B1
:10B310000860F80101900020E9F731979F01225061
:10B320003742B22E8D3019F08A3009F071C0BB203F
:10B3300011F380EE99E90E94C7AE82E097E20E9485
:10B34000F9994B2D50E060E070E083ED99E90E949F
:10B35000419A60ED79E982EB9AE30E947EF7F2E090
:10B36000FB1568F06091AD3A83E190E00E94F163D3
:10B37000BC0182EB9AE30E947EF782E146C085EC35
:10B3800099E90E94FCC6882349F18AE0898389E211
:10B390008A8348E250E062E077E2CE0104960E94A0
:10B3A0007BF881E08B8320E0AE014F5F5F4F6BE263
:10B3B00070E08091B5269091B6260E9466958AE24B
:10B3C0000E9452BD6091AD3A82E190E00E94F1632B
:10B3D000BC0182EB9AE30E947EF745C06091AD3AD2
:10B3E00083E090E00E94F163BC0182EB9AE30E944B
:10B3F0007EF76091AD3A85E190E00E94F163BC0177
:10B4000082EB9AE30E947EF78BE20E9452BD2BC032
:10B41000873171F4F70101900020E9F73197E25B81
:10B42000FA43FF27EE54F54CD082C182128263CFDB
:10B43000803208F460CF833209F45DCF46E24217D0
:10B4400008F459CF803219F4222309F454CFF901BA
:10B45000FF27EE5FF84D80832F5FE22FF0E0EE5F75
:10B46000F84D108248CF8091B1368B52823008F06F
:10B47000A4C002EB1AE37E0195E0E90EF11C68EB33
:10B48000C62E69E9D62E72EBA72E79E9B72E8091E8
:10B49000B23A811192C0BE016F5F7F4F86EF96E294
:10B4A0000E9431A181111EC08091B1366091AD3AE8
:10B4B0008B3259F488E190E00E94F163BC0182EB89
:10B4C0009AE30E949DF789E20AC087E190E00E941A
:10B4D000F163BC0182EB9AE30E949DF782E10E9436
:10B4E00052BD6BC0BE016F5F7F4F82E097E20E944A
:10B4F000FCA3882361F28FA5882349F28CE20E9485
:10B5000052BDF80101900020E9F7FF92EF922C81E3
:10B510002F932B812F932A812F9329812F93DF92B1
:10B52000CF92CF0101979F938F930E9425F90FB679
:10B53000F894DEBF0FBECDBF8FA5853028F48330D1
:10B5400050F5813098F109C0853039F0863071F5B9
:10B550006091AD3A82E790E022C06F962FAD6F9771
:10B560002223A1F0F80101900020E9F71F922F9308
:10B57000BF92AF92CF0101979F938F930E9425F9BD
:10B580000F900F900F900F900F900F906091AD3A29
:10B5900081E790E004C06091AD3A80E790E00E94BE
:10B5A000F163BC0182EB9AE30E947EF76FEA79E9CE
:10B5B00082EB9AE30E947EF76ACF8091B1368230A7
:10B5C00089F480912D27811112C0809192278530B6
:10B5D00070F08BE297E20E9495AD883C910510F0E7
:10B5E0000E9432C78091B136823009F041C08BE2AF
:10B5F00097E20E9495AD843F9140E0F080912A2728
:10B600008823C1F080915834811114C080915C2747
:10B61000882381F010922A2760E08EE297E20E9450
:10B6200075C7823039F489E393E20E9443C081E018
:10B630000E945EC18091B1368230D1F48BE297E2F4
:10B640000E9495AD8C3D954098F0809158348111C1
:10B650000FC080915630882321F087E899E90E9435
:10B66000C7AE8DE393E20E9443C081E00E945EC1B9
:10B670008091B136833191F483E09CE20E9495ADD4
:10B680008D32914058F080915630882321F087E523
:10B6900099E90E94C7AE80E20E9452BD8091B13606
:10B6A0008D30B1F483E09CE20E9495AD893B9B40D4
:10B6B00078F080915630882321F085E299E90E9444
:10B6C000C7AE81E00E945EC181E299E90E9410AF9D
:10B6D0000E94A3AD8823B1F08FEF99E20E947CAD68
:10B6E000CD9780F080915630882321F08AEF98E939
:10B6F0000E94C7AE81E00E945EC10E94CCAD80E294
:10B700000E9452BD8091B036882309F4B2C0909156
:10B71000B136923109F494C09F3109F480C091117F
:10B72000A6C0813011F48FE17DC08091CD278111B9
:10B7300003C081E08093CD276091AD3A89E190E02C
:10B740000E94F163BC0182EB9AE30E949DF702EB39
:10B750001AE3F80101900020E9F7AF0141505109C7
:10B7600060911722709118228091192290911A22CB
:10B770000E94A77567EF78E9C8010E947EF7CE01A5
:10B7800001960E940A886091AD3A8AE190E00E9499
:10B79000F163F80101900020E9F79F938F93CF01A7
:10B7A00001979F938F930E9425F96A815B814C8159
:10B7B000888599853F812E81F80101900020E9F765
:10B7C0001F926F931F925F931F924F939F938F933C
:10B7D0001F923F931F922F9385ED98E99F938F932C
:10B7E0008F01015011091F930F930E9425F90FB685
:10B7F000F894DEBF0FBECDBF02EB1AE3F801019053
:10B800000020E9F73197E25BFA43E93CF14078F533
:10B8100060EA78E982EB9AE30E947EF7EFCF81300D
:10B8200021F480E20E9452BD22C081E00E946C851A
:10B830000E9422A581E00E9475850E94FB9817C096
:10B8400080915630823020F081E798E90E94C7AE9F
:10B850000E9429B183E10E9452BD1092B23A109227
:10B86000052A1092042A86E794E30E948B631092C3
:10B87000B0368091B136811162C002EB1AE380913B
:10B88000B23A81115CC08091E139882309F457C034
:10B89000909191268091A93A891708F44AC0809125
:10B8A0005D348093A5396091AD3A8BE190E00E94C0
:10B8B000F163BC01C8010E949DF7F80101900020CE
:10B8C000E9F7BF01615071098091A02C0E94F6CF69
:10B8D0006EE678E9C8010E947EF7F8010190002029
:10B8E000E9F740EB5CE34E1B5F0B61EE79E3C801C7
:10B8F0000E946BF81092AC3C69E678E9C8010E949E
:10B900007EF7809156308250823098F489E598E92C
:10B910000E94C7AEF80101900020E9F73197BF01FE
:10B92000625B7A43C8010E94B39A86E598E90E9457
:10B930002A9A1092E1391092912610925D348091EA
:10B94000B13681112DC08091B23A882349F180919E
:10B9500056308230A8F084E498E90E94C7AEE2EB4A
:10B96000FAE301900020E9F73197BF01625B7A4367
:10B9700082EB9AE30E94B39A81E498E90E942A9AA2
:10B9800061E08091A5390E94AECA882331F089E137
:10B990000E9452BD1092A53903C080E20E9452BDA0
:10B9A0000E941EC98091B136863109F053C08DEADC
:10B9B00099E30E948F6381110FC08DEA99E30E9481
:10B9C000D16369EA79E30E9408600E9447AF8FEF74
:10B9D00099E20E9471ADEBCF8091B23A81113AC0E9
:10B9E0008091052A811136C08091B13A811132C00F
:10B9F00086E794E30E948F63882361F18DEA99E3DF
:10BA00000E948F63882331F18091313D9091323DC6
:10BA1000019631F080915B3490915C34892BD1F4A4
:10BA200081E09AE20E9495AD883B9B4048F080916E
:10BA30005630823060F088E198E90E94C7AE07C0B6
:10BA40008FEF99E20E947CAD4E9788F703C081E0AA
:10BA50000E945EC18091B1368231F9F48091B23A90
:10BA600081113EC08091052A81113AC08091B13A7E
:10BA7000811136C086E794E30E948F63882369F0C2
:10BA800080915630823020F08FEE97E90E94C7AE49
:10BA90000E9429B183E10E9452BD8091B13680326B
:10BAA000F9F48091313D9091323D0196C9F4809135
:10BAB0005834811115C080915630823040F00E9478
:10BAC000279B80EB97E90E94C7AE0E942C9B1092A7
:10BAD0009F2C80E00E9452BD82E996E20E94D6B47B
:10BAE0008091E9299091EA298F3F3FEF930709F46C
:10BAF0008CC00E94A7968C01181619060CF085C000
:10BB0000E12C52E0F52E8091E3279091E427F70194
:10BB1000E81BF90B0E171F0740F180915630882360
:10BB2000B9F00E946BAEA801110F660B770B86E38C
:10BB30009BE80E94419A8091E3279091E427A70116
:10BB4000481B590B60E070E083E29BE80E94419A39
:10BB50008091E3279091E42740E052E08A01081B9E
:10BB6000190B101611060CF050C04091E3275091AC
:10BB7000E4274B51584DB8018091E9299091EA2969
:10BB80000E940F967C0180915630853030F48430CD
:10BB900079F58091E527882359F10E946BAEA801C1
:10BBA000110F660B770B88E09BE80E94419AA70172
:10BBB0000F2C000C660B770B84E09BE80E94419AE7
:10BBC0001E141F044CF48091E3279091E427B701E1
:10BBD0008B51984D0E94B39A4091E3275091E427EE
:10BBE0004E0D5F1D60E070E082EF9AE80E94419A7E
:10BBF0001E141F0454F48091E3279091E427E80E6B
:10BC0000F91EF092E427E092E3270091E3271091D8
:10BC1000E4270115110509F4F7C08091E527843068
:10BC200009F498C038F4882309F482C0833009F4F9
:10BC300093C0B3C0823819F0833869F1AEC08091E7
:10BC4000EB29813019F482E08093EB298DED97E2A6
:10BC50000E948AAD0230110530F00091E62710E015
:10BC60000E5F1F4F02C001E010E01092E9268091A4
:10BC7000D927882359F06091AD3A84E090E00E9482
:10BC8000F16361E00E94ADBC1092D9278AED97E282
:10BC90000E9471AD9DC090915834809156309111A1
:10BCA0002AC09091B136911126C0823020F081EBEC
:10BCB0009AE80E94C7AE84E88093E5271092E627B1
:10BCC00082E090E09093E4278093E3270E94EFAF17
:10BCD0008091E9299091EA299093323D8093313DFA
:10BCE0008FEF9FEF9093EA298093E9291092EB2937
:10BCF0000E942CC163C2823020F080E79AE80E9443
:10BD0000C7AE84E08093E52783E08093E6278FE643
:10BD10008093E72783E68093E8278093E92785E0EF
:10BD200090E09093E4278093E32700E010E050C078
:10BD30008DED97E20E948AAD8AED97E20E9471AD87
:10BD40000230110508F442C00091E62710E00E5FB2
:10BD50001F4F3EC00E943DBD80915630823020F082
:10BD600085E49AE80E94C7AE0091E3271091E4278A
:10BD70008091E9299091EA290E949C8E8FEF9FEF94
:10BD80009093EA298093E92981EE97E20E948AAD97
:10BD90001092EB290E94D0AE1BC0809156308823B0
:10BDA00081F085E19AE80E94C7AE6091E327709127
:10BDB000E42785EE97E20E94B39A8FEF99E80E94FC
:10BDC0002A9A0091E3271091E42702C001E010E0D5
:10BDD0004091E3275091E4270417150728F01092AB
:10BDE000E4271092E32710C0101611066CF4401BD4
:10BDF000510B5093E4274093E327B8016B51784DE2
:10BE000085EE97E20E9407F88091E9299091EA294E
:10BE10008F3FFFEF9F0739F10E948D8E811123C064
:10BE200080915630823078F08091EB29843029F46B
:10BE300080ED99E80E94C7AE06C08DE999E80E949E
:10BE4000C7AE0E94D0AE8FEF9FEF9093EA29809308
:10BE5000E9291092EB2981EE97E20E948AAD1092B7
:10BE6000E4271092E3278091EB29823059F48DED7D
:10BE700097E20E9495AD8C3A9D4068F083E08093F4
:10BE8000EB2910C0813039F48DED97E20E9495AD19
:10BE9000843C994098F78091E3279091E427892B7F
:10BEA00009F08CC19091B1368091EB29911107C0B6
:10BEB0009091EC29992319F0833009F069C08B7FA8
:10BEC00009F452C080915630823020F083E899E81E
:10BED0000E94C7AE8091B136882321F09091EC2961
:10BEE00091110FC083E08093E52782E08093E627DD
:10BEF0008EE68093E72783E68093E82784E090E04E
:10BF00001EC08F3169F483E08093E5278093E62794
:10BF100081E68093E72782E68093E82783E70BC0DA
:10BF200083E08093E5278093E6278FE68093E727D9
:10BF300083E68093E8278093E92785E090E090935B
:10BF4000E4278093E32784E08093EB2981EE97E256
:10BF50000E948AAD8DED97E20E948AAD8CE291E05D
:10BF60009093E0278093DF278091EB2981110CC00B
:10BF700081EE97E20E948AAD8DED97E20E948AAD34
:10BF80008AED97E20E9471AD8091B1368111DCC0DB
:10BF90008091EC29882309F4D7C08091EB29811185
:10BFA000D3C081EE97E20E9495AD2091DF273091BA
:10BFB000E0278217930708F4E2C08091D927811106
:10BFC00012C08AED97E20E947CADCC9760F0609140
:10BFD000AD3A83E090E00E94F16361E00E94ADBC65
:10BFE00081E08093D9278091DC2718E2189FC00157
:10BFF00011248754934C0E943B756115710581058E
:10C00000910549F48091DC27189FC00111248754C1
:10C01000934C0E9422726F3F4FEF7407840794077E
:10C02000F9F480915630882391F089E699E80E94CE
:10C03000C7AE8091DC27E8E28E9FC00111248754AF
:10C04000934C0E94F9998CE599E80E942A9A8FEF07
:10C050009FEF9093EA298093E9290E94D0AEAAC06D
:10C0600043E551EC0E9414978C019093EA29809348
:10C07000E92981EE97E20E948AAD809156300F3F08
:10C080001F4FE9F4882391F08BE499E80E94C7AE32
:10C090008091DC2728E2829FC00111248754934CB1
:10C0A0000E94F9998AE299E80E942A9A8FEF9FEFFD
:10C0B0009093EA298093E9290E94D0AE7FC0823014
:10C0C00090F08BE199E80E94C7AE8091DC2738E2BE
:10C0D000839FC00111248754934C0E94F99982E0F8
:10C0E00099E80E942A9A81E88093E52786E0809368
:10C0F000E6278091F2269091F326A091F426B09144
:10C10000F5268093E7279093E827A093E927B0933B
:10C11000EA278091F0269091F1269093EC27809366
:10C12000EB2788E090E09093E4278093E32781E079
:10C130008093EB298DED97E20E948AAD8CE291E02D
:10C140009093E0278093DF278091EB298230B9F428
:10C150008091E3279091E427892B89F481EE97E27F
:10C160000E9495AD8C3D954050F01092E5271092BD
:10C17000E62782E090E09093E4278093E3270E94F3
:10C18000EFAF8091EB298430C9F481EE97E20E94F1
:10C1900095AD8D32914090F08091E9299091EA29F6
:10C1A0000E949C8E8FEF9FEF9093EA298093E9295C
:10C1B0001092EB2981EE97E20E948AAD8091AF2622
:10C1C000882309F474C24091F2265091F3266091BD
:10C1D000F4267091F526403157426105710508F447
:10C1E00066C2813009F06EC08091B136882319F0A3
:10C1F0008F3109F067C0C090B526D090B6262FEFDA
:10C20000C216D20609F05EC08BE997E90E94FCC60F
:10C2100081110EC08FE090E00E9470BC2AE530E0F2
:10C22000281B390B3093B1262093B02685E044C0FB
:10C2300081E0898388E08A838091F2269091F326B9
:10C24000A091F426B091F5268B839C83AD83BE83A9
:10C250008091F0269091F12698878F838091EE2629
:10C260009091EF269A87898720E0AE014F5F5F4F5C
:10C270006AE070E08091B5269091B6260E9466959E
:10C280007C010A8110E00E5F1F4F8017910779F043
:10C290008091B5269091B6260E949C8ED092B626AB
:10C2A000C092B5268091B42690E00E94DBC5E016CE
:10C2B000F10609F0AFCF82E08093AF2682EB96E2E1
:10C2C0000E9471AD8091A1268111F0C08091A726B6
:10C2D0009091A826019609F09EC18091AB2690917D
:10C2E000AC26892B09F497C18091AF268350823008
:10C2F00020F08DEA96E20E948AAD8091B1368823C3
:10C3000031F08F3121F08DEA96E20E948AAD809162
:10C31000313D9091323D019651F48091B526909136
:10C32000B626019621F48091E139882321F08DEA27
:10C3300096E20E948AAD8DEA96E20E9495AD209128
:10C34000A9263091AA262817390708F064C1C090A1
:10C35000EA26D090EB26E090EC26F090ED26C11472
:10C36000D104E104F10421F483E08093A1269EC06E
:10C370008091822690918326A0918426B091852673
:10C3800020918A2630918B26822793279093A62688
:10C390008093A526892B31F481E090E09093A62626
:10C3A0008093A5261092A4261092A32682E996E2F5
:10C3B0000E94CDB44091EE265091EF26C701B60100
:10C3C0000E9414979093A8268093A7268F3FFFEF93
:10C3D0009F07A1F480915630882321F08EE697E9DB
:10C3E0000E94C7AE8FEF9FEF9093A8268093A72659
:10C3F0008091A2268F5F8093A2263EC028E02983E9
:10C4000022E02A832091A5263091A6263B832C8307
:10C4100021E02093A12620E0AE014F5F5F4F64E052
:10C4200070E00E946695209156300497B9F425304B
:10C4300010F40E941F9B0E94279B0E946BAE4091AC
:10C44000A7265091A826052E000C660B770B8EE3CD
:10C4500097E90E94419A0E942C9B10C0222321F050
:10C4600086E197E90E94C7AE8091A2268F5F8093F4
:10C47000A22682E08093A126109294268DEA96E26D
:10C480000E948AAD8091AB269091AC2624E6289F2D
:10C490008001299F100D112487E090E00E9470BC5C
:10C4A000081B190B1093AA260093A9268091A12698
:10C4B000813009F0B0C02091A3263091A426211527
:10C4C000310509F458C04091A5265091A6268091C7
:10C4D00056302417350791F5833040F00E94279B92
:10C4E0008AEE96E90E94C7AE0E942C9B809156303E
:10C4F000853010F40E94349B1092A2268091AB26C6
:10C500009091AC2624E6289F8001299F100D1124CC
:10C510008FE390E00E9470BC081B190B1093AA26B1
:10C520000093A9268091AF268430E9F484EC96E943
:10C530000E94C7AE83E08093AF2615C0882321F008
:10C540008AE996E90E94C7AE8091A2268F5F809308
:10C55000A22687E390E00E9470BC8C509E4F90937F
:10C56000AA268093A9268DEA96E20E948AAD82E0EF
:10C570008093A12650C08091B136882329F18F3154
:10C5800019F18B3009F180915630882321F088E62B
:10C5900096E90E94C7AE8DEA96E20E948AAD80912C
:10C5A000AB269091AC2624E6289F8001299F100D90
:10C5B00011248FE390E00E9470BC081B190B1093AC
:10C5C000AA260093A92622C08DEA96E20E9495AD84
:10C5D000853F9140B0F180915630882321F082E46C
:10C5E00096E90E94C7AE8091A2268F5F8093A22613
:10C5F0008DEA96E20E948AAD87E390E00E9470BCCB
:10C6000088519C4F9093AA268093A92682E080931C
:10C61000A126109294268091A126823091F48091D7
:10C62000A7269091A8260E949C8E8FEF9FEF909353
:10C63000A8268093A7261092A1268DEA96E20E9452
:10C640008AAD8091A126811120C09091A2269330BD
:10C65000E0F08091AF26833021F491E09093AF26F3
:10C6600012C0983090F0843081F41092AC26109271
:10C67000AB266091AD3A8CE190E00E94F16361E0FD
:10C680000E94ADBC83E08093A12682EB96E20E94DB
:10C690007CAD2091B0263091B1268217930738F0F7
:10C6A0008091AF26823019F081E08093AF2680918F
:10C6B000A7269091A8268F3F3FEF930791F10E9404
:10C6C0008D8E81112EC080915630882321F08FE00D
:10C6D00096E90E94C7AE8091A7269091A8260E9455
:10C6E0009C8E8FEF9FEF9093A8268093A7261092A1
:10C6F000A1268DEA96E20E948AAD8091AB269091A8
:10C70000AC2624E6289F8001299F100D112487E084
:10C7100090E00E9470BC800F911F9093AA26809396
:10C72000A9268091B5269091B6268F3F4FEF9407AA
:10C7300009F4ADC20E94A7968C018091B526909114
:10C74000B6260736110518F14DEC55E266E670E0A5
:10C750000E940F967C0180915630882309F465C2AF
:10C760000E946BAEA801110F660B770B80ED95E967
:10C770000E94419A1E141F042CF4B7018DEC95E21F
:10C780000E94B39A8CEA95E90E942A9A4EC201153A
:10C79000110509F456C24DEC55E2B8010E940F96FE
:10C7A0007C01809156308430F8F00E946BAEA80175
:10C7B000110F660B770B8CE895E90E94419AA7014F
:10C7C0000F2C000C660B770B88E895E90E94419AC4
:10C7D0001E141F042CF4B7018DEC95E20E94B39A4D
:10C7E00085E895E90E942A9A8091CD25853049F106
:10C7F00030F4823009F43FC1843041F0F4C1893013
:10C8000009F496C18F3F09F49DC1EDC18091563066
:10C81000823020F089E595E90E94C7AE8091CC274F
:10C82000882349F06091AD3A8EE190E00E94F16377
:10C8300064E00E94ADBC8091B1368A3209F0F5C146
:10C84000A7C180915630823090F08DE295E90E9428
:10C85000C7AE609126267091272680912826909158
:10C8600029260E94799A8AE295E90E942A9A809163
:10C87000B136823009F0CAC080915C27882309F163
:10C8800000912E2710912F272091302730913127AA
:10C890004091CF255091D0256091D1257091D2251E
:10C8A000041715072607370719F081EF94E906C02A
:10C8B00090915A2790FF05C08AEB94E90E94C7AE79
:10C8C000B0C1C0902F26D0903026E0903126F09055
:10C8D000322680908E2790908F27A0909027B0903E
:10C8E00091278C149D04AE04BF0410F0811162C026
:10C8F0008091CF259091D025A091D125B091D225BE
:10C9000080932E2790932F27A0933027B093312721
:10C9100080913227811108C048E250E063ED75E252
:10C9200082E397E20E947BF88091FB259091FC25A1
:10C9300090935B2780935A278091FD2580935C27F5
:10C9400048E250E06EEF75E28DE597E20E947BF8D9
:10C950008091262690912726A0912826B0912926FD
:10C960008093852790938627A0938727B093882765
:10C9700080912A2690912B2690938A27809389274D
:10C9800080912C2680938B278C149D04AE04BF04C9
:10C9900040F4C0928E27D0928F27E0929027F09299
:10C9A000912762E08EE297E20E945FA0082F880F35
:10C9B000110B02C000E010E080915834811141C099
:10C9C0004091CF255091D0256091D1257091D225ED
:10C9D0008091932790919427A0919527B0919627C5
:10C9E000481759076A077B0761F561E08EE297E215
:10C9F0000E9475C7811106C063E080E090E00E944C
:10CA0000ADBC1FC081E00E945EC11BC08A3209F02C
:10CA10000CC161E08FEC95E20E945FA0082F880FA7
:10CA2000110B88E08093CD251092CE2520E04DECAF
:10CA300055E262E070E08091B5269091B6260E94A2
:10CA4000669517FFEEC00E946BAE40912E27509165
:10CA50002F2760913027709131278BE694E90E944F
:10CA6000419A6091AD3A8FE190E00E94F16362E0FB
:10CA70000E94ADBCD6C04091CF255091D025609189
:10CA8000D1257091D2250091EA261091EB262091B4
:10CA9000EC263091ED268091563040175107620701
:10CAA000730739F4823018F181E394E90E94C7AE2C
:10CAB0001EC04093EA265093EB266093EC267093B9
:10CAC000ED26882391F08AE094E90E94C7AE609138
:10CAD000EA267091EB268091EC269091ED260E943B
:10CAE000799A87E094E90E942A9A1092A22684E01B
:10CAF0008093AF261092E92682EB96E20E9471ADF8
:10CB00008FE390E00E9470BC28E631E0281B390BCF
:10CB10003093B1262093B0268DEA96E20E948AAD2A
:10CB20008091A126833009F07CC01092A12679C0A3
:10CB300089EE93E90E94C7AE8091B1368A3209F03E
:10CB400074C03CC080EC93E90E94C7AE8FEC95E2C4
:10CB50000E94F9998DEB93E90E942A9A82EB96E262
:10CB60000E9471AD8FE090E00E9470BC2AE530E039
:10CB7000281B390B3093B1262093B0268091B13613
:10CB80008A3201F56FEC75E282EB9AE30E9450F86D
:10CB90006091AD3A84E190E00E94F163BC0182EBC8
:10CBA0009AE30E947EF76091AD3A85E190E00E94A1
:10CBB000F163BC0182EB9AE30E947EF78BE20E9454
:10CBC00052BD2FC08091AF26823051F40E943DBDEE
:10CBD0008091A126811125C083E08093A12621C0E8
:10CBE00088E993E96BCE89E693E90E94C7AE82EBB0
:10CBF00096E20E9471AD8FE090E00E9470BC2AE541
:10CC000030E0281B390B3093B1262093B026809159
:10CC1000B1368A3209F4BCCF8091A1268823E1F293
:10CC200004C08091B1368A3261F08091B52690912E
:10CC3000B6260E949C8E8FEF9FEF9093B62680932E
:10CC4000B5268091B5269091B6268F3FEFEF9E07CF
:10CC5000F1F00E948D8E811114C080915630823087
:10CC600020F088E293E90E94C7AE8091B5269091AA
:10CC7000B6260E949C8E8FEF9FEF9093B6268093EE
:10CC8000B5268091B5269091B6260196F9F480914B
:10CC9000AF268230D9F480915630882321F08DED73
:10CCA00092E90E94C7AE84E08093AF2682EB96E2C1
:10CCB0000E9471AD8FE090E00E9470BC2EE130E0E8
:10CCC000281B390B3093B1262093B02680E00E94B8
:10CCD0002A998091BB26882341F08CEB96E20E9432
:10CCE0007CAD4F9710F01092BB2680918926882347
:10CCF00009F470C0CE0101960E940A88F12C4BE025
:10CD0000E42E80918926F81608F064C0CF2CD12C2F
:10CD1000EC9C8001ED9C100D11240454174CF8017B
:10CD2000408150E060E070E085E098E80E94419A20
:10CD3000B12C4801F4018081B81630F480E098E805
:10CD40000E942A9AB394F6CFF801458150E060E042
:10CD500070E085EF97E80E94419AF801468150E023
:10CD600060E070E089EE97E80E94419AF8016781DF
:10CD70007085818592850E94799AF80181819281DE
:10CD8000A381B4814F85588969897A898417950769
:10CD9000A607B70768F44F85588969897A89481BBF
:10CDA000590B6A0B7B0B87ED97E80E94419A04C0F0
:10CDB00084ED97E80E942A9A2FB7F89480918926EB
:10CDC00090E00197C816D90614F0109289262FBF5B
:10CDD000F39497CF8091B136811199C08091E13958
:10CDE000811195C087EB98E30E9495AD843F9140F7
:10CDF00008F48DC0CE0189599F4F0E940A8803E430
:10CE00001DE48BEB882E8DE4982E96ECC92E97E8C6
:10CE1000D92E9E012F5F3F4F79012AEBA22E27E8E2
:10CE2000B22E31EE632E39E3732EF801828593859D
:10CE3000892B09F466C085818F9384818F93DF925B
:10CE4000CF92FF92EF920E9425F9F7010190002006
:10CE5000E9F7AF0141505109F80160817181828188
:10CE600093810E94A775E9968CAD9DADAEADBFAD27
:10CE7000E997F70101900020E9F79F01F801468149
:10CE8000578160857185841B950BA60BB70BBF93EB
:10CE9000AF939F938F9383858F9382858F93BF9258
:10CEA000AF92C90101979F938F930E9425F90FB606
:10CEB000F894DEBF0FBECDBF8091E139811105C06E
:10CEC00065E088EA97E80E94ADBCF301019000207C
:10CED000E9F73197CF01815E9943F7010190002076
:10CEE000E9F73197EE19FF09E80FF91FE63CF10564
:10CEF00070F4B70181EE99E30E9450F8F8011386AF
:10CF00001286045F1F4F8016910609F08ECF0E9493
:10CF10000DA48FE896E20E947CAD20918D26309181
:10CF20008E2628173907A0F48FE896E20E9471AD8B
:10CF30008AE590E090938E2680938D260E94555E20
:10CF4000882331F080EC91E290938E2680938D2699
:10CF5000CE0101960E940A8880918C26882309F4CC
:10CF60004EC09B818091CC25981709F448C08091D0
:10CF7000B1368F3111F0811142C08091A1268823F2
:10CF800011F08330E1F58091313D9091323D019671
:10CF9000B1F58091A42C882391F18091852C882370
:10CFA00021F08091852C853051F58B818093CC25A3
:10CFB00083E68093892C8CE680938A2C8BE6809381
:10CFC0008B2C88859985805D80938C2C8F818093B4
:10CFD0008D2C8E8180938E2C8C8180938F2C8B81D5
:10CFE0008093902C8D81882311F08D8101C087E082
:10CFF0008093912C89E08093872C0E94936283ED2B
:10D0000096E20E9495AD8D32914008F029984D9B93
:10D0100002C05C9A6EC05C986CC00E949C8E80912D
:10D020005630882311F40C9488D38AEB91E90E943E
:10D030002A9A0C9488D34EEA51E965E070E0C80161
:10D040000E9466958091B1368B3011F40C94B4D364
:10D050006091AD3A80E090E00E94F16364E00E944C
:10D06000ADBC882311F40C949ED381EEE82E89E3A5
:10D07000F82EF70101900020E9F73197E15EF943BE
:10D08000E83AF10510F00C949ED36BEA71E9C70100
:10D090000E947EF7D7010D900020E9F782E6809F7D
:10D0A000F001819FF00D1124E355F14D66817781E8
:10D0B00080859185AD01415051090E94A775F70106
:10D0C00001900020E9F72091B1361F922F9321EAB9
:10D0D00031E93F932F93CF0101979F938F930E9444
:10D0E00025F90F900F900F900F900F900F900C94C8
:10D0F0009ED3C658DF4F0FB6F894DEBF0FBECDBF2C
:10D10000DF91CF911F910F91FF90EF90DF90CF9023
:10D11000BF90AF909F908F907F906F900895AF9247
:10D12000BF92CF92DF92EF92FF920F931F93CF9314
:10D13000DF93CDB7DEB72A970FB6F894DEBF0FBEE8
:10D14000CDBF6FEA75E20E9450CC0E94EA816091E7
:10D15000AF2587E590E00E94F1639F938F930E9433
:10D16000FEF80F900F90FF24F394CE0101965C011E
:10D1700081E0F81204C099E0C92ED12C03C083E6E7
:10D18000C82ED12CE12C8E2D90E0C816D90664F162
:10D190006F2D8E2D0E943A63182FB5010E94F6CF95
:10D1A0008091A02C181304C00091992C10E006C0A7
:10D1B000812F0E94A8628C0197FD14C06091AF2559
:10D1C00088E590E00E94F1631F930F93BF92AF92A6
:10D1D0009F938F930E94FEF80F900F900F900F90E7
:10D1E0000F900F90E394CFCFF39493E0F912C0CF58
:10D1F0006091AF2589E590E00E94F1639F938F9342
:10D200000E94FEF80E94F3810F900F902A960FB6AD
:10D21000F894DEBF0FBECDBFDF91CF911F910F916C
:10D22000FF90EF90DF90CF90BF90AF9008951F9345
:10D23000CF93DF9300D000D0CDB7DEB79091AD3A59
:10D240009817E1F0182F4AE0BE016F5F7F4F90E022
:10D250000E948AF8BE016F5F7F4F81E494EA0E94CA
:10D26000EA6B1093AD3A612F8CE790E00E94F16376
:10D270009F938F930E94FEF80F900F9026960FB603
:10D28000F894DEBF0FBECDBFDF91CF911F910895FF
:10D290002F923F924F925F926F927F928F929F92C6
:10D2A000AF92BF92CF92DF92EF92FF920F931F93B4
:10D2B000CF93DF93CDB7DEB7AF970FB6F894DEBF4D
:10D2C0000FBECDBF3C0163EB75E20E9450CC41E044
:10D2D0006091B325C3010E9463CB882309F49AC3EC
:10D2E0006091B32580E390E00E94F1639BA78AA739
:10D2F0006091B32581E390E00E94F1639DA78CA724
:10D300006091B32582E390E00E94F1639FA78EA70E
:10D310000E94EA81F301E855FF4F80819181892BBA
:10D3200009F087C08EEF98E70E940A5BBE016F5F2D
:10D330007F4F8091A02C0E94F6CF6091B3258CE2A4
:10D3400090E00E94F1639E012F5F3F4F42E050E06A
:10D350006AEE73EA0E94755B1091CE276091B32547
:10D360008DE290E00E94F163412F60EE73EA0E942B
:10D37000965BBE016F5F7F4F8091CF270E94F6CFF3
:10D380006091B3258EE290E00E94F1639E012F5FD1
:10D390003F4F42E050E067EF73EA0E94755B0091F7
:10D3A000CD276091B3258FE290E00E94F1639E014A
:10D3B000265D3F4F43E06AEC73EA0E94B55BBE0115
:10D3C0006F5F7F4F8DEB93EA0E94436B6091B325B3
:10D3D00083E390E00E94F1639E012F5F3F4F4FE196
:10D3E00050E06DEB73EA0E94755B6091B32584E3B6
:10D3F00090E00E94F16328E937E248E250E065EBF3
:10D4000073EA0E94755B1091CB276091B32585E389
:10D4100090E00E94F163412F6EEA73EA0E94965BEE
:10D420006091B3258EE590E00E94F1630E94365C26
:10D43000EFC26091B3258AE590E00E94F1639F936B
:10D440008F930E94FEF88DED98E79F938F930E9433
:10D45000FEF86091B3258BE590E00E94F1639F9305
:10D460008F930E94FEF888ED98E79F938F930E9418
:10D47000FEF86AEE73EAC3010E9426800FB6F894A4
:10D48000DEBF0FBECDBF892B09F484C06AEE73EAFC
:10D49000C3010E94F27F8C599F4FFC01EE0FFF1FCA
:10D4A000E60DF71D6081718142E050E08E010F5F53
:10D4B0001F4FC8010E947BF81B82F80101900020D9
:10D4C000E9F731977F01E01AF10AC8010E9425F7B8
:10D4D0006E2D0E943A63F82E83ED98E79F938F9309
:10D4E0000E94FEF86091B3258CE290E00E94F16307
:10D4F0009F938F930E94FEF80F900F900F900F90C4
:10D500008091A02CF8120FC06091B3258CE590E0BB
:10D510000E94F1639F938F930E94FEF81F930F93D5
:10D520008EEC98E720C08091B136811127C08F2DF5
:10D530000E94D062882311F1B8018F2D0E94F6CF8E
:10D54000B8018AEE93EA0E94EA6B6091B3258DE5FB
:10D5500090E00E94F1639F938F930E94FEF81F93C7
:10D560000F9389EC98E79F938F930E94FEF80F909A
:10D570000F900F900F900F900F900CC06091B325FB
:10D5800089E490E00E94F1639F938F930E94FEF8DC
:10D590000F900F9067EF73EAC3010E942680892BDA
:10D5A00009F470C067EF73EAC3010E94F27F8C59DF
:10D5B0009F4FFC01EE0FFF1FE60DF71D608171818B
:10D5C00042E050E08E010F5F1F4FC8010E947BF8C0
:10D5D0001B82F80101900020E9F731977F01E01AE2
:10D5E000F10AC8010E9425F76E2D0E943A63F82EB9
:10D5F00084EC98E79F938F930E94FEF86091B32587
:10D600008EE290E00E94F1639F938F930E94FEF858
:10D610000F900F900F900F908091CF27F8120FC0AE
:10D620006091B3258CE590E00E94F1639F938F9306
:10D630000E94FEF81F930F938FEB98E719C0B80173
:10D640008F2D0E94F6CFB80187EF93EA0E94EA6B14
:10D65000F092CF276091B3258DE590E00E94F163B1
:10D660009F938F930E94FEF81F930F938AEB98E786
:10D670009F938F930E94FEF80F900F900F900F9042
:10D680000F900F901091CE270091B325602F8DE25F
:10D6900090E00E94F163212F40EE53EABC01C301E8
:10D6A0000E94965D91E0811101C090E09093CE2799
:10D6B0002090CD27312C412C512C1091B325612F76
:10D6C0008FE290E00E94F1631F9372E0872E912C0D
:10D6D000A12CB12CC12CD12C7601920181014AECF4
:10D6E00053EABC01C3010E94E35C6093CD276DEB5C
:10D6F00073EAC3010E9426800F90892B09F4B2C0FF
:10D700008E010F5F1F4FB8018DEB93EA0E94436BB0
:10D71000019709F16DEB73EAC3010E94F27F8C5906
:10D720009F4FFC01EE0FFF1FE60DF71D6081718119
:10D7300048E250E0C8010E947BF819A6C8010E9487
:10D7400012AE8091C1278823D1F183E28983BE0183
:10D750006E5F7F4F35C06DEB73EAC3010E94F27FAD
:10D760008C599F4FFC01EE0FFF1FE60DF71D6081E6
:10D770007181C8010E945BF8892B61F68BEA98E7FA
:10D780009F938F930E94FEF86091B32583E390E00E
:10D790000E94F1639F938F930E94FEF86091B325DE
:10D7A0008CE590E00E94F1639F938F930E94FEF8B6
:10D7B0000F900F900F900F900F900F9053C0B801E3
:10D7C0008091C2270E94F6CF23ECE22E27E2F22EB0
:10D7D0003BECC32E37E2D32E4CE2B42EF80101907D
:10D7E0000020E9F73197E01BF10BFF27D801AE0FBE
:10D7F000BF1FBC923196B8016E0F7F1FF701819158
:10D800007F010E94F6CFCE14DF0441F7B8018DEB03
:10D8100093EA0E94EA6B85EB98E79F938F930E94AF
:10D82000FEF86091B32583E390E00E94F1639F933B
:10D830008F930E94FEF86091B3258DE590E00E94E1
:10D84000F1639F938F930E94FEF81F930F9380EBD9
:10D8500098E79F938F930E94FEF80FB6F894DEBF6F
:10D860000FBECDBF65EB73EAC3010E942680892BF2
:10D8700009F4B5C086EA98E79F938F930E94FEF85B
:10D880006091B32584E390E00E94F1639F938F93AE
:10D890000E94FEF88E010F5F1F4FB80185EB93EADF
:10D8A0000E94436B0F900F900F900F900197E1F142
:10D8B00065EB73EAC3010E94F27F8C599F4FFC0114
:10D8C000EE0FFF1FE60DF71D6081718148E250E009
:10D8D000C8010E947BF819A6B80180E00E94A5B596
:10D8E0007C018130910509F048C06091B3258DE538
:10D8F00090E00E94F1639F938F930E94FEF81F9324
:10D900000F9381EA98E79F938F930E94FEF849E274
:10D9100050E0B80188E997E20E947BF8B80185EBF6
:10D9200093EA0E94EA6B55C065EB73EAC3010E945B
:10D93000F27F8C599F4FFC01EE0FFF1FE60DF71D84
:10D9400060817181C8010E945BF8892B09F0B0CF1A
:10D950006091B3258CE590E00E94F1639F938F93D3
:10D960000E94FEF888E997E29F938F938FE798E7EC
:10D970009F938F930E94FEF82CC0181619067CF115
:10D980008BE998E79F938F930E94FEF86091B325EF
:10D990008FE590E00E94F1639F938F930E94FEF8C1
:10D9A000F801EE19FF0920811082CF0101969F93A3
:10D9B0008F931F922F931F930F9384E898E79F9361
:10D9C0008F930E94FEF80FB6F894DEBF0FBECDBF56
:10D9D00006C00F900F900F900F900F900F90109126
:10D9E000CB270091B325602F85E390E00E94F1637F
:10D9F000212F4EEA53EABC01C3010E94965D91E0DB
:10DA0000811101C090E09093CB278091B3250FDC6A
:10DA10000E94F381AF960FB6F894DEBF0FBECDBF64
:10DA2000DF91CF911F910F91FF90EF90DF90CF90FA
:10DA3000BF90AF909F908F907F906F905F904F902E
:10DA40003F902F9008952F923F924F925F926F9246
:10DA50007F928F929F92AF92BF92CF92DF92EF927E
:10DA6000FF920F931F93CF93DF93CDB7DEB7E1976C
:10DA70000FB6F894DEBF0FBECDBF3C0162EB75E27E
:10DA80000E9450CC41E06091B225C3010E9463CB5B
:10DA9000882309F439C26091B22583E490E00E94A2
:10DAA000F1639DA38CA36091B22584E490E00E9471
:10DAB000F1639FA38EA36091B22585E490E00E945C
:10DAC000F16399A788A76091B22586E490E00E944F
:10DAD000F1639BA78AA76091B2258BE390E00E9437
:10DAE000F1639DA78CA76091B2258AE390E00E9424
:10DAF000F1639FA78EA76091B22589E390E00E9411
:10DB0000F16399AB88AB0E94EA81F301E855FF4FBE
:10DB1000E080F180E114F10409F0A9C089E698E7FA
:10DB20000E940A5B009197276091B22582E490E001
:10DB30000E94F1639E012C5D3F4F44E064EA73EA6A
:10DB40000E94B55B0091E8266091B22588E390E0E1
:10DB50000E94F1639E01245D3F4F43E06AE973EA4E
:10DB60000E94B55B8091032A4AE0BE016F5F7F4F40
:10DB700090E00E948AF86091B22586E390E00E94CE
:10DB8000F1639E012F5F3F4F43E050E06DE873EA81
:10DB90000E94755B10918C266091B22587E390E01E
:10DBA0000E94F163412F60E873EA0E94965B009146
:10DBB000563010E080915E34882319F0FAE0EF2EA1
:10DBC000F12C6091B2258CE390E00E94F1630E0D80
:10DBD0001F1D012E000C220B330B42E050E062E2CD
:10DBE00074EA0E944E5B4090A93A512C612C712C32
:10DBF0006091B2258EE390E00E94F163930182016F
:10DC000042E050E067ED73EA0E944E5B6091B225FE
:10DC10008FE390E00E94F1632EEB36E24AE050E0A1
:10DC200069E374EA0E94755B10915F346091B225DC
:10DC300080E490E00E94F163412F6CE274EA0E945C
:10DC4000965B1091CC276091B22581E490E00E9410
:10DC5000F163412F63E074EA0E94965B6091B22504
:10DC60008EE590E00E94F1630E94365C4BC16091AA
:10DC7000B2258AE590E00E94F1639F938F930E9402
:10DC8000FEF888E498E79F938F930E94FEF86091D6
:10DC9000B2258BE590E00E94F1639F938F930E94E1
:10DCA000FEF883E498E79F938F930E94FEF82090FC
:10DCB0009727312C412C512C1091B225612F82E4F1
:10DCC00090E00E94F1631F9353E0852E912CA12CCC
:10DCD000B12CC12CD12C76019201810144EA53EA86
:10DCE000BC01C3010E94E35C609397272090E82663
:10DCF000312C412C512C1091B225612F88E390E0FA
:10DD00000E94F1631F9362E0862E912CA12CB12C0E
:10DD1000920181014AE953EABC01C3010E94E35C1C
:10DD20006093E8262090032A312C412C512C10912D
:10DD3000B225612F86E390E00E94F1631F93812C4E
:10DD4000912C54018A94EAE0CE2ED12CE12CF12CB6
:10DD5000920181014DE853EABC01C3010E94E35CDA
:10DD60006093032A10918C260091B225602F87E3DF
:10DD700090E00E94F163212F40E853EABC01C30107
:10DD80000E94965D91E00FB6F894DEBF0FBECDBF46
:10DD9000811101C090E090938C2600915630E02EC6
:10DDA000F12C80915E34811103C000E010E002C0CC
:10DDB0000AE010E05090B225652D8CE390E00E94BF
:10DDC000F1630E0D1F1D012E000C220B330B5F9211
:10DDD00043E1842E912CA12CB12CC12CD12C7601A5
:10DDE00042E254EABC01C3010E94E35C60935630F6
:10DDF00081E00F906A3008F480E080935E346A30EE
:10DE000018F06A50609356302090A93A312C412C7A
:10DE1000512C1091B225612F8EE390E00E94F163A6
:10DE20001F9329E0822E912CA12CB12CC12CD12C36
:10DE300076019201810147ED53EABC01C3010E94C2
:10DE4000E35C6093A93A69E374EAC3010E94268007
:10DE50000F90892B41F169E374EAC3010E94F27FBC
:10DE60008C599F4FFC01EE0FFF1FE60DF71D6081DF
:10DE700071814AE050E08EEB96E20E947BF81092AE
:10DE8000C8266EEB76E289E394EA0E94EA6B609121
:10DE9000B2258AE490E00E94F1639F938F930E94E1
:10DEA000FEF80F900F9010915F340091B225602F13
:10DEB00080E490E00E94F163212F4CE254EABC011F
:10DEC000C3010E94965D91E0811101C090E09093A2
:10DED0005F341091CC270091B225602F81E490E04F
:10DEE0000E94F163212F43E054EABC01C3010E9468
:10DEF000965D91E0811101C090E09093CC278091D4
:10DF0000B22595D90E94F381E1960FB6F894DEBF51
:10DF10000FBECDBFDF91CF911F910F91FF90EF907A
:10DF2000DF90CF90BF90AF909F908F907F906F9039
:10DF30005F904F903F902F9008952F923F924F9275
:10DF40005F926F927F928F929F92AF92BF92CF9289
:10DF5000DF92EF92FF920F931F93CF93DF93CDB792
:10DF6000DEB7A8970FB6F894DEBF0FBECDBF3C0159
:10DF700060EB75E20E9450CC41E06091B025C30196
:10DF80000E9463CB882309F4F9C10E94EA81F3015E
:10DF9000E855FF4F80819181892B09F0ACC0BE010B
:10DFA0006F5F7F4F82E593EA0E94436B019721F4F4
:10DFB000CE0101964AD702C08DE290E09093AC2644
:10DFC0008093AB268EE298E70E940A5B8090F2264F
:10DFD0009090F326A090F426B090F5266091B0259D
:10DFE0008DE490E00E94F163950184014AE050E0E5
:10DFF00066E773EA0E944E5B8090F0269090F126CF
:10E00000A12CB12C6091B0258FE490E00E94F163C7
:10E010009501840146E050E062E773EA0E944E5B9E
:10E020008090EE269090EF26A12CB12C6091B02527
:10E0300082E590E00E94F1639501840146E050E0A2
:10E040006EE573EA0E944E5B11E08091AF2681116C
:10E0500001C010E06091B02580E590E00E94F1637E
:10E06000412F67E673EA0E94965B8090AB26909002
:10E07000AC26A12CB12C6091B02581E590E00E94E6
:10E08000F1639501840143E050E062E573EA0E9488
:10E090004E5B1091EC296091B02583E590E00E94E1
:10E0A000F163412F65E473EA0E94965B7AE2C72E22
:10E0B00072E2D72E09EB1CE3F601A190B1906F013B
:10E0C0006091B02585E590E00E94F163980148E2F7
:10E0D00050E0B5010E94755B085D1F4FFDE3013301
:10E0E0001F0751F76091B0258EE590E00E94F16323
:10E0F0000E94365C41C16091B0258AE590E00E94A3
:10E10000F1639F938F930E94FEF88EE098E79F93B0
:10E110008F930E94FEF86091B0258BE590E00E94FD
:10E12000F1639F938F930E94FEF889E098E79F9395
:10E130008F930E94FEF82090F2263090F3264090B4
:10E14000F4265090F5261091B025612F8DE490E0D3
:10E150000E94F1631F9388248A94982C5401C12C47
:10E16000D12C76019201810146E753EABC01C3013B
:10E170000E94E35C6093F2267093F3268093F4266A
:10E180009093F5260FB6F894DEBF0FBECDBF603179
:10E1900077428105910560F46091B0258EE490E0AE
:10E1A0000E94F1639F938F930E94FEF80F900F904F
:10E1B0002090F0263090F126412C512C1091B02562
:10E1C000612F8FE490E00E94F1631F9388248A946A
:10E1D000982CA12CB12CC12CD12C7601920181015B
:10E1E00042E753EABC01C3010E94E35C7093F1264D
:10E1F0006093F0262090EE263090EF26412C512C93
:10E200001091B025612F82E590E00E94F1631F9389
:10E21000C12CD12C7601C394920181014EE553EAC1
:10E22000BC01C3010E94E35C7093EF266093EE266D
:10E230001092E92611E00F900F908091AF26811186
:10E2400001C010E00091B025602F80E590E00E94B1
:10E25000F163212F47E653EABC01C3010E94965D9A
:10E26000882321F083E08093AF2602C01092AF266E
:10E270002090AB263090AC26412C512C1091B0252B
:10E28000612F81E590E00E94F1631F9388248A94B6
:10E29000982CA12CB12CC12CD12C7601920181019A
:10E2A00042E553EABC01C3010E94E35C7093AC26D3
:10E2B0006093AB261091EC290091B025602F83E587
:10E2C00090E00E94F163212F45E453EABC01C301B1
:10E2D0000E94965D0F908823A1F08091AF26811156
:10E2E00004C081E08093EC290EC06091B02584E5E4
:10E2F00090E00E94F1639F938F9380D70F900F90CF
:10E3000002C01092EC298AE2882E82E2982E99EBC4
:10E31000C92E9CE3D92E29E9A22E29E3B22EF401BD
:10E32000419051904F01E090B0256E2D85E590E031
:10E330000E94F163860128E230E0A201BC01C30122
:10E340000E94525CF50111921192119211925F019B
:10E35000F8E2CF0ED11C21E3C2162DE3D206F9F666
:10E360008091B0250E9417E98091A126833011F495
:10E370001092A1261092A2260E94F381A8960FB6B1
:10E38000F894DEBF0FBECDBFDF91CF911F910F91EB
:10E39000FF90EF90DF90CF90BF90AF909F908F90C5
:10E3A0007F906F905F904F903F902F9008951F92B5
:10E3B0000F920FB60F9211240BB60F922F933F932B
:10E3C0004F935F936F937F938F939F93AF93BF937D
:10E3D000EF93FF93F894A89580E00E946C8581E00C
:10E3E0000E946C8582E00E946C858DB79EB79093E9
:10E3F000424D8093414D8BEB9BEB9093404D80932E
:10E400003F4D2091414D3091424D8FEF91E2821B63
:10E41000930B6091414D7091424D6F5F7F4FAC0106
:10E42000919581959109C4D58091414D9091424D2E
:10E43000892BD1F78091414D9091424D9EBF8DBF68
:10E440008091414D9091424D4FEF51E2481B590B45
:10E450008091414D9091424D66277727641B750B43
:10E460000196A6D5FF91EF91BF91AF919F918F91AA
:10E470007F916F915F914F913F912F910F900BBEC4
:10E480000F900FBE0F901F9018956F927F928F92F2
:10E490009F92AF92BF92CF92DF92EF92FF920F9333
:10E4A0001F93CF93DF93CDB7DEB7AA970FB6F8943B
:10E4B000DEBF0FBECDBF83E68093B13610920A2C2B
:10E4C0001092092C23982B9A549A55985D98219A6A
:10E4D0000E94439B4091BB4D50E060E070E08BECAC
:10E4E00097E70E94419ACE0101963C01BC0182EC63
:10E4F00097E70E94436B019741F4C301A6D484308F
:10E50000910528F083E090E002C081E090E0982F30
:10E510009068880F880F892B8093740082EB97E7AF
:10E520009F938F936BD61092E139109291260E949F
:10E5300035B686E794E30E948B638DEA99E30E94E7
:10E540008B630E9420C11092B23A10926D2A82E928
:10E5500097E79F938F9352D610928926B3018AEE44
:10E5600093EA0E94436B0F900F900F900F900197CA
:10E5700071F4F30101900020E9F731978F0106193A
:10E580001709C30162D4602F0E943A6301C08CED69
:10E590008093A02C60E080EE93EA0E94E75A91E01D
:10E5A000811101C090E09093CE27B3018AEC93EAE9
:10E5B0000E94436B019719F4C30147D401C081E065
:10E5C0008093CD27B30187EF93EA0E94436B0197B5
:10E5D00081F4F30101900020E9F731978F010619CA
:10E5E0001709C30132D4602F0E943A638093CF276A
:10E5F00004C01092CF271092CE27E2ECF7E21192DE
:10E6000097E2EB3CF907D9F71092C127B3018DEBE4
:10E6100093EA0E94436B019719F4C3010E9412AE62
:10E6200068E977E285EB93EA0E94436B892B29F432
:10E630006DE877E788E997E280D460E08EEA93EAB4
:10E640000E94E75A91E0811101C090E09093CB279E
:10E65000B30186E793EA0E94436B019759F4C30123
:10E6600011D46093F2267093F3268093F42690934E
:10E67000F52608C01092F2261092F3261092F42686
:10E680001092F526B30182E793EA0E94436B01974B
:10E6900039F4C301DAD39093F1268093F02604C0B5
:10E6A0001092F1261092F0261092E926B3018EE521
:10E6B00093EA0E94436B019739F4C301E3D370934B
:10E6C000EF266093EE2606C086E890E09093EF2652
:10E6D0008093EE2660E087E693EA0E94E75A88235B
:10E6E00021F085E08093AF2602C01092AF2660E053
:10E6F00085E493EA0E94E75A882341F08091AF268F
:10E70000811104C081E08093EC2902C01092EC29B1
:10E71000B30182E593EA0E94436B019719F4C301A8
:10E7200094D302C08DE290E09093AC268093AB2608
:10E73000B30184EA93EA0E94436B019719F4C30181
:10E7400084D301C083E080939727B3018AE993EAD9
:10E750000E94436B019719F4C30177D301C082E093
:10E760008093E826B3018DE893EA0E94436B0197FA
:10E7700019F4C3016AD301C084E48093032A809111
:10E78000032A8A3018F48AE08093032A8AE2E82E6A
:10E7900082E2F82E09EB1CE399E9892E99E3992E80
:10E7A00020EDA22E26E2B22E39ECC32E36E2D32E75
:10E7B000B801F701819191917F010E94436B01970C
:10E7C00011F0F8011082F40111921192119211923C
:10E7D0004F01F50111925F01C6010E9471AD085D04
:10E7E0001F4FF2E0CF0ED11C20E3E21622E2F20628
:10E7F000F9F61092CF266EEB76E289E394EA0E9456
:10E80000436B019711F01092BE261092BB2661E077
:10E810008CE294EA0E94E75A91E0811101C090E0F5
:10E8200090935F3460E083E094EA0E94E75A91E0BD
:10E83000811101C090E09093CC2761E080E893EAD9
:10E840000E94E75A91E0811101C090E090938C26DC
:10E85000B30187ED93EA0E94436B019719F4C3015A
:10E86000F4D201C082E08093A93AB30181E494EA32
:10E870000E94436B019729F4C301E7D28093AD3A1C
:10E8800002C01092AD3AB30182E294EA0E94436B57
:10E89000019719F4C301D9D201C081E080935630A9
:10E8A0008091563091E08A3008F490E090935E3485
:10E8B0008A3018F08A5080935630BE016F5F7F4FC8
:10E8C00082E194EA0E94436B019721F4CE01019604
:10E8D000BCD201C081E080932B300FEF1FEF10936B
:10E8E000B6260093B5261092B4268EE797E79F933D
:10E8F0008F9384D481E080939D2C1093323D0093BC
:10E90000313D109258341092F7291092F829109244
:10E91000F9291092FA291092573489E594E30E945C
:10E920008AAD1092AB391092AA3910925C341092D1
:10E930005B341093FC290093FB298FEE99E20E942F
:10E940008AAD1092EA261092EB261092EC261092D5
:10E95000ED2683E08093A1261092A2261093A8268C
:10E960000093A72664E670E082E996E20E94BEB4B6
:10E970001093EA290093E9291092EB291092E427D9
:10E980001092E3271092DC271092E0271092DF27E5
:10E990008AED97E20E9471AD1092D9270F900F90E7
:10E9A0008091BB4D883071F0E3E4FDE48BEB9DE496
:10E9B000138612863C968E179F07D1F787EB98E354
:10E9C0000E948AAD0E94026385EC8093BC00109285
:10E9D00087261092862682EB96E20E9471AD83E034
:10E9E00090E09093B1268093B02680EA8093992C92
:10E9F00084E893E00E94128584EB91EB0E945B8592
:10EA0000882309F4ACC08EE597E79F938F93F6D3E4
:10EA10000F900F901B99A1C080E00E94758581E046
:10EA20000E946C8582E00E94758583E00E94758556
:10EA3000CE0189960E948AADCE0189960E9495AD3D
:10EA4000459718F41B99F8CFF3CF80E00E946C85AE
:10EA500081E00E947585CE0189960E948AAD10E002
:10EA6000CE0189960E9495AD8D32914008F067C025
:10EA70001B9937C0CE018996111107C00E948AAD3B
:10EA800082E00E946C8511E0EBCF0E9495AD8D3243
:10EA90009140E0F080E00E94758581E00E946C85E5
:10EAA00082E00E946C8583E00E946C850E9443682E
:10EAB000CE0189960E948AADCE0189960E9495ADBD
:10EAC00085369105C8F30E94FB98CACFCE0189967E
:10EAD0000E9495AD893C910518F283E00E946C85F7
:10EAE000BFCF112309F4BCCFCE0189960E9495AD0A
:10EAF0004597E8F080E00E94758581E00E946C8572
:10EB000082E00E94758583E00E946C8589E597E725
:10EB10000E94216CCE0189960E948AADCE01899611
:10EB20000E9495AD85369105C8F30E94FB98CE01F1
:10EB300089960E948AAD82E00E94758590CF11115E
:10EB400097CF80E00E94758581E00E94758582E004
:10EB50000E94758583E00E946C851092B036AA965B
:10EB60000FB6F894DEBF0FBECDBFDF91CF911F91DE
:10EB70000F91FF90EF90DF90CF90BF90AF909F905C
:10EB80008F907F906F9008958091A8018093A7390E
:10EB90008091A7018093A739809102008093A739C3
:10EBA000809100008093A739089589E497E79F93A7
:10EBB0008F9324D38CEC9CEC9093424D8093414DE9
:10EBC0008DED9DED9093404D80933F4D1092E32647
:10EBD0001092E4261092E5261092E62698E288E14B
:10EBE0000FB6F894A895809360000FBE90936000D4
:10EBF0009FB7F89480916000886180936000809155
:10EC000060008864809360009FBF89EB98E30E9456
:10EC10008AAD67E377E780EB9EEC0E948D8164E22A
:10EC200077E788E19EEC0E948D816DE077E78FE8C1
:10EC300098EE0E948D8167EF76E788E499EE0E9456
:10EC40008D8161EE76E783E29DEE0E948D816CEC12
:10EC500076E78DE99FEE0E948D8166EB76E786EA86
:10EC60009FEC0E948D8165EA76E78FE996EB0E9422
:10EC70008D8162E976E783EF9CEC0E948D8166E8E6
:10EC800076E784EC9FEC0E948D816EE776E788ED55
:10EC90009EE50E948D8182E796E79F938F93AED287
:10ECA00086E890E00E94338E8FEF809388261F9233
:10ECB00086E88F9380E696E79F938F939FD269E5CE
:10ECC00076E782E290ED0E94EB7D0E94F1AC89E450
:10ECD00096E79F938F9392D28FEF9FEF9093B73CDD
:10ECE0008093B63C80E694E30E940A888FE896E21F
:10ECF0000E9471AD80916734909168342DB73EB712
:10ED0000265F3F4F0FB6F8943EBF0FBE2DBF803D2C
:10ED1000974018F088E590E202C08AE590E0909371
:10ED20008E2680938D261092822C1092812C2CDFBF
:10ED300080E00C9452BD0E94689882E00E946C852D
:10ED4000A4DB0E94C8750E947D5283E00E946C85FE
:10ED50000E94A25682E00E94758527DF83E00E9410
:10ED600075850E940C7EFDCFAA1BBB1B51E107C01D
:10ED7000AA1FBB1FA617B70710F0A61BB70B881F4B
:10ED8000991F5A95A9F780959095BC01CD010895DA
:10ED900097FB072E16F4009406D077FD08D0E4DF29
:10EDA00007FC05D03EF4909581959F4F089570958E
:10EDB00061957F4F0895A1E21A2EAA1BBB1BFD018E
:10EDC0000DC0AA1FBB1FEE1FFF1FA217B307E4074A
:10EDD000F50720F0A21BB30BE40BF50B661F771FA2
:10EDE000881F991F1A9469F7609570958095909582
:10EDF0009B01AC01BD01CF010895EE0FFF1F881FDD
:10EE00008BBF0790F691E02D199469279627692703
:10EE10007827872778270895A29FB001B39FC00164
:10EE2000A39F700D811D1124911DB29F700D811D36
:10EE30001124911D0895F0DFA59F900DB49F900DB2
:10EE4000A49F800D911D11240895FC018827992706
:10EE5000E89421912032E9F3293010F02E30C8F3E4
:10EE60002B3239F02D3231F4689403C072D1820F05
:10EE7000911D219120532A30C8F31EF4909581955D
:10EE80009F4F08951F93FC0199278827BC01E894A0
:10EE900011911032E9F3193010F01E30C8F31B3213
:10EEA00049F01D3241F4689405C03ED1610F711DD7
:10EEB000811D911D119110531A30B8F33EF49095B5
:10EEC0008095709561957F4F8F4F9F4F1F9108954B
:10EED000FB01DC0104C08D910590801921F44150A3
:10EEE0005040C8F7881B990B0895FB01DC0102C054
:10EEF00005900D9241505040D8F70895FB01DC0178
:10EF00000D900020E9F7119705900D920020E1F790
:10EF10000895FC010590061621F00020D9F7C001E4
:10EF200008953197CF010895FB01DC018D91059083
:10EF300080190110D9F3990B0895FB01DC010590AC
:10EF40000D920020E1F70895FC0105900020E9F7FB
:10EF5000809590958E0F9F1F0895FB01DC010D9009
:10EF60000020E9F711974150504028F0059000200B
:10EF70000D92C9F708951C920895FB01DC014150E0
:10EF8000504030F08D910590801919F40020B9F7A8
:10EF9000881B990B0895FB01DC0104C08D91019041
:10EFA000801921F441505040C8F7881B990B0895EF
:10EFB000FB01DC0102C001900D9241505040D8F796
:10EFC00008952115310511F11F930F93240F351F5B
:10EFD000680F791FFA011591AF01DC01A617B70779
:10EFE00080F40D910117D1F7CD01FA01E217F30773
:10EFF00050F4A617B70728F40D9105900015B1F34A
:10F00000ECCF81E090E001970F911F910895681770
:10F01000790768F4FB01DC01E40FF51FA40FB51FAD
:10F0200002C002900E9241505040D8F70895C0CFD0
:10F03000FB01DC018D9181341CF08B350CF4805E7A
:10F04000619161341CF06B350CF4605E861B6111BC
:10F0500089F3990B0895FB0151915523B1F0BF013C
:10F06000DC01052E4D91442369F010D0D9F7CD0174
:10F070000190002049F04D91411108D0C9F3FB01E6
:10F080004111EECF81E090E001970895402539F0DD
:10F09000403229F440294B57465E08F018940895F1
:10F0A000FB01DC010D900020E9F7119701900D9212
:10F0B0000020E1F70895FB01DC018D91019080199A
:10F0C0000110D9F3990B0895FB01DC0101900D9219
:10F0D0000020E1F70895FB01DC010D900020E9F725
:10F0E00011974150504028F0019000200D92C9F72F
:10F0F00008951C920895FB01DC014150504048F0F6
:10F1000001900D920020C9F701C01D92415050405E
:10F11000E0F70895BB274A3031F4992322F4BDE289
:10F12000909581959F4F3FC0592F482F372F262FFD
:10F13000660F771F881F991F660F771F881F991FFB
:10F14000620F731F841F951F660F771F881F991FFB
:10F1500008957AE0979F902D879F802D910D11241F
:10F160000895BB27FA01A62F621771058105910545
:10F17000330B30FB66F0AA27660F771F881F991F95
:10F18000AA1FA21710F0A21B63953850A9F7A05D23
:10F19000AA3308F0A95DA19336F7B111B19310829B
:10F1A000CA0194C2BB27FB015527AA27880F991FC4
:10F1B000AA1FA41710F0A41B83955051B9F7A05DA6
:10F1C000AA3308F0A95DA193009779F7B111B19323
:10F1D0001192CB017BC2CF93DF93CDB7DEB7AE01E7
:10F1E0004A5F5F4FFA0161917191AF018091353DA6
:10F1F0009091363D58D0DF91CF9108950F931F9392
:10F20000CF93DF93CDB7DEB7AE01485F5F4FDA0132
:10F210006D917D91AD0103E31DE3F801828193813E
:10F22000DC0113962C911397286013962C933BD0F6
:10F23000D8011296ED91FC9113972381277F2383A8
:10F24000DF91CF911F910F9108950F931F93CF934B
:10F25000DF93CDB7DEB72E970FB6F894DEBF0FBEA3
:10F26000CDBF0E891F898EE08C831A8309838FEFAF
:10F270009FE79E838D83AE01465E5F4F688D798DDB
:10F28000CE01019610D0EF81F885E00FF11F1082BA
:10F290002E960FB6F894DEBF0FBECDBFDF91CF9193
:10F2A0001F910F9108952F923F924F925F926F920C
:10F2B0007F928F929F92AF92BF92CF92DF92EF9206
:10F2C000FF920F931F93CF93DF93CDB7DEB72B97AA
:10F2D0000FB6F894DEBF0FBECDBF6C017B018A0173
:10F2E000FC0117821682838181FFBFC1CE01019686
:10F2F0003C01F6019381F70193FD859193FF819184
:10F300007F01882309F4ADC1853239F493FD8591DD
:10F3100093FF81917F01853221F4B60190E0E6D11F
:10F32000E8CF912C212C312CFFE1F315D8F08B3252
:10F3300079F038F4803279F08332A1F4232D206102
:10F340001DC08D3261F0803369F4232D216016C019
:10F35000832D8260382EE32DE4603E2E2AC0F32DEB
:10F36000F8601DC037FC2DC020ED280F2A3040F07A
:10F370008E32B9F436FC75C1232D2064322E19C0AB
:10F3800036FE06C08AE0989E200D1124922E11C0F0
:10F39000EAE02E9E200D1124222EF32DF0623F2E46
:10F3A00008C08C3621F4832D8068382E02C0883640
:10F3B00041F4F70193FD859193FF81917F018111C4
:10F3C000B3CF982F9F7D9554933028F40C5F1F4F37
:10F3D0009FE399830DC0833631F0833771F0833515
:10F3E00009F055C020C0F801808189830E5F1F4F4E
:10F3F00088248394912C530112C02801F2E04F0E0F
:10F40000511CF801A080B18036FE03C0692D70E068
:10F4100002C06FEF7FEFC5014ED14C018201F32D89
:10F42000FF773F2E15C0280122E0420E511CF80143
:10F43000A080B18036FE03C0692D70E002C06FEF7E
:10F440007FEFC5012DD14C01F32DF0683F2E8201D5
:10F4500033FC19C0822D90E088169906A0F4B601FD
:10F4600080E290E043D12A94F5CFF50137FC8591F5
:10F4700037FE81915F01B60190E038D121102A94C6
:10F4800021E0821A91088114910479F7E1C0843651
:10F4900011F0893639F5F80137FE07C060817181B6
:10F4A000828193810C5F1F4F08C060817181072E9C
:10F4B000000C880B990B0E5F1F4FF32DFF763F2E2C
:10F4C00097FF09C090958095709561957F4F8F4FFC
:10F4D0009F4FF0683F2E2AE030E0A30143D1882EF1
:10F4E000861844C0853731F4232D2F7EB22E2AE0B2
:10F4F00030E025C0932D997FB92E8F36C1F018F4D6
:10F50000883579F0AEC0803719F0883721F0A9C06E
:10F51000E92FE061BE2EB4FE0DC0FB2DF460BF2EBE
:10F5200009C034FE0AC0292F2660B22E06C028E08A
:10F5300030E005C020E130E002C020E132E0F80117
:10F54000B7FE07C060817181828193810C5F1F4F7C
:10F5500006C06081718180E090E00E5F1F4FA301C3
:10F5600001D1882E8618FB2DFF773F2E36FE0DC069
:10F57000232D2E7FA22E891458F434FE0BC032FCAA
:10F5800009C0832D8E7EA82E05C0B82CA32C03C0E5
:10F59000B82C01C0B92CA4FE0FC0FE01E80DF11D6E
:10F5A0008081803321F49A2D997EA92E09C0A2FE74
:10F5B00006C0B394B39404C08A2D867809F0B3943E
:10F5C000A3FC10C0A0FE06C0B21480F4280C922C3C
:10F5D0009B180DC0B21458F4B60180E290E086D0BA
:10F5E000B394F8CFB21418F42B1802C0982C212C25
:10F5F000A4FE0FC0B60180E390E078D0A2FE16C052
:10F60000A1FC03C088E790E002C088E590E0B60165
:10F610000CC08A2D867851F0A1FE02C08BE201C099
:10F6200080E2A7FC8DE2B60190E060D0891430F44E
:10F63000B60180E390E05AD09A94F8CF8A94F3010F
:10F64000E80DF11D8081B60190E050D08110F6CF19
:10F65000222009F44ECEB60180E290E047D02A94F1
:10F66000F7CFF6018681978102C08FEF9FEF2B962F
:10F670000FB6F894DEBF0FBECDBFDF91CF911F91C3
:10F680000F91FF90EF90DF90CF90BF90AF909F9041
:10F690008F907F906F905F904F903F902F90089544
:10F6A000FC010590615070400110D8F7809590954D
:10F6B0008E0F9F1F0895FC01615070400190011052
:10F6C000D8F7809590958E0F9F1F0895DC01FC015F
:10F6D000672F71917723E1F7329704C07C916D9386
:10F6E00070836291AE17BF07C8F308950F931F93FD
:10F6F000CF93DF93FB01238121FD03C08FEF9FEFA9
:10F700002CC022FF16C046815781248135814217C3
:10F71000530744F4A081B1819D012F5F3F4F318396
:10F7200020838C93268137812F5F3F4F3783268339
:10F7300014C08B01EC01FB010084F185E02D1995CB
:10F74000892BE1F6D80116968D919C911797019619
:10F7500017969C938E931697CE01DF91CF911F91B0
:10F760000F910895FA01AA27283051F1203181F133
:10F77000E8946F936E7F6E5F7F4F8F4F9F4FAF4FB9
:10F78000B1E03ED0B4E03CD0670F781F891F9A1FCC
:10F79000A11D680F791F8A1F911DA11D6A0F711D80
:10F7A000811D911DA11D20D009F468943F912AE08C
:10F7B000269F11243019305D3193DEF6CF01089574
:10F7C000462F4770405D4193B3E00FD0C9F7F6CFA5
:10F7D000462F4F70405D4A3318F0495D31FD40526D
:10F7E000419302D0A9F7EACFB4E0A6959795879503
:10F7F00077956795BA95C9F70097610571050895E2
:10F800009B01AC010A2E069457954795379527958D
:10F81000BA95C9F7620F731F841F951FA01D089525
:10F82000DC01CB01FC01F999FECF06C0F2BDE1BDC0
:10F83000F89A319600B40D9241505040B8F70895AF
:10F84000F999FECF92BD81BDF89A992780B50895A8
:10F85000262FF999FECF1FBA92BD81BD20BD0FB6EC
:10F86000F894FA9AF99A0FBE01960895F894FFCF8A
:10F87000FFFFFFFF02036F551CC8FFC0A801FAC0BD
:10F88000A801FAFFFFFF00C0A8018E0000000300DE
:10F89000000000217DC37C0000013AA32FA324A314
:10F8A0006F6666008B59425A8B5AA15AA15A4D4332
:10F8B00050636F6E66696700B46EDD6C00D601CF71
:10F8C0006CF56B00D900CA68096700C001F966D6FB
:10F8D00065002201C665AA64001B019A647A630070
:10F8E0001F016A634D62001C013E62FD6000400121
:10F8F000EE60B45F003901A55F5E5E0046014F5EB9
:10F900000F5D003F01055D8559007F037B59BA57A4
:10F9100000C001A657B85500ED01A455C55300DE3F
:10F9200001B153CB5100E501B751D74F00DF01C002
:10F930004F3D4D008202264DC44A006102AD4A3857
:10F94000480074022148B145006F029E45364400CC
:10F9500067012344BB42006701A8424641006101A0
:10F960003341D03F006201E16BD868020903C53F13
:10F97000803F0044000000000000000039844584FE
:10F980004B845D84000070847E848B84A08400009E
:10F99000BB84C184DA84F7840000310001010202D3
:10F9A0000103616273006E630064657200626B0044
:00000001FF
