:100000000C948E4A0C94BD4D0C94E84D0C94134EF8
:100010000C94C04A0C94C04A0C94C04A0C94C04A38
:100020000C9415F10C94C04A0C94C04A0C94C04A2C
:100030000C94C04A0C946E4E0C94C04A0C94C04A66
:100040000C943F820C94C04A0C94C04A0C94C04A51
:100050000C94414F0C94004F0C94E54E0C94C04A04
:100060000C94C04A0C94C04A0C94DB560C94C04AC1
:100070000C944D500C940C500C94F14F0C94C04ABD
:100080000C94C04A0C94C04A0C94C04A18991A990E
:10009000259929993499279937996B9B289A699AB8
:1000A000D89A0A9B699A479BF19C759C919CB69C37
:1000B000CD9C919CE29C3C2F7072653E003C70721E
:1000C000653E0065656D656D2E63676900666F6FDF
:1000D0002E6367690053657474696E67732073617A
:1000E0007665642C207265626F6F74206E6563653F
:1000F000737361727920746F2074616B652065661B
:1001000066656374210D0A003C74723E3C74642081
:10011000616C69676E3D227269676874223E48614E
:100120007264776172652D4D41433C2F74643E3C8F
:1001300074643E3C696E707574206E616D653D221D
:100140004D41432220747970653D22746578742294
:100150002073697A653D223137222076616C75659E
:100160003D22257322206D61786C656E6774683D51
:10017000223137223E3C2F74643E3C2F74723E3C49
:1001800074723E3C74643E3C2F74643E3C74643E26
:100190003C696E70757420747970653D2273756268
:1001A0006D6974222076616C75653D2220536176FD
:1001B00065206368616E67657320223E3C2F74641E
:1001C0003E3C2F74723E3C2F7461626C653E3C2F46
:1001D000666F726D3E004D4143003C74723E3C744C
:1001E0006420616C69676E3D227269676874223EA3
:1001F000444E532D5365727665723C2F74643E3CB9
:1002000074643E3C696E707574206E616D653D224C
:10021000444E532220747970653D227465787422AF
:100220002073697A653D223135222076616C7565CF
:100230003D22257322206D61786C656E6774683D80
:10024000223135223E3C2F74643E3C2F74723E00B6
:10025000444E53003C74723E3C746420616C696788
:100260006E3D227269676874223E476174657761EA
:10027000793C2F74643E3C74643E3C696E707574C6
:10028000206E616D653D224741544522207479708E
:10029000653D2274657874222073697A653D223148
:1002A00035222076616C75653D22257322206D61B3
:1002B000786C656E6774683D223135223E3C2F7440
:1002C000643E3C2F74723E0047415445003C7472BA
:1002D0003E3C746420616C69676E3D227269676898
:1002E00074223E4E65746D61736B3C2F74643E3CAA
:1002F00074643E3C696E707574206E616D653D225C
:100300004D41534B2220747970653D227465787499
:10031000222073697A653D223135222076616C7521
:10032000653D22257322206D61786C656E67746867
:100330003D223135223E3C2F74643E3C2F74723E88
:10034000004D41534B003C74723E3C746420616C20
:1003500069676E3D227269676874223E4950206168
:100360006464726573733C2F74643E3C74643E3CF9
:10037000696E707574206E616D653D224950222052
:10038000747970653D2274657874222073697A658A
:100390003D223135222076616C75653D2225732220
:1003A000206D61786C656E6774683D223135223E40
:1003B0003C2F74643E3C2F74723E004950003E3C1A
:1003C0002F74643E3C2F74723E00636865636B65F6
:1003D00064006F6E0044484350003C74723E3C74AD
:1003E0006420616C69676E3D227269676874223EA1
:1003F00044484350206163746976653C2F74643EC1
:100400003C74643E3C696E70757420747970653D0F
:1004100022636865636B626F7822206E616D653D53
:100420002244484350222076616C75653D226F6EF0
:1004300022200044484350003C666F726D20616387
:1004400074696F6E3D226E6574776F726B2E636791
:1004500069223E3C7461626C6520626F72646572F1
:100460003D2230222063656C6C70616464696E6744
:100470003D2235222063656C6C73706163696E6721
:100480003D2230223E00636F6E666967003C2F702C
:1004900072653E0D0A003C7072653E0D0A006E6585
:1004A00074776F726B2E636769004D414300444E51
:1004B000530047415445004D41534B0049500044BF
:1004C000484350005265736574007265736574002B
:1004D0007265736574007265736574003C666F7253
:1004E0006D20616374696F6E3D2272657365742E51
:1004F00063676922206D6574686F643D2267657467
:1005000022206163636570742D6368617273657422
:100510003D2249534F2D383835392D31223E3C701C
:100520003E3C696E70757420747970653D227375F8
:10053000626D697422206E616D653D22726573651E
:1005400074222076616C75653D2272657365742234
:100550003E3C2F703E3C2F666F726D3E007265739D
:1005600065742E636769003C2F424F44593E3C2F0F
:1005700048544D4C3E0D0A0D0A003C48544D4C3E2B
:100580003C484541443E3C6D65746120687474701C
:100590002D65717569763D22726566726573682294
:1005A00020636F6E74656E743D223630303B2022BE
:1005B0003E3C5449544C453E53747265616D696EBE
:1005C000673C2F5449544C453E3C2F484541443EDE
:1005D0003C424F4459206267636F6C6F723D222327
:1005E0003232384232322220746578743D222346FA
:1005F0004646464646223E5A6569743A20253032C0
:10060000643A253032643A253032642E2530326423
:1006100020282025752F25752F2530347520290099
:1006200073746174732E636769006F6666006F6E22
:10063000003A202575003A202575003C62723E0084
:100640003A20256C75003A20256C75003C62723E9C
:10065000003A202573003A202573003C62723E0068
:10066000223E3C2F74643E3C2F74723E3C2F7461DA
:10067000626C653E3C2F666F726D3E003C74723E4C
:100680003C74643E3C2F74643E3C74643E3C696E32
:1006900070757420747970653D227375626D69742C
:1006A000222076616C75653D22003C2F73656C6578
:1006B00063743E3C2F74643E003C2F6F7074696F0E
:1006C0006E3E003C6F7074696F6E2076616C75656C
:1006D0003D222564223E003C6F7074696F6E20736A
:1006E000656C65637465642076616C75653D222573
:1006F00064223E00222073697A653D2231223E0049
:100700003A3C2F74643E3C74643E3C73656C656394
:1007100074206E616D653D22003C74723E3C7464D1
:1007200020616C69676E3D227269676874223E00C1
:100730003E3C2F74643E3C2F74723E00206368651B
:10074000636B6564002220747970653D226368657F
:10075000636B626F78222076616C75653D22312271
:10076000002220747970653D2274657874222073AC
:10077000697A653D222564222076616C75653D228B
:10078000257322206D61786C656E6774683D222543
:1007900064223E3C2F74643E3C2F74723E00222043
:1007A000747970653D2274657874222073697A6566
:1007B0003D222564222076616C75653D22256C758D
:1007C00022206D61786C656E6774683D2225642215
:1007D0003E3C2F74643E3C2F74723E003A3C2F74B2
:1007E000643E3C74643E3C696E707574206E616D4D
:1007F000653D22003C74723E3C746420616C696704
:100800006E3D227269676874223E00223E3C74612C
:10081000626C6520626F726465723D2230222063D3
:10082000656C6C70616464696E673D22352220637B
:10083000656C6C73706163696E673D2230223E00A7
:100840003C666F726D20616374696F6E3D22006F4C
:100850006E00206B6F6E6E7465206E696368742025
:1008600076657262756E64656E2077657264656E1A
:100870002E0D0A0021204E54502D5365727665725C
:1008800020002056657262696E64756E672065721D
:10089000666F6C6772656963682C205A6569746B52
:1008A0006F7272656B7475723A2025642073656B84
:1008B000756E64656E2E0D0A004E54502D53657290
:1008C00076657220003C62723E253032752E2530EE
:1008D00032752E2530347520253032643A25303279
:1008E000643A25303264003C62723E003C2F613E27
:1008F000003C6120687265663D226E74702E6367ED
:1009000069223E006E74702E6367690030004155A5
:10091000544F445354005554435A4F4E45004E547F
:1009200050534552564552004E54500023350D3910
:1009300020232C2E0A29342338303A3D332B173FFD
:100940002736232F2D3207233731282323740D6FA9
:1009500020686E6D0A6C726769706376657A64628E
:100960007379667861776A2375716B236973702E6A
:1009700063676900495350206675736520232564B9
:1009800020766572696679206661696C65642E3CC3
:1009900062723E002F004661696C65643A202564EE
:1009A000206E6F6D696E616C2073697A652C2025ED
:1009B00064206279746573207772697474656E203F
:1009C000746F20666C6173682C20256420666169F1
:1009D0006C65642E00537563636573733A202564F8
:1009E000206279746573207772697474656E2074FF
:1009F0006F20666C6173682C206E6F206661696C75
:100A0000757265732E004665686C6572427974650F
:100A100073203D2025640D0A00476573616D7442A3
:100A200079746573203D2025640D0A00566572694E
:100A30006679206661696C65643A202530347820D7
:100A4000697320253032782073686F756C6420627A
:100A50006520253032782E2000466C61736852651F
:100A60006164206661696C65642E0046696C654747
:100A700065743A204265656E646967756E672064C7
:100A80007572636820476567656E7374656C6C6525
:100A90002E0D0A0046696C654765743A2054696DED
:100AA000656F7574206265696D20456D7066616E55
:100AB000672E0D0A005365727665722074696D6544
:100AC0006F75743F20004661696C65643A206E6FF3
:100AD0007468696E672070726F6772616D6D6564AE
:100AE0002E004953502070726F6772616D20656EE1
:100AF00061626C65206661696C65642E204368657F
:100B0000636B20636F6E6E656374696F6E20746FC4
:100B10002074617267657420626F6172642E004692
:100B2000696C65736572766572206572726F72208A
:100B3000636F64652025642E0046696C65207369C7
:100B40007A653A2025640D0A004865616465722063
:100B5000436F64653A2025640D0A00536F636B652B
:100B600074206F70656E206661696C656420636FC8
:100B700064652025642E003C703E436C69636B20E5
:100B80003C6120687265663D226973702E636769F7
:100B9000223E686572653C2F613E20616674657215
:100BA00020616C6C204C4544206F6E206574686534
:100BB000726E657420696E74657266616365206229
:100BC0006F6172642077656E74206F66662061675E
:100BD00061696E2E003C703E4C6F6164696E6720E7
:100BE00062696E61727920646174612066726F6DF2
:100BF0002025732E002E62696E003C703E526561A6
:100C0000642066726F6D2025733A205369676E61A8
:100C100074757265202530325820253032582025D1
:100C20003032582C20467573657320253032582099
:100C3000253032582025303258003C703E496E76BF
:100C4000616C6964207369676E6174757265202FC9
:100C500020667573657320666F726D617420696EAE
:100C60002066696C652025733A20257320706F73A8
:100C70006974696F6E2025642E003C703E41637478
:100C800075616C2063686970207369676E61747543
:100C900072652066697473206E6F7420746F2061B2
:100CA0006C6C6F776564207369676E616C747572C4
:100CB000657320696E2025732E004465636F64653B
:100CC000206572726F722025640D0A0020746F20F7
:100CD000706F732025640D0A006675736520636F5D
:100CE00064652066726F6D20706F7320256400202C
:100CF000746F20706F732025640D0A007369676E2E
:100D0000617475726520636F64652066726F6D2013
:100D1000706F73202564003C3C3C0D0A00427566F0
:100D200066657220636F6E74656E743A203E3E3E57
:100D3000003C703E4572726F722072656164696E2C
:100D4000672025732028636F6465202564292E00A1
:100D50002072656164696E6720256420627974651C
:100D6000730D0A00526561642073746172742061AE
:100D70007420706F73202564003C703E446F776E62
:100D80006C6F61642025732066696C65736572768B
:100D90006572206572726F7220636F6465202564CE
:100DA0002E003C703E446F776E6C6F61642025733B
:100DB00020736F636B6574206F70656E2066616968
:100DC0006C656420636F64652025642E002E747842
:100DD000740050726F6772616D6D206964656E7426
:100DE000697479202573004572726F723A206E6FB4
:100DF0002073657276657220706174682073706507
:100E00006369666965642E2000696E7465726E613F
:100E10006C204572726F723A20696E76616C6964FB
:100E200020706172616D657465722E20436C696318
:100E30006B203C6120687265663D226973702E6389
:100E40006769223E686572653C2F613E20746F20A1
:100E5000636F6E74696E75652E003C6269673E5300
:100E600069676E617475726520726561646F75740F
:100E7000206661696C65642E20436865636B20633E
:100E80006F6E6E656374696F6E20746F207461722B
:100E900067657420626F6172642E3C2F6269673EE1
:100EA0000069746C780054785032004E6F20696489
:100EB000656E74696669636174696F6E206F6E2018
:100EC000636F6E6E656374656420746172676574C8
:100ED00020666F756E642E2053656C656374207098
:100EE000726F6772616D206D616E75616C6C792EC9
:100EF00020003C6269673E4953502070726F6772F0
:100F0000616D20656E61626C65206661696C656407
:100F10002E20436865636B20636F6E6E6563746932
:100F20006F6E20746F2074617267657420626F61E8
:100F300072642E3C2F6269673E003C68333E426516
:100F4000666F72652073746172742070726F67725D
:100F5000616D6D696E6720616374696F6E20636F88
:100F60006E6E6563742074617267657420626F6170
:100F70007264206279207370656369616C206361BB
:100F8000626C653C2F68333E3C703E003C703E52C4
:100F90006573756C74206F66206C617374206F705C
:100FA00065726174696F6E3A3C703E3C6269673E7F
:100FB00025733C2F6269673E005374617274207020
:100FC000726F6772616D6D696E670057686174203A
:100FD000746F2070726F6772616D20286C65617626
:100FE0006520656D70747920666F72206175746F0D
:100FF0002D646574656374696F6E2900506174684F
:1010000020746F2073657276657220666F7220623D
:10101000696E6172696573006973702E6367690038
:1010200048747470526561644865616465723A2001
:10103000526573203D2025640D0A00436F6E746570
:101040006E742D4C656E6774683A00485454502F86
:10105000003C3C2076657261726265697465742E2D
:101060000D0A004874747052656164486561646576
:10107000723A205A65696C65203E3E00487474706F
:10108000526561644865616465723A2054696D65B2
:101090006F75740D0A004874747052656164486518
:1010A000616465723A20476574536F636B6574447D
:1010B0006174612829204665686C65720D0A000D0F
:1010C0000A0D0A00474554202F25732048545450D8
:1010D0002F312E300D0A557365722D4167656E7480
:1010E0003A20576765742F312E31312E340D0A4165
:1010F00063636570743A202A2F2A0D0A486F73744F
:101100003A2000487474704765743A20436F6E6EDD
:10111000656374206661696C65642E0D0A0048740D
:1011200074704765743A204950206E6F7420666F62
:10113000756E642E0D0A00487474704765743A2009
:10114000696E76616C696420706174682E0D0A00A6
:101150003C703E436C69636B203C6120687265663D
:101160003D226973702E636769223E686572653C33
:101170002F613E20746F20636F6E74696E75652EEB
:101180000070726F6769640073657276706174686D
:1011900000673D423D1C3DF33CBD3C943C383CEB7C
:1011A0003BD33BBB3B8D3B623B383B153BA93A4AAB
:1011B0003A373A273A0B3AF239D939C239AE399A25
:1011C00039773957394E394839353923390A39F49D
:1011D00038D438BE38A03880387838703848381E4F
:1011E000380238DE37C037A6378537643757374B74
:1011F0003732371E37113706370037FB36E536CE24
:10120000366F3611366135C134A2348634613441CB
:10121000341934FD33F333EC33CE33B633913377B3
:1012200033473316330933FC32DA32BE3285326744
:10123000322432F831EE31E131D631CF31C131B91A
:10124000318E317A3149312231E130A23088304D4E
:1012500030493043302F301130FE2FD32FAA2F7A50
:101260002F4B2F1D2FE62EB52E8D2E6C2E492E299D
:101270002E0A2EF22DEC2DE52DD32DBC2DB82DB23E
:101280002D892D6E2D3E2D1B2DF12CD92CB22C919C
:101290002C632C322C162C002CDA2BBD2BB92BB541
:1012A0002BAB2BA02B8F2B802B6E2B5D2B462B3744
:1012B0002B2C2B232B002BEA2AC92AA72A2B2ABB4B
:1012C000293E29C828A728932857281E28EE27BF7B
:1012D000279C277827492722270527E926A3266662
:1012E000261A26E425C525A12575254C252625F990
:1012F00024DF24C524BB24B42495247E2477246EC3
:10130000245C2451243F24332417240824D623ACFE
:10131000238923672332230923E422B7221C209543
:101320001DC61C191C681BDA1AD01AC91AC41ABFA8
:101330001AB71AAF1AAA1AA51A9B1A8F1A891A83F2
:101340001A7A1A731A6F1A6A1A641A5E1A541A4CA5
:101350001A461A401A381A301A2A1A241A181A1356
:101360001A031AFF19D919B8199219711967195C5A
:10137000194D193E1935192C191019F718D818C319
:10138000189C187C1831180018E817D817BB17A735
:1013900017691736170717DE16BB169E1673164900
:1013A000162A160C16F515E215BF15A315501507CC
:1013B00015EF14D514A6148414681458143F142976
:1013C0001420141714F613C913557365206461793A
:1013D0006C6967687420736176696E672074696DE3
:1013E0006520286575726F7065616E207374616E1B
:1013F000646172642900536F6D6D65727A656974FA
:10140000206175746F6D61746973636820756D73A5
:1014100074656C6C656E0054696D657A6F6E6500FD
:101420005A6569747A6F6E650054696D65207365DD
:101430007276657220686F7374206E616D65004806
:101440006F73746E616D6520646573205A6569748D
:1014500073657276657273005573652074696D6586
:1014600020736572766572005568727A65697420BA
:10147000766F6D2053657276657220616266726167
:1014800067656E006469726563746F7279206F7549
:1014900074206F662073706163652C206E6F7420FA
:1014A0007361766564005275666E756D6D65726EFA
:1014B0002D5665727A656963686E697320766F6C04
:1014C0006C2C206E6963687420676573706569634E
:1014D00068657274004572726F7220696E2064696B
:1014E000726563746F727920454550524F4D0046C6
:1014F00065686C657220696D205A757361747A2D08
:10150000454550524F4D003C62723E6261636B2014
:10151000746F203C6120687265663D226974656C59
:1015200065782D746C6E7665727A2E6367693F7389
:1015300070723D656E223E73756273637269626597
:1015400072206469726563746F72793C2F613E002A
:101550003C62723E5A75722675756D6C3B636B20EA
:101560007A756D203C6120687265663D22697465FC
:101570006C65782D746C6E7665727A2E6367693F40
:101580007370723D6465223E5465696C6E65686D6A
:1015900065722D5665727A656963686E69733C2F52
:1015A000613E004572726F723A20696E76616C69B5
:1015B00064206367692D63616C6C3A202573004673
:1015C00065686C65723A20756E6775656C746967DD
:1015D0006572204347492D4175667275663A20252C
:1015E0007300636F6D706C6574656C7920636C65F6
:1015F00061726564006B6F6D706C657474206765F3
:101600006C266F756D6C3B73636874006C6F6164FE
:101610006564207375636365737366756C6C79209C
:10162000282564206279746529004572666F6C67AD
:1016300072656963682067656C6164656E20282542
:101640006420427974657329003C623E4572726F72
:1016500072206174206C6F6164696E672028636F0B
:10166000646573202564202F2025303258293C2FB3
:10167000623E003C623E4665686C65722062656948
:101680006D204C6164656E2028436F64657320256E
:1016900064202F2025303258293C2F623E00736190
:1016A000766564207375636365737366756C6C79B6
:1016B00020282564206279746529004572666F6C64
:1016C00067726569636820676573706569636865DB
:1016D00072742028256420427974657329003C6265
:1016E0003E4572726F7220617420736176696E6715
:1016F0002028636F646573202564202F20253032F5
:1017000058293C2F623E003C623E4665686C65721B
:10171000206265696D2053706569636865726E202B
:1017200028436F646573202564202F2025303258AC
:10173000293C2F623E003C623E466F726D6572200E
:101740006E756D62657220256C6420636F756C64C4
:10175000206E6F742062652064656C657465642119
:101760003C2F623E3C62723E003C623E416C7465BE
:10177000204E756D6D657220256C64206B6F6E6EEA
:101780007465206E696368742067656C266F756D7B
:101790006C3B736368742077657264656E213C2FBF
:1017A000623E3C62723E00456E74727920756E63D3
:1017B00068616E6765643C62723E0045696E747272
:1017C000616720756E7665722661756D6C3B6E641F
:1017D0006572743C62723E00456E7472792073616A
:1017E0007665643C62723E0045696E747261672082
:1017F00067657370656963686572743C62723E0008
:101800003C623E4E756D62657220616C726561640A
:101810007920757365642C206368616E6765206E3E
:101820006F742073617665643C2F623E3C62723E49
:10183000003C623E5275666E756D6D65722069730F
:10184000742062657265697473207665726765627B
:10185000656E2C202641756D6C3B6E646572756EED
:1018600067206E6963687420676573706569636873
:101870006572743C2F623E3C62723E003C62723E76
:101880004C616E6775616765206368616E6765644A
:1018900020746F20456E676C697368003C62723E0D
:1018A000537072616368652067652661756D6C3B76
:1018B0006E64657274206E6163682044657574732C
:1018C0006368003C623E756E6368616E6765643C88
:1018D0002F623E3C62723E003C623E6B65696E6503
:1018E000202641756D6C3B6E646572756E673C2F8A
:1018F000623E3C62723E003C623E547970652075E7
:101900006E6B6E6F776E213C2F623E3C62723E00C2
:101910003C623E556E62656B616E6E7465722054FA
:101920007970213C2F623E3C62723E003A20495061
:1019300020257320003A20495020257320003A20AA
:10194000486F73746E616D6520257320003A2048DE
:101950006F73746E616D652025732000666F726D04
:10196000657220256C64006568656D2E20256C64A9
:10197000004469726563746F727920656E74727960
:101980003A3C62723E4E756D6265723A20256C6417
:1019900020005465696C6E65686D657265696E746A
:1019A0007261673A3C62723E5275666E756D6D6526
:1019B000723A20256C6420003C623E4E756D626573
:1019C000722030206E6F7420616C6C6F77656421BB
:1019D0003C2F623E3C62723E003C623E5275666E37
:1019E000756D6D65722030206E6963687420657254
:1019F0006C61756274213C2F623E3C62723E0061F4
:101A000064640048696E7A75662675756D6C3B670F
:101A1000656E0065646974002641756D6C3B6E648B
:101A200065726E00654D61696C00654D61696C00A1
:101A3000692D54656C657800692D54656C65780076
:101A400041534349490041736369690064656C65AA
:101A50007465640067656C6F6573636874004479CE
:101A60006E49500044796E495000547970650054B5
:101A70007970006C6F636B65640067657370657285
:101A80007274006C6F63616C004C6F6B616C00442E
:101A90006972656374206469616C0044757263687F
:101AA0007761686C00506F727400506F72740041FF
:101AB0006464726573730041647265737365004E8C
:101AC000616D65004E616D65004E756D62657200F9
:101AD0005275666E756D6D6572004E6F20656E7421
:101AE00072696573207965743C703E3C6120687250
:101AF00065663D226974656C65782D746C6E7665DB
:101B0000727A2E6367693F6C6F6164223E726573FF
:101B1000746F7265206C61737420736176656420E4
:101B2000656E74726965733C2F613E3C62723E3C27
:101B30006120687265663D226974656C65782D74F4
:101B40006C6E7665727A2E6367693F656469743D71
:101B500030223E61646420656E7472793C2F613E70
:101B60003C2F666F726D3E004E6F6368206B656937
:101B70006E652045696E74722661756D6C3B676594
:101B800020766F7268616E64656E3C703E3C6120C9
:101B9000687265663D226974656C65782D746C6E3B
:101BA0007665727A2E6367693F6C6F6164223E6767
:101BB00065737065696368657274652044617465F6
:101BC0006E207769656465726865727374656C6CA4
:101BD000656E3C2F613E3C62723E3C6120687265DE
:101BE000663D226974656C65782D746C6E766572DD
:101BF0007A2E6367693F656469743D30223E4869A7
:101C00006E7A75662675756D6C3B67656E3C2F61E7
:101C10003E3C2F666F726D3E003C612068726566C7
:101C20003D226974656C65782D746C6E7665727A88
:101C30002E6367693F73617665223E736176652026
:101C40006E6F6E2D766F6C6174696C653C2F613EB2
:101C50003C62723E3C6120687265663D2269746533
:101C60006C65782D746C6E7665727A2E6367693F49
:101C70006C6F6164223E6469736361726420616C9D
:101C80006C206368616E6765733C2F613E3C6272D5
:101C90003E3C6120687265663D226974656C6578BA
:101CA0002D746C6E7665727A2E6367693F636C651E
:101CB0006172223E636C65617220616C6C3C2F61C5
:101CC0003E3C62723E003C6120687265663D22695E
:101CD00074656C65782D746C6E7665727A2E6367A8
:101CE000693F73617665223E6E69636874666C262F
:101CF00075756D6C3B6368746967207370656963A3
:101D00006865726E3C2F613E3C62723E3C612068A9
:101D10007265663D226974656C65782D746C6E76AB
:101D200065727A2E6367693F6C6F6164223E616CF5
:101D30006C65202641756D6C3B6E646572756E67CF
:101D4000656E2076657277657266656E3C2F613EC2
:101D50003C62723E3C6120687265663D2269746532
:101D60006C65782D746C6E7665727A2E6367693F48
:101D7000636C656172223E6B6F6D706C657474206C
:101D80006C266F756D6C3B736368656E3C2F613EAE
:101D90003C62723E003C7461626C6520626F7264EA
:101DA00065723D2231222063656C6C7061646469E8
:101DB0006E673D2232222063656C6C7370616369CB
:101DC0006E673D2230223E3C74723E3C7468206156
:101DD0006C69676E3D226C656674223E4E756D625D
:101DE00065723C62723E736F7274203C612068724F
:101DF00065663D226974656C65782D746C6E7665D8
:101E0000727A2E6367693F736F72743D6E756D6D84
:101E10006572223E312D393C2F613E203C612068A5
:101E20007265663D226974656C65782D746C6E769A
:101E300065727A2E6367693F736F72743D6E756D5C
:101E40006D6572266162223E392D313C2F613E3C28
:101E50002F74683E3C746820616C69676E3D226C2B
:101E6000656674223E4E616D653C62723E736F72B0
:101E700074203C6120687265663D226974656C65FA
:101E8000782D746C6E7665727A2E6367693F736F16
:101E900072743D6E616D65223E412D5A3C2F613E4C
:101EA000203C6120687265663D226974656C6578C6
:101EB0002D746C6E7665727A2E6367693F736F72EC
:101EC000743D6E616D65266162223E5A2D413C2F44
:101ED000613E3C2F74683E3C746820616C69676E9B
:101EE0003D2263656E746572223E5370656369615D
:101EF0006C733C2F74683E3C746820616C69676E3B
:101F00003D226C656674223E547970653C2F74687E
:101F10003E3C746820616C69676E3D226C65667436
:101F2000223E416464726573733C2F74683E3C7456
:101F30006820616C69676E3D2263656E746572220C
:101F40003E506F72743C2F74683E3C746820616C24
:101F500069676E3D2263656E746572223E446972E4
:101F6000656374206469616C3C2F74683E3C7468DE
:101F700020616C69676E3D2263656E746572223EF6
:101F80004368616E6765643C62723E736F72742071
:101F90003C6120687265663D226974656C65782DC8
:101FA000746C6E7665727A2E6367693F736F7274B4
:101FB0003D646174756D223E6173632E3C2F613EFA
:101FC000203C6120687265663D226974656C6578A5
:101FD0002D746C6E7665727A2E6367693F736F72CB
:101FE000743D646174756D266162223E646573633D
:101FF0002E3C2F613E3C2F74683E3C746820616C1F
:1020000069676E3D226C656674223E416374696F38
:102010006E3C2F74683E3C2F74723E003C746162CB
:102020006C6520626F726465723D223122206365A7
:102030006C6C70616464696E673D22322220636556
:102040006C6C73706163696E673D2230223E3C7434
:10205000723E3C746820616C69676E3D226C6566F7
:1020600074223E5275666E756D6D65723C62723E8D
:10207000736F727469657265203C61206872656671
:102080003D226974656C65782D746C6E7665727A24
:102090002E6367693F736F72743D6E756D6D657207
:1020A000223E312D393C2F613E203C612068726513
:1020B000663D226974656C65782D746C6E76657208
:1020C0007A2E6367693F736F72743D6E756D6D65CF
:1020D00072266162223E392D313C2F613E3C2F74C5
:1020E000683E3C746820616C69676E3D226C656671
:1020F00074223E4E616D653C62723E736F7274690C
:10210000657265203C6120687265663D2269746570
:102110006C65782D746C6E7665727A2E6367693F94
:10212000736F72743D6E616D65223E412D5A3C2F76
:10213000613E203C6120687265663D226974656C71
:1021400065782D746C6E7665727A2E6367693F735D
:102150006F72743D6E616D65266162223E5A2D413B
:102160003C2F613E3C2F74683E3C746820616C6972
:10217000676E3D2263656E746572223E4265736FC1
:102180006E642E3C2F74683E3C746820616C6967F5
:102190006E3D226C656674223E5479703C2F7468E3
:1021A0003E3C746820616C69676E3D226C656674A4
:1021B000223E416472657373653C2F74683E3C74C3
:1021C0006820616C69676E3D2263656E746572227A
:1021D0003E506F72743C2F74683E3C746820616C92
:1021E00069676E3D2263656E746572223E44757246
:1021F00063687761686C3C2F74683E3C746820614A
:102200006C69676E3D2263656E746572223E6C6513
:10221000747A74653C62723E56657277656E647559
:102220006E673C62723E736F727469657265203CC2
:102230006120687265663D226974656C65782D74ED
:102240006C6E7665727A2E6367693F736F72743D48
:10225000646174756D223E6175663C2F613E203C61
:102260006120687265663D226974656C65782D74BD
:102270006C6E7665727A2E6367693F736F72743D18
:10228000646174756D266162223E61623C2F613E1D
:102290003C2F74683E3C746820616C69676E3D2217
:1022A0006C656674223E416B74696F6E3C2F746876
:1022B0003E3C2F74723E0073686F7720636F6D70C1
:1022C0006C657465206469726563746F72792077D8
:1022D000697468207072697661746520656E7472C5
:1022E000696573007A6569676520766F6C6C7374D5
:1022F0002661756D6C3B6E64696765732056657207
:102300007A656963686E6973003C68333E50756234
:102310006C696320737562736372696265722064AD
:1023200069726563746F72793C2F68333E3C6272E8
:102330003E003C68333E264F756D6C3B6666656EAD
:10234000746C6963686573205465696C6E65686D4B
:1023500065727665727A656963686E69733C2F6829
:10236000333E3C62723E003C68333E537562736399
:102370007269626572206469726563746F72793C18
:102380002F68333E3C62723E003C68333E546569C0
:102390006C6E65686D65727665727A656963686E84
:1023A00069733C2F68333E3C62723E00696E766111
:1023B0006C696420656E747279202873656520618C
:1023C00066746572202667743B2667743B266774C3
:1023D0003B20293A20006665686C65726861667406
:1023E0006520416E676162652028736965686520B4
:1023F00068696E746572202667743B2667743B2695
:1024000067743B20293A20005375626D697420631C
:1024100068616E6765730045696E7374656C6C7591
:102420006E67202655756D6C3B6265726E65686DD2
:10243000656E00206368616E67656420746F0020BC
:1024400067652661756D6C3B6E6465727420696E9C
:102450000020756E6368616E6765640020756E7636
:1024600065722661756D6C3B6E6465727400636F96
:102470006E74696E7565007765697465720054687D
:1024800065206E65772073657474696E677320616B
:1024900072653A2000446965206E6575656E204559
:1024A000696E7374656C6C756E67656E2073696EAA
:1024B000643A20002B2B2B656E64002B2B2B66655A
:1024C00072746967004E756D6265722025732073A2
:1024D000746174757320253032583C62723E004E30
:1024E000756D6D657220257320537461747573204A
:1024F000253032583C62723E00537461747573200B
:102500006F6620616C6C20636F6E6E6563746564CA
:10251000206861726477617265206D6F64756C65A7
:10252000733A3C703E005374617475732064657235
:1025300020616E67657363686C6F7373656E656E3B
:10254000204D6F64756C653A3C703E0050494E20DA
:10255000666F72206469726563746F727920736547
:10256000727665722073796E6368726F6E697361DB
:1025700074696F6E0047656865696D7A61686C2083
:10258000662675756D6C3B72205365727665722D8B
:1025900053796E6368726F6E6973696572756E6781
:1025A0000053756273637269626572206469726553
:1025B00063746F72792073657276657220616464EA
:1025C000726573730041647265737365206465732B
:1025D000205465696C6E65686D65722D5365727601
:1025E0006572730052656D6F746520636F6E6E6502
:1025F0006374696F6E2073657276657220616E64B4
:102600002064796E616D6963204950206172652094
:102610006578636C75736976650056657262696E7C
:1026200064756E677362722675756D6C3B636B655E
:102630006E73657276657220756E642044796E6182
:102640006D6973636865204950206E696368742002
:1026500067656D65696E73616D2076657277656E0D
:10266000646261722E00557365207065726D616ED3
:10267000656E742073657276657220636F6E6E6529
:102680006374696F6E2064756520746F206E6F6E61
:102690002D7075626C6963204950206164647265B5
:1026A0007373005374616E6476657262696E6475EB
:1026B0006E67207A756D2053657276657220776536
:1026C00067656E206E696368742D266F756D6C3B4F
:1026D0006666656E746C6963686572204950207621
:1026E000657277656E64656E005075626C69632013
:1026F000696E7465726E657420706F7274206E7589
:102700006D62657200266F756D6C3B6666656E74F2
:102710006C6963686520506F72742D4E756D6D65C0
:1027200072004C6F6F706261636B2074657374200C
:10273000706572696F6420283020746F2073776928
:10274000746368206F6666290056657262696E64FC
:10275000756E6773746573742D506572696F646507
:1027600020283020662675756D6C3B72206B65697C
:102770006E2054657374290044796E616D6963201D
:10278000757064617465206F6620495020616464CF
:1027900072657373206163746976650044796E6154
:1027A0006D69736368652049502D416B7475616C68
:1027B0006973696572756E6720616B746976005024
:1027C000494E20666F72207369676E20696E2061C2
:1027D00074207375627363726962657220646972D2
:1027E0006563746F727920736572766572004765F0
:1027F0006865696D7A61686C207A757220416E6DCA
:10280000656C64756E67206265696D205275666ED1
:10281000756D6D65726E2D536572766572003C62E2
:1028200069673E3C623E266C743B3D3D3D206D75C4
:1028300073742068617665206669766520746F2000
:102840006E696E6520646967697473213C2F623E0E
:102850003C2F6269673E003C6269673E3C623E26EF
:102860006C743B3D3D3D206D7573732066FC6E6658
:1028700020626973206E65756E205A69666665729E
:102880006E20686162656E213C2F623E3C2F62695A
:10289000673E0053756273637269626572277320C5
:1028A0006E756D62657200656967656E652052754B
:1028B000666E756D6D657220696D20692D74656C2D
:1028C00065782D4E65747A00436F6E666967757220
:1028D0006174696F6E207061676573206172652035
:1028E0006C6F636B656420616761696E2E20466F53
:1028F0007220756E6C6F636B696E6720656E7465B0
:10290000722070617373776F7264206F72207075BC
:10291000736820627574746F6E20617420657468CA
:1029200065726E657420696E746572666163652098
:102930006D6F64756C652074776963652E004B6FED
:102940006E66696775726174696F6E7373656974B9
:10295000656E2073696E64206E756E206765737096
:10296000657272742E205A757220467265696761AD
:1029700062652077696564657220646173205061C7
:102980007373776F72742065696E676562656E2018
:102990006F646572205461737465206465722042AF
:1029A00061756772757070652032207820647226B8
:1029B00075756D6C3B636B656E2E00466972737442
:1029C0002073656C6563742070617373776F7264D4
:1029D00020696E203C6120687265663D22697465DD
:1029E0006C65786366672D696E7465726E2E6367B9
:1029F000693F7370723D656E222074617267657401
:102A00003D226D61696E223E53657474696E677311
:102A100020666F7220746865206C6F63616C207330
:102A2000797374656D3C2F613E21007A756E266165
:102A3000756D6C3B636873742050617373776F724C
:102A40007420696E203C6120687265663D2269745D
:102A5000656C65786366672D696E7465726E2E634A
:102A600067693F7370723D646522207461726765A7
:102A7000743D226D61696E223E45696E7374656CAA
:102A80006C756E67656E20696D206C6F6B616C652F
:102A90006E2053797374656D3C2F613E2065696EBD
:102AA000676562656E21003C62723E5061737377A8
:102AB0006F7264206368616E676564206966206E6A
:102AC0006563657373617279003C62723E4B656E3B
:102AD0006E776F7274206767662E20676526617552
:102AE0006D6C3B6E646572742E0020636F756C6450
:102AF000206E6F74206265206368616E6765640094
:102B0000206B6F6E6E7465206E69636874206765F4
:102B10002661756D6C3B6E646572742077657264B6
:102B2000656E006E65772074657874006E657565F6
:102B3000722054657874006C696E6520746F206330
:102B400068616E6765007A75202661756D6C3B6EF5
:102B50006465726E6465205A65696C65006C6F63AC
:102B6000616C20616E642063616C6C6572006C6FD7
:102B70006B616C20756E6420416E727566657200C3
:102B80006F6E6C792061742063616C6C6572006E8D
:102B90007572206265696D20416E7275666572009E
:102BA0006F6E6C79206C6F63616C006E7572206C57
:102BB0006F6B616C006F66660061757300507269BF
:102BC0006E742064617465206F6E20696E636F6D32
:102BD000696E672063616C6C7300446174756D206D
:102BE00062656920416E727566656E206175746FED
:102BF0006D61746973636820647275636B656E00E0
:102C00006C6F6E672073657276696365206D65739E
:102C10007361676573004469656E73746D656C6498
:102C2000756E67656E20696E204C616E67666F72A7
:102C30006D004C6F63616C207375627363726962BF
:102C40006572206469726563746F72792076697346
:102C500069626C6520666F72206576657279626F55
:102C60006479005465696C6E65686D65722D566592
:102C7000727A656963686E697320662675756D6C16
:102C80003B7220616C6C6520736963687462617269
:102C90000050617373776F726420666F7220636F88
:102CA0006E66696775726174696F6E2070616765C1
:102CB000730050617373776F727420662675756D3B
:102CC0006C3B72204B6F6E66696775726174696FD9
:102CD0006E7373656974656E004D657373616765C6
:102CE0002066696C746572696E67206C6576656CC8
:102CF000004C6576656C20662675756D6C3B7220A0
:102D0000447275636B6175736761626520766F6E7F
:102D1000204D656C64756E67656E004C6F67676902
:102D20006E67206C6576656C20666F7220646972D0
:102D30006563746F72792073657276657200546989
:102D4000656665206465722050726F746F6B6F6C7E
:102D50006C696572756E6720662675756D6C3B7261
:102D6000205465696C6E2D536572766572004F75DF
:102D700074707574206D6F6465206F662073657262
:102D800069616C20706F7274004175736761626570
:102D90002D4D6F64757320616E2073657269656C6B
:102DA0006C6572205363686E6974747374656C6CBF
:102DB00065006E65766572006E6965006F6E6C7990
:102DC0002077697468206469726563742063616C3C
:102DD0006C73006E7572206D69742044757263683F
:102DE0007761686C00616C7761797300696D6D65FE
:102DF0007200616363657074204153434949206DDB
:102E00006F64652063616C6C7300416E72756665FA
:102E100020696D2041534349492D4D6F64757320DE
:102E2000616E6E65686D656E0042726F61646361AC
:102E300073742074696D6520746F206F7468657297
:102E4000206D6F64756C6573005568727A6569747E
:102E500020616E20616E64657265204D6F64756CD3
:102E600065207665727465696C656E004175746F76
:102E70006D61746963206C696E6520627265616B57
:102E800020617420706F736974696F6E004175748E
:102E90006F6D6174697363686572205A65696C65EA
:102EA0006E756D627275636820616E20506F736914
:102EB00074696F6E00557365206E657720696E7456
:102EC00065726E616C206275732070726F746F63CF
:102ED0006F6C202866726F6D2076657273696F6EF5
:102EE0002034353029004E6575657320696E746530
:102EF000726E65732042757370726F746F6B6F6C56
:102F00006C2076657277656E64656E20286162203C
:102F100056657273696F6E203435302900426175D1
:102F2000647261746573206F66206D6F64756C6583
:102F30007320286578616D706C653A2037302D37C5
:102F4000393A37352C2A3A35302900426175647296
:102F50006174656E20646572204D6F64756C6520C8
:102F600028426569737069656C3A2037302D3739AE
:102F70003A37352C2A3A353029005365636F6E6431
:102F80006172792063616C6C206E756D626572731D
:102F9000206C697374202873657061726174652098
:102FA000627920636F6D6D61290065726C61756275
:102FB00074652044757263687761686C656E20285B
:102FC0006D6974204B6F6D6D61207472656E6E65F6
:102FD0006E2900616C736F20666F72206469726580
:102FE00063742063616C6C7320746F207365636F0E
:102FF0006E64617279207072696E746572006175B9
:103000006368206265692044757263687761686CE3
:10301000006F6E6C792063616C6C7320746F20702C
:1030200072696D617279207072696E746572006E7A
:103030007572206265692048617570747374656C7F
:103040006C65006E65766572006E696500466F722C
:10305000776172642063616C6C7320746F20616CA3
:103060007465726E61746976652074656C657072E2
:10307000696E7465722069662063616C6C6564209A
:1030800069732062757379005765697465726C6540
:103090006974756E67206265692062657365747A0C
:1030A0007400496E7465726E616C2063616C6C2093
:1030B0006E756D626572206F66207072696D6172E7
:1030C000792074656C657072696E74657220666FC4
:1030D0007220696E636F6D696E672063616C6C73DB
:1030E00000696E7465726E652044757263687761FD
:1030F000686C206465722048617570747374656CC7
:103100006C6520662675756D6C3B72206B6F6D6DFE
:10311000656E64652056657262696E64756E67657A
:103120006E005072696D6172792074656C657072A1
:10313000696E74657220666F7220696E636F6D6967
:103140006E672063616C6C730066657374652048FC
:10315000617570747374656C6C6520662675756D29
:103160006C3B72206B6F6D6D656E64652056657289
:1031700062696E64756E67656E004F75747369641D
:1031800065206C696E65206E756D626572004E65B6
:10319000747A2D566F727761686C20662675756D2E
:1031A0006C3B7220676568656E6465205665726267
:1031B000696E64756E67656E0052656672657368E8
:1031C00000416B7475616C6973696572656E00208E
:1031D00053656E64200020416273656E64656E20E5
:1031E00000456E74657220746578743A20004569F4
:1031F0006E676162653A2000496E7465726661634C
:10320000652069732064652D6163746976617465F6
:10321000642E2054727920616761696E206C61743C
:1032200065722E005363686E6974747374656C6C98
:103230006520697374206465616B74697669657271
:10324000742E2042697474652073702661756D6CEC
:103250003B74657220776965646572207665727368
:10326000756368656E2E00436F6E6E656374696F7B
:103270006E20627573792C20706C656173652077A0
:103280006169742E004573206265737465687420EB
:10329000626572656974732065696E6520616E642C
:1032A0006572652056657262696E64756E672C2062
:1032B00062697474652077617274656E2E00456E64
:1032C000746572207465787420746F2073746172F1
:1032D00074207072696E74657200546578746569E3
:1032E0006E676162652073746172746574204665EF
:1032F000726E736368726569626572007072696E7E
:10330000746564207465787400447275636B7370BF
:10331000696567656C00756E617574686F72697355
:1033200065642061636365737320746F206C6F63E1
:103330006B656420636F6E66696775726174696F2F
:103340006E207061676500756E6175746F72697368
:10335000696572746572205A756772696666206164
:103360007566204B6F6E66696775726174696F6E02
:103370007373656974650050616765206C6F636B7A
:103380006564206279206F74686572207573657258
:103390000053656974652067657370657272742087
:1033A000766F6E20616E646572656D20416E776523
:1033B0006E646572210057726F6E6720706173735F
:1033C000776F726420656E74657265642100466172
:1033D0006C7363686573204B656E6E776F727420D3
:1033E00065696E6765676562656E2100556E6C6F15
:1033F000636B0046726569676562656E0050616760
:1034000065206C6F636B65642120456E7465722066
:1034100070617373776F72640053656974652067B8
:103420006573706572727421204269747465204BF3
:10343000656E6E776F72742065696E676562656E22
:1034400000696E7465726E616C2064697265637484
:103450006F7279206F7574206F6620737061636579
:1034600000696E7465726E6573205275666E756D57
:103470006D65726E2D5665727A656963686E6973E3
:1034800020766F6C6C00737562736372696265722B
:10349000206E756D626572206E6F74206B6E6F7733
:1034A0006E006765776165686C7465204E756D6D3B
:1034B0006572206E696368742062656B616E6E74FC
:1034C0000050494E20666F72207369676E20696EE6
:1034D000206174207375627363726962657220641F
:1034E00069726563746F7279207365727665722094
:1034F00077726F6E672E0D0A706C6561636520636D
:103500006F6E746163742061207365727665722DCD
:1035100061646D696E6973747261746F722E0D0AE5
:1035200064796E616D69632069702075706461747F
:103530006520616E642072656D6F746520636F6EC7
:103540006E656374696F6E20736572766572207341
:1035500077697463686564206F6666206E6F772E86
:103560000067656865696D7A61686C20667565726B
:1035700020616E6D656C64756E67206265696D2093
:103580007275666E756D6D65726E2D73657276659A
:10359000722066616C7363682E0D0A6269747465CB
:1035A00020626569207365727665722D61646D694C
:1035B0006E6973747261746F72206D656C64656E90
:1035C0002E0D0A64796E616D697363686520697098
:1035D00020616B7475616C6973696572756E6720C3
:1035E000756E642072656D6F74652D736572766596
:1035F0007220616E62696E64756E672077757264A1
:10360000656E2061626765736368616C7465742EB2
:10361000004C6F6F706261636B2063616C6C20663D
:1036200061696C656420636F6E7374616E746C792C
:103630002E20436865636B20726F7574657220631A
:103640006F6E66696775726174696F6E2E0D0A4CD4
:103650006F6F706261636B2D546573742077617353
:10366000207377697463686564206F66662E005303
:10367000656C6273742D416E727566206D6568723B
:103680006661636820766572736167742C20526F7F
:10369000757465722D4B6F6E6669677572617469BA
:1036A0006F6E207072756566656E2E0D0A53656CBF
:1036B0006273742D416E7275662077757264652031
:1036C00061626765736368616C7465742E000D0ACE
:1036D0002F2F2F696E7465726E616C206D65737328
:1036E00061676520000D0A2F2F2F696E7465726E59
:1036F00065206D656C64756E6720004461746500BB
:10370000446174756D006C6F63616C2049503A20A0
:1037100000696E7465726E652049503A20006E6FC4
:10372000206D61746368696E6720656E7472790DCF
:103730000A006B65696E2070617373656E646572F3
:103740002065696E747261670D0A00656E64202BD6
:103750002B2B2B0D0A0A00656E6465202B2B2B2B5F
:103760000D0A0A002020206E756D626572202D20E2
:103770006E616D65202D20636F6E6E656374696F79
:103780006E3A0D0A002020206E756D6D6572202D39
:10379000206E616D65202D2076657262696E64759C
:1037A0006E673A0D0A006C6F63616C6C79207374FC
:1037B0006F72656420656E74726965733A0D0A00F4
:1037C0006C6F6B616C20766F7268616E64656E659C
:1037D0002065696E7472616567653A0D0A006572ED
:1037E000726F7220696E20737562736372696265AD
:1037F000722073657276657220616E737765722EC2
:1038000020006665686C6572206265692073657268
:103810007665722D616266726167652E2000656E45
:10382000746572206174206C6561737420746872B1
:10383000656520636861726163746572732E202010
:10384000202020200D0A0A006D696E64657374657E
:103850006E732033207A65696368656E2065696ED2
:10386000676562656E2E2020202020200D0A0A0048
:103870000D0A6D6F6D0D0A000D0A6D6F6D0D0A005A
:103880000D0A736561726368207375627363726990
:103890006265727320666F723A202020202020001B
:1038A0000D0A7465696C6E65686D65727375636821
:1038B00065206E6163683A202020202020004C6F34
:1038C0007374206C6F63616C20636F6E6E656374DC
:1038D000696F6E00496E7465726E6520566572621E
:1038E000696E64756E6720756E74657262726F635F
:1038F00068656E004C6F63616C20636F6E6E65630C
:1039000074696F6E206275737900416E7363686CC1
:1039100075737320696E7465726E20626573657469
:103920007A74007370656369616C206D657373618F
:1039300067653A2000736F6E7374696765206D6503
:103940006C64756E673A2000627265616B00676532
:103950007472656E6E74005375627363726962652A
:103960007220616273656E74202F206465616374D8
:10397000697661746564005465696C6E65686D652F
:1039800072206162776573656E64202F20616267C3
:1039900065736368616C74657400537562736372F8
:1039A000696265722064657261696C656400546562
:1039B000696C6E65686D657220676573746F65729A
:1039C000740053756273637269626572206E6F74FE
:1039D00020616C6C6F776564005465696C6E656816
:1039E0006D6572206E696368742065726C617562C2
:1039F000740053756273637269626572206E6F74CE
:103A000020617661696C61626C65005465696C6EF9
:103A100065686D6572206E69636874206572726591
:103A2000696368626172005375627363726962658B
:103A3000722062757379005465696C6E65686D6596
:103A4000722062657365747A740074696D652073A1
:103A50006572766572206E6F7420617661696C6143
:103A6000626C652E20737562736372696265722081
:103A7000736572766572206E6F74207374617274F0
:103A800065642C20706C6561736520726573746168
:103A90007274207468697320696E746572666163FC
:103AA0006520616761696E2E005A6569742D5365E2
:103AB0007276657220776172206E69636874207611
:103AC0006572667565676261722C207465696C6EDB
:103AD00065686D65722D736572766572206E6963B7
:103AE0006874206765737461727465742E206269EE
:103AF000747465206469657365207363686E6974A6
:103B0000747374656C6C65206E6575207374617276
:103B100074656E2E004D61696C206E6F7420737534
:103B200070706F7274656420696E207468697320A8
:103B300076657273696F6E004D61696C20696E20E5
:103B40006469657365722056657273696F6E206E65
:103B50006963687420756E74657273747565747AC0
:103B600074004E6F20636F6E6E656374696F6E20B4
:103B7000746F2073657276657220666F72206F7540
:103B800074676F696E67206D61696C73004B65695E
:103B90006E652056657262696E64756E67207A750F
:103BA0006D204D61696C2D53657276657220667566
:103BB00065722041757367616E6700736572766523
:103BC0007220617661696C61626C65206167616910
:103BD0006E2E007365727665722077696564657212
:103BE0002065727265696368742E006E6F2073754C
:103BF0006273637269626572206469726563746F6F
:103C00007279202F20636F6E6E656374696F6E200A
:103C100073657276657220617661696C61626C654C
:103C20003A20436F6E6E656374696F6E73206D61C9
:103C300079206661696C2E006B65696E2074656918
:103C40006C6E65686D65722D202F207665726269D5
:103C50006E64756E67732D7365727665722065721A
:103C600072656963686261723A2076657262696E34
:103C700064756E67737665727375636865206B6FC4
:103C8000656E6E656E206665686C7363686C6167EF
:103C9000656E2E0054696D656F7574207768696C68
:103CA000652077616974696E6720666F7220612094
:103CB0007265636F6E6E656374696F6E005A6569D5
:103CC00074756562657273636872656974756E6731
:103CD00020626569205769656465726175666E6109
:103CE000686D65206465722056657262696E6475E0
:103CF0006E67004D756C7469706C65206572726FCB
:103D00007273207768696C652073656E64696E678D
:103D1000206F6E206E6574776F726B004D656872F0
:103D20006661636865204665686C657220626569D6
:103D30006D2053656E64656E20696E73204E6574E8
:103D40007A00696E636F6D696E672063616C6C20C9
:103D500063616E63656C6C65642062656361757335
:103D6000652062757379006B6F6D6D656E64657249
:103D700020416E727566206162676577696573655B
:103D80006E20776567656E2062657365747A74006E
:103D90004D4350636F6E666967000D0A000A002587
:103DA0006300436F6E666967206973742025642021
:103DB00062797465732067726F73732C2025642099
:103DC000627974652077657264656E2062656E75D0
:103DD000747A742E204F66667365742025640D0A0C
:103DE0000D0A004F46460057524954455F50524F06
:103DF0005445435400253032783A253032783A25FC
:103E00003032783A253032783A253032783A2530D7
:103E100032780044484350206D7367207479706590
:103E20002035332076616C75652025750D0A0044B8
:103E3000484350206D7367207479706520353320B6
:103E400076616C75652025750D0A0025642E256444
:103E50002E25642E256400206665686C6765736393
:103E6000686C6167656E0D0A00206665686C676541
:103E70007363686C6167656E0D0A00205A6569742A
:103E80003A20253032643A253032643A25303264A3
:103E90002E253032640D0A004E545053455256457B
:103EA00052005554435A4F4E4500207C2D3E204E23
:103EB00054502D536572766572205A65697420617D
:103EC0006B7475616C6973696572656E3A006F6ECB
:103ED000004E545000207C202020444E53202020AF
:103EE000203A2025730D0A00207C20202047617491
:103EF000657761793A2025730D0A00207C20202007
:103F00004E65746D61736B3A2025730D0A00207C39
:103F1000202020495020202020203A2025730D0AFF
:103F2000006F6E0044484350004448435000207CDA
:103F30002D3E205443502028487572726963616E8B
:103F40002D656E67696E652920696E697469616C9B
:103F50006973696572740D0A00207C2D3E205544FA
:103F6000502028546F726E61646F2D656E67696EA4
:103F7000652920696E697469616C69736965727419
:103F80000D0A002D2B2D3E2041525020696E697480
:103F900069616C6973696572740D0A00204C696E01
:103FA0006B2072656164790D0A002046756C6C6443
:103FB00075706C65783A00454E4332386A36302069
:103FC000285265762E3A2025642920696E69746925
:103FD000616C69736965727420282048572D4164AB
:103FE000643A20253032783A253032783A2530321A
:103FF000783A253032783A253032783A253032789E
:104000002029004D4143004D414300207C2D3E209E
:10401000566572737563686520444843502D436F3D
:104020006E666967207A7520686F6C656E2E200059
:10403000444843502D436F6E666967204665686C3F
:1040400067657363686C6167656E0D0A0044484379
:10405000502D436F6E666967206765686F6C740DDD
:104060000A004741544500444E53004D41534B0014
:104070004950000D0A436F6E74656E742D4C656E69
:104080006774683A2025640D0A43616368652D43AF
:104090006F6E74726F6C3A206D61782D6167653D4B
:1040A000333630300D0A436F6E6E656374696F6E20
:1040B0003A20636C6F73650D0A0D0A0062696E0029
:1040C000746578742F68746D6C006A706567007031
:1040D0006E6700485454502F312E3120323030203A
:1040E000446F63756D656E7420666F6C6C6F77736B
:1040F0000D0A436F6E74656E742D547970653A20A5
:10410000000D0A002066726F6D2000687474702DB7
:10411000726571756573743A20002320726F626F47
:1041200074732E747874207A756D20692D74656CA3
:104130006578205765622D496E74657266616365A6
:104140000D0A557365722D6167656E743A202A0DEC
:104150000A446973616C6C6F773A202F0D0A007204
:104160006F626F74732E747874003C48544D4C3EEB
:104170003C484541443E3C2F484541443E3C6672E4
:10418000616D6573657420726F77733D222A2C36DA
:104190003022207363726F6C6C696E673D226E6FA4
:1041A00022206672616D65626F726465723D2232B3
:1041B0002220626F726465723D2232222066726133
:1041C0006D6573706163696E673D22322220626F94
:1041D00072646572636F6C6F723D222330303030D1
:1041E0003030223E3C6672616D65207372633D2201
:1041F0006974656C65782D6D73672D6F75742E63AA
:1042000067693F7370723D656E22206E616D653D1A
:10421000224D73674F757422207363726F6C6C69E3
:104220006E673D226175746F223E3C6672616D65FA
:10423000207372633D226974656C65782D6D7367B8
:104240002D696E2E6367693F7370723D656E222023
:104250006E616D653D224D7367496E2220736372F6
:104260006F6C6C696E673D226E6F223E3C6E6F66AE
:1042700072616D65733E3C626F64793E3C703E498D
:1042800068722042726F7773657220756E74657202
:104290007374C3BC747A74206B65696E6520467252
:1042A000616D6573213C2F703E3C2F626F64793ED7
:1042B0003C2F6E6F6672616D65733E3C2F66726156
:1042C0006D657365743E3C2F48544D4C3E0D0A0D90
:1042D0000A006974656C65782D6D73672D656E2EA7
:1042E00068746D6C003C48544D4C3E3C484541441C
:1042F0003E3C2F484541443E3C6672616D657365A6
:104300007420726F77733D222A2C3630222073631B
:10431000726F6C6C696E673D226E6F2220667261EF
:104320006D65626F726465723D22322220626F7227
:104330006465723D223222206672616D6573706120
:1043400063696E673D22322220626F726465726318
:104350006F6C6F723D2223303030303030223E3C63
:104360006672616D65207372633D226974656C6568
:10437000782D6D73672D6F75742E6367693F737049
:10438000723D646522206E616D653D224D73674FFD
:10439000757422207363726F6C6C696E673D226165
:1043A00075746F223E3C6672616D65207372633D69
:1043B000226974656C65782D6D73672D696E2E6347
:1043C00067693F7370723D646522206E616D653D63
:1043D000224D7367496E22207363726F6C6C696E35
:1043E000673D226E6F223E3C6E6F6672616D657333
:1043F0003E3C626F64793E3C703E49687220427276
:104400006F7773657220756E7465727374C3BC7454
:104410007A74206B65696E65204672616D657321E3
:104420003C2F703E3C2F626F64793E3C2F6E6F666E
:1044300072616D65733E3C2F6672616D6573657464
:104440003E3C2F48544D4C3E0D0A0D0A00697465E0
:104450006C65782D6D73672D64652E68746D6C00C6
:104460003C48544D4C3E3C484541443E3C6C696E92
:104470006B2072656C3D227374796C657368656539
:10448000742220747970653D22746578742F63738B
:10449000732220687265663D227374796C652E63A1
:1044A0007373223E3C2F484541443E3C424F4459A1
:1044B000206267636F6C6F723D2223433046464330
:1044C00030223E3C6120687265663D226974656CED
:1044D00065782D6D656E752D656E2E68746D6C2218
:1044E0003E6261636B3C2F613E202F203C6120685F
:1044F0007265663D226974656C65786366672D69CF
:104500006E746B6F6E662E6367693F7370723D6584
:104510006E22207461726765743D226D61696E223E
:104520003E6C6F63616C206D6F64756C6520636FAA
:104530006E66696775726174696F6E3C2F613E20AB
:104540002F203C6120687265663D226974656C6548
:10455000786366672D696E74626574722E6367692D
:104560003F7370723D656E22207461726765743DA1
:10457000226D61696E223E6C6F63616C2066756EA0
:104580006374696F6E616C6974793C2F613E202F92
:10459000203C6120687265663D226974656C6578AF
:1045A0006366672D65787465726E2E6367693F7305
:1045B00070723D656E22207461726765743D226D74
:1045C00061696E223E692D54656C6578206E657454
:1045D000776F726B2073657474696E67733C2F61BB
:1045E0003E202F203C6120687265663D226974651B
:1045F0006C65782D637265646974732E6367693FB7
:104600007370723D656E22207461726765743D221D
:104610006D61696E223E637265646974733C2F61DB
:104620003E202F203C6120687265663D226E6574D5
:10463000776F726B2D656E2E68746D6C223E4E65C1
:1046400074776F726B3C2F613E202F203C61206895
:104650007265663D2273797374656D2D656E2E6883
:10466000746D6C223E53797374656D3C2F613E20EE
:104670002F203C6120687265663D226974656C6517
:10468000786366672D7370657272656E2E636769F5
:104690003F7370723D656E22207461726765743D70
:1046A000226D61696E223E6C6F636B3C2F613E3CF4
:1046B0002F424F44593E3C2F48544D4C3E0D0A0D5D
:1046C0000A006974656C65786366672D6D656E7543
:1046D0002D656E2E68746D6C003C48544D4C3E3C0C
:1046E000484541443E3C6C696E6B2072656C3D22CE
:1046F0007374796C6573686565742220747970656C
:104700003D22746578742F63737322206872656626
:104710003D227374796C652E637373223E3C2F487F
:104720004541443E3C424F4459206267636F6C6F81
:10473000723D2223433046464330223E3C6120688E
:104740007265663D226974656C65782D6D656E7560
:104750002D64652E68746D6C223E7A7572267575AF
:104760006D6C3B636B3C2F613E202F203C612068C9
:104770007265663D226974656C65786366672D694C
:104780006E746B6F6E662E6367693F7370723D6403
:104790006522207461726765743D226D61696E22C5
:1047A0003E4C6F6B616C65204765722661756D6C60
:1047B0003B74652D4B6F6E66696775726174696FC6
:1047C0006E3C2F613E202F203C6120687265663D63
:1047D000226974656C65786366672D696E746265BD
:1047E00074722E6367693F7370723D646522207432
:1047F00061726765743D226D61696E223E4C6F6B1C
:10480000616C6520426574726965627365696E7377
:1048100074656C6C756E67656E3C2F613E202F2051
:104820003C6120687265663D226974656C657863D9
:1048300066672D65787465726E2E6367693F737065
:10484000723D646522207461726765743D226D61FA
:10485000696E223E45696E7374656C6C756E676532
:104860006E20696D20692D54656C65782D4E6574D8
:104870007A3C2F613E202F203C6120687265663DA6
:10488000226974656C65782D637265646974732E32
:104890006367693F7370723D64652220746172675B
:1048A00065743D226D61696E223E496D707265735B
:1048B00073756D3C2F613E202F203C61206872652E
:1048C000663D226E6574776F726B2D64652E687419
:1048D0006D6C223E4E65747A7765726B3C2F613E3B
:1048E000202F203C6120687265663D2273797374C5
:1048F000656D2D64652E68746D6C223E53797374FA
:10490000656D3C2F613E202F203C612068726566FA
:104910003D226974656C65786366672D7370657296
:1049200072656E2E6367693F7370723D6465222005
:104930007461726765743D226D61696E223E5370C9
:10494000657272656E3C2F613E3C2F424F44593E6A
:104950003C2F48544D4C3E0D0A0D0A006974656C9D
:1049600065786366672D6D656E752D64652E687458
:104970006D6C003C48544D4C3E3C484541443E3CE7
:104980006C696E6B2072656C3D227374796C657313
:10499000686565742220747970653D227465787449
:1049A0002F6373732220687265663D227374796C7D
:1049B000652E637373223E3C2F484541443E3C4282
:1049C0004F4459206267636F6C6F723D22234330FE
:1049D00046464330223E3C6120687265663D226D4A
:1049E00061696E6D656E752E68746D6C223E6261D4
:1049F000636B3C2F613E202F203C6120687265660E
:104A00003D226974656C65782D6D73672D656E2E1A
:104A100068746D6C22207461726765743D226D61EB
:104A2000696E223E53656E64206D657373616765C0
:104A30003C2F613E202F203C6120687265663D223C
:104A40006974656C65782D746C6E7665727A2E6308
:104A500067693F7370723D656E222074617267658D
:104A6000743D226D61696E223E5375627363726993
:104A7000626572206469726563746F72793C2F613C
:104A80003E202F203C6120687265663D2269746576
:104A90006C65786366672D6D656E752D656E2E6825
:104AA000746D6C223E692D54656C65782073657455
:104AB00074696E67733C2F613E202F203C61206833
:104AC0007265663D226974656C65782D64656275F2
:104AD000672E63676922207461726765743D226D79
:104AE00061696E223E646562756720696E666F3C1F
:104AF0002F613E202F203C6120687265663D22694F
:104B000074656C65782D747769746C6E6C697374F8
:104B1000652E6367693F7370723D656E2220746114
:104B2000726765743D226D61696E223E6C697374B3
:104B3000206F66206D6F64756C65733C2F613E3C21
:104B40002F424F44593E3C2F48544D4C3E0D0A0DC8
:104B50000A006974656C65782D6D656E752D656EDE
:104B60002E68746D6C003C48544D4C3E3C484541A9
:104B7000443E3C6C696E6B2072656C3D22737479A7
:104B80006C6573686565742220747970653D227464
:104B90006578742F6373732220687265663D227393
:104BA00074796C652E637373223E3C2F48454144F3
:104BB0003E3C424F4459206267636F6C6F723D22E6
:104BC00023433046464330223E3C6120687265668E
:104BD0003D226D61696E6D656E752E68746D6C2217
:104BE0003E7A75722675756D6C3B636B3C2F613E2A
:104BF000202F203C6120687265663D226974656CD7
:104C000065782D6D73672D64652E68746D6C222038
:104C10007461726765743D226D61696E223E4E61FA
:104C2000636872696368742073656E64656E3C2F97
:104C3000613E202F203C6120687265663D226974C8
:104C4000656C65782D746C6E7665727A2E63676913
:104C50003F7370723D646522207461726765743DB4
:104C6000226D61696E223E5465696C6E65686D6582
:104C7000722D5665727A656963686E69733C2F613F
:104C80003E202F203C6120687265663D2269746574
:104C90006C65786366672D6D656E752D64652E682D
:104CA000746D6C223E692D54656C65782D45696E76
:104CB0007374656C6C756E67656E3C2F613E202F5A
:104CC000203C6120687265663D226974656C657878
:104CD0002D64656275672E6367692220746172674F
:104CE00065743D226D61696E223E44656275672D73
:104CF000496E666F733C2F613E202F203C61206817
:104D00007265663D226974656C65782D7477697487
:104D10006C6E6C697374652E6367693F7370723D66
:104D2000646522207461726765743D226D61696EED
:104D3000223E4D6F64756C2D4C697374653C2F6118
:104D40003E3C2F424F44593E3C2F48544D4C3E0D63
:104D50000A0D0A006974656C65782D6D656E752D98
:104D600064652E68746D6C0040636861727365746D
:104D7000202249534F2D383835392D31220D0A2044
:104D80002020613A6C696E6B207B20746578742DED
:104D90006465636F726174696F6E3A6E6F6E653BC6
:104DA00020666F6E742D7765696768743A626F6C00
:104DB000643B20636F6C6F723A2330303030413087
:104DC0003B207D200D0A202020613A7669736974AA
:104DD0006564207B20746578742D6465636F7261EF
:104DE00074696F6E3A6E6F6E653B20666F6E742DE0
:104DF0007765696768743A626F6C643B20636F6CB7
:104E00006F723A234130303041303B207D200D0A13
:104E1000202020613A686F766572207B2074657867
:104E2000742D6465636F726174696F6E3A6E6F6E34
:104E3000653B20666F6E742D7765696768743A62AA
:104E40006F6C643B206261636B67726F756E642D7B
:104E5000636F6C6F723A234646434343433B207D66
:104E6000200D0A202020613A616374697665207BF9
:104E700020746578742D6465636F726174696F6EF8
:104E80003A6E6F6E653B20666F6E742D776569674D
:104E900068743A626F6C643B206261636B67726F27
:104EA000756E642D636F6C6F723A234646464643B7
:104EB000433B207D200D0A202020613A666F6375F8
:104EC00073207B20746578742D6465636F726174E0
:104ED000696F6E3A6E6F6E653B20666F6E742D77EC
:104EE00065696768743A626F6C643B206261636BEA
:104EF00067726F756E642D636F6C6F723A234343F4
:104F0000434346463B207D200D0A202020707265D9
:104F1000207B206F766572666C6F773A20736372C0
:104F20006F6C6C3B207D0D0A007374796C652E6389
:104F30007373003C48544D4C3E3C424F44593E3CF8
:104F40007072653E3C703E202057656C636F6D65E6
:104F500020746F0D0A5F5F5F5F5F5F5F5F5F5F5F22
:104F60005F5F5F5F5F5F5F5F5F5F5F5F5F5F5F5F51
:104F70005F5F5F5F5F5F5F5F5F5F5F5F5F5F5F5F41
:104F80005F5F5F0D0A20202020202020202020208D
:104F90002020202020202020202020202020202011
:104FA0002020202020202020202020202020202001
:104FB0002020200D0A20204F4F4F2020202020208D
:104FC0004F4F4F4F4F20204F4F4F4F4F20204F20DC
:104FD00020202020204F4F4F4F4F20204F202020B7
:104FE0004F20200D0A2020204F202020202020208C
:104FF00020204F202020204F2020202020204F2024
:1050000020202020204F202020202020204F204F13
:105010002020200D0A202E2E2E2E2E2E2E2E2E2E2D
:105020002E2E2E2E2E2E2E2E2E2E2E2E2E2E2E2EA0
:105030002E2E2E2E2E2E2E2E2E2E2E2E2E2E2E2E90
:105040002E2E2E0D0A2020204F2020204F4F4F20A3
:1050500020204F202020204F4F4F202020204F2065
:1050600020202020204F4F4F2020202020204F2084
:105070002020200D0A2020204F202020202020202A
:1050800020204F202020204F2020202020204F2093
:1050900020202020204F202020202020204F204F83
:1050A0002020200D0A20204F4F4F2020202020209C
:1050B00020204F202020204F4F4F4F4F20204F4F78
:1050C0004F4F4F20204F4F4F4F4F20204F20202039
:1050D0004F20200D0A5F5F5F5F5F5F5F5F5F5F5F15
:1050E0005F5F5F5F5F5F5F5F5F5F5F5F5F5F5F5FD0
:1050F0005F5F5F5F5F5F5F5F5F5F5F5F5F5F5F5FC0
:105100005F5F5F0D0A4275696C6420393739204C46
:10511000494748542D4954413220617420446174F8
:10512000653A204A616E20313620323032332031E8
:10513000383A32313A34310D0A4D6F64756C65730B
:105140003A20416E7363686C7573730D0A0D0A62C1
:1051500075696C64206F6E204156522D6C696263D4
:105160002076657273696F6E3A20322E302E302FA2
:1051700032303135303230382077697468206176CA
:10518000722D67636320352E342E300D0A0D0A28E8
:105190006329323030362D32303232202020536FA6
:1051A0006674776172653A204672656420536F6E4B
:1051B0006E656E7265696E0D0A6261736564206F5B
:1051C0006E204F70656E4D435020627920446972A5
:1051D0006B2042726F73737769636B0D0A3C2F709B
:1051E00072653E3C2F703E3C62723E3C703E4F7595
:1051F0007220686F6D65706167653A203C61206858
:105200007265663D22687474703A2F2F7777772E17
:10521000692D74656C65782E6E65742F222074611B
:10522000726765743D22626C616E6B223E777777A0
:105230002E692D74656C65782E6E65743C2F613E09
:105240003C703E546869732070726F6A65637420A5
:105250006F6E203C6120687265663D2268747470D0
:105260003A2F2F736F75726365666F7267652E6E66
:1052700065742F70726F6A656374732F6974656CDF
:1052800065782F22207461726765743D225F626CBD
:10529000616E6B223E536F75726365466F72676510
:1052A0002E6E65743C2F613E3C2F424F44593E3C6C
:1052B0002F48544D4C3E0D0A00696E666F2E68747F
:1052C0006D6C003C48544D4C3E3C484541443E3C8E
:1052D0006C696E6B2072656C3D227374796C6573BA
:1052E000686565742220747970653D2274657874F0
:1052F0002F6373732220687265663D227374796C24
:10530000652E637373223E3C2F484541443E3C4228
:105310004F4459206267636F6C6F723D22234330A4
:1053200046464330223E3C6120687265663D2269F4
:1053300074656C65786366672D6D656E752D656E39
:105340002E68746D6C223E6261636B3C2F613E205F
:105350002F203C6120687265663D2272657365741A
:105360002E6367693F7370723D656E2220746172AF
:105370006765743D226D61696E223E526573657486
:105380003C2F613E202F203C6120687265663D22E3
:105390006E74702E6367693F7370723D656E222074
:1053A0007461726765743D226D61696E223E4E5470
:1053B000503C2F613E202F203C6120687265663D85
:1053C0002265656D656D2E6367693F7370723D651B
:1053D0006E22207461726765743D226D61696E2270
:1053E0003E45456D656D3C2F613E3C2F424F445913
:1053F0003E3C2F48544D4C3E0D0A0D0A0073797304
:1054000074656D2D656E2E68746D6C003C48544D4E
:105410004C3E3C484541443E3C6C696E6B20726595
:105420006C3D227374796C657368656574222074B1
:105430007970653D22746578742F637373222068D8
:105440007265663D227374796C652E637373223EB8
:105450003C2F484541443E3C424F445920626763DB
:105460006F6C6F723D2223433046464330223E3CF0
:105470006120687265663D226974656C6578636653
:10548000672D6D656E752D64652E68746D6C223E9A
:105490007A75722675756D6C3B636B3C2F613E208F
:1054A0002F203C6120687265663D227265736574C9
:1054B0002E6367693F7370723D6465222074617268
:1054C0006765743D226D61696E223E526573657435
:1054D0003C2F613E202F203C6120687265663D2292
:1054E0006E74702E6367693F7370723D646522202D
:1054F0007461726765743D226D61696E223E4E541F
:10550000503C2F613E202F203C6120687265663D33
:105510002265656D656D2E6367693F7370723D64CA
:105520006522207461726765743D226D61696E2227
:105530003E45456D656D3C2F613E3C2F424F4459C1
:105540003E3C2F48544D4C3E0D0A0D0A00737973B2
:1055500074656D2D64652E68746D6C003C48544D07
:105560004C3E3C484541443E3C6C696E6B20726544
:105570006C3D227374796C65736865657422207460
:105580007970653D22746578742F63737322206887
:105590007265663D227374796C652E637373223E67
:1055A0003C2F484541443E3C424F4459206267638A
:1055B0006F6C6F723D2223433046464330223E3C9F
:1055C0006120687265663D226974656C6578636602
:1055D000672D6D656E752D656E2E68746D6C223E3F
:1055E0006261636B3C2F613E202F203C612068721A
:1055F00065663D226E6574776F726B2E6367693FD7
:105600007370723D656E22207461726765743D220D
:105610006D61696E223E496E666F733C2F613E205C
:105620002F203C6120687265663D226E6574776F3D
:10563000726B2E6367693F7370723D656E26636F90
:105640006E66696722207461726765743D226D61C0
:10565000696E223E436F6E66696775726174696F29
:105660006E3C2F613E3C2F424F44593E3C2F4854E4
:105670004D4C3E0D0A0D0A006E6574776F726B2DEE
:10568000656E2E68746D6C003C48544D4C3E3C4831
:105690004541443E3C6C696E6B2072656C3D2273E3
:1056A00074796C6573686565742220747970653DE2
:1056B00022746578742F6373732220687265663D67
:1056C000227374796C652E637373223E3C2F4845B8
:1056D00041443E3C424F4459206267636F6C6F7295
:1056E0003D2223433046464330223E3C61206872CF
:1056F00065663D226974656C65786366672D6D65C6
:105700006E752D64652E68746D6C223E7A757226F6
:1057100075756D6C3B636B3C2F613E202F203C61A7
:1057200020687265663D226E6574776F726B2E63BA
:1057300067693F7370723D646522207461726765AA
:10574000743D226D61696E223E496E666F733C2F17
:10575000613E202F203C6120687265663D226E65A7
:1057600074776F726B2E6367693F7370723D646507
:1057700026636F6E66696722207461726765743D87
:10578000226D61696E223E4B6F6E6669677572614C
:1057900074696F6E3C2F613E3C2F424F44593E3C32
:1057A0002F48544D4C3E0D0A0D0A006E6574776FFC
:1057B000726B2D64652E68746D6C003C48544D4CC2
:1057C0003E3C484541443E3C6C696E6B2072656CC2
:1057D0003D227374796C65736865657422207479F1
:1057E00070653D22746578742F637373222068722C
:1057F00065663D227374796C652E637373223E3C3B
:105800002F484541443E3C424F4459206267636FF4
:105810006C6F723D2223433046464330223E3C614A
:1058200020687265663D22696E666F2E68746D6CC5
:1058300022207461726765743D226D61696E223E3B
:10584000496E666F3C2F613E202F203C61206872BC
:1058500065663D226974656C65782D6D656E752D84
:1058600064652E68746D6C223E692D54656C657894
:10587000202844657574736368293C2F613E202F8E
:10588000203C6120687265663D226974656C6578AC
:105890002D6D656E752D656E2E68746D6C223E697A
:1058A0002D54656C65782028456E676C697368298E
:1058B0003C2F613E202F203C6120687265663D22AE
:1058C0006974656C65782D637265646974732E63A1
:1058D000676922207461726765743D226D61696E2B
:1058E000223E496D7072657373756D202F2063724F
:1058F00065646974733C2F613E3C2F424F44593EAE
:105900003C2F48544D4C3E0D0A0D0A006D61696EE6
:105910006D656E752E68746D6C0089504E470D0A6A
:105920001A0A0000000D49484452000002250000F8
:10593000003F0403000000CD91A50C000000305092
:105940004C5445FFFF66C0C0C0FF000000000000CF
:105950000000000000000000000000000000000047
:105960000000000000000000000000000000000037
:10597000000000C3145A1300000009704859730056
:10598000000B1300000B1301009A9C180000027F0B
:105990004944415478DAED5B5B72C3200CB4730266
:1059A000ABF73F6CE33CA8C9EAB124D30969573F80
:1059B000558C84F10E428BA0CB2279909320102637
:1059C000C2E4594CD6EDFCD7968372914EB934A1FE
:1059D000B036AD2978C5E23E093A5C466D82612455
:1059E00098AC66DB62663FCAB58FA3726972DE430C
:1059F000DAB4A6E015D8E1ED57FDC18CCDEDCD07A9
:105A0000E3DC6B3A4CB6E36718F1A9C64D9373CF4C
:105A1000CDB8F03AEDD6B61B6D4DB9BBFD28E67694
:105A200042DBB426FF15D86133263ED5C869F23073
:105A30000C613288896247987C202653E41D09CF87
:105A4000D990DB18C98890CE55EE051B4C781DE324
:105A500085542DA7A061ECB4A91E4CEC384030ACA5
:105A60002AF760AA770A36D15E18327EECDCBD26B2
:105A7000C5A42DB690AF9D2785172EADC11A7BF713
:105A80008AF809E6F1351E0CF29380E70C4C138E70
:105A9000C3305E484B0ABA254C3C4C143B183BC201
:105AA000E443307973DE9188C70A932731D9A3681C
:105AB000DD034CCA55F1D6D8F72A9705707DA72289
:105AC0004C3C4C1432183B4EADE09F2BCA3BCAC530
:105AD000AFD7D9FA529511352BCBBDB009CB74D8BD
:105AE00061500034D72629A6255E479B74BFD36F2B
:105AF0007CB0DA5CEC89D00B9B9CED5267DC27858F
:105B00006E0BD3EF6EBA0C126C6A12AFA3CD7C98F9
:105B1000F49BD67606815BDD6E17DC9E249BDFC48A
:105B2000ABB3496B4A5D5926384A4BEA4EE8854D7E
:105B3000C5215D52EC42F7EAB02FF1EA6C84898707
:105B4000896207634798CC8FC90C7947F20A67636B
:105B50004E4219D265041B2C0E37939359FA8437A1
:105B6000247803B1C354A41363BF58EDC4971F290D
:105B7000556D9971C73AB6DBF37C98042B6A7106B0
:105B8000D1DB24F758708D051B9E9F30A77E0CC17A
:105B9000A8384C721C397C3D2C6150099911261E85
:105BA000268A1D8C1D61323F2633E41D09C5D9822A
:105BB000625AC2EB98FF535808363824C317DB9853
:105BC000F104B1136C6A92F862EE8B06900CDCD48F
:105BD000F142A6681ABA96F0073019BE8852796564
:105BE000FCC42F1C251C86B9931F8FDE9E9E268326
:105BF00097B898F10813C50E1F3BC2447987C93B7B
:105C00001261224C848930F93D4C4CF2205FDF82D6
:105C10007D01B9877BC8E30000000049454E44AED2
:105C20004260826C6F6368737472656966656E2D1D
:105C300068672E706E67003C48544D4C3E3C424FA6
:105C4000445920746578743D22233030303043301D
:105C500022207374796C653D226261636B67726F99
:105C6000756E642D696D6167653A75726C286C6F2D
:105C70006368737472656966656E2D68672E706EF1
:105C80006729223E3C7370616E207374796C653DA8
:105C900022666F6E743A20626F6C642034307078C4
:105CA0002027436F7572696572204E6577272C2710
:105CB0004C756369646120436F6E736F6C65272C4C
:105CC0006D6F6E6F73706163653B20223E3C623E78
:105CD000692D54656C6578202D20546F4950202D16
:105CE0002065746865726E657420696E746572668D
:105CF0006163653C2F623E3C2F7370616E3E3C2FAA
:105D0000424F44593E3C2F48544D4C3E0D0A0D0A1B
:105D100000686561646C696E652E68746D6C003C2A
:105D200048544D4C3E3C484541443E3C5449544CFB
:105D3000453E692D54656C65783C2F5449544C455B
:105D40003E3C2F484541443E3C6672616D6573653B
:105D50007420726F77733D2236342C34302C2A2C09
:105D6000343022207363726F6C6C696E673D226EF3
:105D70006F22206672616D65626F726465723D228A
:105D8000322220626F726465723D22322220667276
:105D9000616D6573706163696E673D2232222062B6
:105DA0006F72646572636F6C6F723D2223303030A6
:105DB000303030223E3C6672616D65207372633D07
:105DC00022686561646C696E652E68746D6C222052
:105DD0006E616D653D224E617669676174696F6EB3
:105DE0003122207363726F6C6C696E673D2261753E
:105DF000746F223E3C6672616D65207372633D2252
:105E00006D61696E6D656E752E68746D6C22206EA5
:105E1000616D653D224E617669676174696F6E32AE
:105E200022207363726F6C6C696E673D22617574BA
:105E30006F223E3C6672616D65207372633D22691C
:105E40006E666F2E68746D6C22206E616D653D22EA
:105E50006D61696E223E3C6672616D65207372638E
:105E60003D2273746174732E63676922206E616DC5
:105E7000653D2275706461746522207363726F6C76
:105E80006C696E673D226175746F223E3C6E6F6671
:105E900072616D65733E3C626F64793E3C703E4951
:105EA00068722042726F7773657220756E746572C6
:105EB00073742675756D6C3B747A74206B65696EAE
:105EC00065204672616D6573213C2F703E3C2F62E8
:105ED0006F64793E3C2F6E6F6672616D65733E3CF8
:105EE0002F6672616D657365743E3C2F48544D4C4E
:105EF0003E0D0A0D0A00696E6465782E68746D6C3B
:105F000000696E6465782E68746D6C004854545056
:105F10002F312E30203430330D0A436F6E74656E8E
:105F2000742D547970653A20746578742F68746D97
:105F30006C0D0A4B6565702D416C6976653A20637E
:105F40006C6F73650D0A0D0A3C48544D4C3E3C4243
:105F50004F44593E3430332046696C65206E6F746F
:105F600020666F756E64213C2F424F44593E3C2F92
:105F700048544D4C3E0D0A0D0A00504F53540047F3
:105F8000455400687474706400485454502D53652F
:105F90007276657220506F72742025642E0D0A008F
:105FA0003C2F424F44593E3C2F48544D4C3E0D0A25
:105FB0000D0A003C48544D4C3E3C484541443E3C53
:105FC0006D65746120687474702D65717569763DB6
:105FD00022657870697265732220636F6E74656ED6
:105FE000743D2230223E3C212D2D20456E61626C95
:105FF0006520494539205374616E64617264732071
:106000006D6F6465202D2D3E3C6D65746120687454
:1060100074702D65717569763D22582D55412D435B
:106020006F6D70617469626C652220636F6E746558
:106030006E743D2249453D3922203E3C2F48454162
:10604000443E3C424F44593E00485454502F312E58
:10605000312032303020446F63756D656E74206678
:106060006F6C6C6F77730D0A436F6E74656E742D71
:10607000547970653A20746578742F68746D6C0D6E
:106080000A43616368652D436F6E74726F6C3A20CA
:106090006E6F2D63616368650D0A436F6E6E656395
:1060A00074696F6E3A20636C6F73650D0A0D0A0098
:1060B0001415161754485245414400455854494E4A
:1060C0005400436F6E666967004C45445F636F72AE
:1060D0006500434C4F434B005354444F55540055B7
:1060E000415254006954656C65782E2E2E0D0A00BD
:1060F00020496E697469616C6973696572740D0A0F
:1061000000202530325800253032643A2530326480
:106110003A253032642C253032643A2000695465C7
:106120006C65783A205465696C6E65686D65722D92
:106130005665727A656963686E697320617573204C
:10614000454550524F4D2067656C6164656E2E0D5C
:106150000A00202F20253032580D0A006954656C42
:1061600065783A202120456570726F6D204C61641E
:10617000656665686C6572202564006954656C65A8
:10618000783A202A205465696C6E65686D65722DB9
:106190005665727A656963686E697320776972649F
:1061A00020756E76657261656E64657274207565C2
:1061B0006265726E6F6D6D656E2E0D0A0069746595
:1061C0006C65782D746C6E7665727A2E63676900E3
:1061D0003C2F7461626C653E003C2F7461626C659B
:1061E0003E3C2F666F726D3E003C2F666F726D3EB7
:1061F000003C2F613E3C2F74643E3C2F74723E3C49
:106200002F7461626C653E003C74723E3C74643E67
:1062100026233136303B3C2F74643E3C74643E266A
:10622000233136303B3C2F74643E3C74643E26235D
:106230003136303B3C2F74643E3C74643E2623313F
:1062400036303B3C2F74643E3C74643E262331362A
:10625000303B3C2F74643E3C74643E262331363020
:106260003B3C2F74643E3C74643E26233136303B05
:106270003C2F74643E3C74643E26233136303B3CF4
:106280002F74643E3C74643E3C6120687265663DD8
:10629000226974656C65782D746C6E7665727A2EE1
:1062A0006367693F656469743D30223E003C7464F5
:1062B0003E26233136303B3C2F74643E3C2F7472B3
:1062C0003E003C2F613E3C2F74643E3C2F74723E76
:1062D000003C74643E3C6120687265663D226974CE
:1062E000656C65782D746C6E7665727A2E6367695D
:1062F0003F656469743D256C64223E003C746420F3
:10630000616C69676E3D2263656E746572223E251D
:106310003032752E253032752E25303475202530DB
:1063200032643A253032643A253032643C2F74644A
:106330003E003C2F74643E3C74643E26233136306C
:106340003B3C2F74643E3C74643E26233136303B24
:106350003C2F74643E3C74643E26233136303B3C13
:106360002F74643E003C2F74643E3C746420616C66
:1063700069676E3D226C656674223E25733C2F74FE
:10638000643E3C746420616C69676E3D2263656E97
:10639000746572223E26233136303B3C2F74643EB6
:1063A0003C74643E26233136303B3C2F74643E00FF
:1063B0003C2F74643E3C746420616C69676E3D22BE
:1063C0006C656674223E25733C2F74643E3C746495
:1063D00020616C69676E3D2263656E746572223E52
:1063E00025753C2F74643E3C74643E262331363060
:1063F0003B3C2F74643E003C2F74643E3C7464202C
:10640000616C69676E3D226C656674223E3C61205A
:10641000687265663D22687474703A2F2F25732266
:10642000207461726765743D225F626C616E6B22DD
:106430003E25733C2F613E3C2F74643E3C746420C7
:10644000616C69676E3D2263656E746572223E25DC
:10645000753C2F74643E3C746420616C69676E3DCA
:106460002263656E746572223E25733C2F74643E10
:10647000003C2F74643E3C746420616C69676E3D1F
:10648000226C656674223E002000200020003C74CF
:106490006420616C69676E3D226C656674223E25DE
:1064A000733C2F74643E3C74643E26233136303B8B
:1064B000003C74723E3C746420616C69676E3D22DE
:1064C0006C656674223E256C643C2F74643E003C0F
:1064D0002F613E3C62723E003C6120687265663D01
:1064E000226974656C65782D746C6E7665727A2E8F
:1064F0006367693F616C6C657A656967656E223EAA
:10650000003C666F726D20616374696F6E3D226935
:1065100074656C65782D746C6E7665727A2E63671F
:1065200069223E003C62723E61726763203D202515
:10653000642C206172677631203D20257300636CE6
:10654000656172006C6F61640073617665003C2F59
:10655000623E3C62723E003C623E002025733C621B
:10656000723E003A20002025753C62723E002025D4
:106570007320282575293C62723E00202575200075
:106580003C62723E003C62723E003C62723E003AE7
:106590002025733C62723E003C62723E00616C7466
:1065A0006E756D6D65720064757263687761686C95
:1065B00000706F7274006164726573736500747942
:1065C0007065006C6F636B006C6F63616C003C699D
:1065D0006E707574206E616D653D22616C746E75B0
:1065E0006D6D65722220747970653D2268696464FE
:1065F000656E222076616C75653D22256C64223EB5
:10660000006974656C65782D746C6E7665727A2E8F
:10661000636769006564697400646174756D006E18
:10662000616D65006E756D6D657200616200616C13
:106630006C657A656967656E00736F727400695482
:10664000656C65783A205465696C6E65686D657235
:106650002D5665727A656963686E6973205072752C
:10666000656673756D6D6520616B7475616C6973BA
:106670006965727420617566202530386C582E0D5E
:106680000A006954656C65783A205465696C6E65DA
:10669000686D65722D4C6973746520506C61747AF5
:1066A0006D616E67656C2045696E74726167202547
:1066B000756C2067656C6F65736368742E0D0A00D6
:1066C000454550524F4D4F4B002E2E2E546C6E426E
:1066D000756368206F6B0D0A006954656C657800FE
:1066E0006954656C657820506F72742025752E0D85
:1066F0000A002E2E2E436769206F6B0D0A006E7400
:10670000702E636769006D656D64756D702E6865C8
:1067100078006974656C65782D637265646974735B
:106720002E636769006974656C65782D64656275B0
:10673000672E636769006974656C65786366672DA9
:106740007370657272656E2E636769006974656C3B
:1067500065786366672D65787465726E2E63676908
:10676000006974656C65786366672D696E7462652F
:1067700074722E636769006974656C657863666717
:106780002D696E746B6F6E662E6367690069746540
:106790006C65782D747769746C6E6C697374652E92
:1067A000636769006974656C65782D6D73672D6F1B
:1067B00075742E636769006974656C65782D6D73F7
:1067C000672D696E2E636769006974656C65785F13
:1067D000696E6974323A0D0A0044484350002E2E07
:1067E0002E54696D65722D43616C6C6261636B2D13
:1067F00046756E6B74696F6E206F6B0D0A002E2EDE
:106800002E436F6E666967206F6B0D0A002A3A355A
:1068100030002E2E2E53656E646550756666657267
:106820002C20456D7066507566666572206F6B0D25
:106830000A006974656C65785F696E6974313A0D38
:106840000A004E65757374617274203937392052AD
:10685000657365742D466C61677320253032580D61
:106860000A00253032580D0A0025303258003A25EA
:106870003032582530345825303258006375720054
:106880003C2F613E003C6120687265663D22697460
:10689000656C65786366672D65787465726E2E63C6
:1068A0006769223E006974656C65786366672D656B
:1068B000787465726E2E636769003C2F613E003C00
:1068C0006120687265663D226974656C65786366EF
:1068D000672D696E74626574722E636769223E006B
:1068E0006974656C65786366672D696E746265743A
:1068F000722E636769003A2025730025732667743A
:106900003B2667743B2667743B256325733C2F62E7
:106910003E003A203C623E003A202573003C627201
:106920003E003C62723E003A202573003C62723E9B
:10693000003A202573003A202573003C62723E0025
:106940003A202573003A202573003C62723E003CD9
:106950002F613E003C6120687265663D2269746566
:106960006C65786366672D696E746B6F6E662E63F7
:106970006769223E006974656C65786366672D6996
:106980006E746B6F6E662E636769003C2F613E3CD0
:106990002F666F726D3E0020223E3C61206872655A
:1069A000663D226974656C65782D6D73672D6F7512
:1069B000742E63676922207461726765743D224D8D
:1069C00073674F7574223E003C696E707574206E5B
:1069D000616D653D2245696E67616265222074794B
:1069E00070653D2274657874222073697A653D2252
:1069F0003635222076616C75653D2222206D6178E6
:106A00006C656E6774683D223635223E3C696E7057
:106A1000757420747970653D227375626D69742296
:106A20002076616C75653D22003C666F726D206159
:106A30006374696F6E3D226974656C65782D6D7342
:106A4000672D696E2E636769223E0048544D4C2DB8
:106A5000436861742D41626272756368202D2D3E1A
:106A600020417573736368616C74756E6720696E1D
:106A70007465726E0D0A00260048544D4C2D436813
:106A80006174206265676F6E6E656E2028416E7757
:106A900061686C20257529202D3E20000D0A0048D4
:106AA000544D4C2D436861742045696E6761626581
:106AB0003A20000D0A0045696E676162650044690D
:106AC00072656B74647275636B20416272756620C7
:106AD000447275636B7370696567656C20286265C5
:106AE0006C656774290D0A00446972656B74647281
:106AF00075636B20416272756620447275636B73B7
:106B000070696567656C2028617573290D0A00201E
:106B1000282575290D0A00446972656B74647275C5
:106B2000636B20416272756620447275636B73708B
:106B3000696567656C3A003C62723E3C7072653E06
:106B40002573266C743B266C743B266C743B257352
:106B500025733C2F7072653E003C48544D4C3E3CC2
:106B6000484541443E3C6D65746120687474702DE5
:106B700065717569763D226578706972657322204A
:106B8000636F6E74656E743D2231223E3C6D657498
:106B90006120687474702D65717569763D2270721C
:106BA00061676D612220636F6E74656E743D226E45
:106BB0006F2D6361636865223E3C6D65746120687A
:106BC0007474702D65717569763D227265667265A3
:106BD00073682220636F6E74656E743D2231303BA2
:106BE0002055524C3D6974656C65782D6D73672D29
:106BF0006F75742E636769223E3C2F484541443EC1
:106C00003C424F44593E0025733C62723E0025329F
:106C1000643A2000494D50524553535F00697465F2
:106C20006C65782D637265646974732E636769009F
:106C3000696E76616C6964206C696E65206E722E77
:106C40002025643C62723E005B25645D202D2D3E54
:106C50002025733A202564003C62723E3C61206826
:106C60007265663D226974656C65782D6465627530
:106C7000672E6367693F7265736574223E53746162
:106C800074697374696B2D446174656E207A7572D2
:106C90002675756D6C3B636B7365747A656E3C2FFE
:106CA000613E3C62723E45746865726E65743A205E
:106CB000256C6420427974657320696E20256C64AC
:106CC0002050616B6574656E204C6F636B4572720A
:106CD0006F727320256C640020256C75003C627215
:106CE0003E20564343205B6D565D203D003C627262
:106CF0003E53797374656D53746172745A65697427
:106D0000203D20253032752E253032752E25303429
:106D10007520253032643A253032643A25303264A9
:106D20002C205265736574466C6167203D202530C8
:106D30003258003C62723E44656275675F4C6F7703
:106D40006573745350203D2025303258003C6272E8
:106D50003E4E54505570646174654469666653656F
:106D6000636F6E6473203D202564003C62723E5A5E
:106D700065697453657276657241626672616765B2
:106D800054696D6572456E6465203D202575003C33
:106D900062723E4C616E6754696D657256616C2813
:106DA000265A6569745365727665724162667261CE
:106DB000676554696D657229203D202575003C6228
:106DC000723E4E65747A456967656E654950203D2F
:106DD0002025303258003C62723E4E65747A506F06
:106DE0007274203D202575003C62723E5443505F12
:106DF000736F636B65745B25645D3A20636C6F73BE
:106E00006564003C62723E5443505F736F636B6510
:106E1000745B25645D3A20436F6E6E656374696FC1
:106E20006E53746174653D25752C2053656E6453F3
:106E3000746174653D25752C20536F7572636550C0
:106E40006F72743D25752C2044657374696E61748E
:106E5000696F6E506F72743D25752C20536F75727B
:106E6000636549503D256C582C2054696D656F75DC
:106E700074636F756E7465723D2564003C62723E8A
:106E800054696D65723043616C6C6261636B5F4D18
:106E90006178203D202575003C62723E54696D6525
:106EA0007230436E745F4D6178203D202575003C43
:106EB00062723E54696D657230436E745F4D696EE7
:106EC000203D202575003C62723E54696D6572302C
:106ED00043616C6C6261636B436F756E74203D201F
:106EE0002575003C62723E4954656C657854687241
:106EF000656164436F756E74203D202575003C62AA
:106F0000723E547769497372436F756E74203D20E9
:106F10002575003C62723E46616C7363686572431E
:106F20006F6465203D202575003C62723E4B757292
:106F30007A54696D657256616C28266954656C6572
:106F400078546872656164436865636B54696D6504
:106F50007229203D202575003C62723E4B75727A85
:106F600054696D657256616C28266954656C657844
:106F7000536F636B65744C6562656E737A656963A4
:106F800068656E54696D657229203D202575003C49
:106F900062723E4275734B6F6C6C6973696F6E5AA7
:106FA0006165686C6572203D202575003C62723E0B
:106FB0005477695761746368646F67436F756E7463
:106FC000203D202575003C62723E5477694C656215
:106FD000656E737A65696368656E5A6165686C652C
:106FE00072203D202575003C62723E4B75727A54CA
:106FF000696D657256616C282642757351756974A6
:107000007454696D657229203D202575003C6272BB
:107010003E4C616E6754696D657256616C282642FC
:1070200065696465527568696754696D6572292080
:107030003D202575003C62723E4B75727A54696D35
:10704000657256616C282653636872656962506187
:1070500075736554696D657229203D202575003C66
:1070600062723E4B75727A54696D657256616C2816
:10707000265761686C506175736554696D65722936
:10708000203D202575003C62723E5761686C7A692C
:10709000666665726E203D202575003C62723E5723
:1070A00061686C6E756D6D6572203D2025750020E0
:1070B00025303258003C62723E50756666657241FA
:1070C0006E7A61686C282653656E646550756666D5
:1070D000657229203D202575003C62723E53657221
:1070E000556D53656E64446174656E203D20257551
:1070F000003C62723E536572556D53656E64426921
:10710000744E72203D202575003C62723E536572BC
:10711000556D5469636B5A6165686C657253656E31
:1071200064203D202575003C62723E53656E6465A7
:107130004D61726B203D20257500202530325800AE
:107140003C62723E507566666572416E7A61686C2B
:107150002826456D706650756666657229203D204B
:107160002575003C62723E536572556D456D7066C3
:107170004665686C6572203D202575003C62723E54
:10718000536572556D456D7066446174656E203D42
:10719000202575003C62723E536572556D456D70D9
:1071A000664D61726B5A6165686C203D20257500E3
:1071B0003C62723E536572556D456D7066426974EE
:1071C0004E72203D202575003C62723E536572551B
:1071D0006D5469636B5A6165686C6572456D706664
:1071E000203D202575003C62723E427573456D70EE
:1071F000664D61726B203D202575003C62723E53E6
:107200006572556D5469636B7350726F4269742077
:107210003D202575003C62723E4275735665726270
:10722000506172746E6572203D202575003C62725B
:107230003E5465696C6E65686D65725365727665FE
:10724000724665686C65725A6165686C657228255E
:107250007329203D2025642C205370657272652DA2
:1072600054696D6572202564003C62723E416B7406
:10727000546C6E53657276657254616249203D208C
:107280002575003C62723E5465696C6E65686D657B
:1072900072536572766572416C6C654E6963687491
:1072A00045727265696368626172203D20257500D0
:1072B0003C62723E5465696C6E65686D65725365BB
:1072C00072766572536F636B6574203D2025640090
:1072D0003C62723E53656C627374416E7275665A9D
:1072E000656974556562657277616368756E673A42
:1072F00020003C62723E46616C7363684765686556
:10730000696D7A61686C5A6165686C6572203D20B0
:107310002575003C62723E53656C627374416E72F7
:107320007566456D7066616E6750727565667765E6
:107330007274203D202575003C62723E53656C627C
:107340007374416E72756653656E646550727565CF
:107350006677657274203D202575003C62723E534D
:10736000656C627374416E727566536F636B65749E
:1073700048616E646C65203D202564003C62723E6D
:1073800053656C627374416E727566456E647A659E
:107390006974203D202575003C62723E4B75727AFF
:1073A00054696D657256616C282653656C627374FE
:1073B000416E72756654696D657229203D20257590
:1073C000003C62723E53656C627374416E72756606
:1073D0004665686C65725A6165686C6572203D200F
:1073E0002575003C62723E53656C627374416E7227
:1073F00075665068617365203D202575003C62729A
:107400003E44796E4950416B7475616C697369656E
:1074100072756E67456E647A656974203D202575C6
:10742000003C62723E4C616E6754696D65725661D4
:107430006C282644796E4950416B7475616C697390
:10744000696572756E6754696D657229203D2025E6
:1074500075003C62723E44796E49505F50686173BA
:1074600065203D202575003C62723E52656D6F744B
:107470006553657276657241646472657373496EB3
:10748000646578203D202575003C62723E4B757224
:107490007A54696D657256616C282652656D6F74F9
:1074A00065536572766572436865636B54696D6593
:1074B0007229203D202575003C62723E52656D6F39
:1074C00074655365727665725265636F6E6E65633F
:1074D0007454696D6572456E64203D202575003CCD
:1074E00062723E4B75727A54696D657256616C2892
:1074F0002652656D6F74655365727665724163746B
:10750000696F6E54696D657229203D202575003CB8
:1075100062723E52656D6F74655365727665725323
:107520006F636B657442756655736564203D2025F5
:1075300075003C62723E52656D6F7465536572767C
:1075400065724C696E6B536F636B657448616E64F2
:107550006C65203D202575003C62723E52656D6F62
:1075600074655365727665724C696E6B53746174A1
:107570007573203D202575003C62723E52656D6F2B
:107580007465536572766572416374697665203DF2
:10759000202575003C62723E536F636B6574416ECB
:1075A0007A61686C5A65696368656E456D7066617D
:1075B0006E67656E203D202575003C62723E536FFC
:1075C000636B6574416E7A61686C5A65696368655E
:1075D0006E517569747469657274203D202575005B
:1075E0003C62723E536F636B6574416E7A61686C86
:1075F0005A65696368656E476573656E6465742076
:107600003D202575003C62723E50726F746F6B6F47
:107610006C6C5068617365203D202575003C62727A
:107620003E536F636B65744F757442756655736531
:1076300064203D202575003C62723E536F636B658C
:1076400074496E42756655736564203D202575004A
:107650003C62723E4B75727A54696D657256616C0C
:1076600028266954656C6578536F636B6574416255
:10767000627275636854696D657229203D202575B5
:10768000003C62723E6954656C6578536F636B654C
:107690007441626261754765706C616E74203D2053
:1076A0002575003C62723E6954656C6578536F6362
:1076B0006B657450726F7456657273696F6E203D9E
:1076C000202575003C62723E6954656C6578536F85
:1076D000636B657450726F746F6B6F6C6C203D20C0
:1076E0002575003C62723E6954656C6578536F6322
:1076F0006B6574506F7274203D202575003C62727A
:107700003E6954656C6578536F636B6574495020AE
:107710003D2025303258003C62723E6954656C65EC
:1077200078536F636B657448616E646C65203D20AF
:107730002564003C62723E6954656C6578536F63E2
:107740006B65744D6F6465203D202575003C627249
:107750003E537461747573203D2025303258003CCF
:1077600062723E4D6F647573203D202575003C624A
:10777000723E446961676E6F7365507566666572C7
:107780004C6576656C203D20257500446961676E07
:107790006F73655075666665723A202573004C6597
:1077A000747A74657220416E7275663A20253032A3
:1077B000752E253032752E253034752025303264F3
:1077C0003A253032643A253032643C62723E0077AA
:1077D00061746368646F6774657374007265736560
:1077E00074006E6C00697400656E006465007370EF
:1077F00072000D0A003A006367692D417566727563
:107800006620766F6E2000006B656E6E77000D0A45
:10781000005A756772696666652070657220544308
:10782000503A00202025757820202D257573000DF5
:107830000A706F727420257520697020000D0A008F
:1078400020282D25752053656B756E64656E290D96
:107850000A002D3E25337520202049503A00205340
:10786000746174653A253375002020202000536F21
:10787000636B65744368616E67653A2048616E6446
:107880006C653A25640052656D6F74655365727658
:10789000657220766572776572666520257520426F
:1078A0007974657320446174656E2061757320532B
:1078B000656E64652D507566666572206265692027
:1078C00067657363686C6F7373656E656D20536F66
:1078D000636B65740D0A00212052656D6F746553EA
:1078E0006572766572207769726420776567656E68
:1078F0002053656E64656665686C657220676574A3
:1079000072656E6E742E0D0A00202D2D3E2052657C
:10791000732025640D0A0052656D6F74655365729E
:107920007665722053656E64756E673A20282575FA
:10793000290025642F3130302073656B0D0A002A31
:107940002052656D6F74652053657276657220579D
:1079500065636873656C2C206E657565205665726D
:107960007A6F65676572756E672000206572666F55
:107970006C6772656963682067656F6566666E65CA
:10798000740D0A0052656D6F7465205365727665DB
:10799000722000206B6F6E6E7465206E6963687470
:1079A0002067656F6566666E6574207765726465CD
:1079B0006E0D0A00212052656D6F7465205365724B
:1079C000766572200020756E62656B616E6E740D57
:1079D0000A00212052656D6F7465205365727665CB
:1079E0007220486F73746E616D65200052656D6F13
:1079F00074655365727665722073656E64652045A3
:107A00006E64650D0A002A2052656D6F74655365BA
:107A1000727665722068617420536F636B657420A1
:107A2000554E4745504C414E542067657363686C12
:107A30006F7373656E2E0D0A0052656D6F7465531A
:107A400065727665722068617420536F636B65742C
:107A5000206B6F7272656B742067657363686C6FFF
:107A60007373656E2E0D0A00202D2D3E20776972EE
:107A70006420766572776F7266656E0D0A0021204C
:107A800052656D6F746553657276657220556E67C9
:107A900075656C74696765732054656C65677261A0
:107AA0006D6D20656D7066616E67656E3A002A20A7
:107AB00052656D6F74655365727665722068617486
:107AC00020456E64652D42656665686C2067657348
:107AD000636869636B740D0A0052656D6F7465535A
:107AE0006572766572206861742056657262696E8F
:107AF00064756E677377756E73636820676573630B
:107B00006869636B742C20776972642061626765B1
:107B100077696573656E3A0D0A0052656D6F74651D
:107B20005365727665722068617420566572626969
:107B30006E64756E677377756E73636820676573BF
:107B4000636869636B742C207769726420616E6767
:107B5000656E6F6D6D656E3A0D0A00202D2D3E200D
:107B6000427566557365642025750D0A00256429E4
:107B70000052656D6F746553657276657220456D50
:107B80007066616E673A202825642F006C696D6904
:107B90007469657274206175662025640D0A002A77
:107BA0002052656D6F746553657276657220456D00
:107BB0007066616E672064726F68656E64657220BE
:107BC00055656265726C6175663A20456D706661D7
:107BD0006E6720766F6E20256420005275666E7584
:107BE0006D6D65722D416266726167650041626606
:107BF0007261676520626569205465696C6E6568AD
:107C00006D65722D5365727665726E0D0A002534AE
:107C1000640D0A002534640053656E6442202534E7
:107C200064004665726E6B6F6E666967204B656EA9
:107C30006E3D2564206F6B0D0A0044757263687792
:107C400061686C20696E20546162656C6C652067A8
:107C50006566756E64656E2025750D0A0044757243
:107C600063687761686C2061757320546162656C2C
:107C70006C6520756D67657365747A742025750D64
:107C80000A0044757263687761686C2D416E667294
:107C90006167652025750D0A002534640D0A0025ED
:107CA000346400456D706641202531366400204BF8
:107CB000656E6E3D253032580D0A00204C656E3DD4
:107CC0002564004665726E6B6F6E6669672021469B
:107CD00065686C657220436F64653D256400666568
:107CE000726E6B6F6E666572720053656E646520AE
:107CF00050726F746F6B6F6C6C76657273696F6EB8
:107D00002D566F727363686C61672025750D0A00CC
:107D100050726F746F6B6F6C6C76657273696F6E97
:107D20002D566F727363686C616720257520656DD1
:107D30007066616E67656E0D0A00517569747475C1
:107D40006E677374656C656772616D6D20657268CE
:107D5000616C74656E202D3E2045696E73636861A9
:107D60006C742D4B646F2F5175697420616E2054B3
:107D700057490D0A006F63630076657262756E6421
:107D8000656E206D69742025750D0A0021207370C1
:107D90006F6E74616E65203F3F3F20416E77616872
:107DA0006C20696E7465726E2025752000416262D8
:107DB000617562656665686C20766F6E20476567E1
:107DC000656E7374656C6C650D0A000D0A002A20DF
:107DD000416262617562656665686C20766F6E20CF
:107DE000476567656E7374656C6C653A0053656EC4
:107DF00064656E42657363686C65756E6967656E10
:107E00002045494E0D0A002A20766572737061651F
:107E1000746574652045696E736368616C74756E12
:107E2000670D0A0053656E64656E42657363686C26
:107E300065756E6967656E204155530D0A002534DE
:107E4000640D0A0025346400456D706642202531BA
:107E50003664006E61002A41736369692D416E7258
:107E60007566206162676577696573656E20284174
:107E700073636969456D70664D6F6475733D2575F3
:107E8000290D0A006E61002534640D0A0025346452
:107E90000053656E644120253464004854545000FA
:107EA0002A206954656C65782D426C696E64736F25
:107EB000636B65742073656C62737420676574729C
:107EC000656E6E740D0A002A206954656C65782D04
:107ED000426C696E64736F636B657420777572644E
:107EE0006520766F6E20476567656E7374656C6C90
:107EF000652067657472656E6E740D0A0021205AE4
:107F000045495455454245525343485245495455B5
:107F10004E472062656920576965646572617566C0
:107F20006E61686D65206465722056657262696E67
:107F300064756E670D0A0021204D65687266616385
:107F40006865204645484C4552206265696D20535E
:107F5000656E64656E20696E73204E65747A2C20A0
:107F6000536F636B6574207769726420766F7275E6
:107F700065626572676568656E64206765736368CE
:107F80006C6F7373656E0D0A0021204D6568726613
:107F900061636865204645484C4552206265696DBD
:107FA0002053656E64656E20696E73204E65747A29
:107FB00020616265722056657262696E64756E67D3
:107FC000736162626175206765706C616E740D0A21
:107FD000002F253032580D0A002053756D416E7AFE
:107FE000202575002C205265737420257500202DE6
:107FF0002D3E2052657320256400536F636B6574BA
:108000002053656E64756E673A20282575290057E0
:1080100069656465722D4F6566666E756E6720646E
:10802000657320536F636B6574202325642065722C
:10803000666F6C6772656963682E0D0A00212057B0
:1080400069656465722D4F6566666E756E6720643E
:10805000657320536F636B657420564552534147D7
:10806000542E0D0A00202D2D3E2042756655736555
:10807000642025750D0A0025642900536F636B6524
:108080007420456D7066616E673A202825642F0064
:108090006C696D6974696572742061756620256408
:1080A0000D0A002A20536F636B657420456D70665E
:1080B000616E672064726F68656E646572205565D5
:1080C0006265726C6175663A20456D7066616E67B7
:1080D00020766F6E2025642000536F636B657420DB
:1080E0007769726420616B74697620676573636871
:1080F0006C6F7373656E0D0A00536F636B6574204C
:10810000777572646520766F6E20476567656E735C
:1081100074656C6C65206572776172746574206734
:10812000657363686C6F7373656E0D0A002120536D
:108130006F636B657420777572646520766F6E204F
:10814000476567656E7374656C6C6520474554526E
:10815000454E4E540D0A00536F636B65742077755E
:1081600072646520766F6E20476567656E7374650F
:108170006C6C6520657277617274657420676573D5
:1081800063686C6F7373656E0D0A002120536F6313
:108190006B657420777572646520766F6E20476515
:1081A00067656E7374656C6C6520554E455257411A
:1081B000525445542067657363686C6F7373656EC2
:1081C0000D0A002A20536F636B6574496E42756611
:1081D0002067656C6F65736368742C206461206E22
:1081E0007572206E6F636820617566204772756EC8
:1081F000647374656C6C756E672067657761727403
:10820000657420776972640D0A00206D6F64757360
:108210002025640020200004036F636300040361D1
:108220006273002021202E2E2E41627765697375BE
:108230006E6720617566206265726569747320627D
:108240006573746568656E64656D20426C696E6403
:108250002D536F636B65742E0D0A00202A202E2E7D
:108260002E4142474557494553454E2C206175667E
:1082700020426C696E642D536F636B657420676573
:108280006C6567740D0A002C2056657262696E6415
:10829000756E672062657374656874002C20616E6A
:1082A00064657265206B6F6D6D656E6465205665E3
:1082B0007262696E64756E67206265737465687456
:1082C0002100202E2E2E57696564657276657262D4
:1082D000696E64756E67206F6B0D0A002C20616EED
:1082E0006465727765697469672062656C65677437
:1082F00000202E2E2E6E6575206F6B0D0A00202F2C
:10830000204D414320005365727665722D536F6393
:108310006B6574202325642067656F6566666E65EE
:108320007420766F6E20495020000D0A00253032EF
:10833000752E253032752E253034752020253032AB
:10834000643A253032640D0A0021536F636B657403
:10835000207A756D205465696C6E65686D65722D47
:108360005365727665722067657363686C6F7373AB
:10837000656E2C2044796E49505F506861736520AA
:10838000776172206E6F63682027616B746976274E
:108390002E0D0A00536F636B6574207A756D20543F
:1083A00065696C6E65686D65722D53657276657270
:1083B00020777572646520766F6E20476567656EFD
:1083C0007374656C6C652067657363686C6F737339
:1083D000656E0D0A002120756E6572776172746595
:1083E000746520416E74776F7274206465732054D5
:1083F00065696C6E65686D65722D53657276657220
:10840000730D0A002A2055727361636865206465E4
:1084100072204665686C65726D656C64756E672068
:10842000756E6B6C61720D0A000D0A0021204665A5
:10843000686C65726D656C64756E67206465732029
:108440005465696C6E65686D65722D5365727665ED
:1084500072733A2000546C6E536572766572206DAB
:10846000656C646574204C697374656E656E6465D3
:108470000D0A000D0A0044796E616D6973636865C9
:108480002049502D416B7475616C69736965727513
:108490006E673A206E657565204950200044796EFC
:1084A000616D69736368652049502D416B74756116
:1084B0006C6973696572756E673A2062657374657D
:1084C00068656E64652049502067696C7420776523
:1084D000697465720D0A002120446174656E7361D0
:1084E000747A20766F6D205465696C6E65686D6571
:1084F000722D536572766572206D6974204E7220FC
:10850000256C64206B6F6E6E7465206E6963687491
:10851000206765737065696368657274207765723A
:1085200064656E0D0A002120696D206C6F6B616CB3
:10853000656E2054656C65666F6E62756368206158
:108540006C732027507269766174272067656B65AC
:108550006E6E7A656963686E65740D0A0021205439
:1085600065696C6E65686D65722D536572766572AE
:10857000206D656C64657420414E44455245204E23
:10858000756D6D657220616C7320616E67656672D2
:108590006167740D0A000D0A005465696C6E6568A8
:1085A0006D65722D536572766572206D656C6465BC
:1085B000742045696E7472616720676566756E64C4
:1085C000656E3A20005465696C6E65686D65722D44
:1085D000536572766572206D656C64657420276ED4
:1085E0006963687420676566756E64656E270D0A39
:1085F000000D0A00256429005465696C6E65686D7C
:1086000065722D53657276657220456D7066616E78
:10861000673A202825642F00202D3E20766572774A
:108620006F7266656E2C20536F636B65742067658F
:108630007363686C6F7373656E0D0A002120546557
:10864000696C6E65686D65722D5365727665722012
:10865000456D7066616E672055454245524C4155E7
:1086600046207A75207669656C6520446174656E74
:1086700020282564206279746529002A2053656CBE
:108680006273742D416E7275662D536F636B6574E2
:108690002064757263682054696D656F7574206716
:1086A000657363686C6F7373656E210D0A0021201A
:1086B00053656C6273742D416E727566204B45492B
:1086C0004E204563686F20656D7066616E67656EEC
:1086D0002E0D0A00212053656C6273742D416E7259
:1086E0007566204142474542524F4348454E2077E8
:1086F0006567656E204D6F6475732D57656368738C
:10870000656C2E0D0A00212053656C6273742D4137
:108710006E7275662046414C53434845204461744F
:10872000656E20656D7066616E67656E2E0D0A0060
:1087300053656C6273742D416E7275662062657349
:10874000746165746967742049502041647265736F
:1087500073652E0D0A002A2053656C6273742D41D7
:108760006E727566206572666F6C677265696368A4
:1087700020616267657363686C6F7373656E2E0D3D
:108780000A00212053656C6273742D416E72756608
:1087900020446174656E2D53656E64756E67205656
:1087A0004552534147542E0D0A0053656C62737451
:1087B0002D416E72756620446174656E2075656228
:1087C000657220536F636B65742023256420676591
:1087D00073656E6465742E0D0A00212053656C620A
:1087E00073742D416E727566206F6566666E656E78
:1087F0002064657320536F636B6574205645525334
:108800004147542E0D0A0053656C627374616B749A
:1088100075616C6973696572756E67004772756E14
:10882000647374656C6C756E6720657272656963DC
:1088300068742028536F636B657420676573636881
:108840006C6F7373656E2C20545749206765736392
:10885000686C6F7373656E290D0A005265737465D9
:10886000206765647275636B74202D2D3E20417501
:1088700073736368616C74756E6720696E7465727A
:108880006E0D0A0048544D4C2D436861742D52758D
:108890006865202D2D3E20417573736368616C748B
:1088A000756E6720696E7465726E0D0A000D0A00A0
:1088B0004D656C64756E6773647275636B202D3ED5
:1088C00020000D0A00446961676E6F7365647275FC
:1088D000636B3A20000D0A0A0A003A20002A20544D
:1088E00061737465206765647275636B74202D2DE8
:1088F0003E2052657374652D447275636B2061620E
:10890000676562726F6368656E0D0A0072797279CD
:1089100072797279727972797279727972797279FF
:1089200072797279727972797279727972797279EF
:1089300072797279727972797279727972790D0AB3
:10894000003A20253032752E253032752E253034F0
:108950007520253032753A253032753A253032751A
:108960000D0A000D0A002A204162626175207765B8
:1089700067656E203130204D696E7574656E2046D6
:10898000756E6B7374696C6C652E0D0A006465728C
:1089900000212054696D656F7574206265696D20D2
:1089A00057617274656E2061756620646965204543
:1089B000696E736368616C747175697474756E67E0
:1089C0000D0A002A2054696D656F7574206265690F
:1089D0006D2057617274656E2061756620646965EB
:1089E000205363686C7573737175697474756E6701
:1089F0000D0A002A2031352053656B756E64656E53
:108A0000206E69636874206765776165686C742C93
:108A100020416262727563680D0A000D0A00282504
:108A20006429200025396C64202D202573202D20F9
:108A3000004E616D656E7375636865000D0A003EDA
:108A4000206C656E203D2025640D0A005374617210
:108A50007465204E616D656E73737563686520661D
:108A6000756572203C006F6363002120416E776161
:108A7000686C20696E7465726E20616E20257520A9
:108A8000564552534147540D0A0076657262756E21
:108A900064656E206D69742025750D0A00416E773E
:108AA00061686C20696E7465726E202575200041C6
:108AB0006E6765727566656E6572206861742067A1
:108AC00065616E74776F72746574202D3E20456900
:108AD0006E736368616C742D4B646F2F517569748C
:108AE00020616E205457490D0A002120494C4C4505
:108AF00047414C45532050726F746F6B6F6C6C0D17
:108B00000A000D0A002A204672656D6470726F7447
:108B10006F6B6F6C6C2065726B616E6E743A0021C6
:108B2000205457492D54696D656F7574202D3E2072
:108B30004162736368616C74756E670D0A00545707
:108B40004920417573736368616C74756E67206941
:108B50006E7465726E0D0A0021205363686C757324
:108B6000737175697474756E67206F686E652041E6
:108B70007566666F72646572756E670D0A0054578C
:108B80004920417573736368616C74756E672071F9
:108B900075697474696572740D0A005465696C6E48
:108BA00065686D657220256C7520696D2065696743
:108BB000656E656E2054656C65666F6E6275636880
:108BC00020676566756E64656E2E0D0A004E616DD8
:108BD000656E73737563686520676573746172741D
:108BE0006574202D3E2045696E736368616C742D39
:108BF0004B646F2F5175697420616E205457490D75
:108C00000A00545749205761686C7A696666657234
:108C100020257520696E7465726E202F2067656847
:108C2000656E640D0A00545749205761686C617580
:108C300066666F72646572756E6720696E746572C0
:108C40006E202F206B6F6D6D656E640D0A0054579A
:108C5000492045696E736368616C747175697474D9
:108C6000756E67206675657220676568656E64203D
:108C70002F204D6F647573202564207565626572C1
:108C80002054574920657268616C74656E0D0A0046
:108C90005457492045696E736368616C74717569D6
:108CA0007474756E67206675657220652D4D6169F7
:108CB0006C2D447275636B0D0A0054574920456949
:108CC0006E736368616C747175697474756E672016
:108CD00066756572204D656C64756E677364727538
:108CE000636B0D0A005457492045696E73636861D0
:108CF0006C747175697474756E67206E6163682039
:108D0000426567696E6E2048544D4C2D436861740E
:108D10000D0A005457492045696E736368616C748D
:108D20007175697474756E6720696E7465726E20F2
:108D30002F206B6F6D6D656E640D0A0054574920CE
:108D400045696E736368616C746B6F6D6D616E64A1
:108D50006F20696E7465726E202F20676568656E7E
:108D6000640D0A005457492052657365727669652F
:108D700072756E6720696E7465726E202F2067654C
:108D800068656E6420766F6E2025750D0A002120BF
:108D900045696E736368616C74756E672025752014
:108DA000696E7465726E20564552534147540D0AE0
:108DB0000045696E736368616C74756E6720257514
:108DC00020696E7465726E0D0A00426175646F747D
:108DD0004D6F6465203D2025640D0A004173636971
:108DE000692D566572617262656974756E673A20A5
:108DF0002575205A65696368656E20617573204129
:108E00007363696948696C66507566666572207639
:108E1000657261726265697465742C000D0A0020C8
:108E20002020202020676577616E64656C7420695E
:108E30006E3A200020282B2575290D0A0041736306
:108E400069692D566572617262656974756E673AFB
:108E500020000D0A000D0D0D0A00626B00616273A7
:108E600000646572006E61006E63006F6363000DE5
:108E70000A005761686C416262727563684D656C87
:108E800064756E670020756E642056657273696F35
:108E90006E2025750D0A002D3E2073656E646520D9
:108EA00044757263687761686C20257500436C694E
:108EB000656E742D536F636B657420232564206980
:108EC00054656C6578206572666F6C67726569635E
:108ED000682067656F6566666E65742000436C691F
:108EE000656E742D536F636B657420232564204178
:108EF00073636969206572666F6C67726569636820
:108F00002067656F6566666E6574202D3E20456935
:108F10006E736368616C742D4B646F2F5175697447
:108F200020616E205457490D0A002120436C696569
:108F30006E742D536F636B6574206B6F6E6E74650A
:108F4000206E6963687420657273746D616C696703
:108F50002067656F6566666E657420776572646507
:108F60006E0D0A002A205465696C6E65686D657225
:108F7000206973742047454C4F45534348540D0AAC
:108F8000002120654D61696C206E696368742075ED
:108F90006E74657273747565747A740D0A00206E50
:108FA0006963687420676566756E64656E0D0A0096
:108FB00021204950207A7520486F73746E616D6569
:108FC000200020506F72742025750D0A00203D206E
:108FD0000056657262696E64756E6773617566626C
:108FE0006175207A7520486F73746E616D6520001D
:108FF00020506F72742025750D0A005665726269E3
:109000006E64756E6773617566626175207A75202E
:1090100049502000204665686C65727A6165686C0D
:1090200065722076657272696E676572742061750B
:10903000662025640D0A005465696C6E65686D656F
:10904000722D5365727665722000204665686C65E6
:10905000727A6165686C6572206572686F656874A4
:10906000206175662025640D0A005465696C6E6583
:10907000686D65722D5365727665722000292E0D1C
:109080000A00204950206E696368742062656B6134
:109090006E6E7420284F6566666E756E6720667505
:1090A0006572200021205465696C6E65686D65727B
:1090B0002D53657276657220002E0D0A00204745FB
:1090C0005343484549544552542066756572200003
:1090D000212056657262696E64756E67737665727B
:1090E0007375636820616E205465696C6E65686D88
:1090F00065722D53657276657220002E0D0A002070
:10910000536F636B657420232564206865726765FF
:109110007374656C6C742066756572200056657298
:1091200062696E64756E6720616E205465696C6E4D
:1091300065686D65722D5365727665722000212019
:10914000696E7465726E65722056657262696E64CE
:10915000756E6773706172746E6572202575206913
:109160007374205343484F4E20465245492E0D0AF2
:10917000002120696E7465726E6572205665726298
:10918000696E64756E6773706172746E65722025A6
:1091900075204E49434854204D454852204552526F
:1091A000454943484241522E0D0A00576563687392
:1091B000656C206E616368204D6F64757320507517
:1091C00066666572447275636B556E645363686C52
:1091D0007573732028766F6E202564290D0A005759
:1091E00065636873656C206E616368204D6F64759C
:1091F0007320527568652028766F6E202564290DCE
:109200000A00496E7465726E6556657262696E64B5
:10921000756E674265656E64656E2061757367651E
:1092200068656E6420766F6E204D6F6475732025BF
:10923000640D0A002C20536572556D5469636B737D
:1092400050726F426974203D2025750D0A005365E8
:109250007269656C6C556D7365747A496E69743AA0
:109260002042757356657262506172746E65722029
:109270003D202575003C3C3C20400D0A003C3C3C18
:109280003C3C2028776562290D0A003C3C3C3C3C74
:109290000D0A003E3E3E3E3E0D0A006E61636820B0
:1092A00025642E0D0A004D6F6475735765636873EE
:1092B000656C20766F6E2025642000212052657336
:1092C000657420776567656E206E696368742D41EB
:1092D000756672756620766F6E206974656C657848
:1092E0005F74687265616428290D0A006954656CB1
:1092F000657828253575293A2000202E2E2E6765A1
:109300007370656963686572740D0A002530327583
:109310002E253032752E2530347520253032753AA1
:10932000253032753A253032752000202E2E2E69D8
:10933000676E6F72696572742C20766F72686572E1
:10934000696765204D656C64756E67206E6F636834
:10935000206E69636874206765647275636B740D51
:109360000A00284E554C4C2900446961676E6F73A2
:109370006561757367616265204C6576656C202553
:10938000643A200053756D6D652F416E7A203D2043
:10939000256C752F257520204D6178203D20257581
:1093A0002020416E7A55656265724772656E7A65F6
:1093B000203D202575005255464E52534552563396
:1093C000005255464E525345525632005255464E63
:1093D0005253455256310052454D53455256414B1A
:1093E0005449560053454C425354414E5045520047
:1093F00052454D53455256504F5254004E45545AC3
:10940000504F52540044594E4950414B5449560014
:1094100050494E004E45545A5255464E52005A45F8
:10942000495452554E4453454E44005A45494C45C3
:109430004E4C41454E4745004153434949454D50E7
:1094400046004155544F444154554D005457494EE0
:109450004555004241554454414200445552434809
:109460005741484C54414200414C5445524E4245AC
:1094700049424553004D454C445255434B004645E7
:109480005354454850535400454947454E454E5561
:109490004D4D45520048415550545354454C4C4550
:1094A000004C414E474449454E53544D454C4400B1
:1094B00050524F544C4556454C00544C4E42554327
:1094C000484F4646454E004346475041535300538C
:1094D0005052414348450054455854005A45494C60
:1094E0004500656565656565733A292E292D29292D
:1094F000202B2700616F75414F5573283A282E287D
:109500002D28202B2700E4F6FCC4D6DCDF5B5D3C75
:109510003E7B7D405F23220039373900112484B718
:109520008BBD8DB78EBB8EB78ABD14BE0FB6F894B7
:10953000A89580916000886180936000109260001F
:109540000FBE11241FBECFEFD0E4DEBFCDBF11E0B0
:10955000A0E0B1E0EAEDF6EF01E00BBF02C007903A
:109560000D92A03FB107D9F725E2A0EFB1E001C00D
:109570001D92AA33B207E1F70E94BEF50C946BFB73
:109580000C9400000C94B17E0895089508950E94F3
:1095900090CE8823B1F00E94467F8DEB90E09F93A0
:1095A0008F930E9433F80E94776786EB90E09F9339
:1095B0008F930E9433F80F900F900F900F900C94A0
:1095C0004F7F089563EC70E087EC9AE40C94E97E99
:1095D00008956DEC70E088EE9AE40C94E97E0F93A8
:1095E0001F93CF93DF93CDB7DEB7A0970FB6F89454
:1095F000DEBF0FBECDBF8C010E9490CE882309F440
:1096000087C10E94467FF801EA5FFD4F808191810A
:10961000892B69F486E994E09F938F930E9433F835
:109620008DE894E09F938F930E9433F8C9C066E859
:1096300074E0C8010E947F7D892B09F4C6C088E3CD
:1096400094E09F938F930E9433F88E010F5F1F4F1A
:10965000B80183E394E00E941F6A8AED93E09F9330
:109660008F930E9433F885ED93E00E942E6B0F904C
:109670000F900F900F90019639F062ED73E0C801E2
:109680000E94BEF6892B41F48AEC93E09F938F935E
:109690000E9433F80F900F908EEB93E09F938F937F
:1096A0000E9433F8B8018BEB93E00E941F6A0F9081
:1096B0000F90019759F060911701709118018091F6
:1096C000190190911A01A8010E9482741F930F93AF
:1096D00086E493E09F938F930E9433F8B80181E46E
:1096E00093E00E941F6A0F900F900F900F900197C8
:1096F00059F06091130170911401809115019091BE
:109700001601A8010E9482741F930F938DEC92E0C2
:109710009F938F930E9433F8B80188EC92E00E94E7
:109720001F6A0F900F900F900F90019759F0609162
:109730000F01709110018091110190911201A80107
:109740000E9482741F930F9384E592E09F938F93FE
:109750000E9433F8B80180E592E00E941F6A0F90E2
:109760000F900F900F90019759F060910B0170913D
:109770000C0180910D0190910E01A8010E9482744C
:109780001F930F938AED91E09F938F930E9433F87C
:10979000B80186ED91E00E941F6A0F900F900F9024
:1097A0000F90019729F0B80184E091E00E948A6D42
:1097B0001F930F9388E091E09F938F930E9433F85B
:1097C0000F900F900F900F90A1C06FEB74E0C80145
:1097D0000E947F7D892B79F06FEB74E0C8010E94B5
:1097E0004B7D8D5E9E4FFC01EE0FFF1FE00FF11FC2
:1097F0006081718102C060E371E08FEB94E00E94B0
:10980000C66A6CEB74E0C8010E947F7D892B91F0E1
:109810006CEB74E0C8010E944B7D8D5E9E4FFC0195
:10982000EE0FFF1FE00FF11F608171818CEB94E060
:109830000E94C66A67EB74E0C8010E947F7D892B95
:1098400091F067EB74E0C8010E944B7D8D5E9E4FE6
:10985000FC01EE0FFF1FE00FF11F6081718187EBAC
:1098600094E00E94C66A62EB74E0C8010E947F7DAA
:10987000892B91F062EB74E0C8010E944B7D8D5EF4
:109880009E4FFC01EE0FFF1FE00FF11F6081718101
:1098900082EB94E00E94C66A6EEA74E0C8010E94FE
:1098A0007F7D892B91F06EEA74E0C8010E944B7DA8
:1098B0008D5E9E4FFC01EE0FFF1FE00FF11F6081D8
:1098C00071818EEA94E00E94C66A6AEA74E0C80177
:1098D0000E947F7D892B91F06AEA74E0C8010E94A2
:1098E0004B7D8D5E9E4F880F991FF801E80FF91F81
:1098F000608171818AEA94E00E94C66A85ED90E0F9
:109900009F938F930E9433F80F900F900E944F7F88
:10991000A0960FB6F894DEBF0FBECDBFDF91CF91FA
:109920001F910F9108956EE974E08FEE9AE40C9404
:10993000E97E0895CF93DF93EC010E9490CE8823B7
:1099400009F44EC00E94467FFE01EA5FFD4F808110
:109950009181892B61F48CED94E09F938F930E9409
:1099600033F80F900F90DF91CF910C944F7F66EDFD
:1099700074E0CE010E947F7D892B91F16AEC74E046
:10998000CE010E944B7D8D5E9E4FFC01EE0FFF1FAE
:10999000EC0FFD1F60ED74E0808191810E94BEF6A6
:1099A000892BF1F484EC94E09F938F930E9433F819
:1099B0000E944F7F0E949F7AC65BDD4F888199810C
:1099C0000E94308B81E00E947D8282E00E947D8235
:1099D00083E00E947D820E9402960F900F90FFCF3D
:1099E000DF91CF9108956DE575E08AE99CE40C94D0
:1099F000E97E0F931F93CF93DF93CDB7DEB76397C5
:109A00000FB6F894DEBF0FBECDBF8C01CE0101961C
:109A10000E9479848091F0019091F10101969093D8
:109A2000F1018093F001888599857F816E8159814C
:109A30004A813B812C819F938F931F927F931F922A
:109A40006F931F925F931F924F931F923F931F92AA
:109A50002F938AE795E09F938F930E9433F8F80144
:109A6000E65BFD4F81818F9380818F938091F1011F
:109A70008F938091F0018F938091800E8F938091CE
:109A80007F0E8F9380917E0E8F9380917D0E8F93AA
:109A900087E695E09F938F930E9433F80FB6F89472
:109AA000DEBF0FBECDBF63960FB6F894DEBF0FBE0C
:109AB000CDBFDF91CF911F910F91089560E276E0C5
:109AC00089EF9CE40C94E97E5FDDF8DF2CDF7ADD22
:109AD0008ADF5BDD7EDD2DDF59CD109269000895B0
:109AE0008330910564F45DB321E030E0B90102C038
:109AF000660F771F8A95E2F7CB01852B8DBB089502
:109B0000833091052CF56430710524F5A09169002E
:109B10009C01220F331FE3E0F0E0022E01C0EE0FA4
:109B20000A94EAF7E095EA23E0936900E09169007E
:109B3000022E01C0660F0A94EAF76E2B609369004B
:109B4000F901EC57F34F51834083CADF80E0089559
:109B50008EEF08958FEF0895833091056CF44DB327
:109B600021E030E0B90102C0660F771F8A95E2F765
:109B7000CB01809584238DBB08951F920F920FB661
:109B80000F9211240BB60F922F933F934F935F9335
:109B90006F937F938F939F93AF93BF93EF93FF93B5
:109BA000E091840CF091850C0995FF91EF91BF91A4
:109BB000AF919F918F917F916F915F914F913F9165
:109BC0002F910F900BBE0F900FBE0F901F90189506
:109BD0001F920F920FB60F9211240BB60F922F9374
:109BE0003F934F935F936F937F938F939F93AF9325
:109BF000BF93EF93FF93E091860CF091870C09954A
:109C0000FF91EF91BF91AF919F918F917F916F9154
:109C10005F914F913F912F910F900BBE0F900FBE10
:109C20000F901F9018951F920F920FB60F9211244C
:109C30000BB60F922F933F934F935F936F937F9346
:109C40008F939F93AF93BF93EF93FF93E091880C13
:109C5000F091890C0995FF91EF91BF91AF919F9180
:109C60008F917F916F915F914F913F912F910F90C5
:109C70000BBE0F900FBE0F901F901895CF93DF93E0
:109C8000EB0110928B0C10928A0C2AE02093810039
:109C900023E0880F991F2A95E1F79C0140E050E0EE
:109CA00060E074E284EF90E00E94FEF52C1B3D0B17
:109CB000309389002093880082E080936F00DF91C9
:109CC000CF910895EFE6F0E080818D7F8083089545
:109CD000EFE6F0E080818260808308951F920F920A
:109CE0000FB60F9211240BB60F922F933F934F9301
:109CF0005F936F937F938F939F93AF93BF93EF93F4
:109D0000FF93E0918A0CF0918B0C309709F0099544
:109D1000FF91EF91BF91AF919F918F917F916F9143
:109D20005F914F913F912F910F900BBE0F900FBEFF
:109D30000F901F90189520918A0C30918B0C28174A
:109D4000390731F0232B31F490938B0C80938A0CDC
:109D500081E0089580E00895AC019091840020E0B6
:109D600030E02417350749F0809184009817C9F333
:109D7000909184002F5F3F4FF4CF0895809184002D
:109D800090918500089560E170E080E99CE00E9478
:109D9000446590938F0C80938E0C60E170E080EAB4
:109DA0009CE00E94446590938D0C80938C0C1092E3
:109DB000F2011092C50087E68093C40088E9809381
:109DC000C10086E08093C20008951F920F920FB6E3
:109DD0000F9211240BB60F928F93EF93FF93E1EC48
:109DE000F0E080818F7B80831092F201FF91EF91F0
:109DF0008F910F900BBE0F900FBE0F901F90189574
:109E00001F920F920FB60F9211240BB60F922F9341
:109E10003F934F935F936F937F938F939F93AF93F2
:109E2000BF93EF93FF9380918C0C90918D0C0E94C7
:109E30006B65892B49F080918C0C90918D0C0E9460
:109E4000BB668093C6000AC08091C1008064809385
:109E5000C1008091C1008F7D8093C100FF91EF917F
:109E6000BF91AF919F918F917F916F915F914F9132
:109E70003F912F910F900BBE0F900FBE0F901F9030
:109E800018951F920F920FB60F9211240BB60F92D6
:109E90002F933F934F935F936F937F938F939F93F2
:109EA000AF93BF93CF93EF93FF93C091C600809180
:109EB0008E0C90918F0C0E946B6540973CF46C2F38
:109EC00080918E0C90918F0C0E940366FF91EF9110
:109ED000CF91BF91AF919F918F917F916F915F9142
:109EE0004F913F912F910F900BBE0F900FBE0F908F
:109EF0001F901895CF93DF93C82FDFB7F894809108
:109F00008C0C90918D0C0E946B65892B31F58091A2
:109F1000F201813091F46C2F80918C0C90918D0C1A
:109F20000E9403668091C1008F7B8093C100809165
:109F3000C10080628093C10022C0C093C60080919E
:109F4000C10080648093C1008091C1008F7D8093A7
:109F5000C10081E08093F20112C0F89480918C0CD2
:109F600090918D0C0E946B65409714F0DFBFF5CF88
:109F70006C2F80918C0C90918D0C0E940366DFBF3A
:109F8000DF91CF910895CF93CFB7F89480918E0C45
:109F900090918F0C0E946B65892B39F080918E0C0B
:109FA00090918F0C0E94BB6601C080E0CFBFCF9123
:109FB0000895CF93CFB7F89480918E0C90918F0C29
:109FC0000E946B65CFBFCF910895CF93CFB7F89420
:109FD00080918C0C90918D0C0E946B65CFBFCF91BE
:109FE00008951F920F920FB60F9211240BB60F9285
:109FF0008F93EF93FF93E9ECF0E080818F7B808378
:10A000001092F301FF91EF918F910F900BBE0F9083
:10A010000FBE0F901F9018951F920F920FB60F92C0
:10A0200011240BB60F922F933F934F935F936F932F
:10A030007F938F939F93AF93BF93EF93FF93809101
:10A04000C20C9091C30C0E946B65892B49F08091E2
:10A05000C20C9091C30C0E94BB668093CE000AC0D4
:10A060008091C90080648093C9008091C9008F7D70
:10A070008093C900FF91EF91BF91AF919F918F9114
:10A080007F916F915F914F913F912F910F900BBEF8
:10A090000F900FBE0F901F9018951F920F920FB642
:10A0A0000F9211240BB60F922F933F934F935F9310
:10A0B0006F937F938F939F93AF93BF93CF93EF93C0
:10A0C000FF93C091CE008091C00C9091C10C0E9472
:10A0D0006B6540973CF46C2F8091C00C9091C10C43
:10A0E0000E940366FF91EF91CF91BF91AF919F9135
:10A0F0008F917F916F915F914F913F912F910F9031
:10A100000BBE0F900FBE0F901F9018952AE0AC0168
:10A11000249FC001259F900D1124FC01EC5CFE4F93
:10A120000190F081E02D09942AE0AC01249FC00148
:10A13000259F900D1124FC01EC5CFE4F0280F38101
:10A14000E02D862F09942AE0AC01249FC001259FB1
:10A15000900D1124FC01EC5CFE4F0480F581E02D94
:10A1600009942AE0AC01249FC001259F900D112481
:10A17000FC01EC5CFE4F0680F781E02D099425CFB1
:10A180001F93CF93DF93162F64EF71E00E941F6A35
:10A19000EC01019799F46FE478E084EF91E00E947C
:10A1A000BEF6892B49F084EF91E00E944FF631E032
:10A1B000892B09F430E0C32F8C2F01C0812FDF9150
:10A1C000CF911F910895CF93DF93EC0180E498E045
:10A1D0009F938F930E9433F8DF93CF930E9433F8BD
:10A1E0008BE098E09F938F930E9433F80F900F902D
:10A1F0000F900F900F900F90DF91CF9108950F93D4
:10A200001F93CF93DF93182F092FEB0184EF97E073
:10A210009F938F930E9433F80F931F930E9433F8FC
:10A220008CED97E09F938F930E9433F8DF93CF9349
:10A230000E9433F88DB79EB708960FB6F8949EBF6C
:10A240000FBE8DBFDF91CF911F910F910895EF92B7
:10A25000FF920F931F93CF93DF93EA01F22EE32E29
:10A26000CEDFDF93CF93EF92FF921F930F93DF9395
:10A27000CF938EE997E09F938F930E9433F88DB729
:10A280009EB70A960FB6F8949EBF0FBE8DBFDF91A2
:10A29000CF911F910F91FF90EF9008950F931F930F
:10A2A000CF93DF93EA01122F032FA9DFDF93CF9320
:10A2B0000F931F93DF93CF9381E697E09F938F9344
:10A2C0000E9433F88DB79EB708960FB6F8949EBFDC
:10A2D0000FBE8DBFDF91CF911F910F910895CF9346
:10A2E000C42F8DDF85E497E09F938F930E9433F80E
:10A2F0000F900F90CC2341F08CE397E09F938F93C6
:10A300000E9433F80F900F9080E397E09F938F9314
:10A310000E9433F80F900F90CF9108957F928F9203
:10A320009F92AF92BF92CF92DF92EF92FF920F93E4
:10A330001F93CF93DF93182FD92EEB01742E790141
:10A3400089E197E09F938F930E9433F8DF921F93E8
:10A350000E9433F880E097E09F938F930E9433F838
:10A36000DF93CF930E9433F884EF96E09F938F930F
:10A370000E9433F88DB79EB70A960FB6F8949EBF29
:10A380000FBE8DBFC0E0D0E010E083ECC82E86E0A9
:10A39000D82E97EDA92E96E0B92E29EB822E26E035
:10A3A000922E171531F1101305C0DF93CF93BF9292
:10A3B000AF9204C0DF93CF93DF92CF920E9433F825
:10A3C0000F900F900F900F90F70181818F938081F4
:10A3D0008F930E9433F8F2E0EF0EF11C9F928F9260
:10A3E0000E9433F81F5F21960F900F900F900F90EF
:10A3F000D8CF8AEA96E09F938F930E9433F80F900C
:10A400000F90DF91CF911F910F91FF90EF90DF9010
:10A41000CF90BF90AF909F908F907F900895CF93F3
:10A42000DF93EC018CE796E09F938F930E9433F8C3
:10A43000DF93CF930E9433F880E696E09F938F934B
:10A440000E9433F80F900F900F900F900F900F9085
:10A45000DF91CF9108959F92AF92BF92CF92DF92FA
:10A46000EF92FF920F931F93CF93DF935C01F62E31
:10A47000972E6A01E901BA010E947F7D892B09F4B8
:10A4800071C02197B601C5010E944B7D8D5E9E4F24
:10A49000FC01EE0FFF1FEA0DFB1D60817181AE0113
:10A4A00084EF91E00E94B0F794EFA92E91E0B92ECD
:10A4B000CC50DE4F18828BE596E09F938F930E94DD
:10A4C00033F89F92FF920E9433F8B801C5010E94B1
:10A4D00090F70F900F900F900F906E2D892BB9F47D
:10A4E0008CE590E00E94CD629F938F930E9433F899
:10A4F000BF92AF9286E596E09F938F930E9433F8C8
:10A500000F900F900F900F900F900F902BC08DE534
:10A5100090E00E94CD629F938F930E9433F8BF9288
:10A52000AF9281E596E09F938F930E9433F864EF9A
:10A5300071E0C6010E94C66A0F900F900F900F90B5
:10A540000F900F9064EF71E0C801DF91CF911F91E0
:10A550000F91FF90EF90DF90CF90BF90AF909F90C2
:10A560000C9499F7DF91CF911F910F91FF90EF908D
:10A57000DF90CF90BF90AF909F9008952F923F9221
:10A580004F925F926F927F928F929F92AF92BF9203
:10A59000CF92DF92EF92FF920F931F93CF93DF93AF
:10A5A00000D000D0CDB7DEB73C016B837C835A83EB
:10A5B000498318012901198DBA010E947F7D892BD9
:10A5C00009F478C069817A81C3010E944B7D8D5E58
:10A5D0009E4F880F991FF301E80FF91F6081718169
:10A5E0004AE050E084EF91E00E94B0F71092FE0143
:10A5F00084EF91E00E946CF66C157D058E059F0539
:10A6000048F06B017C0186169706A806B90610F47F
:10A61000750164012AE044EF51E0C701B6010E94D0
:10A62000E6F78CE496E09F938F930E9433F88C8139
:10A630008F939B819F930E9433F80F900F900F9000
:10A640000F90612FC214D304E404F50499F48CE54F
:10A6500090E00E94CD629F938F930E9433F8FF9207
:10A66000EF92DF92CF9286E496E09F938F930E94C1
:10A6700033F818C08DE590E00E94CD629F938F93D0
:10A680000E9433F8FF92EF92DF92CF9280E496E03F
:10A690009F938F930E9433F864EF71E089819A81D0
:10A6A0000E94C66A0FB6F894DEBF0FBECDBFB601DA
:10A6B000C70102C0B101C2010F900F900F900F901F
:10A6C000DF91CF911F910F91FF90EF90DF90CF908E
:10A6D000BF90AF909F908F907F906F905F904F90C2
:10A6E0003F902F900895CF92DF92EF92FF920F93B9
:10A6F0001F93CF93DF93EC01D62EC72E7A01122F32
:10A70000BA010E947F7D892BE9F0B701CE010E943A
:10A710004B7D8D5E9E4FFC01EE0FFF1FEC0FFD1F6A
:10A720006081718142E050E084EF91E00E94B0F7D7
:10A730001092F60184EF91E00E944FF6C1E0892B60
:10A7400039F405C080E38093F4011092F501C0E074
:10A750008BE396E09F938F930E9433F8CF92DF9222
:10A760000E9433F80F900F900F900F90602FC1133D
:10A7700017C08CE590E00E94CD629F938F930E945A
:10A7800033F81F92CF9386E396E09F938F930E94B6
:10A7900033F80F900F900F900F900F900F9026C0EE
:10A7A0008DE590E00E94CD629F938F930E9433F8D5
:10A7B0001F92CF9381E396E09F938F930E9433F88B
:10A7C0000F900F900F900F900F900F90CC2319F0D7
:10A7D0006EE276E002C06AE276E084EF91E00E94E9
:10A7E000C7F664EF71E0C7010E94C66A8C2FDF9143
:10A7F000CF911F910F91FF90EF90DF90CF90089530
:10A80000CF93DF93CDB7DEB7EB970FB6F894DEBFEB
:10A810000FBECDBFCE0189960E947984BE016F5FC5
:10A820007F4F86E199E00E941F6A019729F4CE01CB
:10A8300001960E944FF68AAB8EE099E00E942E6B43
:10A84000892B29F061E08EE099E09ADC8BAFCE0194
:10A8500089960E948D84EB960FB6F894DEBF0FBEEA
:10A86000CDBFDF91CF910895CF92DF92EF92FF920B
:10A870001F93CF93DF93CDB7DEB7EB970FB6F89466
:10A88000DEBF0FBECDBF60E088E299E079DC8823AF
:10A8900009F461C0BE016F5F7F4F8EE199E00E94B5
:10A8A0001F6A019709F057C0CE0189960E947984EA
:10A8B000CFA8D8ACE9ACFAAC1AA9CE0101960E9497
:10A8C0001674212F110F330BAE014F5F5F4F0E94A3
:10A8D000B976019649F1CE0189960E94798482E089
:10A8E0000E9439968823A1F089EB98E00E9467972F
:10A8F000CE0101960E9436974FA958AD69AD7AAD49
:10A900004C195D096E097F0982E898E00E947E97E4
:10A910008FA998ADA9ADBAAD8C199D099093D50CAE
:10A920008093D40C81E018C081E00E94399688237E
:10A9300061F084E798E00E946797CE0101960E943B
:10A94000369782E598E00E9467978FE097E29093B0
:10A95000D50C8093D40C80E0EB960FB6F894DEBF54
:10A960000FBECDBFDF91CF911F91FF90EF90DF9091
:10A97000CF900895BF92CF92DF92EF92FF920F9304
:10A980001F93CF93DF93CDB7DEB7E7970FB6F89459
:10A99000DEBF0FBECDBF6C0163EF72E00E94E9CA5B
:10A9A00041E06091F302C6010E94F5C9882309F4D1
:10A9B0000CC160E088E299E0E3DB11E0811101C0A5
:10A9C00010E061E08EE099E0DBDBFF24F39481117D
:10A9D00001C0F12C8EE199E00E942E6B019641F0AE
:10A9E000BE016F5F7F4F8EE199E00E941F6A01C038
:10A9F000198286E199E00E942E6B019641F0BE011A
:10AA00006C5C7F4F86E199E00E941F6A06C06CE093
:10AA100079E0CE01C4960E94C7F60E94467FF601F7
:10AA2000EA5FFD4F80819181892B09F03BC084E072
:10AA300099E0C9DB6091F3028AE890E00E94CD6260
:10AA4000412F68E279E04BDC6091F3028BE890E003
:10AA50000E94CD629E012F5F3F4F4FE150E06EE1BB
:10AA600079E01CDC6091F3028CE890E00E94CD62FA
:10AA70009E012C5C3F4F43E050E066E179E00EDC44
:10AA80006091F3028DE890E00E94CD624F2D6EE060
:10AA900079E025DC6091F3028EE590E00E94CD62C2
:10AAA000BEDC91C06091F3028AE590E00E94CD6225
:10AAB0009F938F930E9433F881EF98E09F938F9339
:10AAC0000E9433F86091F3028BE590E00E94CD6222
:10AAD0009F938F930E9433F88CEE98E09F938F930F
:10AAE0000E9433F80091F302602F8AE890E00E9400
:10AAF000CD62212F48E259E0BC01C601F4DDB82E39
:10AB0000E090F3026E2D8BE890E00E94CD628E0102
:10AB10000F5F1F4F20E230E04EE159E0BC01C6015B
:10AB20009ADCE090F3026E2D8CE890E00E94CD62FA
:10AB30000D5C1F4F24E030E046E159E0BC01C60146
:10AB40008ADC0091F302602F8DE890E00E94CD62D4
:10AB50002F2D4EE059E0BC01C601C5DD8091F30206
:10AB60000E9477E887EE98E09F938F930E9433F8D6
:10AB70000FB6F894DEBF0FBECDBFBB2021F140DE83
:10AB800073DECE0181960E9479846AA15BA14CA1FB
:10AB900088A599A53FA12EA11F926F931F925F9345
:10ABA0001F924F939F938F931F923F931F922F93C8
:10ABB00085EC98E09F938F930E9433F80FB6F8943A
:10ABC000DEBF0FBECDBF0E944F7FE7960FB6F89451
:10ABD000DEBF0FBECDBFDF91CF911F910F91FF90D0
:10ABE000EF90DF90CF90BF900895FB018B3119F467
:10ABF00082E0808303C08F3119F4108280E00895D1
:10AC00009081292F2E7F20839670E82FF0E09230DC
:10AC100019F4E45DF64F02C0E45BF64F84910895A9
:10AC20006670623019F0ECE4F9E002C0ECE2F9E0A1
:10AC30009FEB980F9A3108F4805E90E02491821780
:10AC400031F031969F5F9032C9F78FEF0895892FC9
:10AC50000895CF92DF92EF92FF920F931F93CF93BD
:10AC6000C82F7B016A0189018FEFF9018083CF3002
:10AC700039F48BE1F601808383E0F701808327C0FC
:10AC8000CE3039F48FE1F601808381E0F7018083D3
:10AC90001FC0FB01608160FD08C060E08C2FC0DF39
:10ACA000F80180838F3F71F709C0C731B1F38C2F52
:10ACB000B7DFF60180838F3F51F4EFCF62E08C2F36
:10ACC000AFDFF80180838F3FA1F680E001C081E013
:10ACD000CF911F910F91FF90EF90DF90CF9008954B
:10ACE0008A3989F028F4833941F0863931F011C06E
:10ACF0008C3949F0893AC9F10CC081E08093EF0C9E
:10AD00001092F60C089581E08093EF0C8093F60C7E
:10AD10000895E091F70291E09E0F9093F702F0E022
:10AD2000E850FD4F80838091F702843148F0809194
:10AD3000F602811102C083E10CC01092F7020BC031
:10AD40009091F7028091F602981305C08091F70266
:10AD500081508093F7028091EC0C80648093EC0C1E
:10AD60008091EC0C8F778093EC0C08955FB7F8948A
:10AD70004091EC0C21E030E0B90102C0660F771F72
:10AD80008A95E2F7CB01809584238093EC0C5FBF1A
:10AD900008954FB7F8945091EC0C21E030E0B901E0
:10ADA00002C0660F771F8A95E2F7CB01852B80934F
:10ADB000EC0C4FBF08951F920F920FB60F92112403
:10ADC0000BB60F922F933F934F935F936F937F93A5
:10ADD0008F939F93AF93BF93EF93FF938091D60C84
:10ADE0009091D70C01969093D70C8093D60C8091BC
:10ADF000B900887F803609F4CAC0B0F5883209F4FA
:10AE00008DC090F4803109F475C038F4882309F4BA
:10AE1000A9C0883009F459C035C1883109F46EC021
:10AE2000803209F472C02EC1803409F429C160F463
:10AE3000803309F473C0883309F024C18091F40C85
:10AE40008F5F8093F40CD8C0803509F47EC08835BC
:10AE500009F47BC0883409F015C185E08093D80CD3
:10AE600081E08093F50C7FC0883909F4E8C0C0F414
:10AE7000883709F4C3C038F4883609F483C08037B2
:10AE800009F4C1C0FFC0883809F494C0803909F4BE
:10AE9000C5C0803809F0F6C08091BB0021DFF0C04A
:10AEA000803B09F4E1C038F4803A09F487C0883A5D
:10AEB00009F4DFC0E7C0803C09F4DEC0883C09F437
:10AEC000DBC0883B09F0DEC0D4C08091D80C843050
:10AED00029F41092BB001092F40209C08091D80CA2
:10AEE000813041F08091F20C81608093BB00109220
:10AEF000F70CC8C08091F20C8E7FF7CF8091D80CF0
:10AF00008430B1F08091DB0C1DC085E08093D80CBB
:10AF10008091D80C843021F181E031C08091D80C2F
:10AF20008430D9F49091F4028091DA0C9817A8F447
:10AF3000E091F40281E08E0F8093F402F0E0E4529D
:10AF4000F34F80818093BB009DC08091BB008093B4
:10AF5000F5028091D80C823051F085E08093D80CB6
:10AF60001092F50C81E08093F70C85E58CC0809100
:10AF7000F50287FD41C085E08093D80C83E0809383
:10AF8000F50CF0CF8091F40C8F5F8093F40CA895B2
:10AF90001092EE0C1092ED0C1092F70C1092F4023D
:10AFA0008091BB009091F00C9150869589238093FD
:10AFB000F10C66C08091BB0093DE5EC081E080939F
:10AFC000F70C9091F4028091DA0C891720F48091AB
:10AFD000F4028093DA0C8091D80C833069F0809170
:10AFE000D80C813049F08091D80C823029F08091C2
:10AFF000D80C843009F046C085E645C08091F40C39
:10B000008F5F8093F40C1092EE0C1092ED0C109266
:10B01000F70C1092F4021092DA0C34C08091BB004D
:10B020009091F402903170F5E091F40291E09E0F5E
:10B030009093F402F0E0E452F34F808323C08091B8
:10B04000BB009091F402903150F4E091F40291E051
:10B050009E0F9093F402F0E0E452F34F80838091CE
:10B06000F4028093DA0C08C08091F40C8F5F809317
:10B07000F40C8091EC0C39CF81E08093F70CABCFCE
:10B0800085E001C085E480688093BC00FF91EF916A
:10B09000BF91AF919F918F917F916F915F914F91F0
:10B0A0003F912F910F900BBE0F900FBE0F901F90EE
:10B0B00018958091D80C882321F08091D80C853088
:10B0C000C1F70895CF93C82FF4DF9FB7F894C093CA
:10B0D000DB0CC7FF02C081E001C082E08093D80C86
:10B0E0008091F70C882349F08091BC0084FDFCCF4F
:10B0F0008091BC0080628093BC009FBFCF91089577
:10B10000D8DF9FB7F89484E08093D80C8091F70C37
:10B11000882349F08091BC0084FDFCCF8091BC0065
:10B1200080628093BC009FBF0895CF93DF93D82F98
:10B13000C0DFC091F20CD093F20C83E08093D80C66
:10B140008091F70C882349F08091BC0084FDFCCFEE
:10B150008091BC0080628093BC00ABDFC093F20C96
:10B160008091F50C811104C08091F50290E002C03D
:10B170008FEF9FEFDF91CF910895CF939EEF980FC0
:10B180009B3DE8F480FD1BC0C82FCFDF97FF17C0A1
:10B190009FB7F894C093BA008091D90C882329F006
:10B1A0008091BA0081608093BA008091BC00806475
:10B1B0008093BC00C093F30C9FBF81E00EC09FB78B
:10B1C000F8941092BA008091BC008F7B8093BC00F1
:10B1D0008FEF8093F30C9FBF80E0CF91089581E0C3
:10B1E0008093F70C1092D80C1092F50C1092F40C7E
:10B1F0001092F6021092F7021092D70C1092D60C11
:10B200001092EE0C1092ED0C1092DB0C8093B900B2
:10B2100080E48093B8008091F30C8E7F8093BA0015
:10B220001092DA0C1092F4028091D90C882329F044
:10B230008091BA0081608093BA0084E88093BC005A
:10B240008091F00C8150880F8093BD00089561308B
:10B2500031F48A3080F4882351F08C5906C0623072
:10B2600051F4882331F0843630F4880F08958CED42
:10B27000089588EC08958FEF0895FB019EEF980FD5
:10B280009B3D10F010820DC08695853630F091E020
:10B2900090838E3631F08456089592E09083843600
:10B2A00009F480E008953091F6022091F7023217F8
:10B2B000D9F0E091F60221E02E0F2093F602F0E0A3
:10B2C000E850FD4F2081FC0120838091F6028431FB
:10B2D00010F01092F6029091F6028091F702981306
:10B2E00005C086E043DD02C080E0089581E0089556
:10B2F000FC0112AA13AA0895FC0123A992A981E0D6
:10B30000291380E00895FC0192A9913310F49F5F06
:10B3100001C090E083A9891789F092A9913320F4A4
:10B320009F5F913321F001C090E09F5F01C090E0EA
:10B3300023A981E0291719F080E001C081E0817024
:10B340000895FC0182A9813310F48F5F01C080E071
:10B3500093A9891789F09FB7F89482A9DF01A80FF4
:10B36000B11D6C9382A9813310F48F5F01C080E01E
:10B3700082AB9FBF81E0089580E00895FC012FB764
:10B38000F89483A9DF01A80FB11D8C9193A9913383
:10B3900010F49F5F01C090E093AB2FBF0895FC01B4
:10B3A00092A983A9981728F092A983A9981B892F9D
:10B3B000089582A993A98E5C891B0895FC019FB70B
:10B3C000F8942091B0223091B122318320839FBF25
:10B3D000089553985B980895FCDF8FE493ECA0E008
:10B3E000B0E00197A109B109000001F0D1F7C895BB
:10B3F000000008950F931F93CF93DF934FE453EC16
:10B4000060E070E0DB01CA010197A109B109000009
:10B4100001F0D1F7C8950000539A5B98DB01CA018F
:10B420000197A109B109000001F0D1F7C89500000A
:10B43000C0E20FE811E06CEA81E090E00E94B48283
:10B4400063E581E090E00E94B48260E081E090E0FA
:10B450000E94B482D82F60E081E090E00E94B48224
:10B46000D335B9F0C8010197F1F7000000C05D9A2B
:10B47000C8010197F1F7000000C05D98C80101976D
:10B48000F1F7000000C0C15009F0D5CFA5DF80E082
:10B4900001C081E0DF91CF911F910F9108950F932B
:10B4A0001F93CF93DF93EC018B0180FD02C060E21C
:10B4B00001C068E281E090E00E94B4826D2F669541
:10B4C00081E090E00E94B482BE017695679581E0AC
:10B4D00090E00E94B48260E081E090E00E94B4823B
:10B4E000F801808381E0DF91CF911F910F91089542
:10B4F000CF92DF92EF92FF920F931F93CF93DF9340
:10B500008C016B017A01E901BC01C9010E9499F724
:10B5100064E270E0C8010E9485F7892BA9F464E910
:10B5200079E0CE010E94A8F6B601CE010E947AF71A
:10B53000B701CE01DF91CF911F910F91FF90EF9056
:10B54000DF90CF900C94A8F664E270E0CE010E94E8
:10B5500085F7FC011082B601CE010E947AF7B7018F
:10B56000CE010E94A8F664E270E0C8010E9485F74F
:10B57000BC016F5F7F4FCE01DF91CF911F910F9183
:10B58000FF90EF90DF90CF900C947AF7CF92DF92FC
:10B59000EF92FF920F931F93CF93DF93CDB7DEB758
:10B5A00027970FB6F894DEBF0FBECDBFD82EC92E99
:10B5B0006FE270E00E9485F78C01009731F487E319
:10B5C00091E10E9467978DEF1DC0FC0110828D2DC7
:10B5D0009C2D0E941674611571058105910521F459
:10B5E0008D2D9C2D0E94FE706F3FFFEF7F078F0710
:10B5F0009F0751F48EE191E10E9467978FE2F80175
:10B6000080838FEF9FEF39C040E550E00E940594A2
:10B610007C01019649F483E091E10E9467978FE2F3
:10B62000F80180838EEFEECFCE0101960E94FE7A64
:10B63000B70182E00E94ED7AC80101969F938F9333
:10B6400084EC90E19F938F930E9433F8CF92DF9226
:10B650000E9420F88FEB90E19F938F930E9433F824
:10B66000CE0101960E940D7B8FE2F80180830FB618
:10B67000F894DEBF0FBECDBFC70127960FB6F89472
:10B68000DEBF0FBECDBFDF91CF911F910F91FF9015
:10B69000EF90DF90CF9008956F927F928F929F925C
:10B6A000AF92BF92CF92DF92EF92FF920F931F93D0
:10B6B000CF93DF93CDB7DEB7C254D1090FB6F8945C
:10B6C000DEBF0FBECDBF5C017B016115710519F0B6
:10B6D000FB011182108200E010E0CE018F5B9F4FD2
:10B6E0006DDED12CC5010E949293181619065CF5E7
:10B6F000CE018F5B9F4F62DE8D2C912C662463946C
:10B70000712C6C0E7D1E680C791CA30161E070E049
:10B71000C5010E94F292019759F081E00E9439968A
:10B72000882309F494C086E990E10E9467978FC04E
:10B73000F30180818A3019F18D30A1F2FEE3FD150D
:10B7400088F2D394CFCF2FB7F8948091B022909104
:10B75000B12223964EAD5FAD2397841B950B2FBF6F
:10B76000893E934008F4BECF81E00E943996882339
:10B7700009F46FC08CE790E10E9467976AC0F301FB
:10B78000108284E00E943996882369F083E690E174
:10B790000E946797B401CE0101960E94F09781E55F
:10B7A00090E10E94679780E020E0C82ED12CE1E074
:10B7B000F0E0EC0FFD1FEC0DFD1D9081992321F0B1
:10B7C000903229F0222321F0811104C032C021E0FF
:10B7D0008F5FEBCF45E050E06BE470E1CE01019666
:10B7E0000E94E7F6892B51F481E090E08C0F9D1FB9
:10B7F0008C0D9D1D0E944FF68C016FCF4FE050E0E5
:10B800006BE370E1CE0101960E94E7F6892B09F007
:10B8100064CFE114F10409F460CF81E090E08C0F73
:10B820009D1F8C0D9D1D0E944FF6F7019183808313
:10B8300054CF82E00E943996882339F0A80160E055
:10B8400070E080E290E10E947E97C80104C08EEF14
:10B8500001C08FEF9FEFCE5BDF4F0FB6F894DEBFD6
:10B860000FBECDBFDF91CF911F910F91FF90EF9051
:10B87000DF90CF90BF90AF909F908F907F906F9010
:10B8800008952F923F924F925F926F927F928F9284
:10B890009F92AF92BF92CF92DF92EF92FF920F935F
:10B8A0001F93CF93DF93CDB7DEB7CE54D1400FB601
:10B8B000F894DEBF0FBECDBF6C010E9490CE8823EE
:10B8C00009F443C67E0127EFE21A2EEFF20AF701D0
:10B8D0001082F601EA5FFD4F80819181892B09F08A
:10B8E00046C0BE016F5F7F4F88E891E10E941F6AEA
:10B8F000019709F019820E94467F88E190E10E9439
:10B90000E3509E012F5F3F4F47E750E068E871E149
:10B910008CEF9FE00E944E51970141E350E061E8B7
:10B9200071E18BEC9FE00E944E5189EB9FE00E94F9
:10B930000F5288EF9CE02091F80C222369F09F932E
:10B940008F938CE89FE09F938F930E9433F80F9022
:10B950000F900F900F9008C08AE39FE09F938F9302
:10B960000E9433F80F900F900E944F7FEEC561E860
:10B9700071E1C6010E947F7D892B09F489C510926F
:10B98000F80C83E00E947D8261E871E1C6010E94AB
:10B990004B7D8D5E9E4FFC01EE0FFF1FEC0DFD1DDC
:10B9A0006081718141E350E0C7010E94B0F7F70167
:10B9B00011AA8081811171C01DDD882309F442C064
:10B9C00000E01FEFA12CB12CBE016F5F7F4FC501BE
:10B9D00066DD982E811102C0FFDC34C089811732E8
:10B9E00028F4F701E10FF11D80831F5F8F3599F473
:10B9F000113009F45AC50F5F0330C8F01F3F99F0AA
:10BA0000011708F4101BF701E10FF11D1082E4DCAF
:10BA100091102BC017C080528F3538F489ED810FFB
:10BA2000883D18F003C010E001C01FEF00E0FFEFF9
:10BA3000AF1ABF0AA11420E2B20631F6F701108254
:10BA4000CBDC13C00E94467F82EF9EE09F938F93D2
:10BA50000E9433F880E591E19F938F930E9433F821
:10BA60000E944F7FF701108214C0F701808181117D
:10BA700014C00E94467F8BEA9EE09F938F930E94A2
:10BA800033F880E591E19F938F930E9433F80E94F1
:10BA90004F7F0F900F900F900F9044E050E066EAB8
:10BAA0007EE0C7010E94E7F6892B39F444E050E0BC
:10BAB00061EA7EE0C7010E949FF69CDC882309F4BE
:10BAC000F9C45E01FFEBAF1AFEEFBF0A10E060E3BE
:10BAD00081E090E00E94B48260E081E090E00E940A
:10BAE000B482612F81E090E00E94B48260E081E046
:10BAF00090E00E94B482F50181935F011F5F1330D3
:10BB000031F76ADC83E00E948682F7018081882316
:10BB100009F41BC588E291E251DC80E00E94868234
:10BB20000E94467F1092F80C68E871E1C6010E94FD
:10BB30007F7D892B99F487EE9DE09F938F930E94E0
:10BB400033F880E591E19F938F930E9433F80E9430
:10BB50004F7F0F900F900F900F90F7C4CE0101967A
:10BB60005C01BC0188E891E10E941F6A0197B1F471
:10BB700068E871E1C6010E944B7D8D5E9E4FFC011D
:10BB8000EE0FFF1FEC0DFD1D60817181C5010E944C
:10BB900090F711E0892B19F410E001C011E0FF9239
:10BBA000EF9282ED9DE09F938F930E9433F868E8B7
:10BBB00071E1C6010E944B7D8D5E9E4FFC01EE0F30
:10BBC000FF1FEC0DFD1D95014DEC5DE0B70180817F
:10BBD00091818EDCC501DADC4C010F900F900F9043
:10BBE0000F9097FF07C09F928F93BF92AF9282EA08
:10BBF0009DE010C060E070E04FDD3C01883C9105A5
:10BC0000D9F0C4010E94308B7F926F92BF92AF92A5
:10BC100089E79DE09F938F930E9433F880E591E13F
:10BC20009F938F930E9433F80E944F7F0FB6F89432
:10BC3000DEBF0FBECDBF89C4112391F068E871E16A
:10BC4000C6010E944B7D8D5E9E4FFC01EE0FFF1FD3
:10BC5000EC0DFD1D6081718188E891E10E94C66A4A
:10BC6000512C8E0107531F4F852D90E0A801480FDE
:10BC7000591F6FE370E0681B790BC4010E94F292B8
:10BC80003C01452D50E060E070E084E69DE00E94BC
:10BC90007E97A301072C000C660B770B80E59DE0D7
:10BCA0000E947E9777FE0BC0C4010E94308B1F92CA
:10BCB00088EC8F93BF92AF9281E39DE0ABCF560C9F
:10BCC000C55BDE4F5882CB54D140852D90E0C45BDC
:10BCD000DE4F99838883CC54D140FC01E00FF11FE3
:10BCE00010828DE19DE00E946797C8010E943697FF
:10BCF00087E19DE00E946797312C232D30E0F80109
:10BD0000E20FF31F90819150903210F43394F5CFED
:10BD1000532CF801E50DF11DC75BDE4FF983E88375
:10BD2000C954D1404080F0E2F41510F45394F1CF9F
:10BD3000C75BDE4FE881F981C954D140108243E0EE
:10BD400050E0BE01625C7E4FC801820F931F0E94CB
:10BD5000307B682E712CC75BDE4FE881F981C954B6
:10BD6000D1404082432D50E060E070E08CEF9CE0D9
:10BD70000E947E97452D50E060E070E08FEE9CE0E1
:10BD80000E947E976114710409F04DC033243394EE
:10BD9000350C232D30E0F801E20FF31F9081915014
:10BDA000903210F43394F5CF232C822D90E0C75BB2
:10BDB000DE4F99838883C954D1402C01400E511E17
:10BDC000F201F081C25BDE4FF883CE54D140F132F4
:10BDD00010F02394EACFF201108243E050E0BE015C
:10BDE000655C7E4FC801820F931F0E94307B682ED6
:10BDF000712CC25BDE4F2881CE54D140F2012083EA
:10BE0000432D50E060E070E089ED9CE00E947E9759
:10BE1000422D50E060E070E08CEC9CE00E947E9748
:10BE20006114710491F1A301770C660B770B8AEB17
:10BE30009CE00E947E97C4010E94308BF801E30DC4
:10BE4000F11D80818B3269F4BF92AF928AE79CE04A
:10BE50009F938F930E9433F80F900F900F900F9045
:10BE600011C01F923F921F930F93BF92AF928AE32C
:10BE70009CE09F938F930E9433F80FB6F894DEBF37
:10BE80000FBECDBF80E591E107C3C45BDE4F4881A3
:10BE90005981CC54D140C75BDE4FE881F981C95448
:10BEA000D1404E1B5F0BB201C8010E9431F7C55B48
:10BEB000DE4F5880CB54D1405218CF5BDE4F988173
:10BEC000C154D140C25CDE4F8881CE53D14098131B
:10BED000CBCECE5BDE4F9881C254D140C15CDE4FE9
:10BEE0008881CF53D1409813BFCECD5BDE4F988170
:10BEF000C354D140C05CDE4F8881C054D1409813F8
:10BF0000B3CEC4010E94308BC35CDE4F8881CD5319
:10BF1000D1401F928F93C45CDE4F8881CC53D140B7
:10BF20001F928F93C55CDE4F8881CB53D1401F9207
:10BF30008F93C05CDE4F8881C054D1401F928F9395
:10BF4000C15CDE4F8881CF53D1401F928F93C25C7A
:10BF5000DE4F8881CE53D1401F928F93BF92AF9214
:10BF60008AEF9BE09F938F930E9433F868E871E11A
:10BF7000C6010E944B7D8D5E9E4FFC01EE0FFF1FA0
:10BF8000EC0DFD1D950145EF5BE0B70180819181CE
:10BF9000AFDABF92AF9285ED9BE09F938F930E94A3
:10BFA00033F883E00E947D8287E79BE09F938F9325
:10BFB0000E9433F80E944F7F0E949F7AF601E65B51
:10BFC000FD4F808191810E94308BC501DFDA7C01B9
:10BFD0000FB6F894DEBF0FBECDBF97FF05C0FF922E
:10BFE0008F938BE59BE024C0BE016C5B7E4F54DBDE
:10BFF0006C01AC01990F660B770B89E49BE00E9402
:10C000007E97CC5BDE4F48815981C454D14060E0BB
:10C0100070E089E39BE00E947E9798ECC916D104FA
:10C02000C9F0C7010E94308BDF92CF928FE19BE075
:10C030009F938F9388EF9CE09F938F930E945AF871
:10C0400083E00E9486820F900F900F900F900F90C8
:10C050000F907BC288E291E2B1D980E00E94868293
:10C0600081E00E947D82C6D9811107C062EE7AE02C
:10C0700088EF9CE00E94C7F63CC2FE01E55CFE4FE3
:10C080006F012F01F3E04F0E511C612C712C2FE337
:10C09000822E2CE9922E34E7A32E39E0B32EF6013E
:10C0A00081916F01882309F44CC0C55CDE4F388054
:10C0B000CB53D1406CEA81E090E00E94B48260EA08
:10C0C00081E090E00E94B48260E081E090E00E9414
:10C0D000B482632D81E090E00E94B482C401019794
:10C0E000F1F7000000C060E581E090E00E94B482BA
:10C0F00060E081E090E00E94B48260E081E090E046
:10C100000E94B48260E081E090E00E94B482381620
:10C11000C1F0E8EFFCE001900020E9F71F921F92C8
:10C12000BF92AF92CF0101979F938F930E945AF8CD
:10C13000FFEF6F1A7F0A0F900F900F900F900F90E4
:10C140000F90C414D50409F0AACF6114710409F04A
:10C15000C8C16CEA81E090E00E94B48260E881E0AE
:10C1600090E00E94B48260E081E090E00E94B4829E
:10C1700060E081E090E00E94B4828FE39CE9A0E05F
:10C18000B0E00197A109B109000001F0D1F7C8950D
:10C19000000081E00E948682CE018A5B9E4F0ED90C
:10C1A000A12CB12CC12CD12C88E291E207D980E0DE
:10C1B0000E948682C7010E9492934C0182E0C6FCD5
:10C1C00003C00E947D8202C00E9486822FB7F8942D
:10C1D0008091B0229091B122CA5BDE4F4881598193
:10C1E000C654D140841B950B2FBF853F914048F02A
:10C1F00065EB7AE088EF9CE00E94C7F684E99AE05C
:10C2000036C018141904CCF480E490E08A199B0914
:10C210008815990508F44C01A8014A0D5B1DB4016D
:10C22000C7010E94F2921816190614F4A80EB91E3E
:10C23000CE018A5B9E4FC2D866C1C7010E941E8B89
:10C24000811161C12FB7F8948091B0229091B122F1
:10C25000CA5BDE4F48815981C654D140841B950B7F
:10C260002FBF8D32914008F44EC18BE69AE00E94B8
:10C270006797A114B10409F461C1F1E0C75BDE4F17
:10C28000F883C954D14081E00E947D824D2C4694B0
:10C290004801512C1601201A310A50FE02C068E4F0
:10C2A00001C060E481E090E00E94B482642D81E0EE
:10C2B00090E00E94B482B101680D791D7695679572
:10C2C00081E090E00E94B482F40161914F0181E02D
:10C2D00090E00E94B4825394F0E45F12DECF6CE4ED
:10C2E00081E090E00E94B482642D81E090E00E94A1
:10C2F000B482B6017695679581E090E00E94B482A1
:10C3000060E081E090E00E94B4828FE39CE90197B5
:10C31000F1F7000000C0212C822C912C8A149B0480
:10C3200008F03FC024014C0C5D1CBE01685B7E4FD1
:10C33000C201B5D881110DC069E57AE088EF9CE0B3
:10C340000E94C7F621E0C75BDE4F2883C954D14065
:10C3500028C0C85BDE4F8881C854D140F801E80D81
:10C36000F91D90819817D9F061147104A9F41F92F6
:10C370009F931F928F935F924F928CE29AE09F93CC
:10C380008F9388EF9CE09F938F930E945AF80FB68B
:10C39000F894DEBF0FBECDBF9FEF691A790A2394D0
:10C3A000BBCF81E00E948682CA0CDB1CCC5BDE4FD7
:10C3B000A880B980C454D140CA14DB0459F0A12C20
:10C3C000B12CC75BDE4FE881C954D140EE2309F49C
:10C3D000EBCE560101D8C7010E94308BA50160E069
:10C3E00070E089E19AE00E947E97A30160E070E02E
:10C3F00086E09AE00E947E976114710419F5CC5B87
:10C40000DE4F88819981C454D140009719F08A1574
:10C410009B05C1F4E8EFFCE001900020E9F7BF9232
:10C42000AF9225ED39E03F932F93CF0101979F9372
:10C430008F930E945AF80F900F900F900F900F90CB
:10C440000F9024C0E8EFFCE001900020E9F77F9214
:10C450006F92BF92AF92CB5BDE4F2881C554D14023
:10C460002F93CC5BDE4F2881C454D1402F9326E913
:10C4700039E03F932F93CF0101979F938F930E94B1
:10C480005AF80FB6F894DEBF0FBECDBF82E035C0BC
:10C490000E94467F89E09EE09F938F930E9433F82D
:10C4A0000E944F7F0F900F9050C010E0033008F4AF
:10C4B000BECAA9CA0E94467F8AE59EE09F938F93D9
:10C4C0000E9433F880E591E19F938F930E9433F8A7
:10C4D0000E944F7FF70110820F900F900F900F90E6
:10C4E00011CB66EC7AE088EF9CE00E94A8F60E94EF
:10C4F000EC59C7010E94308B81E00E94868283E064
:10C500000E94868222C0C75BDE4F1882C954D14088
:10C51000F0E4AF16B10409F4B6CECC5BDE4F8881EF
:10C520009981C454D14096012A0D3B1D2817390723
:10C5300008F447CF892B09F444CFA5CE21E0C75B8F
:10C54000DE4F2883C954D140E8CFC25BDE4F0FB61F
:10C55000F894DEBF0FBECDBFDF91CF911F910F9139
:10C56000FF90EF90DF90CF90BF90AF909F908F9013
:10C570007F906F905F904F903F902F9008950E9412
:10C58000E95981E090E00E94A4821092F80C6CE6D8
:10C5900079E081E49CE50C94E97E880F991FFC0109
:10C5A000E60FF11DEE0FFF1FEF56FE4E85919491A1
:10C5B00008950E94BE4E9C0180910C0390910D0342
:10C5C000281739072CF490910E039F5F90930E0368
:10C5D00030930D0320930C0380910E0308951F9355
:10C5E000CF93DF93D82F162FC0910F03C11122C014
:10C5F000882311F00A9801C00A9A8091110390E0F3
:10C600000E94AC4EDD2331F002990CC084E080938F
:10C61000240E3EC0029B06C081E18093240E0A983E
:10C620000B9836C00B9810920E038091110390E086
:10C630000E94AC4E039B11C010920F038091110316
:10C6400090E00E94AC4E0B9A8091110390E00E9402
:10C65000AC4E039917C0C1E01BC0112351F081E01B
:10C6600080930F03A6DF853690F083E18093240E3C
:10C670000DC00399E1CF9DDF8536D8F383E1809328
:10C68000240E05C082E18093240E0B980A98C0E026
:10C690008C2FDF91CF911F910895EF92FF920F930E
:10C6A0001F93CF93DF937C01C62F80910F038111DD
:10C6B0000CC00A988091110390E00E94AC4E0B9838
:10C6C0008091100390E00E94AC4E039B0CC010922E
:10C6D0000F038091110390E00E94AC4E06E010E041
:10C6E000D2E0C0E02EC0CC2371F081E080930F0334
:10C6F00060DF853608F447C083E18093240E43C091
:10C7000058DF8536C8F7039BFBCFE1CF81E090E08F
:10C710000E94AC4E029B19C0CF5F98010E5F1F4F65
:10C720008C2F0C2E000C990B97FF03C091958195CF
:10C730009109AC01440F551F840F951F8217930771
:10C7400034F4DF5FD53611F702C0C150E6CF81E087
:10C750001C160CF080E0F701808380911103D8173C
:10C7600028F490E08D1B91090E94AC4E0B9A8091A9
:10C77000110390E00E94AC4E039B07C082E18093BE
:10C78000240E0B980A9880E001C081E0DF91CF91E0
:10C790001F910F91FF90EF90089510920F03109248
:10C7A0000E03039910C00A980B98039907C001DF84
:10C7B0008536D8F383E18093240E27C0809111033E
:10C7C00090E00E94AC4E0A9A8091110390E00E9482
:10C7D000AC4E029B06C081E18093240E0A980B9810
:10C7E00014C08091110390E00E94AC4E0B9A80918E
:10C7F000110390E0880F991F0E94AC4E039B07C065
:10C8000082E18093240E0B980A9880E0089581E0DD
:10C810000895CF93DF93D82FC0910F03C11117C094
:10C82000029B0EC00A9A8091110390E00E94AC4EC8
:10C83000029B07C081E18093240E0A980B9836C0B2
:10C840000A9A0B988091110390E00E94AC4E039BD2
:10C850000EC010920F038091110390E00E94AC4E25
:10C860000A988091110390E00E94AC4E15C0DD2320
:10C8700069F081E080930F039CDE8536B0F083E1A0
:10C880008093240E12C095DE8536C8F7039BFBCF3C
:10C89000E0CF8FDE853698F7029BFBCF80911103A6
:10C8A00090E00E94AC4EC1E001C0C0E08C2FDF914F
:10C8B000CF910895CF93DF930B9A8091110390E06D
:10C8C000880F991F0E94AC4E0A988091110390E046
:10C8D000880F991F0E94AC4EDFEFC0E00B9A809149
:10C8E000110390E0880F991F0E94AC4E0B98809125
:10C8F000110390E0880F991F0E94AC4E029BC0E08C
:10C90000CF5FCB3010F4D15049F70A9A80911103D0
:10C9100024E0829FC00111240E94AC4E0B988091AC
:10C92000110324E0829FC00111240E94AC4E0A989A
:10C930008091110324E0829FC0011124DF91CF91E7
:10C940000C94AC4EEF92FF920F931F93CF93DF9313
:10C95000E82EEB01642F881F8827881F40DE811195
:10C9600002C080E01AC007E010E080E4F82E81E009
:10C970009E2D9F2109F480E060E031DE882389F359
:10C98000F6940150110999F760E0CE0186DE882304
:10C9900041F3288191E092279883DF91CF911F91F5
:10C9A0000F91FF90EF900895CF92DF92EF92FF9258
:10C9B0000F931F93CF93DF931F92CDB7DEB76C0118
:10C9C000E62E642FCE01019668DE811102C080E060
:10C9D0001EC08981811180E8F601808307E010E0A4
:10C9E00080E4F82E60E0CE01019657DE882379F3CB
:10C9F0008981882321F0F60180818F298083F69434
:10CA00000150110979F760E081E08E25E8DD0F9093
:10CA1000DF91CF911F910F91FF90EF90DF90CF901A
:10CA2000089510920F0310920E031092240E129884
:10CA30000A9813980B980A980B9885E08093110335
:10CA400084E08093100336CF8091120381111BC0C4
:10CA500081E0809312031092260E1092250E109200
:10CA6000310E1092300E10923C0E10923B0E10922E
:10CA7000470E1092460E1092520E1092510E1092C6
:10CA80005D0E10925C0E0895E5E2FEE020E030E0DD
:10CA900040815181452BB1F44BE0429FF001439F0F
:10CAA000F00D1124EB5DF14F9183808373836283DA
:10CAB0001782168215821482118610868FEF828764
:10CAC000C90108952F5F3F4F3B962630310501F78E
:10CAD0008FEF9FEF08958630910574F42BE0289F27
:10CAE000F001299FF00D1124EB5DF14F82858F3FFE
:10CAF00019F48085918508958FEF9FEF0895AF9287
:10CB0000BF92CF92DF92EF92FF920F931F93CF933A
:10CB1000DF937C018B0106970CF068C08BE08E9D43
:10CB2000E0018F9DD00D1124CB5DD14F8A858F3FC1
:10CB300009F05CC0EA81FB81888599859F01281BEB
:10CB4000390B2617370708F451C0BA012C813D81F3
:10CB5000A801420F531F4E175F0758F0FB019B01BE
:10CB6000200F311F5E01DE011496AE014E5F5F4F54
:10CB70002AC0E881F981A801CF01820F931F0E948A
:10CB800002F78C819D81800F911F9D838C831EC035
:10CB90006191E501C880D9808D919C9111978C0D90
:10CBA0009D1DEC0168838D919C91119701961196C2
:10CBB0009C938E93EA01688179818617970719F40F
:10CBC00011961C921E922E173F0711F78BE08E9D37
:10CBD000F0018F9DF00D1124EB5DF14F8085918563
:10CBE000800F911F91878087C80102C08FEF9FEF50
:10CBF000DF91CF911F910F91FF90EF90DF90CF9039
:10CC0000BF90AF90089586309105B4F52BE0289F32
:10CC1000F001299FF00D1124EB5DF14F22852F3F8C
:10CC200059F540855185228133814217530720F5FC
:10CC3000A081B18124813581A20FB31F6C9324811F
:10CC400035812F5F3F4F35832483428153812417E1
:10CC5000350711F4158214822BE0289FF001299FDB
:10CC6000F00D1124EB5DF14F808591850196918740
:10CC7000808780E090E008958FEF9FEF0895CF9236
:10CC8000DF92EF92FF920F931F93CF93DF93863043
:10CC900091050CF063C02BE0289FE001299FD00D87
:10CCA0001124CB5DD14F2A852F3F09F057C028852D
:10CCB00039852617370708F454C09A018B017C0187
:10CCC0006E817F81A801460F571F8A819B8148177B
:10CCD000590738F06901FE013696AE014E5F5F4F8D
:10CCE00027C088819981680F791FA801C9010E9416
:10CCF00002F78E819F81800F911F9F838E831EC0BC
:10CD00006881798180819181860F971FDC018C91E8
:10CD1000D6018D936D0180819181019691838083ED
:10CD2000DA016D917C918617970711F411821082B8
:10CD3000C601821B930B8017910714F38BE08E9D25
:10CD4000F0018F9DF00D1124EB5DF14F80859185F1
:10CD5000801B910B91878087C80104C08FEF9FEFE4
:10CD600001C0CB01DF91CF911F910F91FF90EF9008
:10CD7000DF90CF900895BC01069784F58BE0869FE5
:10CD8000F001879FF00D1124EB5DF14F82858F3FFD
:10CD900029F5408551854115510501F126813781DD
:10CDA000A081B181A20FB31F9C912F5F3F4F3783AA
:10CDB0002683A281B3812A173B0711F417821682BA
:10CDC0008BE0869FF001879FF00D1124EB5DF14F02
:10CDD0004150510951874087892F089580E0089577
:10CDE00086309105A4F42BE0289FF001299FF00DD7
:10CDF0001124EB5DF14F82858F3F49F41782168233
:10CE0000158214821186108680E090E008958FEFDD
:10CE10009FEF0895863091057CF42BE0289FF00168
:10CE2000299FF00D1124EB5DF14F828193812085C4
:10CE30003185821B930B08958FEF9FEF08950F9319
:10CE40001F93CF93DF934AE050E060E97DE383E1F5
:10CE500093E00E949FF683EF9FE090931E038093E0
:10CE60001D0303E113E0C0E0D0E0F80161918F0100
:10CE7000CE010E945DFB2196CC30D105B1F78DE04B
:10CE800090E09093010180930001809100019091C6
:10CE9000010160E0DF91CF911F910F910C945DFB38
:10CEA0000F931F93CF93DF93809102019091030121
:10CEB0008F3F2FEF9207B1F000911D0310911E03D9
:10CEC000C0E0D0E0C017D10764F4809100019091D8
:10CED00001018C0F9D1F0E9455FB882311F02196A4
:10CEE000F1CFCE01DF91CF911F910F910895CF9295
:10CEF000DF92EF92FF920F931F93CF93DF93D0DFD8
:10CF00008C0180910001909101019F938F931F9359
:10CF10000F9380911E038F9380911D038F9382EA5C
:10CF20009DE39F938F930E9433F88DB79EB7089629
:10CF30000FB6F8949EBF0FBE8DBFC0E0D0E08FE962
:10CF4000E82E8DE3F82E9DE9C92E9DE3D92EC0175A
:10CF5000D107F4F580910001909101018C0F9D1F84
:10CF60000E9455FB863281F480910001909101016D
:10CF70008C0F9D1F0E9455FB8D3041F121960C179F
:10CF80001D0791F7E80122C08091000190910101F5
:10CF90008C0F9D1F0E9455FB1F928F93FF92EF9263
:10CFA0000E9433F880910001909101018C0F9D1F28
:10CFB0000E9455FB0F900F900F900F908D3031F421
:10CFC000DF92CF920E9433F80F900F902196BFCF3F
:10CFD0008AE99DE39F938F930E9433F80F900F90FF
:10CFE000DF91CF911F910F91FF90EF90DF90CF9045
:10CFF00008954F925F926F927F928F929F92AF921D
:10D00000BF92CF92DF92EF92FF920F931F93CF9335
:10D01000DF93CDB7DEB76E970FB6F894DEBF0FBEC5
:10D02000CDBF4C013DDF5C01E12CF12CCE0101961E
:10D030006C01EA14FB041CF08FEF9FEF50C0360127
:10D04000870123014C185D08809100019091010136
:10D05000800F911F0E9455FBF30181933F018D3397
:10D0600059F4F601E40DF51D1082B401C6010E94C9
:10D0700090F7892B01F532C0882399F30F5F1F4F7A
:10D08000A016B106F1F6850119C0809100019091BA
:10D090000101800F911F0E9455FB8D3079F0809126
:10D0A000000190910101800F911F0E9455FB882380
:10D0B00029F00F5F1F4F0A151B053CF380910001FB
:10D0C00090910101800F911F0E9455FB882309F464
:10D0D000B3CF7801FFEFEF1AFF0AABCFC7016E960F
:10D0E0000FB6F894DEBF0FBECDBFDF91CF911F9179
:10D0F0000F91FF90EF90DF90CF90BF90AF909F90F7
:10D100008F907F906F905F904F9008954F925F92B5
:10D110006F927F928F929F92AF92BF92CF92DF9247
:10D12000EF92FF920F931F93CF93DF93CDB7DEB7AC
:10D130006E970FB6F894DEBF0FBECDBF4C016B01EA
:10D14000AFDE5C01C40155DF8C010F3F8FEF180784
:10D1500051F1FE0131967F013F0104C08823A9F0FF
:10D160000F5F1F4F23014E185F080A151B058CF433
:10D170008091000190910101800F911F0E9455FB49
:10D18000F30181933F018D3349F7F701E40DF51D5C
:10D1900010828091000190910101800F911F0E94E7
:10D1A00055FB8D3319F08FEF9FEF28C0B401C701F5
:10D1B0000E9490F7892BB9F70F5F1F4F460174014A
:10D1C000EC18FD080A151B056CF480910001909184
:10D1D0000101800F911F0E9455FBF40181934F01C3
:10D1E0008D3039F4F601EE0DFF1D108281E090E0E4
:10D1F00005C08823B9F30F5F1F4FE1CF6E960FB6BE
:10D20000F894DEBF0FBECDBFDF91CF911F910F917C
:10D21000FF90EF90DF90CF90BF90AF909F908F9056
:10D220007F906F905F904F900895CF92DF92EF9232
:10D23000FF920F931F93CF93DF938C01EB01D9DE05
:10D24000019609F06AC080911F03909120038130FC
:10D25000910509F464C024DE009771F07C013FEF72
:10D26000E31AF30A20910001309101016DE0820F71
:10D27000931F0E945DFBC7016801F8010190002027
:10D28000E9F73197E01BF10B9C012F5F3F4F7901CC
:10D290009601201B310B2E173F0768F4F6016191B0
:10D2A0006F012091000130910101820F931F0E94B4
:10D2B0005DFBC701E2CF20910001309101016DE3D8
:10D2C000820F931F0E945DFB8E01FE0101900020E2
:10D2D000E9F73197EC1BFD0BC8018C1B9D0B8E17DA
:10D2E0009F0778F4F80161918F018091000190917E
:10D2F00001018E0D9F1D0E945DFBFFEFEF1AFF0ADB
:10D30000E4CF809100019091010160E08E0D9F1D9E
:10D310000E945DFB81E090E002C08FEF9FEFDF9104
:10D32000CF911F910F91FF90EF90DF90CF900895D4
:10D330008F929F92AF92BF92CF92DF92EF92FF9225
:10D340001F93CF93DF9320911F033091200321304F
:10D35000310509F452C07C01A3DD5C01C70149DE3F
:10D360004C018FEF8816980609F445C0E4011DE0D2
:10D370006E01C818D908CA15DB057CF4809100013C
:10D38000909101018C0F9D1F0E9455FB182F8D302D
:10D3900021F0882311F02196EBCFC7012ADEEC01A2
:10D3A0001D30E1F48FEFC81AD80A809100019091E6
:10D3B0000101CA15DB05BCF48C0D9D1D8C0F9D1F52
:10D3C0000E9455FB2091000130910101682FC90195
:10D3D0008C0F9D1F0E945DFB2196E7CF809100017D
:10D3E00090910101019760E08C0F9D1F0E945DFBF1
:10D3F00021E030E002C02FEF3FEFC901DF91CF9174
:10D400001F91FF90EF90DF90CF90BF90AF909F90D3
:10D410008F9008950F931F93CF93DF93EC018B01AF
:10D42000E8DD019611F0CE0183DFB801CE01FDDE0B
:10D4300081E090E0DF91CF911F910F910895AF921D
:10D44000BF92CF92DF92EF92FF920F931F93CF93F1
:10D45000DF93CDB7DEB77C015B01CDB6DEB60E94AF
:10D46000CEF601962DB73EB7281B390B0FB6F894B0
:10D470003EBF0FBE2DBF0DB71EB70F5F1F4FB701C9
:10D48000C8010E94C7F6B501C80140DE0FB6F89486
:10D49000DEBE0FBECDBEDF91CF911F910F91FF90E9
:10D4A000EF90DF90CF90BF90AF9008950F931F93B0
:10D4B000CF93DF93CDB7DEB7A0970FB6F894DEBF5A
:10D4C0000FBECDBF00E010E04AE050E0B80183E1BC
:10D4D00093E00E9445FB4AE050E06EE371E083E197
:10D4E00093E00E94F5F6892BA9F44CE050E0B801D6
:10D4F00083E193E00E9445FB109303010093020136
:10D5000080910201909103010D9690930101809307
:10D51000000106C00F5F1F4F033F2FE01207A1F667
:10D5200080910201909103018F3F2FEF9207E9F064
:10D53000BE016F5F7F4F87EE9DE381DF019699F01B
:10D5400063EE7DE3CE0101960E94BEF6009729F4BA
:10D550001092200310921F0308C081E090E0909386
:10D56000200380931F0380E090E0A0960FB6F8940C
:10D57000DEBF0FBECDBFDF91CF911F910F910895F8
:10D5800095DF019611F45BDC91CF0895AF92BF92C5
:10D59000CF92DF92EF92FF920F931F93CF93DF937F
:10D5A000CDB7DEB77C015B01CDB6DEB60E94CEF60C
:10D5B00001962DB73EB7281B390B0FB6F8943EBF26
:10D5C0000FBE2DBF0DB71EB70F5F1F4FB701C801AC
:10D5D0000E94C7F6B501C8011DDF0FB6F894DEBE84
:10D5E0000FBECDBEDF91CF911F910F91FF90EF90B5
:10D5F000DF90CF90BF90AF900895CF92DF92EF92DF
:10D60000FF920F931F93CF93DF93CDB7DEB77C01CB
:10D61000CDB6DEB60E94CEF601962DB73EB7281BDA
:10D62000390B0FB6F8943EBF0FBE2DBF0DB71EB716
:10D630000F5F1F4FB701C8010E94C7F6C80178DE0F
:10D640000FB6F894DEBE0FBECDBEDF91CF911F9115
:10D650000F91FF90EF90DF90CF900895CF92DF92DF
:10D66000EF92FF920F931F93CF93DF93CDB7DEB767
:10D670007C01CDB6DEB60E94CEF601962DB73EB740
:10D68000281B390B0FB6F8943EBF0FBE2DBF0DB748
:10D690001EB70F5F1F4FB701C8010E94C7F6C80130
:10D6A000A8DC0FB6F894DEBE0FBECDBEDF91CF91E1
:10D6B0001F910F91FF90EF90DF90CF900895DB01C5
:10D6C000FC0140E050E0BA01A230B10584F02081B5
:10D6D00030E0322F22278181280F311D209530958F
:10D6E000420F531F611D711D12973296EDCF119796
:10D6F00051F4808190E0982F882780959095480F6D
:10D70000591F611D711DDB01CA01AA27BB27AB018F
:10D7100066277727480F591F6A1F7B1FDB01CA0145
:10D72000AA27BB27AB0166277727840F951FA61F63
:10D73000B71F089589279827892708958091710E2A
:10D74000882319F081508093710E80917C0E88237C
:10D7500019F0815080937C0E0895E7E6FEE0128672
:10D76000158A62E08EE99BE60C94D483EF92FF92D7
:10D770000F931F93CF93DF938C01EB018C899D89CD
:10D78000F9D58130910559F0029709F083C04C8D8D
:10D790005D8D6E8D7F8DE7E6FEE02EE171C04EA1BE
:10D7A0005FA168A579A58091170190911801A091BA
:10D7B0001901B0911A01481759076A077B0709F048
:10D7C00069C082E090E0D6D59D8B8C8BFE01769669
:10D7D000CE014C96DF012D9119962C931997A8171D
:10D7E000B907C9F724E0E22E21E0F22E9701D90112
:10D7F0004D919D014193E817F907C9F74C8D5D8D57
:10D800006E8D7F8D4EA35FA368A779A74091170106
:10D81000509118016091190170911A014C8F5D8F20
:10D820006E8F7F8FFE01CE01069626812193D70150
:10D830002D917D0125838E179F07B9F7BE01C80181
:10D84000DF91CF911F910F91FF90EF9003C6228738
:10D850007E0186E1E80EF11C80E090E0D7013D9169
:10D860007D018F01080F191FD80114963C93019672
:10D870008630910599F73B96BEE0ED37FB0751F0F6
:10D8800080819181A281B38184179507A607B7078C
:10D8900091F7DDCFDF91CF911F910F91FF90EF9026
:10D8A00008952F923F924F925F926F927F928F9244
:10D8B0009F92AF92BF92CF92DF92EF92FF920F931F
:10D8C0001F93CF93DF93CDB7DEB71B012C01742ECE
:10D8D000652E8DB69EB68091710E882369F04091B9
:10D8E000670E5091680E6091690E70916A0E241651
:10D8F000350646065706E1F090917C0E992381F09B
:10D900004091720E5091730E6091740E7091750E6D
:10D91000241635064606570621F581E090E00AC038
:10D9200021E090E0811101C020E0C22ED92E1DC05F
:10D9300080E090E0E72DF62D2BE0289FA001299FA5
:10D94000500D112480E090E0DC01A40FB51FA9590F
:10D95000B14F14962C912193019686309105A1F731
:10D96000A9C0C12CD12C81110CC08BE08C9DF00181
:10D970008D9DF00D1124E959F14F208231824282B0
:10D9800053828DB79EB78A970FB6F8949EBF0FBE8D
:10D990008DBF0DB71EB70F5F1F4F81E090E0EAD437
:10D9A000D8011F969C938E931E9780E098E0E2D456
:10D9B000F801918B808B86E0828B84E0838B81E001
:10D9C00090E0D8D4D80155969C938E935497909616
:10D9D0001C92909791961C92919792961C92929776
:10D9E00093961C92939794961C92949795961C925A
:10D9F000F80126A237A240A651A684E0E82E81E0D5
:10DA0000F82E76969801245E3F4FC701DC014D91B8
:10DA1000CD014193E217F307C9F7409117015091E7
:10DA200018016091190170911A01F801448F558F06
:10DA3000668F778FC80106963FEF3193D7012D91FE
:10DA40007D012583E817F907C1F786E098E092D4B5
:10DA5000F80195878487B8018AE290E0FBD40E94A0
:10DA60000C847C01FF2441E064E670E0C7010E9461
:10DA700030848BE08C9D50018D9DB00C1124C5012C
:10DA80008F58914F6C01D6018C918823B1F0E72D0E
:10DA9000F62D80E090E0DC01AA0DBB1DA959B14F25
:10DAA00014962C912193019686309105A1F7C70118
:10DAB0000E946C8480E090E015C0C7010E945184F0
:10DAC000892B31F4C7010E946C8481E090E00AC088
:10DAD000C7010E945184C297B1F6B8018AE290E072
:10DAE000B9D4D1CF0FB6F8949EBE0FBE8DBEDF91D4
:10DAF000CF911F910F91FF90EF90DF90CF90BF904B
:10DB0000AF909F908F907F906F905F904F903F90DD
:10DB10002F900895CF93DF93FC01D62FC72F8581D7
:10DB20001F928F9384811F928F9383811F928F9373
:10DB300082811F928F9381811F928F9380811F9288
:10DB40008F9385EF9DE39F938F937F936F930E94B5
:10DB50005AF88DB79EB740960FB6F8949EBF0FBE89
:10DB60008DBF8D2F9C2FDF91CF910895E0E0F0E0E5
:10DB7000D901AE0FBF1F9C919F3F59F03196D9013B
:10DB8000AE0FBF1F9C91E90FF11D3196E036F105F4
:10DB90007CF3D901AE0FBF1F8533B9F130F4823366
:10DBA00009F43FC08333E9F162C0873309F44DC003
:10DBB000B8F18D3309F05BC08C9387E011968C939C
:10DBC000119781E012968C9312978091040113961D
:10DBD0008C9313978091050114968C9314978091E0
:10DBE000060115968C9315978091070116968C93D4
:10DBF00016978091080117968C9380910901DF0197
:10DC00001896A20FB31F399631C08C9381E01196FC
:10DC10008C93DF011296A20FB31F33964C9327C04B
:10DC200086E38C9384E011968C93119712964C9313
:10DC3000129713965C93139714966C93DF011596C5
:10DC4000A20FB31F36967C9312C08C9383E011967B
:10DC50008C93119791E012969C93129713968C9344
:10DC6000DF011496A20FB31F359686E08C93D9017D
:10DC7000AE0FBF1F8FEF8C93CF0101960895AF9227
:10DC8000BF92CF92DF92EF92FF920F931F93CF93A9
:10DC9000DF93AC0190E020E030E05A018CE0A80E68
:10DCA000B11C8A01005F1F4F7A0184E1E80EF11C6C
:10DCB0006A0188E0C80ED11C4C5F5F4FFB01E20F88
:10DCC000F31F80818F3F09F443C02F5F3F4FEB016B
:10DCD000C20FD31F863001F158F48130B1F0833088
:10DCE00071F5F9013196E60FF71F84E0DA011AC0E9
:10DCF000853321F18633D9F0833309F5F901319663
:10DD0000E60FF71F84E0D7010DC0F9013196E60F49
:10DD1000F71F84E0D60106C0F9013196E60FF71F20
:10DD200084E0D50101900D928A95E1F708C0F901D0
:10DD30003196E60FF71F84E0D801F4CF99818881EE
:10DD4000280F311D2F5F3F4F203631050CF4B6CF21
:10DD5000892FDF91CF911F910F91FF90EF90DF906E
:10DD6000CF90BF90AF900895CF93DF93EC0181E007
:10DD70008883898386E08A831B82DE01149684E08F
:10DD8000E6E0F1E001900D928A95E1F71986188698
:10DD90001B861A861C861D861E861F86188A198A6F
:10DDA0001A8A1B8A1C8A1D8A1E8A1F8A188E198E3F
:10DDB0001A8E1B8EA4E0B1E0FE017C96CE01829605
:10DDC0002D912193E817F907D9F7DE019C96FE0102
:10DDD000E459FF4F1D92AE17BF07E1F7DE01A451D2
:10DDE000BF4F1192AE17BF07E1F743E652E863E574
:10DDF00073E64D935D936D937C931397FE01E05111
:10DE0000FF4FC05BDE4FDF011192CE17DF07E1F756
:10DE10008FEF8C93DF91CF910895CF92DF92EF92A5
:10DE2000FF920F931F93CF93DF936C017B01EA0165
:10DE3000CB019ADF870100511F4F980143E050E06A
:10DE400060E070E085E392DE488959896A897B89C0
:10DE5000980186E38BDE4C895D896E897F89980104
:10DE600083E384DE488159816A817B81980182E362
:10DE70007DDE980140E050E0BA018DE377DE980145
:10DE800040E050E0BA0187E371DEA70160E571E090
:10DE9000C6010E9424790E940C847C018FEFE81651
:10DEA000F80609F45FC041E068EE73E0C7010E9424
:10DEB0003084C6010E945E778097A9F4C7010E9452
:10DEC0006C84B801CE01DBDE8530C9F01F928F93E0
:10DED0008FE29EE39F938F930E9433F80F900F90F1
:10DEE0000F900F903FC0C7010E945184892B09F702
:10DEF000C7010E946C84C6010E94A07733C088814C
:10DF00009981AA81BB818093170190931801A093F6
:10DF10001901B0931A0188859985AA85BB858093DC
:10DF2000130190931401A0931501B09316018C81F5
:10DF30009D81AE81BF8180930F0190931001A093CA
:10DF40001101B09312018C859D85AE85BF858093AC
:10DF50000B0190930C01A0930D01B0930E0180E092
:10DF600090E002C08FEF9FEFDF91CF911F910F9153
:10DF7000FF90EF90DF90CF900895AF92BF92CF9235
:10DF8000DF92EF92FF920F931F93CF93DF937C0169
:10DF90006B015A01CB01E8DE860100511F4F980149
:10DFA00041E050E060E070E085E3E0DD98014FEF94
:10DFB0005FEF6FE070E083E3D9DD980140E050E06F
:10DFC000BA018DE3D3DD980140E050E0BA0187E368
:10DFD000CDDDA60160E571E0C7010E9424790E94B1
:10DFE0000C84EC01CF3F8FEFD807C9F141E068EE18
:10DFF00073E0CE010E943084C70160D78097A9F4F6
:10E00000CE010E946C84B801C50139DE8230C1F0B6
:10E010001F928F9383E19EE39F938F930E9433F827
:10E020000F900F900F900F901AC0CE010E94518454
:10E03000892B11F7CE010E946C84C70181D70FC0D4
:10E04000F60180899189A289B389F5018083918342
:10E05000A283B383C7015AD780E090E002C08FEF5C
:10E060009FEFDF91CF911F910F91FF90EF90DF9085
:10E07000CF90BF90AF9008954F925F926F927F9232
:10E080009F92AF92BF92CF92DF92EF92FF920F9347
:10E090001F93CF93DF93CDB7DEB7ADB6BEB640903A
:10E0A0001701509018016090190170901A01109298
:10E0B0001701109218011092190110921A018DB7D0
:10E0C0009EB748970FB6F8949EBF0FBE8DBF0196BE
:10E0D0006C01815591400FB6F8949EBF0FBE8DBF65
:10E0E00001967C018C0120E531E043E450E06FEFC4
:10E0F0007FEFCB010E94B8798C010F3F9FEF19078A
:10E1000071F08AE0982EA601B701C80136DF9A9413
:10E11000992019F00196B9F30DC0019659F4409277
:10E120001701509218016092190170921A018FEF35
:10E130009FEF15C0A601B701C8016FDE8F3F2FEF1B
:10E14000920749F440921701509218016092190108
:10E1500070921A0104C0C801F3D680E090E00FB6B7
:10E16000F894BEBE0FBEADBEDF91CF911F910F914F
:10E17000FF90EF90DF90CF90BF90AF909F907F90F7
:10E180006F905F904F9008951F93CF93DF93FC01A2
:10E1900001900020E9F731979F01281B390BA90155
:10E1A00041505109DB01A20FB31FFC01E20FF31F25
:10E1B00080E090E0ED0157FD0DC012911E3221F478
:10E1C0008C9380E090E002C01C930196415051096D
:10E1D0001197F1CFA90137FF02C040E050E0F901EB
:10E1E000E41BF50BAF01FB01E40FF51F80831982DF
:10E1F000C9010196DF91CF911F9108956F927F928F
:10E200008F929F92AF92BF92CF92DF92EF92FF9246
:10E210000F931F93CF93DF93CDB7DEB78C016DB60D
:10E220007EB68DB79EB7825D91090FB6F8949EBFFA
:10E230000FBE8DBFEDB7FEB731967F018DEC9AE131
:10E24000EDB7FEB79283818380E091E093D0F70130
:10E250009383828381E090E08DD0F701958384835E
:10E26000178216821186108613861286B701645FA4
:10E270007F4FC80189DF6C01F701E80FF91F158690
:10E2800081E086871786808B60910B0170910C016D
:10E2900080910D0190910E01870122ED30E045E360
:10E2A00050E00E94B8795C018F3FFFEF9F0771F14A
:10E2B00086010F5E1F4FA701B801C6D70E940C84CC
:10E2C0004C018F3F2FEF920709F141E068EC70E0BD
:10E2D0000E943084C501F2D5809771F4C4010E9478
:10E2E0006C84C5012DD6F7018281938123DA8F706A
:10E2F0009927892B59F40EC0C4010E945184892B9F
:10E3000049F7C4010E946C84C5011AD66FEF7FEFF4
:10E31000CB011CC0F5E0CF0ED11C0E0D1F1DF80166
:10E320008281938107DAF801019761F082859385F4
:10E3300001DAFCE0CF0ED11CC80ED91E8601045FA5
:10E340001F4FEBCF64857585868597850FB6F8944A
:10E350007EBE0FBE6DBEDF91CF911F910F91FF90DA
:10E36000EF90DF90CF90BF90AF909F908F907F9075
:10E370006F900895892798278927089569279627F8
:10E38000692778278727782708950F931F93CF93BE
:10E39000DF93CDB7DEB7C855D2400FB6F894DEBFD5
:10E3A0000FBECDBFBE016F5F7F4F88E592E00E9438
:10E3B000E1808C01892B09F441C080917D0E909100
:10E3C0007E0EA0917F0EB091800E0196A11DB11D11
:10E3D00080937D0E90937E0EA0937F0EB093800E5F
:10E3E0004091810E5091820E6091830E7091840E47
:10E3F000C801012E000CAA0BBB0B840F951FA61F92
:10E40000B71F8093810E9093820EA093830EB093DA
:10E41000840E8D859E85AEDF811528E0920749F038
:10E420008630984059F4BE016F5F7F4FC8019ED976
:10E4300005C0BE016F5F7F4FC80151D1C85ADD4F83
:10E440000FB6F894DEBF0FBECDBFDF91CF911F9105
:10E450000F910895CF92DF92EF92FF929B0140912E
:10E460007D0E50917E0E60917F0E7091800E4F5FF9
:10E470005F4F6F4F7F4F40937D0E50937E0E6093A2
:10E480007F0E7093800EAC01092E000C660B770B8B
:10E49000C090810ED090820EE090830EF090840E9A
:10E4A0004C0D5D1D6E1D7F1D4093810E5093820E9D
:10E4B0006093830E7093840EB901FF90EF90DF900C
:10E4C000CF900C94B280CF93DF9328E030E0EB0143
:10E4D0003D872C87A4E0B1E0FB012D912683EC0160
:10E4E0002991CE012193D1E0AA30BD07B1F7DF9188
:10E4F000CF910895CF9380912503823069F4CFB7EF
:10E50000F89481E0809325030E94A88782E090E040
:10E510000E94AC4DCFBF13C0809121039091220384
:10E52000A0912303B09124030196A11DB11D8093F6
:10E53000210390932203A0932303B0932403CF914C
:10E540000895CF9380912503813069F4CFB7F89473
:10E5500082E08093250382E090E00E94704D0E944B
:10E56000AB87CFBF13C08091210390912203A0916C
:10E570002303B09124030196A11DB11D80932103B3
:10E5800090932203A0932303B0932403CF91089583
:10E59000CF93DF93CDB7DEB7C855D2400FB6F8940E
:10E5A000DEBF0FBECDBF0E94588084E091E00E9484
:10E5B0000E80BE016F5F7F4F88E592E00E94E18090
:10E5C000892BB9F745EC51E760E070E082E090E01C
:10E5D0000E94804D81E080932503109221031092C8
:10E5E00022031092230310922403ABDFC85ADD4F9D
:10E5F0000FB6F894DEBF0FBECDBFDF91CF91089567
:10E60000EF92FF920F931F93CF93DF937C01FB0157
:10E6100026852F70F4E02F9F900111248901025F5D
:10E620001F4F060F171FF8019081992309F443C06B
:10E63000983009F04DC0EB018A8D9B8DAC8DBD8D5E
:10E640008E8F9F8FA8A3B9A3809117019091180175
:10E65000A0911901B0911A018A8F9B8FAC8FBD8F49
:10E66000198E188EB901CE010E9629D883DE998FA6
:10E67000888FF801108211829281983F18F083816F
:10E680008F5F8383985FF8019283FE01A4E0B1E07D
:10E69000CE010696268121932D912583E817F9074F
:10E6A000C9F7BE01C7010497DF91CF911F910F9168
:10E6B000FF90EF90CFCEF801848195818D319C4AF7
:10E6C00039F480910A01813019F482E080930A01C3
:10E6D000DF91CF911F910F91FF90EF900895EF92EE
:10E6E000FF920F931F93CF93DF938C01EB01EC8884
:10E6F000FD888FEF9FE33EDE8E219F21892B09F05D
:10E7000046C08F898630F9F08131C1F1813009F03E
:10E710003EC04E8D5F8D68A179A1809117019091C7
:10E720001801A0911901B0911A01481759076A07F9
:10E730007B0769F5BE01C801DF91CF911F910F9151
:10E74000FF90EF905DCF4E8D5F8D68A179A1809194
:10E75000170190911801A0911901B0911A01481761
:10E7600059076A077B0799F4BE01C801DF91CF9171
:10E770001F910F91FF90EF900C948D8CBE01C801FA
:10E78000DF91CF911F910F91FF90EF9089C4DF919E
:10E79000CF911F910F91FF90EF900895BF92CF926C
:10E7A000DF92EF92FF920F931F93CF93DF936B0152
:10E7B0007C01B42EE80185E48E871F86C90144964A
:10E7C000D9DD998B888B8CEA9DE19B8B8A8B80E4C9
:10E7D00090E09D8B8C8B8E8BBF8A198E188E8091CA
:10E7E000170190911801A0911901B0911A018A8F17
:10E7F0009B8FAC8FBD8FCE8EDF8EE8A2F9A26E8587
:10E800006F7084E0689FB0011124C8010E960E94C9
:10E810005F6BB0DD998F888FDF91CF911F910F9142
:10E82000FF90EF90DF90CF90BF9008956F927F920E
:10E830008F929F92AF92BF92CF92DF92EF92FF9210
:10E840000F931F93CF93DF936C01FC010190002085
:10E85000E9F731973F01681A790A60E070E0CB016F
:10E86000E12CF12CC0E0D0E0C615D70530F524E04E
:10E87000E216F104A8F58824962EA72EB82E86015C
:10E880000C0F1D1FC8010E944FF6092E000CAA0B89
:10E89000BB0BBC01CD01682979298A299B29F80184
:10E8A00021912E3221F42FEFE21AF20A04C02196B0
:10E8B000C615D705A8F32196D7CF23E0E216F104B9
:10E8C00079F4DF91CF911F910F91FF90EF90DF903E
:10E8D000CF90BF90AF909F908F907F906F904ECDD4
:10E8E00060E070E0CB01DF91CF911F910F91FF901D
:10E8F000EF90DF90CF90BF90AF909F908F907F90E0
:10E900006F900895CF93DF93D42FC52F1F929F93BD
:10E910001F928F931F927F931F926F938BE49EE3BE
:10E920009F938F935F934F930E945AF88DB79EB732
:10E930000C960FB6F8949EBF0FBE8DBF8D2F9C2FE7
:10E94000DF91CF910895CF92DF92EF92FF920F93D4
:10E950001F93CF93DF93CDB7DEB7E3970FB6F8944D
:10E96000DEBF0FBECDBF87E090E40E942E6B019604
:10E9700071F0BE016F5F7F4F83E090E40E941F6AD9
:10E980004CE050E064E071E0CE01019669D600DE13
:10E99000C0900901D0900801E0900701F0900601B5
:10E9A00000910501109104010E9454801F92CF92A2
:10E9B0001F92DF921F92EF921F92FF921F920F936E
:10E9C0001F921F939F938F9387EB9FE39F938F9348
:10E9D0000E9433F80E9477818AEA9FE39F938F9386
:10E9E0000E9433F80FB6F894DEBF0FBECDBF0E9471
:10E9F0006D818111FCCF8CE99FE39F938F930E94DF
:10EA000033F80E94AD6B83E89FE39F938F930E943E
:10EA100033F8C0D289E59FE39F938F930E9433F828
:10EA20000E94F08B8EE29FE39F938F930E9433F8B6
:10EA300089E29FE30E942E6B0FB6F894DEBF0FBEF3
:10EA4000CDBF0196B9F48BE090E49F938F930E9421
:10EA500033F812DB0F900F90892B19F48DE490E4BA
:10EA600002C080E390E49F938F930E9433F80F904D
:10EA70000F90BAC0BE016F5F7F4F84E29FE30E9498
:10EA80001F6A61E27FE3CE0101960E94BEF6892BE8
:10EA900009F05AC08BE090E49F938F930E9433F863
:10EAA000EBDA0F900F90892BC9F280E390E49F93EB
:10EAB0008F930E9433F8BE016F5F7F4F80E790E431
:10EAC0000E941F6ACE010196B1DE60931701709318
:10EAD00018018093190190931A01BE016F5F7F4F57
:10EAE0008BE690E40E941F6ACE0101969FDE609340
:10EAF0001301709314018093150190931601BE01C8
:10EB00006F5F7F4F82E690E40E941F6ACE010196FC
:10EB10008DDE60930F01709310018093110190932B
:10EB20001201BE016F5F7F4F87E690E40E941F6A6B
:10EB3000CE0101967BDE60930B0170930C018093F4
:10EB40000D0190930E0193CFBE016F5F7F4F80E761
:10EB500090E40E941F6A019659F0CE01019666DE8C
:10EB600060931701709318018093190190931A0113
:10EB7000BE016F5F7F4F8BE690E40E941F6A019693
:10EB800059F0CE01019652DE609313017093140187
:10EB90008093150190931601BE016F5F7F4F82E64F
:10EBA00090E40E941F6A019659F0CE0101963EDE64
:10EBB00060930F01709310018093110190931201E3
:10EBC000BE016F5F7F4F87E690E40E941F6A019647
:10EBD00059F0CE0101962ADE60930B0170930C016F
:10EBE00080930D0190930E016091170170911801AF
:10EBF0008091190190911A01AE014F5F5F4F82DE43
:10EC00009F938F938EE09FE39F938F930E9433F89F
:10EC1000609113017091140180911501909116017A
:10EC2000AE014F5F5F4F6EDE9F938F938BEF9EE33E
:10EC30009F938F930E9433F860910F0170911001A0
:10EC40008091110190911201AE014F5F5F4F5ADE2A
:10EC50009F938F9388EE9EE39F938F930E9433F848
:10EC600060910B0170910C0180910D0190910E014A
:10EC7000AE014F5F5F4F46DE9F938F9385ED9EE31E
:10EC80009F938F930E9433F8BE016F5F7F4F81ED9A
:10EC90009EE30E941F6A0FB6F894DEBF0FBECDBF81
:10ECA000019609F457C06EEC7EE3CE0101960E94F6
:10ECB000BEF6892B09F04EC08AEA9EE39F938F939C
:10ECC0000E9433F8BE016F5F7F4F82EA9EE30E948D
:10ECD0001F6A0F900F900196A9F1CE0101960E9434
:10ECE0004FF68C01BE016F5F7F4F88E99EE30E9463
:10ECF0001F6ACE0101969ADD9801AE014F5F5F4F0A
:10ED000038D0892BE1F4CE0181960E94798439A113
:10ED10002AA19BA18CA11F923F931F922F931F9218
:10ED20009F931F928F938BE79EE39F938F930E94F5
:10ED300033F80FB6F894DEBF0FBECDBF0BC089E627
:10ED40009EE302C087E59EE39F938F930E9433F872
:10ED50000F900F90E3960FB6F894DEBF0FBECDBFB5
:10ED6000DF91CF911F910F91FF90EF90DF90CF90A7
:10ED700008954F925F926F927F92AF92BF92CF921F
:10ED8000DF92EF92FF920F931F93CF93DF93CDB754
:10ED9000DEB7C354D1090FB6F894DEBF0FBECDBFA6
:10EDA0005901611571058105910571F441155105F0
:10EDB00019F48FEF9FEF6CC0CA0120DA6F3F2FEF7D
:10EDC000720782079207A9F3FE0131966F018F0146
:10EDD00020E330E04BE750E0CBD27C01019649F3D1
:10EDE00080E3F60111928A95E9F78BE18983A60108
:10EDF00060E370E0C70128D20E940C846C018F3F51
:10EE0000FFEF9F07B1F241E06CED75E00E943084A6
:10EE1000C70154D0809781F5C6010E945184892B87
:10EE200059F1C7015FD0C0971CF40FEF1FEF2AC044
:10EE300069A57AA58BA59CA50E9429F62B013C010A
:10EE4000CE01C1960E94798423964CAE5DAE6EAE23
:10EE50007FAE2397C5010C96499710F4AAAE01C066
:10EE60001AAECE01C1960E94AE84CE01C1960E9418
:10EE70008D8400E010E006C0C6010E945184892BF9
:10EE800039F6D3CFC6010E946C84C70159D0C8019E
:10EE9000CD5BDF4F0FB6F894DEBF0FBECDBFDF9165
:10EEA000CF911F910F91FF90EF90DF90CF90BF9087
:10EEB000AF907F906F905F904F9008958330910551
:10EEC00074F42FB7F89438E1389FF001399FF00DB2
:10EED0001124EB57F14F808191812FBF08958FEF5F
:10EEE0009FEF08958330910574F42FB7F89438E1BB
:10EEF000389FF001399FF00D1124EB57F14F8289B3
:10EF000093892FBF08958FEF9FEF08958330910568
:10EF1000A4F42FB7F89438E1389FF001399FF00D31
:10EF20001124EB57F14F138A128A80E190E091830C
:10EF300080832FBF80E090E008958FEF9FEF0895CA
:10EF40008330910524F52FB7F89438E1389FF0010C
:10EF5000399FF00D1124EB57F14F80819181892B5E
:10EF600091F011821082128213821482158211860E
:10EF7000108617821682138A128A118A108A158ABD
:10EF8000148A178A168A2FBF80E090E008958FEFC9
:10EF90009FEF089580E090E0D3DF81E090E0D0DF44
:10EFA00082E090E0CDCF9F92AF92BF92CF92DF925E
:10EFB000EF92FF920F931F93CF93DF937C01FC019D
:10EFC00086858F70970144E0849F200D311D1124A8
:10EFD000F9013E966F019FB6F89405E81EE0C0E087
:10EFE000D0E0F801A680B780F60182819381C2D972
:10EFF000A816B90609F03DC0F801A084B184F60155
:10F0000080819181B7D9A816B906E1F1F801808510
:10F010009185892B71F582819381A481B581892B9A
:10F020008A2B8B2B31F588E18C9F80018D9F100DF1
:10F03000112498012B57314F5901F701828D938D7F
:10F04000A48DB58DF90182839383A483B583F601E2
:10F05000808191818FD9F50191878087D801A1574F
:10F06000B14FF701369686E001900D928A95E1F74F
:10F0700009C02196085E1F4FC330D10509F0B1CFFA
:10F08000CFEFDFEF9FBECE01DF91CF911F910F91A8
:10F09000FF90EF90DF90CF90BF90AF909F9008953A
:10F0A0008F929F92AF92BF92CF92DF92EF92FF9298
:10F0B0000F931F93CF93DF938B01FB01C685CB0189
:10F0C00072DF6C01019609F478C0CF70C80124E0AA
:10F0D000C29F800D911D1124FC013E967F01848109
:10F0E000958148D9089709F468C0F801C685CF70A2
:10F0F000F4E0CF9FE00111244E0126E1820E911C25
:10F1000028E12C9DC0012D9D900D1124EC01CB57C1
:10F11000D14FAE88BF88A114B104C9F0F701848132
:10F12000958128D9BC0168507109C801880D991DC5
:10F13000F501099580E190E0998388831986188606
:10F140001A821B821C821D821B8A1A8A36C0888101
:10F150009981409791F5F701848195810BD9488970
:10F16000598908978417950738F4F70184819581A8
:10F1700001D9AC014850510988E18C9DF0018D9D69
:10F18000F00D1124EB57F14F538B428B80E290E04E
:10F1900091838083B801680D791D84899589DF91F9
:10F1A000CF911F910F91FF90EF90DF90CF90BF9084
:10F1B000AF909F908F900C9402F7DF91CF911F91A9
:10F1C0000F91FF90EF90DF90CF90BF90AF909F9006
:10F1D0008F900895EF92FF920F931F93CF93DF9339
:10F1E0008330910544F5EA017B012E852F7034E0D0
:10F1F000239FC00DD11D11242E9628E1289F800148
:10F20000299F100D11240B57114FF801808591850E
:10F21000B1D89B838A83F80186819781ABD8998383
:10F2200088831F821E82C7010896A4D89D838C8381
:10F2300080E090E002C08FEF9FEFDF91CF911F91B0
:10F240000F91FF90EF9008954F925F926F927F928F
:10F250008F929F92AF92BF92CF92DF92EF92FF92E6
:10F260000F931F93CF93DF93CDB7DEB75C016B0194
:10F270003A014DB65EB683E0A816B1040CF03FC06B
:10F2800039D946019AE2890E911CEDB7FEB7E8190B
:10F29000F9090FB6F894FEBF0FBEEDBF8DB79EB74C
:10F2A00001967C0185E4F70186878DB79EB78B9622
:10F2B000A601B3010E9402F79601285F3F4F88E143
:10F2C0008A9D30018B9D700C1124F301EB57F14F97
:10F2D0006281738184819581870141E15FDAA701B1
:10F2E000B601C50177DFB701C3018157914FEBD854
:10F2F000B701C401AFD825D980E090E002C08FEFFC
:10F300009FEF0FB6F8945EBE0FBE4DBEDF91CF915A
:10F310001F910F91FF90EF90DF90CF90BF90AF9033
:10F320009F908F907F906F905F904F9008952FB730
:10F33000F8948091850E9091860E892B79F08091BA
:10F340009D0E90919E0E892B61F08091B50E90914B
:10F35000B60E892B49F482E090E008C080E090E08E
:10F3600005C081E090E002C08FEF9FEF2FBF0895AE
:10F370007F928F929F92AF92BF92CF92DF92EF9245
:10F38000FF920F931F93CF93DF934B015C01EA0130
:10F3900069017FB6F894CBDF7C018FEFE816F806A1
:10F3A00009F47DC088E18E9DF0018F9DF00D112440
:10F3B000EB57F14F80E190E091838083D187C08744
:10F3C000C334D10529F484E490E09783868304C094
:10F3D000C095D095D783C68388E18E9DA0018F9D6F
:10F3E000500D1124FA01EB57F14F82829382A482CF
:10F3F000B582138A128AD18AC08A158B048B178A28
:10F40000168A8FEF88169806A806B80659F18091DB
:10F41000130190911401A0911501B0911601009172
:10F420001701109118012091190130911A01082536
:10F4300019252A253B25082319232A233B23012BA1
:10F44000022B032BE9F480959095A095B09595013A
:10F450008401082319232A233B2380179107A2073D
:10F46000B30741F48FEF82878387848785878687F8
:10F47000878715C07FBE4157514FC501B4010BC0EE
:10F480007FBE4157514F60910F01709110018091E3
:10F490001101909112010E94516C7FB6F8947FBEC9
:10F4A000C701DF91CF911F910F91FF90EF90DF90F7
:10F4B000CF90BF90AF909F908F907F900895809154
:10F4C000CD0E813019F0823089F021C08091CE0EAE
:10F4D0009091CF0E0E94B15018161906C4F4809175
:10F4E000CE0E9091CF0E0E94A3500FC08091CE0EF1
:10F4F0009091CF0E0E9492931816190644F48091B1
:10F50000CE0E9091CF0E0E94A79390E008958FEFBA
:10F510009FEF0895E4E3F5E28BE191E0918380832E
:10F520009383828395838483EDECFEE08FEF808369
:10F5300086E293E0948383831682158208958091F6
:10F54000CD0E8230C9F48091D20E9091D30E892BCA
:10F5500079F06091D20E7091D30E8091CE0E909181
:10F56000CF0E4091D00E5091D10E20E00E944B92D0
:10F570001092D30E1092D20E0895CF93C82F80917F
:10F58000CD0E813019F0823049F023C08091CE0E2B
:10F590009091CF0E6C2F0E9494501BC08091D20E80
:10F5A0009091D30E8038910509F4C9DF2091D00ED7
:10F5B0003091D10E8091D20E9091D30EAC014F5F5D
:10F5C0005F4F5093D30E4093D20EF901E80FF91F0D
:10F5D000C08380E090E0CF9108951F93CF93DF9395
:10F5E000182FEB01ACDFEDECFEE01083D283C1837A
:10F5F00016821582DF91CF911F910895CF93DF93EB
:10F60000EC019DDF87E0EDECFEE0DE0101900D9264
:10F610008A95E1F7DF91CF910895CF93DF93EC01C5
:10F620008EDF87E0FE01ADECBEE001900D928A9581
:10F63000E1F7DF91CF910895982F80ED890F8A30FF
:10F6400070F08FE9890F863010F489EA05C08FEBDE
:10F65000890F863018F489EC890F08958FEF08958B
:10F66000AF92BF92CF92DF92EF92FF920F931F93D0
:10F67000CF93DF937C016B018A01000F111FA12C36
:10F68000B12CF7018081882301F1A016B10624F581
:10F69000E501D595C795A0FC06C0CC0DDD1DCCDFDE
:10F6A0008295807F05C0C8DFCC0DDD1D9881890F54
:10F6B00088838FEFA81AB80AF70131967F018191EC
:10F6C0008A33E1F38D32D1F3DCCF81E00A151B05DB
:10F6D00009F480E0819501C08FEFDF91CF911F91F8
:10F6E0000F91FF90EF90DF90CF90BF90AF90089573
:10F6F00080E090E0FC01EE0FFF1FEE0FFF1FEC52C9
:10F70000F14F1182108201968031910599F7089589
:10F7100020E030E0F901EE0FFF1FEE0FFF1FEC526B
:10F72000F14F408151814817590781F04081518143
:10F73000452B39F4918380837383628380E090E06A
:10F7400008952F5F3F4F2031310521F78FEF9FEF55
:10F750000895E091A603F091A703EE0FFF1FEE0FAF
:10F76000FF1FEC52F14F80819181892B21F410927F
:10F77000A7031092A603E091A603F091A703EE0F52
:10F78000FF1FEE0FFF1FEC52F14F0190F081E02DB3
:10F7900009958091A6039091A70301969093A703E2
:10F7A0008093A6030895CF92DF92EF92FF920F937A
:10F7B0001F93CF93DF93EC018BE091E40E94679756
:10F7C000888199810E94369784E091E40E9467972E
:10F7D000FE01EA5BFD4F60817181828193810E940D
:10F7E000B69781E091E40E94679788E4E82E81E073
:10F7F000F82EC12CD12CF7010581168101151105B8
:10F8000009F45AC0F70160817181888199810E9451
:10F81000BEF6F7E0EF0EF11C892B09F049C083ED2D
:10F8200090E49F938F930E9433F80F900F9087E09E
:10F830008C9DF0018D9DF00D1124E85BFE4F8481BD
:10F84000813031F040F0823049F48FEC90E408C010
:10F850008AEC90E405C080EC90E402C08CEB90E46C
:10F860009F938F930E9433F80F900F901F930F93E5
:10F8700083E790E49F938F930E9433F860DE87E0E4
:10F880008C9DF0018D9DF00D1124E85BFE4F4281AF
:10F890005381C65BDD4F21E0B801888199810E94C8
:10F8A0004B920F900F900F900F9081E090E006C068
:10F8B0002FEFC21AD20A9FCF8FEF9FEFDF91CF9128
:10F8C0001F910F91FF90EF90DF90CF900895EF92EE
:10F8D000FF920F931F93CF93DF93EC018C018881EC
:10F8E000F8018823C9F080838881853289F47E01FC
:10F8F000F2E0EF0EF11C89819FDE8295807FF80196
:10F9000080838A8199DEF8019081892B8083E701C9
:10F910000F5F1F4F2196E3CF1082DF91CF911F9190
:10F920000F91FF90EF900895DF92EF92FF920F9367
:10F930001F93CF93DF93DC01FC01329620E030E08F
:10F940008191B9016F5F7F4F8F3239F0882329F0A1
:10F950009B0161157240A1F796C02D5F3F4FAD012D
:10F96000420F531F11965C934E939B01C0E0D0E071
:10F970002115F2E03F07CCF4FD01E20FF31F8F01E8
:10F980000E5F1F4F92819F3341F41282E90123964B
:10F99000CA0FDB1F2F5F3F4F05C09F7D19F4F80191
:10F9A000108203C02F5F3F4FE3CF8D017D018AEFAF
:10F9B000E81A8DEFF80AF70111821082FD01E60FB7
:10F9C000F71F8281811105C061E07FE5CA010E94B5
:10F9D000C7F6209709F457C081E090E0F7019183C2
:10F9E0008083F801EA5DFD4FD183C083D801A85F11
:10F9F000BD4F1196DC93CE9388818823B1F0863277
:10FA000091F41992F701808191819C012F5F3F4F02
:10FA100031832083FC01EC5FFE4FEE0FFF1FE00FF0
:10FA2000F11FD183C0832196E7CFED0100E010E004
:10FA300080E2D82EF70180819181081719071CF503
:10FA40009E01E881F981FF8FEE8F8081882349F044
:10FA50008D3399F4DF011D92BF8FAE8F81818111AB
:10FA60000BC02296F9018081918131DF8C8D9D8DB3
:10FA70002EDF0F5F1F4FDECFFD0180818B3209F437
:10FA8000D0823196E2CFDF91CF911F910F91FF90FD
:10FA9000EF90DF900895AF92BF92CF92DF92EF92F6
:10FAA000FF920F931F93CF93DF935B01FC01EA5FFB
:10FAB000FD4FC080D1808C01085F1D4FC0E0D0E0B9
:10FAC000EE24EA94FF24FA94CC15DD0564F4B50124
:10FAD000F801819191918F010E94BEF6892B09F462
:10FAE0007E012196F1CFC701DF91CF911F910F9138
:10FAF000FF90EF90DF90CF90BF90AF900895AF92BE
:10FB0000BF92CF92DF92EF92FF920F931F93CF930A
:10FB1000DF936B01FC01EA5FFD4FE080F180EC01B7
:10FB2000C85FDD4F00E010E0A12CB12C0E151F05C1
:10FB30006CF4B601899199910E94BEF6892B19F453
:10FB4000AA24AA94BA2C0F5F1F4FF0CFC501DF91F2
:10FB5000CF911F910F91FF90EF90DF90CF90BF90CA
:10FB6000AF900895FF920F931F93CF93DF93CDB77C
:10FB7000DEB727970FB6F894DEBF0FBECDBF8091DA
:10FB8000F2059091F3058F3F2FEF9207C1F580E5C5
:10FB900090E00E94EE8A9093F3058093F2058F3FE8
:10FBA0002FEF920709F4D1C021E02093AA0510920B
:10FBB000ED051092EC051092AA031092A903109281
:10FBC000A8031092AF051092AE051092AB0522E388
:10FBD00032E0829FF001839FF00D929FF00D11247F
:10FBE000E451F04F86819781A085B1858093EE0521
:10FBF0009093EF05A093F005B093F105A6C00E9485
:10FC00001E8B803159F08FEF9FEF9093F305809317
:10FC1000F2051092AA051092AB0597C08091AA0533
:10FC2000813009F065C012E001E083E0F82E809198
:10FC3000F2059091F3050E949293181619060CF0A4
:10FC400084C08091F2059091F3050E94A7938A30B9
:10FC500071F39091AB052091EC053091ED05911178
:10FC600010C0A9014F5F5F4F5093ED054093EC0525
:10FC7000F901E855FC4F8283FA01E855FC4F1282E6
:10FC800006C02F5F3F4F3093ED052093EC058D307C
:10FC900071F691111CC043E050E06FE77FE58AEAFE
:10FCA00093E00E9492F6892B31F40093AB0588EA29
:10FCB00093E03ADE0CC044E050E06AE77FE58AEA70
:10FCC00093E00E9492F6892B11F41093AB0580917A
:10FCD000AB05882341F08091EC059091ED050197EB
:10FCE00011F4F092AA051092ED051092EC059FCF49
:10FCF000833059F5CE01019681DC6091F205709157
:10FD0000F30582E06ADC88EA93E084D0019769F029
:10FD100088EA93E048DD019741F08CE09FE59F93EE
:10FD20008F930E9433F80F900F9009DCCE0101965B
:10FD300074DC8091F2059091F3050E94308B8FEF77
:10FD40009FEF9093F3058093F20527960FB6F894F2
:10FD5000DEBF0FBECDBFDF91CF911F910F91FF90FE
:10FD600008950F931F93CF93DF9323D080E590E006
:10FD70000E94BF8AC2EFD5E00FEF1FEF19830883FF
:10FD80001F9280E58F9389E89FE59F938F930E9450
:10FD900033F863E87FE582EB9DE7BADC19830883DB
:10FDA0000F900F900F900F90DF91CF911F910F91B7
:10FDB000089580E090E0FC01EE0FFF1FEE0FFF1FA3
:10FDC000EC5EF04F1182108201968E31910599F709
:10FDD000089520E030E0F901EE0FFF1FEE0FFF1F46
:10FDE000EC5EF04F408151814817590781F0408106
:10FDF0005181452B39F4918380837383628380E042
:10FE000090E008952F5F3F4F2E31310521F78FEF9E
:10FE10009FEF0895EF92FF920F931F93CF93DF937D
:10FE20007C0104E11FE0C0E0D0E0F8016281738151
:10FE30006115710511F1F701808191810E94BEF673
:10FE4000892BA9F489E490E69F938F930E9433F85D
:10FE5000CC0FDD1FCC0FDD1FCC5ED04FE881F981C8
:10FE6000C70109950F900F9081E090E008C021969E
:10FE70000C5F1F4FCE31D105C1F68FEF9FEFDF91A1
:10FE8000CF911F910F91FF90EF90089583EB9FE525
:10FE90009F938F930E9433F80F900F90089580EAFC
:10FEA0009FE59F938F930E9433F80F900F900895D2
:10FEB000CF93DF93C62FDFB7F8942C986F71682B20
:10FEC00080E090E051D360E080E090E04DD3C7FF48
:10FED00004C060E080E090E047D393E09A9501F0A1
:10FEE000E9F7C8952C9ADFBFDF91CF910895CF93A2
:10FEF000DF93D42FCFB7F8942C986F71682B80E0E4
:10FF000090E032D36D2F80E090E02ED383E08A958D
:10FF100001F0E9F7C8952C9ACFBFDF91CF910895F2
:10FF2000EF92FF920F931F93CF937C018B01CFB77A
:10FF3000F8942C986AE380E090E016D3A701B8010A
:10FF400080E090E023D383E08A9501F0E9F7C8953B
:10FF50002C9ACFBFCF911F910F91FF90EF900895F2
:10FF6000DF92EF92FF920F931F93CF93DF938C0159
:10FF7000D62EE72EFFB6F8942C986AE780E090E042
:10FF8000F3D2CD2DDE2D0C0F1D1FC017D10729F088
:10FF9000699180E090E0E8D2F8CF83E08A9501F0A3
:10FFA000E9F7C8952C9AFFBEDF91CF911F910F9171
:10FFB000FF90EF90DF9008951F93CF93DF93182F5A
:10FFC0001076C12FD0E080918E0F90E0C817D9072E
:10FFD00079F043E06FE180EA8ADFAE0185E0559574
:10FFE00047958A95E1F76FE180E881DF10938E0FE6
:10FFF000DF91CF911F910895CF93C82FDDDF6C2F34
:020000021000EC
:1000000080E0CF9155CFCF93DF93C82FD62FD4DF89
:100010004D2F6C2F80E4DF91CF9169CFCF93DF9389
:10002000EC01688184EEEFDF698185EEECDF6A81A7
:1000300082EEE9DF6B8183EEE6DF6C8180EEE3DF49
:100040006D8181EEDF91CF91DECFCF93DF93682F6B
:1000500084EDD9DF61E082EDD6DF8AEECDDF80FD71
:10006000FCCF60E082EDCFDF88EDC6DFC82FD0E0A7
:1000700089EDC2DF9E01382BC901DF91CF91089530
:10008000CF93DF93D62FC72F682F84EDBCDF6D2F62
:1000900086EDB9DF6C2F87EDB6DF8AEEADDF80FD30
:1000A000FCCFDF91CF91089582E7A6DF90E008951D
:1000B00080E090E049D2249A2C9A4FEF60E08FEFD5
:1000C00016DF8DE199DF80FFFCCF10928D0F10922B
:1000D0008C0F60E088E097DF60E089E094DF60E00B
:1000E0008CE091DF60E08DE08EDF6EEF8AE08BDFE9
:1000F00067E18BE088DF60E084E085DF68E185E030
:1001000082DF61EA88E37FDF6DE080EC7CDF60E026
:1001100081EC79DF63E088EC76DF42E362EC80E833
:10012000E6DE62E186EC6FDF6CE087EC6CDF62E1BB
:1001300084EC69DF68E58AEC66DF62E08BEC63DF04
:1001400060E071E080E19CDF8FE136DF40EC6BE145
:1001500080E8CDDE44E06FE180E8C9DE66E774E068
:1001600084E18ECF0F931F93CF93DF93EC018B012C
:100170008FE142DF83FDFCCF60E082E044DF68E195
:1001800083E041DF6C2F86E03EDFCE01985E692F71
:1001900087E039DF40E060E08AE7A9DEB801CE0100
:1001A000DFDE40E86FE180E8A2DE40E86FE180EA50
:1001B0009EDE48E06FE180E8DF91CF911F910F91C3
:1001C00096CEEF92FF920F931F93CF93DF937C0114
:1001D000EB018CE111DF86FF3BC060918C0F80E06A
:1001E00012DF60918D0F81E00EDF60E08AE360DE58
:1001F00090E090938D0F80938C0F60E08AE358DE3F
:1002000020918C0F30918D0F382B30938D0F2093D0
:100210008C0F60E08AE34CDE082F10E060E08AE398
:1002200047DE182B60E08AE343DE60E08AE340DECD
:10023000E016F10694F460918C0F8CE0E4DE60919E
:100240008D0F8DE0E0DE40E46EE180E850DE3CC0E2
:1002500089E3D2DE8111C1CF37C0BE01C80160DEA3
:1002600089E0CADEE82EF12CFE2CEE2488E0C4DE04
:10027000E82A8BE0C1DEC82FD0E0DC2FCC278AE053
:10028000BBDEC82B60918C0F70918D0FCB01019755
:100290008E159F0518F0C817D90728F46C2F8CE02D
:1002A000B2DE6D2F09C061508CE0ADDE80918C0F05
:1002B00090918D0F0197692F8DE0A5DE40E46EE1EE
:1002C00080E815DEC80102C080E090E0DF91CF91A8
:1002D0001F910F91FF90EF90089581E0B6DE969503
:1002E00087959695879521E08227817008954CE047
:1002F0006FE180EAFCDD80E0A8DEBC017E7F80E06B
:10030000BFDE82EC79DE682F70E06E7F82EC7BDEF0
:1003100065E184EC78DE62E186EC75DE6CE087EC0A
:1003200072DE44E06FE180E8E2CD85B1806985B995
:1003300084B1806B84B9269880E58CBD81E08DBD49
:1003400008958EBD0DB407FEFDCF8EB50895FC0156
:1003500021912EBD9F01281B390B2617370728F442
:1003600021910DB407FEFDCFF4CF0DB407FEFDCFF4
:1003700008951EBC680F791F8617970749F00DB4C2
:1003800007FEFDCF1EBC2EB5FC012193CF01F4CF9B
:100390000DB407FEFDCF08955D988AB184628AB9D5
:1003A00054980895282F98E080E0880F27FF02C016
:1003B0005A9A01C05A9835E33A95F1F700005D9AD0
:1003C00035E33A95F1F700004C9981605D98220F72
:1003D000915059F70895680F791F68177907B9F098
:1003E000FC013191CF0128E037FF02C05A9A01C0C9
:1003F0005A98F5E3FA95F1F700005D9A45E34A95BE
:10040000F1F70000330F5D98215071F7E6CF0895A2
:100410005A98FC01680F791F90E06E177F0791F0E2
:1004200088E0990F25E32A95F1F700005D9A25E30E
:100430002A95F1F700004C9991605D98815089F7F9
:100440009193EBCF0895CF931092900F10928F0F4E
:10045000C2E0C4BD092E000CAA0BBB0B2227382F0B
:10046000492F5A2F60E074E284EF90E00E94FEF57D
:1004700027BD84E085BDC0936E00CF9108951F9283
:100480000F920FB60F9211240BB60F922F933F933A
:100490004F935F936F937F938F939F93AF93BF938C
:1004A000EF93FF93E0918F0FF091900F309709F049
:1004B0000995FF91EF91BF91AF919F918F917F919E
:1004C0006F915F914F913F912F910F900BBE0F90C5
:1004D0000FBE0F901F90189520918F0F3091900FA5
:1004E0002817390731F0232B31F49093900F809324
:1004F0008F0F8FEF089580E00895843030F4E82F57
:10050000F0E0E055FF498491DFC00895843030F475
:10051000E82FF0E0E055FF4984910CC108950F9356
:100520001F93CF9300EB10E6C0E0F801649181E0E7
:1005300040D08C2FEBDF0F5F1F4FCF5FC430A9F788
:10054000CF911F910F9108958230910564F42AE0B4
:10055000289FF001299FF00D1124EA53FE4F0190CE
:10056000F081E02D09940895823091056CF42AE021
:10057000289FF001299FF00D1124EA53FE4F0280BD
:10058000F381E02D862F099480E008959B0182304D
:10059000910574F46AE0689FF001699FF00D1124E1
:1005A000EA53FE4F0680F781E02DBA01C901099494
:1005B0000895962F9770669566956695613039F126
:1005C00038F0623009F442C0633009F45DC079C08C
:1005D000813061F441B121E030E0B90102C0660F21
:1005E000771F9A95E2F7CB01842B0FC0823009F078
:1005F00068C041B121E030E0B90102C0660F771F49
:100600009A95E2F7CB018095842381B95AC0813055
:1006100061F444B121E030E0B90102C0660F771FF8
:100620009A95E2F7CB01842B0FC0823009F049C0C4
:1006300044B121E030E0B90102C0660F771F9A95FE
:10064000E2F7CB018095842384B93BC0813061F40B
:1006500047B121E030E0B90102C0660F771F9A95DB
:10066000E2F7CB01842B0EC0823059F547B121E06F
:1006700030E0B90102C0660F771F9A95E2F7CB010F
:100680008095842387B91DC0813061F44AB121E08F
:1006900030E0B90102C0660F771F9A95E2F7CB01EF
:1006A000842B0EC0823069F44AB121E030E0B901F8
:1006B00002C0660F771F9A95E2F7CB0180958423DD
:1006C0008AB98FEF90E00895282F27708695869538
:1006D00086958130C9F070F0823001F1833039F5B0
:1006E0003BB181E090E001C0880F2A95EAF7832BA7
:1006F0008BB91DC032B181E090E001C0880F2A950E
:10070000EAF7832B82B913C035B181E090E001C0D4
:10071000880F2A95EAF7832B85B909C038B181E0A3
:1007200090E001C0880F2A95EAF7832B88B98FEFF4
:1007300090E00895282F27708695869586958130BC
:10074000D9F078F0823019F1833059F53BB181E06E
:1007500090E001C0880F2A95EAF7809583238BB932
:1007600020C032B181E090E001C0880F2A95EAF7FD
:100770008095832382B915C035B181E090E001C036
:10078000880F2A95EAF78095832385B90AC038B186
:1007900081E090E001C0880F2A95EAF780958323D5
:1007A00088B98FEF90E008951F93CF93DF93EC010A
:1007B000162F0E94624E80E090E0FC01EE0FFF1FBA
:1007C000EE0FFF1FE754F04F208131812C173D07BA
:1007D000A1F001968830910581F780E090E0FC015E
:1007E000EE0FFF1FEE0FFF1FE754F04F2081318106
:1007F000232B39F4D183C08312830E94684E80E09A
:1008000007C001968830910551F70E94684E8FEF1E
:10081000DF91CF911F910895CF93DF930E94624E95
:10082000C0E0D0E085E08C9FF0018D9FF00D112499
:10083000EF56F04F9481963041F41082118212826B
:1008400013820E94684ECE0108C02196C830D1059F
:1008500051F70E94684E8FEF9FEFDF91CF9108957F
:10086000FF920F931F93CF93DF938C01EB01F42E34
:100870000E94624ECE01A0E0B0E025E0209FF00192
:10088000219FF00D1124EF56F04F80839183A283B6
:10089000B383F482DF91CF911F910F91FF900C945D
:1008A000684ECF92DF92EF92FF927C010E94624EDF
:1008B00085E08E9DF0018F9DF00D1124EF56F04FD5
:1008C000C080D180E280F3800E94684EC601FF9014
:1008D000EF90DF90CF90089525E0AC01249FC001F8
:1008E000259F900D1124FC01EF56F04F86E0848384
:1008F0000895CF93DF93EC010E94624E83E1E9ED0E
:10090000FFE0DE0101900D928A95E1F70E94684EAA
:1009100080E090E0DF91CF910895CF93DF93EC01D9
:100920000E94624E83E1FE01A9EDBFE001900D92AD
:100930008A95E1F70E94684E80E090E0DF91CF91C8
:100940000895613011F4845E0895673008F06150B5
:1009500060FD02C08FE108958EE108954F925F928D
:100960006F927F928F929F92AF92BF92CF92DF92BF
:10097000EF92FF920F931F93CF93DF9300D000D09D
:1009800000D0CDB7DEB79E838D83DC011E968D919E
:100990009D910D90BC91A02D89839A83AB83BC83DC
:1009A000ED81FE81A185C684D784E088F1880A2E76
:1009B000000CBB0B20E13EE00E943FF6C60ED71EA6
:1009C000E81EF91EC686D786E08AF18A8CE697E093
:1009D00090878783668577858089918920E8C22EF4
:1009E00021E5D22EEE24E394F12CA70196010E947A
:1009F000FEF52B013C01ED81FE81668577858089BE
:100A00009189A70196010E94FEF569017A01890189
:100A10003CE3832E912CA12CB12CC301B201A50182
:100A200094010E94FEF5AD81BE8111966C93C301C5
:100A3000B20120E13EE040E050E00E94FEF5722E5F
:100A4000A50194010E94FEF5ED81FE81228373824F
:100A5000C601019667E070E00E94D7F5848324E622
:100A600030E0E0E9F1E0AD81BE8117968D919C9177
:100A7000189783709927892BB9F417968D919C91BB
:100A80001897B9010E94D7F5892B59F4AD81BE8121
:100A900017968D919C911897BF010E94D7F5892BCD
:100AA00019F48EE691E002C08DE691E0081719076F
:100AB00088F1AD81BE8117968D919C9118978370B6
:100AC0009927892BB9F417968D919C911897B901A4
:100AD0000E94D7F5892B59F4AD81BE8117968D916F
:100AE0009C911897BF010E94D7F5892B19F48EE6C7
:100AF00091E002C08DE691E0081B190BAD81BE812B
:100B000017968D919C911897019618969C938E93A9
:100B10001797A9CFED81FE81168284E6E82EF12C8D
:100B200090E9C92EDD24D394ED81FE812681878151
:100B3000908583709927892B99F487819085B701D7
:100B40000E94D7F5892B71F487819085B6010E94A8
:100B5000D7F5AC0191E0452B09F090E0892F03C057
:100B600080E001C081E0622FECDE90E0AD81BE81CB
:100B70000817190790F116962C91169717968D91D4
:100B80009C91189783709927892BB9F417968D91AA
:100B90009C911897B7010E94D7F5892B81F4ED81BC
:100BA000FE8187819085B6010E94D7F5AC0191E066
:100BB000452B09F090E0892F03C080E001C081E05F
:100BC000622FBFDE081B1109AD81BE8116968C9184
:100BD00016978F5F16968C93A7CF16968C911697C3
:100BE0008F5F16968C9316970F5F15960C9315973B
:100BF00016968C911697833028F016968C9121E0EA
:100C00008B3008F020E0ED81FE818581348190E019
:100C1000831B910949976CF08481811103C0838102
:100C2000823038F0AD81BE8116968C918A3039F4CD
:100C300066C0ED81FE818681833009F460C0222385
:100C400009F45DC0AD81BE8152968C915297882384
:100C500009F455C013968C9113978F5F13968C935C
:100C6000139713968C911397883109F048C0139607
:100C70001C92139714968C9114978F5F14968C93F3
:100C8000149714968C911497873011F414961C9233
:100C9000ED81FE81158126812150878190858370A9
:100CA0009927892BA9F48781908564E670E00E94DA
:100CB000D7F5892B79F48781908560E971E00E94EE
:100CC000D7F5AC0191E0452B09F090E0892F03C0E6
:100CD00080E001C081E0622F34DE18130BC0AD81CB
:100CE000BE8115961C92159716968C9116978F5F5C
:100CF00016968C93ED81FE8185818F5F8583898136
:100D00009A81AB81BC81ED81FE8186879787A08B1C
:100D1000B18B26960FB6F894DEBF0FBECDBFDF9124
:100D2000CF911F910F91FF90EF90DF90CF90BF90E8
:100D3000AF909F908F907F906F905F904F900895AD
:100D400080E090E026E0FC01EE0FFF1FEE0FFF1F9A
:100D5000E754F04F1182108222830196883091056A
:100D600091F780E090E035E026E0389FF001399F70
:100D7000F00D1124EF56F04F10821182128213826F
:100D8000248301968830910581F71092E30F109229
:100D9000E40F1092E50F1092E60F1092E70F1092F9
:100DA000E80F1092E90F1092EA0F1092E20F81E023
:100DB0008093EB0F89ED9FE0D1DD60E070E084E689
:100DC00090E00E943E4E87EE96E80C949B4E0F9367
:100DD0001F93CF93DF938091D90F8F5F8093D90FAB
:100DE0008091D90F843609F04EC01092D90F8091AE
:100DF000DA0F8F5F8093DA0F8091E30F9091E40F09
:100E0000A091E50FB091E60F0196A11DB11D809351
:100E1000E30F9093E40FA093E50FB093E60F80915A
:100E2000E70F9091E80FA091E90FB091EA0F0196BA
:100E3000A11DB11D8093E70F9093E80FA093E90FD8
:100E4000B093EA0F8091DA0F8C33F9F41092DA0F35
:100E50008091DB0F8F5F8093DB0F8091DB0F8C33F2
:100E6000B1F41092DB0F8091DC0F8F5F8093DC0F69
:100E700089ED9FE073DD8091DC0F883151F4109291
:100E8000DC0FC5E007C0C1E005C0C2E003C0C3E09D
:100E900001C0C4E000E010E0D1E0F801EE0FFF1F58
:100EA000EE0FFF1FE754F04F8281C81748F0C230A1
:100EB00010F0D38305C013820190F081E02D0995D5
:100EC0000F5F1F4F0830110541F780E090E0FC01F3
:100ED000EE0FFF1FEE0FFF1FE754F04FDF011396D9
:100EE0002381213049F41C920190F081E02D099575
:100EF00080E090E025E005C001968830910539F743
:100F0000F7CF289FF001299FF00D1124EF56F04FE5
:100F10003481C317A0F04081518162817381452BD8
:100F2000462B472B61F04081518162817381415092
:100F3000510961097109408351836283738301966A
:100F400088309105F1F6DF91CF911F910F910895AF
:100F500010922901089581E080932901089520E0ED
:100F600030E082E392E0289FF001299FF00D389F46
:100F7000F00D1124E451F04F4081411104C0468925
:100F80005789452B41F02F5F3F4F2330310559F7EB
:100F90008FEF9FEF0895C90108958F929F92AF92AE
:100FA000BF92CF92DF92EF92FF920F931F93CF9356
:100FB000DF937C01FC0186858F708701F4E08F9FB1
:100FC000000D111D1124025F1F4F812C912C82E313
:100FD000C82E82E0D82E8C9CE0018D9CD00D9C9C6C
:100FE000D00D1124C451D04F888181110AC08FEFD8
:100FF000881A980A93E08916910469F78FEF9FEF9A
:1010000023C0AA80BB80F801808191810E94BA71BF
:10101000A816B90661F7AC80BD80F8018281938182
:101020000E94BA71A816B90611F74E815F816885D2
:101030007985F701828D938DA48DB58D4817590759
:101040006A077B07A1F6C401DF91CF911F910F9131
:10105000FF90EF90DF90CF90BF90AF909F908F90D8
:101060000895AF92BF92CF92DF92EF92FF920F93CB
:101070001F93CF93DF937C01FC01C68570DF5C0179
:10108000019609F478C0CF70870184E0C89F000DF5
:10109000111D1124025F1F4FF801808191810E9470
:1010A000BA7122E332E0A29E6001A39ED00CB29EF0
:1010B000D00C1124E601C451D04F9B838A83F801E0
:1010C000828193810E94BA719D838C83F701828D06
:1010D000938DA48DB58D8E839F83A887B987F801E2
:1010E00064817581868197810E94BE71DC01CB018C
:1010F00080959095A095B0958A879B87AC87BD8792
:10110000F80164817581868197810E94BE716E8726
:101110007F87888B998B19828EE190E09F8B8E8BD5
:101120001A8E1B8E1C8E1D8E6AE070E080E090E0AF
:101130000E94BE716E8F7F8F88A399A388A599A501
:101140000E94F066F801868597850E94BA719B8B94
:101150008A8B1D8A1C8AD601A25FBF4EF701369684
:1011600086E001900D928A95E1F788A599A50E94E5
:10117000F066198E188EC501DF91CF911F910F91E6
:10118000FF90EF90DF90CF90BF90AF9008955F9267
:101190006F927F928F929F92AF92BF92CF92DF9287
:1011A000EF92FF920F931F93CF93DF936C01562E14
:1011B0007A015901E80182E392E0C89E4001C99E8C
:1011C000900CD89E900C112484010451104FF8010A
:1011D00086819781A085B1858E8B9F8BA88FB98FD3
:1011E0008091170190911801A0911901B0911A01F5
:1011F0008A8F9B8FAC8FBD8F1E8E86E08F8F3A01BA
:10120000F4E26F0E711CC3010E94BA7199A388A306
:10121000D80114968D919C9115970E94BA719BA349
:101220008AA3F801828193810E94BA719DA38CA345
:10123000D8011A966D917D918D919C911D970E9478
:10124000BE716EA37FA388A799A7F80166857785ED
:10125000808991890E94BE716AA77BA78CA79DA7F0
:1012600080E98EA75FA6C5010E94BA7199AB88ABD1
:101270001BAA1AAA1DAA1CAAD8015E966D917D917F
:101280008D919C9191970E94BE716F5F7F4F8F4FA0
:101290009F4F0E94BE71F801668F778F80A391A344
:1012A000CE018296FE01F69620E1DF011D922A957D
:1012B000E9F7F8012081213019F522E02EAB34E066
:1012C0003FAB28AF19AE428D538D648D758D452B84
:1012D000462B472BB1F128E02AAF2AE02BAFF401CF
:1012E000E65FFF4E24E0DE01DC9601900D922A9528
:1012F000E1F7DC015E96F401EA5FFF4E84E01DC079
:10130000F801828D938DA48DB58D892B8A2B8B2B23
:10131000C1F088E08EAB8AE08FABF401E65FFF4E50
:1013200084E0DE01D89601900D928A95E1F7F401F0
:10133000EA5FFF4E84E0DE01DC9601900D928A9513
:10134000E1F7B701605D7F4FCE0146960E945F6B6B
:101350000E94BA719BAB8AAB82E392E0C89E5001B7
:10136000C99EB00CD89EB00C1124F501E451F04F89
:1013700066817781808591858E01930146E00E9488
:10138000CE73BE01C501825F9F4E0E946372BE0193
:10139000C7018A5B9F4FDF91CF911F910F91FF9003
:1013A000EF90DF90CF90BF90AF909F908F907F9005
:1013B0006F905F900C942A727F928F929F92AF925F
:1013C000BF92CF92DF92EF92FF920F931F93CF9332
:1013D000DF93CDB7DEB7C654D1090FB6F894DEBFA0
:1013E0000FBECDBF80912901813009F061C0C12CB1
:1013F000D12C82E3A82E82E0B82E812C92E0992E87
:1014000021E7722ECA9CC001CB9C900DDA9C900DF6
:1014100011249C012451304F7901F9018689978963
:10142000892B91F18081882379F1868997890197A9
:10143000978B868B868997890A97A9F480A591A5B1
:101440000E946B659401281B390B8E010F5F1F4FA3
:1014500040E050E061E1C6019ADEF7018081813110
:10146000F8F470821DC0F90186899789892BC1F42F
:101470008E010F5F1F4F20E030E040E050E064E05D
:10148000C60185DEF70109C0CA9CF001CB9CF00DB6
:10149000DA9CF00D1124E451F04F178A168A10825D
:1014A000FFEFCF1ADF0A23E0C216D10409F0AACF5A
:1014B000CA5BDF4F0FB6F894DEBF0FBECDBFDF9122
:1014C000CF911F910F91FF90EF90DF90CF90BF9041
:1014D000AF909F908F907F900895CF92DF92EF9280
:1014E000FF920F931F93CF93DF93EB018A01FA01D1
:1014F00026852F7064E0269F400D511D1124FA01AE
:101500003E966F0122E332E0AC01429FC001439F4F
:10151000900D529F900D1124FC01E451F04F7F017A
:1015200080A591A50E940A678C179D07ECF0F80131
:1015300046854F70F6012485F70180A591A5F4E05A
:101540004F9FA0011124425F5F4F207F30E035950F
:10155000279535952795420F531F400F511FBE0108
:101560000E947F65CE0102C08FEF9FEFDF91CF9188
:101570001F910F91FF90EF90DF90CF90089520E0A2
:1015800030E0F901EE0FFF1FEE57F94E4081518117
:10159000452B29F49183808380E090E008952F5FAC
:1015A0003F4F2430310569F78FEF9FEF089520E01A
:1015B00030E0F901EE0FFF1FEE57F94E40815181E7
:1015C0004817590741F02F5F3F4F2430310589F705
:1015D0008FEF9FEF089580E090E008950F931F93A1
:1015E000CF93BC0120E030E04EE150E08FEF9FEF61
:1015F000A2E3B2E0C0E12A9FF0012B9FF00D3A9FD9
:10160000F00D1124E451F04F0481158106171707DE
:1016100061F410811F3049F40689178904171507F2
:1016200020F446895789C083C9012F5F3F4F23307B
:10163000310509F7CF911F910F91089583309105DE
:1016400068F422E332E0829FF001839FF00D929FC5
:10165000F00D1124E451F04F808108958FEF08952B
:10166000AF92BF92CF92DF92EF92FF920F931F93B0
:10167000CF93DF93CDB7DEB7C654D1090FB6F89438
:10168000DEBF0FBECDBF8330910508F097C022E3C7
:1016900032E0829FA001839F500D929F500D112434
:1016A0009A012451304F6901F9012081203109F05C
:1016B00085C07C01B1D88C018F3FFFEF9F0709F4F3
:1016C0007DC041E068EC70E0CBD856012FEFA21A44
:1016D000B20AF5018081811137C0C801E2D8892B97
:1016E00099F1C801F9D80E947A72F60180A591A5F6
:1016F0000E946B6520E032E0281B390B8E010F5FE2
:101700001F4F40E050E061E1C70141DD81E7F60194
:1017100080830E94A17280D88C018F3FFFEF9F07CA
:1017200009F44CC041E068EC70E09AD822E332E062
:10173000E29EC001E39E900DF29E900D11249C014B
:101740002451304F690118C0C801ABD8892B09F06A
:10175000C0CF82E392E0E89EF001E99EF00DF89E92
:10176000F00D1124E451F04F178A168A1082C80137
:10177000B3D824C00E94A1720E947A72F6018081BF
:10178000811104C0C8018DD8892BA1F4C80189D862
:10179000892B81F782E392E0E89EF001E99EF00D4B
:1017A000F89EF00D1124E451F04F178A168A10822A
:1017B000118E108EC80190D80E94A172CA5BDF4FB3
:1017C0000FB6F894DEBF0FBECDBFDF91CF911F9152
:1017D0000F91FF90EF90DF90CF90BF90AF90089562
:1017E000CF92DF92EF92FF920F931F93CF93DF93ED
:1017F00062E08CED99E80E94D48310928B161092CF
:101800008A16A2E9B6E1E2E9F8E18DEC28E1A23915
:10181000B20711F08D93FACF85E598E1EA39F9071F
:1018200011F08193FACF81E0809329010CEE1FE043
:10183000C0E0D0E082E3E82E82E0F82E9CEDD92EC5
:1018400025E5C22E60E072E0C8018A960E944465D8
:10185000CE9DF001CF9DF00DDE9DF00D1124E451E1
:10186000F04F91A780A7178A168A1082CE01F8DE62
:1018700080E090E0F801E80FF91FD2A601968115EB
:1018800022E09207B9F780E090E0FC01E65DFD4FB1
:10189000E00FF11FC082019688309105B1F72196C3
:1018A0000E5C1D4FC330D10569F6DF91CF911F91BA
:1018B0000F91FF90EF90DF90CF90089522E332E0F8
:1018C000FC01E29FC001E39F900DF29F900D112457
:1018D0008A5F9F4E41155105F9F0FB01308131308F
:1018E00071F0D0F021816E5F7F4F383069F434E0C1
:1018F000FB01DC0101900D923A95E1F705C06F5FA5
:101900007F4F41505109E6CF30E0F90132976E0F19
:101910007F1F421B530BDECF08952F923F924F92B1
:101920005F926F927F928F929F92AF92BF92CF926F
:10193000DF92EF92FF920F931F93CF93DF93CDB778
:10194000DEB72A970FB6F894DEBF0FBECDBF6B018E
:10195000DB011E968C918F70FB0124E0829FE00DCD
:10196000F11D11243E961F01CB0117DB7C01D10133
:101970001D968C911D9783711D968C93BFEFEB166E
:10198000FB0679F0F1010485007F10E015950795BD
:1019900015950795045111098585823009F08AC093
:1019A0000BC0D10112968D919C9113970E94BA7130
:1019B000FEDD019639F742C4C60153DB7C01019676
:1019C00009F43CC422E332E0E29EC001E39E900DA4
:1019D000F29E900D11249C012451304F5901D901E0
:1019E00014964D915C91159716966D917D918D9100
:1019F0009C9119970E947CC9811102C0F501FDC319
:101A0000A801B1016C5E7F4FC70158DFD5018C91F1
:101A1000813110F481E08C93F101868597850E94D5
:101A2000BA7122E332E0E29EA001E39E500DF29EE5
:101A3000500D11244451504F5A834983DA01539673
:101A40009C938E935297FA0186859785A089B189D8
:101A50000196A11DB11D86879787A08BB18B86014A
:101A600020E032E040E050E062E1C70190DBE98134
:101A7000FA8182859385A485B5850196A11DB11D46
:101A800082879387A487B5878081813110F484E0B1
:101A9000808382E392E0E89EF001E99EF00DF89EDB
:101AA000F00D1124E451F04F11828EE190E0978BFC
:101AB000868BC4C3FFEFEF16FF0609F4BFC382E3B2
:101AC00092E0E89EF001E99EF00DF89EF00D1124E1
:101AD000E451F04F8081813120F48EE190E0978BCA
:101AE000868BA801B1016C5E7F4FC701E7DED10193
:101AF0001D968C911D97823109F04DC018966D91FD
:101B00007D918D919C911B970E94BE7122E332E0E2
:101B1000E29E8001E39E100DF29E100D11240451EF
:101B2000104FF8016287738784879587D1011496D7
:101B30006D917D918D919C9117970E94BE71F801D6
:101B400066877787808B918B86859785A089B189F9
:101B50000196A11DB11D86879787A08BB18BD101FE
:101B60001E968D919C911F970E94BA71F801938BDC
:101B7000828B8081803110F480E1808382E392E067
:101B8000E89EF001E99EF00DF89EF00D1124E4515D
:101B9000F04F118253C3D60150968D919C9151976D
:101BA0000E949A6BF60146854F70D1011C962C91CC
:101BB000207F30E03595279535952795B4E04B9FEC
:101BC000200D311D11248C01021B130B2801612CE7
:101BD000712C22E332E0E29EC001E39E900DF29E62
:101BE000900D1124FC01E451F04F5F0180A591A5F7
:101BF0000E940A67092E000CAA0BBB0B84159505E1
:101C0000A605B7050CF41AC341145104610471040C
:101C100009F47EC1D5011E962D913D914D915C91A7
:101C2000519729833A834B835C83F10164817581E9
:101C3000868197810E94BE7129813A814B815C81A6
:101C4000261737074807590709F0BDC0A601B80194
:101C5000C70143DC0196A1F0D10114966D917D91ED
:101C60008D919C9117970E94BE71DC01CB01840D70
:101C7000951DA61DB71DF50186879787A08BB18B93
:101C800082E392E0E89ED001E99EB00DF89EB00D8F
:101C90001124A451B04F5896ED91FC91599730976B
:101CA00031F098966D917C919997C701099522E33F
:101CB00032E0E29EC001E39E900DF29E900D112451
:101CC0009C012451304F5901D90198968D919C91D6
:101CD00099970E946B65812C32E0932E9401281B0A
:101CE000390B860140E050E060E1C70150DA809195
:101CF0008C1690918D168E159F0509F05FC060912E
:101D00008A1670918B166115710509F457C0D501BB
:101D10001E962D913D914D915C915197CB01A0E084
:101D2000B0E0280F391F4A1F5B1F2F833887498770
:101D30005A8720918E1630918F16409190165091AF
:101D40009116820F931FA41FB51F2F8138854985D7
:101D50005A85281739074A075B0739F5D501989640
:101D60008D919C91999742E956E10E947F658091FF
:101D70008E1690918F16A0919016B0919116480EE4
:101D8000591E6A1E7B1EF50146865786608A718A37
:101D900080A591A50E946B659401281B390B40E03A
:101DA00050E060E1C701F3D909C08091FA05909134
:101DB000FB0501969093FB058093FA0510928B1614
:101DC00010928A16A5C0F50186859785A089B189EC
:101DD000A3019201280F391F4A1F5B1F29833A83F1
:101DE0004B835C83D10114966D917D918D919C9173
:101DF00017970E94BE71460E571E681E791E2981D4
:101E00003A814B815C81421653066406750680F563
:101E1000D5011E964D905D906D907C905197F1018B
:101E200084819581A681B781F50186879787A08BEC
:101E3000B18B80A591A50E946B6520E032E0281B44
:101E4000390B860140E050E060E1C701A0D9D5011F
:101E50001E964D925D926D927C9251978091F805FD
:101E60009091F90501969093F9058093F80550C07B
:101E700080918A1690918B16892B09F040C0F6014B
:101E800066856F70A62ED1011C96BC901C97149687
:101E90006D917D918D919C9117970E94BE71609379
:101EA0008E1670938F168093901690939116F092E1
:101EB0008D16E0928C16B4E0AB9EB0011124625FE7
:101EC0007F4F8B2D807F90E0959587959595879591
:101ED000680F791F6C0D7D1DA80182E996E10E94B3
:101EE00002F710938B1600938A168091F605909155
:101EF000F70501969093F7058093F60509C0809148
:101F0000FA059091FB0501969093FB058093FA05E5
:101F1000F1018585813009F0ABC022E332E0E29E19
:101F2000C001E39E900DF29E900D11249C0124515E
:101F3000304F5901D9018C91823721F56481758127
:101F4000868197810E94BE71DC01CB010196A11DA3
:101F5000B11DF50186879787A08BB18B80A591A5D0
:101F60000E946B6520E032E0281B390B860140E0BF
:101F700050E060E1C7010BD9D50157961C921E9223
:101F800056971C9222E332E0E29EC001E39E900D40
:101F9000F29E900D1124FC01E451F04F5F0180810D
:101FA000813741F5D10114966D917D918D919C9170
:101FB00017970E94BE71DC01CB010196A11DB11DD6
:101FC000F50186879787A08BB18B80A591A50E948C
:101FD0006B6520E032E0281B390B860140E050E0C1
:101FE00060E1C701D4D8D50157961C921E9256972E
:101FF0001C9227C08081803121F5D10118966D9106
:102000007D918D919C911B970E94BE71DC01CB014B
:102010000196A11DB11DF50182879387A487B5871D
:1020200080A591A50E946B6520E032E0281B390B4A
:10203000860140E050E061E1C701A9D882E7D501FF
:102040008C9382E392E0E89EF001E99EF00DF89E09
:10205000F00D1124E451F04F82859385A485B58558
:102060000196A11DB11D82879387A487B587E6C01D
:10207000F1018585813109F0A4C022E332E0E29EBE
:10208000C001E39E900DF29E900D11249C012451FD
:10209000304F5901D9018C91823721F564817581C6
:1020A000868197810E94BE71DC01CB010196A11D42
:1020B000B11DF50186879787A08BB18B80A591A56F
:1020C0000E946B6520E032E0281B390B860140E05E
:1020D00050E060E1C7015BD8D50157961C921E9273
:1020E00056971C9222E332E0E29EC001E39E900DDF
:1020F000F29E900D1124FC01E451F04F5F018081AC
:102100008137B1F5D10114966D917D918D919C919E
:1021100017970E94BE71DC01CB010196A11DB11D74
:10212000F50186879787A08BB18BD10118966D91A9
:102130007D918D919C911B970E94BE71F5016287E4
:1021400073878487958780A591A50E946B6520E0A1
:1021500032E0281B390B860140E050E060E1C70106
:1021600016D8D50157961C921E9256971C9266C09F
:102170008081803109F062C0D10114966D917D910A
:102180008D919C9117970E94BE71DC01CB01019645
:10219000A11DB11DF50186879787A08BB18B80A506
:1021A00091A50E946B6520E032E0281B390B860167
:1021B00040E050E061E1C7010E94C78882E7D50195
:1021C00025C0F10185858031C9F582E392E0E89E62
:1021D0008001E99E100DF89E100D11240451104F3E
:1021E000D8018C91843029F48FE08C9311961C9245
:1021F00025C0F8018081823721F4178A168A10825F
:102200001DC0D8018081813719F482E78C9316C0F4
:10221000F801C284D384E484F584D10118966D91C9
:102220007D918D919C911B970E94BE71C616D70619
:10223000E806F90619F4F801158A148A2A960FB6E9
:10224000F894DEBF0FBECDBFDF91CF911F910F91EC
:10225000FF90EF90DF90CF90BF90AF909F908F90C6
:102260007F906F905F904F903F902F9008954F9286
:102270005F926F927F928F929F92AF92BF92CF9216
:10228000DF92EF92FF920F931F93CF93DF93CDB71F
:10229000DEB7C654D2400FB6F894DEBF0FBECDBF36
:1022A0006C017B015801039708F0DBC082E392E0E8
:1022B000C89EF001C99EF00DD89EF00D1124E45186
:1022C000F04F8081803109F0CCC0222349F02130C9
:1022D00009F0C7C0DE01A95BBF4F80E090E00DC0F0
:1022E000DE01A95BBF4FFA01CF01841B950B8E1550
:1022F0009F056CF481918D93F7CF8E159F053CF46B
:10230000FA01E80FF91FE491ED930196F6CF27014A
:10231000F7FE02C0412C512C0E947A7222E332E077
:10232000C29EC001C39E900DD29E900D1124FC014F
:10233000E451F04F4F0180A591A50E946B65612C7F
:1023400022E0722E9301281B390B8E010F5F1F4F65
:10235000A70168E1C6010E94C788F40180A591A584
:102360000E946B659301281B390B40E050E060E14F
:10237000C6010E94C788F40182859385A485B5852E
:10238000052C000C66087708840D951DA61DB71D49
:1023900082879387A487B587F58AE48A0E94A17211
:1023A0000E940C848C01019609F45BC01A141B0472
:1023B000A4F041E06CE070E0C8010E94308422E3A8
:1023C00032E0C29EC001C39E900DD29E900D11249A
:1023D0009C012050304F59010AC033E0A316B104CC
:1023E00074F741E068EC70E0E7CF0E94A1720E94B0
:1023F0007A72C8010E945184892B39F5C8010E9464
:102400006C8482E392E0C89EF001C99EF00DD89ED4
:10241000F00D1124E451F04F82859385A485B58594
:1024200084199509A609B70982879387A487B58778
:102430008091FC059091FD0501969093FD05809398
:10244000FC05EE24EA94FE2C08C0F5018081918100
:10245000892B59F6C8010E946C840E94A172C701A1
:1024600002C08FEF9FEFCA5BDD4F0FB6F894DEBF5F
:102470000FBECDBFDF91CF911F910F91FF90EF90D5
:10248000DF90CF90BF90AF909F908F907F906F9094
:102490005F904F9008953F924F925F926F927F921C
:1024A0008F929F92AF92BF92CF92DF92EF92FF9264
:1024B0000F931F93CF93DF938330910508F07EC075
:1024C000A2E3B2E08A9FF0018B9FF00D9A9FF00D7E
:1024D0001124E451F04F3081303109F06FC0FB011D
:1024E00077FF02C0E150FE4F322E2A01EB017C0142
:1024F0006F2E65947F2E770C77084A01C12CD12C62
:10250000A12CB12CA614B7041CF5C12CD12C81E050
:1025100090E0009731F42FEFA21AB20A8EEF981ACA
:10252000F1CF23E0C216D104B4F721E0231588F3DC
:102530008601232DA40160E072E0C70198DE0196B8
:1025400021F48FEFC81AD80AE2CF80E090E0E1CF03
:1025500077FE02C0612C712C83E0C816D10419F4F7
:10256000C7017ED82BC0CE019170892B11F4CE010A
:1025700027C0762C6624770C460C571CCE0160E0F1
:1025800072E00E94EBF56C01A12CB12C83E0A8163F
:10259000B1047CF421E02315C8F38501232DA201A9
:1025A000B601C70164DE019621F48FEFA81AB80ABC
:1025B000EDCF23E0A216B104D1F6D2CF8FEF9FEF7B
:1025C000DF91CF911F910F91FF90EF90DF90CF900F
:1025D000BF90AF909F908F907F906F905F904F9043
:1025E0003F9008958F929F92AF92BF92CF92DF92C9
:1025F000EF92FF920F931F93CF93DF93CDB7DEB788
:10260000C654D1090FB6F894DEBF0FBECDBF6C0122
:102610007B015A0183E0C816D10408F06DC082E343
:1026200092E0C89E8001C99E100DD89E100D112405
:102630000451104FF80180A591A50E946B65009789
:1026400009F45CC00E947A72F80180A591A50E94ED
:102650006B65F801E816F9063CF480A591A5A50183
:10266000B7010E943F661BC080A591A50E946B65C3
:102670007C014501085D1F4FC4018A199B098E1515
:102680009F054CF4F801808191810E94BB66F401A2
:1026900081934F01F1CFF7FE02C0E12CF12C82E3D0
:1026A00092E0C89E8001C99E100DD89E100D112485
:1026B0000451104FF80180818031D1F480A591A59B
:1026C0000E946B658F3F910509F094F4F80180A595
:1026D00091A50E946B6520E032E0281B390B8E012A
:1026E0000F5F1F4F40E050E060E1C6010E94C788C5
:1026F0000E94A172C70102C08FEF9FEFCA5BDF4F3C
:102700000FB6F894DEBF0FBECDBFDF91CF911F9102
:102710000F91FF90EF90DF90CF90BF90AF909F9080
:102720008F9008958330910578F422E332E0829F00
:10273000F001839FF00D929FF00D1124E451F04FB2
:1027400080A591A50C946B658FEF9FEF0895DF92A4
:10275000EF92FF920F931F93CF93DF93CDB7DEB726
:10276000C654D1090FB6F894DEBF0FBECDBF83307B
:10277000910510F080E03AC07C0182E392E0E89E8F
:102780008001E99E100DF89E100D11240451104F88
:10279000F80180A591A50E946B65892B59F30E94D1
:1027A0007A72F80180A591A50E94BB66D82EF80127
:1027B00080818031C1F480A591A50E946B65892B31
:1027C00091F4F80180A591A50E946B6520E032E0AC
:1027D000281B390B8E010F5F1F4F40E050E060E176
:1027E000C7010E94C7880E94A1728D2DCA5BDF4F6E
:1027F0000FB6F894DEBF0FBECDBFDF91CF911F9112
:102800000F91FF90EF90DF9008958F929F92AF927B
:10281000BF92CF92DF92EF92FF920F931F93CF93CD
:10282000DF93CDB7DEB7C955D1090FB6F894DEBF37
:102830000FBECDBF4B015C018A010E94AF876C01C6
:10284000019619F48FEF9FEF36C18091130190919B
:102850001401A0911501B0911601409117015091FA
:1028600018016091190170911A01482559256A25AE
:102870007B25482359236A237B23452B462B472B53
:1028800009F04AC080959095A095B095B501A40136
:10289000482359236A237B2384179507A607B70784
:1028A00069F582E392E0C89EF001C99EF00DD89EC2
:1028B000F00D1124E451F04F8FEF82A383A384A382
:1028C00085A386A387A30E947A72CE01895B9F4F5E
:1028D0000E94798482E392E0C89EF001C99EF00DC7
:1028E000D89EF00D1124E451F04F81E08083809157
:1028F000F4059091F50562E372E039C082E392E05D
:10290000C89EA001C99E500DD89E500D1124425F53
:102910005F4EC501B40113C082E392E0C89EA001DE
:10292000C99E500DD89E500D1124425F5F4E60919C
:102930000F017091100180911101909112010E947C
:10294000516C019709F0BFCF7DCF20E030E140E02E
:1029500050E0469FF001479FF00D569FF00D112467
:10296000E451F04F828193812817390749F49C0183
:10297000305121155EEE350740F72F5F3F4EE7CF10
:10298000848195812817390791F34F5F5F4F43305A
:102990005105F9F63093F5052093F40542E352E032
:1029A000C49EC001C59E900DD49E900D1124AC0113
:1029B0004451504F7A01FA013583248313830283F3
:1029C00086829782A086B18687E899EAABECBDEE55
:1029D00082879387A487B58716861786108A118AFF
:1029E00011828EE190E0978B868B80A591A50E9445
:1029F000F066F701138A128A158A148A118E108ED6
:102A000080A591A50E946B6520E032E0281B390B60
:102A10008E010F5F1F4F40E050E062E0C6010E9450
:102A2000C7880E94A1720E940C848C01019609F44F
:102A300009CF41E064EF71E0C8010E9430840E9438
:102A40007A72F70180818031A1F4C8010E9451841B
:102A5000892B79F0C8010E946C848E010F5F1F4F93
:102A600020E032E040E050E060E1C6010E94C7880B
:102A70001FC0C8010E945184892BB9F482E392E0FF
:102A8000C89EF001C99EF00DD89EF00D1124E451AE
:102A9000F04F178A168A1082118E108EC8010E947C
:102AA0006C84CC24CA94DC2C03C00E94A172C7CFD2
:102AB0000E94A172C601C75ADF4F0FB6F894DEBF5D
:102AC0000FBECDBFDF91CF911F910F91FF90EF907F
:102AD000DF90CF90BF90AF909F908F900895CF934D
:102AE000DF93109268008BB38BBB10926E0085B39E
:102AF00085BB10926F0086B386BB1092700087B3BF
:102B000087BB1092C100E0ECF0E0808180831092DE
:102B1000C900E8ECF0E08081808380E88093BC000D
:102B20001CBC78940E94246580E090E00E9486504E
:102B30000E948A7A60E070E081E00E94ED7A84EE83
:102B400090E69F938F930E9433F88FED90E69F93CA
:102B50008F930E9433F8C0EFD0E6DF93CF930E94AB
:102B600033F888ED90E69F938F930E9433F8DF93BC
:102B7000CF930E9433F80E94A08682ED90E69F9347
:102B80008F930E9433F8DF93CF930E9433F80E9413
:102B90008F8289EC90E69F938F930E9433F8DF93A6
:102BA000CF930E9433F80E94C06A82EC90E69F9314
:102BB0008F930E9433F8DF93CF930E9433F80E94E3
:102BC0006D4D8BEB90E69F938F930E9433F8DF93CC
:102BD000CF930E9433F80E94787B84EB90E69F931A
:102BE0008F930E9433F8DF93CF930E9433F88DB711
:102BF0009EB74E960FB6F8949EBF0FBE8DBFDF9165
:102C0000CF91089580916E00887F80936E008091AF
:102C10006F00897F80936F008091C1008F718093D6
:102C2000C1008091C9008F718093C9008091BC0060
:102C30008A7F8093BC000FB6F894A89580916000BD
:102C4000886180936000109260000FBE9CE088E174
:102C50000FB6F894A895809360000FBE9093600023
:102C6000FFCF9091C6189A5081E09A3008F080E02A
:102C70000895CF93DF93282FD091C6188FEF8D0F33
:102C8000893030F42223F1F081E0D217E0F41AC049
:102C9000C22FE7DF882369F0CC23A1F04D2F50E04D
:102CA000495051092C2F30E081E0241735075CF0A2
:102CB00009C09BEE9D0F993038F4C53118F081E0C2
:102CC000DC1708F480E08170DF91CF9108950F93B5
:102CD0001F93CF939091C718911102C081E034C027
:102CE000811104C0909113069111F8CFC82F07EC01
:102CF00018E18091C718882389F380E090E00E9452
:102D0000BF50049724F0C111F4CF80E01DC0609142
:102D1000C71880E090E00E94945081E09091C7181D
:102D20009A3009F080E080931406F80101900020A9
:102D3000E9F73197AF01475C584168EC78E187ECDF
:102D400098E10E9431F7D5CFCF911F910F9108954F
:102D50001F93CF93DF93CDB7DEB763970FB6F89489
:102D6000DEBF0FBECDBF20911206211102C010920E
:102D7000130610929D18009709F463C0813022E079
:102D800092070CF05EC02091C718222351F0E7ECA7
:102D9000F8E101900020E9F7329711E020812A3014
:102DA00009F010E01170A7ECB8E1FD0101900020DE
:102DB000E9F73197E75CF841E80FF91FCF01419639
:102DC0008115944060F4111105C080911406882388
:102DD00059F00CC0E35BFF4FE115F440B0F381E024
:102DE00076DF8111F2CF2EC0112349F1CE01019679
:102DF0000E9479841FB7F89459814A813B812C81C4
:102E0000E7ECF8E101900020E9F71F925F931F9231
:102E10004F931F923F931F922F9327E031E63F93EA
:102E20002F93CF0101979F938F930E945AF810928E
:102E300014061FBF0FB6F894DEBF0FBECDBF81E0F2
:102E400001C080E063960FB6F894DEBF0FBECDBF21
:102E5000DF91CF911F91089580919D18882311F0E3
:102E600081E035CF81E080939D1808951F93CF9323
:102E7000DF930097A1F0EC01FC0101900020E9F73D
:102E8000CF0101978C1B9D0B63DF882341F01FB797
:102E9000F894BE0187EC98E10E947AF71FBFDF919A
:102EA000CF911F910895CF93C82F81E090E050DF1C
:102EB000882359F08FB7F894E7ECF8E101900020EF
:102EC000E9F73197C08311828FBFCF9108951F9387
:102ED000CF93DF93009771F0EC010E94CEF638DFBC
:102EE000882341F01FB7F894BE0187EC98E10E9457
:102EF000A8F61FBFDF91CF911F910895DF92EF9247
:102F0000FF920F931F93CF93DF93009739F1E72E32
:102F1000F62E052F142FEC010E94CEF60A9618DF2C
:102F20008823E1F0DFB6F894E7ECF8E101900020A7
:102F3000E9F7EF92FF920F931F93DF93CF93CF01A7
:102F400001979F938F930E945AF8DFBE8DB79EB76B
:102F500008960FB6F8949EBF0FBE8DBFDF91CF913C
:102F60001F910F91FF90EF90DF900895CF92DF9225
:102F7000EF92FF92CF936B017C018FE090E0E8DE4F
:102F8000882371F0CFB7F8944EEF55E0C701B60132
:102F90000E948274BC0187EC98E10E947AF7CFBF4F
:102FA000CF91FF90EF90DF90CF9008950F931F93F4
:102FB000CF938C0181E190E0CBDE882369F0CFB71D
:102FC000F8946EEF75E0C8010E948A6DBC0187EC31
:102FD00098E10E947AF7CFBFCF911F910F9108958A
:102FE000CF92DF92EF92FF920F931F93CF93DF93D5
:102FF000EC017C01E60EF71EFC0100E010E0EE158E
:10300000FF0539F0819180528F35C8F70F5F1F4F50
:10301000F6CF6B01D694C794C016D10678F4C801D8
:103020009695879596958795800F911F601B710BDC
:103030009B01220F331F620F731F03C0CB01880F48
:10304000991F860F971F84DE80E0CE15DF05F9F00B
:10305000C016D10670F4988190529F3550F48111BA
:1030600004C080E220DF87E21EDF88811CDF81E070
:103070000CC0882311F087E216DF488150E060E041
:1030800070E081E091E63ADF80E02196DECF882390
:1030900051F087E2DF91CF911F910F91FF90EF9058
:1030A000DF90CF9000CFDF91CF911F910F91FF90D4
:1030B000EF90DF90CF90089581E009DE81E080936A
:1030C000130610921206089580911306809312063B
:1030D0000895109212060895109213061092120687
:1030E000089580911306882329F01092C71881E073
:1030F0008093140681E080931306109212060895BF
:1031000085E1B7DD811104C083E6B3DD882321F0BA
:1031100060E070E080E003C060E070E081E00C946B
:10312000ED7ACF93C1E0C093C618C0939B1810925C
:10313000C71810929E18C0939D1810929C1863E0B7
:103140008CE297E90E94D483C09314061092130670
:1031500010921206CF9108958F929F92AF92BF92D4
:10316000CF92DF92EF92FF92FC0180809180A2804B
:10317000B380FB01C080D180E280F380F0E0811455
:1031800081EE980685EFA80685E0B80650F4AAE01F
:10319000B0E0A50194010E9445F64B015C01FF5F80
:1031A000EECFE0E0C11481EED80685EFE80685E0B9
:1031B000F80650F4AAE0B0E0A70196010E9445F697
:1031C0006B017C01EF5FEECF8C149D04AE04BF0455
:1031D00070F08C149D04AE04BF0439F4EF1738F07E
:1031E00081E0FE1305C080E003C081E001C08FEFE5
:1031F000FF90EF90DF90CF90BF90AF909F908F9017
:103200000895FC013496DF010D900020E9F7119735
:103210009D012E1B3F0BDC019E96EC914E2F50E042
:103220004730510588F5FA01EA5BFF4F0C9420F610
:103230008DE01BC0DC019F96FD0101900020E9F7A5
:103240003197EA1BFB0B2F5E1CC084E10EC086E1A8
:103250000CC0DC019F96FD0101900020E9F7319739
:10326000EA1BFB0B205F0DC083E1820F0895DC0198
:103270009F96FD0101900020E9F73197EA1BFB0BB7
:10328000225F822F8E0F08958FEF08950F931F9363
:10329000FC013896DF010D900020E9F71197AE1B75
:1032A000BF0BA80FB91F19960D911D912D913C913F
:1032B0001C97DB011896FD0101900020E9F731977A
:1032C000EA1BFB0BE60FF71F41855285638574856A
:1032D000041715072607370740F081E00417150784
:1032E0002607370719F480E001C08FEF1F910F9177
:1032F00008954F925F926F927F928F929F92AF92BA
:10330000BF92CF92DF92EF92FF920F931F93CF93D2
:10331000DF93CDB7DEB763970FB6F894DEBF0FBE6D
:10332000CDBF7C015B01442EDB014D915D916D9120
:103330007C91FC0180819181A281B381F501808320
:103340009183A283B383481759076A077B0759F40F
:10335000C70157DF55245394D50114969C919813B7
:1033600004C0512C02C055245394C7014ADFF50113
:103370008483D7019C968D919C919D97511008C094
:1033800055245394258136812817390709F4512C87
:10339000F50196838583D7019E968C91511006C0C6
:1033A000552453949781981301C0512CF5018783BC
:1033B0004501F8E08F0E911CC70104966C01511075
:1033C00009C0BC01C4010E9490F755245394892B75
:1033D00009F4512CB601C4010E9499F7F60101903D
:1033E0000020E9F78F010C191D09080D191DD701DF
:1033F000A05ABF4F3D01511012C055245394F801FB
:1034000040815181628173818D919D910D90BC911C
:10341000A02D481759076A077B0709F4512CF301BF
:1034200080819181A281B381F80181939193A193CD
:10343000B1936F01D7019E96EC918E2F90E087306B
:10344000910508F040C1FC01E35BFF4F0C9420F6AE
:10345000F701BF964F01511009C0BF01C6010E947C
:1034600090F755245394892B09F4512CB401C601CB
:103470000E9499F7F40101900020E9F7E819F90991
:10348000EC0DFD1DD701A55ABF4F51100BC055249F
:103490005394208131818D919C9111972817390780
:1034A00009F4512C8D919C9191838083D701A35A6B
:1034B000BF4F511007C05524539492818C9198139B
:1034C00001C0512C8C9182836F0183E0C80ED11C06
:1034D00002C1F701E95AFF4F511013C0552453940C
:1034E000D80114964D915D916D917C9117978081D3
:1034F0009181A281B381481759076A077B0709F4B4
:10350000512C80819181A281B381F80184839583BC
:10351000A683B783F701E55AFF4F51100DC055241C
:103520005394D80118962D913C91199780819181DF
:103530002817390709F4512C80819181F80191876E
:103540008087F701E35AFF4F511009C05524539467
:10355000D8011A969C918081981301C0512C8081CA
:10356000F8018287D7019E968C91853029F06801F9
:10357000BBE0CB0ED11CAFC0F701E25AFF4F511098
:103580000DC055245394D8011B962D913C911C9746
:10359000808191812817390709F4512C808191810C
:1035A000F801948783876801FDE0CF0ED11C93C09A
:1035B000C7018F964C01511009C0BC01C6010E9481
:1035C00090F755245394892B09F4512CB401C6016A
:1035D0000E9499F7F40101900020E9F7CF018819C2
:1035E0009909D601A80FB91FF701E55AFF4F5110ED
:1035F0000BC0552453942D913C911197808191815A
:103600002817390709F4512C808191818D939D935E
:103610006D0161C0F701E95AFF4F511013C05524E5
:103620005394D80114964D915D916D917C911797AB
:1036300080819181A281B381481759076A077B076E
:1036400009F4512C80819181A281B381F801848396
:103650009583A683B783F701E55AFF4F51100DC03C
:1036600055245394D80118962D913C911997808137
:1036700091812817390709F4512C80819181F80133
:10368000918780876801FAE0CF0ED11C24C0C70162
:103690008F964C01511009C0BC01C6010E9490F7E1
:1036A00055245394892B09F4512CB401C6010E946E
:1036B00099F7F40101900020E9F7CF0188199909E1
:1036C000C80ED91E08C0F80131971082D7019E9606
:1036D0001C9255245394C70194DD90E0CA18DB086E
:1036E000C816D906E9F75520C1F04420B1F0CE0143
:1036F00001960E9479848F859889A989BA89F301F6
:1037000080839183A283B3838F859889A989BA899D
:10371000F80180839183A283B383852D63960FB6CE
:10372000F894DEBF0FBECDBFDF91CF911F910F91F7
:10373000FF90EF90DF90CF90BF90AF909F908F90D1
:103740007F906F905F904F900895EF92FF920F934C
:103750001F93CF93DF931F92CDB7DEB7F82E00E112
:1037600017E2EE24E394E9820E94CD63811105C043
:103770000E945A648FEF9FEF16C040E0BE016F5F5A
:103780007F4F8F2D0E94A264882391F3898181113C
:1037900008C00E9409640150110929F780E090E0F7
:1037A00002C081E090E00F90DF91CF911F910F91C7
:1037B000FF90EF900895685F7F4F08960C9442F752
:1037C0000895CF93DF93EFB7F89480911806909106
:1037D0001906A0911A06B0911B0627EB82272DE14E
:1037E000922721ECA22724E0B227880F991FAA1F55
:1037F000BB1F811D2091160630911706E901C05CA0
:10380000DA4D488150E0BC016F70772702C0440F49
:10381000551F6A95E2F7052E000C660B770B84277F
:103820009527A627B7278093180690931906A0938B
:103830001A06B0931B062F5F3F4F30931706209355
:103840001606EFBF80E0DF91CF91089524E6FC01DA
:1038500011922A95E9F70895EF92FF920F931F9323
:10386000CF93DF93EC018B01F1DFF801808191812F
:10387000A281B38188839983AA83BB838581968142
:103880009DA78CA787818EA7085F1F4F7E01F4E05C
:10389000EF0EF11CB801C7010E9499F7D7010D90F6
:1038A0000020E9F7AE19BF09A00FB11FFD0141913A
:1038B0005191619171918F01FE01E05AFF4F408358
:1038C000518362837383CE01825A9F4FFC01118220
:1038D00010822EA5422F50E04730510508F080C0DD
:1038E000FA01EC5AFF4F0C9420F67E01FFE2EF0E36
:1038F000F11CB801C7010E9499F7F701019000205F
:10390000E9F7EE19FF09E00FF11F80819181DE01D7
:10391000A55ABF4F8D939C938281C35ADF4F8883F2
:1039200060C014964D915D916D917C911797FE0149
:10393000E95AFF4F408351836283738318964D91F8
:103940005C9119973496518340831A963C911A974B
:10395000C35ADF4F3883253009F043C01B962D91A1
:103960003C911C97FC01318320833BC07E01FFE228
:10397000EF0EF11CB801C7010E9499F7F701019001
:103980000020E9F73197EE19FF09E00FF11F81815F
:103990009281FE01E55AFF4F12C014964D915D9140
:1039A0006D917C911797FE01E95AFF4F4083518337
:1039B0006283738318968D919C91199734969183A5
:1039C00080830AC0B801CE018F960E9499F7FE014C
:1039D000E55AFF4F11821082C35ADF4F188201C08F
:1039E0001EA6DF91CF911F910F91FF90EF90089548
:1039F0003F924F925F926F927F928F929F92AF927F
:103A0000BF92CF92DF92EF92FF920F931F93CF93CB
:103A1000DF93CDB7DEB7C456D1090FB6F894DEBF39
:103A20000FBECDBF10921C0620E038E05901A81A45
:103A3000B90A30E4832E35E2932E332433948091F7
:103A40003E2590913F258A159B0508F459C000E05A
:103A500010E020E4E22E25E2F22E9C01205C3A4D9B
:103A60006901EC14FD0408F5B701CE010196F4DEFE
:103A70008DA580FD15C00115110559F0A5968CADD9
:103A80009DADAEADBFADA59784159505A605B7054F
:103A900038F4A5964CAC5DAC6EAC7FACA5978701B5
:103AA000F7018481E80EF11CDCCF0115110531F11D
:103AB00082E0DFD8882341F0F801408151816281A2
:103AC000738182E896E61ADAF801648170E0409129
:103AD0003E2550913F25461B570B50933F25409361
:103AE0003E25C401801B910B480F591F600F711FA9
:103AF000C8010E9431F730921C06A1CF80E001C0BE
:103B000081E0CC59DF4F0FB6F894DEBF0FBECDBFBA
:103B1000DF91CF911F910F91FF90EF90DF90CF90A9
:103B2000BF90AF909F908F907F906F905F904F90DD
:103B30003F9008959F92AF92BF92CF92DF92EF9203
:103B4000FF920F931F93CF93DF936C01962EC0E4E7
:103B5000D5E280913E2590913F25805C9A4DC81713
:103B6000D90708F048C08C817E01E80EF11C8E0157
:103B700080913E2590913F25805C9A4DE816F9068C
:103B800068F4B801C701F601911037C0099587FDA7
:103B90008701F7018481E80EF11CEACFE016F106F7
:103BA00031F1F801E480F12CC70122DF882349F1CB
:103BB00080911C068111CBCF80913E2590913F25AD
:103BC0009C01205C3A4D5901A701B801C9010E942E
:103BD00031F7A8014C1B5D0BBE01CE018E0D9F1D60
:103BE0000E9431F7A701B501CE010E9431F78C8107
:103BF000C80FD11DAECF81E004C00995181644F25C
:103C0000C8CFDF91CF911F910F91FF90EF90DF9080
:103C1000CF90BF90AF909F9008950F931F932091E6
:103C20003E2530913F25A901405C5A4DE0E4F5E284
:103C3000E417F50768F400811181228133810617AA
:103C400017072807390739F02481E20FF11DF0CF5B
:103C500080E090E001C0CF011F910F910895FF9285
:103C60000F931F93CF93DF93F42E8901D6DFEC01DE
:103C7000009779F00115110519F0BC01C801ECDDC0
:103C800081E0F11004C09F81911101C080E081703A
:103C900001C080E0DF91CF911F910F91FF900895B7
:103CA0005F926F927F928F929F92AF92BF92CF92CC
:103CB000DF92EF92FF920F931F93CF93DF93CDB7D5
:103CC000DEB7C456D1090FB6F894DEBF0FBECDBF24
:103CD0005C01562E3C0180E6680E711CF501608186
:103CE00071818281938199DF7C01C5018ADA082F75
:103CF000E114F104E9F410E0C8017ADE811102C098
:103D00008FEF72C041E0511040E060913E2570910C
:103D10003F25605C7A4DC501ECDA80913E2590919B
:103D20003F25080F191F10933F2500933E2554C0CF
:103D3000F1E05F1220C0B701CE0101968DDDA5969E
:103D40004CAD5DAD6EAD7FADA597F30180819181E6
:103D5000A281B38184179507A607B70750F02DA558
:103D600020FD07C0481759076A077B0721F480E048
:103D70003BC082E039C0F701C4800C1579F110E036
:103D8000D12C48018C189D08C40132DE882309F427
:103D9000B7CF80911C068111A1CF60903E25709015
:103DA0003F25A301405C5A4D4E195F094C195D092E
:103DB000B7016C0D7D1DC701800F911F0E9431F767
:103DC000860C971C90923F2580923E2541E0511031
:103DD00040E0B701C5018DDA81E006C041E0511035
:103DE00040E0B701C50185DACC59DF4F0FB6F89432
:103DF000DEBF0FBECDBFDF91CF911F910F91FF901E
:103E0000EF90DF90CF90BF90AF909F908F907F907A
:103E10006F905F90089520E435E2FC0131832083A8
:103E200020913E2530913F25205C3A4D205435426B
:103E300061F058F0DC0112968AE0E0E4F5E20190CE
:103E40000D928A95E1F781E0089580E00895AF92A0
:103E5000BF92CF92DF92EF92FF920F931F93CF9377
:103E6000DF93EC017B016C0182E0C80ED11C80E481
:103E7000A82E85E2B82E6881798100913E251091A7
:103E80003F25005C1A4D6017710740F54AE050E08D
:103E9000C6010E94F5F6892B11F0B982A8826881CB
:103EA0007981C701D9DCE881F9818481E80FF11DAE
:103EB000F983E883E017F10730F48AE0D601019036
:103EC0000D928A95E1F7F70180819181A281B381FA
:103ED000892B8A2B8B2B79F281E001C080E0DF9166
:103EE000CF911F910F91FF90EF90DF90CF90BF90F7
:103EF000AF9008952F923F924F925F926F927F9270
:103F00008F929F92AF92BF92CF92DF92EF92FF92E9
:103F10000F931F93CF93DF93CDB7DEB7CD58D10961
:103F20000FB6F894DEBF0FBECDBF182F062F81E06D
:103F300095E69F938F930E9433F80F900F90809196
:103F4000CE1C612F811102C0002369F080E690E051
:103F50000E94CD629F938F930E9433F80F900F9031
:103F6000011126C00AC081E690E00E94CD629F93B5
:103F70008F930E9433F80F900F9088ED94E69F93F3
:103F80008F930E9433F8612F82E690E00E94CD6209
:103F90009F938F930E9433F88FEC94E69F938F93B7
:103FA0000E9433F80F900F900F900F900F900F908A
:103FB000612F83E690E00E94CD629F938F930E94D1
:103FC00033F8CE01019642DCCE018B599F4F0E94FF
:103FD0007984E7964CAC5DAC6EAC7FACE797CE01D4
:103FE00088589F4F18DF0F900F90882309F4CDC198
:103FF0005E0135E0A30EB11C81E7282E84E6382E41
:104000009DEA892E92E6992E7E0180E3E80EF11C4E
:104010006E0194E8C90ED11C20E8421A2AE3520A24
:1040200029E0620A7108BE016F5F7F4FCE01885898
:104030009F4F0DDF882309F473C18091CE1C81113D
:1040400005C08DA580FF02C0002369F38FA58111F3
:104050000BC0A5968CAD9DADAEADBFADA59784153B
:104060009505A605B705F8F28C818F938B818F9308
:104070008A818F9389818F9321EB34E63F932F932D
:104080000E9433F8BF92AF922EE834E63F932F930D
:104090000E9433F88DA50FB6F894DEBF0FBECDBFDA
:1040A00080FF13C0612F8BE690E00E94CD629F934A
:1040B0008F930E9433F88CE894E69F938F930E942D
:1040C00033F80F900F900F900F908DA581FF13C0C4
:1040D000612F8CE690E00E94CD629F938F930E94A7
:1040E00033F88AE894E69F938F930E9433F80F90F9
:1040F0000F900F900F908FA5853099F4612F8EE669
:1041000090E00E94CD629F938F930E9433F888E8DD
:1041100094E69F938F930E9433F80F900F900F9027
:104120000F903F922F920E9433F80F900F908FA51F
:10413000833009F45CC028F4813059F1823001F1F8
:1041400075C08530E9F008F449C0863009F06EC0CA
:10415000612F82E790E00E94CD629F938F930E942F
:1041600033F8FF92EF9285E693E69F938F930E9438
:1041700033F80F900F900F900F900F900F9069C031
:104180006C966CAD7DAD8EAD9FAD6C97A7010E9416
:1041900082746F968FAD6F97B601880F0E949DCE87
:1041A000612F81E790E00E94CD629F938F930E94E0
:1041B00033F8DF92CF926E968FAD6E978F936D9698
:1041C0008FAD6D978F93FF92EF92FF92EF9287EFF3
:1041D00093E69F938F930E9433F822C06C966CAD48
:1041E0007DAD8EAD9FAD6C97A7010E948274612F4B
:1041F00080E790E00E94CD629F938F930E9433F8F6
:104200006E968FAD6E978F936D968FAD6D978F93E2
:10421000FF92EF9280EB93E69F938F930E9433F887
:104220000FB6F894DEBF0FBECDBF13C0612F8FE66F
:1042300090E00E94CD629F938F930E9433F882E3B7
:1042400093E69F938F930E9433F80F900F900F90F7
:104250000F90A5968CAD9DADAEADBFADA597E79681
:104260008CAF9DAFAEAFBFAFE797CE018B599F4FDD
:104270000E94AE84A7966FADA797A8965FADA8974A
:10428000A9964FADA997AE968EAD9FADAE97AC9661
:104290003FADAC97AB962FADAB971F926F931F922C
:1042A0005F931F924F939F938F931F923F931F9201
:1042B0002F938CEF92E69F938F930E9433F80FB663
:1042C000F894DEBF0FBECDBF002319F18C818F9310
:1042D0008B818F938A818F9389818F9381ED92E671
:1042E0009F938F930E9433F8612F83E790E00E94A1
:1042F000CD629F938F930E9433F882EC92E69F9356
:104300008F930E9433F80FB6F894DEBF0FBECDBF77
:104310008ACE9F928F920E9433F80F900F9083CE97
:10432000002351F188E092E69F938F930E9433F827
:10433000612F84E790E00E94CD629F938F930E944B
:1043400033F881EF91E69F938F930E9433F8612FAA
:1043500084E690E00E94CD629F938F930E9433F891
:1043600089EE91E69F938F930E9433F80FB6F894ED
:10437000DEBF0FBECDBF1CC089ED91E69F938F932A
:104380000E9433F80F900F9013C080ED91E69F9339
:104390008F930E9433F8612F85E690E00E94CD62F2
:1043A0009F938F930E9433F80F900F900F900F9070
:1043B000C357DF4F0FB6F894DEBF0FBECDBFDF91FE
:1043C000CF911F910F91FF90EF90DF90CF90BF9012
:1043D000AF909F908F907F906F905F904F903F90A5
:1043E0002F900895FC018081882351F0CB01BF01FB
:1043F00004960E9455F721E0892B19F420E001C0B2
:1044000021E0822F089520911606309117068091A1
:104410003E2590913F2528173907B0F08091180666
:1044200090911906A0911A06B0911B0640913A2569
:1044300050913B2560913C2570913D2548175907C7
:104440006A077B0729F41DC0BCD9882351F1E6CF48
:1044500080933A2590933B25A0933C25B0933D252E
:1044600082E00E943996882361F040913A2550916C
:104470003B2560913C2570913D258EE396E60E9498
:104480007E978FEE9EEBADEABEED8093180690937B
:104490001906A0931A06B0931B06109217061092E5
:1044A000160608950F931F93CF93DF9300D01F92AA
:1044B000CDB7DEB780EA49D997FF03C08D5E924041
:1044C000B9C040E0BE016D5F7F4F80E00E94A264F2
:1044D000811105C00E945A6488E09DEFABC08B81BA
:1044E0008823C1F340E0BE016D5F7F4F80E00E94F2
:1044F000A264882379F38B81882361F380E00E9492
:104500000964882339F381EA20D997FF03C08150D9
:10451000934090C040E061E0CE0102960E94D464D6
:10452000811105C00E945A6484EF9CEF83C040E073
:1045300061E0CE0101960E94D464882399F3098139
:1045400010E0102F00278A81082B40E061E0CE01A7
:1045500002960E94D464811105C00E945A6487EEBD
:104560009CEF68C040E061E0CE0101960E94D464F7
:10457000882399F3898190E0982F88272A81822BBC
:10458000980147E8242745E43427220F331F821778
:10459000930731F080E00E9409648EED9CEF4AC0E1
:1045A0000115110561F440E060E0CE0102960E9421
:1045B000D46480E00E94096480E090E03BC01093E6
:1045C0003F2500933E2500E415E2C8018054954242
:1045D00020913E2530913F252150310940E082173E
:1045E000930788F461E0C8010E94D4640F5F1F4FF5
:1045F0008111EBCF0E945A6410923F2510923E2504
:1046000084EC9CEF17C060E0805C9A4D0E94D464FB
:10461000811109C00E945A6410923F2510923E25D4
:1046200089EB9CEF07C080E00E94096480913E25E1
:1046300090913F250F900F900F90DF91CF911F9198
:104640000F9108958F929F92AF92BF92CF92DF9277
:10465000EF92FF920F931F93CF93DF93CDB7DEB707
:10466000C556D1090FB6F894DEBF0FBECDBF80EAA4
:104670006CD897FF03C0875693406AC140E0BE01E3
:104680006B597F4F80E00E94A264811105C00E9497
:104690005A648AE89CEF5CC1A6968FADA6978823E2
:1046A000B1F340E0BE016B597F4F80E00E94A264ED
:1046B000882369F3A6968FADA697882341F340E03F
:1046C000BE016B597F4F80E00E94A2648823F9F2FB
:1046D000A6968FADA6978823D1F240E0BE016B5914
:1046E0007F4F80E00E94A264882389F2A6968FAD56
:1046F000A697882361F240E0BE016B597F4F8FEF90
:104700000E94A264882319F2A6968FADA6978823EB
:1047100009F4BDCF40E0BE016B597F4F8FEF0E947F
:10472000A264882309F4B3CFA6968FADA6978823F9
:1047300009F4ADCFBB24B394E12CF12C04E010E0DC
:1047400080913E2590913F25E816F90608F07BC040
:10475000C701805C9A4D6C01BC01CE0101967CD8EA
:1047600089819A81AB81BC81892B8A2B8B2B09F49F
:1047700063C08FA5882309F45FC0CE0101960E9413
:104780000199A82E4701801A910A7401E00EF11ECA
:10479000AA20B1F2B11029C080EA0E94A59B97FF20
:1047A00003C08B589340D4C040E0BE016B597F4F8B
:1047B000812F0E94A264811105C00E945A648AE67A
:1047C0009CEFC6C0A6968FADA6978823B1F340E0B4
:1047D000BE016B597F4F802F0E94A264882369F32A
:1047E000A6968FADA697882341F340E0BE016B5992
:1047F0007F4FF60181916F010E94A264811105C073
:104800000E945A648DE59CEFA3C00F5F1F4FC80143
:104810008F739927892B51F480E00E9409648111DC
:1048200008C00E945A648FE49CEF92C0BB24B394EA
:1048300001C0B12CAA94A9CFCE0101960E94019982
:10484000E80EF11C7DCFBB2051F080E00E9409648E
:10485000811105C00E945A648AE39CEF79C080EA06
:104860000E94A59B97FF03C0875D934071C040E005
:10487000BE016B597F4F80E00E94A264811105C088
:104880000E945A648BE19CEF63C0A6968FADA697F9
:104890008823B1F340E0BE016B597F4F80E00E9456
:1048A000A264882369F3A6968FADA697882341F367
:1048B0000450110940E0BE016B597F4F802F0E94C8
:1048C000A2648823E9F2A6968FADA6978823C1F249
:1048D00040E0BE016B597F4F812F0E94A264882364
:1048E00079F2A6968FADA697882351F27801F7E862
:1048F000EF26F5E4FF26EE0CFF1C40E0BE016B59ED
:104900007F4F8E2D0E94A264882309F4B9CFA6960A
:104910008FADA697882309F4B3CF40E0BE016B5951
:104920007F4F8F2D0E94A264882309F4A9CFA696F9
:104930008FADA697882309F4A3CF80E00E94096475
:10494000811105C00E945A6482E19CEF01C0C80138
:10495000CB59DF4F0FB6F894DEBF0FBECDBFDF914E
:10496000CF911F910F91FF90EF90DF90CF90BF906C
:10497000AF909F908F9008952F923F924F925F92A9
:104980006F927F928F929F92AF92BF92CF92DF925F
:10499000EF92FF920F931F93CF93DF93CDB7DEB7C4
:1049A000C657D1090FB6F894DEBF0FBECDBF8C013C
:1049B00065E176E00E94E9CA78012AEFE21A2DEF5C
:1049C000F20AF70180819181892B29F48091CE1C14
:1049D000811111C007C069E376E6C8010E947F7D9E
:1049E000892BA1F741E060911506C8010E94F5C925
:1049F000882309F4DEC50E94467FF70180819181FA
:104A0000892B09F459C06EE276E6C8010E947F7DC9
:104A1000892B09F051C069E376E6C8010E947F7DC9
:104A2000892B09F454C06BE276E6C8010E947F7DB1
:104A3000FF24F394892B09F4F12C69E376E6C8018D
:104A40000E944B7D8D5E9E4FFC01EE0FFF1FE00F1D
:104A5000F11FC080D18064E276E6C6010E94BEF6F6
:104A6000892B21F46F2D8CEA98E915C06FE176E669
:104A7000C6010E94BEF6892B21F46F2D8BED9BE9B8
:104A80000AC069E176E6C6010E94BEF6892B59F498
:104A90006F2D86E499E94ED881110EC060911506FC
:104AA0008FE190E07CC46091150686E890E00E945A
:104AB000CD620E5F1F4FD4C440E060911506C8015F
:104AC0000E94F5C9682F8091150614DA39C564E192
:104AD00076E6C8010E947F7D892B09F429C164E133
:104AE00076E6C8010E944B7D8D5E9E4F880F991F10
:104AF000F801E80FF91F808191810E946CF66983AB
:104B00007A838B839C83611571058105910591F4EE
:104B10001D8218AA81E08FA786E890E06E969FAF6D
:104B20008EAF6E976F961FAE6F9781E090E09EA755
:104B30008DA707C09E012F5F3F4F41E090D888238B
:104B400039F381E096E60E94E350C980DA80EB8079
:104B5000FC806091150686E690E00E94CD62970188
:104B600086014AE050E064E276E60E9427518C819B
:104B70008F938B818F938A818F9389818F938EEC12
:104B800095E69F938F930E9433F86091150687E610
:104B900090E00E94CD629E012B5F3F4F47E250E0C4
:104BA0006FE176E60E944E511DA5117060911506C9
:104BB0008BE690E00E94CD62412F68EC75E60E9482
:104BC0006F514DA55EA556954795142F11706091B4
:104BD00015068CE690E00E94CD62412F63EC75E6ED
:104BE0000E946F51609115068FE690E00E94CD62A1
:104BF000E1969FAF8EAFE1976091150681E790E057
:104C00000E94CD62E3969FAF8EAFE3976091150649
:104C100080E790E00E94CD62E5969FAF8EAFE5976A
:104C20006091150682E790E00E94CD62E7969FAF03
:104C30008EAFE797EFA5E1500F900F900F900F9078
:104C40000F900F90E63028F4F0E0E452FE4F008120
:104C500001C000E0609115068DE690E00E94CD62F3
:104C60009E0121593F4F44E06EEB75E60E948E5144
:104C70008FA5823019F08450823058F46C966CAD58
:104C80007DAD8EAD9FAD6C97AE01405D5F4F0E94D4
:104C900082746091150688E690E00E94CD629E01C4
:104CA000205D3F4F47E250E066EB75E60E944E51B3
:104CB0006E96CEACDFAC6E97E12CF12C60911506B0
:104CC00089E690E00E94CD629701860145E050E0C0
:104CD00061EB75E60E9427516F968FAD6F97BE010D
:104CE0006B597F4F880F0E949DCE609115068AE612
:104CF00090E00E94CD629E012B593F4F42E050E070
:104D000067EA75E60E944E5189819A81AB81BC8128
:104D100060911506892B8A2B8B2B19F484E790E080
:104D200002C083E790E00E94CD620E940F52FCC354
:104D300064E276E6C8010E947F7D892B09F438C3BE
:104D40006DE975E6C8010E944B7D8D5E9E4FFC01AA
:104D5000EE0FFF1FE00FF11F808191810E946CF622
:104D60004B015C0164E276E6C8010E944B7D8D5EDA
:104D70009E4FFC01EE0FFF1FE00FF11F808191811C
:104D80000E946CF66B017C016EEB75E6C8010E9417
:104D90004B7D8D5E9E4FFC01EE0FFF1FE00FF11F5C
:104DA000808191810E944FF6782EC114D104E104D4
:104DB000F10431F41FA6A1961FAE1EAEA1970AC042
:104DC0009E012F5F3F4F41E0C701B6010E942F9E19
:104DD000882381F3C982DA82EB82FC826FE176E676
:104DE000C8010E944B7D8D5E9E4FFC01EE0FFF1FA0
:104DF000E00FF11F608171816E01F5E0CF0ED11CD3
:104E000047E250E0C6010E94B0F71EA61DA666EB61
:104E100075E6C8010E944B7D8D5E9E4FFC01EE0F32
:104E2000FF1FE00FF11F608171817E0120E3E20E20
:104E3000F11C47E250E0C7010E94B0F768961FAE30
:104E4000689729803A804B805C8060911506211418
:104E500031044104510461F485E790E00E94CD6281
:104E60009F938F930E9433F80F900F90D12C60C0C6
:104E700086E790E00E94CD625F924F923F922F9220
:104E80009F938F930E9433F80F900F900F900F9085
:104E90000F900F9081149104A104B10469F4609102
:104EA000150684E790E00E94CD629F938F930E9445
:104EB00033F80F900F901DC089819A81AB81BC811E
:104EC00088169906AA06BB06A1F06091150687E729
:104ED00090E00E94CD62BF92AF929F928F929F937B
:104EE0008F930E9433F80F900F900F900F900F90B8
:104EF0000F9088E995E69F938F930E9433F8609115
:104F0000150687E690E00E94CD629F938F930E94E2
:104F100033F8DF92CF928FE895E69F938F930E94AC
:104F200033F80FB6F894DEBF0FBECDBFDD24D394A7
:104F300068EC75E6C8010E947F7D892BB9F068ECAA
:104F400075E6C8010E944B7D8D5E9E4FFC01EE0F01
:104F5000FF1FE00FF11F808191810E944FF6892B86
:104F600029F08DA59EA581609EA78DA78DA580FFA8
:104F700014C0609115068BE690E00E94CD629F936D
:104F80008F930E9433F88AE895E69F938F930E944F
:104F900033F80F900F900F900F9063EC75E6C801F7
:104FA0000E947F7D892BB9F063EC75E6C8010E94F1
:104FB0004B7D8D5E9E4FFC01EE0FFF1FE00FF11F3A
:104FC000808191810E944FF6892B29F08DA59EA5A5
:104FD00082609EA78DA78DA581FF14C060911506E4
:104FE0008CE690E00E94CD629F938F930E9433F8ED
:104FF00085E895E69F938F930E9433F80F900F906A
:105000000F900F9088A9882311F0711016C01FA669
:10501000609115068FE690E00E94CD629F938F937A
:105020000E9433F880E895E69F938F930E9433F8AF
:105030000F900F900F900F9083C1C7010E941674BC
:105040006C966CAF7DAF8EAF9FAF6C97E1E07E1238
:10505000C8C0611571058105910581F47FA6609135
:10506000150681E790E00E94CD629F938F930E9486
:1050700033F86091150688E790E01FC02FA5253012
:1050800049F449805A806B807C8084149504A6047E
:10509000B70411F022E02FA7A7010E94827460914B
:1050A000150681E790E00E94CD629F938F930E9446
:1050B00033F86091150689E790E00E94CD62FF9277
:1050C000EF929F938F930E9433F80F900F900F9061
:1050D0000F900F900F9061EB75E6C8010E944B7D19
:1050E0008D5E9E4FFC01EE0FFF1FE00FF11F8081D0
:1050F00091810E944FF66E969FAF8EAF6E9767EAD2
:1051000075E6C8010E944B7D8D5E9E4F880F991FEA
:10511000F801E80FF91F608171818E010B591F4F53
:1051200042E050E0C8010E94B0F7F801128281818C
:10513000803209F41182F8018081803219F4818172
:1051400080831182F80101900020E9F731977F01F7
:10515000E01AF10AC8010E944FF66E2D0E942759ED
:1051600086958E3621F06F968FAF6F9703C06F963E
:105170001FAE6F976F968FAD6F97B801880F0E9423
:105180009DCE6091150689E690E00E94CD629F93C6
:105190008F930E9433F86E968FAD6E978F936D96B6
:1051A0008FAD6D978F938BE795E69F938F930E94BA
:1051B00033F8609115068AE690E00E94CD629F93D5
:1051C0008F930E9433F86F968FAD6F971F928F93D6
:1051D0001F930F938EE695E69F938F930E9433F86B
:1051E0009EC0E2E07E126DC06115710581059105DA
:1051F00089F483E08FA76091150680E790E00E9414
:10520000CD629F938F930E9433F86091150688E7D3
:1052100090E013C024E02FA7A7010E948274609140
:10522000150680E790E00E94CD629F938F930E94C5
:1052300033F86091150689E790E00E94CD62FF92F5
:10524000EF929F938F930E9433F80F900F900F90DF
:105250000F900F900F9061EB75E6C8010E944B7D97
:105260008D5E9E4F880F991FF801E80FF91F80810E
:1052700091810E944FF66E969FAF8EAF6E976F969C
:105280001FAE6F976091150689E690E00E94CD628F
:105290009F938F930E9433F86E968FAD6E978F9386
:1052A0006D968FAD6D978F9386E695E69F938F935E
:1052B0000E9433F80F900F900F900F900F900F9067
:1052C0003FC0F3E0609115067F122FC082E790E0A7
:1052D0000E94CD629F938F930E9433F883E695E6F8
:1052E0009F938F930E9433F86091150688E690E0B3
:1052F0000E94CD629F938F930E9433F8FF92EF92AA
:105300008BE595E69F938F930E9433F886E08FA7F5
:105310006E961FAE1EAE6E976F961FAE6F970FB64E
:10532000F894DEBF0FBECDBF0BC08AE790E00E94AD
:10533000CD629F938F930E9433F80F900F90D12CE2
:105340008FA5853099F0A1961FAE1EAEA197DD20E6
:1053500009F4EAC081110DC081149104A104B104C3
:1053600041F4609115068BE790E019C0DD2009F447
:10537000DBC069817A818B819C8186169706A8069D
:10538000B90609F4B3C020E030E040E00E942F9E4F
:10539000882309F4ABC0609115068DE790E00E9468
:1053A000CD629F938F930E9433F80F900F90BCC0F3
:1053B00069E475E6C8010E947F7D892B49F142D9D5
:1053C0008C0197FF07C0F090240E6091150681E8CC
:1053D00090E02FC06091150682E890E00E94CD62B7
:1053E0001F930F939F938F930E9433F860E080EC9C
:1053F00096E60E94C0500F900F900F900F90811171
:1054000093C06AED71E080EC96E60E94C66A8CC09B
:1054100064E475E6C8010E947F7D892B61F142D862
:105420008C0197FF17C0F090240E6091150683E859
:1054300090E00E94CD621F92FF921F930F939F9363
:105440008F930E9433F80F900F900F900F900F9052
:105450000F906AC06091150684E890E00E94CD62CA
:105460001F930F939F938F930E9433F80F900F9089
:105470000F900F9059C06EE375E6C8010E947F7DC2
:1054800060911506892B69F085E890E00E94CD6255
:105490009F938F930E9433F810923F2510923E25E0
:1054A00084CF86E890E00E94CD6298012E5F3F4F46
:1054B0003F932F939F938F930E9433F8F801EA5DF7
:1054C000FD4F81818F9380818F93F70181818F932D
:1054D00080818F9384E295E69F938F930E9433F8A7
:1054E0000FB6F894DEBF0FBECDBF1EC060E0CE0188
:1054F00001960E94509E87FD45C060911506882345
:1055000011F18EE790E00E94CD629F938F930E94ED
:1055100033F80F900F9089819A81AB81BC818816F6
:105520009906AA06BB0691F46091150687E890E0FB
:105530000E94CD629F938F930E9433F80F900F903B
:105540000E944F7F36C08FE790E0DDCF8114910439
:10555000A104B10449F389829A82AB82BC821FA65E
:1055600060E0CE0101960E94509E87FFDDCF6091E2
:10557000150680E890E00E94CD62BF92AF929F92A4
:105580008F925DCF87E595E69F938F930E9433F8C6
:105590006091150689E890E00E94CD629F938F93F9
:1055A0000E9433F88EE495E69F938F930E9433F820
:1055B0004ACFCA58DF4F0FB6F894DEBF0FBECDBF3B
:1055C000DF91CF911F910F91FF90EF90DF90CF90DF
:1055D000BF90AF909F908F907F906F905F904F9013
:1055E0003F902F900895CF93DF930E9411656DEB4C
:1055F00071E68CEB94EA0E94E97E009B6DC0C0913D
:105600003E25D0913F25C13088E0D807A0F58FEE28
:105610009EEBADEABEED8093180690931906A09319
:105620001A06B0931B061092170610921606809168
:105630001606909117068C179D07C0F0409118062A
:105640005091190660911A0670911B0680913A25B7
:1056500090913B25A0913C25B0913D2548175907D5
:105660006A077B0741F48BE791E632C00E94E19B19
:105670008823E9F2E3CF10923F2510923E250E9445
:1056800052A297FF23C0AC01990F660B770B8CE5F4
:1056900091E60E947E974091240E50E060E070E019
:1056A00082E591E60E947E9760E080EC96E60E949B
:1056B000C0508823A9F06091AE2288E890E00E9453
:1056C000CD6261E0DF91CF910C94CCBA8DE191E68F
:1056D000DF91CF910C94679710923F2510923E2551
:1056E000DF91CF910895FC019FB7F89420911D1F81
:1056F00030911E1F318320839FBF0895FC019FB707
:10570000F89440911D1F50911E1F208131819FBF31
:10571000CA01821B930B0895FC019FB7F894209156
:10572000B0223091B122318320839FBF0895FC01C4
:105730009FB7F8944091B0225091B12220813181DD
:105740009FBFCA01821B930B08958091201F9FEF7A
:10575000980F9230C8F08430B9F093EF980F9230E0
:1057600098F0823189F09BEE980F923068F0893181
:1057700059F097ED980F943038F09CEC980F81E039
:10578000923018F080E001C081E08170089590911E
:10579000F006911102C08093F00608958091C81C14
:1057A000882301F18091AF22813039F010F08230EE
:1057B000C9F481E08093C71C15C08093C71C8091F9
:1057C000AB219091AC218E3F21E0920758F4FC016F
:1057D000EF5DF04E23E0208302969093AC218093FE
:1057E000AB2111821092B3221092760A1092750AA0
:1057F000089593EF980F9330A0F099EF980F94309D
:1058000080F0873171F0853061F08B3151F090EE8E
:10581000980F9F3530F091E0803A08F490E0892F9E
:1058200001C081E081700895EF92FF920F931F9362
:10583000CF93DF93109230087C0110E0D0E0C0E0FD
:1058400001E0F70181917F01803348F48E3220F529
:10585000833231F18C3201F18032E1F028C08A3399
:1058600030F5D11103C010ED180F09C0110F912FA1
:10587000990F990F190F1053180FD13009F4DF5FEA
:105880006D2F812F0E942759EC2FF0E0EF5CF74F2E
:10589000808319C0DD23B1F0CF5F10E0D0E013C0EA
:1058A000D1110EC0C11105C000933008CACFD1116B
:1058B00007C0C93058F4EC2FF0E0EF5CF74F1082CE
:1058C000CF5FF7CF10E0C93009F0BBCFDF91CF91A8
:1058D0001F910F91FF90EF9008954091F90650911C
:1058E000FA0660E070E08CEE92E90C947E97CF931C
:1058F000DF93EC01F2DFCE01DF91CF910C9467973B
:105900000F931F93CF938C0182E00E9439968823D6
:1059100051F0E3DFF801408150E060E070E082E8A0
:105920009CE70E947E97F8018081811102C0C1E04E
:1059300041C0C0913008C1111FC09BE9980F993038
:10594000D8F4E82FF0E0E453F84F90819923A1F0C8
:105950009695F801908382E00E943996C82F88239B
:1059600031F3BBDFF801408150E060E070E08DE58D
:105970009CE70E947E971EC0E1E3F8E09191969526
:10598000891314C082E00E943996882351F0A5DF64
:10599000F801408150E060E070E08AE39CE70E94FB
:1059A0007E97C091300881E0C82704C098E0EA33B0
:1059B000F90721F78C2FCF911F910F9108958091B6
:1059C0005008909151089C0136952795820F931F9E
:1059D000803921E0920718F480E991E006C0813E09
:1059E0002EE2920710F080EE9EE290935108809391
:1059F000500881E00E943996882369F08FE399E787
:105A000076DF409150085091510860E070E082E3E9
:105A100099E70E947E9780914D0893E028E28F5F7E
:105A2000833008F080E0289FF0011124E654FB4DFC
:105A30003081311102C0915091F780934D08089543
:105A40000F931F93CF93DF938C010E94CEF6EC014E
:105A5000DD27E091AB21F091AC219F012E5F3F4FFC
:105A6000A9014C0F5D1F463F5140C8F4EF5DF04E59
:105A700094E090833093AC212093AB218183B801D3
:105A8000C9018F5D904E0E94C7F68091AB21909125
:105A9000AC21C80FD91FD093AC21C093AB2181E0BA
:105AA0008093C71CDF91CF911F910F9108951F9391
:105AB000CF93DF93182FCEEDDAE009900020E9F7BD
:105AC0002197CE5DDA40C43581E0D80744F0EC97E9
:105AD000AE016AE17BE08EED9AE00E9431F7C2529E
:105AE000D54F18831982DF91CF911F910895CF93DD
:105AF000DF9300D0CDB7DEB79E012F5F3F4FAE01E1
:105B00004E5F5F4F6AEA71E20E9429568823A9F02E
:105B10006A8185EE9CE10E94A159882341F0698148
:105B20006F3F41F085EE9CE10E94A15905C080E0E5
:105B300090E002C081E090E081700F900F90DF91C3
:105B4000CF910895CF93282F30E0220F331F22509A
:105B500031092B3D3105F8F4C82FCC0F8C2F0E9452
:105B6000955897FD18C087FF02C085FF05C080913A
:105B70003C08823061F40FC0C11121C00CC0CE5F5F
:105B8000CD3D08F0C2E080913E08C8130DC01092D0
:105B9000F20C80E031C080913E08811103C082E0A8
:105BA00080933E08C0913E088C2F0E94955897FD27
:105BB0001DC087FF1BC085FD19C084FD13C0C093A5
:105BC000F20C8091F30C86950E9462580E945958FD
:105BD0009091F50C81E0911180E01092F50C1092FB
:105BE000D80C0AC080913E08C81749F380913C0840
:105BF0008111C5CF1092F20CCF910895CF93DF930E
:105C000060915408709155086115710509F46DC0D3
:105C100080915A0A90915B0A8F3F2FEF920709F407
:105C20004BC020E046E558E00E944B92EC0185E035
:105C30000E9439968823E9F050DE40915408509133
:105C4000550860E070E087E199E70E947E976091D7
:105C500054087091550886E598E00E94F097AE01CF
:105C60000D2E000C660B770B89E099E70E947E975A
:105C700009C084E00E943996882321F0809156085B
:105C80008111DACF8091540890915508C817D9072F
:105C900019F187ED98E72BDE80915A0A90915B0A03
:105CA0000E94308B8FEF9FEF90935B0A80935A0A8C
:105CB00010925C0A84DE10C082E00E94399688232C
:105CC00059F00BDE409154085091550860E070E0A7
:105CD00086E898E70E947E97109255081092540823
:105CE00082E598E0DF91CF9117CDDF91CF910895B4
:105CF000AF92BF92CF92DF92EF92FF920F931F93DA
:105D0000CF93DF93D82F162F072FC42F69011F922F
:105D10008F937F936F93E42EF12C1F924F938EE617
:105D200098E69F938F930E9433F8C00FC10FCD0F59
:105D3000C1958601EC0CFD1C8DB79EB708960FB679
:105D4000F8949EBF0FBE8DBF89E6C82E88E6D82E78
:105D50000E151F0591F05801F80181918F011F92D6
:105D60008F93DF92CF920E9433F8F5018081C81B98
:105D70000F900F900F900F90EBCF1F92CF9382E672
:105D800098E69F938F930E9433F80F900F900F9097
:105D90000F90DF91CF911F910F91FF90EF90DF90C7
:105DA000CF90BF90AF900895AF92BF92DF92EF92E5
:105DB000FF920F931F93CF93DF93CDB7DEB760971A
:105DC0000FB6F894DEBF0FBECDBFD82E00E015E1B0
:105DD000CE0101967C015E0191E1A90EB11CF70193
:105DE000C8018E199F09DC01AE0FBF1F3FB7DD2030
:105DF00011F0F8945F9A2C915F983FBF2193EA15B8
:105E0000FB0589F7970140E1B80180E071DF003FB1
:105E10008FEF180719F0005F1F4FE1CF20E030E04F
:105E200040E060E070E081E063DF60960FB6F894D8
:105E3000DEBF0FBECDBFDF91CF911F910F91FF90BD
:105E4000EF90DF90BF90AF900895CF93C82F64E19B
:105E50007CE685E296E00E94C7F6E5E2F6E0019076
:105E60000020E9F7BF01615071094AE08C2F90E0F2
:105E70000E94BFF785E296E0CF9108958091F20CE1
:105E80008823F1F08091F20C0E94955897FF09C089
:105E900024DD4091F20C50E060E070E081E791E990
:105EA0000AC087FF0AC019DD4091F20C50E060E0A3
:105EB00070E08EE391E90C947E978AEA0C94625824
:105EC0000895CF93DF93E3EBF2E22091B3222A32DD
:105ED00009F053C02091B422C0EDC20FCA30A0F522
:105EE0002091B5222A3289F4882361F001900020A4
:105EF000E9F7AF01465B524266EB72E283EB92E256
:105F00000E9431F761E08C2F1CC0D0EDD20FDA3047
:105F1000A0F52091B6222A3281F5882361F0019004
:105F20000020E9F7AF01475B524267EB72E283EB77
:105F300092E20E9431F762E08D2F9AE0C99F800DB6
:105F400011240E94275916C02D32B9F42091B52290
:105F50002A3299F4882361F001900020E9F7AF011B
:105F6000465B524266EB72E283EB92E20E9431F7AB
:105F700080913E08869590E009C081E090E0222360
:105F800011F080E090E0919581959109DF91CF919A
:105F900008959F92AF92BF92CF92DF92EF92FF92BD
:105FA0000F931F93CF93DF93CDB7DEB763970FB6F1
:105FB000F894DEBF0FBECDBF16B58091F706181757
:105FC00010F41093F7068091F606811710F41093E1
:105FD000F6068091F1069091F206A091F306B09139
:105FE000F4060196A11DB11D8093F1069093F2066F
:105FF000A093F306B093F4068091A9218F5F80935C
:10600000A9218091A921893040F18091B0229091FD
:10601000B12201969093B1228093B0221092A921CF
:106020008091AC229091AD2201969093AD22809305
:10603000AC228091AC229091AD22883E934068F0D2
:106040001092AD221092AC2280911D1F90911E1FC4
:10605000019690931E1F80931D1FE0907A0CF09084
:106060007B0CE114F10411F4A89506C08CE79CE0C8
:106070005EDB8E159F05C0F38091201F8336F9F0FB
:1060800088E291E254DB8932934240F08BEB92E953
:106090002EDC81E00E9467960E94029688E291E2DF
:1060A00046DBC39718F080E00E947D828091ED0C62
:1060B0009091EE0C01969093EE0C8093ED0C8091F4
:1060C000201F8E3069F0843059F0982F9B7F9231D9
:1060D00039F097ED980F943018F0853309F05AC1D4
:1060E0008091AB22882309F46FC08091AB22883065
:1060F00009F46AC08091810C81508093810C8330B7
:1061000068F48091F60C882349F08091820C90917C
:10611000830C01969093830C8093820C8091810C68
:1061200081114EC08091AB22813051F48091820C5C
:106130009091830C029704F582E08093AB2238C0E3
:106140008091AB228730D9F42091820C3091830C5E
:1061500081E0223031050CF080E08093252188E039
:106160008093AB2280912521811122C06091A721CB
:106170008EEA91E20E94A1591092AB2219C080913F
:10618000A721880F8093A7218091820C9091830C86
:1061900002972CF08091A72181608093A7218091A4
:1061A000AB228F5F8093AB221092830C1092820CF3
:1061B0001092830C1092820C80917F0C8093810C42
:1061C00086E79CE0A9DA4EC08091F60C811112C0DE
:1061D00081E08093AB221092A7211092252110928A
:1061E000830C1092820C80917F0C86958F5F809338
:1061F000810C38C08091B222813081F48091AD2130
:106200008F71A4E08A9FC001112483608093AD2127
:106210001092800C82E08093B22224C08091B2223E
:10622000811120C085EE9CE10E947C5981111AC029
:106230008EE69AE07CDA87399105A0F08091992169
:10624000811110C085EE9CE10E94BE598093AD2162
:1062500001E00093B22285EE9CE10E947C598111FD
:10626000009342088091B222823008F479C1809173
:10627000B2228830D9F48091800C8F5F8093800C9B
:1062800090E020917E0C30E040914008411103C025
:1062900041E050E002C043E050E0241B350B821780
:1062A00093070CF45DC11092B2225AC19091AD21B6
:1062B0008091800C8F5F8093800C20917F0C8217DF
:1062C00060F08091AD21880F8093AD218091B22242
:1062D0008F5F8093B2221092800C97FD41C1809114
:1062E0002A21882391F083E90E94625810922A2182
:1062F00082E090E09093790C8093780C83E00E9488
:106300007D8282E00E94B65627C08091780C9091E1
:10631000790C892B31F08091780C9091790C019750
:1063200017C08091D80C882321F08091D80C85303B
:1063300099F48091F70C882379F080912A218111BA
:1063400002C086E901C08AE90E94625882EC91E0AD
:106350009093790C8093780C8091F60C882369F0E7
:1063600080E00E94C9568091201F843011F482E0A1
:1063700001C081E00E94868231C080E00E94B65652
:106380008091201F843011F482E001C081E00E94DE
:106390007D8224C0DAD9882309F18091780C90910C
:1063A000790C892B31F08091780C9091790C0197C0
:1063B00011C08091D80C882321F08091D80C8530B1
:1063C00069F48091F70C882349F089EA0E946258A9
:1063D00082EC91E09093790C8093780C8091A406E4
:1063E0008130F9F018F0823069F131C082EA96E02C
:1063F000009934C09CD9059790F101E00093A40660
:1064000082EA96E089D900932A0710922607109213
:10641000270710922807109229078BE297E063D98B
:106420001EC000990AC082EA96E081D980359105A4
:10643000B0F082E08093A40602C01092A40680937C
:106440001F1F0DC0009B0BC01092A40608C082E065
:106450008093A40610921F1F82EA96E05DD986B54C
:10646000811B9091F506981710F48093F5068091A2
:10647000201F833689F42DB73EB78091B7249091C1
:10648000B8242817390708F082C08DB79EB79093BB
:10649000B8248093B7247BC00E943196882359F397
:1064A00000E010E082E3A82E82E0B82E9BE0992E57
:1064B0000A9DC0010B9D900D1A9D900D1124FC01A9
:1064C000E451F04F7F01908198012E51334E6901C4
:1064D000D9018C919817E9F1CE0101960E94798437
:1064E0003FB7F8948091F80690E0989EF001999E4D
:1064F000F00D1124E55DFE4D00834F8558896989B3
:106500007A894183528363837483D6012C912583D6
:10651000D7012C91268316964D915D916D917C91BA
:10652000199747835087618772872091F806293031
:1065300028F42091F8062F5F2093F8063FBF989E1D
:10654000F001999EF00D1124E55DFE4D8681F60166
:1065500080830F5F1F4F0330110509F0A9CF8BCF48
:1065600080912A218111D1CE8CE90E94625881E06C
:1065700080932A2182E090E09093790C8093780CAC
:1065800083E00E94868282E00E94C956E5CE63962F
:106590000FB6F894DEBF0FBECDBFDF91CF911F9134
:1065A0000F91FF90EF90DF90CF90BF90AF909F90B2
:1065B0000895FC0174836383128215821682178208
:1065C00010861286118614861386168615860895FF
:1065D000CF93DF93EC01A0D881E08A83DF91CF9144
:1065E00008951F93CF93DF93FC011281111102C014
:1065F00010E026C0EC019BD81A824D815E816F812C
:106600007885480F591F611D711D4D835E836F830F
:10661000788729853A852F5F3F4F3A8729872D85CF
:106620003E852817390710F49E878D872B813C8182
:1066300028173907E8F68B859C8501969C878B8700
:10664000812FDF91CF911F9108951F93CF93DF93F7
:10665000DC01ED91FC91119780E040E050E020E0FA
:106660001AE0CE2F3F2F91919D3221F421111AC0B3
:106670002FEFF7CF9B3219F4222391F013C0D0ED06
:10668000D90FDA3078F4149FE001159FD00D112452
:10669000AE01490F511D4053510981E02111E1CF55
:1066A00021E0DFCF882369F0CC9311963C9324033B
:1066B000C001259F900D1124FB019183808381E00F
:1066C00001C080E0DF91CF911F910895CF92DF92BA
:1066D000EF92FF921F93CF93DF9300D000D0CDB7FE
:1066E000DEB7FC01A081B181BC83AB838C918D327C
:1066F00049F4DB011C928081918101969183808312
:1067000011E025C07B016F01BE016F5F7F4FCE019D
:1067100003969BDF182F8823D1F089819A818436D4
:106720009105A0F46B817C81F60120813181621B8F
:10673000730B6330710554F40E942759D7018C9371
:106740008B819C81F6019183808301C010E0812FB1
:106750000F900F900F900F90DF91CF911F91FF90AE
:10676000EF90DF90CF900895DC01ED91FC912081B6
:10677000203229F43196DC01ED93FC93F5CF089596
:10678000EF92FF920F931F93CF93DF9300D000D02F
:106790001F92CDB7DEB7E82E8B017C836B83CE01D1
:1067A0000396E2DFEB81FC8180818A3249F4FF2489
:1067B000F394E11001C0F12C3196FC83EB832EC0E1
:1067C000BE016B5F7F4FCE01039680DF882309F403
:1067D0003BC0CE010396C8DFEB81FC8190818D81A7
:1067E000FF24F3949D32C1F4E81608F4F12C31969D
:1067F000FC83EB83CE010396B7DFBE016B5F7F4F57
:10680000CE01039663DF8823F9F081E09D819E1518
:1068100008F480E0F82202C08E11F12CCE0103961C
:10682000A3DFEB81FC8180818A3321F53196FC83E3
:10683000EB83CE01039698DFBE016F5F7F4FCE01E1
:10684000039603DF811107C08B819C819801281B6F
:10685000390BC90119C0FF2019F089819A8114C030
:10686000CE01039681DFEB81FC818081882351F08A
:106870008C3221F0C8018E1B9F0B06C03196FC8321
:10688000EB838DCF81E090E00F900F900F900F90F1
:106890000F90DF91CF911F910F91FF90EF9008958E
:1068A0001092AB221092B2228091F20C67E078E055
:1068B00067DF9C01029714F422E330E084E893E060
:1068C000B9010E94EBF560937F0CB901660F771F49
:1068D0008CE89AE00E94EBF560937E0C82E00E94C7
:1068E00039968823A9F00E946DAC4091F20C469530
:1068F00050E060E070E08EE492E90E947E97409163
:106900007F0C50E060E070E084E392E90E947E97A3
:1069100080917F0C8093810C1092800C81E0809399
:106920002A210895FC0184858F9383858F93868522
:106930008F9385858F9382858F9381858F938085B3
:106940008F9387818F9386818F9385818F9384E83E
:1069500093E99F938F9385EA96E09F938F930E948C
:106960005AF88DB79EB70E960FB6F8949EBF0FBE1D
:106970008DBF85EA96E008958F929F92AF92BF9265
:10698000CF92DF92EF92FF920F931F93CF93DF93FB
:10699000EC018C010A5F1D4FF80180819181892BE8
:1069A00089F16CED77E7CE010E947F7D892BA1F004
:1069B0001092E2218FEF8093F7061092F606109264
:1069C000F5061092F00664E670E081E097E0F1DDF4
:1069D0001092D70C1092D60CF80180819181892BEE
:1069E00089F06FEC77E7CE010E947F7D892B51F013
:1069F0008CE79CE00E948CAB80ED97E090937B0C41
:106A000080937A0C0E94467F8091520790915307A1
:106A1000A0915407B0915507892B8A2B8B2B69F1D4
:106A200084E497E00E94AE84609145075091460748
:106A30004091470780914B0790914C0730914A074E
:106A4000209149071F926F931F925F931F924F935C
:106A50009F938F931F923F931F922F938EE997E7F7
:106A60009F938F930E9433F82DB73EB7225F3F4F1D
:106A70000FB6F8943EBF0FBE2DBF82EE91E29F93FA
:106A80008F938BE897E79F938F930E9433F88091C1
:106A900000071F928F938EE697E79F938F930E9434
:106AA00033F88091201F1F928F938FE597E79F9374
:106AB0008F930E9433F88091EC0C1F928F938DE49A
:106AC00097E79F938F930E9433F88091C81C1F9281
:106AD0008F9383E397E79F938F930E9433F880917E
:106AE00033258F93809132258F9387E197E79F938A
:106AF0008F930E9433F880916B0A8F9380916A0A7A
:106B00008F938091690A8F938091680A8F938DEF9C
:106B100096E79F938F930E9433F88091670A8F9333
:106B20008091660A8F9383EE96E79F938F930E94DE
:106B300033F88DB79EB782960FB6F8949EBF0FBEFE
:106B40008DBF8091AF221F928F9384EC96E79F9325
:106B50008F930E9433F880915F0A1F928F9383EA8C
:106B600096E79F938F930E9433F88091C71C1F92E2
:106B70008F9381E896E79F938F930E9433F889EC77
:106B80009CE10E9497AB9F938F9380E596E79F933C
:106B90008F930E9433F88091CC1C8F938091CB1CF3
:106BA0008F9387E396E79F938F930E9433F88091AA
:106BB000AC218F938091AB218F938DE196E79F93CA
:106BC0008F930E9433F88091B9241F928F9385E0B0
:106BD00096E79F938F930E9433F8809147088F9395
:106BE000809146088F9380EE95E79F938F930E9444
:106BF00033F8EDB7FEB7B0960FB6F894FEBF0FBEF0
:106C0000EDBF809143081F928F938AEB95E79F9386
:106C10008F930E9433F8809145088F9380914408A8
:106C20008F9384E995E79F938F930E9433F8809127
:106C30005D0A1F928F9388E795E79F938F930E9439
:106C400033F880915C0A1F928F9388E595E79F93B4
:106C50008F930E9433F880915B0A8F9380915A0A38
:106C60008F9382E395E79F938F930E9433F88091EF
:106C700055088F93809154088F938FE095E79F93E9
:106C80008F930E9433F882E598E00E9497AB9F9320
:106C90008F938FED94E79F938F930E9433F88091A9
:106CA00051088F93809150088F9388EB94E79F93BE
:106CB0008F930E9433F82DB73EB7205E3F4F0FB63B
:106CC000F8943EBF0FBE2DBF8EE498E00E9497ABB4
:106CD0009F938F9389E894E79F938F930E9433F853
:106CE00080914D081F928F9387E694E79F938F932F
:106CF0000E9433F880911E071F928F9382E594E7DC
:106D00009F938F930E9433F881E297E00E947EABBD
:106D10009F938F9381E294E79F938F930E9433F820
:106D2000809120078F9380911F078F938DEF93E7BA
:106D30009F938F930E9433F8809110071F928F9337
:106D400083EE93E79F938F930E9433F8809111070E
:106D50001F928F9381EC93E79F938F930E9433F858
:106D60008CE197E00E9497AB9F938F9388E993E71C
:106D70009F938F930E9433F88DB79EB780960FB67E
:106D8000F8949EBF0FBE8DBF809119078F9380919D
:106D900018078F938CE793E79F938F930E9433F8A4
:106DA000809117078F93809116078F938BE593E758
:106DB0009F938F930E9433F8809115078F93809152
:106DC00014078F9388E393E79F938F930E9433F880
:106DD000809113078F93809112078F9383E193E73C
:106DE0009F938F930E9433F8809158071F928F933F
:106DF00082EF92E79F938F930E9433F880ED92E7A2
:106E00009F938F930E9433F881E097E08BDD9F93EF
:106E10008F930E9420F8809125078F9380912407FB
:106E20008F9380EB92E79F938F930E9433F880912A
:106E30003E071F928F9383E892E79F938F930E9460
:106E400033F8EDB7FEB7B0960FB6F894FEBF0FBE9D
:106E5000EDBF809123071F928F9389E692E79F935E
:106E60008F930E9433F838E3E32E37E0F32E0FE3DD
:106E700017E0CAEBD4E20F900F900F900F904DE205
:106E8000C42E42E7D42EC7010E947EABF8012191A7
:106E90008F019F938F931F922F93DF93CF93DF9256
:106EA000CF920E9433F832E0E30EF11CA8968DB722
:106EB0009EB708960FB6F8949EBF0FBE8DBF97E0A1
:106EC0000234190701F78091F20C1F928F9385E12C
:106ED00092E79F938F930E9433F880917F0C1F92CB
:106EE0008F938BEF91E79F938F930E9433F880915C
:106EF000F60C1F928F9386EE91E79F938F930E94DB
:106F000033F88091810C1F928F9388EC91E79F93C7
:106F10008F930E9433F88091AB221F928F9380EB66
:106F200091E79F938F930E9433F88091820C909108
:106F3000830C9F938F9384E991E79F938F930E9493
:106F400033F88091A7211F928F938CE791E79F934D
:106F50008F930E9433F8809125211F928F9383E6AF
:106F600091E79F938F930E9433F8EDB7FEB7B096E9
:106F70000FB6F894FEBF0FBEEDBF8EEA91E20E94FD
:106F8000CF591F928F9380E491E79F938F930E9434
:106F900033F8C091E121D0E00F900F900F900F9047
:106FA0000AE311E78091E02190E0C817D907A9F022
:106FB000C233D10510F0C0E0D0E0FE01E255FE4D35
:106FC00080811F928F931F930F930E9433F8219615
:106FD0000F900F900F900F90E5CF80912A211F9274
:106FE0008F9387E291E79F938F930E9433F880916C
:106FF000800C1F928F9389E091E79F938F930E945B
:1070000033F88091B2221F928F9381EF90E79F9384
:107010008F930E9433F88091AD211F928F9389ED59
:1070200090E79F938F930E9433F885EE9CE10E9436
:10703000CF591F928F9385EB90E79F938F930E9478
:1070400033F8C091181DD0E02DB73EB72C5E3F4FEE
:107050000FB6F8943EBF0FBE2DBF0FEA10E7809128
:10706000171D90E0C817D907A9F0C233D10510F059
:10707000C0E0D0E0FE01EB51F34E80811F928F9370
:107080001F930F930E9433F821960F900F900F904B
:107090000F90E5CF809105088F93809104088F931E
:1070A000809103088F93809102088F938BE990E77A
:1070B0009F938F930E9433F8809101081F928F93C2
:1070C00086E890E79F938F930E9433F88AE997E0D0
:1070D0000E9497AB9F938F938FE590E79F938F9339
:1070E0000E9433F886E79CE00E9497AB9F938F93B2
:1070F00085E390E79F938F930E9433F880E79AE0AF
:107100000E947EAB9F938F938DE090E79F938F9328
:107110000E9433F884E79CE00E9497AB9F938F9383
:1071200087EE9FE69F938F930E9433F88091780CAF
:107130009091790C9F938F9386EC9FE69F938F930A
:107140000E9433F88091ED0C9091EE0C9F938F93F9
:107150008CEA9FE69F938F930E9433F88091F40C02
:10716000EDB7FEB7B2960FB6F894FEBF0FBEEDBFF7
:107170001F928F938FE89FE69F938F930E9433F81F
:1071800082E79CE00E9497AB9F938F9388E59FE6F0
:107190009F938F930E9433F888E291E20E9497AB0D
:1071A0009F938F9389E29FE69F938F930E9433F87A
:1071B0008091F0061F928F9383E19FE69F938F93B8
:1071C0000E9433F88091D60C9091D70C9F938F93A7
:1071D0008EEF9EE69F938F930E9433F88091FA067C
:1071E0008F938091F9068F9383EE9EE69F938F9302
:1071F0000E9433F88091F1069091F206A091F30677
:10720000B091F406BF93AF939F938F9386EC9EE665
:107210009F938F930E9433F88091F7061F928F936C
:107220008FEA9EE69F938F930E9433F88091F60633
:107230002DB73EB72E5D3F4F0FB6F8943EBF0FBE41
:107240002DBF1F928F9388E99EE69F938F930E9494
:1072500033F88091F5061F928F938CE79EE69F93FB
:107260008F930E9433F88DB79EB708960FB6F894A7
:107270009EBF0FBE8DBFC0E0D0E092E3C92E92E06A
:10728000D92E08EE1DE623E0E22E2EE6F22ECC9D4E
:10729000F001CD9DF00DDC9DF00D1124E451F04F77
:1072A0008081882351F14689578986809780A08400
:1072B000B1842481358182819381718160815F9362
:1072C0004F93BF92AF929F928F923F932F939F9332
:1072D0008F931F927F931F926F93DF93CF93FF92B1
:1072E000EF920E9433F82DB73EB72E5E3F4F0FB698
:1072F000F8943EBF0FBE2DBF0AC0DF93CF931F93FC
:107300000F930E9433F80F900F900F900F902196DB
:10731000C330D10509F0BBCF80915E078F93809178
:107320005D078F9386ED9DE69F938F930E9433F8C0
:1073300080915C078F9380915B078F9380915A07B0
:107340008F93809159078F938EEB9DE69F938F9338
:107350000E9433F88EEF96E00E947EAB9F938F934E
:107360008FE89DE69F938F930E9433F88091FD06EE
:107370008F938091FC068F938BE69DE69F938F936E
:107380000E9433F88091D50C8F938091D40C8F9309
:107390008DE49DE69F938F930E9433F88091B824EB
:1073A0008F938091B7248F9383E39DE69F938F9370
:1073B0000E9433F88FEC9CE10E94AE846091D01C57
:1073C0005091D11C4091D21C8091D61C9091D71C19
:1073D0003091D51C2091D41C7091BC2D1F927F93AD
:1073E0001F926F931F925F931F924F939F938F9360
:1073F0001F923F931F922F938DEE9CE69F938F9346
:107400000E9433F887E880937A008EE580937C00B1
:1074100010927B00EDB7FEB7BA960FB6F894FEBF98
:107420000FBEEDBF8DED9CE69F938F930E9433F8C6
:107430000F900F90CAE0C12C80E3D82E81E1E82E96
:10744000F12C08ED1CE680917A00806480937A002C
:1074500080917A0086FDFCCF2091780030917900F0
:107460002115310511F421E030E040E050E0C70182
:10747000B6010E94FEF55F934F933F932F931F93A6
:107480000F930E9433F8C1500F900F900F900F9000
:107490000F900F90C1F6809124038F938091230366
:1074A0008F93809122038F93809121038F938091FA
:1074B000800E8F9380917F0E8F9380917E0E8F939D
:1074C00080917D0E8F938091840E8F938091830E97
:1074D0008F938091820E8F938091810E8F9388E598
:1074E0009CE69F938F930E9433F80E944F7F2DB7A5
:1074F0003EB7225F3F4F0FB6F8943EBF0FBE2DBF81
:1075000081E0DF91CF911F910F91FF90EF90DF907D
:10751000CF90BF90AF909F908F900C9467962091E2
:10752000780C3091790CE091ED0CF091EE0C6091BB
:10753000D60C7091D70CA7E1A29FA001A39F500D7C
:107540001124AFE1AE9F9001AF9F300D112424278D
:107550003527EFE2E69FA001E79F500D1124242775
:1075600035276091F9067091FA06E3E5E69FA001E0
:10757000E79F500D1124242735276091810E7091CB
:10758000820EE5E6E69FA001E79F500D1124242717
:107590003527822393230895DF92EF92FF920F9372
:1075A0001F93CF93DF93CDB7DEB763970FB6F894F1
:1075B000DEBF0FBECDBF7C01D62E0E946DAC4D2D1F
:1075C00050E060E070E089E693E90E947E97E11464
:1075D000F10419F482E693E901C0C7010E9467979C
:1075E0008091E221882351F0809100078D1530F4BD
:1075F0008BE293E90E94679780E050C0E114F104A8
:1076000029F41092E2211092000741C0CE010196A8
:107610000E9479846A815B814C81888599853F814C
:107620002E811F926F931F925F931F924F939F9390
:107630008F931F923F931F922F938CE093E99F9318
:107640008F9302EE11E21F930F930E945AF8F801F4
:1076500001900020E9F74AEA52E24E1B5F0BB701A6
:10766000C8010E94D7F61092A922D09200078091FB
:10767000201F81500FB6F894DEBF0FBECDBF8A30F9
:1076800030F48091F20C86958093CD1C02C010924C
:10769000CD1C8AEF92E90E94679781E063960FB64E
:1076A000F894DEBF0FBECDBFDF91CF911F910F9138
:1076B000FF90EF90DF90089580915807833020F479
:1076C0008F5F8093580708956091AE228DE190E01E
:1076D0000E94CD6261E060DF10921E0710925D0A89
:1076E0000895CF939091201F981709F420C3C82FB5
:1076F0001092EE0C1092ED0C82E00E9439968823D5
:10770000B9F00E9464980E946DAC4091201F50E037
:1077100060E070E086EA92E90E947E974C2F50E08C
:1077200060E070E08BE992E90E947E970E94699880
:10773000C63109F45AC208F0B8C0CC3009F4C2C14D
:1077400008F0A1C0C23009F44EC108F04FC0CC23EC
:1077500009F41BC1C13009F0EAC287E00E94B656A5
:1077600085E00E94B65685E00E94B65681E00E94F0
:10777000C95680E00E94C95683E00E94B65682E056
:107780000E94B65684E00E94B65681E00E947D8237
:1077900082E00E94868283E00E948682C093F60C7B
:1077A000C0932A2185EE9CE10E9478598EEA91E2ED
:1077B0000E9478591092AA2173D810924008C09361
:1077C000AF221092B3221092760A1092750A10928C
:1077D00045081092440810924708109246081092EB
:1077E00043081092410810929921ADC1C43009F4A8
:1077F00010C1CB3009F09BC287E00E94B65685E0ED
:107800000E94B65685E00E94B65681E00E94B656A8
:1078100080E00E94B65683E00E94B65682E00E9445
:10782000B65684E00E94C95681E00E94868282E0BA
:107830000E947D8283E00E94868281E08093F60C24
:1078400080932A2185EE9CE10E9478598EEA91E28C
:107850000E9478591092AA211092B3221092760AAF
:107860001092750A1092400810923F081092450835
:10787000109244081092470810924608109243084C
:10788000109241081CC1C23109F45AC138F4CD30FC
:1078900009F424C1CE3009F434C149C2C33109F41A
:1078A00057C1C53109F460C142C2CB3209F4FAC1F3
:1078B00098F5C03209F4DCC040F5C93109F454C16F
:1078C000CF3109F034C287E00E94B65685E00E94AD
:1078D000B65685E00E94B65681E00E94B65680E01A
:1078E0000E94B65683E00E94B65682E00E94B656C9
:1078F00084E00E94B65681E00E94868282E00E9467
:10790000868283E00E947D8210C2C93209F48CC154
:10791000CA3209F40AC20BC2C43309F4D4C170F5E7
:10792000CC3209F4C4C1C33309F001C287E00E941C
:10793000B65685E00E94B65685E00E94B65681E0B4
:107940000E94B65680E00E94B65683E00E94B6566A
:1079500082E00E94B65684E00E94B65681E00E9402
:107960007D8282E00E947D8283E00E948682109266
:10797000B3221092760A1092750AD7C1C53309F462
:10798000C3C1C33609F4D1C1D2C185E00E94B65645
:1079900084E00E94B65683E00E94B65681E00E94C1
:1079A000B65682E00E94B65680E00E94B65687E046
:1079B0000E94C95685E00E94C95681E00E948682D5
:1079C00082E00E94868283E00E9486821092B32227
:1079D0001092A6211092760A1092750A8CE197E017
:1079E0000E948CAB6CC01092020810920308109297
:1079F000040810920508109201088DE997E00E9492
:107A0000269C81E080939C070E9450B48AE997E00D
:107A100062C085E00E94C95681E00E94C95680E09C
:107A20000E94C95683E00E94C95682E00E94C9564E
:107A300081E08093F60C80932A210E947D8282E06F
:107A40000E94868283E00E9486820E9450B486E76C
:107A50009CE00E948CAB80E79AE00E9473AB85E1CA
:107A60000E943996882309F460C183E992E959C1DB
:107A700085E00E94B65684E00E94B65683E00E94DC
:107A8000B65681E00E94B65682E00E94B65680E06B
:107A90000E94B65687E00E94B65685E00E94B65610
:107AA00081E00E94868282E00E94868283E00E94BA
:107AB0007D821092B3221092760A1092750A10926B
:107AC000992133C183E00E94C95682E00E94C956C1
:107AD000119A82E497E00E948CAB27C183E00E9458
:107AE000C95682E00E94C95684E79CE00E948CAB94
:107AF00080E79AE00E9473AB109299210E9450B4E3
:107B000014C181E00E94C95680E00E94C95685E0F8
:107B10000E94C95681E08093F60C80932A2186E763
:107B20009CE00E948CAB80E79AE00E9473AB85E1F9
:107B30000E943996882309F4F8C08BE892E9F1C0D5
:107B400085E00E94B65680E79AE00E9473ABEDC0D4
:107B500083E00E94B65682E00E94B65685E00E94FD
:107B6000B65684E79CE0B7CF87E00E94B65685E022
:107B70000E94B65685E00E94B65681E00E94B65635
:107B800080E00E94B65683E00E94C95682E00E94BF
:107B9000C95684E00E94C95681E00E94868282E034
:107BA0000E947D8283E00E94868285EE9CE10E9495
:107BB00078598EEA91E20E9478591092AA2181E0C8
:107BC0008093F60C80932A210E9450B410924008B2
:107BD00010924508109244081092470810924608E7
:107BE00010924308109241088AC081E00E94C95651
:107BF00080E00E94C95685E00E94C95681E08093CA
:107C0000F60C80932A2182E79AE00E948CAB80E7F1
:107C10009AE00E9473AB85E10E943996882309F4AB
:107C200084C08DE792E97DC085E00E94C95681E05D
:107C30000E94C95680E00E94C95683E00E94C9563E
:107C400082E00E94C95681E08093F60C80932A213D
:107C50000E947D8282E00E94868283E00E9486826A
:107C60000E9450B486E79CE00E948CAB1092710792
:107C70006091AE2281E190E00E94CD62BC0183EB75
:107C800092E20E94A8F6E3EBF2E201900020E9F70D
:107C90003197E35BF242FF27ED54FD4D8EE0808388
:107CA000118243C085E697E00E940B9F3EC0609121
:107CB000AE2286E190E00E94CD62BC0183EB92E2AD
:107CC0000E94A8F632C084E00E94C95683E00E9458
:107CD000C95683E00E947D8285EE9CE10E9478591E
:107CE0008EEA91E20E9478591092AA2181E0809355
:107CF000F60C80932A210E9450B41092400880E72D
:107D00009AE00E9473ABDBCE81E00E94C95685E009
:107D10000E94C95685E10E943996882331F085E793
:107D200092E90E94679710929A18C093201FCF91F2
:107D300008950F931F93CF93DF93EC0182E00E948D
:107D400039968823A9F00E946DAC82E79EE80E94D4
:107D50006797FE0101900020E9F73197BF016C1B86
:107D60007D0BCE010E94F0978FE69EE80E946797F8
:107D700080913B08882309F470C043E050E06BE633
:107D80007EE8CE010E94E7F6892B29F46091AE22AD
:107D900088E090E04CC042E050E068E67EE8CE012A
:107DA0000E94E7F6892B61F46091AE2289E090E0B1
:107DB0000E94CD6262E0DF91CF911F910F91ECCBD9
:107DC00042E050E065E67EE8CE010E94E7F6892BAE
:107DD00029F46091AE228AE090E0EACF43E050E0DF
:107DE00061E67EE8CE010E94E7F6892B29F46091D6
:107DF000AE228BE090E0DCCF43E050E06DE57EE822
:107E0000CE010E94E7F6892B29F46091AE228CE026
:107E100090E0CECF42E050E06AE57EE8CE010E94DD
:107E2000E7F66091AE22892B31F48DE090E00E945C
:107E3000CD6263E0C0CF8EE090E00E94CD6262E050
:107E4000ABDB882309F44EC0BE0182EE91E2DF91E4
:107E5000CF911F910F910C947AF703EB12E2F80186
:107E600001900020E9F73197CF01835B9242FE0138
:107E700001900020E9F73197EC1BFD0BE80FF91F8B
:107E8000E63FF14078F565E57EE8C8010E94A8F676
:107E9000F80101900020E9F7CF01BE0101970E948F
:107EA00099F762E57EE8C8010E94A8F68091201F3C
:107EB0008230C1F480913A08882339F083EA0E9425
:107EC000625881E08093992107C085EA0E94625838
:107ED0008EE69AE00E948CAB82E1DF91CF911F91F8
:107EE0000F91FFCBDF91CF911F910F9108951092C9
:107EF000CC1C1092CB1C1092AC211092AB2182E7CB
:107F00009CE00C948CAB80913E088093F20C209105
:107F100032253091332582E392E0289FF001299F9A
:107F2000F00D389FF00D1124E451F04F86819781B8
:107F3000A085B1858093680A9093690AA0936A0A24
:107F4000B0936B0A82E08093C81C1092C71C1092F9
:107F50005F0A10925E0A1092AF2289EC9CE10E94A7
:107F60008CAB82E69AE00E948CABC1DF8BE0B9CB90
:107F7000CF93C82F82E00E943996882359F00E943F
:107F80006DAC4091201F50E060E070E082E092E92B
:107F90000E947E978091201F873198F48531F8F4F4
:107FA000843009F441C028F48150823008F04FC079
:107FB00016C08B3008F44BC08E30E8F08E30A1F143
:107FC00046C08D3228F4893250F4893141F03FC0E7
:107FD0008333E8F1853348F0853331F138C0CC2361
:107FE000B1F10E943EAF83E130C0843311F40E94AE
:107FF0003EAF80E22AC082E00E943996882379F061
:108000000E9464980E946DAC4091201F50E060E097
:1080100070E08FED91E90E947E970E9469988091AF
:10802000201F8D3031F7E3CF82E00E9439968823FC
:1080300059F00E946DAC4091201F50E060E070E06C
:108040008BEA91E90E947E9782E1CF914ACBCF9152
:1080500008952F923F924F925F926F927F928F92EC
:108060009F92AF92BF92CF92DF92EF92FF920F93C7
:108070001F93CF93DF93CDB7DEB72B970FB6F8944E
:10808000DEBF0FBECDBF612C712C00E010E0552487
:10809000539422242A94322CA090CB1CB090CC1C58
:1080A0000A151B0508F057C39801275E324E790167
:1080B000F901D080FDE0DF16F1F02AE0D216D9F008
:1080C00080EE8D0D8F35B8F08D2D0E94F9AB882391
:1080D00009F47DC08091AF22823009F078C0C501DB
:1080E00001970817190739F0F70181810E94F9AB50
:1080F000882309F46CC0F2E0F093AF22E3EBF2E2E4
:1081000001900020E9F73197E35BF242EE3F21E076
:10811000F2070CF013C3ED54FD4D35E2D31203C04A
:1081200087E0808307C090E4D91203C027E1208351
:1081300001C0D082118268013FEFC31AD30A809137
:10814000440890914508019690934508809344080F
:108150008FEF681A780A1092C71C8091201F8B300D
:1081600009F0EAC2809157078823E1F080E00E947D
:1081700061AF97FDE1C281E00E9461AF80933F084B
:1081800090915707913011F4882361F08FE398E0C4
:108190000E9480AC882311F08CE017C084E89EE731
:1081A0000E9420AD82E00E943996882359F00E94F7
:1081B0006DAC4091570750E060E070E086E59EE7C7
:1081C0000E947E975092C71C80E28BDAB5C2D11014
:1081D00005C068019FEFC91AD90AAEC2E1E0DE12FC
:1081E0001CC0D092AF221092C71C8091201F8B30F0
:1081F00009F096C2F701828180933F088FE398E0EF
:108200000E9480AC882311F08CE005C083E59EE7D6
:108210000E9420AD80E265DA83C2F2E0DF12A0C0E6
:108220005092AF22F7014180842C912C6801F2E03A
:10823000CF0ED11CC80CD91CAC14BD0408F477C0F7
:1082400085EE9CE10E94CF599401280F311D223305
:1082500031050CF06CC08091C618833019F50E946E
:108260006DAC85EE9CE10E94CF59482F50E060E054
:1082700070E088E49EE70E947E97442D50E060E025
:1082800070E084E49EE70E947E9780914408A401F8
:10829000480F511D052E000C660B770B8EE39EE7F1
:1082A0000E947E978091440890914508880E991EFF
:1082B00090924508809244084420C1F0F701628101
:1082C00085EE9CE10E94A15985E10E9439968823A0
:1082D00041F06AE978E1F70182810E94F5550E9438
:1082E00053974A94FFEFEF1AFF0AE6CF80914008B8
:1082F000882389F085EE9CE10E94CF59893158F49A
:1083000082E00E943996882321F084E29EE70E9451
:1083100077AC109240088091201F8B3009F00CC27E
:108320008CE0DFD987E09EE70E9477AC05C28091A0
:108330004008811109C082E00E943996882321F00B
:108340008DEE9DE70E9477AC81E080934008A0907D
:10835000CB1CB090CC1C0A151B0508F0FCC1EEC16B
:108360008DEF8D0D823008F046C05092AF22F7019C
:1083700091806801F2E0CF0ED11CC601890D911DDC
:10838000A816B90620F4AA94AA949A2C901A092D3A
:1083900010E09920A1F081E00E9439968823C9F06D
:1083A0008EEC9DE70E9477ACB8016E5F7F4FC701EE
:1083B0000E94F0978BEC9DE70E9467970AC082E0CD
:1083C0000E943996882381F08DEA9DE70E9477AC60
:1083D0000BC08091201F823009F4FCC1843009F465
:1083E000F9C18E3009F4F6C1C00ED11E81E0C0DDA6
:1083F0005092C71CA1C126E0D21258C05092AF22A1
:10840000F701D1808091201F8B3059F580E00E94C8
:10841000A2AD882301F183EA0E9462588DE061D900
:1084200082E00E9439968823C9F10E946DAC409188
:108430003F0850E060E070E08CE89DE70E947E9786
:108440004091F20C469550E060E070E089E79DE7CE
:108450000E947E9723C085E79DE70E9420AD80E2C1
:108460001CC08230D9F40E943996882321F08AE317
:108470009DE70E9477AC80913A08882331F083EA27
:108480000E9462585092992107C085EA0E94625862
:108490008EE69AE00E948CAB84E023D9DD2009F4BB
:1084A000A9C0F701828180934308A4C037E0D312AA
:1084B00067C05092AF22F701D180DD2009F459C086
:1084C000F28082E00E943996882351F00E946DACC0
:1084D0004F2D50E060E070E080E19DE70E947E97C4
:1084E00080915E0AF81203C0F0925F0A08C0F1E0C2
:1084F000FF1518F450925E0A02C0F0925E0A809155
:108500005F0A811136C08091AB219091AC21883FE8
:1085100021E0920770F5FC01EF5DF04E37E030830B
:1085200025E0218303969093AC218093AB21209189
:108530005E0A228368E175E98F5D904E0E94C7F65E
:108540008091AB219091AC2104969093AC218093C3
:10855000AB2182E00E943996882359F00E946DACCD
:1085600040915E0A50E060E070E08AEE9CE70E9475
:108570007E970E5F1F4FC8018D0D911D6C01DCC0F1
:1085800098E0D9123EC05092AF22F701D180F1E0BD
:10859000FD1580F580911007813061F5F70182812A
:1085A00090E0982F88272381820F911D90931307C5
:1085B0008093120780913225909133250E94308B51
:1085C00030923325209232251092C81C1092680AEE
:1085D0001092690A10926A0A10926B0A1092C71CD4
:1085E0001092AC211092AB211092CC1C1092CB1C9B
:1085F00080E277D80E5F1F4F98012D0D311D690164
:108600009BC039E0D31288C0F7018180C80102966F
:108610006C01C80CD11CAC14BD0408F458C0FC019A
:10862000E75EF24E2081318180915F079091600773
:108630002817390709F0E7C0F70194808FEE890DFC
:10864000833008F0E2C0E82EF12CF8E2FE9DC00174
:10865000FF9D900D11249C0126543B4D5901B801FA
:10866000625E724E47E250E0C9010E94B0F7F70126
:10867000EE0FFF1FEE0FFF1FE656FE4D1082118218
:1086800012821382F701EE0FFF1FE65DFE4FB50168
:10869000808191810E94C66A8091AB219091AC212A
:1086A000FC01EF5DF04E36E0308322E02183128240
:1086B00004969093AC218093AB2193820E946DAC81
:1086C000492D50E060E070E082E29CE722C011E0BA
:1086D0008EED9CE70E9420AD0E946DAC412F50E0D2
:1086E00060E070E083EC9CE70E947E97482D50E0AC
:1086F00060E070E08BEB9CE70E947E9723E02815FA
:1087000008F085C0F701448150E060E070E08EEA37
:108710009CE70E947E9710C08091AF22813041F487
:10872000F70181810E5F1F4F6801C80ED11C04C084
:108730006801FFEFCF1ADF0A8601AECCA01AB10A9A
:10874000A501B70189E19DE10E9431F7B092CC1CEF
:10875000A092CB1C04C01092CC1C1092CB1C809118
:10876000C618833009F057C06114710409F453C06E
:108770000E946DAC85EE9CE10E94CF59E3EBF2E2E2
:1087800001900020E9F73197AF01435B5242E6E7E1
:10879000FAE001900020E9F73197E657FA404E0FD2
:1087A0005F1F480F511D60E070E083EA9CE70E9464
:1087B0007E97A30160E070E08FE99CE70E947E97BE
:1087C0004091440850E060E070E089E99CE70E9435
:1087D0007E9721C0892D8B3008F08AE0A82EB12C1D
:1087E000A501B601675E724ECE0101960E94B0F7F8
:1087F000E1E0F0E0EC0FFD1FEA0DFB1D1082CE0161
:10880000019697DAF1CD12E063CF13E061CF40E03B
:1088100050E0BA017CCF2B960FB6F894DEBF0FBEA6
:10882000CDBFDF91CF911F910F91FF90EF90DF901F
:10883000CF90BF90AF909F908F907F906F905F9000
:108840004F903F902F90089528E2289FF001299F94
:10885000F00D1124E654FB4D2081222329F1FC0167
:10886000E15CF84F20812C30A0F0880F991F885CC4
:10887000984F0E947EAB20913E07211103C048E330
:1088800054E002C048E750E021E04817590778F06B
:108890000BC0263058F0880F991F885C984F0E94B3
:1088A0007EAB21E04F9718F420E001C021E0822F39
:1088B00008950F931F93CF93DF938330910558F55D
:1088C000EC01880F991F885C984F0E9473AB8E0152
:1088D000015C184FF80180818C3010F48E5F80832A
:1088E0008AE690E90E9477AC28E22C9FC0012D9F78
:1088F000900D112486549B4D0E943697F8014081BB
:1089000050E060E070E08AE490E9DF91CF911F9140
:108910000F910C947E97DF91CF911F910F91089545
:108920000F931F93CF93DF938330910528F58C012C
:10893000015C184FF80120812223F1F0EC01215055
:10894000208387E390E90E9477AC28E22C9FC00146
:108950002D9F900D112486549B4D0E943697F8014F
:10896000408150E060E070E084E190E9DF91CF91D8
:108970001F910F910C947E97DF91CF911F910F91D2
:108980000895AF92BF92CF92DF92EF92FF920F9332
:108990001F93CF93DF938C017B0156DF882309F46B
:1089A0009EC088E2809FE001819FD00D1124C654B3
:1089B000DB4D8881882309F492C0C801880F991F74
:1089C000885C984F0E9473ABCE010E9416746801B8
:1089D000CC0CDD1CCC0CDD1C960126563E4D5901FD
:1089E000F9016083718382839383672B682B692BE2
:1089F00041F4CE010E94FE70F50160837183828391
:108A00009383F601E656FE4D6081718182819381E8
:108A10006F3FFFEF7F078F079F0709F44CC043E2CA
:108A20005EE20E9405946C01019679F182E00E9459
:108A300039968823B9F08DE191E90E9477ACCE0197
:108A40000E943697A6010D2C000C660B770B8FEF5A
:108A500090E90E947E97C7010E9467978BEF90E98B
:108A60000E946797C8015CDF80913E07882349F028
:108A70006091AE2284E090E00E94CD6261E00E94AD
:108A8000CCBA10923E07C6012CC081E00E943996F4
:108A9000882319F180ED90E90E9477ACCE010E9405
:108AA00036978DEB90E90E946797C7010E94679700
:108AB00089EB90E910C084EA90E90E9477ACCE017E
:108AC0000E94369782E890E90E946797C7010E944A
:108AD00067978DE790E90E946797C801EADE8FEFFC
:108AE0009FEFDF91CF911F910F91FF90EF90DF905B
:108AF000CF90BF90AF9008950F931F93CF93DF93C4
:108B000020912407309125072F3F3F4F29F58C01F5
:108B1000C0E0D0E0B801CE0134DF90932507809308
:108B20002407019619F0C093230716C02196C3307D
:108B3000D10581F780913E07811109C06091AE2275
:108B400083E090E00E94CD6261E00E94CCBA81E0B7
:108B500080933E0780E001C081E0DF91CF911F91BB
:108B60000F910895CF93DF93CDB7DEB7C656D109E5
:108B70000FB6F894DEBF0FBECDBF81E080939C0797
:108B800082E00E943996882321F08DEE9BE70E94B7
:108B900077AC8BED9BE7B0DF8823F1F083E089832E
:108BA00085E08A838091020890910308A0910408CF
:108BB000B09105088B839C83AD83BE8381E08F8356
:108BC00020E0AE014F5F5F4F67E070E080912407C7
:108BD000909125070E944B92CA59DF4F0FB6F89427
:108BE000DEBF0FBECDBFDF91CF910895AF92BF9290
:108BF000CF92DF92EF92FF921F93CF93DF93EC011E
:108C0000162F8EA5833009F449C030F4813009F461
:108C100045C0823039F0D5C0863020F0863009F466
:108C2000BCC0CFC07E012BE5E20EF11CF7018081B4
:108C30009181892B39F4112319F082EE91E079D8D2
:108C400081E07EC182E00E9439969E01295A3F4F01
:108C500069018823A1F08BEF9FE80E9477ACF601B1
:108C600060817181828193810E94B697F701408172
:108C7000518160E070E080EF9FE80E947E97F601EE
:108C800080819181A281B3818093680A9093690A5F
:108C9000A0936A0AB0936B0AF7014DC06E01FBE521
:108CA000CF0ED11CF60180819181892B21F27E01AA
:108CB000FFE2EF0EF11CC7010E94FE705E0127E586
:108CC000A20EB11CF50160837183828393836F3F91
:108CD0007F4F8F4F9F4F09F44AC082E00E94399620
:108CE0008823D9F081ED9FE80E9477ACC7010E94EC
:108CF00036978DEC9FE80E946797F501608171813E
:108D0000828193810E94B697F6014081518160E093
:108D100070E082EC9FE80E947E97F501808191814E
:108D2000A281B3818093680A9093690AA0936A0A2A
:108D3000B0936B0AF601808191819093670A8093CA
:108D4000660A4091660A5091670A6091680A7091BC
:108D5000690A80916A0A90916B0A0E940594909327
:108D6000332580933225019609F04EC03BC081E047
:108D70000E943996882359F080EB9FE80E9477ACD7
:108D8000C7010E9436978EE99FE80E9467971123DA
:108D900009F456CF86EE91E052CF81E89FE80E9419
:108DA00077AC112321F089EE91E00E9499BE609189
:108DB000AE2286E090E00E94CD6263E00E94CCBAD1
:108DC000BEC081E00E943996882321F084E69FE8A6
:108DD0000E9477AC112309F4B2C082EE91E00E94A8
:108DE00099BEADC081E00E943996882321F08AE2C5
:108DF0009FE80E9477AC8FEF9FEF9093332580938D
:108E000032251092C81CC3CF72D881E08093C81C51
:108E10001092C71C10925F0A80935E0A89EC9CE155
:108E20000E948CAB82E69AE00E948CAB62E080E00C
:108E300090E00E94CCBA8EA58350823060F582E02B
:108E40000E943996882371F00E946DAC40913225C2
:108E500050913325052E000C660B770B8DED9EE8A7
:108E60000E947E9780913A08882339F083EA0E9415
:108E7000625881E08093992107C085EA0E94625878
:108E80008EE69AE00E948CAB84E00E9471BB82E087
:108E90008093AF2252C082E00E943996C35ADF4FBE
:108EA0008823F9F00E946DAC409132255091332512
:108EB000052E000C660B770B8DEA9EE80E947E97CC
:108EC000488150E060E070E087E99EE80E947E976C
:108ED00040915E0A50E060E070E085E89EE80E9404
:108EE0007E9711E01093AF228091AB219091AC213D
:108EF000FC01EF5DF04E27E0208325E021830396FF
:108F00009093AC218093AB2120915E0A228368E18B
:108F100075E98F5D904E0E94C7F68091AB219091CC
:108F2000AC21FC01EF5DF04E1483158307969093FE
:108F3000AC218093AB218881868380E001C082E0F0
:108F4000DF91CF911F91FF90EF90DF90CF90BF9076
:108F5000AF900895DF92EF92FF920F931F93CF93FC
:108F6000DF938091201F8E3061F0843051F0853383
:108F700041F0982F9B7F923121F08952843008F084
:108F800073C185EE9CE10E947C59882309F46CC171
:108F90008091B322882309F4EBC08091760A811175
:108FA000E7C0D091750A10E000E0C0E0802F90E0AB
:108FB0009C012D543D4D7901F9018081882309F4EC
:108FC00065C0C23608F062C09091740A9D1708F41B
:108FD0005DC061E00E9410560F5F8F3F61F021E09D
:108FE0002C0FF7018081EC2FF0E0EA58F54F8083D9
:108FF0008D3049F443C063E0F70180810E94105630
:109000008F3F69F70AC08A3011F4C22F3FC0DF5F7B
:109010008032B9F18D32C1F534C0F701608167311A
:1090200041F421E02C0FD0E0CA58D54F688311825B
:1090300026C070E086E095E90E94B3F6009719F12A
:1090400021E02C0F86509549FC01EC50FB46E49141
:10905000AC2FB0E0AA58B54FEC93FC01EE51FB46A3
:109060008491E22FF0E0EA58F54F8083803211F4CA
:10907000DF5F0AC022E02C0FDE5F06C010E0D0E008
:1090800003C0122F01C02C2FC22F90CF8091740AE1
:109090008D1758F582E0D82EDC0E1123C9F0E12E91
:1090A000F12C1C1760F44C2F50E04E195F09B701EA
:1090B0006A58754FC7018858954F0E9431F7F701DC
:1090C000EA58F54F8DE080838AE08183CD2D0DC075
:1090D000E1E0EC0FD0E0CA58D54F8DE08883CD2D6C
:1090E000F0E0EA58F54F8AE08083D0E0FE01EA58CC
:1090F000F54F108284E00E94399610E0882339F100
:109100008DE39EE80E9477ACB80183EB92E20E9467
:10911000F097E3EBF2E201900020E9F73197AF011D
:10912000435B5242401B510B60E070E084E39EE8D9
:109130000E947E978FE19EE80E9477ACBE0186E791
:109140009AE00E94F0978CE19EE80E946797E3EB1B
:10915000F2E201900020E9F7AF01401B510B435BA5
:109160005242B8016D547D4D83EB92E20E9431F77B
:109170008091760A882309F477C0C6E7DAE08E0189
:1091800006571A408881811119C084E00E943996DF
:10919000882309F44EC00E946DACA80160E070E025
:1091A0008CED9DE80E947E974091AA2150E060E0FE
:1091B00070E08AEC9DE80E947E973BC085EE9CE1C2
:1091C0000E9483598111E1CF89918D3019F4109259
:1091D000750A1FC09091750A9F5F9093750A873139
:1091E000C1F48091B3228111CACF88818D3059F4A6
:1091F00089818A3021F68A818111C1CF87E10E945D
:1092000077AD1882BCCF8111BACF87E10E9477ADCC
:10921000B6CF0E9477AD882309F4B1CF8091201F8B
:10922000863109F0ACCFFE01319780810E9457ADA5
:10923000A6CF01151105C1F0E6E7FAE00190002084
:10924000E9F7AF01401B510B46575A40B8016A5825
:10925000754F86E79AE0DF91CF911F910F91FF90B4
:10926000EF90DF900C9431F7DF91CF911F910F9128
:10927000FF90EF90DF9008951F93CF93DF93C82F57
:10928000162F0E94A2ADD82F882389F082E00E9479
:109290003996882341F04C2F50E060E070E081EB7C
:1092A0009DE80E947E9783EA0E94625820C081E078
:1092B0000E943996882341F04C2F50E060E070E026
:1092C0008EE89DE80E947E97111109C06091AE2240
:1092D0008FE090E00E94CD6264E00E94CCBA1092D0
:1092E000B3221092760A1092A6211092750A8D2F41
:1092F000DF91CF911F9108958F929F92AF92BF926D
:10930000CF92DF92EF92FF921F93CF93DF93CDB76F
:10931000DEB763970FB6F894DEBF0FBECDBFE4E4AF
:10932000FDE2A0E0B0E01AE0228533852115310589
:1093300021F4A117E8F41A2F1BC0C080D180E2806D
:10934000F380C616D706E806F90691F4E480F580A6
:10935000E416F50669F44CE04A9FF0014B9FF00DCE
:109360001124EC5BF24D2F5F3F4F338722872AC0D9
:1093700011963C96AA30B105B9F61A3019F17A0166
:109380004B015C01CE0101960E9479848CE0189F0C
:10939000F0011124EC5BF24D80829182A282B382B3
:1093A000F582E4828F859889A989BA898683978313
:1093B000A087B18781E090E09387828786E291E27F
:1093C0000E948CAB81E063960FB6F894DEBF0FBEAF
:1093D000CDBFDF91CF911F91FF90EF90DF90CF90A5
:1093E000BF90AF909F908F900895EF92FF920F9350
:1093F0001F93CF93DF9320912D07222309F4C5C03B
:10940000F42E062FEC0110912A07112309F44EC007
:109410008BE297E00E947EAB4F9708F047C08BE24B
:1094200097E00E9473AB209709F4AFC040912607E4
:10943000509127076091280770912907C65BDD4F7F
:109440002881398182E392E0289FF001299FF00D65
:10945000389FF00D1124E451F04F86819781A0854B
:10946000B185411551056105710549F480932607C1
:1094700090932707A0932807B0932907A2C08417C9
:109480009507A607B70709F480C0FF2009F498C024
:109490000E94467F602F83E290E00E94CD629F93FE
:1094A0008F930E9433F80E944F7F88C0209709F461
:1094B00087C0FF2009F484C07E018AEFE81A8DEF8F
:1094C000F80AF70180819181892BF9F410922A071B
:1094D0000E94467F87E098E70E94E350602F80E279
:1094E00090E00E94CD6220E030E04AE050E068E089
:1094F00078E70E944E51602F81E290E00E94CD6299
:109500000E940F520E944F7F5BC068E078E7CE0157
:109510000E947F7D892BD1F268E078E7CE010E941E
:109520004B7D8D5E9E4FFC01EE0FFF1FEC0FFD1F6C
:109530006DE277E0808191810E9490F7892B39F567
:1095400081E080932A07C65BDD4F2881398182E361
:1095500092E0289FF001299FF00D389FF00D112413
:10956000E451F04F86819781A085B18580932607CD
:1095700090932707A0932807B09329078BE297E0E1
:109580000E9473ABF7011182108211E01AC00E9491
:10959000467F602F82E290E00E94CD629F938F937E
:1095A0000E9433F80E944F7F10922A07602F84E2B6
:1095B00090E00E94CD6263E00E94CCBA0F900F90C1
:1095C00010E0812FDF91CF911F910F91FF90EF90CD
:1095D0000895EF92FF920F931F93CF93DF9300971D
:1095E00011F480E097C08B01EC0182E00E94399673
:1095F0009E012A5F3D4F7901882309F440C087EF1F
:1096000097E70E9477ACFE01E65BFD4F2081318138
:1096100082E392E0289FF001299FF00D389FF00D22
:109620001124E451F04F66817781808591850E94F5
:10963000B69785EF97E70E946797F7012081318100
:10964000CE0102962115310511F4FC010AC0F90181
:10965000EE5EFE4FEE0FFF1FEC0FFD1F0190F0813D
:10966000E02D01900020E9F7BF0161507109681BEE
:10967000790B0E94F09782EF97E70E946797F701B6
:1096800080819181892B09F4ACCF6EEE77E7CE0112
:109690000E947F7D892B09F4A4CF6EEE77E7CE017F
:1096A0000E944B7D8D5E9E4F880F991FC80FD91F5A
:1096B0000990D881C02D6BEE77E7CE010E94BEF6EF
:1096C000892B19F4F80110821DC068EE77E7CE01EE
:1096D0000E94BEF6892B11F481E012C065EE77E797
:1096E000CE010E94BEF6892B11F482E009C062EE21
:1096F00077E7CE010E94BEF6892B09F072CF83E096
:10970000F8018083F70180819181019711F4118222
:10971000108281E0DF91CF911F910F91FF90EF9028
:1097200008959F92AF92BF92CF92DF92EF92FF92F5
:109730000F931F93CF93DF93CDB7DEB7C05BD109F3
:109740000FB6F894DEBF0FBECDBF8C01FC01EA5FFF
:10975000FD4FE080F18069E376E03BDF41E01E14DD
:109760001F040CF040E060913906C8013EDE982EDF
:109770001982CE55DF4F1882C25AD0400E94467FD0
:10978000992009F4F1C06CED74E9C8010E947F7D55
:109790009E012F5F3F4F7901892B09F475C06CED55
:1097A00074E9C8010E944B7D8D5E9E4FFC01EE0F57
:1097B000FF1FE00FF11F808191810E944FF65C0135
:1097C0008FEF8A0D6501DD248A3008F051C067ED06
:1097D00074E9C8010E947F7D892BB9F067ED74E9B7
:1097E000C8010E944B7D8D5E9E4F880F991FF80126
:1097F000E80FF91F608171814FE450E0C7010E94BA
:10980000B0F761961FAE619701C0198289818111FD
:109810000AC08A2D0E9425AFB7010E948668019771
:10982000F9F019821DC08D3221F48A81811101C0A5
:1098300019828A2D0E9425AFB7010E940A6A9F9360
:109840008F93FF92EF92DF92CF9288E49CE69F93F2
:109850008F930E9433F80FB6F894DEBF0FBECDBFD2
:109860004AE0BE016E557F4FC6010E94BFF70CC093
:10987000DF92CF9280E39CE69F938F930E9433F810
:109880000F900F900F900F908DE19CE60E94E35097
:109890006091390687E490E00E94CD629E012E55CA
:1098A0003F4F42E050E06CED74E90E944E516091F0
:1098B000390688E490E00E94CD6297014FE450E0C1
:1098C00067ED74E90E944E51609139068EE590E093
:1098D0000E94CD620E940F5201E010E07E0192E5ED
:1098E000E90EF11C8EE0A82E8CE6B82E97E0C92E6A
:1098F0009CE6D92E802F0E9425AFB7010E94866872
:10990000019711F0F7011082992051F01F930F93E6
:10991000BF92AF920E9433F80F900F900F900F906C
:10992000FF92EF92DF92CF920E9433F80F5F1F4FAA
:109930000F900F900F900F900B301105D9F60E94E9
:109940004F7FC055DF4F0FB6F894DEBF0FBECDBFBF
:10995000DF91CF911F910F91FF90EF90DF90CF900B
:10996000BF90AF909F9008951E141F0444F3B4CF8E
:10997000CF93DF9364E276E02CDE89E59BE69F934C
:109980008F930E9433F88091201F0F900F90609169
:109990002406863109F052C085E290E00E94CD6233
:1099A0009F938F930E9433F883EB92E29F938F9360
:1099B00086E79AE09F938F93CEEDDAE0DF93CF9323
:1099C00087E39BE69F938F930E9433F883E00E9486
:1099D00039962DB73EB7265F3F4F0FB6F8943EBF7E
:1099E0000FBE2DBF882309F457C087E19BE60E9474
:1099F00077AC09900020E9F7CE0189973AE08E3DD7
:109A0000930710F48EED9AE0FC0101900020E9F735
:109A10003197BF01681B790B0E94F097EEEDFAE0D9
:109A200001900020E9F73197AF014E5D5A4060E0A8
:109A300070E08FE09BE60E947E972EC0811114C0DB
:109A400086E290E00E94CD629F938F930E9433F84C
:109A50001092DE0A83E00E9439960F900F908823BF
:109A6000D9F088EE9AE616C08F3119F488E290E0BA
:109A700002C087E290E00E94CD629F938F930E9484
:109A800033F80F900F9083E00E943996882321F0DD
:109A90008EEB9AE60E9477AC0E944F7F82E79AE0B5
:109AA000DF91CF910C948CABEF92FF920F931F93A9
:109AB000CF93DF931F92CDB7DEB78C0163E276E0E0
:109AC00088DDF801EA5FFD4F80819181892B09F4DF
:109AD0009DC066EB7AE6C8010E947F7D892B09F460
:109AE00095C08091201F882321F08551823008F095
:109AF0008DC066EB7AE6C8010E944B7D8D5E9E4F5D
:109B0000FC01EE0FFF1FE00FF11FE080F18003EB7F
:109B100012E2F80101900020E9F741EB54E24E1BFC
:109B20005F0BB701C8010E94A0F71092B024F801A2
:109B300001900020E9F732978081803419F487E1A1
:109B4000808306C063EB7AE683EB92E20E94A8F67C
:109B500082E00E943996882359F08FE99AE60E94A4
:109B600077ACC7010E9436978CE99AE60E94679706
:109B700080E79AE00E9473AB82E79AE00E948CAB88
:109B80001091201F11112DC080E00E9461AF1816A6
:109B900019062CF481E00E9461AF898301C019820B
:109BA000CE0101960E9480AC811101C0198282E031
:109BB0000E943996882351F00E946DAC498150E093
:109BC00060E070E089E79AE60E947E9760E0898114
:109BD00053DB882311F085E101C080E20E9471BB54
:109BE00015C067E77AE6C7010E94BEF6892B71F4BB
:109BF000163161F482E00E943996882321F08BE4CB
:109C00009AE60E9477AC81E00E94B8BF0E94467F2E
:109C100089E29AE69F938F930E9433F8609123061E
:109C200089E290E00E94CD629F938F930E9433F867
:109C300088EC99E69F938F930E9433F860912306F6
:109C40008AE290E00E94CD629F938F930E9433F846
:109C500087E999E69F938F930E9433F860912306DA
:109C60008BE290E00E94CD629F938F930E9433F825
:109C70008BE899E69F938F930E9433F80E944F7F61
:109C80000FB6F894DEBF0FBECDBF0F90DF91CF911E
:109C90001F910F91FF90EF90089560E276E099DCBC
:109CA0000E94467F80912D07811105C0609120069A
:109CB0008BE490E006C010922A07609120068CE4A5
:109CC00090E00E94CD629F938F930E9433F80F9093
:109CD0000F900C944F7FCF93DF93EC016DE176E012
:109CE00078DC41E060911D06CE017FDB8823A9F07E
:109CF000FE01EA5FFD4F80819181892B49F06CE77D
:109D000078E6CE010E947F7D892B11F080E001C0B2
:109D100081E0DF91CF910C94D4AEDF91CF91089583
:109D2000CF93DF93EC016AE376E053DC41E060918E
:109D30003A06CE01DF91CF9158CB0F931F93CF936B
:109D4000DF931F92CDB7DEB78B01BE016F5F7F4FF0
:109D50000E943D599981911105C08DE2F8018083DF
:109D6000118211C04AE0B80190E00E94BFF78981DA
:109D7000823048F0F8018181811105C01282808112
:109D8000818380E380830F90DF91CF911F910F91AA
:109D900008954F925F926F927F928F929F92AF92AF
:109DA000BF92CF92DF92EF92FF920F931F93CF93C8
:109DB000DF93CDB7DEB7CA57D1090FB6F894DEBF2F
:109DC0000FBECDBF8091F9069091FA06019690934F
:109DD000FA068093F90688E291E20E948CAB80E05B
:109DE0000E948682CE0186589F4F0E945359882335
:109DF00009F486C2EB968FADEB97863A09F46FC1F2
:109E000068F4833A09F43FC028F49FEF980F9F3716
:109E100098F074C2853A09F449C070C28C3A09F4CA
:109E200035C220F48A3A09F456C268C290E5980F08
:109E30009A3008F45FC162C282E00E94399688239A
:109E400061F00E946DACEB964FADEB9750E060E097
:109E500070E084E69DE80E947E978091201F81112A
:109E600011C281E00E9471BBEB968FADEB97880F1A
:109E70008093F20C80913D08811142C28091F20CD6
:109E800080933E083DC282E00E943996882321F0EB
:109E90008CE39DE80E9477AC8091201F813009F00F
:109EA000F1C186EA0E94625882E012C28091201FAE
:109EB0008D3009F0D0C082E00E943996882321F0CD
:109EC00083E19DE80E9477AC8EE00E9471BB81E047
:109ED00080934208CE0189599F4F0E947984AA96A7
:109EE0005FADAA97AB964FADAB97E0968EAD9FADA9
:109EF000E097AE963FADAE97AD962FADAD971F9262
:109F00005F931F924F939F938F931F923F931F9244
:109F10002F938DE293E89F938F938E010F5F1F4FD6
:109F20001F930F930E945AF8809106088D7F0FB6F9
:109F3000F894DEBF0FBECDBF813039F080910608A6
:109F40008250823008F073C04DC06FE185EE9CE115
:109F50000E94A1596FE185EE9CE10E94A1596FE139
:109F600085EE9CE10E94A15962E085EE9CE10E9491
:109F7000A15968E085EE9CE10E94A1596BE185EE54
:109F80009CE10E94A15985E10E943996882321F025
:109F90008AE293E80E946797D12CF8010190002093
:109FA000E9F73197E01BF10BED2CF12CEE16FF06D3
:109FB00028F6E00EF11E63E0F70180810E94105642
:109FC0008F3F71F0682F85EE9CE10E94A15985E1D9
:109FD0000E943996882321F0F70180810E945397CF
:109FE000D394DBCF37E0F32E6FE18EEA91E20E944B
:109FF000A159FA94F110F8CF62E08EEA91E20E9442
:10A00000A15968E08EEA91E20E94A1596BE18EEAC3
:10A0100091E20E94A159F80101900020E9F73197DF
:10A02000E01BF10B8F2D90E08E179F0720F083E04F
:10A030008093AA2165C1F801E80FF91F63E08081D0
:10A040000E9410568F3F29F0682F8EEA91E20E94FD
:10A05000A159F394E0CF853179F482E00E943996DA
:10A06000882321F085EE9CE80E9477AC84E497E099
:10A070000E94798486E12CC1893159F482E00E94E2
:10A080003996882321F08AEB9CE80E9477AC82E124
:10A090001FC1843359F482E00E943996882321F04D
:10A0A00080E99CE80E9477AC85E312C180919921F8
:10A0B000882399F082E00E943996882359F00E9403
:10A0C0006DAC4091201F50E060E070E08EE49CE8B1
:10A0D0000E947E971092992113C185EA0FC182E0F8
:10A0E0000E943996882321F086E29CE80E9477AC92
:10A0F00086EA04C182E00E943996882381F00E949A
:10A100006DACEB964FADEB9750E0405B5109052EDF
:10A11000000C660B770B82E09CE80E947E97809192
:10A12000201F823009F0AEC08091C81C8111AAC0E6
:10A13000E0910108E11124C0EB968FADEB97803BD5
:10A14000F9F482E00E943996882321F08DEC9BE897
:10A150000E9477AC1092B32280913A08882339F09C
:10A1600083EA0E94625881E08093992107C085EAC2
:10A170000E9462588EE69AE00E948CAB89E2A8C0E9
:10A18000209102083091030840910408509105087D
:10A19000AAE0B0E00E9445F6EB962FADEB9730E0D9
:10A1A0006901F0EBCF1AD1080D2C000CEE08FF0866
:10A1B000C60ED71EE81EF91EC0920208D0920308F0
:10A1C000E0920408F0920508EF5FE09301088AE945
:10A1D00097E00E948CAB10929C07109299072DE992
:10A1E00037E040E0C701B6010E942F9E882309F4A2
:10A1F00040C080910108853040F08091C90790915E
:10A20000CA0721E08227817001C080E0182F1170F9
:10A2100060E08DE997E00E94509E82E00E943996AE
:10A22000882371F00E946DAC40919D0750919E076C
:10A2300060919F077091A0078BE99BE80E947E9731
:10A2400011110E94B2C58091C90780FF0EC061E064
:10A250008DE997E00E94F6C5882379F081E00E949D
:10A26000B8BF81E080939C0708C081E08093990784
:10A2700004C08DE997E00E94269C8AE997E00E943D
:10A280008CAB3EC0EB968FADEB9738C082E00E945E
:10A290003996882321F08EE79BE80E9477AC809165
:10A2A000201F833171F081E00E943996882321F0CC
:10A2B00088E59BE80E9477ACEB968FADEB970E9408
:10A2C000C7AB1092B3221092760A1092750A80E200
:10A2D0000E9471BB15C082E00E943996882321F04C
:10A2E0008EE39BE80E9477AC8091201F882379F34E
:10A2F0008CEA0E9462580E94CEABE9CF0E94C7ABA5
:10A300000E94A5AB882391F18091ED0C9091EE0C09
:10A3100081319E4058F181E00E943996882321F0D6
:10A320008FE19BE80E9477AC6091AE2280E190E0E3
:10A330000E94CD6261E00E94CCBA81E00E94B8BF69
:10A3400081E08093C71C8091AB219091AC218E3F1E
:10A3500041E0940758F4FC01EF5DF04E23E02083C8
:10A3600002969093AC218093AB21118286E890E015
:10A370000E94EE8A8C010F3F8FEF180709F4C4C0CA
:10A3800082E00E943996882351F10E9464980E94CD
:10A390006DACA801012E000C660B770B86E093E8EC
:10A3A0000E947E9782E392E0089F7001099FF00C63
:10A3B000189FF00C1124F701E451F04F668177816A
:10A3C000808591850E94B6978EEF92E80E946797EC
:10A3D000C701825F9F4E0E94D6970E946998809124
:10A3E000C81C811121C08091201F811114C082E0FE
:10A3F0000E943996882341F00E94649881EF92E888
:10A400000E9467970E946998109333250093322524
:10A410000E9483BF79C081E00E943996882309F4A5
:10A420004AC08CED92E845C08230E1F5809132253A
:10A43000909133250196B1F582E392E0089FF001F7
:10A44000099FF00D189FF00D1124E451F04F468143
:10A450005781608571858091680A9091690AA09101
:10A460006A0AB0916B0A481759076A077B0791F48B
:10A4700081E00E943996882321F082EC92E80E94C4
:10A480006797109333250093322582E69AE00E9465
:10A490008CAB3AC081E00E943996882361F08CE948
:10A4A00092E807C081E00E943996882321F087E86E
:10A4B00092E80E94679782E00E943996882321F0F3
:10A4C0008BE592E80E94679780916C0A90916D0AE3
:10A4D0008F3FFFEF9F0711F00C9467E710936D0A11
:10A4E00000936C0A80E69AE00E948CAB8091201F5A
:10A4F00021E08F3111F00C9476E74DE152E865E0F0
:10A5000070E0C8010E944B928091201F803299F424
:10A510008091CB1C9091CC1C892B69F082E00E9429
:10A520003996882321F083EC91E80E9477AC109251
:10A53000CC1C1092CB1C80913225909133258F3FFB
:10A540002FEF920709F471C00E941E8B81116DC01C
:10A550008091CB1C9091CC1C892B09F066C0809116
:10A56000AF22813021F090F0823091F50FC08091C0
:10A57000C71C81110BC081E00E943996882309F421
:10A580003FC08BE891E80E9477AC3AC082E00E941D
:10A590003996882341F00E94649887E591E80E94EB
:10A5A00077AC0E9469981092C81C1092680A1092A9
:10A5B000690A10926A0A10926B0A1092C71C1092D4
:10A5C000AC211092AB211092CC1C1092CB1C18C065
:10A5D0008091C71C811103C08DE291E807C082E021
:10A5E0000E943996882321F089EF90E80E9477AC89
:10A5F0008091201F8333B9F680E20E9471BBD3CFD4
:10A6000080913225909133250E94308B89EC9CE11A
:10A610000E948CAB84E69AE00E948CAB8FEF9FEF98
:10A62000909333258093322501C3809132259091F8
:10A630003325019609F4E3C08091C71C8823D9F122
:10A6400082E69AE00E9497AB8739910568F1809184
:10A65000AB219091AC21892B39F58091CB1C909145
:10A66000CC1C892B09F582E00E943996882321F0C1
:10A6700089ED90E80E9477AC809132259091332546
:10A680000E94308B8FEF9FEF90933325809332257C
:10A690001092C81C1092680A1092690A10926A0AF5
:10A6A00010926B0A1092C71C80913225909133252D
:10A6B000019609F4A4C08091CB1C9091CC1C81150B
:10A6C000924008F09CC089EC9CE10E948CAB809188
:10A6D0003225909133250E9492938C011816190609
:10A6E0000CF08DC08091CB1C9091CC1C800F911FE1
:10A6F0008130924050F181E00E9439968823C1F068
:10A700000E946DACA801110F660B770B83EA90E8ED
:10A710000E947E978091CB1C9091CC1C40E052E02F
:10A72000481B590B60E070E080E990E80E947E973A
:10A730008091CB1C9091CC1C40E052E08A01081B18
:10A74000190B101611060CF05AC04091CB1C5091F9
:10A75000CC1C475E524EB801809132259091332532
:10A760000E94F2927C01E091CB1CF091CC1CE75E40
:10A77000F24E8081883011F00E946C9884E00E9433
:10A780003996882379F10E9464980E946DACA801E3
:10A79000110F660B770B8BE790E80E947E97A7015D
:10A7A0000F2C000C660B770B87E790E80E947E97D2
:10A7B0001E141F044CF48091CB1C9091CC1CB7014B
:10A7C000875E924E0E94F0974091CB1C5091CC1C1A
:10A7D0004E0D5F1D60E070E085E690E80E947E9778
:10A7E0000E9469981E141F0454F48091CB1C909110
:10A7F000CC1CE80EF91EF092CC1CE092CB1C809190
:10A80000C81C882309F48BC08091AF22813049F5A0
:10A8100082E79CE00E9497AB8039914010F18091D3
:10A82000AB219091AC21892BE1F4809141088111F9
:10A8300018C08091C71C811114C08091322590915D
:10A840003325019671F01092211F1092221F82E091
:10A8500090E09093AC218093AB2182E79CE00E9432
:10A860008CAB8091C81C813009F059C08091322591
:10A8700090913325019609F059C08091AB219091B8
:10A88000AC21892B09F43AC18091C71C811136C1D2
:10A8900084E69AE00E9497AB893C910508F43FC09A
:10A8A0004091660A5091670A6091680A7091690A3E
:10A8B00080916A0A90916B0A0E94059490933325C7
:10A8C000809332250196A1F481E00E943996882375
:10A8D00021F08DE390E80E9477AC8FEF9FEF90938B
:10A8E00033258093322584E69AE00E948CAB9EC18A
:10A8F00081E00E943996882371F00E946DAC4091EE
:10A90000322550913325052E000C660B770B8FE016
:10A9100090E80E947E9782E69AE00E948CAB80913C
:10A92000322590913325019609F4E8C08091AB213E
:10A930009091AC21892B09F4E1C0809141088111EB
:10A940001EC0E090AB21F090AC2121E0E21622E0A5
:10A95000F20618F0E12C92E0F92E20E041E25FE1EE
:10A96000B70180913225909133250E944B928C0142
:10A9700084E00E943996882309F445C008C084E623
:10A980009AE00E9497AB87399105D8F6B7C00E942C
:10A990006DACA70160E070E08AEF9FE70E947E97B0
:10A9A000B70181E29FE10E94F097A801012E000CFF
:10A9B000660B770B8EEE9FE70E947E9710161106AE
:10A9C0007CF44091AB215091AC210417150740F461
:10A9D000401B510B60E070E084EE9FE70E947E9781
:10A9E000409146085091470860E070E089ED9FE78C
:10A9F0000E947E974091460850E060E070E081ED53
:10AA00009FE70E947E97101611060CF457C08091A4
:10AA100041088F5F809341088A3008F44CC08091D0
:10AA2000C71C882351F181E00E943996882321F0C8
:10AA300089E89FE70E9477AC809132259091332579
:10AA40000E94308B8FEF9FEF9093332580933225B8
:10AA50001092C81C1092680A1092690A10926A0A31
:10AA600010926B0A1092C71C1092AC211092AB216D
:10AA70001092CC1C1092CB1C1EC081E00E94399613
:10AA8000882321F087E39FE70E9477AC6091AE2294
:10AA900081E090E00E94CD6262E00E94CCBA809199
:10AAA0003225909133250E94308B8FEF9FEF90934A
:10AAB00033258093322584E69AE01EC0E090AB21D6
:10AAC000F090AC210E151F0578F4E01AF10AB801D8
:10AAD0006F5D704EA70181E29FE10E9431F7F09215
:10AAE000AC21E092AB2104C01092AC211092AB21BA
:10AAF0001092410882E69AE00E948CAB0E94A5ABBE
:10AB00008823D1F08091AF228230B1F42091322598
:10AB10003091332582E392E0289FF001299FF00DC8
:10AB2000389FF00D1124E451F04F8081803121F4E1
:10AB30008EE190E0978B868B8091C81C882399F1D9
:10AB40008091322590913325019669F589EC9CE13D
:10AB50000E9497AB883B9B4030F181E00E94399680
:10AB6000882321F08DEF9EE70E9477AC6091AE22A2
:10AB700082E090E00E94CD6262E00E94CCBA109226
:10AB8000C81C1092C71C1092680A1092690A109291
:10AB90006A0A10926B0A1092AC211092AB211092AB
:10ABA000CC1C1092CB1C80916C0A90916D0A8F3F47
:10ABB000EFEF9E07D9F10E941E8B811115C082E034
:10ABC0000E943996882321F087EC9EE70E9477AC9B
:10ABD00080916C0A90916D0A0E94308B8FEF9FEFED
:10ABE00090936D0A80936C0A80916C0A90916D0A23
:10ABF0000196E1F080E69AE00E9497AB8C3291409A
:10AC0000A8F082E00E943996882321F080EA9EE72E
:10AC10000E9477AC80916C0A90916D0A0E94308BF3
:10AC20008FEF9FEF90936D0A80936C0A8091201FA5
:10AC30008B3091F56091CB1C7091CC1C6530710507
:10AC400058F124E030E04BE95EE789E19DE10E94A4
:10AC50000BF7892B09F182E00E943996882391F045
:10AC60000E946DAC85E09BE80E9467976091CB1CC9
:10AC70007091CC1C89E19DE10E94F09782E09BE8F5
:10AC80000E9467971092CC1C1092CB1C81E080939D
:10AC9000C71C80E20E9471BB8091C81C811110C04A
:10ACA0008091201F843041F095EF980F943020F070
:10ACB0008353833008F0A7C180E00E94B8BFA3C1CE
:10ACC0008091AF22813009F498C018F0823009F0E9
:10ACD00093C18091CB1C9091CC1C892B11F00E94C8
:10ACE00029C08EEA91E20E94CF59082F10E0011589
:10ACF000110541F080E79AE00E9473AB0531110520
:10AD00009CF407C085EE9CE10E947C5981117BC1B7
:10AD1000F1CF012B09F477C186E79CE00E9497AB45
:10AD20008035910508F46FC110E000E485E2F82E4B
:10AD30002FC08091AB219091AC21833F914070F561
:10AD40008EEA91E20E94BE596AEA71E20E94F555CC
:10AD50002091AB213091AC21F901EF5DF04E8730AD
:10AD600019F5F082F901EF5DF04E8081882381F0C2
:10AD70002F5F3F4F3093AC212093AB218091460849
:10AD800090914708019690934708809346081F5F6B
:10AD90008EEA91E20E947C59882359F28091C6186C
:10ADA000833009F024C106C0873111F40083DACF63
:10ADB0008083D8CF112309F41AC10E946DAC409151
:10ADC000460880914308481B50E060E070E081E94C
:10ADD0009EE70E947E97412F50E060E070E08DE892
:10ADE0009EE70E947E974091460850E060E070E048
:10ADF00087E89EE70E947E97FAC08091CB1C9091D5
:10AE0000CC1C892B11F00E9429C08EEA91E20E948D
:10AE1000CF59082F10E00115110541F080E79AE0A5
:10AE20000E9473AB0531110594F407C085EE9CE1D7
:10AE30000E947C59882391F397C0012B09F494C098
:10AE400086E79CE00E9497AB8035910548F08091A1
:10AE5000AB219091AC21823F914008F085C007C0A2
:10AE6000909146088091430898137EC0F0CF8EEAF7
:10AE700091E20E94CF59082F10E08091AB21909170
:10AE8000AC2123EF31E0281B390B2333310510F0BF
:10AE900022E330E02017310708F489018091C618B9
:10AEA000833001F50E946DAC4091460880914308C3
:10AEB000481B50E060E070E088E19CE70E947E97CC
:10AEC000A80160E070E084E19CE70E947E97809199
:10AED0004608A801480F511D60E070E08EE09CE735
:10AEE0000E947E978091AB219091AC21FC01EF5D97
:10AEF000F04E22E0208302969093AC218093AB2108
:10AF000001838091460890914708800F911F90938C
:10AF10004708809346080115110519F18EEA91E260
:10AF20000E94BE59F82E8091AB219091AC219C01DA
:10AF30002F5F3F4F3093AC212093AB21FC01EF5D9D
:10AF4000F04EF08285E10E943996882339F06AE953
:10AF500078E18F2D0E94F5550E94539701501109F9
:10AF6000DACF81E0809342088091201F8E3019F063
:10AF7000843009F048C080914208882329F08091EC
:10AF8000C71C882349F03FC082E79CE00E9497AB32
:10AF90008F359140A0F737C080914108811133C0AF
:10AFA0008091AB219091AC21823FF1E09F0758F551
:10AFB00020913225309133252F3F3F4F21F18C01D5
:10AFC0000F5D104E26E0F801208321E021830396D7
:10AFD0009093AC218093AB21F090440885EE9CE1E6
:10AFE0000E94CF59F81AF801F2821092420882E7C3
:10AFF0009CE00E948CAB07C08AEE9AE80E9477AC76
:10B0000082E08093AF228091201F823021F585EE6F
:10B010009CE10E947C5981111EC082E00E943996F9
:10B02000882321F08FEA9AE80E9477AC80913A0851
:10B03000882339F083EA0E94625881E08093992145
:10B0400007C085EA0E9462588EE69AE00E948CABA7
:10B0500084E00E9471BB8091201F8C3009F04BC0AE
:10B0600080913F080E94A2AD882329F183EA0E94C3
:10B0700062588DE00E9471BB82E00E94399688235D
:10B08000A9F00E946DAC40913F0850E060E070E094
:10B090008DE99AE80E947E974091F20C469550E027
:10B0A00060E070E08AE89AE80E947E9784E497E086
:10B0B0000E94798420C081E00E943996882359F04B
:10B0C0000E946DAC40913F0850E060E070E08AE67D
:10B0D0009AE80E947E976091AE228FE090E00E94F5
:10B0E000CD6261E00E94CCBA86E69AE80E9420AD6B
:10B0F00080E20E9471BB8091201F893209F0C2C09A
:10B1000001E717E0F3EBEF2EF2E2FF2EAEE0DA2ECE
:10B11000B0E2CB2E8EEA91E20E947C598111B2C03E
:10B120008EEA91E20E94BE596AEA71E20E94F555E8
:10B13000F80101900020E9F731979F01215737402E
:10B14000B22E8D3019F08A3009F071C0BB2011F396
:10B150008CE49AE80E9477AC81E797E00E943697EA
:10B160004B2D50E060E070E08FE39AE80E947E97FC
:10B170006CE37AE883EB92E20E94A8F6F2E0FB151A
:10B1800068F06091AE2283E190E00E94CD62BC0144
:10B1900083EB92E20E94A8F682E146C081E39AE83E
:10B1A0000E947CC5882349F18AE0898389E28A83E9
:10B1B00048E250E061E777E0CE0104960E94B0F7E4
:10B1C00081E08B8320E0AE014F5F5F4F6BE270E068
:10B1D00080912407909125070E944B928AE20E9459
:10B1E00071BB6091AE2282E190E00E94CD62BC0111
:10B1F00083EB92E20E94A8F645C06091AE2283E004
:10B2000090E00E94CD62BC0183EB92E20E94A8F61E
:10B210006091AE2285E190E00E94CD62BC0183EB9B
:10B2200092E20E94A8F68BE20E9471BB2BC087318C
:10B2300071F4F70101900020E9F73197E35BF242E6
:10B24000FF27ED54FD4DD082C182128263CF803240
:10B2500008F460CF833209F45DCF46E2421708F468
:10B2600059CF803219F4222309F454CFF901FF2772
:10B27000EF58F84F80832F5FE22FF0E0EF58F84F40
:10B28000108248CF8091201F8B52823008F0A4C0DA
:10B2900003EB12E27E0195E0E90EF11C74E2C72E89
:10B2A0007AE8D72EEEE1AE2EEAE8BE2E8091B322E8
:10B2B000811192C0BE016F5F7F4F85E697E00E94CB
:10B2C000279F81111EC08091201F6091AE228B327A
:10B2D00059F488E190E00E94CD62BC0183EB92E2D8
:10B2E0000E94C7F689E20AC087E190E00E94CD6221
:10B2F000BC0183EB92E20E94C7F682E10E9471BB1F
:10B300006BC0BE016F5F7F4F81E797E00E94F2A1A3
:10B31000882361F28FA5882349F28CE20E9471BBD9
:10B32000F80101900020E9F7FF92EF922C812F9312
:10B330002B812F932A812F9329812F93DF92CF92F4
:10B34000CF0101979F938F930E945AF80FB6F894FC
:10B35000DEBF0FBECDBF8FA5853028F4833050F5FA
:10B36000813098F109C0853039F0863071F56091EF
:10B37000AE2282E790E022C06F962FAD6F97222316
:10B38000A1F0F80101900020E9F71F922F93BF92DE
:10B39000AF92CF0101979F938F930E945AF80F901D
:10B3A0000F900F900F900F900F906091AE2281E759
:10B3B00090E004C06091AE2280E790E00E94CD62F0
:10B3C000BC0183EB92E20E94A8F66BE17AE883EB82
:10B3D00092E20E94A8F66ACF8091201F823089F401
:10B3E00080919C07811112C080910108853070F016
:10B3F0008AE997E00E9497AB883C910510F00E9483
:10B40000B2C58091201F823009F042C08AE997E0DE
:10B410000E9497AB843F9140E0F080919907882388
:10B42000C1F08091C81C811114C08091CB07882382
:10B4300081F01092990760E08DE997E00E94F6C5CF
:10B44000823039F489EE91E00E9499BE81E00E9439
:10B45000B8BF8091201F8230D9F48AE997E00E941A
:10B4600097AB8C3D9540A0F08091C81C811110C015
:10B4700081E00E943996882321F083EF99E80E94A9
:10B4800077AC8DEE91E00E9499BE81E00E94B8BF3A
:10B490008091201F833199F484E79CE00E9497AB50
:10B4A0008D32914060F081E00E943996882321F02E
:10B4B00083EC99E80E9477AC80E20E9471BB809196
:10B4C000201F8D30B9F484E79CE00E9497AB893B44
:10B4D0009B4080F081E00E943996882321F081E929
:10B4E00099E80E9477AC81E00E94B8BF8DE899E8A6
:10B4F0000E9420AD0E94A5AB8823B9F080E79AE0B6
:10B500000E947EABCD9788F081E00E943996882317
:10B5100021F086E699E80E9477AC81E00E94B8BFEE
:10B520000E94CEAB80E20E9471BB80911F1F8823D6
:10B5300009F4B3C09091201F923109F494C09F3157
:10B5400009F480C09111A7C0813011F48FE17DC052
:10B5500080913C08811103C081E080933C08609198
:10B56000AE2289E190E00E94CD62BC0183EB92E2C1
:10B570000E94C7F603EB12E2F80101900020E9F700
:10B58000AF014150510960911701709118018091EC
:10B59000190190911A010E94827463E679E8C8014A
:10B5A0000E94A8F6CE0101960E9479846091AE2295
:10B5B0008AE190E00E94CD62F80101900020E9F755
:10B5C0009F938F93CF0101979F938F930E945AF877
:10B5D0006A815B814C81888599853F812E81F80144
:10B5E00001900020E9F71F926F931F925F931F92C3
:10B5F0004F939F938F931F923F931F922F9381E4BA
:10B6000099E89F938F938F01015011091F930F9316
:10B610000E945AF80FB6F894DEBF0FBECDBF03EB01
:10B6200012E2F80101900020E9F73197E35BF24262
:10B63000E93CF14080F56CE079E883EB92E20E940E
:10B64000A8F6EFCF813021F480E20E9471BB23C0C5
:10B6500081E00E947D820E9422A381E00E94868276
:10B660000E94029618C082E00E943996882321F039
:10B670008DED98E80E9477AC0E943EAF83E10E9476
:10B6800071BB1092B3221092760A1092750A85EE61
:10B690009CE10E94785910921F1F8091201F8111F8
:10B6A00067C003EB12E28091B322811161C08091E7
:10B6B000E221882309F45CC0909100078091AA22BE
:10B6C000891708F44FC08091CD1C8093A62160910A
:10B6D000AE228BE190E00E94CD62BC01C8010E94C5
:10B6E000C7F6F80101900020E9F7BF016150710928
:10B6F0008091F30C0E949DCE6AED78E8C8010E940B
:10B70000A8F6F80101900020E9F741EB54E24E1B46
:10B710005F0B62EE71E2C8010E94A0F71092AD24A7
:10B7200065ED78E8C8010E94A8F682E00E9439968B
:10B730008823C1F084E00E943996811113C085EC02
:10B7400098E80E9477ACF80101900020E9F7319762
:10B75000BF01635B7242C8010E94F09782EC98E8D7
:10B760000E9467971092E221109200071092CD1C60
:10B770008091201F81112EC08091B322882351F126
:10B7800082E00E9439968823A9F080EB98E80E9415
:10B7900077ACE3EBF2E201900020E9F73197BF01CB
:10B7A000635B724283EB92E20E94F0978DEA98E825
:10B7B0000E94679761E08091A6210E943CC988237E
:10B7C00031F089E10E9471BB1092A62103C080E292
:10B7D0000E9471BB0E94AAC78091201F863109F088
:10B7E00054C08EEA91E20E947C5981110FC08EEA0A
:10B7F00091E20E94BE596AEA71E20E94F5550E94E8
:10B8000057AD80E79AE00E9473ABEBCF8091B322F3
:10B8100081113BC08091760A811137C08091B2229C
:10B82000811133C085EE9CE10E947C59882369F127
:10B830008EEA91E20E947C59882339F18091322569
:10B8400090913325019631F08091CB1C9091CC1CC6
:10B85000892BD9F482E79AE00E9497AB883B9B4002
:10B8600050F082E00E943996882361F084E898E8DD
:10B870000E9477AC07C080E79AE00E947EAB4E97AB
:10B8800080F703C081E00E94B8BF8091201F823101
:10B8900001F58091B322811140C08091760A811117
:10B8A0003CC08091B222811138C085EE9CE10E949B
:10B8B0007C59882371F082E00E943996882321F018
:10B8C0008BE598E80E9477AC0E943EAF83E10E942E
:10B8D00071BB8091201F803201F5809132259091BB
:10B8E00033250196D1F48091C81C811116C082E0E5
:10B8F0000E943996882341F00E9464988CE198E870
:10B900000E9477AC0E9469981092F20C80E00E942D
:10B9100071BB81E097E00E94F1B280915A0A909148
:10B920005B0A8F3F3FEF930709F492C00E94929306
:10B930008C01181619060CF08BC0E12C62E0F62E73
:10B940008091540890915508F701E81BF90B0E17E8
:10B950001F0740F181E00E9439968823B9F00E94C8
:10B960006DACA801110F660B770B8FE99BE70E9466
:10B970007E978091540890915508A701481B590B58
:10B9800060E070E08CE89BE70E947E97809154080D
:10B990009091550800E012E0081B190B10161106D3
:10B9A0000CF056C040915408509155084A5A574FD0
:10B9B000B80180915A0A90915B0A0E94F2927C0130
:10B9C00085E00E943996882301F10E946DACA801A0
:10B9D000110F660B770B81E79BE70E947E97A7010B
:10B9E0000F2C000C660B770B8DE69BE70E947E9771
:10B9F0001E141F04A4F48091540890915508B701B7
:10BA00008A5A974F0E94F0970AC084E00E943996A4
:10BA1000882389F0809156088111D7CF0CC04091BE
:10BA20005408509155084E0D5F1D60E070E08BE5A5
:10BA30009BE70E947E971E141F0454F480915408C3
:10BA400090915508E80EF91EF0925508E0925408BE
:10BA500000915408109155080115110509F4FDC015
:10BA600080915608843009F49CC038F4882309F486
:10BA700086C0833009F497C0B8C0823819F0833883
:10BA800069F1B3C080915C0A813019F482E080933F
:10BA90005C0A8EE498E00E948CAB0230110530F015
:10BAA0000091570810E00E5F1F4F02C001E010E048
:10BAB0001092580780914A08882359F06091AE226D
:10BAC00084E090E00E94CD6261E00E94CCBA1092C6
:10BAD0004A088BE498E00E9473ABA3C08091C81C15
:10BAE00081112DC08091201F811129C082E00E9408
:10BAF0003996882321F08AE19BE70E9477AC84E89D
:10BB0000809356081092570882E090E09093550871
:10BB1000809354080E94FEAD80915A0A90915B0A6E
:10BB200090933325809332258FEF9FEF90935B0A9C
:10BB300080935A0A10925C0A0E9483BF71C282E00D
:10BB40000E943996882321F089ED9AE70E9477AC0C
:10BB500084E08093560883E0809357088FE68093B3
:10BB6000580883E68093590880935A0885E090E04E
:10BB7000909355088093540800E010E052C08EE482
:10BB800098E00E948CAB8BE498E00E9473AB02308B
:10BB9000110508F444C00091570810E00E5F1F4FD4
:10BBA00040C00E945CBB82E00E943996882321F04D
:10BBB0008EEA9AE70E9477AC0091540810915508DC
:10BBC00080915A0A90915B0A0E94308B8FEF9FEF11
:10BBD00090935B0A80935A0A82E598E00E948CABAE
:10BBE00010925C0A0E94DFAC1CC081E00E94399672
:10BBF000882381F08EE79AE70E9477AC6091540821
:10BC00007091550886E598E00E94F09788E69AE7DB
:10BC10000E946797009154081091550802C001E0F6
:10BC200010E040915408509155080417150728F06A
:10BC3000109255081092540810C0101611066CF49A
:10BC4000401B510B5093550840935408B8016A5A51
:10BC5000774F86E598E00E9431F780915A0A9091DB
:10BC60005B0A8F3FFFEF9F0741F10E941E8B8111FE
:10BC700024C082E00E943996882379F080915C0A82
:10BC8000843029F489E39AE70E9477AC06C086E005
:10BC90009AE70E9477AC0E94DFAC8FEF9FEF909302
:10BCA0005B0A80935A0A10925C0A82E598E00E942F
:10BCB0008CAB109255081092540880915C0A823027
:10BCC00059F48EE498E00E9497AB8C3A9D4068F05E
:10BCD00083E080935C0A10C0813039F48EE498E0F0
:10BCE0000E9497AB843C994098F7809154089091BA
:10BCF0005508892B09F094C19091201F80915C0A0E
:10BD0000911107C090915D0A992319F0833009F0D1
:10BD10006AC08B7F09F453C082E00E943996882361
:10BD200021F08CEE99E70E9477AC8091201F882348
:10BD300021F090915D0A91110FC083E08093560825
:10BD400082E0809357088EE68093580883E68093BC
:10BD5000590884E090E01EC08F3169F483E080933D
:10BD600056088093570881E68093580882E68093AE
:10BD7000590883E70BC083E08093560880935708E7
:10BD80008FE68093580883E68093590880935A0879
:10BD900085E090E0909355088093540884E0809368
:10BDA0005C0A82E598E00E948CAB8EE498E00E94E9
:10BDB0008CAB8CE291E09093510880935008809175
:10BDC0005C0A81110CC082E598E00E948CAB8EE485
:10BDD00098E00E948CAB8BE498E00E9473AB80915A
:10BDE000201F8111E3C080915D0A882309F4DEC021
:10BDF00080915C0A8111DAC082E598E00E9497ABDD
:10BE000020915008309151088217930708F4E9C037
:10BE100080914A08811112C08BE498E00E947EABA9
:10BE2000CC9760F06091AE2283E090E00E94CD62FA
:10BE300061E00E94CCBA81E080934A0880914D086D
:10BE400018E2189FC001112486549B4D0E9416745D
:10BE5000611571058105910549F480914D08189F80
:10BE6000C001112486549B4D0E94FE706F3F4FEF1E
:10BE700074078407940701F581E00E9439968823AE
:10BE800091F082ED99E70E9477AC80914D08E8E24D
:10BE90008E9FC001112486549B4D0E94369785ECDD
:10BEA00099E70E9467978FEF9FEF90935B0A8093CB
:10BEB0005A0A0E94DFACB0C040914808509149082E
:10BEC0000E9405948C0190935B0A80935A0A82E544
:10BED00098E00E948CAB0F3F1F4F01F581E00E945C
:10BEE0003996882391F084EB99E70E9477AC809192
:10BEF0004D0828E2829FC001112486549B4D0E9468
:10BF0000369783E999E70E9467978FEF9FEF9093A9
:10BF10005B0A80935A0A0E94DFAC82C082E00E94D2
:10BF20003996882391F084E899E70E9477AC809154
:10BF30004D0838E2839FC001112486549B4D0E9416
:10BF400036978BE699E70E94679781E880935608B9
:10BF500086E0809357088091610790916207A091D5
:10BF60006307B09164078093580890935908A09391
:10BF70005A08B0935B0880915F0790916007909397
:10BF80005D0880935C0888E090E09093550880936A
:10BF9000540881E080935C0A8EE498E00E948CABA8
:10BFA0008CE291E0909351088093500880915C0A54
:10BFB0008230B9F48091540890915508892B89F406
:10BFC00082E598E00E9497AB8C3D954050F010922E
:10BFD00056081092570882E090E09093550880939D
:10BFE00054080E94FEAD80915C0A8430C9F482E559
:10BFF00098E00E9497AB8D32914090F080915A0A60
:10C0000090915B0A0E94308B8FEF9FEF90935B0AB9
:10C0100080935A0A10925C0A82E598E00E948CABE9
:10C0200080911E07882309F484C2409161075091D2
:10C030006207609163077091640740315742610560
:10C04000710508F476C2813009F06EC08091201F1E
:10C05000882319F08F3109F067C0C0902407D09071
:10C0600025072FEFC216D20609F05EC087E098E8D8
:10C070000E947CC581110EC08FE090E00E948FBAB3
:10C080002AE530E0281B390B3093200720931F0747
:10C0900085E044C081E0898388E08A8380916107DC
:10C0A00090916207A0916307B09164078B839C8392
:10C0B000AD83BE8380915F079091600798878F83DF
:10C0C00080915D0790915E079A87898720E0AE0195
:10C0D0004F5F5F4F6AE070E08091240790912507E1
:10C0E0000E944B927C010A8110E00E5F1F4F801767
:10C0F000910779F080912407909125070E94308B59
:10C10000D0922507C09224078091230790E00E94D7
:10C1100059C4E016F10609F0AFCF82E080931E0704
:10C1200081E297E00E9473AB809110078111FAC001
:10C130008091160790911707019609F0AEC1809182
:10C140001A0790911B07892B09F4A7C180911E073C
:10C150008350823020F08CE197E00E948CAB80917C
:10C16000201F882331F08F3121F08CE197E00E946D
:10C170008CAB8091322590913325019651F48091BA
:10C18000240790912507019621F48091E2218823CC
:10C1900021F08CE197E00E948CAB8CE197E00E944B
:10C1A00097AB20911807309119072817390708F025
:10C1B00074C1C0905907D0905A07E0905B07F09087
:10C1C0005C07C114D104E104F10421F483E08093FD
:10C1D0001007A8C08091F1069091F206A091F30695
:10C1E000B091F4062091F9063091FA068227932740
:10C1F0009093150780931407892B31F481E090E028
:10C20000909315078093140710921307109212074A
:10C2100081E097E00E94E8B240915D0750915E078F
:10C22000C701B6010E9405949093170780931607E3
:10C230008F3FFFEF9F07A9F481E00E943996882382
:10C2400021F08AED97E80E9477AC8FEF9FEF9093F3
:10C25000170780931607809111078F5F809311074E
:10C2600047C028E0298322E02A83209114073091D7
:10C2700015073B832C8321E02093100720E0AE01BB
:10C280004F5F5F4F64E070E00E944B920497F9F4B7
:10C2900083E00E943996882369F185E00E943996EF
:10C2A000811102C00E945C980E9464980E946DAC4B
:10C2B0004091160750911707052E000C660B770B5F
:10C2C0008AEA97E80E947E970E94699813C081E0ED
:10C2D0000E943996882321F082E897E80E9477AC83
:10C2E000809111078F5F8093110782E08093100780
:10C2F000109203078CE197E00E948CAB80911A07A3
:10C3000090911B0724E6289F8001299F100D11247E
:10C3100087E090E00E948FBA081B190B1093190751
:10C320000093180780911007813009F0B6C0809102
:10C33000120790911307009709F45DC0209114072C
:10C340003091150782179307B1F583E00E94399663
:10C35000882379F00E94649886E597E80E9477AC7C
:10C360000E94699885E00E943996811102C00E945E
:10C3700071981092110780911A0790911B0724E67B
:10C38000289F8001299F100D11248FE390E00E94C7
:10C390008FBA081B190B1093190700931807809187
:10C3A0001E07843001F580E397E80E9477AC83E0B4
:10C3B00080931E0718C081E00E943996882321F0DF
:10C3C00086E097E80E9477AC809111078F5F809399
:10C3D000110787E390E00E948FBA8C509E4F909394
:10C3E0001907809318078CE197E00E948CAB82E0DC
:10C3F0008093100752C08091201F882331F18F3124
:10C4000021F18B3011F181E00E943996882321F0CF
:10C4100084ED96E80E9477AC8CE197E00E948CABAB
:10C4200080911A0790911B0724E6289F8001299F7D
:10C43000100D11248FE390E00E948FBA081B190B96
:10C44000109319070093180723C08CE197E00E940E
:10C4500097AB853F9140B8F181E00E9439968823DF
:10C4600021F08EEA96E80E9477AC809111078F5FE9
:10C47000809311078CE197E00E948CAB87E390E0FA
:10C480000E948FBA88519C4F909319078093180788
:10C4900082E080931007109203078091100782308A
:10C4A00091F480911607909117070E94308B8FEFBF
:10C4B0009FEF9093170780931607109210078CE157
:10C4C00097E00E948CAB80911007811120C0909161
:10C4D00011079330E0F080911E07833021F491E042
:10C4E00090931E0712C0983090F0843081F410921F
:10C4F0001B0710921A076091AE228CE190E00E9417
:10C50000CD6261E00E94CCBA83E08093100781E2A3
:10C5100097E00E947EAB20911F0730912007821781
:10C52000930738F080911E07823019F081E08093E4
:10C530001E0780911607909117078F3F3FEF9307D3
:10C5400099F10E941E8B81112FC081E00E943996C3
:10C55000882321F08BE796E80E9477AC809116073C
:10C56000909117070E94308B8FEF9FEF90931707E2
:10C5700080931607109210078CE197E00E948CAB15
:10C5800080911A0790911B0724E6289F8001299F1C
:10C59000100D112487E090E00E948FBA800F911F48
:10C5A000909319078093180780912407909125078D
:10C5B0008F3F4FEF940709F4B6C20E9492938C010B
:10C5C00080912407909125070736110520F14CE34F
:10C5D00056E066E670E00E94F2927C0181E00E94E3
:10C5E0003996882309F46CC20E946DACA801110F22
:10C5F000660B770B8CE396E80E947E971E141F044F
:10C600002CF4B7018CE396E00E94F09788E196E85D
:10C610000E94679755C20115110509F45DC24CE3EC
:10C6200056E0B8010E94F2927C0184E00E943996A3
:10C630008823F9F00E946DACA801110F660B770BEF
:10C6400088EF95E80E947E97A7010F2C000C660BDF
:10C65000770B84EF95E80E947E971E141F042CF43C
:10C66000B7018CE396E00E94F09781EF95E80E9475
:10C67000679780913C06853051F130F4823009F49F
:10C6800041C1843041F0FAC1893009F49CC18F3F27
:10C6900009F4A3C1F3C182E00E943996882321F0F6
:10C6A00085EC95E80E9477AC80913B08882349F09F
:10C6B0006091AE228EE190E00E94CD6264E00E9423
:10C6C000CCBA8091201F8A3209F0FAC1ACC182E055
:10C6D0000E943996882391F089E995E80E9477AC09
:10C6E00060919506709196068091970690919806B4
:10C6F0000E94B69786E995E80E9467978091201F6F
:10C70000823009F0CAC08091CB07882309F10091DB
:10C710009D0710919E0720919F073091A00740919F
:10C720003E0650913F066091400670914106041705
:10C7300015072607370719F08DE595E806C0909193
:10C74000C90790FF05C086E295E80E9477ACB4C1A6
:10C75000C0909E06D0909F06E090A006F090A106A3
:10C760008090FD079090FE07A090FF07B090000812
:10C770008C149D04AE04BF0410F0811162C080913E
:10C780003E0690913F06A0914006B09141068093ED
:10C790009D0790939E07A0939F07B093A007809159
:10C7A000A107811108C048E250E062E476E081EA26
:10C7B00097E00E94B0F780916A0690916B06909383
:10C7C000CA078093C90780916C068093CB0748E223
:10C7D00050E06DE676E08CEC97E00E94B0F7809137
:10C7E000950690919606A0919706B0919806809331
:10C7F000F4079093F507A093F607B093F70780919D
:10C80000990690919A069093F9078093F807809182
:10C810009B068093FA078C149D04AE04BF0440F479
:10C82000C092FD07D092FE07E092FF07F092000849
:10C8300060E08DE997E00E94509E082F880F110B51
:10C8400002C000E010E08091C81C811141C04091FD
:10C850003E0650913F0660914006709141068091DE
:10C86000020890910308A0910408B09105084817A8
:10C8700059076A077B0761F561E08DE997E00E943F
:10C88000F6C5811106C063E080E090E00E94CCBA5A
:10C890001FC081E00E94B8BF1BC08A3209F010C1DE
:10C8A00060E08EE396E00E94509E082F880F110BE7
:10C8B00088E080933C0610923D0620E04CE356E071
:10C8C00062E070E080912407909125070E944B92CE
:10C8D00017FFF2C00E946DAC40919D0750919E07DA
:10C8E00060919F077091A00787ED94E80E947E9762
:10C8F0006091AE228FE190E00E94CD6262E00E94E2
:10C90000CCBADAC080913E0690913F06A0914006D5
:10C91000B09141064091590750915A0760915B07C9
:10C9200070915C0784179507A607B70751F482E05A
:10C930000E943996882331F18DE994E80E9477AC02
:10C9400021C08093590790935A07A0935B07B09337
:10C950005C0781E00E943996882391F086E794E88D
:10C960000E9477AC6091590770915A0780915B07DC
:10C9700090915C070E94B69783E794E80E946797BE
:10C980001092110784E080931E071092580781E2ED
:10C9900097E00E9473AB8FE390E00E948FBA28E685
:10C9A00031E0281B390B3093200720931F078CE1BF
:10C9B00097E00E948CAB80911007833009F07CC017
:10C9C0001092100779C085E594E80E9477AC8091B9
:10C9D000201F8A3209F074C03CC08CE294E80E94A7
:10C9E00077AC8EE396E00E94369789E294E80E9445
:10C9F000679781E297E00E9473AB8FE090E00E941E
:10CA00008FBA2AE530E0281B390B3093200720939A
:10CA10001F078091201F8A3201F56EE376E083EBD9
:10CA200092E20E947AF76091AE2284E190E00E9447
:10CA3000CD62BC0183EB92E20E94A8F66091AE2227
:10CA400085E190E00E94CD62BC0183EB92E20E94FE
:10CA5000A8F68BE20E9471BB2FC080911E07823026
:10CA600051F40E945CBB80911007811125C083E0C6
:10CA70008093100721C084E094E867CE85ED93E8A9
:10CA80000E9477AC81E297E00E9473AB8FE090E068
:10CA90000E948FBA2AE530E0281B390B309320071B
:10CAA00020931F078091201F8A3209F4BCCF809108
:10CAB00010078823E1F204C08091201F8A3261F0C0
:10CAC00080912407909125070E94308B8FEF9FEF74
:10CAD0009093250780932407809124079091250740
:10CAE0008F3FEFEF9E07F9F00E941E8B811115C05A
:10CAF00082E00E943996882321F084E993E80E941D
:10CB000077AC80912407909125070E94308B8FEF9E
:10CB10009FEF90932507809324078091240790919D
:10CB20002507019601F580911E078230E1F481E02E
:10CB30000E943996882321F089E493E80E9477AC1B
:10CB400084E080931E0781E297E00E9473AB8FE040
:10CB500090E00E948FBA2EE130E0281B390B309311
:10CB6000200720931F0780E00E94679680912A0784
:10CB7000882341F08BE297E00E947EAB4F9710F044
:10CB800010922A078091F806882309F470C0CE011C
:10CB900001960E947984F12C5BE0E52E8091F806E5
:10CBA000F81608F064C0CF2CD12CEC9C8001ED9CD1
:10CBB000100D1124055D1E4DF801408150E060E02C
:10CBC00070E08EE698E70E947E97B12C4801F40150
:10CBD0008081B81630F489E698E70E946797B3948D
:10CBE000F6CFF801458150E060E070E08EE598E70F
:10CBF0000E947E97F801468150E060E070E082E597
:10CC000098E70E947E97F8016781708581859285FB
:10CC10000E94B697F80181819281A381B4814F85EA
:10CC2000588969897A8984179507A607B70768F430
:10CC30004F85588969897A89481B590B6A0B7B0B88
:10CC400080E498E70E947E9704C08DE398E70E94F5
:10CC500067972FB7F8948091F80690E00197C8166F
:10CC6000D90614F01092F8062FBFF39497CF809155
:10CC7000201F8111A6C08091E2218111A2C086E20D
:10CC800091E20E9497AB843F914008F49AC0CE0194
:10CC900089599F4F0E94798404E41DE28CEB682E31
:10CCA0008DE2782E9FE2C92E98E7D92E9E012F5F44
:10CCB0003F4F790123E2A22E28E7B22E32EE432E17
:10CCC00031E2532E46EC842E912CF8018285938517
:10CCD000892B09F470C085818F9384818F93DF92B3
:10CCE000CF92FF92EF920E945AF8F7010190002034
:10CCF000E9F7AF0141505109F801608171818281EA
:10CD000093810E948274E9968CAD9DADAEADBFADAE
:10CD1000E997F70101900020E9F79F01F8014681AA
:10CD2000578160857185841B950BA60BB70BBF934C
:10CD3000AF939F938F9383858F9382858F93BF92B9
:10CD4000AF92C90101979F938F930E945AF80FB633
:10CD5000F894DEBF0FBECDBF8091E221811131C0BA
:10CD60000E943196882321F165E081E198E70E94D5
:10CD7000CCBA882331F1F20101900020E9F7A40137
:10CD80004E1B5F0B4D515E4DB70182EE91E20E944A
:10CD9000A0F7F70101900020E9F73197BF016E1964
:10CDA0007F09C7010E94F0978EE098E70E9467977D
:10CDB000F80113861286045F1F4F6016710609F092
:10CDC00084CF0E9403A28EEF96E00E947EAB20915A
:10CDD000FC063091FD0628173907A0F48EEF96E087
:10CDE0000E9473AB8AE590E09093FD068093FC0669
:10CDF0000E943454882331F080EC91E29093FD0638
:10CE00008093FC06CE0101960E9479848091FB06F6
:10CE1000882309F44EC09B8180913B06981709F442
:10CE200048C08091201F8F3111F0811142C0809144
:10CE30001007882311F08330E1F58091322590911D
:10CE400033250196B1F58091F70C882391F18091FB
:10CE5000D80C882321F08091D80C853051F58B8136
:10CE600080933B0683E68093DC0C8CE68093DD0C9C
:10CE70008BE68093DE0C88859985805D8093DF0C3E
:10CE80008F818093E00C8E818093E10C8C81809364
:10CE9000E20C8B818093E30C8D81882311F08D81CE
:10CEA00001C087E08093E40C89E08093DA0C0E9453
:10CEB000805882E497E00E9497AB8D32914008F051
:10CEC00011984C9B02C05A9A72C05A9870C00E9426
:10CED000308B81E00E943996882311F40C946ED235
:10CEE00083E292E80E9467970C946ED247E152E881
:10CEF00065E070E0C8010E944B928091201F8B304A
:10CF000011F40C949BD26091AE2280E090E00E94DC
:10CF1000CD6264E00E94CCBA882311F40C9484D2D0
:10CF200022EEE22E21E2F22EF70101900020E9F735
:10CF30003197E25EF142E83AF10510F00C9484D2A8
:10CF400064E172E8C7010E94A8F6D7010D900020A5
:10CF5000E9F782E392E0089FF001099FF00D189F26
:10CF6000F00D1124E451F04F668177818085918521
:10CF7000AD01415051090E948274F70101900020D7
:10CF8000E9F72091201F1F922F932AE032E83F9368
:10CF90002F93CF0101979F938F930E945AF80F9080
:10CFA0000F900F900F900F900F900C9484D2C65852
:10CFB000DF4F0FB6F894DEBF0FBECDBFDF91CF912C
:10CFC0001F910F91FF90EF90DF90CF90BF90AF90A7
:10CFD0009F908F907F906F905F904F900895AF9249
:10CFE000BF92CF92DF92EF92FF920F931F93CF9356
:10CFF000DF93CDB7DEB72A970FB6F894DEBF0FBE2A
:10D00000CDBF6EE176E00E94E9CA0E94467F609142
:10D010001E0687E590E00E94CD629F938F930E9449
:10D0200033F80F900F90FF24F394CE0101965C012A
:10D0300081E0F81204C099E0C92ED12C03C083E628
:10D04000C82ED12CE12C8E2D90E0C816D90664F1A3
:10D050006F2D8E2D0E942759182FB5010E949DCE4D
:10D060008091F30C181304C00091EC0C10E006C082
:10D07000812F0E9495588C0197FD14C060911E0667
:10D0800088E590E00E94CD621F930F93BF92AF920C
:10D090009F938F930E9433F80F900F900F900F90F3
:10D0A0000F900F90E394CFCFF39493E0F912C0CF99
:10D0B00060911E0689E590E00E94CD629F938F9358
:10D0C0000E9433F80E944F7F0F900F902A960FB660
:10D0D000F894DEBF0FBECDBFDF91CF911F910F91AE
:10D0E000FF90EF90DF90CF90BF90AF9008951F9387
:10D0F000CF93DF9300D000D000D0CDB7DEB79091B2
:10D10000AE229817E1F0182F4AE0BE016F5F7F4F03
:10D1100090E00E94BFF7BE016F5F7F4F8FEC94E9F4
:10D120000E94C66A1093AE22612F8CE790E00E94A5
:10D13000CD629F938F930E9433F80F900F902696A5
:10D140000FB6F894DEBF0FBECDBFDF91CF911F9118
:10D1500008952F923F924F925F926F927F928F929B
:10D160009F92AF92BF92CF92DF92EF92FF920F9376
:10D170001F93CF93DF93CDB7DEB7AF970FB6F89479
:10D18000DEBF0FBECDBF3C0162E276E00E94E9CA7D
:10D1900041E060912206C3010E94F5C9882309F489
:10D1A0009AC36091220680E390E00E94CD629BA723
:10D1B0008AA76091220681E390E00E94CD629DA73C
:10D1C0008CA76091220682E390E00E94CD629FA727
:10D1D0008EA70E94467FF301EA5FFD4F8081918117
:10D1E000892B09F087C085E799E60E94E350BE01CC
:10D1F0006F5F7F4F8091F30C0E949DCE609122065D
:10D200008CE290E00E94CD629E012F5F3F4F42E092
:10D2100050E068E874E90E944E5110913D08609119
:10D2200022068DE290E00E94CD62412F6EE774E904
:10D230000E946F51BE016F5F7F4F80913E080E9438
:10D240009DCE609122068EE290E00E94CD629E010A
:10D250002F5F3F4F42E050E065E974E90E944E5174
:10D2600000913C08609122068FE290E00E94CD621E
:10D270009E01265D3F4F43E068E674E90E948E51AF
:10D28000BE016F5F7F4F8BE594E90E941F6A60913A
:10D29000220683E390E00E94CD629E012F5F3F4F04
:10D2A0004FE150E06BE574E90E944E516091220617
:10D2B00084E390E00E94CD6227E038E048E250E04D
:10D2C00063E574E90E944E5110913A08609122067C
:10D2D00085E390E00E94CD62412F6CE474E90E94E6
:10D2E0006F51609122068EE590E00E94CD620E940F
:10D2F0000F52EFC2609122068AE590E00E94CD6253
:10D300009F938F930E9433F884E599E69F938F93C0
:10D310000E9433F8609122068BE590E00E94CD6276
:10D320009F938F930E9433F88FE499E69F938F9396
:10D330000E9433F868E874E9C3010E947F7D0FB64C
:10D34000F894DEBF0FBECDBF892B09F484C068E816
:10D3500074E9C3010E944B7D8D5E9E4FFC01EE0F70
:10D36000FF1FE60DF71D6081718142E050E08E01E4
:10D370000F5F1F4FC8010E94B0F71B82F801019098
:10D380000020E9F731977F01E01AF10AC8010E94F5
:10D390004FF66E2D0E942759F82E8AE499E69F9346
:10D3A0008F930E9433F8609122068CE290E00E94F5
:10D3B000CD629F938F930E9433F80F900F900F9040
:10D3C0000F908091F30CF8120FC0609122068CE54B
:10D3D00090E00E94CD629F938F930E9433F81F9339
:10D3E0000F9385E499E620C08091201F811127C00A
:10D3F0008F2D0E94BD58882311F1B8018F2D0E94F6
:10D400009DCEB80188E894E90E94C66A6091220620
:10D410008DE590E00E94CD629F938F930E9433F838
:10D420001F930F9380E499E69F938F930E9433F8A4
:10D430000F900F900F900F900F900F900CC0609175
:10D44000220689E490E00E94CD629F938F930E9410
:10D4500033F80F900F9065E974E9C3010E947F7D56
:10D46000892B09F470C065E974E9C3010E944B7D02
:10D470008D5E9E4FFC01EE0FFF1FE60DF71D6081D4
:10D48000718142E050E08E010F5F1F4FC8010E9482
:10D49000B0F71B82F80101900020E9F731977F0176
:10D4A000E01AF10AC8010E944FF66E2D0E9427591A
:10D4B000F82E8BE399E69F938F930E9433F8609147
:10D4C00022068EE290E00E94CD629F938F930E948D
:10D4D00033F80F900F900F900F9080913E08F81244
:10D4E0000FC0609122068CE590E00E94CD629F9370
:10D4F0008F930E9433F81F930F9386E399E619C028
:10D50000B8018F2D0E949DCEB80185E994E90E9453
:10D51000C66AF0923E08609122068DE590E00E9476
:10D52000CD629F938F930E9433F81F930F9381E3F3
:10D5300099E69F938F930E9433F80F900F900F906E
:10D540000F900F900F9010913D0800912206602FD0
:10D550008DE290E00E94CD62212F4EE754E9BC019C
:10D56000C3010E94735391E0811101C090E0909338
:10D570003D0820903C08312C412C512C1091220662
:10D58000612F8FE290E00E94CD621F9372E0872EA0
:10D59000912CA12CB12CC12CD12C760192018101AE
:10D5A00048E654E9BC01C3010E94BE5260933C08A6
:10D5B0006BE574E9C3010E947F7D0F90892B09F40C
:10D5C000B2C08E010F5F1F4FB8018BE594E90E9436
:10D5D0001F6A019709F16BE574E9C3010E944B7D55
:10D5E0008D5E9E4FFC01EE0FFF1FE60DF71D608163
:10D5F000718148E250E0C8010E94B0F719A6C80145
:10D600000E9414AC809130088823D1F183E2898391
:10D61000BE016E5F7F4F35C06BE574E9C3010E94A8
:10D620004B7D8D5E9E4FFC01EE0FFF1FE60DF71D3B
:10D6300060817181C8010E9490F7892B61F682E2B6
:10D6400099E69F938F930E9433F86091220683E3BB
:10D6500090E00E94CD629F938F930E9433F8609177
:10D6600022068CE590E00E94CD629F938F930E94EA
:10D6700033F80F900F900F900F900F900F9053C0B2
:10D68000B801809131080E949DCE22E3E22E28E06D
:10D69000F22E3AE3C32E38E0D32E4CE2B42EF8013A
:10D6A00001900020E9F73197E01BF10BFF27D8012B
:10D6B000AE0FBF1FBC923196B8016E0F7F1FF701EE
:10D6C00081917F010E949DCECE14DF0441F7B80105
:10D6D0008BE594E90E94C66A8CE299E69F938F934A
:10D6E0000E9433F86091220683E390E00E94CD62AD
:10D6F0009F938F930E9433F8609122068DE590E00E
:10D700000E94CD629F938F930E9433F81F930F93D3
:10D7100087E299E69F938F930E9433F80FB6F894AF
:10D72000DEBF0FBECDBF63E574E9C3010E947F7DFC
:10D73000892B09F4B5C08DE199E69F938F930E94E0
:10D7400033F86091220684E390E00E94CD629F93BB
:10D750008F930E9433F88E010F5F1F4FB80183E54E
:10D7600094E90E941F6A0F900F900F900F900197FD
:10D77000E1F163E574E9C3010E944B7D8D5E9E4F2C
:10D78000FC01EE0FFF1FE60DF71D6081718148E27D
:10D7900050E0C8010E94B0F719A6B80180E00E94CD
:10D7A000C0B37C018130910509F048C06091220628
:10D7B0008DE590E00E94CD629F938F930E9433F895
:10D7C0001F930F9388E199E69F938F930E9433F8FC
:10D7D00049E250E0B80187E098E00E94B0F7B80154
:10D7E00083E594E90E94C66A55C063E574E9C30104
:10D7F0000E944B7D8D5E9E4FFC01EE0FFF1FE60DDC
:10D80000F71D60817181C8010E9490F7892B09F092
:10D81000B0CF609122068CE590E00E94CD629F938C
:10D820008F930E9433F887E098E09F938F9386EF61
:10D8300098E69F938F930E9433F82CC01816190610
:10D840007CF182E199E69F938F930E9433F8609177
:10D8500022068FE590E00E94CD629F938F930E94F5
:10D8600033F8F801EE19FF0920811082CF010196EB
:10D870009F938F931F922F931F930F938BEF98E695
:10D880009F938F930E9433F80FB6F894DEBF0FBEBC
:10D89000CDBF06C00F900F900F900F900F900F907C
:10D8A00010913A0800912206602F85E390E00E94D3
:10D8B000CD62212F4CE454E9BC01C3010E94735393
:10D8C00091E0811101C090E090933A088091220686
:10D8D0000EDC0E944F7FAF960FB6F894DEBF0FBEEE
:10D8E000CDBFDF91CF911F910F91FF90EF90DF900F
:10D8F000CF90BF90AF909F908F907F906F905F90F0
:10D900004F903F902F9008952F923F924F925F92A9
:10D910006F927F928F929F92AF92BF92CF92DF923F
:10D92000EF92FF920F931F93CF93DF93CDB7DEB7A4
:10D93000E1970FB6F894DEBF0FBECDBF3C0161E2A8
:10D9400076E00E94E9CA41E060912106C3010E948D
:10D95000F5C9882309F416C26091210683E490E09A
:10D960000E94CD629DA38CA36091210684E490E087
:10D970000E94CD629FA38EA36091210685E490E072
:10D980000E94CD6299A788A76091210686E490E065
:10D990000E94CD629BA78AA7609121068BE390E04D
:10D9A0000E94CD629DA78CA7609121068AE390E03A
:10D9B0000E94CD629FA78EA76091210689E390E027
:10D9C0000E94CD6299AB88AB0E94467FF301EA5F6B
:10D9D000FD4F80819181892B09F0A0C080EE98E6EF
:10D9E0000E94E350009106086091210682E490E0D5
:10D9F0000E94CD629E012C5D3F4F44E062E474E9D9
:10DA00000E948E51009157076091210688E390E0B3
:10DA10000E94CD629E01245D3F4F43E068E374E9BC
:10DA20000E948E518091740A4AE0BE016F5F7F4F61
:10DA300090E00E94BFF76091210686E390E00E948B
:10DA4000CD629E012F5F3F4F43E050E06BE274E9EF
:10DA50000E944E510091FB066091210687E390E001
:10DA60000E94CD62402F6EE174E90E946F51409098
:10DA7000C618512C612C712C609121068CE390E02A
:10DA80000E94CD629301820144E050E060EB74E9B2
:10DA90000E9427514090AA22512C612C712C609138
:10DAA00021068EE390E00E94CD629301820142E064
:10DAB00050E065E774E90E942751609121068FE3E9
:10DAC00090E00E94CD622DE237E04AE050E067EC42
:10DAD00074E90E944E510091CE1C6091210680E4B1
:10DAE00090E00E94CD62402F6AEB74E90E946F5172
:10DAF00000913B086091210681E490E00E94CD6294
:10DB0000402F61EA74E90E946F51609121068EE511
:10DB100090E00E94CD620E940F5230C160912106B8
:10DB20008AE590E00E94CD629F938F930E9433F824
:10DB30008FEB98E69F938F930E9433F860912106B4
:10DB40008BE590E00E94CD629F938F930E9433F803
:10DB50008AEB98E69F938F930E9433F820900608F3
:10DB6000312C412C512C00912106602F82E490E051
:10DB70000E94CD620F9343E0842E912CA12CB12CF6
:10DB8000C12CD12C76019201810142E454E9BC01FF
:10DB9000C3010E94BE526093060820905707312CA3
:10DBA000412C512C00912106602F88E390E00E94C7
:10DBB000CD620F9352E0852E912CA12CB12C9201B5
:10DBC000810148E354E9BC01C3010E94BE52609345
:10DBD00057072090740A312C412C512C00912106BA
:10DBE000602F86E390E00E94CD620F93812C912CF0
:10DBF00054018A947AE0C72ED12CE12CF12C9201A9
:10DC000081014BE254E9BC01C3010E94BE52609302
:10DC1000740A5090FB0600912106602F87E390E084
:10DC20000E94CD62252D4EE154E9BC01C3010E9442
:10DC3000735391E00FB6F894DEBF0FBECDBF8111D4
:10DC400001C090E09093FB062090C618312C412C27
:10DC5000512C00912106602F8CE390E00E94CD6250
:10DC60000F93812C912C54018A94C12CD12C7601D4
:10DC70009201810140EB54E9BC01C3010E94BE52F4
:10DC80006093C6182090AA22312C412C512C00916F
:10DC90002106602F8EE390E00E94CD620F9339E061
:10DCA000832E912CA12CB12C9201810145E754E9DE
:10DCB000BC01C3010E94BE526093AA2267EC74E9C2
:10DCC000C3010E947F7D0F900F90892B41F167EC7B
:10DCD00074E9C3010E944B7D8D5E9E4FFC01EE0FE7
:10DCE000FF1FE60DF71D608171814AE050E08DE273
:10DCF00097E00E94B0F7109237076DE277E087EC6B
:10DD000094E90E94C66A609121068AE490E00E942C
:10DD1000CD629F938F930E9433F80F900F90509095
:10DD2000CE1C00912106602F80E490E00E94CD621D
:10DD3000252D4AEB54E9BC01C3010E94735391E0C5
:10DD4000811101C090E09093CE1C50903B0800914F
:10DD50002106602F81E490E00E94CD62252D41EAEA
:10DD600054E9BC01C3010E94735391E0811101C0C9
:10DD700090E090933B0880912106B9D90E944F7F93
:10DD80000E948098E1960FB6F894DEBF0FBECDBF1B
:10DD9000DF91CF911F910F91FF90EF90DF90CF9087
:10DDA000BF90AF909F908F907F906F905F904F90BB
:10DDB0003F902F9008952F923F924F925F926F92D3
:10DDC0007F928F929F92AF92BF92CF92DF92EF920B
:10DDD000FF920F931F93CF93DF93CDB7DEB7A89732
:10DDE0000FB6F894DEBF0FBECDBF3C016FE176E009
:10DDF0000E94E9CA41E060911F06C3010E94F5C973
:10DE0000882309F4F9C10E94467FF301EA5FFD4FC0
:10DE100080819181892B09F0ACC0BE016F5F7F4F7B
:10DE200084EE93E90E941F6A019721F4CE010196C6
:10DE300036D702C08DE290E090931B0780931A07BB
:10DE400085EA98E60E94E35080906107909062070F
:10DE5000A0906307B090640760911F068DE490E086
:10DE60000E94CD62950184014AE050E064E174E9CA
:10DE70000E94275180905F0790906007A12CB12CE1
:10DE800060911F068FE490E00E94CD6295018401AD
:10DE900046E050E060E174E90E94275180905D0700
:10DEA00090905E07A12CB12C60911F0682E590E056
:10DEB0000E94CD629501840146E050E06CEF73E969
:10DEC0000E94275111E080911E07811101C010E0CE
:10DED00060911F0680E590E00E94CD62412F65E0D1
:10DEE00074E90E946F5180901A0790901B07A12C33
:10DEF000B12C60911F0681E590E00E94CD629501F2
:10DF0000840143E050E064EE73E90E9427511091D0
:10DF10005D0A60911F0683E590E00E94CD62412F6B
:10DF200067ED73E90E946F517AE2C72E71E0D72E38
:10DF30000AEB14E2F601A190B1906F0160911F0607
:10DF400085E590E00E94CD62980148E250E0B5017D
:10DF50000E944E51085D1F4FF5E202331F0751F733
:10DF600060911F068EE590E00E94CD620E940F52E4
:10DF700041C160911F068AE590E00E94CD629F93A7
:10DF80008F930E9433F885E898E69F938F930E94C1
:10DF900033F860911F068BE590E00E94CD629F935D
:10DFA0008F930E9433F880E898E69F938F930E94A6
:10DFB00033F82090610730906207409063075090DB
:10DFC000640710911F06612F8DE490E00E94CD62DE
:10DFD0001F9388248A94982C5401C12CD12C76014B
:10DFE0009201810144E154E9BC01C3010E94BE5287
:10DFF000609361077093620780936307909364074F
:10E000000FB6F894DEBF0FBECDBF603177428105F9
:10E01000910560F460911F068EE490E00E94CD624D
:10E020009F938F930E9433F80F900F9020905F077B
:10E0300030906007412C512C10911F06612F8FE406
:10E0400090E00E94CD621F9388248A94982CA12C82
:10E05000B12CC12CD12C76019201810140E154E90F
:10E06000BC01C3010E94BE527093600760935F07BA
:10E0700020905D0730905E07412C512C10911F06B7
:10E08000612F82E590E00E94CD621F93C12CD12CBC
:10E090007601C394920181014CEF53E9BC01C301A5
:10E0A0000E94BE5270935E0760935D0710925807FE
:10E0B00011E00F900F9080911E07811101C010E0B8
:10E0C00000911F06602F80E590E00E94CD62212F15
:10E0D00045E054E9BC01C3010E947353882321F039
:10E0E00083E080931E0702C010921E0720901A073B
:10E0F00030901B07412C512C10911F06612F81E598
:10E1000090E00E94CD621F9388248A94982CA12CC1
:10E11000B12CC12CD12C76019201810144EE53E93E
:10E12000BC01C3010E94BE5270931B0760931A0783
:10E1300010915D0A00911F06602F83E590E00E9418
:10E14000CD62212F47ED53E9BC01C3010E947353F7
:10E150000F908823A1F080911E07811104C081E0F7
:10E1600080935D0A0EC060911F0684E590E00E94D6
:10E17000CD629F938F9377D70F900F9002C010922C
:10E180005D0A8AE2882E81E0982E9AEBC92E94E2ED
:10E19000D92E2AE9A22E21E2B22EF401419051900B
:10E1A0004F01E0901F066E2D85E590E00E94CD6244
:10E1B000860128E230E0A201BC01C3010E942B527B
:10E1C000F50111921192119211925F01F8E2CF0EB6
:10E1D000D11C22E3C21625E2D206F9F680911F0671
:10E1E0000E9477E880911007833011F41092100795
:10E1F000109211070E944F7FA8960FB6F894DEBFC9
:10E200000FBECDBFDF91CF911F910F91FF90EF9087
:10E21000DF90CF90BF90AF909F908F907F906F9046
:10E220005F904F903F902F9008951F920F920FB6DE
:10E230000F9211240BB60F922F933F934F935F933E
:10E240006F937F938F939F93AF93BF93EF93FF93BE
:10E25000F894A89580E00E947D8281E00E947D82F2
:10E2600082E00E947D828DB79EB79093432D80936C
:10E27000422D8BEB9BEB9093412D8093402D209171
:10E28000422D3091432D8FEF91E2821B930B6091D1
:10E29000422D7091432D6F5F7F4FAC019195819519
:10E2A0009109B0D58091422D9091432D892BD1F7C2
:10E2B0008091422D9091432D9EBF8DBF8091422D24
:10E2C0009091432D4FEF51E2481B590B8091422D05
:10E2D0009091432D66277727641B750B019692D585
:10E2E000FF91EF91BF91AF919F918F917F916F912E
:10E2F0005F914F913F912F910F900BBE0F900FBEEA
:10E300000F901F9018956F927F928F929F92AF926D
:10E31000BF92CF92DF92EF92FF920F931F93CF9312
:10E32000DF93CDB7DEB7AA970FB6F894DEBF0FBE66
:10E33000CDBF83E68093201F10927B0C10927A0C45
:10E340000898109A529A54985C98099A0E94919849
:10E350004091BC2D50E060E070E082E498E60E94BD
:10E360007E9782E398E69F938F937DD61092E22169
:10E37000109200070E9450B485EE9CE10E947859EB
:10E380008EEA91E20E9478590E9477BF1092B322E0
:10E390001092DE0A82E198E69F938F9364D61092E2
:10E3A000F806CE0101963C01BC0188E894E90E9480
:10E3B0001F6A0F900F900F900F90019771F4F30167
:10E3C00001900020E9F731978F0106191709C30161
:10E3D00066D4602F0E94275901C08CED8093F30C06
:10E3E00060E08EE794E90E94C05091E0811101C085
:10E3F00090E090933D08B30188E694E90E941F6A7B
:10E40000019719F4C3014BD401C081E080933C080B
:10E41000B30185E994E90E941F6A019781F4F30131
:10E4200001900020E9F731978F0106191709C30100
:10E4300036D4602F0E94275980933E0804C0109262
:10E440003E0810923D08E1E3F8E0119298E0EA33CB
:10E45000F907D9F710923008B3018BE594E90E94CF
:10E460001F6A019719F4C3010E9414AC67E078E0B9
:10E4700083E594E90E941F6A892B29F46DE078E610
:10E4800087E098E084D460E08CE494E90E94C05076
:10E4900091E0811101C090E090933A08B30184E1CA
:10E4A00094E90E941F6A019759F4C30115D460933F
:10E4B000610770936207809363079093640708C0B5
:10E4C000109261071092620710926307109264071E
:10E4D000B30180E194E90E941F6A019739F4C301F6
:10E4E000DED39093600780935F0704C010926007AB
:10E4F00010925F0710925807B3018CEF93E90E94C6
:10E500001F6A019739F4C301E7D370935E076093E4
:10E510005D0706C086E890E090935E0780935D07F4
:10E52000B30180EF93E90E941F6A019739F4C30198
:10E53000D3D3709349086093480806C083E591ECF3
:10E54000909349088093480860E085E094E90E9430
:10E55000C050882321F085E080931E0702C01092EE
:10E560001E0760E087ED93E90E94C050882341F0C8
:10E5700080911E07811104C081E080935D0A02C072
:10E5800010925D0AB30184EE93E90E941F6A01971D
:10E5900019F4C30184D302C08DE290E090931B076D
:10E5A00080931A07B30182E494E90E941F6A0197DD
:10E5B00019F4C30174D301C083E080930608B3014A
:10E5C00088E394E90E941F6A019719F4C30167D395
:10E5D00001C082E080935707B3018BE294E90E9467
:10E5E0001F6A019719F4C3015AD301C084E48093D0
:10E5F000740A8091740A8A3018F48AE08093740A4D
:10E600008AE2E82E81E0F82E0AEB14E29AE9892EDC
:10E6100091E2992E2FE3A22E27E0B22E38E3C32EEB
:10E6200037E0D32EB801F701819191917F010E94CB
:10E630001F6A019711F0F8011082F40111921192F2
:10E64000119211924F01F50111925F01C6010E94D2
:10E6500073AB085D1F4FF2E0CF0ED11C20E3E21632
:10E6600021E0F206F9F610923E076DE277E087ECC2
:10E6700094E90E941F6A019711F010922D071092E1
:10E680002A0761E08AEB94E90E94C05091E0811171
:10E6900001C090E09093CE1C60E081EA94E90E9472
:10E6A000C05091E0811101C090E090933B0861E07F
:10E6B0008EE194E90E94C05091E0811101C090E088
:10E6C0009093FB06B30185E794E90E941F6A0197C6
:10E6D00019F4C301E4D201C082E08093AA22B301FD
:10E6E0008FEC94E90E941F6A019729F4C301D7D2E5
:10E6F0008093AE2202C01092AE22B30180EB94E967
:10E700000E941F6A019719F4C301C9D201C081E0B8
:10E710008093C6180FEF1FEF10932507009324076F
:10E72000109223078EEF97E69F938F939CD40E94BD
:10E73000809881E08093F00C10933325009332256C
:10E740001092C81C1092680A1092690A10926A0A04
:10E7500010926B0A1092C71C89EC9CE10E948CAB52
:10E760001092AC211092AB211092CC1C1092CB1CB9
:10E7700010936D0A00936C0A80E69AE00E948CABBD
:10E780001092590710925A0710925B0710925C077B
:10E7900083E08093100710921107109317070093DE
:10E7A000160764E670E081E097E00E94D9B210930A
:10E7B0005B0A00935A0A10925C0A10925508109254
:10E7C000540810924D0810925108109250088BE492
:10E7D00098E00E9473AB10924A080F900F908091BE
:10E7E000BC2D883071F0E4E4FDE28CEB9DE21386F1
:10E7F00012863C968E179F07D1F786E291E20E941F
:10E800008CAB0E94EF5885EC8093BC001092F6060A
:10E810001092F50681E297E00E9473AB83E090E0EE
:10E820009093200780931F0780EA8093EC0C84E884
:10E8300093E00E94238289EC9FEA0E946C828823E5
:10E8400009F4AEC08EED97E69F938F930CD40F9092
:10E850000F900099A1C080E00E94868281E00E9412
:10E860007D8282E00E94868283E00E948682CE01C1
:10E8700089960E948CABCE0189960E9497AB4597F2
:10E8800018F40099F8CFF3CF80E00E947D8281E0F8
:10E890000E948682CE0189960E948CAB10E0CE0148
:10E8A00089960E9497AB8D32914008F067C000991D
:10E8B00037C0CE018996111107C00E948CAB82E04F
:10E8C0000E947D8211E0EBCF0E9497AB8D32914088
:10E8D000E0F080E00E94868281E00E947D8282E0FA
:10E8E0000E947D8283E00E947D820E941F67CE018C
:10E8F00089960E948CABCE0189960E9497AB853693
:10E900009105C8F30E940296CACFCE0189960E9453
:10E9100097AB893C910518F283E00E947D82BFCFBE
:10E92000112309F4BCCFCE0189960E9497AB45977D
:10E93000E8F080E00E94868281E00E947D8282E091
:10E940000E94868283E00E947D8289ED97E60E9484
:10E95000FD6ACE0189960E948CABCE0189960E94F9
:10E9600097AB85369105C8F30E940296CE01899631
:10E970000E948CAB82E00E94868290CF111197CFCB
:10E9800080E00E94868281E00E94868282E00E946E
:10E99000868283E00E947D8210921F1F0E94005495
:10E9A000AA960FB6F894DEBF0FBECDBFDF91CF9110
:10E9B0001F910F91FF90EF90DF90CF90BF90AF909D
:10E9C0009F908F907F906F9008958091A801809381
:10E9D000A8218091A7018093A821809102008093B3
:10E9E000A821809100008093A821089589EC97E6E2
:10E9F0009F938F9338D38CEC9CEC9093432D809312
:10EA0000422D8DED9DED9093412D8093402D1092E0
:10EA1000520710925307109254071092550798E22C
:10EA200088E10FB6F894A895809360000FBE90938C
:10EA300060009FB7F89480916000886180936000C7
:10EA4000809160008864809360009FBF88E291E2BB
:10EA50000E948CAB67EB77E684E59DEC0E94E97E33
:10EA600064EA77E688EB9CEC0E94E97E6DE877E645
:10EA70008FEE97EE0E94E97E67E777E689EA98EEE7
:10EA80000E94E97E61E677E684E89CEE0E94E97EDA
:10EA90006CE477E68BED9EEE0E94E97E66E377E616
:10EAA0008DE49EEC0E94E97E65E277E68CEB94EBC8
:10EAB0000E94E97E62E177E681E99BEC0E94E97EB3
:10EAC00066E077E68BE69EEC0E94E97E0E94BF62DC
:10EAD0006EEF76E68AEB94E50E94E97E82EF96E699
:10EAE0009F938F93C0D286E890E00E94BF8A8FEFF9
:10EAF0008093F7061F9286E88F9380EE96E69F93A9
:10EB00008F93B1D269ED76E689EC9EEC0E94887B0A
:10EB10000E94F3AA89EC96E69F938F93A4D28FEF7D
:10EB20009FEF9093B8248093B7248FEC9CE10E94D0
:10EB300079848EEF96E00E9473AB8091D61C909101
:10EB4000D71C2DB73EB7265F3F4F0FB6F8943EBF98
:10EB50000FBE2DBF803D974018F088E590E202C0BF
:10EB60008AE590E09093FD068093FC061092D50C08
:10EB70001092D40C2ADF80E00C9471BB0E946F9538
:10EB800082E00E947D82BFDB0E94A3740E94C24A81
:10EB900083E00E947D820E94644D82E00E94868212
:10EBA00025DF83E00E9486820E94A97BFDCFAA1BFD
:10EBB000BB1B51E107C0AA1FBB1FA617B70710F068
:10EBC000A61BB70B881F991F5A95A9F7809590959A
:10EBD000BC01CD01089597FB072E16F4009406D0D2
:10EBE00077FD08D0E4DF07FC05D03EF490958195D1
:10EBF0009F4F0895709561957F4F0895A1E21A2E59
:10EC0000AA1BBB1BFD010DC0AA1FBB1FEE1FFF1FD0
:10EC1000A217B307E407F50720F0A21BB30BE40B20
:10EC2000F50B661F771F881F991F1A9469F7609567
:10EC30007095809590959B01AC01BD01CF01089521
:10EC4000EE0FFF1F0024001C0BBE0790F691E02D75
:10EC500009946927962769277827872778270895B1
:10EC6000A29FB001B39FC001A39F700D811D11240D
:10EC7000911DB29F700D811D1124911D0895F0DF2B
:10EC8000B7FF0895821B930B0895EADFA59F900DAF
:10EC9000B49F900DA49F800D911D11240895FC0137
:10ECA00088279927E89421912032E9F3293010F040
:10ECB0002E30C8F32B3239F02D3231F4689403C072
:10ECC0007DD1820F911D219120532A30C8F31EF46B
:10ECD000909581959F4F08951F93FC019927882750
:10ECE000BC01E89411911032E9F3193010F01E3094
:10ECF000C8F31B3249F01D3241F4689405C049D174
:10ED0000610F711D811D911D119110531A30B8F3BF
:10ED10003EF490958095709561957F4F8F4F9F4FF2
:10ED20001F910895FB01DC0104C08D9105908019AD
:10ED300021F441505040C8F7881B990B0895FB01FE
:10ED4000DC0102C005900D9241505040D8F7089563
:10ED5000FB01DC010D900020E9F7119705900D9261
:10ED60000020E1F70895FC010590061621F000202F
:10ED7000D9F7C00108953197CF010895FB01DC0157
:10ED80008D91059080190110D9F3990B0895FB011D
:10ED9000DC0105900D920020E1F70895FC0105903B
:10EDA0000020E9F7809590958E0F9F1F0895FB0135
:10EDB000DC010D900020E9F711974150504028F0F8
:10EDC000059000200D92C9F708951C920895FB014B
:10EDD000DC014150504030F08D910590801919F4BC
:10EDE0000020B9F7881B990B0895FB01DC0104C0D2
:10EDF0008D910190801921F441505040C8F7881B33
:10EE0000990B0895FB01DC0102C001900D92415065
:10EE10005040D8F708952115310511F11F930F9334
:10EE2000240F351F680F791FFA011591AF01DC011E
:10EE3000A617B70780F40D910117D1F7CD01FA019C
:10EE4000E217F30750F4A617B70728F40D910590C1
:10EE50000015B1F3ECCF81E090E001970F911F9185
:10EE600008956817790768F4FB01DC01E40FF51FCA
:10EE7000A40FB51F02C002900E9241505040D8F727
:10EE80000895C0CFFB01DC018D9181341CF08B35DE
:10EE90000CF4805E619161341CF06B350CF4605EA3
:10EEA000861B611189F3990B0895FB01519155233C
:10EEB000B1F0BF01DC01052E4D91442369F010D063
:10EEC000D9F7CD010190002049F04D91411108D0B2
:10EED000C9F3FB014111EECF81E090E00197089565
:10EEE000402539F0403229F440294B57465E08F05E
:10EEF00018940895FB01DC010D900020E9F71197AB
:10EF000001900D920020E1F70895FC018191861790
:10EF100021F08823D9F7992708953197CF010895D3
:10EF2000FB01DC018D91019080190110D9F3990B3F
:10EF30000895FB01DC0101900D920020E1F7089596
:10EF4000FB01DC010D900020E9F711974150504082
:10EF500028F0019000200D92C9F708951C920895A1
:10EF6000FB01DC014150504048F001900D9200201F
:10EF7000C9F701C01D9241505040E0F70895BB27EA
:10EF80004A3031F4992322F4BDE2909581959F4F48
:10EF90003FC0592F482F372F262F660F771F881F06
:10EFA000991F660F771F881F991F620F731F841F99
:10EFB000951F660F771F881F991F08957AE0979F06
:10EFC000902D879F802D910D11240895BB27FA0164
:10EFD000A62F6217710581059105330B30FB66F092
:10EFE000AA27660F771F881F991FAA1FA21710F064
:10EFF000A21B63953850A9F7A05DAA3308F0A95D5C
:10F00000A19336F7B111B1931082CA0194C2BB2704
:10F01000FB015527AA27880F991FAA1FA41710F0D4
:10F02000A41B83955051B9F7A05DAA3308F0A95DE0
:10F03000A193009779F7B111B1931192CB017BC2E3
:10F04000CF93DF93CDB7DEB7AE014B5F5F4FFA01D1
:10F0500061917191AF01809136259091372558D0FB
:10F06000DF91CF9108950F931F93CF93DF93CDB787
:10F07000DEB7AE01495F5F4FDA016D917D91AD0161
:10F0800004E315E2F80182819381DC0113962C914F
:10F090001397286013962C933BD0D8011296ED91CC
:10F0A000FC9113972381277F2383DF91CF911F91B9
:10F0B0000F9108950F931F93CF93DF93CDB7DEB7D2
:10F0C0002E970FB6F894DEBF0FBECDBF0D891E89F7
:10F0D0008EE08C831A8309838FEF9FE79E838D8355
:10F0E000AE01475E5F4F6F89788DCE01019610D0DB
:10F0F000EF81F885E00FF11F10822E960FB6F8947D
:10F10000DEBF0FBECDBFDF91CF911F910F9108954C
:10F110002F923F924F925F926F927F928F929F9227
:10F12000AF92BF92CF92DF92EF92FF920F931F9315
:10F13000CF93DF93CDB7DEB72B970FB6F894DEBF32
:10F140000FBECDBF6C017B018A01FC0117821682C4
:10F15000838181FFBFC1CE0101963C01F6019381FD
:10F16000F70193FD859193FF81917F01882309F435
:10F17000ADC1853239F493FD859193FF81917F0173
:10F18000853221F4B60190E0E6D1E8CF912C212C14
:10F19000312CFFE1F315D8F08B3279F038F480325E
:10F1A00079F08332A1F4232D20611DC08D3261F0EE
:10F1B000803369F4232D216016C0832D8260382EA0
:10F1C000E32DE4603E2E2AC0F32DF8601DC037FC0D
:10F1D0002DC020ED280F2A3040F08E32B9F436FCD5
:10F1E00075C1232D2064322E19C036FE06C08AE078
:10F1F000989E200D1124922E11C0EAE02E9E200D23
:10F200001124222EF32DF0623F2E08C08C3621F4FB
:10F21000832D8068382E02C0883641F4F70193FDB3
:10F22000859193FF81917F018111B3CF982F9F7DAD
:10F230009554933028F40C5F1F4F9FE399830DC0C2
:10F24000833631F0833771F0833509F055C020C023
:10F25000F801808189830E5F1F4F88248394912C4D
:10F26000530112C02801F2E04F0E511CF801A0809A
:10F27000B18036FE03C0692D70E002C06FEF7FEFF2
:10F28000C5014ED14C018201F32DFF773F2E15C0F1
:10F29000280122E0420E511CF801A080B18036FE08
:10F2A00003C0692D70E002C06FEF7FEFC5012DD163
:10F2B0004C01F32DF0683F2E820133FC19C0822DE2
:10F2C00090E088169906A0F4B60180E290E043D160
:10F2D0002A94F5CFF50137FC859137FE81915F01C6
:10F2E000B60190E038D121102A9421E0821A9108C9
:10F2F0008114910479F7E1C0843611F0893639F52B
:10F30000F80137FE07C060817181828193810C5FB3
:10F310001F4F08C060817181072E000C880B990B6C
:10F320000E5F1F4FF32DFF763F2E97FF09C090957C
:10F330008095709561957F4F8F4F9F4FF0683F2E5E
:10F340002AE030E0A30143D1882E861844C08537D7
:10F3500031F4232D2F7EB22E2AE030E025C0932DEC
:10F36000997FB92E8F36C1F018F4883579F0AEC088
:10F37000803719F0883721F0A9C0E92FE061BE2E4F
:10F38000B4FE0DC0FB2DF460BF2E09C034FE0AC0D0
:10F39000292F2660B22E06C028E030E005C020E10B
:10F3A00030E002C020E132E0F801B7FE07C0608122
:10F3B0007181828193810C5F1F4F06C060817181D2
:10F3C00080E090E00E5F1F4FA30101D1882E8618C8
:10F3D000FB2DFF773F2E36FE0DC0232D2E7FA22E54
:10F3E000891458F434FE0BC032FC09C0832D8E7E84
:10F3F000A82E05C0B82CA32C03C0B82C01C0B92C72
:10F40000A4FE0FC0FE01E80DF11D8081803321F4C0
:10F410009A2D997EA92E09C0A2FE06C0B394B3947A
:10F4200004C08A2D867809F0B394A3FC10C0A0FE16
:10F4300006C0B21480F4280C922C9B180DC0B21494
:10F4400058F4B60180E290E086D0B394F8CFB214BD
:10F4500018F42B1802C0982C212CA4FE0FC0B60162
:10F4600080E390E078D0A2FE16C0A1FC03C088E73C
:10F4700090E002C088E590E0B6010CC08A2D867845
:10F4800051F0A1FE02C08BE201C080E2A7FC8DE238
:10F49000B60190E060D0891430F4B60180E390E0CA
:10F4A0005AD09A94F8CF8A94F301E80DF11D808127
:10F4B000B60190E050D08110F6CF222009F44ECE54
:10F4C000B60180E290E047D02A94F7CFF60186811A
:10F4D000978102C08FEF9FEF2B960FB6F894DEBF97
:10F4E0000FBECDBFDF91CF911F910F91FF90EF9095
:10F4F000DF90CF90BF90AF909F908F907F906F9054
:10F500005F904F903F902F900895FC0105906150BF
:10F5100070400110D8F7809590958E0F9F1F089529
:10F52000FC016150704001900110D8F780959095D2
:10F530008E0F9F1F0895DC01FC01672F71917723C7
:10F54000E1F7329704C07C916D9370836291AE179E
:10F55000BF07C8F308950F931F93CF93DF93FB0169
:10F56000238121FD03C08FEF9FEF2CC022FF16C027
:10F5700046815781248135814217530744F4A08185
:10F58000B1819D012F5F3F4F318320838C93268172
:10F5900037812F5F3F4F3783268314C08B01EC01E7
:10F5A000FB010084F185E02D0995892BE1F6D80156
:10F5B00016968D919C911797019617969C938E9312
:10F5C0001697CE01DF91CF911F910F910895FA0107
:10F5D000AA27283051F1203181F1E8946F936E7F92
:10F5E0006E5F7F4F8F4F9F4FAF4FB1E03ED0B4E083
:10F5F0003CD0670F781F891F9A1FA11D680F791FC4
:10F600008A1F911DA11D6A0F711D811D911DA11DD4
:10F6100020D009F468943F912AE0269F11243019E4
:10F62000305D3193DEF6CF010895462F4770405D7F
:10F630004193B3E00FD0C9F7F6CF462F4F70405D2E
:10F640004A3318F0495D31FD4052419302D0A9F789
:10F65000EACFB4E0A6959795879577956795BA9583
:10F66000C9F700976105710508959B01AC010A2E49
:10F6700006945795479537952795BA95C9F7620F20
:10F68000731F841F951FA01D0895DC01CB01FC0191
:10F69000F999FECF06C0F2BDE1BDF89A319600B4EB
:10F6A0000D9241505040B8F70895F999FECF92BDA0
:10F6B00081BDF89A992780B50895262FF999FECF34
:10F6C0001FBA92BD81BD20BD0FB6F894FA9AF99A7F
:0AF6D0000FBE01960895F894FFCFD5
:10F6DA00FFFFFFFF02036F5A16C8FFC0A801FAC056
:10F6EA00A801FAFFFFFF00C0A8018E000000030076
:10F6FA00000000BD7A5F7A000001CC93C193B693F3
:10F70A006F666600C34E7A4FC34FD94FE54F4D43DC
:10F71A0050636F6E66696700F65E1F5D00D6011161
:10F72A005D375C00D9000C59BB57005001AB5788B4
:10F73A005600220178565C55001B014D550C5400A9
:10F74A004001FD53C352003901B952334F008503BA
:10F75A00294F684D00C001544D664B00ED01524BD4
:10F76A00734900DE015C49D946008202C246604400
:10F77A000061024D44E542006701D2426A410067D6
:10F78A0001235C1A590209035F411A41004400002F
:10F79A000000000000009581A181A781B9810000C5
:10F7AA00CC81D281EB810882000031000101020282
:10F7BA000103616273006E630064657200626B002C
:00000001FF
