:100000000C940A4B0C94394E0C94644E0C948F4E05
:100010000C943C4B0C943C4B0C943C4B0C943C4B44
:100020000C94E0F00C943C4B0C943C4B0C943C4BEB
:100030000C943C4B0C94EA4E0C943C4B0C943C4B73
:100040000C9450830C943C4B0C943C4B0C943C4BC8
:100050000C94BD4F0C947C4F0C94614F0C943C4B12
:100060000C943C4B0C943C4B0C9455570C943C4BCF
:100070000C94C9500C9488500C946D500C943C4BCB
:100080000C943C4B0C943C4B0C943C4BE299E49903
:10009000EF99F399FE99F199019A359CF29A339B65
:1000A000A29BD49B339B119CBB9D3F9D5B9D809DE0
:1000B000979D5B9DAC9D3C2F7072653E003C7072BD
:1000C000653E0065656D656D2E63676900666F6FDF
:1000D0002E6367690053657474696E67732073617A
:1000E0007665642C207265626F6F74206E6563653F
:1000F000737361727920746F2074616B652065661B
:1001000066656374210D0A003C74723E3C74642081
:10011000616C69676E3D227269676874223E48614E
:100120007264776172652D4D41433C2F74643E3C8F
:1001300074643E3C696E707574206E616D653D221D
:100140004D41432220747970653D22746578742294
:100150002073697A653D223137222076616C75659E
:100160003D22257322206D61786C656E6774683D51
:10017000223137223E3C2F74643E3C2F74723E3C49
:1001800074723E3C74643E3C2F74643E3C74643E26
:100190003C696E70757420747970653D2273756268
:1001A0006D6974222076616C75653D2220536176FD
:1001B00065206368616E67657320223E3C2F74641E
:1001C0003E3C2F74723E3C2F7461626C653E3C2F46
:1001D000666F726D3E004D4143003C74723E3C744C
:1001E0006420616C69676E3D227269676874223EA3
:1001F000444E532D5365727665723C2F74643E3CB9
:1002000074643E3C696E707574206E616D653D224C
:10021000444E532220747970653D227465787422AF
:100220002073697A653D223135222076616C7565CF
:100230003D22257322206D61786C656E6774683D80
:10024000223135223E3C2F74643E3C2F74723E00B6
:10025000444E53003C74723E3C746420616C696788
:100260006E3D227269676874223E476174657761EA
:10027000793C2F74643E3C74643E3C696E707574C6
:10028000206E616D653D224741544522207479708E
:10029000653D2274657874222073697A653D223148
:1002A00035222076616C75653D22257322206D61B3
:1002B000786C656E6774683D223135223E3C2F7440
:1002C000643E3C2F74723E0047415445003C7472BA
:1002D0003E3C746420616C69676E3D227269676898
:1002E00074223E4E65746D61736B3C2F74643E3CAA
:1002F00074643E3C696E707574206E616D653D225C
:100300004D41534B2220747970653D227465787499
:10031000222073697A653D223135222076616C7521
:10032000653D22257322206D61786C656E67746867
:100330003D223135223E3C2F74643E3C2F74723E88
:10034000004D41534B003C74723E3C746420616C20
:1003500069676E3D227269676874223E4950206168
:100360006464726573733C2F74643E3C74643E3CF9
:10037000696E707574206E616D653D224950222052
:10038000747970653D2274657874222073697A658A
:100390003D223135222076616C75653D2225732220
:1003A000206D61786C656E6774683D223135223E40
:1003B0003C2F74643E3C2F74723E004950003E3C1A
:1003C0002F74643E3C2F74723E00636865636B65F6
:1003D00064006F6E0044484350003C74723E3C74AD
:1003E0006420616C69676E3D227269676874223EA1
:1003F00044484350206163746976653C2F74643EC1
:100400003C74643E3C696E70757420747970653D0F
:1004100022636865636B626F7822206E616D653D53
:100420002244484350222076616C75653D226F6EF0
:1004300022200044484350003C666F726D20616387
:1004400074696F6E3D226E6574776F726B2E636791
:1004500069223E3C7461626C6520626F72646572F1
:100460003D2230222063656C6C70616464696E6744
:100470003D2235222063656C6C73706163696E6721
:100480003D2230223E00636F6E666967003C2F702C
:1004900072653E0D0A003C7072653E0D0A006E6585
:1004A00074776F726B2E636769004D414300444E51
:1004B000530047415445004D41534B0049500044BF
:1004C000484350005265736574007265736574002B
:1004D0007265736574007265736574003C666F7253
:1004E0006D20616374696F6E3D2272657365742E51
:1004F00063676922206D6574686F643D2267657467
:1005000022206163636570742D6368617273657422
:100510003D2249534F2D383835392D31223E3C701C
:100520003E3C696E70757420747970653D227375F8
:10053000626D697422206E616D653D22726573651E
:1005400074222076616C75653D2272657365742234
:100550003E3C2F703E3C2F666F726D3E007265739D
:1005600065742E636769003C2F424F44593E3C2F0F
:1005700048544D4C3E0D0A0D0A003C48544D4C3E2B
:100580003C484541443E3C6D65746120687474701C
:100590002D65717569763D22726566726573682294
:1005A00020636F6E74656E743D223630303B2022BE
:1005B0003E3C5449544C453E53747265616D696EBE
:1005C000673C2F5449544C453E3C2F484541443EDE
:1005D0003C424F4459206267636F6C6F723D222327
:1005E0003232384232322220746578743D222346FA
:1005F0004646464646223E5A6569743A20253032C0
:10060000643A253032643A253032642E2530326423
:1006100020282025752F25752F2530347520290099
:1006200073746174732E636769006F6666006F6E22
:10063000003A202575003A202575003C62723E0084
:100640003A20256C75003A20256C75003C62723E9C
:10065000003A202573003A202573003C62723E0068
:10066000223E3C2F74643E3C2F74723E3C2F7461DA
:10067000626C653E3C2F666F726D3E003C74723E4C
:100680003C74643E3C2F74643E3C74643E3C696E32
:1006900070757420747970653D227375626D69742C
:1006A000222076616C75653D22003C2F73656C6578
:1006B00063743E3C2F74643E003C2F6F7074696F0E
:1006C0006E3E003C6F7074696F6E2076616C75656C
:1006D0003D222564223E003C6F7074696F6E20736A
:1006E000656C65637465642076616C75653D222573
:1006F00064223E00222073697A653D2231223E0049
:100700003A3C2F74643E3C74643E3C73656C656394
:1007100074206E616D653D22003C74723E3C7464D1
:1007200020616C69676E3D227269676874223E00C1
:100730003E3C2F74643E3C2F74723E00206368651B
:10074000636B6564002220747970653D226368657F
:10075000636B626F78222076616C75653D22312271
:10076000002220747970653D2274657874222073AC
:10077000697A653D222564222076616C75653D228B
:10078000257322206D61786C656E6774683D222543
:1007900064223E3C2F74643E3C2F74723E00222043
:1007A000747970653D2274657874222073697A6566
:1007B0003D222564222076616C75653D22256C758D
:1007C00022206D61786C656E6774683D2225642215
:1007D0003E3C2F74643E3C2F74723E003A3C2F74B2
:1007E000643E3C74643E3C696E707574206E616D4D
:1007F000653D22003C74723E3C746420616C696704
:100800006E3D227269676874223E00223E3C74612C
:10081000626C6520626F726465723D2230222063D3
:10082000656C6C70616464696E673D22352220637B
:10083000656C6C73706163696E673D2230223E00A7
:100840003C666F726D20616374696F6E3D22006F4C
:100850006E00206B6F6E6E7465206E696368742025
:1008600076657262756E64656E2077657264656E1A
:100870002E0D0A0021204E54502D5365727665725C
:1008800020002056657262696E64756E672065721D
:10089000666F6C6772656963682C205A6569746B52
:1008A0006F7272656B7475723A2025642073656B84
:1008B000756E64656E2E0D0A004E54502D53657290
:1008C00076657220003C62723E253032752E2530EE
:1008D00032752E2530347520253032643A25303279
:1008E000643A25303264003C62723E003C2F613E27
:1008F000003C6120687265663D226E74702E6367ED
:1009000069223E006E74702E6367690030004155A5
:10091000544F445354005554435A4F4E45004E547F
:1009200050534552564552004E54500023350D3910
:1009300020232C2E0A29342338303A3D332B173FFD
:100940002736232F2D3207233731282323740D6FA9
:1009500020686E6D0A6C726769706376657A64628E
:100960007379667861776A2375716B236973702E6A
:1009700063676900495350206675736520232564B9
:1009800020766572696679206661696C65642E3CC3
:1009900062723E002F004661696C65643A202564EE
:1009A000206E6F6D696E616C2073697A652C2025ED
:1009B00064206279746573207772697474656E203F
:1009C000746F20666C6173682C20256420666169F1
:1009D0006C65642E00537563636573733A202564F8
:1009E000206279746573207772697474656E2074FF
:1009F0006F20666C6173682C206E6F206661696C75
:100A0000757265732E004665686C6572427974650F
:100A100073203D2025640D0A00476573616D7442A3
:100A200079746573203D2025640D0A00566572694E
:100A30006679206661696C65643A202530347820D7
:100A4000697320253032782073686F756C6420627A
:100A50006520253032782E2000466C61736852651F
:100A60006164206661696C65642E0046696C654747
:100A700065743A204265656E646967756E672064C7
:100A80007572636820476567656E7374656C6C6525
:100A90002E0D0A0046696C654765743A2054696DED
:100AA000656F7574206265696D20456D7066616E55
:100AB000672E0D0A005365727665722074696D6544
:100AC0006F75743F20004661696C65643A206E6FF3
:100AD0007468696E672070726F6772616D6D6564AE
:100AE0002E004953502070726F6772616D20656EE1
:100AF00061626C65206661696C65642E204368657F
:100B0000636B20636F6E6E656374696F6E20746FC4
:100B10002074617267657420626F6172642E004692
:100B2000696C65736572766572206572726F72208A
:100B3000636F64652025642E0046696C65207369C7
:100B40007A653A2025640D0A004865616465722063
:100B5000436F64653A2025640D0A00536F636B652B
:100B600074206F70656E206661696C656420636FC8
:100B700064652025642E003C703E436C69636B20E5
:100B80003C6120687265663D226973702E636769F7
:100B9000223E686572653C2F613E20616674657215
:100BA00020616C6C204C4544206F6E206574686534
:100BB000726E657420696E74657266616365206229
:100BC0006F6172642077656E74206F66662061675E
:100BD00061696E2E003C703E4C6F6164696E6720E7
:100BE00062696E61727920646174612066726F6DF2
:100BF0002025732E002E62696E003C703E526561A6
:100C0000642066726F6D2025733A205369676E61A8
:100C100074757265202530325820253032582025D1
:100C20003032582C20467573657320253032582099
:100C3000253032582025303258003C703E496E76BF
:100C4000616C6964207369676E6174757265202FC9
:100C500020667573657320666F726D617420696EAE
:100C60002066696C652025733A20257320706F73A8
:100C70006974696F6E2025642E003C703E41637478
:100C800075616C2063686970207369676E61747543
:100C900072652066697473206E6F7420746F2061B2
:100CA0006C6C6F776564207369676E616C747572C4
:100CB000657320696E2025732E004465636F64653B
:100CC000206572726F722025640D0A0020746F20F7
:100CD000706F732025640D0A006675736520636F5D
:100CE00064652066726F6D20706F7320256400202C
:100CF000746F20706F732025640D0A007369676E2E
:100D0000617475726520636F64652066726F6D2013
:100D1000706F73202564003C3C3C0D0A00427566F0
:100D200066657220636F6E74656E743A203E3E3E57
:100D3000003C703E4572726F722072656164696E2C
:100D4000672025732028636F6465202564292E00A1
:100D50002072656164696E6720256420627974651C
:100D6000730D0A00526561642073746172742061AE
:100D70007420706F73202564003C703E446F776E62
:100D80006C6F61642025732066696C65736572768B
:100D90006572206572726F7220636F6465202564CE
:100DA0002E003C703E446F776E6C6F61642025733B
:100DB00020736F636B6574206F70656E2066616968
:100DC0006C656420636F64652025642E002E747842
:100DD000740050726F6772616D6D206964656E7426
:100DE000697479202573004572726F723A206E6FB4
:100DF0002073657276657220706174682073706507
:100E00006369666965642E2000696E7465726E613F
:100E10006C204572726F723A20696E76616C6964FB
:100E200020706172616D657465722E20436C696318
:100E30006B203C6120687265663D226973702E6389
:100E40006769223E686572653C2F613E20746F20A1
:100E5000636F6E74696E75652E003C6269673E5300
:100E600069676E617475726520726561646F75740F
:100E7000206661696C65642E20436865636B20633E
:100E80006F6E6E656374696F6E20746F207461722B
:100E900067657420626F6172642E3C2F6269673EE1
:100EA0000069746C780054785032004E6F20696489
:100EB000656E74696669636174696F6E206F6E2018
:100EC000636F6E6E656374656420746172676574C8
:100ED00020666F756E642E2053656C656374207098
:100EE000726F6772616D206D616E75616C6C792EC9
:100EF00020003C6269673E4953502070726F6772F0
:100F0000616D20656E61626C65206661696C656407
:100F10002E20436865636B20636F6E6E6563746932
:100F20006F6E20746F2074617267657420626F61E8
:100F300072642E3C2F6269673E003C68333E426516
:100F4000666F72652073746172742070726F67725D
:100F5000616D6D696E6720616374696F6E20636F88
:100F60006E6E6563742074617267657420626F6170
:100F70007264206279207370656369616C206361BB
:100F8000626C653C2F68333E3C703E003C703E52C4
:100F90006573756C74206F66206C617374206F705C
:100FA00065726174696F6E3A3C703E3C6269673E7F
:100FB00025733C2F6269673E005374617274207020
:100FC000726F6772616D6D696E670057686174203A
:100FD000746F2070726F6772616D20286C65617626
:100FE0006520656D70747920666F72206175746F0D
:100FF0002D646574656374696F6E2900506174684F
:1010000020746F2073657276657220666F7220623D
:10101000696E6172696573006973702E6367690038
:1010200048747470526561644865616465723A2001
:10103000526573203D2025640D0A00436F6E746570
:101040006E742D4C656E6774683A00485454502F86
:10105000003C3C2076657261726265697465742E2D
:101060000D0A004874747052656164486561646576
:10107000723A205A65696C65203E3E00487474706F
:10108000526561644865616465723A2054696D65B2
:101090006F75740D0A004874747052656164486518
:1010A000616465723A20476574536F636B6574447D
:1010B0006174612829204665686C65720D0A000D0F
:1010C0000A0D0A00474554202F25732048545450D8
:1010D0002F312E300D0A557365722D4167656E7480
:1010E0003A20576765742F312E31312E340D0A4165
:1010F00063636570743A202A2F2A0D0A486F73744F
:101100003A2000487474704765743A20436F6E6EDD
:10111000656374206661696C65642E0D0A0048740D
:1011200074704765743A204950206E6F7420666F62
:10113000756E642E0D0A00487474704765743A2009
:10114000696E76616C696420706174682E0D0A00A6
:101150003C703E436C69636B203C6120687265663D
:101160003D226973702E636769223E686572653C33
:101170002F613E20746F20636F6E74696E75652EEB
:101180000070726F6769640073657276706174686D
:1011900000753D503D2A3D013DCB3CA23C463CF90B
:1011A0003BE13BC93B9B3B703B463B233BB73A583B
:1011B0003A453A353A193A003AE739D039BC39A8B4
:1011C00039853965395C395639433931391839022D
:1011D00039E238CC38AE388E3886387E3856382CDE
:1011E000381038EC37CE37B4379337723765375904
:1011F0003740372C371F3714370E370937F336DCB3
:10120000367D361F366F35CF34B03494346F344F5B
:101210003427340B340134FA33DC33C4339F338541
:10122000335533243317330A33E832CC32933275D3
:101230003232320632FC31EF31E431DD31CF31C7A9
:10124000319C31883157313031EF30B03096305BDE
:1012500030573051303D301F300C30E12FB82F88DF
:101260002F592F2B2FF42EC32E9B2E7A2E572E372D
:101270002E182E002EFA2DF32DE12DCA2DC62DC0CD
:101280002D8B2D6E2D3E2D1B2DF12CD92CB22C919A
:101290002C632C322C162C002CDA2BBD2BB92BB541
:1012A0002BAB2BA02B8F2B802B6E2B5D2B462B3744
:1012B0002B2C2B232B002BEA2AC92AA72A2B2ABB4B
:1012C000293E29C828A728932857281E28EE27BF7B
:1012D000279C277827492722270527E926A3266662
:1012E000261A26E425C525A12575254C252625F990
:1012F00024DF24C524BB24B42495247E2477246EC3
:10130000245C2451243F24332417240824D623ACFE
:10131000238923672332230923E422B7221C209543
:101320001DC61C191C681BDA1AD01AC91AC41ABFA8
:101330001AB71AAF1AAA1AA51A9B1A8F1A891A83F2
:101340001A7A1A731A6F1A6A1A641A5E1A541A4CA5
:101350001A461A401A381A301A2A1A241A181A1356
:101360001A031AFF19D919B8199219711967195C5A
:10137000194D193E1935192C191019F718D818C319
:10138000189C187C1831180018E817D817BB17A735
:1013900017691736170717DE16BB169E1673164900
:1013A000162A160C16F515E215BF15A315501507CC
:1013B00015EF14D514A6148414681458143F142976
:1013C0001420141714F613C913557365206461793A
:1013D0006C6967687420736176696E672074696DE3
:1013E0006520286575726F7065616E207374616E1B
:1013F000646172642900536F6D6D65727A656974FA
:10140000206175746F6D61746973636820756D73A5
:1014100074656C6C656E0054696D657A6F6E6500FD
:101420005A6569747A6F6E650054696D65207365DD
:101430007276657220686F7374206E616D65004806
:101440006F73746E616D6520646573205A6569748D
:1014500073657276657273005573652074696D6586
:1014600020736572766572005568727A65697420BA
:10147000766F6D2053657276657220616266726167
:1014800067656E006469726563746F7279206F7549
:1014900074206F662073706163652C206E6F7420FA
:1014A0007361766564005275666E756D6D65726EFA
:1014B0002D5665727A656963686E697320766F6C04
:1014C0006C2C206E6963687420676573706569634E
:1014D00068657274004572726F7220696E2064696B
:1014E000726563746F727920454550524F4D0046C6
:1014F00065686C657220696D205A757361747A2D08
:10150000454550524F4D003C62723E6261636B2014
:10151000746F203C6120687265663D226974656C59
:1015200065782D746C6E7665727A2E6367693F7389
:1015300070723D656E223E73756273637269626597
:1015400072206469726563746F72793C2F613E002A
:101550003C62723E5A75722675756D6C3B636B20EA
:101560007A756D203C6120687265663D22697465FC
:101570006C65782D746C6E7665727A2E6367693F40
:101580007370723D6465223E5465696C6E65686D6A
:1015900065722D5665727A656963686E69733C2F52
:1015A000613E004572726F723A20696E76616C69B5
:1015B00064206367692D63616C6C3A202573004673
:1015C00065686C65723A20756E6775656C746967DD
:1015D0006572204347492D4175667275663A20252C
:1015E0007300636F6D706C6574656C7920636C65F6
:1015F00061726564006B6F6D706C657474206765F3
:101600006C266F756D6C3B73636874006C6F6164FE
:101610006564207375636365737366756C6C79209C
:10162000282564206279746529004572666F6C67AD
:1016300072656963682067656C6164656E20282542
:101640006420427974657329003C623E4572726F72
:1016500072206174206C6F6164696E672028636F0B
:10166000646573202564202F2025303258293C2FB3
:10167000623E003C623E4665686C65722062656948
:101680006D204C6164656E2028436F64657320256E
:1016900064202F2025303258293C2F623E00736190
:1016A000766564207375636365737366756C6C79B6
:1016B00020282564206279746529004572666F6C64
:1016C00067726569636820676573706569636865DB
:1016D00072742028256420427974657329003C6265
:1016E0003E4572726F7220617420736176696E6715
:1016F0002028636F646573202564202F20253032F5
:1017000058293C2F623E003C623E4665686C65721B
:10171000206265696D2053706569636865726E202B
:1017200028436F646573202564202F2025303258AC
:10173000293C2F623E003C623E466F726D6572200E
:101740006E756D62657220256C6420636F756C64C4
:10175000206E6F742062652064656C657465642119
:101760003C2F623E3C62723E003C623E416C7465BE
:10177000204E756D6D657220256C64206B6F6E6EEA
:101780007465206E696368742067656C266F756D7B
:101790006C3B736368742077657264656E213C2FBF
:1017A000623E3C62723E00456E74727920756E63D3
:1017B00068616E6765643C62723E0045696E747272
:1017C000616720756E7665722661756D6C3B6E641F
:1017D0006572743C62723E00456E7472792073616A
:1017E0007665643C62723E0045696E747261672082
:1017F00067657370656963686572743C62723E0008
:101800003C623E4E756D62657220616C726561640A
:101810007920757365642C206368616E6765206E3E
:101820006F742073617665643C2F623E3C62723E49
:10183000003C623E5275666E756D6D65722069730F
:10184000742062657265697473207665726765627B
:10185000656E2C202641756D6C3B6E646572756EED
:1018600067206E6963687420676573706569636873
:101870006572743C2F623E3C62723E003C62723E76
:101880004C616E6775616765206368616E6765644A
:1018900020746F20456E676C697368003C62723E0D
:1018A000537072616368652067652661756D6C3B76
:1018B0006E64657274206E6163682044657574732C
:1018C0006368003C623E756E6368616E6765643C88
:1018D0002F623E3C62723E003C623E6B65696E6503
:1018E000202641756D6C3B6E646572756E673C2F8A
:1018F000623E3C62723E003C623E547970652075E7
:101900006E6B6E6F776E213C2F623E3C62723E00C2
:101910003C623E556E62656B616E6E7465722054FA
:101920007970213C2F623E3C62723E003A20495061
:1019300020257320003A20495020257320003A20AA
:10194000486F73746E616D6520257320003A2048DE
:101950006F73746E616D652025732000666F726D04
:10196000657220256C64006568656D2E20256C64A9
:10197000004469726563746F727920656E74727960
:101980003A3C62723E4E756D6265723A20256C6417
:1019900020005465696C6E65686D657265696E746A
:1019A0007261673A3C62723E5275666E756D6D6526
:1019B000723A20256C6420003C623E4E756D626573
:1019C000722030206E6F7420616C6C6F77656421BB
:1019D0003C2F623E3C62723E003C623E5275666E37
:1019E000756D6D65722030206E6963687420657254
:1019F0006C61756274213C2F623E3C62723E0061F4
:101A000064640048696E7A75662675756D6C3B670F
:101A1000656E0065646974002641756D6C3B6E648B
:101A200065726E00654D61696C00654D61696C00A1
:101A3000692D54656C657800692D54656C65780076
:101A400041534349490041736369690064656C65AA
:101A50007465640067656C6F6573636874004479CE
:101A60006E49500044796E495000547970650054B5
:101A70007970006C6F636B65640067657370657285
:101A80007274006C6F63616C004C6F6B616C00442E
:101A90006972656374206469616C0044757263687F
:101AA0007761686C00506F727400506F72740041FF
:101AB0006464726573730041647265737365004E8C
:101AC000616D65004E616D65004E756D62657200F9
:101AD0005275666E756D6D6572004E6F20656E7421
:101AE00072696573207965743C703E3C6120687250
:101AF00065663D226974656C65782D746C6E7665DB
:101B0000727A2E6367693F6C6F6164223E726573FF
:101B1000746F7265206C61737420736176656420E4
:101B2000656E74726965733C2F613E3C62723E3C27
:101B30006120687265663D226974656C65782D74F4
:101B40006C6E7665727A2E6367693F656469743D71
:101B500030223E61646420656E7472793C2F613E70
:101B60003C2F666F726D3E004E6F6368206B656937
:101B70006E652045696E74722661756D6C3B676594
:101B800020766F7268616E64656E3C703E3C6120C9
:101B9000687265663D226974656C65782D746C6E3B
:101BA0007665727A2E6367693F6C6F6164223E6767
:101BB00065737065696368657274652044617465F6
:101BC0006E207769656465726865727374656C6CA4
:101BD000656E3C2F613E3C62723E3C6120687265DE
:101BE000663D226974656C65782D746C6E766572DD
:101BF0007A2E6367693F656469743D30223E4869A7
:101C00006E7A75662675756D6C3B67656E3C2F61E7
:101C10003E3C2F666F726D3E003C612068726566C7
:101C20003D226974656C65782D746C6E7665727A88
:101C30002E6367693F73617665223E736176652026
:101C40006E6F6E2D766F6C6174696C653C2F613EB2
:101C50003C62723E3C6120687265663D2269746533
:101C60006C65782D746C6E7665727A2E6367693F49
:101C70006C6F6164223E6469736361726420616C9D
:101C80006C206368616E6765733C2F613E3C6272D5
:101C90003E3C6120687265663D226974656C6578BA
:101CA0002D746C6E7665727A2E6367693F636C651E
:101CB0006172223E636C65617220616C6C3C2F61C5
:101CC0003E3C62723E003C6120687265663D22695E
:101CD00074656C65782D746C6E7665727A2E6367A8
:101CE000693F73617665223E6E69636874666C262F
:101CF00075756D6C3B6368746967207370656963A3
:101D00006865726E3C2F613E3C62723E3C612068A9
:101D10007265663D226974656C65782D746C6E76AB
:101D200065727A2E6367693F6C6F6164223E616CF5
:101D30006C65202641756D6C3B6E646572756E67CF
:101D4000656E2076657277657266656E3C2F613EC2
:101D50003C62723E3C6120687265663D2269746532
:101D60006C65782D746C6E7665727A2E6367693F48
:101D7000636C656172223E6B6F6D706C657474206C
:101D80006C266F756D6C3B736368656E3C2F613EAE
:101D90003C62723E003C7461626C6520626F7264EA
:101DA00065723D2231222063656C6C7061646469E8
:101DB0006E673D2232222063656C6C7370616369CB
:101DC0006E673D2230223E3C74723E3C7468206156
:101DD0006C69676E3D226C656674223E4E756D625D
:101DE00065723C62723E736F7274203C612068724F
:101DF00065663D226974656C65782D746C6E7665D8
:101E0000727A2E6367693F736F72743D6E756D6D84
:101E10006572223E312D393C2F613E203C612068A5
:101E20007265663D226974656C65782D746C6E769A
:101E300065727A2E6367693F736F72743D6E756D5C
:101E40006D6572266162223E392D313C2F613E3C28
:101E50002F74683E3C746820616C69676E3D226C2B
:101E6000656674223E4E616D653C62723E736F72B0
:101E700074203C6120687265663D226974656C65FA
:101E8000782D746C6E7665727A2E6367693F736F16
:101E900072743D6E616D65223E412D5A3C2F613E4C
:101EA000203C6120687265663D226974656C6578C6
:101EB0002D746C6E7665727A2E6367693F736F72EC
:101EC000743D6E616D65266162223E5A2D413C2F44
:101ED000613E3C2F74683E3C746820616C69676E9B
:101EE0003D2263656E746572223E5370656369615D
:101EF0006C733C2F74683E3C746820616C69676E3B
:101F00003D226C656674223E547970653C2F74687E
:101F10003E3C746820616C69676E3D226C65667436
:101F2000223E416464726573733C2F74683E3C7456
:101F30006820616C69676E3D2263656E746572220C
:101F40003E506F72743C2F74683E3C746820616C24
:101F500069676E3D2263656E746572223E446972E4
:101F6000656374206469616C3C2F74683E3C7468DE
:101F700020616C69676E3D2263656E746572223EF6
:101F80004368616E6765643C62723E736F72742071
:101F90003C6120687265663D226974656C65782DC8
:101FA000746C6E7665727A2E6367693F736F7274B4
:101FB0003D646174756D223E6173632E3C2F613EFA
:101FC000203C6120687265663D226974656C6578A5
:101FD0002D746C6E7665727A2E6367693F736F72CB
:101FE000743D646174756D266162223E646573633D
:101FF0002E3C2F613E3C2F74683E3C746820616C1F
:1020000069676E3D226C656674223E416374696F38
:102010006E3C2F74683E3C2F74723E003C746162CB
:102020006C6520626F726465723D223122206365A7
:102030006C6C70616464696E673D22322220636556
:102040006C6C73706163696E673D2230223E3C7434
:10205000723E3C746820616C69676E3D226C6566F7
:1020600074223E5275666E756D6D65723C62723E8D
:10207000736F727469657265203C61206872656671
:102080003D226974656C65782D746C6E7665727A24
:102090002E6367693F736F72743D6E756D6D657207
:1020A000223E312D393C2F613E203C612068726513
:1020B000663D226974656C65782D746C6E76657208
:1020C0007A2E6367693F736F72743D6E756D6D65CF
:1020D00072266162223E392D313C2F613E3C2F74C5
:1020E000683E3C746820616C69676E3D226C656671
:1020F00074223E4E616D653C62723E736F7274690C
:10210000657265203C6120687265663D2269746570
:102110006C65782D746C6E7665727A2E6367693F94
:10212000736F72743D6E616D65223E412D5A3C2F76
:10213000613E203C6120687265663D226974656C71
:1021400065782D746C6E7665727A2E6367693F735D
:102150006F72743D6E616D65266162223E5A2D413B
:102160003C2F613E3C2F74683E3C746820616C6972
:10217000676E3D2263656E746572223E4265736FC1
:102180006E642E3C2F74683E3C746820616C6967F5
:102190006E3D226C656674223E5479703C2F7468E3
:1021A0003E3C746820616C69676E3D226C656674A4
:1021B000223E416472657373653C2F74683E3C74C3
:1021C0006820616C69676E3D2263656E746572227A
:1021D0003E506F72743C2F74683E3C746820616C92
:1021E00069676E3D2263656E746572223E44757246
:1021F00063687761686C3C2F74683E3C746820614A
:102200006C69676E3D2263656E746572223E6C6513
:10221000747A74653C62723E56657277656E647559
:102220006E673C62723E736F727469657265203CC2
:102230006120687265663D226974656C65782D74ED
:102240006C6E7665727A2E6367693F736F72743D48
:10225000646174756D223E6175663C2F613E203C61
:102260006120687265663D226974656C65782D74BD
:102270006C6E7665727A2E6367693F736F72743D18
:10228000646174756D266162223E61623C2F613E1D
:102290003C2F74683E3C746820616C69676E3D2217
:1022A0006C656674223E416B74696F6E3C2F746876
:1022B0003E3C2F74723E0073686F7720636F6D70C1
:1022C0006C657465206469726563746F72792077D8
:1022D000697468207072697661746520656E7472C5
:1022E000696573007A6569676520766F6C6C7374D5
:1022F0002661756D6C3B6E64696765732056657207
:102300007A656963686E6973003C68333E50756234
:102310006C696320737562736372696265722064AD
:1023200069726563746F72793C2F68333E3C6272E8
:102330003E003C68333E264F756D6C3B6666656EAD
:10234000746C6963686573205465696C6E65686D4B
:1023500065727665727A656963686E69733C2F6829
:10236000333E3C62723E003C68333E537562736399
:102370007269626572206469726563746F72793C18
:102380002F68333E3C62723E003C68333E546569C0
:102390006C6E65686D65727665727A656963686E84
:1023A00069733C2F68333E3C62723E00696E766111
:1023B0006C696420656E747279202873656520618C
:1023C00066746572202667743B2667743B266774C3
:1023D0003B20293A20006665686C65726861667406
:1023E0006520416E676162652028736965686520B4
:1023F00068696E746572202667743B2667743B2695
:1024000067743B20293A20005375626D697420631C
:1024100068616E6765730045696E7374656C6C7591
:102420006E67202655756D6C3B6265726E65686DD2
:10243000656E00206368616E67656420746F0020BC
:1024400067652661756D6C3B6E6465727420696E9C
:102450000020756E6368616E6765640020756E7636
:1024600065722661756D6C3B6E6465727400636F96
:102470006E74696E7565007765697465720054687D
:1024800065206E65772073657474696E677320616B
:1024900072653A2000446965206E6575656E204559
:1024A000696E7374656C6C756E67656E2073696EAA
:1024B000643A20002B2B2B656E64002B2B2B66655A
:1024C00072746967004E756D6265722025732073A2
:1024D000746174757320253032583C62723E004E30
:1024E000756D6D657220257320537461747573204A
:1024F000253032583C62723E00537461747573200B
:102500006F6620616C6C20636F6E6E6563746564CA
:10251000206861726477617265206D6F64756C65A7
:10252000733A3C703E005374617475732064657235
:1025300020616E67657363686C6F7373656E656E3B
:10254000204D6F64756C653A3C703E0050494E20DA
:10255000666F72206469726563746F727920736547
:10256000727665722073796E6368726F6E697361DB
:1025700074696F6E0047656865696D7A61686C2083
:10258000662675756D6C3B72205365727665722D8B
:1025900053796E6368726F6E6973696572756E6781
:1025A0000053756273637269626572206469726553
:1025B00063746F72792073657276657220616464EA
:1025C000726573730041647265737365206465732B
:1025D000205465696C6E65686D65722D5365727601
:1025E0006572730052656D6F746520636F6E6E6502
:1025F0006374696F6E2073657276657220616E64B4
:102600002064796E616D6963204950206172652094
:102610006578636C75736976650056657262696E7C
:1026200064756E677362722675756D6C3B636B655E
:102630006E73657276657220756E642044796E6182
:102640006D6973636865204950206E696368742002
:1026500067656D65696E73616D2076657277656E0D
:10266000646261722E00557365207065726D616ED3
:10267000656E742073657276657220636F6E6E6529
:102680006374696F6E2064756520746F206E6F6E61
:102690002D7075626C6963204950206164647265B5
:1026A0007373005374616E6476657262696E6475EB
:1026B0006E67207A756D2053657276657220776536
:1026C00067656E206E696368742D266F756D6C3B4F
:1026D0006666656E746C6963686572204950207621
:1026E000657277656E64656E005075626C69632013
:1026F000696E7465726E657420706F7274206E7589
:102700006D62657200266F756D6C3B6666656E74F2
:102710006C6963686520506F72742D4E756D6D65C0
:1027200072004C6F6F706261636B2074657374200C
:10273000706572696F6420283020746F2073776928
:10274000746368206F6666290056657262696E64FC
:10275000756E6773746573742D506572696F646507
:1027600020283020662675756D6C3B72206B65697C
:102770006E2054657374290044796E616D6963201D
:10278000757064617465206F6620495020616464CF
:1027900072657373206163746976650044796E6154
:1027A0006D69736368652049502D416B7475616C68
:1027B0006973696572756E6720616B746976005024
:1027C000494E20666F72207369676E20696E2061C2
:1027D00074207375627363726962657220646972D2
:1027E0006563746F727920736572766572004765F0
:1027F0006865696D7A61686C207A757220416E6DCA
:10280000656C64756E67206265696D205275666ED1
:10281000756D6D65726E2D536572766572003C62E2
:1028200069673E3C623E266C743B3D3D3D206D75C4
:1028300073742068617665206669766520746F2000
:102840006E696E6520646967697473213C2F623E0E
:102850003C2F6269673E003C6269673E3C623E26EF
:102860006C743B3D3D3D206D7573732066FC6E6658
:1028700020626973206E65756E205A69666665729E
:102880006E20686162656E213C2F623E3C2F62695A
:10289000673E0053756273637269626572277320C5
:1028A0006E756D62657200656967656E652052754B
:1028B000666E756D6D657220696D20692D74656C2D
:1028C00065782D4E65747A00436F6E666967757220
:1028D0006174696F6E207061676573206172652035
:1028E0006C6F636B656420616761696E2E20466F53
:1028F0007220756E6C6F636B696E6720656E7465B0
:10290000722070617373776F7264206F72207075BC
:10291000736820627574746F6E20617420657468CA
:1029200065726E657420696E746572666163652098
:102930006D6F64756C652074776963652E004B6FED
:102940006E66696775726174696F6E7373656974B9
:10295000656E2073696E64206E756E206765737096
:10296000657272742E205A757220467265696761AD
:1029700062652077696564657220646173205061C7
:102980007373776F72742065696E676562656E2018
:102990006F646572205461737465206465722042AF
:1029A00061756772757070652032207820647226B8
:1029B00075756D6C3B636B656E2E00466972737442
:1029C0002073656C6563742070617373776F7264D4
:1029D00020696E203C6120687265663D22697465DD
:1029E0006C65786366672D696E7465726E2E6367B9
:1029F000693F7370723D656E222074617267657401
:102A00003D226D61696E223E53657474696E677311
:102A100020666F7220746865206C6F63616C207330
:102A2000797374656D3C2F613E21007A756E266165
:102A3000756D6C3B636873742050617373776F724C
:102A40007420696E203C6120687265663D2269745D
:102A5000656C65786366672D696E7465726E2E634A
:102A600067693F7370723D646522207461726765A7
:102A7000743D226D61696E223E45696E7374656CAA
:102A80006C756E67656E20696D206C6F6B616C652F
:102A90006E2053797374656D3C2F613E2065696EBD
:102AA000676562656E21003C62723E5061737377A8
:102AB0006F7264206368616E676564206966206E6A
:102AC0006563657373617279003C62723E4B656E3B
:102AD0006E776F7274206767662E20676526617552
:102AE0006D6C3B6E646572742E0020636F756C6450
:102AF000206E6F74206265206368616E6765640094
:102B0000206B6F6E6E7465206E69636874206765F4
:102B10002661756D6C3B6E646572742077657264B6
:102B2000656E006E65772074657874006E657565F6
:102B3000722054657874006C696E6520746F206330
:102B400068616E6765007A75202661756D6C3B6EF5
:102B50006465726E6465205A65696C65006C6F63AC
:102B6000616C20616E642063616C6C6572006C6FD7
:102B70006B616C20756E6420416E727566657200C3
:102B80006F6E6C792061742063616C6C6572006E8D
:102B90007572206265696D20416E7275666572009E
:102BA0006F6E6C79206C6F63616C006E7572206C57
:102BB0006F6B616C006F66660061757300507269BF
:102BC0006E742064617465206F6E20696E636F6D32
:102BD000696E672063616C6C7300446174756D206D
:102BE00062656920416E727566656E206175746FED
:102BF0006D61746973636820647275636B656E00E0
:102C00006C6F6E672073657276696365206D65739E
:102C10007361676573004469656E73746D656C6498
:102C2000756E67656E20696E204C616E67666F72A7
:102C30006D004C6F63616C207375627363726962BF
:102C40006572206469726563746F72792076697346
:102C500069626C6520666F72206576657279626F55
:102C60006479005465696C6E65686D65722D566592
:102C7000727A656963686E697320662675756D6C16
:102C80003B7220616C6C6520736963687462617269
:102C90000050617373776F726420666F7220636F88
:102CA0006E66696775726174696F6E2070616765C1
:102CB000730050617373776F727420662675756D3B
:102CC0006C3B72204B6F6E66696775726174696FD9
:102CD0006E7373656974656E004D657373616765C6
:102CE0002066696C746572696E67206C6576656CC8
:102CF000004C6576656C20662675756D6C3B7220A0
:102D0000447275636B6175736761626520766F6E7F
:102D1000204D656C64756E67656E004C6F67676902
:102D20006E67206C6576656C20666F7220646972D0
:102D30006563746F72792073657276657200546989
:102D4000656665206465722050726F746F6B6F6C7E
:102D50006C696572756E6720662675756D6C3B7261
:102D6000205465696C6E2D536572766572004C6FE8
:102D70006767696E67206C6576656C206174207387
:102D8000657269616C20706F727400546965666564
:102D9000206465722050726F746F6B6F6C6C696524
:102DA00072756E6720616E2073657269656C6C6503
:102DB00072205363686E6974747374656C6C65001B
:102DC0006E65766572006E6965006F6E6C7920774E
:102DD000697468206469726563742063616C6C73E4
:102DE000006E7572206D6974204475726368776136
:102DF000686C00616C7761797300696D6D65720054
:102E0000616363657074204153434949206D6F6469
:102E1000652063616C6C7300416E72756665206934
:102E20006D2041534349492D4D6F64757320616E88
:102E30006E65686D656E0042726F61646361737484
:102E40002074696D6520746F206F74686572206DE1
:102E50006F64756C6573005568727A65697420617A
:102E60006E20616E64657265204D6F64756C6520BF
:102E70007665727465696C656E004175746F6D611D
:102E8000746963206C696E6520627265616B206194
:102E90007420706F736974696F6E004175746F6D23
:102EA0006174697363686572205A65696C656E75D3
:102EB0006D627275636820616E20506F736974690A
:102EC0006F6E00557365206E657720696E7465724C
:102ED0006E616C206275732070726F746F636F6CBB
:102EE000202866726F6D2076657273696F6E20346C
:102EF000353029004E6575657320696E7465726E94
:102F000065732042757370726F746F6B6F6C6C2099
:102F100076657277656E64656E20286162205665FD
:102F20007273696F6E2034353029004261756472A6
:102F300061746573206F66206D6F64756C657320B6
:102F4000286578616D706C653A2037302D37393AD5
:102F500037352C2A3A353029004261756472617424
:102F6000656E20646572204D6F64756C6520284223
:102F70006569737069656C3A2037302D37393A3797
:102F8000352C2A3A353029005365636F6E646172BF
:102F9000792063616C6C206E756D62657273206C54
:102FA0006973742028736570617261746520627939
:102FB00020636F6D6D61290065726C617562746567
:102FC0002044757263687761686C656E20286D694E
:102FD00074204B6F6D6D61207472656E6E656E2925
:102FE00000616C736F20666F722064697265637430
:102FF0002063616C6C7320746F207365636F6E6403
:10300000617279207072696E7465720061756368AF
:10301000206265692044757263687761686C006F2F
:103020006E6C792063616C6C7320746F20707269B0
:103030006D617279207072696E746572006E75725E
:10304000206265692048617570747374656C6C6585
:10305000006E65766572006E696500466F72776115
:1030600072642063616C6C7320746F20616C746592
:10307000726E61746976652074656C657072696ED4
:103080007465722069662063616C6C656420697385
:103090002062757379005765697465726C6569742F
:1030A000756E67206265692062657365747A740065
:1030B000496E7465726E616C2063616C6C206E7514
:1030C0006D626572206F66207072696D6172792021
:1030D00074656C657072696E74657220666F7220BB
:1030E000696E636F6D696E672063616C6C730069F4
:1030F0006E7465726E652044757263687761686C82
:10310000206465722048617570747374656C6C65B9
:1031100020662675756D6C3B72206B6F6D6D656EEC
:1031200064652056657262696E64756E67656E00CF
:103130005072696D6172792074656C657072696E28
:1031400074657220666F7220696E636F6D696E6759
:103150002063616C6C7300666573746520486175EB
:1031600070747374656C6C6520662675756D6C3B48
:1031700072206B6F6D6D656E646520566572626955
:103180006E64756E67656E004F7574736964652053
:103190006C696E65206E756D626572004E65747A3D
:1031A0002D566F727761686C20662675756D6C3B65
:1031B0007220676568656E64652056657262696E27
:1031C00064756E67656E005265667265736800416E
:1031D0006B7475616C6973696572656E0020536507
:1031E0006E64200020416273656E64656E20004548
:1031F0006E74657220746578743A200045696E6754
:103200006162653A2000496E74657266616365208B
:1032100069732064652D6163746976617465642ED9
:103220002054727920616761696E206C61746572E7
:103230002E005363686E6974747374656C6C6520DA
:10324000697374206465616B746976696572742E44
:103250002042697474652073702661756D6C3B74CF
:10326000657220776965646572207665727375632F
:1032700068656E2E00436F6E6E656374696F6E20B5
:10328000627573792C20706C656173652077616954
:10329000742E0045732062657374656874206265DE
:1032A00072656974732065696E6520616E6465720C
:1032B000652056657262696E64756E672C2062695E
:1032C0007474652077617274656E2E00456E746546
:1032D00072207465787420746F2073746172742026
:1032E0007072696E746572005465787465696E6792
:1032F0006162652073746172746574204665726ED4
:10330000736368726569626572007072696E746574
:1033100064207465787400447275636B73706965BA
:1033200067656C00756E617574686F72697365644A
:103330002061636365737320746F206C6F636B65CA
:103340006420636F6E66696775726174696F6E2061
:103350007061676500756E6175746F726973696518
:1033600072746572205A7567726966662061756647
:10337000204B6F6E66696775726174696F6E7373E7
:10338000656974650050616765206C6F636B656487
:10339000206279206F7468657220757365720053BE
:1033A0006569746520676573706572727420766FE5
:1033B0006E20616E646572656D20416E77656E6426
:1033C0006572210057726F6E672070617373776F3B
:1033D000726420656E7465726564210046616C7369
:1033E00063686573204B656E6E776F7274206569D4
:1033F0006E6765676562656E2100556E6C6F636B05
:103400000046726569676562656E00506167652098
:103410006C6F636B65642120456E7465722070610A
:103420007373776F726400536569746520676573A1
:10343000706572727421204269747465204B656EE8
:103440006E776F72742065696E676562656E00697C
:103450006E7465726E616C206469726563746F72FC
:1034600079206F7574206F662073706163650069E1
:103470006E7465726E6573205275666E756D6D65DE
:10348000726E2D5665727A656963686E697320760F
:103490006F6C6C0073756273637269626572206E23
:1034A000756D626572206E6F74206B6E6F776E0043
:1034B0006765776165686C7465204E756D6D6572C2
:1034C000206E696368742062656B616E6E74005073
:1034D000494E20666F72207369676E20696E2061A5
:1034E00074207375627363726962657220646972B5
:1034F0006563746F72792073657276657220777276
:103500006F6E672E0D0A706C6561636520636F6E68
:10351000746163742061207365727665722D6164D5
:103520006D696E6973747261746F722E0D0A6479BD
:103530006E616D69632069702075706461746520C7
:10354000616E642072656D6F746520636F6E6E6569
:103550006374696F6E207365727665722073776924
:103560007463686564206F6666206E6F772E0067EF
:10357000656865696D7A61686C2066756572206141
:103580006E6D656C64756E67206265696D2072751D
:10359000666E756D6D65726E2D73657276657220DF
:1035A00066616C7363682E0D0A62697474652062CB
:1035B0006569207365727665722D61646D696E69E7
:1035C00073747261746F72206D656C64656E2E0D1C
:1035D0000A64796E616D6973636865206970206142
:1035E0006B7475616C6973696572756E6720756E51
:1035F000642072656D6F74652D73657276657220D7
:10360000616E62696E64756E672077757264656E4F
:103610002061626765736368616C7465742E004C29
:103620006F6F706261636B2063616C6C20666169AF
:103630006C656420636F6E7374616E746C792E2098
:10364000436865636B20726F7574657220636F6E7B
:1036500066696775726174696F6E2E0D0A4C6F6FC3
:10366000706261636B2D546573742077617320738E
:1036700077697463686564206F66662E0053656CB5
:103680006273742D416E727566206D656872666135
:10369000636820766572736167742C20526F75744D
:1036A00065722D4B6F6E66696775726174696F6EB6
:1036B000207072756566656E2E0D0A53656C6273B7
:1036C000742D416E72756620777572646520616233
:1036D0006765736368616C7465742E000D0A2F2F23
:1036E0002F696E7465726E616C206D6573736167AE
:1036F0006520000D0A2F2F2F696E7465726E65208C
:103700006D656C64756E672000446174650044618A
:1037100074756D006C6F63616C2049503A200069CC
:103720006E7465726E652049503A20006E6F206D90
:1037300061746368696E6720656E7472790D0A0042
:103740006B65696E2070617373656E646572206568
:10375000696E747261670D0A00656E64202B2B2BF5
:103760002B0D0A0A00656E6465202B2B2B2B0D0A8E
:103770000A002020206E756D626572202D206E611A
:103780006D65202D20636F6E6E656374696F6E3A90
:103790000D0A002020206E756D6D6572202D206E43
:1037A000616D65202D2076657262696E64756E6745
:1037B0003A0D0A006C6F63616C6C792073746F72E0
:1037C000656420656E74726965733A0D0A006C6FEA
:1037D0006B616C20766F7268616E64656E652065E2
:1037E000696E7472616567653A0D0A006572726F81
:1037F0007220696E207375627363726962657220EC
:1038000073657276657220616E737765722E200023
:103810006665686C6572206265692073657276659D
:10382000722D616266726167652E2000656E746537
:1038300072206174206C65617374207468726565B0
:1038400020636861726163746572732E202020208A
:1038500020200D0A0A006D696E64657374656E73CD
:103860002033207A65696368656E2065696E6765D7
:1038700062656E2E2020202020200D0A0A000D0AED
:103880006D6F6D0D0A000D0A6D6F6D0D0A000D0A4A
:1038900073656172636820737562736372696265D0
:1038A000727320666F723A202020202020000D0ABB
:1038B0007465696C6E65686D6572737563686520A3
:1038C0006E6163683A202020202020004C6F7374C2
:1038D000206C6F63616C20636F6E6E656374696FDB
:1038E0006E00496E7465726E652056657262696E0F
:1038F00064756E6720756E74657262726F63686559
:103900006E004C6F63616C20636F6E6E65637469EB
:103910006F6E206275737900416E7363686C7573A6
:103920007320696E7465726E2062657365747A7453
:10393000007370656369616C206D657373616765A1
:103940003A2000736F6E7374696765206D656C64EF
:10395000756E673A2000627265616B00676574720C
:10396000656E6E740053756273637269626572206E
:10397000616273656E74202F20646561637469767B
:1039800061746564005465696C6E65686D6572206C
:103990006162776573656E64202F2061626765736D
:1039A0006368616C746574005375627363726962F5
:1039B00065722064657261696C6564005465696C48
:1039C0006E65686D657220676573746F65727400EB
:1039D00053756273637269626572206E6F742061E1
:1039E0006C6C6F776564005465696C6E65686D65B5
:1039F00072206E696368742065726C617562740010
:103A000053756273637269626572206E6F742061B0
:103A10007661696C61626C65005465696C6E65689D
:103A20006D6572206E696368742065727265696382
:103A300068626172005375627363726962657220B5
:103A400062757379005465696C6E65686D65722086
:103A500062657365747A740074696D65207365724C
:103A6000766572206E6F7420617661696C61626C3C
:103A7000652E207375627363726962657220736567
:103A800072766572206E6F742073746172746564EF
:103A90002C20706C6561736520726573746172743B
:103AA000207468697320696E74657266616365204D
:103AB000616761696E2E005A6569742D536572766F
:103AC000657220776172206E696368742076657212
:103AD000667565676261722C207465696C6E6568D5
:103AE0006D65722D736572766572206E6963687498
:103AF000206765737461727465742E2062697474D2
:103B000065206469657365207363686E6974747396
:103B100074656C6C65206E65752073746172746574
:103B20006E2E004D61696C206E6F7420737570701D
:103B30006F7274656420696E20746869732076659D
:103B40007273696F6E004D61696C20696E206469E3
:103B5000657365722056657273696F6E206E696356
:103B6000687420756E74657273747565747A740008
:103B70004E6F20636F6E6E656374696F6E20746F35
:103B80002073657276657220666F72206F75746738
:103B90006F696E67206D61696C73004B65696E6556
:103BA0002056657262696E64756E67207A756D2045
:103BB0004D61696C2D53657276657220667565720C
:103BC0002041757367616E67007365727665722058
:103BD000617661696C61626C6520616761696E2EF6
:103BE0000073657276657220776965646572206519
:103BF000727265696368742E006E6F2073756273EC
:103C0000637269626572206469726563746F727948
:103C1000202F20636F6E6E656374696F6E2073650D
:103C20007276657220617661696C61626C653A20BA
:103C3000436F6E6E656374696F6E73206D6179207A
:103C40006661696C2E006B65696E207465696C6EC7
:103C500065686D65722D202F2076657262696E64CD
:103C6000756E67732D736572766572206572726505
:103C70006963686261723A2076657262696E647522
:103C80006E67737665727375636865206B6F656EBA
:103C90006E656E206665686C7363686C6167656EDF
:103CA0002E0054696D656F7574207768696C6520A6
:103CB00077616974696E6720666F72206120726532
:103CC000636F6E6E656374696F6E005A65697475B3
:103CD0006562657273636872656974756E67206288
:103CE0006569205769656465726175666E61686DA6
:103CF00065206465722056657262696E64756E67D0
:103D0000004D756C7469706C65206572726F7273AA
:103D1000207768696C652073656E64696E67206FD3
:103D20006E206E6574776F726B004D6568726661A8
:103D3000636865204665686C6572206265696D2000
:103D400053656E64656E20696E73204E65747A00EB
:103D5000696E636F6D696E672063616C6C2063616F
:103D60006E63656C6C656420626563617573652064
:103D700062757379006B6F6D6D656E64657220415D
:103D80006E727566206162676577696573656E201E
:103D9000776567656E2062657365747A74004D435C
:103DA00050636F6E666967000D0A000A00256300A4
:103DB000436F6E6669672069737420256420627999
:103DC0007465732067726F73732C20256420627989
:103DD00074652077657264656E2062656E75747AAD
:103DE000742E204F66667365742025640D0A0D0AD3
:103DF000004F46460057524954455F50524F544574
:103E0000435400253032783A253032783A25303222
:103E1000783A253032783A253032783A253032787F
:103E20000044484350206D736720747970652035D5
:103E3000332076616C75652025750D0A0044484372
:103E400050206D736720747970652035332076615A
:103E50006C75652025750D0A0025642E25642E25B8
:103E6000642E256400206665686C67657363686C02
:103E70006167656E0D0A00206665686C676573632F
:103E8000686C6167656E0D0A00205A6569743A2096
:103E9000253032643A253032643A253032642E259A
:103EA0003032640D0A004E5450534552564552006C
:103EB0005554435A4F4E4500207C2D3E204E5450C1
:103EC0002D536572766572205A65697420616B7432
:103ED00075616C6973696572656E3A006F6E004E4C
:103EE000545000207C202020444E53202020203A93
:103EF0002025730D0A00207C2020204761746577FF
:103F000061793A2025730D0A00207C2020204E651F
:103F1000746D61736B3A2025730D0A00207C20209C
:103F200020495020202020203A2025730D0A006FC0
:103F30006E0044484350004448435000207C2D3ECE
:103F4000205443502028487572726963616E2D6554
:103F50006E67696E652920696E697469616C697341
:103F6000696572740D0A00207C2D3E205544502056
:103F700028546F726E61646F2D656E67696E652976
:103F800020696E697469616C6973696572740D0A80
:103F9000002D2B2D3E2041525020696E69746961BD
:103FA0006C6973696572740D0A00204C696E6B2030
:103FB00072656164790D0A002046756C6C647570D9
:103FC0006C65783A00454E4332386A3630202852C4
:103FD00065762E3A2025642920696E697469616CC2
:103FE00069736965727420282048572D4164643ACA
:103FF00020253032783A253032783A253032783AF6
:10400000253032783A253032783A253032782029F6
:10401000004D4143004D414300207C2D3E2056651C
:1040200072737563686520444843502D436F6E6614
:104030006967207A7520686F6C656E2E2000444891
:1040400043502D436F6E666967204665686C6765EF
:104050007363686C6167656E0D0A00444843502DB8
:10406000436F6E666967206765686F6C740D0A0040
:104070004741544500444E53004D41534B00495075
:10408000005544502D536F636B65742067657363EF
:10409000686C6F7373656E2E0D0A0054696D656FE1
:1040A0007574206265696D2077617274656E206138
:1040B000756620416E74776F72742E0D0A0046612A
:1040C0006C736368657320466F726D6174206465FC
:1040D0007220416E74776F72742E0D0A00416E74F7
:1040E000776F727420657268616C74656E2E0D0A4C
:1040F0000057617274652061756620416E74776F38
:1041000072742E005544502D5061636B65742067A6
:104110006573656E6465742E0D0A005544502D5309
:104120006F636B65742061756667656D6163687444
:10413000207A75722025732E0D0A004F6566666E13
:1041400065206E6575657320536F636B65742E0D06
:104150000A002820256C6420427974652075656208
:10416000657274726167656E2028464C4153482918
:104170000D0A000D0A436F6E74656E742D4C656EEA
:104180006774683A2025640D0A43616368652D43AE
:104190006F6E74726F6C3A206D61782D6167653D4A
:1041A000333630300D0A436F6E6E656374696F6E1F
:1041B0003A20636C6F73650D0A0D0A0062696E0028
:1041C000746578742F68746D6C006A706567007030
:1041D0006E6700485454502F312E31203230302039
:1041E000446F63756D656E7420666F6C6C6F77736A
:1041F0000D0A436F6E74656E742D547970653A20A4
:10420000000D0A002066726F6D2000687474702DB6
:10421000726571756573743A2000687474702D73DB
:1042200065727665723A20257320002320726F62D2
:104230006F74732E747874207A756D20692D74658F
:104240006C6578205765622D496E7465726661638E
:10425000650D0A557365722D6167656E743A202A83
:104260000D0A446973616C6C6F773A202F0D0A0058
:10427000726F626F74732E747874003C48544D4CA6
:104280003E3C484541443E3C2F484541443E3C6607
:1042900072616D6573657420726F77733D222A2C8D
:1042A000363022207363726F6C6C696E673D226ECC
:1042B0006F22206672616D65626F726465723D2265
:1042C000322220626F726465723D22322220667251
:1042D000616D6573706163696E673D223222206291
:1042E0006F72646572636F6C6F723D222330303081
:1042F000303030223E3C6672616D65207372633DE2
:10430000226974656C65782D6D73672D6F75742ED9
:104310006367693F7370723D656E22206E616D65E3
:104320003D224D73674F757422207363726F6C6CFE
:10433000696E673D226175746F223E3C6672616DE5
:1043400065207372633D226974656C65782D6D73A9
:10435000672D696E2E6367693F7370723D656E22CB
:10436000206E616D653D224D7367496E2220736337
:10437000726F6C6C696E673D226E6F223E3C6E6F91
:104380006672616D65733E3C626F64793E3C703E5F
:104390004968722042726F7773657220756E74651A
:1043A000727374C3BC747A74206B65696E65204641
:1043B00072616D6573213C2F703E3C2F626F647992
:1043C0003E3C2F6E6F6672616D65733E3C2F667268
:1043D000616D657365743E3C2F48544D4C3E0D0A2B
:1043E0000D0A006974656C65782D6D73672D656EB7
:1043F0002E68746D6C003C48544D4C3E3C48454121
:10440000443E3C2F484541443E3C6672616D6573B5
:10441000657420726F77733D222A2C363022207308
:1044200063726F6C6C696E673D226E6F22206672DC
:10443000616D65626F726465723D22322220626F27
:10444000726465723D223222206672616D657370FE
:104450006163696E673D22322220626F7264657209
:10446000636F6C6F723D2223303030303030223E2B
:104470003C6672616D65207372633D226974656C80
:1044800065782D6D73672D6F75742E6367693F7343
:1044900070723D646522206E616D653D224D7367CB
:1044A0004F757422207363726F6C6C696E673D2266
:1044B0006175746F223E3C6672616D652073726334
:1044C0003D226974656C65782D6D73672D696E2E5C
:1044D0006367693F7370723D646522206E616D652C
:1044E0003D224D7367496E22207363726F6C6C6955
:1044F0006E673D226E6F223E3C6E6F6672616D6527
:10450000733E3C626F64793E3C703E496872204263
:10451000726F7773657220756E7465727374C3BC45
:10452000747A74206B65696E65204672616D65737F
:10453000213C2F703E3C2F626F64793E3C2F6E6FA2
:104540006672616D65733E3C2F6672616D65736561
:10455000743E3C2F48544D4C3E0D0A0D0A006974C0
:10456000656C65782D6D73672D64652E68746D6C50
:10457000003C48544D4C3E3C484541443E3C6C69EF
:104580006E6B2072656C3D227374796C657368651F
:1045900065742220747970653D22746578742F6388
:1045A00073732220687265663D227374796C652E80
:1045B000637373223E3C2F484541443E3C424F4486
:1045C00059206267636F6C6F723D22234330464609
:1045D0004330223E3C6120687265663D2269746505
:1045E0006C65782D6D656E752D656E2E68746D6CBD
:1045F000223E6261636B3C2F613E202F203C612094
:10460000687265663D226974656C65786366672DBE
:10461000696E746B6F6E662E6367693F7370723D6F
:10462000656E22207461726765743D226D61696EEA
:10463000223E6C6F63616C206D6F64756C652063E6
:104640006F6E66696775726174696F6E3C2F613E4B
:10465000202F203C6120687265663D226974656C7C
:1046600065786366672D696E74626574722E636720
:10467000693F7370723D656E222074617267657464
:104680003D226D61696E223E6C6F63616C206675C0
:104690006E6374696F6E616C6974793C2F613E2042
:1046A0002F203C6120687265663D226974656C65E7
:1046B000786366672D65787465726E2E6367693FEF
:1046C0007370723D656E22207461726765743D225D
:1046D0006D61696E223E692D54656C6578206E654A
:1046E00074776F726B2073657474696E67733C2F97
:1046F000613E202F203C6120687265663D2269740E
:10470000656C65782D637265646974732E6367697F
:104710003F7370723D656E22207461726765743DEF
:10472000226D61696E223E637265646974733C2F09
:10473000613E202F203C6120687265663D226E65D7
:1047400074776F726B2D656E2E68746D6C223E4EA1
:104750006574776F726B3C2F613E202F203C612087
:10476000687265663D2273797374656D2D656E2E72
:1047700068746D6C223E53797374656D3C2F613E95
:10478000202F203C6120687265663D226974656C4B
:1047900065786366672D7370657272656E2E6367E8
:1047A000693F7370723D656E222074617267657433
:1047B0003D226D61696E223E6C6F636B3C2F613EE2
:1047C0003C2F424F44593E3C2F48544D4C3E0D0A1D
:1047D0000D0A006974656C65786366672D6D656E9A
:1047E000752D656E2E68746D6C003C48544D4C3EC2
:1047F0003C484541443E3C6C696E6B2072656C3DA3
:10480000227374796C65736865657422207479709D
:10481000653D22746578742F637373222068726516
:10482000663D227374796C652E637373223E3C2F50
:10483000484541443E3C424F4459206267636F6C97
:104840006F723D2223433046464330223E3C612076
:10485000687265663D226974656C65782D6D656E5C
:10486000752D64652E68746D6C223E7A757226759E
:10487000756D6C3B636B3C2F613E202F203C6120AB
:10488000687265663D226974656C65786366672D3C
:10489000696E746B6F6E662E6367693F7370723DED
:1048A000646522207461726765743D226D61696E72
:1048B000223E4C6F6B616C65204765722661756D99
:1048C0006C3B74652D4B6F6E6669677572617469B8
:1048D0006F6E3C2F613E202F203C61206872656620
:1048E0003D226974656C65786366672D696E7462D4
:1048F0006574722E6367693F7370723D6465222030
:104900007461726765743D226D61696E223E4C6F01
:104910006B616C6520426574726965627365696E6E
:104920007374656C6C756E67656E3C2F613E202FED
:10493000203C6120687265663D226974656C65780B
:104940006366672D65787465726E2E6367693F7361
:1049500070723D646522207461726765743D226DDA
:1049600061696E223E45696E7374656C6C756E6725
:10497000656E20696D20692D54656C65782D4E65D6
:10498000747A3C2F613E202F203C6120687265665E
:104990003D226974656C65782D6372656469747312
:1049A0002E6367693F7370723D6465222074617283
:1049B0006765743D226D61696E223E496D70726556
:1049C0007373756D3C2F613E202F203C612068720F
:1049D00065663D226E6574776F726B2D64652E6817
:1049E000746D6C223E4E65747A7765726B3C2F61F4
:1049F0003E202F203C6120687265663D22737973EA
:104A000074656D2D64652E68746D6C223E537973E8
:104A100074656D3C2F613E202F203C6120687265DB
:104A2000663D226974656C65786366672D73706591
:104A30007272656E2E6367693F7370723D646522A2
:104A4000207461726765743D226D61696E223E5308
:104A500070657272656E3C2F613E3C2F424F445927
:104A60003E3C2F48544D4C3E0D0A0D0A00697465BA
:104A70006C65786366672D6D656E752D64652E684F
:104A8000746D6C003C48544D4C3E3C484541443E9E
:104A90003C6C696E6B2072656C3D227374796C6539
:104AA00073686565742220747970653D2274657839
:104AB000742F6373732220687265663D2273747964
:104AC0006C652E637373223E3C2F484541443E3C47
:104AD000424F4459206267636F6C6F723D222343DB
:104AE0003046464330223E3C6120687265663D2276
:104AF0006D61696E6D656E752E68746D6C223E62B7
:104B000061636B3C2F613E202F203C612068726501
:104B1000663D226974656C65782D6D73672D656ED1
:104B20002E68746D6C22207461726765743D226D0D
:104B300061696E223E53656E64206D6573736167B3
:104B4000653C2F613E202F203C6120687265663DE8
:104B5000226974656C65782D746C6E7665727A2E38
:104B60006367693F7370723D656E2220746172677E
:104B700065743D226D61696E223E53756273637286
:104B800069626572206469726563746F72793C2F23
:104B9000613E202F203C6120687265663D22697469
:104BA000656C65786366672D6D656E752D656E2E17
:104BB00068746D6C223E692D54656C657820736550
:104BC0007474696E67733C2F613E202F203C612016
:104BD000687265663D226974656C65782D646562EE
:104BE00075672E63676922207461726765743D2260
:104BF0006D61696E223E646562756720696E666FDD
:104C00003C2F613E202F203C6120687265663D226A
:104C10006974656C65782D747769746C6E6C6973F2
:104C200074652E6367693F7370723D656E222074F0
:104C300061726765743D226D61696E223E6C6973B5
:104C400074206F66206D6F64756C65733C2F613ED8
:104C50003C2F424F44593E3C2F48544D4C3E0D0A88
:104C60000D0A006974656C65782D6D656E752D652E
:104C70006E2E68746D6C003C48544D4C3E3C48456B
:104C800041443E3C6C696E6B2072656C3D227374CE
:104C9000796C6573686565742220747970653D224E
:104CA000746578742F6373732220687265663D2281
:104CB0007374796C652E637373223E3C2F484541B3
:104CC000443E3C424F4459206267636F6C6F723DB3
:104CD0002223433046464330223E3C6120687265C1
:104CE000663D226D61696E6D656E752E68746D6CC2
:104CF000223E7A75722675756D6C3B636B3C2F6135
:104D00003E202F203C6120687265663D22697465F3
:104D10006C65782D6D73672D64652E68746D6C22DB
:104D2000207461726765743D226D61696E223E4E2A
:104D300061636872696368742073656E64656E3C54
:104D40002F613E202F203C6120687265663D2269FC
:104D500074656C65782D746C6E7665727A2E6367F7
:104D6000693F7370723D6465222074617267657477
:104D70003D226D61696E223E5465696C6E65686D99
:104D800065722D5665727A656963686E69733C2F2A
:104D9000613E202F203C6120687265663D22697467
:104DA000656C65786366672D6D656E752D64652E1F
:104DB00068746D6C223E692D54656C65782D45696B
:104DC0006E7374656C6C756E67656E3C2F613E200A
:104DD0002F203C6120687265663D226974656C65B0
:104DE000782D64656275672E63676922207461722D
:104DF0006765743D226D61696E223E446562756728
:104E00002D496E666F733C2F613E202F203C612040
:104E1000687265663D226974656C65782D74776982
:104E2000746C6E6C697374652E6367693F7370721E
:104E30003D646522207461726765743D226D61690D
:104E40006E223E4D6F64756C2D4C697374653C2FFA
:104E5000613E3C2F424F44593E3C2F48544D4C3EFE
:104E60000D0A0D0A006974656C65782D6D656E75A7
:104E70002D64652E68746D6C0040636861727365A3
:104E800074202249534F2D383835392D31220D0ADF
:104E9000202020613A6C696E6B207B2074657874E9
:104EA0002D6465636F726174696F6E3A6E6F6E65C3
:104EB0003B20666F6E742D7765696768743A626F20
:104EC0006C643B20636F6C6F723A2330303030413A
:104ED000303B207D200D0A202020613A76697369DD
:104EE000746564207B20746578742D6465636F72CB
:104EF0006174696F6E3A6E6F6E653B20666F6E749B
:104F00002D7765696768743A626F6C643B20636FE4
:104F10006C6F723A234130303041303B207D200DA0
:104F20000A202020613A686F766572207B207465C4
:104F300078742D6465636F726174696F6E3A6E6F19
:104F40006E653B20666F6E742D7765696768743A8D
:104F5000626F6C643B206261636B67726F756E6435
:104F60002D636F6C6F723A234646434343433B20A5
:104F70007D200D0A202020613A61637469766520E6
:104F80007B20746578742D6465636F726174696FDA
:104F90006E3A6E6F6E653B20666F6E742D77656935
:104FA0006768743A626F6C643B206261636B67721E
:104FB0006F756E642D636F6C6F723A23464646467A
:104FC00043433B207D200D0A202020613A666F6319
:104FD0007573207B20746578742D6465636F7261CE
:104FE00074696F6E3A6E6F6E653B20666F6E742DDE
:104FF0007765696768743A626F6C643B20626163CD
:105000006B67726F756E642D636F6C6F723A2343BA
:1050100043434346463B207D200D0A2020207072EA
:1050200065207B206F766572666C6F773A207363BC
:10503000726F6C6C3B207D0D0A007374796C652E69
:10504000637373003C48544D4C3E3C424F44593EC0
:105050003C7072653E3C703E202057656C636F6DFE
:105060006520746F0D0A5F5F5F5F5F5F5F5F5F5F0B
:105070005F5F5F5F5F5F5F5F5F5F5F5F5F5F5F5F40
:105080005F5F5F5F5F5F5F5F5F5F5F5F5F5F5F5F30
:105090005F5F5F5F0D0A202020202020202020203D
:1050A0002020202020202020202020202020202000
:1050B00020202020202020202020202020202020F0
:1050C000202020200D0A20204F4F4F20202020207C
:1050D000204F4F4F4F4F20204F4F4F4F4F20204FCB
:1050E0002020202020204F4F4F4F4F20204F2020A6
:1050F000204F20200D0A2020204F2020202020207B
:105100002020204F202020204F2020202020204F12
:105110002020202020204F202020202020204F2031
:105120004F2020200D0A202E2E2E2E2E2E2E2E2EFB
:105130002E2E2E2E2E2E2E2E2E2E2E2E2E2E2E2E8F
:105140002E2E2E2E2E2E2E2E2E2E2E2E2E2E2E2E7F
:105150002E2E2E2E0D0A2020204F2020204F4F4F84
:105160002020204F202020204F4F4F202020204F54
:105170002020202020204F4F4F2020202020204F73
:10518000202020200D0A2020204F20202020202019
:105190002020204F202020204F2020202020204F82
:1051A0002020202020204F202020202020204F20A1
:1051B0004F2020200D0A20204F4F4F20202020205C
:1051C0002020204F202020204F4F4F4F4F20204F96
:1051D0004F4F4F4F20204F4F4F4F4F20204F2020F9
:1051E000204F20200D0A5F5F5F5F5F5F5F5F5F5F43
:1051F0005F5F5F5F5F5F5F5F5F5F5F5F5F5F5F5FBF
:105200005F5F5F5F5F5F5F5F5F5F5F5F5F5F5F5FAE
:105210005F5F5F5F0D0A4275696C64203936332029
:105220004C494748542D495441322061742044610F
:1052300074653A2053657020323620323032322085
:1052400031353A33333A30300D0A4D6F64756C6541
:10525000733A20416E7363686C7573730D0A0D0A9F
:105260006275696C64206F6E204156522D6C6962C4
:10527000632076657273696F6E3A20322E302E305D
:105280002F32303135303230382077697468206100
:1052900076722D67636320352E342E300D0A0D0A89
:1052A000286329323030362D3230323220202053DC
:1052B0006F6674776172653A204672656420536F39
:1052C0006E6E656E7265696E0D0A6261736564204B
:1052D0006F6E204F70656E4D435020627920446997
:1052E000726B2042726F73737769636B0D0A3C2F88
:1052F0007072653E3C2F703E3C62723E3C703E4F89
:10530000757220686F6D65706167653A203C612039
:10531000687265663D22687474703A2F2F777777CC
:105320002E692D74656C65782E6E65742F2220743D
:1053300061726765743D22626C616E6B223E7777A5
:10534000772E692D74656C65782E6E65743C2F61BF
:105350003E3C703E546869732070726F6A65637476
:10536000206F6E203C6120687265663D226874740F
:10537000703A2F2F736F75726365666F7267652E53
:105380006E65742F70726F6A656374732F697465CC
:105390006C65782F22207461726765743D225F62AC
:1053A0006C616E6B223E536F75726365466F7267F8
:1053B000652E6E65743C2F613E3C2F424F44593E32
:1053C0003C2F48544D4C3E0D0A00696E666F2E68A6
:1053D000746D6C003C48544D4C3E3C484541443E45
:1053E0003C6C696E6B2072656C3D227374796C65E0
:1053F00073686565742220747970653D22746578E0
:10540000742F6373732220687265663D227374790A
:105410006C652E637373223E3C2F484541443E3CED
:10542000424F4459206267636F6C6F723D22234381
:105430003046464330223E3C6120687265663D221C
:105440006974656C65786366672D6D656E752D652D
:105450006E2E68746D6C223E6261636B3C2F613E00
:10546000202F203C6120687265663D22726573655D
:10547000742E6367693F7370723D656E222074619C
:10548000726765743D226D61696E223E5265736577
:10549000743C2F613E202F203C6120687265663D80
:1054A000226E74702E6367693F7370723D656E2261
:1054B000207461726765743D226D61696E223E4E93
:1054C00054503C2F613E202F203C6120687265665D
:1054D0003D2265656D656D2E6367693F7370723D32
:1054E000656E22207461726765743D226D61696E1C
:1054F000223E45456D656D3C2F613E3C2F424F4439
:10550000593E3C2F48544D4C3E0D0A0D0A0073790C
:105510007374656D2D656E2E68746D6C003C485417
:105520004D4C3E3C484541443E3C6C696E6B20729C
:10553000656C3D227374796C6573686565742220AF
:10554000747970653D22746578742F6373732220BB
:10555000687265663D227374796C652E637373227D
:105560003E3C2F484541443E3C424F4459206267EF
:10557000636F6C6F723D2223433046464330223EB8
:105580003C6120687265663D226974656C6578636C
:1055900066672D6D656E752D64652E68746D6C2261
:1055A0003E7A75722675756D6C3B636B3C2F613E60
:1055B000202F203C6120687265663D22726573650C
:1055C000742E6367693F7370723D64652220746155
:1055D000726765743D226D61696E223E5265736526
:1055E000743C2F613E202F203C6120687265663D2F
:1055F000226E74702E6367693F7370723D6465221A
:10560000207461726765743D226D61696E223E4E41
:1056100054503C2F613E202F203C6120687265660B
:105620003D2265656D656D2E6367693F7370723DE0
:10563000646522207461726765743D226D61696ED4
:10564000223E45456D656D3C2F613E3C2F424F44E7
:10565000593E3C2F48544D4C3E0D0A0D0A007379BB
:105660007374656D2D64652E68746D6C003C4854D0
:105670004D4C3E3C484541443E3C6C696E6B20724B
:10568000656C3D227374796C65736865657422205E
:10569000747970653D22746578742F63737322206A
:1056A000687265663D227374796C652E637373222C
:1056B0003E3C2F484541443E3C424F44592062679E
:1056C000636F6C6F723D2223433046464330223E67
:1056D0003C6120687265663D226974656C6578631B
:1056E00066672D6D656E752D656E2E68746D6C2206
:1056F0003E6261636B3C2F613E202F203C6120683D
:105700007265663D226E6574776F726B2E63676992
:105710003F7370723D656E22207461726765743DDF
:10572000226D61696E223E496E666F733C2F613E49
:10573000202F203C6120687265663D226E6574777B
:105740006F726B2E6367693F7370723D656E26637F
:105750006F6E66696722207461726765743D226DA1
:1057600061696E223E436F6E666967757261746926
:105770006F6E3C2F613E3C2F424F44593E3C2F48B8
:10578000544D4C3E0D0A0D0A006E6574776F726BB6
:105790002D656E2E68746D6C003C48544D4C3E3C3B
:1057A000484541443E3C6C696E6B2072656C3D22FD
:1057B0007374796C6573686565742220747970659B
:1057C0003D22746578742F63737322206872656656
:1057D0003D227374796C652E637373223E3C2F48AF
:1057E0004541443E3C424F4459206267636F6C6FB1
:1057F000723D2223433046464330223E3C612068BE
:105800007265663D226974656C65786366672D6DA7
:10581000656E752D64652E68746D6C223E7A7572A6
:105820002675756D6C3B636B3C2F613E202F203CD1
:105830006120687265663D226E6574776F726B2EAB
:105840006367693F7370723D64652220746172679B
:1058500065743D226D61696E223E496E666F733CD0
:105860002F613E202F203C6120687265663D226ECC
:105870006574776F726B2E6367693F7370723D64F6
:105880006526636F6E66696722207461726765744E
:105890003D226D61696E223E4B6F6E66696775725F
:1058A0006174696F6E3C2F613E3C2F424F44593EFC
:1058B0003C2F48544D4C3E0D0A0D0A006E6574771E
:1058C0006F726B2D64652E68746D6C003C48544D8E
:1058D0004C3E3C484541443E3C6C696E6B207265D1
:1058E0006C3D227374796C657368656574222074ED
:1058F0007970653D22746578742F63737322206814
:105900007265663D227374796C652E637373223EF3
:105910003C2F484541443E3C424F44592062676316
:105920006F6C6F723D2223433046464330223E3C2B
:105930006120687265663D22696E666F2E68746DBF
:105940006C22207461726765743D226D61696E22FC
:105950003E496E666F3C2F613E202F203C612068DF
:105960007265663D226974656C65782D6D656E752E
:105970002D64652E68746D6C223E692D54656C65CE
:1059800078202844657574736368293C2F613E2034
:105990002F203C6120687265663D226974656C65E4
:1059A000782D6D656E752D656E2E68746D6C223E5A
:1059B000692D54656C65782028456E676C6973683D
:1059C000293C2F613E202F203C6120687265663D96
:1059D000226974656C65782D637265646974732ED1
:1059E00063676922207461726765743D226D616925
:1059F0006E223E496D7072657373756D202F206342
:105A00007265646974733C2F613E3C2F424F445968
:105A10003E3C2F48544D4C3E0D0A0D0A006D616905
:105A20006E6D656E752E68746D6C0089504E470DF5
:105A30000A1A0A0000000D494844520000022500DD
:105A400000003F0403000000CD91A50C00000030D1
:105A5000504C5445FFFF66C0C0C0FF00000000006E
:105A60000000000000000000000000000000000036
:105A70000000000000000000000000000000000026
:105A800000000000C3145A13000000097048597345
:105A900000000B1300000B1301009A9C1800000279
:105AA0007F4944415478DAED5B5B72C3200CB473D8
:105AB00002ABF73F6CE33CA8C9EAB124D3096957AC
:105AC0003F558C84F10E428BA0CB2279909320100D
:105AD00026C2E4594CD6EDFCD7968372914EB93468
:105AE000A1B036AD2978C5E23E093A5C466D8261C7
:105AF0002498AC66DB62663FCAB58FA3726972DE1A
:105B000043DAB4A6E015D8E1ED57FDC18CCDEDCD5B
:105B100007E3DC6B3A4CB6E36718F1A9C64D937303
:105B2000CFCDB8F03AEDD6B61B6D4DB9BBFD28E62A
:105B30007642DBB426FF15D86133263ED5C869F21C
:105B4000300C613288896247987C202653E41D0915
:105B5000CFD990DB18C98890CE55EE051B4C781D27
:105B6000E385542DA7A061ECB4A91E4CEC3840305D
:105B7000AC2AF760AA770A36D15E18327EECDCBD1B
:105B800026C5A42DB690AF9D2785172EADC11A7BD3
:105B9000F78AF809E6F1351E0CF29380E70C4C13F6
:105BA0008EC3305E484B0ABA254C3C4C143B183B24
:105BB000C2E443307973DE9188C70A932731D9A3B1
:105BC00068DD034CCA55F1D6D8F72A9705707DA732
:105BD000224C3C4C1432183B4EADE09F2BCA3BCAC2
:105BE000C5AFD7D9FA529511352BCBBDB009CB74BF
:105BF000D861500034D72629A6255E479B74BFD3B1
:105C00006F7CB0DA5CEC89D00B9B9CED5267DC2793
:105C1000856E0BD3EF6EBA0C126C6A12AFA3CD7CFB
:105C200098F49BD67606815BDD6E17DC9E249BDFA5
:105C3000C4ABB3496B4A5D5926384A4BEA4EE885F6
:105C40004DC5215D52EC42F7EAB02FF1EA6C848930
:105C500087896207634798CC8FC90C7947F20A6736
:105C6000634E4219D265041B2C0E37939359FA8464
:105C700037247803B1C354A41363BF58EDC4971FEE
:105C800029556D9971C73AB6DBF37C98042B6A717C
:105C900006D1DB24F758708D051B9E9F30A77E0C24
:105CA000C1A8384C721C397C3D2C615009991126D1
:105CB0001E268A1D8C1D61323F2633E41D09C5D97D
:105CC00082625AC2EB98FF535808363824C317DB58
:105CD00098F104B1136C6A92F862EE8B06900CDCBA
:105CE000D4F142A6681ABA96F0073019BE885279E4
:105CF00065FCC42F1C251C86B9931F8FDE9E9E2633
:105D00008397B898F10813C50E1F3BC2447987C921
:105D10003B1261224C848930F93D4C4CF2205FDF0C
:105D2000827D01B9877BC8E30000000049454E44ED
:105D3000AE4260826C6F6368737472656966656E8B
:105D40002D68672E706E67003C48544D4C3E3C42B7
:105D50004F445920746578743D22233030303043ED
:105D60003022207374796C653D226261636B6772C7
:105D70006F756E642D696D6167653A75726C286C1C
:105D80006F6368737472656966656E2D68672E70DF
:105D90006E6729223E3C7370616E207374796C6566
:105DA0003D22666F6E743A20626F6C6420343070EE
:105DB000782027436F7572696572204E6577272CAE
:105DC000274C756369646120436F6E736F6C652740
:105DD0002C6D6F6E6F73706163653B20223E3C6279
:105DE0003E692D54656C6578202D20546F495020F4
:105DF0002D2065746865726E657420696E746572B5
:105E0000666163653C2F623E3C2F7370616E3E3C61
:105E10002F424F44593E3C2F48544D4C3E0D0A0DE5
:105E20000A00686561646C696E652E68746D6C004B
:105E30003C48544D4C3E3C484541443E3C544954FA
:105E40004C453E692D54656C65783C2F5449544C43
:105E5000453E3C2F484541443E3C6672616D65734A
:105E6000657420726F77733D2236342C34302C2ABF
:105E70002C343022207363726F6C6C696E673D2224
:105E80006E6F22206672616D65626F726465723D2D
:105E900022322220626F726465723D2232222066B5
:105EA00072616D6573706163696E673D2232222095
:105EB000626F72646572636F6C6F723D2223303063
:105EC00030303030223E3C6672616D652073726303
:105ED0003D22686561646C696E652E68746D6C2224
:105EE000206E616D653D224E617669676174696FF0
:105EF0006E3122207363726F6C6C696E673D226134
:105F000075746F223E3C6672616D65207372633DED
:105F1000226D61696E6D656E752E68746D6C2220E0
:105F20006E616D653D224E617669676174696F6E61
:105F30003222207363726F6C6C696E673D226175EB
:105F4000746F223E3C6672616D65207372633D2200
:105F5000696E666F2E68746D6C22206E616D653D92
:105F6000226D61696E223E3C6672616D65207372BE
:105F7000633D2273746174732E63676922206E61BE
:105F80006D653D2275706461746522207363726F64
:105F90006C6C696E673D226175746F223E3C6E6F5A
:105FA0006672616D65733E3C626F64793E3C703E23
:105FB0004968722042726F7773657220756E7465DE
:105FC0007273742675756D6C3B747A74206B656999
:105FD0006E65204672616D6573213C2F703E3C2FCB
:105FE000626F64793E3C2F6E6F6672616D65733EC1
:105FF0003C2F6672616D657365743E3C2F48544D4D
:106000004C3E0D0A0D0A00696E6465782E68746D49
:106010006C00696E6465782E68746D6C0048545429
:10602000502F312E30203430330D0A436F6E74659B
:106030006E742D547970653A20746578742F687485
:106040006D6C0D0A4B6565702D416C6976653A2063
:10605000636C6F73650D0A0D0A3C48544D4C3E3C11
:10606000424F44593E3430332046696C65206E6F90
:106070007420666F756E64213C2F424F44593E3C3C
:106080002F48544D4C3E0D0A0D0A00504F535400FA
:1060900047455400687474706400485454502D533C
:1060A000657276657220506F72742025642E0D0A19
:1060B000003C2F424F44593E3C2F48544D4C3E0D1E
:1060C0000A0D0A003C48544D4C3E3C484541443E74
:1060D0003C6D65746120687474702D6571756976A6
:1060E0003D22657870697265732220636F6E7465F6
:1060F0006E743D2230223E3C212D2D20456E616282
:106100006C6520494539205374616E646172647313
:10611000206D6F6465202D2D3E3C6D657461206897
:106120007474702D65717569763D22582D55412D19
:10613000436F6D70617469626C652220636F6E7469
:10614000656E743D2249453D3922203E3C2F48452D
:1061500041443E3C424F44593E00485454502F3134
:106160002E312032303020446F63756D656E74209F
:10617000666F6C6C6F77730D0A436F6E74656E7427
:106180002D547970653A20746578742F68746D6C3D
:106190000D0A43616368652D436F6E74726F6C3ACC
:1061A000206E6F2D63616368650D0A436F6E6E65C7
:1061B0006374696F6E3A20636C6F73650D0A0D0A24
:1061C0000014151617544852454144004558544987
:1061D0004E5400436F6E666967004C45445F636FC1
:1061E000726500434C4F434B005354444F55540089
:1061F00055415254006954656C65782E2E2E0D0A57
:106200000020496E697469616C6973696572740D07
:106210000A00202530325800253032643A253032C9
:10622000643A253032642C253032643A20006954B7
:10623000656C65783A205465696C6E65686D657249
:106240002D5665727A656963686E6973206175732E
:1062500020454550524F4D2067656C6164656E2E38
:106260000D0A00202F20253032580D0A0069546590
:106270006C65783A202120456570726F6D204C6105
:1062800064656665686C6572202564006954656C98
:1062900065783A202A205465696C6E65686D657270
:1062A0002D5665727A656963686E697320776972C5
:1062B0006420756E76657261656E646572742075B2
:1062C000656265726E6F6D6D656E2E0D0A00697484
:1062D000656C65782D746C6E7665727A2E6367696D
:1062E000003C2F7461626C653E003C2F7461626CEF
:1062F000653E3C2F666F726D3E003C2F666F726D7F
:106300003E003C2F613E3C2F74643E3C2F74723E35
:106310003C2F7461626C653E003C74723E3C746458
:106320003E26233136303B3C2F74643E3C74643E41
:1063300026233136303B3C2F74643E3C74643E2649
:10634000233136303B3C2F74643E3C74643E26233C
:106350003136303B3C2F74643E3C74643E2623311E
:1063600036303B3C2F74643E3C74643E2623313609
:10637000303B3C2F74643E3C74643E2623313630FF
:106380003B3C2F74643E3C74643E26233136303BE4
:106390003C2F74643E3C74643E3C612068726566C8
:1063A0003D226974656C65782D746C6E7665727AC1
:1063B0002E6367693F656469743D30223E003C741A
:1063C000643E26233136303B3C2F74643E3C2F74B0
:1063D000723E003C2F613E3C2F74643E3C2F747231
:1063E0003E003C74643E3C6120687265663D2269F3
:1063F00074656C65782D746C6E7665727A2E636741
:10640000693F656469743D256C64223E003C746498
:1064100020616C69676E3D2263656E746572223E11
:10642000253032752E253032752E253034752025D5
:106430003032643A253032643A253032643C2F746D
:10644000643E003C2F74643E3C74643E2623313627
:10645000303B3C2F74643E3C74643E26233136301E
:106460003B3C2F74643E3C74643E26233136303B03
:106470003C2F74643E003C2F74643E3C7464206185
:106480006C69676E3D226C656674223E25733C2FF5
:1064900074643E3C746420616C69676E3D22636580
:1064A0006E746572223E26233136303B3C2F746475
:1064B0003E3C74643E26233136303B3C2F74643EB0
:1064C000003C2F74643E3C746420616C69676E3DCF
:1064D000226C656674223E25733C2F74643E3C74C6
:1064E0006420616C69676E3D2263656E746572221B
:1064F0003E25753C2F74643E3C74643E2623313641
:10650000303B3C2F74643E003C2F74643E3C74640A
:1065100020616C69676E3D226C656674223E3C6149
:1065200020687265663D22687474703A2F2F257357
:1065300022207461726765743D225F626C616E6BCC
:10654000223E25733C2F613E3C2F74643E3C7464B4
:1065500020616C69676E3D2263656E746572223ED0
:1065600025753C2F74643E3C746420616C69676ED1
:106570003D2263656E746572223E25733C2F746400
:106580003E003C2F74643E3C746420616C69676E0D
:106590003D226C656674223E002000200020003CF5
:1065A000746420616C69676E3D226C656674223E7E
:1065B00025733C2F74643E3C74643E262331363090
:1065C0003B003C74723E3C746420616C69676E3DB4
:1065D000226C656674223E256C643C2F74643E0018
:1065E0003C2F613E3C62723E003C612068726566F1
:1065F0003D226974656C65782D746C6E7665727A6F
:106600002E6367693F616C6C657A656967656E22A8
:106610003E003C666F726D20616374696F6E3D224F
:106620006974656C65782D746C6E7665727A2E630C
:106630006769223E003C62723E61726763203D20C2
:1066400025642C206172677631203D20257300631C
:106650006C656172006C6F61640073617665003C0B
:106660002F623E3C62723E003C623E002025733C3D
:1066700062723E003A20002025753C62723E002086
:10668000257320282575293C62723E00202575203F
:10669000003C62723E003C62723E003C62723E0010
:1066A0003A2025733C62723E003C62723E00616C8F
:1066B000746E756D6D65720064757263687761687C
:1066C0006C00706F7274006164726573736500743E
:1066D000797065006C6F636B006C6F63616C003C7C
:1066E000696E707574206E616D653D22616C746EAB
:1066F000756D6D65722220747970653D22686964DC
:1067000064656E222076616C75653D22256C64227D
:106710003E006974656C65782D746C6E7665727A6E
:106720002E636769006564697400646174756D0047
:106730006E616D65006E756D6D6572006162006100
:106740006C6C657A656967656E00736F7274006959
:1067500054656C65783A205465696C6E65686D6542
:10676000722D5665727A656963686E69732050721E
:1067700075656673756D6D6520616B7475616C69A7
:10678000736965727420617566202530386C582EE7
:106790000D0A006954656C65783A205465696C6E21
:1067A00065686D65722D4C6973746520506C6174F9
:1067B0007A6D616E67656C2045696E7472616720E1
:1067C00025756C2067656C6F65736368742E0D0AA0
:1067D00000454550524F4D4F4B002E2E2E546C6E9F
:1067E00042756368206F6B0D0A006954656C6578AB
:1067F000006954656C657820506F72742025752E81
:106800000D0A002E2E2E436769206F6B0D0A006E55
:1068100074702E636769006D656D64756D702E68A8
:106820006578006974656C65782D63726564697458
:10683000732E636769006974656C65782D646562A1
:1068400075672E636769006974656C657863666750
:106850002D7370657272656E2E6367690069746569
:106860006C65786366672D65787465726E2E6367F4
:1068700069006974656C65786366672D696E74621A
:106880006574722E636769006974656C6578636608
:10689000672D696E746B6F6E662E6367690069742D
:1068A000656C65782D747769746C6E6C697374654A
:1068B0002E636769006974656C65782D6D73672D4B
:1068C0006F75742E636769006974656C65782D6DEA
:1068D00073672D696E2E636769006974656C6578EE
:1068E0005F696E6974323A0D0A0044484350002EC5
:1068F0002E2E54696D65722D43616C6C6261636B01
:106900002D46756E6B74696F6E206F6B0D0A002ECD
:106910002E2E436F6E666967206F6B0D0A002A3A50
:106920003530002E2E2E53656E6465507566666593
:10693000722C20456D7066507566666572206F6BAF
:106940000D0A006974656C65785F696E6974313A27
:106950000D0A004E657573746172742039363320E8
:1069600052657365742D466C61677320253032580B
:106970000D0A00253032580D0A0025303258003AF1
:10698000253032582530345825303258006375721E
:10699000003C2F613E003C6120687265663D2269C3
:1069A00074656C65786366672D65787465726E2EA4
:1069B000636769223E006974656C65786366672D5C
:1069C00065787465726E2E636769003C2F613E00C6
:1069D0003C6120687265663D226974656C65786308
:1069E00066672D696E74626574722E636769223EF4
:1069F000006974656C65786366672D696E7462659D
:106A000074722E636769003A202573002573266728
:106A1000743B2667743B2667743B256325733C2FC4
:106A2000623E003A203C623E003A202573003C6200
:106A3000723E003C62723E003A202573003C627256
:106A40003E003A202573003A202573003C62723ED6
:106A5000003A202573003A202573003C62723E0004
:106A60003C2F613E003C6120687265663D2269747E
:106A7000656C65786366672D696E746B6F6E662EE4
:106A8000636769223E006974656C65786366672D8B
:106A9000696E746B6F6E662E636769003C2F613E92
:106AA0003C2F666F726D3E0020223E3C6120687272
:106AB00065663D226974656C65782D6D73672D6F11
:106AC00075742E63676922207461726765743D2254
:106AD0004D73674F7574223E003C696E707574206B
:106AE0006E616D653D2245696E6761626522207445
:106AF0007970653D2274657874222073697A653DEA
:106B0000223635222076616C75653D2222206D612A
:106B1000786C656E6774683D223635223E3C696E3E
:106B200070757420747970653D227375626D697437
:106B3000222076616C75653D22003C666F726D2087
:106B4000616374696F6E3D226974656C65782D6D43
:106B500073672D696E2E636769223E0048544D4C61
:106B60002D436861742D41626272756368202D2D1A
:106B70003E20417573736368616C74756E6720693C
:106B80006E7465726E0D0A00260048544D4C2D43FC
:106B9000686174206265676F6E6E656E2028416E55
:106BA0007761686C20257529202D3E20000D0A0094
:106BB00048544D4C2D436861742045696E6761628D
:106BC000653A20000D0A0045696E67616265004400
:106BD0006972656B74647275636B2041627275666D
:106BE00020447275636B7370696567656C202862F9
:106BF000656C656774290D0A00446972656B74647D
:106C00007275636B20416272756620447275636BA6
:106C10007370696567656C2028617573290D0A00BA
:106C200020282575290D0A00446972656B74647209
:106C300075636B20416272756620447275636B7375
:106C400070696567656C3A003C62723E3C707265C3
:106C50003E2573266C743B266C743B266C743B2576
:106C60007325733C2F7072653E003C48544D4C3E7A
:106C70003C484541443E3C6D6574612068747470C5
:106C80002D65717569763D2265787069726573222C
:106C900020636F6E74656E743D2231223E3C6D65DB
:106CA000746120687474702D65717569763D227009
:106CB0007261676D612220636F6E74656E743D2230
:106CC0006E6F2D6361636865223E3C6D6574612063
:106CD000687474702D65717569763D22726566728F
:106CE0006573682220636F6E74656E743D22313067
:106CF0003B2055524C3D6974656C65782D6D73670A
:106D00002D6F75742E636769223E3C2F48454144C0
:106D10003E3C424F44593E0025733C62723E002582
:106D200032643A2000494D50524553535F00697414
:106D3000656C65782D637265646974732E63676929
:106D400000696E76616C6964206C696E65206E7294
:106D50002E2025643C62723E005B25645D202D2D53
:106D60003E2025733A202564003C62723E3C61203F
:106D7000687265663D226974656C65782D6465622C
:106D800075672E6367693F7265736574223E53743D
:106D90006174697374696B2D446174656E207A75D2
:106DA000722675756D6C3B636B7365747A656E3CAA
:106DB0002F613E3C62723E45746865726E65743A3E
:106DC00020256C6420427974657320696E20256CDF
:106DD000642050616B6574656E204C6F636B457207
:106DE000726F727320256C640020256C75003C6204
:106DF000723E20564343205B6D565D203D003C6251
:106E0000723E53797374656D53746172745A656917
:106E100074203D20253032752E253032752E2530D8
:106E2000347520253032643A253032643A253032C8
:106E3000642C205265736574466C6167203D202583
:106E4000303258003C62723E44656275675F4C6F39
:106E5000776573745350203D2025303258003C62D2
:106E6000723E4E5450557064617465446966665351
:106E700065636F6E6473203D202564003C62723E42
:106E80005A656974536572766572416266726167AC
:106E90006554696D6572456E6465203D20257500F9
:106EA0003C62723E4C616E6754696D657256616CEE
:106EB00028265A65697453657276657241626672F6
:106EC00061676554696D657229203D202575003C18
:106ED00062723E4E65747A456967656E65495020F9
:106EE0003D2025303258003C62723E4E65747A5027
:106EF0006F7274203D202575003C62723E544350F1
:106F00005F736F636B65745B25645D3A20636C6FC0
:106F1000736564003C62723E5443505F736F636BF1
:106F200065745B25645D3A20436F6E6E65637469BA
:106F30006F6E53746174653D25752C2053656E64C6
:106F400053746174653D25752C20536F75726365AC
:106F5000506F72743D25752C2044657374696E61A1
:106F600074696F6E506F72743D25752C20536F7568
:106F700072636549503D256C582C2054696D656FCE
:106F80007574636F756E7465723D2564003C627242
:106F90003E54696D65723043616C6C6261636B5F16
:106FA0004D6178203D202575003C62723E54696D2C
:106FB000657230436E745F4D6178203D2025750009
:106FC0003C62723E54696D657230436E745F4D6908
:106FD0006E203D202575003C62723E54696D6572DD
:106FE0003043616C6C6261636B436F756E74203DFE
:106FF000202575003C62723E4954656C6578546882
:1070000072656164436F756E74203D202575003C88
:1070100062723E547769497372436F756E74203D96
:10702000202575003C62723E46616C736368657230
:10703000436F6465203D202575003C62723E4B75B0
:10704000727A54696D657256616C28266954656C54
:107050006578546872656164436865636B54696DF3
:10706000657229203D202575003C62723E4B757289
:107070007A54696D657256616C28266954656C6531
:1070800078536F636B65744C6562656E737A65697E
:107090006368656E54696D657229203D2025750011
:1070A0003C62723E4275734B6F6C6C6973696F6EB4
:1070B0005A6165686C6572203D202575003C6272DE
:1070C0003E5477695761746368646F67436F756E88
:1070D00074203D202575003C62723E5477694C65F2
:1070E00062656E737A65696368656E5A6165686C1E
:1070F0006572203D202575003C62723E4B75727AA8
:1071000054696D657256616C2826427573517569B4
:10711000747454696D657229203D202575003C62A8
:10712000723E4C616E6754696D657256616C2826BB
:107130004265696465527568696754696D6572294D
:10714000203D202575003C62723E4B75727A546971
:107150006D657256616C282653636872656962506A
:107160006175736554696D657229203D2025750030
:107170003C62723E4B75727A54696D657256616CF1
:1071800028265761686C506175736554696D657226
:1071900029203D202575003C62723E5761686C7A5B
:1071A00069666665726E203D202575003C62723E00
:1071B0005761686C6E756D6D6572203D2025750098
:1071C0002025303258003C62723E5075666665720A
:1071D000416E7A61686C282653656E6465507566E9
:1071E00066657229203D202575003C62723E53651C
:1071F00072556D53656E64446174656E203D202543
:1072000075003C62723E536572556D53656E644203
:1072100069744E72203D202575003C62723E5365B4
:1072200072556D5469636B5A6165686C657253651C
:107230006E64203D202575003C62723E53656E648D
:10724000654D61726B203D20257500202530325838
:10725000003C62723E507566666572416E7A616886
:107260006C2826456D706650756666657229203DEE
:10727000202575003C62723E536572556D456D70F8
:10728000664665686C6572203D202575003C62721B
:107290003E536572556D456D7066446174656E2030
:1072A0003D202575003C62723E536572556D456DFB
:1072B00070664D61726B5A6165686C203D20257562
:1072C000003C62723E536572556D456D7066426951
:1072D000744E72203D202575003C62723E536572EB
:1072E000556D5469636B5A6165686C6572456D7064
:1072F00066203D202575003C62723E427573456DE7
:1073000070664D61726B203D202575003C62723EB7
:10731000536572556D5469636B7350726F42697433
:10732000203D202575003C62723E427573566572A1
:1073300062506172746E6572203D202575003C625A
:10734000723E5465696C6E65686D657253657276E0
:1073500065724665686C65725A6165686C6572280D
:10736000257329203D2025642C2053706572726599
:107370002D54696D6572202564003C62723E416B3C
:1073800074546C6E53657276657254616249203D27
:10739000202575003C62723E5465696C6E65686DAF
:1073A0006572536572766572416C6C654E6963688F
:1073B0007445727265696368626172203D2025754B
:1073C000003C62723E5465696C6E65686D6572530F
:1073D0006572766572536F636B6574203D2025641A
:1073E000003C62723E53656C627374416E727566E6
:1073F0005A656974556562657277616368756E6711
:107400003A20003C62723E46616C7363684765686F
:1074100065696D7A61686C5A6165686C6572203D5A
:10742000202575003C62723E53656C627374416E38
:10743000727566456D7066616E67507275656677C8
:10744000657274203D202575003C62723E53656C68
:10745000627374416E72756653656E6465507275C1
:10746000656677657274203D202575003C62723E2A
:1074700053656C627374416E727566536F636B65AE
:107480007448616E646C65203D202564003C627226
:107490003E53656C627374416E727566456E647AB4
:1074A000656974203D202575003C62723E4B757203
:1074B0007A54696D657256616C282653656C6273E7
:1074C00074416E72756654696D657229203D202580
:1074D00075003C62723E53656C627374416E7275E6
:1074E000664665686C65725A6165686C6572203DB8
:1074F000202575003C62723E53656C627374416E68
:107500007275665068617365203D202575003C6288
:10751000723E44796E4950416B7475616C69736950
:107520006572756E67456E647A656974203D2025C5
:1075300075003C62723E4C616E6754696D657256AF
:10754000616C282644796E4950416B7475616C6991
:1075500073696572756E6754696D657229203D2087
:107560002575003C62723E44796E49505F506861F7
:107570007365203D202575003C62723E52656D6F3B
:10758000746553657276657241646472657373499C
:107590006E646578203D202575003C62723E4B7517
:1075A000727A54696D657256616C282652656D6FEA
:1075B0007465536572766572436865636B54696D73
:1075C000657229203D202575003C62723E52656D32
:1075D0006F74655365727665725265636F6E6E6522
:1075E000637454696D6572456E64203D2025750095
:1075F0003C62723E4B75727A54696D657256616C6D
:10760000282652656D6F74655365727665724163A5
:1076100074696F6E54696D657229203D202575006F
:107620003C62723E52656D6F746553657276657229
:10763000536F636B657442756655736564203D20B6
:107640002575003C62723E52656D6F7465536572BC
:107650007665724C696E6B536F636B657448616ECF
:10766000646C65203D202575003C62723E52656D5C
:107670006F74655365727665724C696E6B53746195
:10768000747573203D202575003C62723E52656D15
:107690006F746553657276657241637469766520AF
:1076A0003D202575003C62723E536F636B657441EB
:1076B0006E7A61686C5A65696368656E456D70665F
:1076C000616E67656E203D202575003C62723E53F9
:1076D0006F636B6574416E7A61686C5A6569636843
:1076E000656E517569747469657274203D202575E5
:1076F000003C62723E536F636B6574416E7A6168E1
:107700006C5A65696368656E476573656E64657418
:10771000203D202575003C62723E50726F746F6B85
:107720006F6C6C5068617365203D202575003C626C
:10773000723E536F636B65744F7574427566557313
:107740006564203D202575003C62723E536F636B7B
:107750006574496E42756655736564203D202575D4
:10776000003C62723E4B75727A54696D6572566167
:107770006C28266954656C6578536F636B6574413A
:1077800062627275636854696D657229203D2025B7
:1077900075003C62723E6954656C6578536F636B2B
:1077A000657441626261754765706C616E74203DFD
:1077B000202575003C62723E6954656C6578536F94
:1077C000636B657450726F7456657273696F6E2067
:1077D0003D202575003C62723E6954656C657853A6
:1077E0006F636B657450726F746F6B6F6C6C203D60
:1077F000202575003C62723E6954656C6578536F54
:10780000636B6574506F7274203D202575003C6277
:10781000723E6954656C6578536F636B657449504B
:10782000203D2025303258003C62723E6954656C20
:107830006578536F636B657448616E646C65203D59
:10784000202564003C62723E6954656C6578536F14
:10785000636B65744D6F6465203D202575003C6247
:10786000723E537461747573203D20253032580088
:107870003C62723E4D6F647573203D202575003C5F
:1078800062723E446961676E6F73655075666665C6
:10789000724C6576656C203D2025750044696167F2
:1078A0006E6F73655075666665723A202573004C7D
:1078B00065747A74657220416E7275663A2025305F
:1078C00032752E253032752E253034752025303214
:1078D000643A253032643A253032643C62723E00AC
:1078E0007761746368646F6774657374007265733D
:1078F0006574006E6C00697400656E0064650073E9
:107900007072000D0A003A006367692D4175667256
:10791000756620766F6E2000006B656E6E77000DC9
:107920000A005A7567726966666520706572205430
:1079300043503A00202025757820202D25757300AE
:107940000D0A706F727420257520697020000D0A71
:107950000020282D25752053656B756E64656E2992
:107960000D0A002D3E25337520202049503A002075
:1079700053746174653A253375002020202000532C
:107980006F636B65744368616E67653A2048616E2A
:10799000646C653A25640052656D6F746553657259
:1079A000766572207665727765726665202575202A
:1079B000427974657320446174656E20617573202B
:1079C00053656E64652D50756666657220626569E3
:1079D0002067657363686C6F7373656E656D2053A4
:1079E0006F636B65740D0A00212052656D6F7465BD
:1079F0005365727665722077697264207765676572
:107A00006E2053656E64656665686C657220676597
:107A10007472656E6E742E0D0A00202D2D3E20525C
:107A200065732025640D0A0052656D6F746553659A
:107A3000727665722053656E64756E673A202825EC
:107A400075290025642F3130302073656B0D0A00D5
:107A50002A2052656D6F74652053657276657220B9
:107A60005765636873656C2C206E65756520566577
:107A7000727A6F65676572756E6720002065726641
:107A80006F6C6772656963682067656F6566666EAF
:107A900065740D0A0052656D6F74652053657276CA
:107AA00065722000206B6F6E6E7465206E6963686E
:107AB000742067656F6566666E65742077657264AD
:107AC000656E0D0A00212052656D6F746520536547
:107AD00072766572200020756E62656B616E6E74E1
:107AE0000D0A00212052656D6F7465205365727612
:107AF000657220486F73746E616D65200052656D0C
:107B00006F74655365727665722073656E64652067
:107B1000456E64650D0A002A2052656D6F746553C9
:107B200065727665722068617420536F636B65744B
:107B300020554E4745504C414E542067657363684D
:107B40006C6F7373656E2E0D0A0052656D6F7465F0
:107B50005365727665722068617420536F636B653C
:107B600074206B6F7272656B742067657363686CE9
:107B70006F7373656E2E0D0A00202D2D3E207769E0
:107B8000726420766572776F7266656E0D0A0021E9
:107B90002052656D6F746553657276657220556EFF
:107BA0006775656C74696765732054656C65677289
:107BB000616D6D20656D7066616E67656E3A002A55
:107BC0002052656D6F7465536572766572206861C9
:107BD0007420456E64652D42656665686C20676536
:107BE00073636869636B740D0A0052656D6F746529
:107BF0005365727665722068617420566572626999
:107C00006E64756E677377756E73636820676573EE
:107C1000636869636B742C207769726420616267A2
:107C20006577696573656E3A0D0A0052656D6F740C
:107C3000655365727665722068617420566572625C
:107C4000696E64756E677377756E736368206765B8
:107C500073636869636B742C207769726420616E4A
:107C600067656E6F6D6D656E3A0D0A00202D2D3EB5
:107C700020427566557365642025750D0A002564DC
:107C8000290052656D6F7465536572766572204583
:107C90006D7066616E673A202825642F006C696DEF
:107CA000697469657274206175662025640D0A0027
:107CB0002A2052656D6F7465536572766572204532
:107CC0006D7066616E672064726F68656E64657260
:107CD0002055656265726C6175663A20456D706607
:107CE000616E6720766F6E20256420005275666E87
:107CF000756D6D65722D41626672616765004162E6
:107D0000667261676520626569205465696C6E659D
:107D1000686D65722D5365727665726E0D0A002569
:107D200034640D0A002534640053656E64422025D6
:107D30003464004665726E6B6F6E666967204B65D2
:107D40006E6E3D2564206F6B0D0A0044757263688A
:107D50007761686C20696E20546162656C6C652087
:107D6000676566756E64656E2025750D0A0044753D
:107D70007263687761686C20617573205461626515
:107D80006C6C6520756D67657365747A74202575F4
:107D90000D0A0044757263687761686C2D416E66E8
:107DA000726167652025750D0A002534640D0A008F
:107DB00025346400456D706641202531366400200D
:107DC0004B656E6E3D253032580D0A00204C656EB5
:107DD0003D2564004665726E6B6F6E666967202193
:107DE0004665686C657220436F64653D2564006676
:107DF00065726E6B6F6E666572720053656E646558
:107E00002050726F746F6B6F6C6C76657273696FF4
:107E10006E2D566F727363686C61672025750D0A4D
:107E20000050726F746F6B6F6C6C76657273696FF4
:107E30006E2D566F727363686C61672025752065BF
:107E40006D7066616E67656E0D0A005175697474B8
:107E5000756E677374656C656772616D6D206572B0
:107E600068616C74656E202D3E2045696E73636891
:107E7000616C742D4B646F2F5175697420616E2095
:107E80005457490D0A006F63630076657262756E20
:107E900064656E206D69742025750D0A00212073BC
:107EA000706F6E74616E65203F3F3F20416E776159
:107EB000686C20696E7465726E20257520004162C1
:107EC00062617562656665686C20766F6E204765D5
:107ED00067656E7374656C6C650D0A000D0A002A87
:107EE00020416262617562656665686C20766F6EBE
:107EF00020476567656E7374656C6C653A00536501
:107F00006E64656E42657363686C65756E696765FE
:107F10006E2045494E0D0A002A2076657273706105
:107F200065746574652045696E736368616C74750A
:107F30006E670D0A0053656E64656E426573636813
:107F40006C65756E6967656E204155530D0A002595
:107F500034640D0A0025346400456D7066422025A6
:107F6000313664006E61002A41736369692D416E88
:107F7000727566206162676577696573656E202832
:107F80004173636969456D70664D6F6475733D2516
:107F900075290D0A006E61002534640D0A00253430
:107FA000640053656E644120253464004854545085
:107FB000002A206954656C65782D426C696E647383
:107FC0006F636B65742073656C627374206765748E
:107FD00072656E6E740D0A002A206954656C6578AE
:107FE0002D426C696E64736F636B65742077757274
:107FF000646520766F6E20476567656E7374656C87
:108000006C652067657472656E6E740D0A002120C0
:108010005A4549545545424552534348524549549F
:10802000554E4720626569205769656465726175C0
:10803000666E61686D65206465722056657262695E
:108040006E64756E670D0A0021204D656872666169
:10805000636865204645484C4552206265696D203D
:1080600053656E64656E20696E73204E65747A2C5C
:1080700020536F636B6574207769726420766F722A
:108080007565626572676568656E642067657363B0
:10809000686C6F7373656E0D0A0021204D65687200
:1080A0006661636865204645484C455220626569B3
:1080B0006D2053656E64656E20696E73204E657425
:1080C0007A20616265722056657262696E64756EAF
:1080D00067736162626175206765706C616E740DB3
:1080E0000A002F253032580D0A002053756D416E5D
:1080F0007A202575002C2052657374202575002088
:108100002D2D3E2052657320256400536F636B65EF
:10811000742053656E64756E673A202825752900B2
:108120005769656465722D4F6566666E756E67206A
:1081300064657320536F636B657420232564206529
:1081400072666F6C6772656963682E0D0A00212084
:108150005769656465722D4F6566666E756E67203A
:1081600064657320536F636B6574205645525341A9
:1081700047542E0D0A00202D2D3E20427566557362
:1081800065642025750D0A0025642900536F636B13
:10819000657420456D7066616E673A202825642FEE
:1081A000006C696D6974696572742061756620255B
:1081B000640D0A002A20536F636B657420456D704F
:1081C00066616E672064726F68656E6465722055C3
:1081D000656265726C6175663A20456D7066616EA8
:1081E0006720766F6E2025642000536F636B657483
:1081F000207769726420616B7469762067657363A8
:10820000686C6F7373656E0D0A00536F636B6574F2
:1082100020777572646520766F6E20476567656E9E
:108220007374656C6C652065727761727465742017
:1082300067657363686C6F7373656E0D0A00212048
:10824000536F636B657420777572646520766F6E0B
:1082500020476567656E7374656C6C65204745548F
:1082600052454E4E540D0A00536F636B6574207770
:108270007572646520766F6E20476567656E7374EE
:10828000656C6C65206572776172746574206765D2
:108290007363686C6F7373656E0D0A002120536FF2
:1082A000636B657420777572646520766F6E204706
:1082B0006567656E7374656C6C6520554E455257E5
:1082C00041525445542067657363686C6F737365DE
:1082D0006E0D0A002A20536F636B6574496E4275F8
:1082E000662067656C6F65736368742C2064612019
:1082F0006E7572206E6F63682061756620477275B7
:108300006E647374656C6C756E67206765776172F7
:1083100074657420776972640D0A00206D6F64754E
:10832000732025640020200004036F6363000403AE
:10833000616273002021202E2E2E416277656973C1
:10834000756E672061756620626572656974732059
:10835000626573746568656E64656D20426C696EF4
:10836000642D536F636B65742E0D0A00202A202E36
:108370002E2E4142474557494553454E2C206175A5
:108380006620426C696E642D536F636B6574206761
:10839000656C6567740D0A002C2056657262696E03
:1083A00064756E672062657374656874002C206163
:1083B0006E64657265206B6F6D6D656E64652056C9
:1083C000657262696E64756E672062657374656854
:1083D000742100202E2E2E576965646572766572B1
:1083E00062696E64756E67206F6B0D0A002C2061E8
:1083F0006E6465727765697469672062656C65672C
:108400007400202E2E2E6E6575206F6B0D0A0020D5
:108410002F204D414320005365727665722D536FB6
:10842000636B6574202325642067656F6566666EDF
:10843000657420766F6E2049502000253032752EED
:10844000253032752E253034752020253032643A9F
:10845000253032640D0A0021536F636B6574207AF6
:10846000756D205465696C6E65686D65722D536518
:10847000727665722067657363686C6F7373656E7F
:108480002C2044796E49505F506861736520776194
:1084900072206E6F63682027616B746976272E0DDA
:1084A0000A00536F636B6574207A756D205465699B
:1084B0006C6E65686D65722D536572766572207796
:1084C0007572646520766F6E20476567656E73749C
:1084D000656C6C652067657363686C6F7373656E3C
:1084E0000D0A002120756E6572776172746574657E
:1084F00020416E74776F72742064657320546569CF
:108500006C6E65686D65722D536572766572730D5C
:108510000A002A20557273616368652064657220C1
:108520004665686C65726D656C64756E6720756E06
:108530006B6C61720D0A000D0A0021204665686CA3
:1085400065726D656C64756E672064657320546533
:10855000696C6E65686D65722D53657276657273B0
:108560003A2000546C6E536572766572206D656CAE
:10857000646574204C697374656E656E64650D0A7C
:10858000000D0A0044796E616D6973636865204966
:10859000502D416B7475616C6973696572756E6796
:1085A0003A206E657565204950200044796E616DF2
:1085B00069736368652049502D416B7475616C69FE
:1085C00073696572756E673A206265737465686574
:1085D0006E64652049502067696C74207765697402
:1085E00065720D0A002120446174656E7361747AAE
:1085F00020766F6D205465696C6E65686D65722DAF
:10860000536572766572206D6974204E7220256CF8
:1086100064206B6F6E6E7465206E6963687420678A
:1086200065737065696368657274207765726465E7
:108630006E0D0A002120696D206C6F6B616C656E98
:108640002054656C65666F6E6275636820616C733B
:108650002027507269766174272067656B656E6E9E
:108660007A656963686E65740D0A00212054656936
:108670006C6E65686D65722D536572766572206DDE
:10868000656C64657420414E44455245204E756DBD
:108690006D657220616C7320616E676566726167DB
:1086A000740D0A000D0A005465696C6E65686D658D
:1086B000722D536572766572206D656C64657420E9
:1086C00045696E7472616720676566756E64656E74
:1086D0003A20005465696C6E65686D65722D53654E
:1086E00072766572206D656C64657420276E6963AF
:1086F000687420676566756E64656E270D0A000DE7
:108700000A00256429005465696C6E65686D6572A0
:108710002D53657276657220456D7066616E673A9D
:10872000202825642F00202D3E20766572776F72F9
:1087300066656E2C20536F636B6574206765736389
:10874000686C6F7373656E0D0A0021205465696C47
:108750006E65686D65722D53657276657220456D24
:108760007066616E672055454245524C4155462022
:108770007A75207669656C6520446174656E202881
:108780002564206279746529002A2053656C627320
:10879000742D416E7275662D536F636B6574206422
:1087A000757263682054696D656F757420676573B1
:1087B00063686C6F7373656E210D0A002120536529
:1087C0006C6273742D416E727566204B45494E2064
:1087D0004563686F20656D7066616E67656E2E0D0E
:1087E0000A00212053656C6273742D416E727566A8
:1087F000204142474542524F4348454E20776567E6
:10880000656E204D6F6475732D5765636873656C75
:108810002E0D0A00212053656C6273742D416E7217
:1088200075662046414C5343484520446174656E4B
:1088300020656D7066616E67656E2E0D0A0053656A
:108840006C6273742D416E7275662062657374611B
:10885000657469677420495020416472657373655B
:108860002E0D0A002A2053656C6273742D416E72BE
:108870007566206572666F6C6772656963682061F2
:108880006267657363686C6F7373656E2E0D0A00A3
:10889000212053656C6273742D416E72756620449D
:1088A0006174656E2D53656E64756E672056455212
:1088B000534147542E0D0A0053656C6273742D4169
:1088C0006E72756620446174656E207565626572AE
:1088D00020536F636B65742023256420676573657F
:1088E0006E6465742E0D0A00212053656C627374EA
:1088F0002D416E727566206F6566666E656E2064CA
:10890000657320536F636B6574205645525341471E
:10891000542E0D0A0053656C627374616B7475613B
:108920006C6973696572756E67004772756E647302
:1089300074656C6C756E67206572726569636874C6
:108940002028536F636B65742067657363686C6F71
:108950007373656E2C205457492067657363686C88
:108960006F7373656E290D0A005265737465206715
:1089700065647275636B74202D2D3E204175737391
:108980006368616C74756E6720696E7465726E0DD4
:108990000A0048544D4C2D436861742D527568652A
:1089A000202D2D3E20417573736368616C74756E64
:1089B0006720696E7465726E0D0A000D0A004D65C0
:1089C0006C64756E6773647275636B202D3E200056
:1089D0000D0A00446961676E6F7365647275636B3D
:1089E0003A20000D0A0A0A003A20002A2054617336
:1089F0007465206765647275636B74202D2D3E204D
:108A000052657374652D447275636B20616267658E
:108A100062726F6368656E0D0A007279727972799D
:108A200072797279727972797279727972797279EE
:108A300072797279727972797279727972797279DE
:108A40007279727972797279727972790D0A003A53
:108A500020253032752E253032752E253034752084
:108A6000253032753A253032753A253032750D0A87
:108A7000000D0A002A2041626261752077656765F2
:108A80006E203130204D696E7574656E2046756EAE
:108A90006B7374696C6C652E0D0A0064657200213D
:108AA0002054696D656F7574206265696D2057612A
:108AB0007274656E20617566206469652045696E13
:108AC000736368616C747175697474756E670D0A8F
:108AD000002A2054696D656F7574206265696D2088
:108AE00057617274656E20617566206469652053F4
:108AF00063686C7573737175697474756E670D0A4C
:108B0000002A2031352053656B756E64656E206ECA
:108B100069636874206765776165686C742C2041AF
:108B20006262727563680D0A000D0A0028256429C7
:108B3000200025396C64202D202573202D20004E27
:108B4000616D656E7375636865000D0A003E206C8B
:108B5000656E203D2025640D0A00537461727465B2
:108B6000204E616D656E737375636865206675650B
:108B700072203C006F6363002120416E7761686C56
:108B800020696E7465726E20616E202575205645D1
:108B900052534147540D0A0076657262756E6465E2
:108BA0006E206D69742025750D0A00416E7761682D
:108BB0006C20696E7465726E2025752000416E67A9
:108BC00065727566656E657220686174206765619F
:108BD0006E74776F72746574202D3E2045696E73D4
:108BE0006368616C742D4B646F2F517569742061DB
:108BF0006E205457490D0A002120494C4C454741ED
:108C00004C45532050726F746F6B6F6C6C0D0A0083
:108C10000D0A002A204672656D6470726F746F6B66
:108C20006F6C6C2065726B616E6E743A002120541B
:108C300057492D54696D656F7574202D3E20416232
:108C4000736368616C74756E670D0A005457492030
:108C5000417573736368616C74756E6720696E74B7
:108C600065726E0D0A0021205363686C7573737111
:108C700075697474756E67206F686E6520417566DE
:108C8000666F72646572756E670D0A0054574920ED
:108C9000417573736368616C74756E672071756973
:108CA0007474696572740D0A005465696C6E656848
:108CB0006D657220256C7520696D20656967656E2C
:108CC000656E2054656C65666F6E627563682067BB
:108CD0006566756E64656E2E0D0A004E616D656E7B
:108CE0007373756368652067657374617274657406
:108CF000202D3E2045696E736368616C742D4B6452
:108D00006F2F5175697420616E205457490D0A0008
:108D1000545749205761686C7A69666665722025E8
:108D20007520696E7465726E202F20676568656EA8
:108D3000640D0A00545749205761686C6175666676
:108D40006F72646572756E6720696E7465726E20ED
:108D50002F206B6F6D6D656E640D0A0054574920AE
:108D600045696E736368616C747175697474756E4E
:108D700067206675657220676568656E64202F20C0
:108D80004D6F64757320256420756562657220548B
:108D9000574920657268616C74656E0D0A005457FE
:108DA000492045696E736368616C74717569747488
:108DB000756E67206675657220652D4D61696C2D35
:108DC000447275636B0D0A005457492045696E73F0
:108DD0006368616C747175697474756E672066750B
:108DE0006572204D656C64756E6773647275636B34
:108DF0000D0A005457492045696E736368616C74AD
:108E00007175697474756E67206E61636820426560
:108E100067696E6E2048544D4C2D436861740D0A8D
:108E2000005457492045696E736368616C747175AD
:108E3000697474756E6720696E7465726E202F2078
:108E40006B6F6D6D656E640D0A005457492045695E
:108E50006E736368616C746B6F6D6D616E646F20AF
:108E6000696E7465726E202F20676568656E640D8B
:108E70000A005457492052657365727669657275A8
:108E80006E6720696E7465726E202F206765686555
:108E90006E6420766F6E2025750D0A0021204569CD
:108EA0006E736368616C74756E6720257520696EDA
:108EB0007465726E20564552534147540D0A004561
:108EC000696E736368616C74756E672025752069BF
:108ED0006E7465726E0D0A00426175646F744D6F39
:108EE0006465203D2025640D0A0041736369692D86
:108EF000566572617262656974756E673A20257590
:108F0000205A65696368656E2061757320417363DB
:108F1000696948696C665075666665722076657227
:108F200061726265697465742C000D0A002020204E
:108F3000202020676577616E64656C7420696E3AE5
:108F4000200020282B2575290D0A004173636969CB
:108F50002D566572617262656974756E673A20009C
:108F60000D0A000D0D0D0A00626B00616273006452
:108F70006572006E61006E63006F6363000D0A002E
:108F80005761686C416262727563684D656C6475A7
:108F90006E670020756E642056657273696F6E206F
:108FA00025750D0A002D3E2073656E64652044759D
:108FB0007263687761686C20257500436C69656E23
:108FC000742D536F636B6574202325642069546589
:108FD0006C6578206572666F6C677265696368207E
:108FE00067656F6566666E65742000436C69656EC3
:108FF000742D536F636B6574202325642041736364
:109000006969206572666F6C67726569636820675D
:10901000656F6566666E6574202D3E2045696E73CA
:109020006368616C742D4B646F2F51756974206196
:109030006E205457490D0A002120436C69656E74F7
:109040002D536F636B6574206B6F6E6E7465206E4D
:109050006963687420657273746D616C69672067F9
:10906000656F6566666E65742077657264656E0D02
:109070000A002A205465696C6E65686D6572206906
:1090800073742047454C4F45534348540D0A002103
:1090900020654D61696C206E6963687420756E741B
:1090A000657273747565747A740D0A00206E696355
:1090B000687420676566756E64656E0D0A00212010
:1090C0004950207A7520486F73746E616D65200079
:1090D00020506F72742025750D0A00203D20005627
:1090E000657262696E64756E6773617566626175DB
:1090F000207A7520486F73746E616D652000205072
:109100006F72742025750D0A0056657262696E646F
:10911000756E6773617566626175207A7520495056
:109120002000204665686C65727A6165686C6572BE
:109130002076657272696E6765727420617566204B
:1091400025640D0A005465696C6E65686D65722D45
:109150005365727665722000204665686C65727A88
:109160006165686C6572206572686F6568742061FE
:1091700075662025640D0A005465696C6E65686D1E
:1091800065722D5365727665722000292E0D0A00D6
:10919000204950206E696368742062656B616E6E51
:1091A0007420284F6566666E756E672066756572F9
:1091B000200021205465696C6E65686D65722D53C1
:1091C000657276657220002E0D0A002047455343D4
:1091D0004845495445525420667565722000212047
:1091E00056657262696E64756E67737665727375C3
:1091F000636820616E205465696C6E65686D657288
:109200002D53657276657220002E0D0A0020536F73
:10921000636B6574202325642068657267657374C9
:10922000656C6C74206675657220005665726269A3
:109230006E64756E6720616E205465696C6E65683A
:109240006D65722D53657276657220002120696EFE
:109250007465726E65722056657262696E64756EB1
:109260006773706172746E657220257520697374FE
:10927000205343484F4E20465245492E0D0A0021A7
:1092800020696E7465726E65722056657262696ED1
:1092900064756E6773706172746E657220257520D7
:1092A0004E49434854204D45485220455252454965
:1092B00043484241522E0D0A005765636873656C3E
:1092C000206E616368204D6F64757320507566660B
:1092D0006572447275636B556E645363686C757325
:1092E000732028766F6E202564290D0A0057656368
:1092F0006873656C206E616368204D6F64757320C0
:10930000527568652028766F6E202564290D0A0045
:10931000496E7465726E6556657262696E64756ECB
:10932000674265656E64656E206175736765686523
:109330006E6420766F6E204D6F6475732025640D0A
:109340000A002C20536572556D5469636B7350721B
:109350006F426974203D2025750D0A0053657269BE
:10936000656C6C556D7365747A496E69743A204208
:10937000757356657262506172746E6572203D201D
:109380002575006E6163682025642E0D0A004D6FFF
:109390006475735765636873656C20766F6E2025FE
:1093A0006420002120526573657420776567656EBF
:1093B000206E696368742D41756672756620766FDC
:1093C0006E206974656C65785F7468726561642885
:1093D000290D0A006954656C657828253575293A88
:1093E0002000202E2E2E6765737065696368657294
:1093F000740D0A00253032752E253032752E253039
:10940000347520253032753A253032753A253032A0
:10941000752000202E2E2E69676E6F72696572743A
:109420002C20766F72686572696765204D656C6483
:10943000756E67206E6F6368206E6963687420675D
:1094400065647275636B740D0A00284E554C4C2987
:1094500000446961676E6F7365617573676162650A
:10946000204C6576656C2025643A200053756D6D3F
:10947000652F416E7A203D20256C752F25752020A3
:109480004D6178203D2025752020416E7A5565621A
:1094900065724772656E7A65203D202575005255CC
:1094A000464E525345525633005255464E5253453E
:1094B000525632005255464E525345525631005282
:1094C000454D53455256414B5449560053454C4225
:1094D0005354414E5045520052454D5345525650FB
:1094E0004F5254004E45545A504F52540044594E16
:1094F0004950414B5449560050494E004E45545A2C
:109500005255464E52005A45495452554E445345C1
:109510004E44005A45494C454E4C41454E47450046
:109520004153434949454D5046004155544F4441EC
:1095300054554D005457494E4555004241554454E9
:1095400041420044555243485741484C544142001F
:10955000414C5445524E424549424553004D454CBD
:10956000445255434B0046455354454850535400CC
:10957000454947454E454E554D4D4552004841558C
:1095800050545354454C4C45004C414E474449457A
:109590004E53544D454C440050524F544C45564543
:1095A0004C544C4E5352560050524F544C45564515
:1095B0004C00544C4E425543484F4646454E00439E
:1095C000464750415353005350524143484500547D
:1095D000455854005A45494C4500656565656565C3
:1095E000733A292E292D2929202B2700616F7541D7
:1095F0004F5573283A282E282D28202B2700E4F6D3
:10960000FCC4D6DCDF5B5D3C3E7B7D405F232200FB
:1096100039363300112484B78BBD8DB78EBB8EB71E
:109620008ABD14BE0FB6F894A89580916000886139
:1096300080936000109260000FBE11241FBECFEF18
:10964000D0E4DEBFCDBF11E0A0E0B1E0E2EAF6EF8A
:1096500001E00BBF02C007900D92A03FB107D9F700
:1096600025E2A0EFB1E001C01D92AA33B207E1F7F5
:109670000E94A2F50C944FFB0C9400000C94C27F46
:109680000895089508950E94CFCE8823B1F00E94D6
:1096900057808DEB90E09F938F930E9417F80E9464
:1096A000ED6786EB90E09F938F930E9417F80F90E1
:1096B0000F900F900F900C946080089563EC70E011
:1096C00083E49BE40C94FA7F08956DEC70E084E6EB
:1096D0009BE40C94FA7F0F931F93CF93DF93CDB746
:1096E000DEB7A0970FB6F894DEBF0FBECDBF8C01DA
:1096F0000E94CFCE882309F487C10E945780F801C9
:10970000EA5FFD4F80819181892B69F486E994E0BD
:109710009F938F930E9417F88DE894E09F938F9307
:109720000E9417F8C9C066E874E0C8010E94907EE4
:10973000892B09F4C6C088E394E09F938F930E941D
:1097400017F88E010F5F1F4FB80183E394E00E946A
:10975000956A8AED93E09F938F930E9417F885EDA9
:1097600093E00E94A46B0F900F900F900F900196C2
:1097700039F062ED73E0C8010E94A2F6892B41F432
:109780008AEC93E09F938F930E9417F80F900F90AD
:109790008EEB93E09F938F930E9417F8B8018BEBA9
:1097A00093E00E94956A0F900F90019759F0609195
:1097B0001701709118018091190190911A01A80167
:1097C0000E94F9741F930F9386E493E09F938F9305
:1097D0000E9417F8B80181E493E00E94956A0F9007
:1097E0000F900F900F90019759F0609113017091B5
:1097F00014018091150190911601A8010E94F9743D
:109800001F930F938DEC92E09F938F930E9417F814
:10981000B80188EC92E00E94956A0F900F900F902B
:109820000F90019759F060910F0170911001809194
:10983000110190911201A8010E94F9741F930F93D6
:1098400084E592E09F938F930E9417F8B80180E51A
:1098500092E00E94956A0F900F900F900F900197E1
:1098600059F060910B0170910C0180910D01909164
:109870000E01A8010E94F9741F930F938AED91E0E5
:109880009F938F930E9417F8B80186ED91E00E9494
:10989000956A0F900F900F900F90019729F0B801E3
:1098A00084E091E00E94006E1F930F9388E091E0A6
:1098B0009F938F930E9417F80F900F900F900F9027
:1098C000A1C06FEB74E0C8010E94907E892B79F0F3
:1098D0006FEB74E0C8010E945C7E8D5E9E4FFC01C0
:1098E000EE0FFF1FE00FF11F6081718102C060E386
:1098F00071E08FEB94E00E943C6B6CEB74E0C8016C
:109900000E94907E892B91F06CEB74E0C8010E945C
:109910005C7E8D5E9E4FFC01EE0FFF1FE00FF11F7E
:10992000608171818CEB94E00E943C6B67EB74E08A
:10993000C8010E94907E892B91F067EB74E0C8010A
:109940000E945C7E8D5E9E4FFC01EE0FFF1FE00FBC
:10995000F11F6081718187EB94E00E943C6B62EBA8
:1099600074E0C8010E94907E892B91F062EB74E054
:10997000C8010E945C7E8D5E9E4FFC01EE0FFF1FB2
:10998000E00FF11F6081718182EB94E00E943C6BDB
:109990006EEA74E0C8010E94907E892B91F06EEA15
:1099A00074E0C8010E945C7E8D5E9E4FFC01EE0F4C
:1099B000FF1FE00FF11F608171818EEA94E00E9429
:1099C0003C6B6AEA74E0C8010E94907E892B91F09A
:1099D0006AEA74E0C8010E945C7E8D5E9E4F880F2B
:1099E000991FF801E80FF91F608171818AEA94E0FC
:1099F0000E943C6B85ED90E09F938F930E9417F837
:109A00000F900F900E946080A0960FB6F894DEBF72
:109A10000FBECDBFDF91CF911F910F9108956EE9D9
:109A200074E08BE69BE40C94FA7F0895CF93DF9368
:109A3000EC010E94CFCE882309F44EC00E945780CB
:109A4000FE01EA5FFD4F80819181892B61F48CEDED
:109A500094E09F938F930E9417F80F900F90DF91DF
:109A6000CF910C94608066ED74E0CE010E94907EF0
:109A7000892B91F16AEC74E0CE010E945C7E8D5ED0
:109A80009E4FFC01EE0FFF1FEC0FFD1F60ED74E019
:109A9000808191810E94A2F6892BF1F484EC94E0FC
:109AA0009F938F930E9417F80E9460800E946A7BA8
:109AB000C65BDD4F888199810E94418C81E00E94C4
:109AC0008E8382E00E948E8383E00E948E830E94B8
:109AD00013970F900F90FFCFDF91CF9108956DE511
:109AE00075E086E19DE40C94FA7F0F931F93CF936A
:109AF000DF93CDB7DEB763970FB6F894DEBF0FBE26
:109B0000CDBF8C01CE0101960E948A858091F00123
:109B10009091F10101969093F1018093F001888575
:109B200099857F816E8159814A813B812C819F93E8
:109B30008F931F927F931F926F931F925F931F9239
:109B40004F931F923F931F922F938AE795E09F9325
:109B50008F930E9417F8F801E65BFD4F81818F9388
:109B600080818F938091F1018F938091F0018F9389
:109B70008091800E8F9380917F0E8F9380917E0EC7
:109B80008F9380917D0E8F9387E695E09F938F93BF
:109B90000E9417F80FB6F894DEBF0FBECDBF6396D4
:109BA0000FB6F894DEBF0FBECDBFDF91CF911F91EE
:109BB0000F91089560E276E085E79DE40C94FA7FCA
:109BC0005FDDF8DF2CDF7ADD8ADF5BDD7EDD2DDF18
:109BD00059CD1092690008958330910564F45DB306
:109BE00021E030E0B90102C0660F771F8A95E2F7E5
:109BF000CB01852B8DBB0895833091052CF5643006
:109C0000710524F5A09169009C01220F331FE3E048
:109C1000F0E0022E01C0EE0F0A94EAF7E095EA2385
:109C2000E0936900E0916900022E01C0660F0A947A
:109C3000EAF76E2B60936900F901EC57F34F5183FB
:109C40004083CADF80E008958EEF08958FEF089576
:109C5000833091056CF44DB321E030E0B90102C0CE
:109C6000660F771F8A95E2F7CB01809584238DBB21
:109C700008951F920F920FB60F9211240BB60F92F8
:109C80002F933F934F935F936F937F938F939F9304
:109C9000AF93BF93EF93FF93E091840CF091850C09
:109CA0000995FF91EF91BF91AF919F918F917F9116
:109CB0006F915F914F913F912F910F900BBE0F903D
:109CC0000FBE0F901F9018951F920F920FB60F9214
:109CD00011240BB60F922F933F934F935F936F9383
:109CE0007F938F939F93AF93BF93EF93FF93E091F5
:109CF000860CF091870C0995FF91EF91BF91AF9180
:109D00009F918F917F916F915F914F913F912F9193
:109D10000F900BBE0F900FBE0F901F9018951F92C3
:109D20000F920FB60F9211240BB60F922F933F9301
:109D30004F935F936F937F938F939F93AF93BF9353
:109D4000EF93FF93E091880CF091890C0995FF91B6
:109D5000EF91BF91AF919F918F917F916F915F91A3
:109D60004F913F912F910F900BBE0F900FBE0F9010
:109D70001F901895CF93DF93EB0110928B0C1092EC
:109D80008A0C2AE02093810023E0880F991F2A95EE
:109D9000E1F79C0140E050E060E074E284EF90E085
:109DA0000E94E2F52C1B3D0B309389002093880024
:109DB00082E080936F00DF91CF910895EFE6F0E0AD
:109DC00080818D7F80830895EFE6F0E0808182605E
:109DD000808308951F920F920FB60F9211240BB635
:109DE0000F922F933F934F935F936F937F938F9334
:109DF0009F93AF93BF93EF93FF93E0918A0CF09101
:109E00008B0C309709F00995FF91EF91BF91AF91BD
:109E10009F918F917F916F915F914F913F912F9182
:109E20000F900BBE0F900FBE0F901F9018952091B2
:109E30008A0C30918B0C2817390731F0232B31F421
:109E400090938B0C80938A0C81E0089580E00895B4
:109E5000AC019091840020E030E02417350749F0F0
:109E6000809184009817C9F3909184002F5F3F4F31
:109E7000F4CF08958091840090918500089560E169
:109E800070E080E99CE00E94BA6590938F0C80930B
:109E90008E0C60E170E080EA9CE00E94BA659093CD
:109EA0008D0C80938C0C1092F2011092C50087E605
:109EB0008093C40088E98093C10086E08093C2004B
:109EC00008951F920F920FB60F9211240BB60F92A6
:109ED0008F93EF93FF93E1ECF0E080818F7B8083A1
:109EE0001092F201FF91EF918F910F900BBE0F90A6
:109EF0000FBE0F901F9018951F920F920FB60F92E2
:109F000011240BB60F922F933F934F935F936F9350
:109F10007F938F939F93AF93BF93EF93FF93809122
:109F20008C0C90918D0C0E94E165892B49F08091F9
:109F30008C0C90918D0C0E9431678093C6000AC0F2
:109F40008091C10080648093C1008091C1008F7DA9
:109F50008093C100FF91EF91BF91AF919F918F913D
:109F60007F916F915F914F913F912F910F900BBE19
:109F70000F900FBE0F901F9018951F920F920FB663
:109F80000F9211240BB60F922F933F934F935F9331
:109F90006F937F938F939F93AF93BF93CF93EF93E1
:109FA000FF93C091C60080918E0C90918F0C0E94FF
:109FB000E16540973CF46C2F80918E0C90918F0C52
:109FC0000E947966FF91EF91CF91BF91AF919F91E0
:109FD0008F917F916F915F914F913F912F910F9052
:109FE0000BBE0F900FBE0F901F901895CF93DF936D
:109FF000C82FDFB7F89480918C0C90918D0C0E9443
:10A00000E165892B31F58091F201813091F46C2F5B
:10A0100080918C0C90918D0C0E9479668091C1008A
:10A020008F7B8093C1008091C10080628093C100CA
:10A0300022C0C093C6008091C10080648093C1009B
:10A040008091C1008F7D8093C10081E08093F201F7
:10A0500012C0F89480918C0C90918D0C0E94E16557
:10A06000409714F0DFBFF5CF6C2F80918C0C90914E
:10A070008D0C0E947966DFBFDF91CF910895CF9359
:10A08000CFB7F89480918E0C90918F0C0E94E1656F
:10A09000892B39F080918E0C90918F0C0E94316742
:10A0A00001C080E0CFBFCF910895CF93CFB7F89490
:10A0B00080918E0C90918F0C0E94E165CFBFCF9163
:10A0C0000895CF93CFB7F89480918C0C90918D0C1C
:10A0D0000E94E165CFBFCF9108951F920F920FB6F6
:10A0E0000F9211240BB60F928F93EF93FF93E9EC2D
:10A0F000F0E080818F7B80831092F301FF91EF91DC
:10A100008F910F900BBE0F900FBE0F901F90189560
:10A110001F920F920FB60F9211240BB60F922F932E
:10A120003F934F935F936F937F938F939F93AF93DF
:10A13000BF93EF93FF938091C20C9091C30C0E9448
:10A14000E165892B49F08091C20C9091C30C0E946B
:10A1500031678093CE000AC08091C90080648093EB
:10A16000C9008091C9008F7D8093C900FF91EF9154
:10A17000BF91AF919F918F917F916F915F914F911F
:10A180003F912F910F900BBE0F900FBE0F901F901D
:10A1900018951F920F920FB60F9211240BB60F92C3
:10A1A0002F933F934F935F936F937F938F939F93DF
:10A1B000AF93BF93CF93EF93FF93C091CE00809165
:10A1C000C00C9091C10C0E94E16540973CF46C2F4B
:10A1D0008091C00C9091C10C0E947966FF91EF9123
:10A1E000CF91BF91AF919F918F917F916F915F912F
:10A1F0004F913F912F910F900BBE0F900FBE0F907C
:10A200001F9018952AE0AC01249FC001259F900D56
:10A210001124FC01EC5CFE4F0190F081E02D0994CB
:10A220002AE0AC01249FC001259F900D1124FC0160
:10A23000EC5CFE4F0280F381E02D862F09942AE02A
:10A24000AC01249FC001259F900D1124FC01EC5C02
:10A25000FE4F0480F581E02D09942AE0AC01249F93
:10A26000C001259F900D1124FC01EC5CFE4F06807F
:10A27000F781E02D099425CF1F93CF93DF93162FFD
:10A2800064EF71E00E94956AEC01019799F46FE424
:10A2900078E084EF91E00E94A2F6892B49F084EFE8
:10A2A00091E00E9433F631E0892B09F430E0C32FAE
:10A2B0008C2F01C0812FDF91CF911F910895CF93F3
:10A2C000DF93EC0180E498E09F938F930E9417F84E
:10A2D000DF93CF930E9417F88BE098E09F938F93C2
:10A2E0000E9417F80F900F900F900F900F900F9003
:10A2F000DF91CF9108950F931F93CF93DF93182F82
:10A30000092FEB0184EF97E09F938F930E9417F83A
:10A310000F931F930E9417F88CED97E09F938F93F4
:10A320000E9417F8DF93CF930E9417F88DB79EB75E
:10A3300008960FB6F8949EBF0FBE8DBFDF91CF91E8
:10A340001F910F910895EF92FF920F931F93CF9358
:10A35000DF93EA01F22EE32ECEDFDF93CF93EF926D
:10A36000FF921F930F93DF93CF938EE997E09F9314
:10A370008F930E9417F88DB79EB70A960FB6F89480
:10A380009EBF0FBE8DBFDF91CF911F910F91FF90A8
:10A39000EF9008950F931F93CF93DF93EA01122F4D
:10A3A000032FA9DFDF93CF930F931F93DF93CF93F7
:10A3B00081E697E09F938F930E9417F88DB79EB721
:10A3C00008960FB6F8949EBF0FBE8DBFDF91CF9158
:10A3D0001F910F910895CF93C42F8DDF85E497E0EF
:10A3E0009F938F930E9417F80F900F90CC2341F00A
:10A3F0008CE397E09F938F930E9417F80F900F9034
:10A4000080E397E09F938F930E9417F80F900F902F
:10A41000CF9108957F928F929F92AF92BF92CF92E9
:10A42000DF92EF92FF920F931F93CF93DF93182F3A
:10A43000D92EEB01742E790189E197E09F938F93D8
:10A440000E9417F8DF921F930E9417F880E097E0B0
:10A450009F938F930E9417F8DF93CF930E9417F872
:10A4600084EF96E09F938F930E9417F88DB79EB765
:10A470000A960FB6F8949EBF0FBE8DBFC0E0D0E025
:10A4800010E083ECC82E86E0D82E97EDA92E96E03A
:10A49000B92E29EB822E26E0922E171531F11013DA
:10A4A00005C0DF93CF93BF92AF9204C0DF93CF93E9
:10A4B000DF92CF920E9417F80F900F900F900F909D
:10A4C000F70181818F9380818F930E9417F8F2E0CA
:10A4D000EF0EF11C9F928F920E9417F81F5F21963A
:10A4E0000F900F900F900F90D8CF8AEA96E09F932D
:10A4F0008F930E9417F80F900F90DF91CF911F91CB
:10A500000F91FF90EF90DF90CF90BF90AF909F9012
:10A510008F907F900895CF93DF93EC018CE796E0C6
:10A520009F938F930E9417F8DF93CF930E9417F8A1
:10A5300080E696E09F938F930E9417F80F900F90FC
:10A540000F900F900F900F90DF91CF9108959F92F1
:10A55000AF92BF92CF92DF92EF92FF920F931F9331
:10A56000CF93DF935C01F62E972E6A01E901BA01C1
:10A570000E94907E892B09F471C02197B601C50114
:10A580000E945C7E8D5E9E4FFC01EE0FFF1FEA0D68
:10A59000FB1D60817181AE0184EF91E00E9494F710
:10A5A00094EFA92E91E0B92ECC50DE4F18828BE5A6
:10A5B00096E09F938F930E9417F89F92FF920E94BC
:10A5C00017F8B801C5010E9474F70F900F900F9013
:10A5D0000F906E2D892BB9F48CE590E00E944363B7
:10A5E0009F938F930E9417F8BF92AF9286E596E0F3
:10A5F0009F938F930E9417F80F900F900F900F90DA
:10A600000F900F902BC08DE590E00E9443639F93C5
:10A610008F930E9417F8BF92AF9281E596E09F93C7
:10A620008F930E9417F864EF71E0C6010E943C6BA3
:10A630000F900F900F900F900F900F9064EF71E0BC
:10A64000C801DF91CF911F910F91FF90EF90DF90A4
:10A65000CF90BF90AF909F900C947DF7DF91CF91FA
:10A660001F910F91FF90EF90DF90CF90BF90AF9030
:10A670009F9008952F923F924F925F926F927F9298
:10A680008F929F92AF92BF92CF92DF92EF92FF9202
:10A690000F931F93CF93DF9300D000D0CDB7DEB7D9
:10A6A0003C016B837C835A83498318012901198DEE
:10A6B000BA010E94907E892B09F478C069817A8161
:10A6C000C3010E945C7E8D5E9E4F880F991FF3012F
:10A6D000E80FF91F608171814AE050E084EF91E05A
:10A6E0000E9494F71092FE0184EF91E00E9450F6D0
:10A6F0006C157D058E059F0548F06B017C01861663
:10A700009706A806B90610F4750164012AE044EF23
:10A7100051E0C701B6010E94CAF78CE496E09F930E
:10A720008F930E9417F88C818F939B819F930E9437
:10A7300017F80F900F900F900F90612FC214D30451
:10A74000E404F50499F48CE590E00E9443639F9340
:10A750008F930E9417F8FF92EF92DF92CF9286E4D8
:10A7600096E09F938F930E9417F818C08DE590E0B4
:10A770000E9443639F938F930E9417F8FF92EF927A
:10A78000DF92CF9280E496E09F938F930E9417F818
:10A7900064EF71E089819A810E943C6B0FB6F89456
:10A7A000DEBF0FBECDBFB601C70102C0B101C201FD
:10A7B0000F900F900F900F90DF91CF911F910F91FD
:10A7C000FF90EF90DF90CF90BF90AF909F908F90D1
:10A7D0007F906F905F904F903F902F900895CF9211
:10A7E000DF92EF92FF920F931F93CF93DF93EC01D1
:10A7F000D62EC72E7A01122FBA010E94907E892B85
:10A80000E9F0B701CE010E945C7E8D5E9E4FFC0197
:10A81000EE0FFF1FEC0FFD1F6081718142E050E0E1
:10A8200084EF91E00E9494F71092F60184EF91E09A
:10A830000E9433F6C1E0892B39F405C080E3809390
:10A84000F4011092F501C0E08BE396E09F938F93A3
:10A850000E9417F8CF92DF920E9417F80F900F9086
:10A860000F900F90602FC11317C08CE590E00E94ED
:10A8700043639F938F930E9417F81F92CF9386E3B1
:10A8800096E09F938F930E9417F80F900F900F9070
:10A890000F900F900F9026C08DE590E00E944363CB
:10A8A0009F938F930E9417F81F92CF9381E396E0B6
:10A8B0009F938F930E9417F80F900F900F900F9017
:10A8C0000F900F90CC2319F06EE276E002C06AE29E
:10A8D00076E084EF91E00E94ABF664EF71E0C7018F
:10A8E0000E943C6B8C2FDF91CF911F910F91FF90B5
:10A8F000EF90DF90CF900895CF93DF93CDB7DEB781
:10A90000EB970FB6F894DEBF0FBECDBFCE01899690
:10A910000E948A85BE016F5F7F4F86E199E00E94A9
:10A92000956A019729F4CE0101960E9433F68AAB0D
:10A930008EE099E00E94A46B892B29F061E08EE003
:10A9400099E09ADC8BAFCE0189960E949E85EB96AA
:10A950000FB6F894DEBF0FBECDBFDF91CF91089543
:10A96000CF92DF92EF92FF921F93CF93DF93CDB7F9
:10A97000DEB7EB970FB6F894DEBF0FBECDBF60E039
:10A9800088E299E079DC882309F45FC0BE016F5F3B
:10A990007F4F8EE199E00E94956A019709F055C0BA
:10A9A000CE0189960E948A85CFA8D8ACE9ACFAACD2
:10A9B0001AA9CE0101960E948D74212F110F330B1D
:10A9C000AE014F5F5F4F0E943077019641F1CE019B
:10A9D00089960E948A858091C5188230A0F089EB03
:10A9E00098E00E944298CE0101960E9411984FA9CA
:10A9F00058AD69AD7AAD4C195D096E097F0982E8E1
:10AA000098E00E9459988FA998ADA9ADBAAD8C195C
:10AA10009D099093D50C8093D40C81E017C0809150
:10AA2000C518882361F084E798E00E944298CE011F
:10AA300001960E94119882E598E00E9442988FE06A
:10AA400097E29093D50C8093D40C80E0EB960FB6F0
:10AA5000F894DEBF0FBECDBFDF91CF911F91FF9065
:10AA6000EF90DF90CF900895BF92CF92DF92EF9258
:10AA7000FF920F931F93CF93DF93CDB7DEB7E79786
:10AA80000FB6F894DEBF0FBECDBF6C0163EF72E06E
:10AA90000E9430CB41E06091F302C6010E943CCAA3
:10AAA000882309F40CC160E088E299E0E5DB11E05D
:10AAB000811101C010E061E08EE099E0DDDBFF2450
:10AAC000F394811101C0F12C8EE199E00E94A46BF6
:10AAD000019641F0BE016F5F7F4F8EE199E00E94C9
:10AAE000956A01C0198286E199E00E94A46B0196E3
:10AAF00041F0BE016C5C7F4F86E199E00E94956A4F
:10AB000006C06CE079E0CE01C4960E94ABF60E94CC
:10AB10005780F601EA5FFD4F80819181892B09F012
:10AB20003BC084E099E0CBDB6091F3028AE890E0DF
:10AB30000E944363412F68E279E04DDC6091F302AB
:10AB40008BE890E00E9443639E012F5F3F4F4FE1EF
:10AB500050E06EE179E01EDC6091F3028CE890E059
:10AB60000E9443639E012C5C3F4F43E050E066E14E
:10AB700079E010DC6091F3028DE890E00E9443637D
:10AB80004F2D6EE079E027DC6091F3028EE590E0D6
:10AB90000E944363C0DC91C06091F3028AE590E0BB
:10ABA0000E9443639F938F930E9417F881EF98E070
:10ABB0009F938F930E9417F86091F3028BE590E0CA
:10ABC0000E9443639F938F930E9417F88CEE98E046
:10ABD0009F938F930E9417F80091F302602F8AE8E9
:10ABE00090E00E944363212F48E259E0BC01C60176
:10ABF000F6DDB82EE090F3026E2D8BE890E00E9417
:10AC000043638E010F5F1F4F20E230E04EE159E0B9
:10AC1000BC01C6019CDCE090F3026E2D8CE890E054
:10AC20000E9443630D5C1F4F24E030E046E159E091
:10AC3000BC01C6018CDC0091F302602F8DE890E02E
:10AC40000E9443632F2D4EE059E0BC01C601C7DDD1
:10AC50008091F3020E941FE887EE98E09F938F9304
:10AC60000E9417F80FB6F894DEBF0FBECDBFBB2011
:10AC700021F142DE75DECE0181960E948A856AA1AD
:10AC80005BA14CA188A599A53FA12EA11F926F930E
:10AC90001F925F931F924F939F938F931F923F93A7
:10ACA0001F922F9385EC98E09F938F930E9417F843
:10ACB0000FB6F894DEBF0FBECDBF0E946080E7964E
:10ACC0000FB6F894DEBF0FBECDBFDF91CF911F91BD
:10ACD0000F91FF90EF90DF90CF90BF900895FB0110
:10ACE0008B3119F482E0808303C08F3119F4108214
:10ACF00080E008959081292F2E7F20839670E82F81
:10AD0000F0E0923019F4E45DF64F02C0E45BF64FD8
:10AD1000849108956670623019F0ECE4F9E002C0A5
:10AD2000ECE2F9E09FEB980F9A3108F4805E90E036
:10AD30002491821731F031969F5F9032C9F78FEFDF
:10AD40000895892F0895CF92DF92EF92FF920F938B
:10AD50001F93CF93C82F7B016A0189018FEFF901FF
:10AD60008083CF3039F48BE1F601808383E0F701F3
:10AD7000808327C0CE3039F48FE1F601808381E0F3
:10AD8000F70180831FC0FB01608160FD08C060E0A7
:10AD90008C2FC0DFF80180838F3F71F709C0C73166
:10ADA000B1F38C2FB7DFF60180838F3F51F4EFCFE3
:10ADB00062E08C2FAFDFF80180838F3FA1F680E047
:10ADC00001C081E0CF911F910F91FF90EF90DF9034
:10ADD000CF9008958A3989F028F4833941F0863973
:10ADE00031F011C08C3949F0893AC9F10CC081E0C9
:10ADF0008093EF0C1092F60C089581E08093EF0C95
:10AE00008093F60C0895E091F70291E09E0F9093E5
:10AE1000F702F0E0E850FD4F80838091F702843123
:10AE200048F08091F602811102C083E10CC01092BB
:10AE3000F7020BC09091F7028091F602981305C0BB
:10AE40008091F70281508093F7028091EC0C80642E
:10AE50008093EC0C8091EC0C8F778093EC0C089530
:10AE60005FB7F8944091EC0C21E030E0B90102C0EA
:10AE7000660F771F8A95E2F7CB0180958423809334
:10AE8000EC0C5FBF08954FB7F8945091EC0C21E0A3
:10AE900030E0B90102C0660F771F8A95E2F7CB0157
:10AEA000852B8093EC0C4FBF08951F920F920FB625
:10AEB0000F9211240BB60F922F933F934F935F93F2
:10AEC0006F937F938F939F93AF93BF93EF93FF9372
:10AED0008091D60C9091D70C01969093D70C8093CB
:10AEE000D60C8091B900887F803609F4CAC0B0F5CD
:10AEF000883209F48DC090F4803109F475C038F4BB
:10AF0000882309F4A9C0883009F459C035C18831B3
:10AF100009F46EC0803209F472C02EC1803409F485
:10AF200029C160F4803309F473C0883309F024C167
:10AF30008091F40C8F5F8093F40CD8C0803509F4B5
:10AF40007EC0883509F47BC0883409F015C185E0DE
:10AF50008093D80C81E08093F50C7FC0883909F488
:10AF6000E8C0C0F4883709F4C3C038F4883609F45F
:10AF700083C0803709F4C1C0FFC0883809F494C089
:10AF8000803909F4C5C0803809F0F6C08091BB0053
:10AF900021DFF0C0803B09F4E1C038F4803A09F4C5
:10AFA00087C0883A09F4DFC0E7C0803C09F4DEC0FE
:10AFB000883C09F4DBC0883B09F0DEC0D4C0809136
:10AFC000D80C843029F41092BB001092F40209C00E
:10AFD0008091D80C813041F08091F20C8160809397
:10AFE000BB001092F70CC8C08091F20C8E7FF7CF97
:10AFF0008091D80C8430B1F08091DB0C1DC085E0CD
:10B000008093D80C8091D80C843021F181E031C03C
:10B010008091D80C8430D9F49091F4028091DA0CAC
:10B020009817A8F4E091F40281E08E0F8093F40267
:10B03000F0E0E452F34F80818093BB009DC080918B
:10B04000BB008093F5028091D80C823051F085E0EE
:10B050008093D80C1092F50C81E08093F70C85E575
:10B060008CC08091F50287FD41C085E08093D80CAB
:10B0700083E08093F50CF0CF8091F40C8F5F809388
:10B08000F40CA8951092EE0C1092ED0C1092F70CA7
:10B090001092F4028091BB009091F00C9150869533
:10B0A00089238093F10C66C08091BB0093DE5EC063
:10B0B00081E08093F70C9091F4028091DA0C89176B
:10B0C00020F48091F4028093DA0C8091D80C8330C4
:10B0D00069F08091D80C813049F08091D80C823091
:10B0E00029F08091D80C843009F046C085E645C02F
:10B0F0008091F40C8F5F8093F40C1092EE0C109200
:10B10000ED0C1092F70C1092F4021092DA0C34C08D
:10B110008091BB009091F402903170F5E091F402BF
:10B1200091E09E0F9093F402F0E0E452F34F80839D
:10B1300023C08091BB009091F402903150F4E091D3
:10B14000F40291E09E0F9093F402F0E0E452F34F8A
:10B1500080838091F4028093DA0C08C08091F40C13
:10B160008F5F8093F40C8091EC0C39CF81E0809359
:10B17000F70CABCF85E001C085E480688093BC000C
:10B18000FF91EF91BF91AF919F918F917F916F91BF
:10B190005F914F913F912F910F900BBE0F900FBE7B
:10B1A0000F901F9018958091D80C882321F08091E2
:10B1B000D80C8530C1F70895CF93C82FF4DF9FB71F
:10B1C000F894C093DB0CC7FF02C081E001C082E0AD
:10B1D0008093D80C8091F70C882349F08091BC00B3
:10B1E00084FDFCCF8091BC0080628093BC009FBF37
:10B1F000CF910895D8DF9FB7F89484E08093D80C5E
:10B200008091F70C882349F08091BC0084FDFCCF2D
:10B210008091BC0080628093BC009FBF0895CF9353
:10B22000DF93D82FC0DFC091F20CD093F20C83E0F3
:10B230008093D80C8091F70C882349F08091BC0052
:10B2400084FDFCCF8091BC0080628093BC00ABDFAA
:10B25000C093F20C8091F50C811104C08091F5022D
:10B2600090E002C08FEF9FEFDF91CF910895CF93D1
:10B270009EEF980F9B3DE8F480FD1BC0C82FCFDFE9
:10B2800097FF17C09FB7F894C093BA008091D90C6C
:10B29000882329F08091BA0081608093BA00809160
:10B2A000BC0080648093BC00C093F30C9FBF81E01E
:10B2B0000EC09FB7F8941092BA008091BC008F7BAB
:10B2C0008093BC008FEF8093F30C9FBF80E0CF9101
:10B2D000089581E08093F70C1092D80C1092F50C31
:10B2E0001092F40C1092F6021092F7021092D70C02
:10B2F0001092D60C1092EE0C1092ED0C1092DB0C0A
:10B300008093B90080E48093B8008091F30C8E7F25
:10B310008093BA001092DA0C1092F4028091D90C4A
:10B32000882329F08091BA0081608093BA0084E874
:10B330008093BC008091F00C8150880F8093BD00F9
:10B340000895613031F48A3080F4882351F08C59AB
:10B3500006C0623051F4882331F0843630F4880F0F
:10B3600008958CED089588EC08958FEF0895FB0102
:10B370009EEF980F9B3D10F010820DC0869585368C
:10B3800030F091E090838E3631F08456089592E04B
:10B390009083843609F480E008953091F60220917C
:10B3A000F7023217D9F0E091F60221E02E0F209338
:10B3B000F602F0E0E850FD4F2081FC0120838091EF
:10B3C000F602843110F01092F6029091F60280910C
:10B3D000F702981305C086E043DD02C080E00895BF
:10B3E00081E00895FC0112AA13AA0895FC0123A983
:10B3F00092A981E0291380E00895FC0192A991337C
:10B4000010F49F5F01C090E083A9891789F092A989
:10B41000913320F49F5F913321F001C090E09F5F52
:10B4200001C090E023A981E0291719F080E001C054
:10B4300081E081700895FC0182A9813310F48F5F4F
:10B4400001C080E093A9891789F09FB7F89482A979
:10B45000DF01A80FB11D6C9382A9813310F48F5FB7
:10B4600001C080E082AB9FBF81E0089580E0089535
:10B47000FC012FB7F89483A9DF01A80FB11D8C91AF
:10B4800093A9913310F49F5F01C090E093AB2FBF5D
:10B490000895FC0192A983A9981728F092A983A97D
:10B4A000981B892F089582A993A98E5C891B089502
:10B4B000FC019FB7F8942091B0223091B1223183E2
:10B4C00020839FBF089553985B980895FCDF8FE415
:10B4D00093ECA0E0B0E00197A109B109000001F0F0
:10B4E000D1F7C895000008950F931F93CF93DF9372
:10B4F0004FE453EC60E070E0DB01CA010197A10961
:10B50000B109000001F0D1F7C8950000539A5B988B
:10B51000DB01CA010197A109B109000001F0D1F7CF
:10B52000C8950000C0E20FE811E06CEA81E090E00D
:10B530000E94C58363E581E090E00E94C58360E0DE
:10B5400081E090E00E94C583D82F60E081E090E028
:10B550000E94C583D335B9F0C8010197F1F7000007
:10B5600000C05D9AC8010197F1F7000000C05D9826
:10B57000C8010197F1F7000000C0C15009F0D5CF14
:10B58000A5DF80E001C081E0DF91CF911F910F9195
:10B5900008950F931F93CF93DF93EC018B0180FDF0
:10B5A00002C060E201C068E281E090E00E94C583D1
:10B5B0006D2F669581E090E00E94C583BE0176956F
:10B5C000679581E090E00E94C58360E081E090E0B3
:10B5D0000E94C583F801808381E0DF91CF911F91A4
:10B5E0000F910895CF92DF92EF92FF920F931F93E6
:10B5F000CF93DF938C016B017A01E901BC01C90192
:10B600000E947DF764E270E0C8010E9469F7892B0F
:10B61000A9F464E979E0CE010E948CF6B601CE016E
:10B620000E945EF7B701CE01DF91CF911F910F917C
:10B63000FF90EF90DF90CF900C948CF664E270E076
:10B64000CE010E9469F7FC011082B601CE010E9472
:10B650005EF7B701CE010E948CF664E270E0C8018B
:10B660000E9469F7BC016F5F7F4FCE01DF91CF91E0
:10B670001F910F91FF90EF90DF90CF900C945EF7A9
:10B68000CF92DF92EF92FF920F931F93CF93DF93AE
:10B69000CDB7DEB727970FB6F894DEBF0FBECDBF8C
:10B6A000D82EC92E6FE270E00E9469F78C010097D6
:10B6B00031F487E391E10E9442988DEF1DC0FC01B7
:10B6C00010828D2D9C2D0E948D7461157105810550
:10B6D000910521F48D2D9C2D0E9474716F3FFFEF19
:10B6E0007F078F079F0751F48EE191E10E944298F6
:10B6F0008FE2F80180838FEF9FEF39C040E550E083
:10B700000E9416957C01019649F483E091E10E9424
:10B7100042988FE2F80180838EEFEECFCE01019642
:10B720000E94C97BB70182E00E94B87BC8010196E4
:10B730009F938F9384EC90E19F938F930E9417F8CF
:10B74000CF92DF920E9404F88FEB90E19F938F934A
:10B750000E9417F8CE0101960E94D87B8FE2F80173
:10B7600080830FB6F894DEBF0FBECDBFC70127960A
:10B770000FB6F894DEBF0FBECDBFDF91CF911F9102
:10B780000F91FF90EF90DF90CF9008956F927F928E
:10B790008F929F92AF92BF92CF92DF92EF92FF92E1
:10B7A0000F931F93CF93DF93CDB7DEB7C254D10968
:10B7B0000FB6F894DEBF0FBECDBF5C017B016115F3
:10B7C000710519F0FB011182108200E010E0CE013A
:10B7D0008F5B9F4F6DDED12CC5010E94A39418167C
:10B7E000190654F5CE018F5B9F4F62DE8D2C912C94
:10B7F00066246394712C6C0E7D1E680C791CA30169
:10B8000061E070E0C5010E940394019751F08091BE
:10B81000C518882309F491C086E990E10E944298F6
:10B820008CC0F30180818A3011F18D30A9F2FEE3E2
:10B83000FD1590F2D394D0CF2FB7F8948091B02219
:10B840009091B12223964EAD5FAD2397841B950B4B
:10B850002FBF893E934008F4BFCF8091C51888233D
:10B8600009F46DC08CE790E10E94429868C0F30132
:10B8700010828091C518843068F083E690E10E94C0
:10B880004298B401CE0101960E94CB9881E590E1E7
:10B890000E94429880E020E0C82ED12CE1E0F0E048
:10B8A000EC0FFD1FEC0DFD1D9081992321F09032CE
:10B8B00029F0222321F0811104C032C021E08F5FE2
:10B8C000EBCF45E050E06BE470E1CE0101960E94C1
:10B8D000CBF6892B51F481E090E08C0F9D1F8C0DED
:10B8E0009D1D0E9433F68C0172CF4FE050E06BE358
:10B8F00070E1CE0101960E94CBF6892B09F067CF4B
:10B90000E114F10409F463CF81E090E08C0F9D1FF6
:10B910008C0D9D1D0E9433F6F7019183808357CFD4
:10B920008091C518823038F0A80160E070E080E2B4
:10B9300090E10E945998C80104C08EEF01C08FEFBA
:10B940009FEFCE5BDF4F0FB6F894DEBF0FBECDBFCB
:10B95000DF91CF911F910F91FF90EF90DF90CF90EB
:10B96000BF90AF909F908F907F906F9008952F928F
:10B970003F924F925F926F927F928F929F92AF927F
:10B98000BF92CF92DF92EF92FF920F931F93CF93CC
:10B99000DF93CDB7DEB7CE54D1400FB6F894DEBFFB
:10B9A0000FBECDBF6C010E94CFCE882309F443C6E1
:10B9B0007E0127EFE21A2EEFF20AF7011082F6015C
:10B9C000EA5FFD4F80819181892B09F046C0BE015D
:10B9D0006F5F7F4F88E891E10E94956A019709F0B7
:10B9E00019820E94578088E190E10E945F519E0178
:10B9F0002F5F3F4F47E750E068E871E18CEF9FE031
:10BA00000E94CA51970141E350E061E871E18BEC7B
:10BA10009FE00E94CA5189EB9FE00E948B5288EF01
:10BA20009CE02091F80C222369F09F938F938CE87F
:10BA30009FE09F938F930E9417F80F900F900F90A5
:10BA40000F9008C08AE39FE09F938F930E9417F89E
:10BA50000F900F900E946080EEC561E871E1C60111
:10BA60000E94907E892B09F489C51092F80C83E01E
:10BA70000E948E8361E871E1C6010E945C7E8D5E4A
:10BA80009E4FFC01EE0FFF1FEC0DFD1D60817181CB
:10BA900041E350E0C7010E9494F7F70111AA8081A9
:10BAA000811171C021DD882309F442C000E01FEF3D
:10BAB000A12CB12CBE016F5F7F4FC5016ADD982EAE
:10BAC000811102C003DD34C08981173228F4F701E7
:10BAD000E10FF11D80831F5F8F3599F4113009F458
:10BAE0005AC50F5F0330C8F01F3F99F0011708F4E3
:10BAF000101BF701E10FF11D1082E8DC91102BC043
:10BB000017C080528F3538F489ED810F883D18F0C9
:10BB100003C010E001C01FEF00E0FFEFAF1ABF0A43
:10BB2000A11420E2B20631F6F7011082CFDC13C077
:10BB30000E94578082EF9EE09F938F930E9417F898
:10BB400080E591E19F938F930E9417F80E94608097
:10BB5000F701108214C0F7018081811114C00E9486
:10BB600057808BEA9EE09F938F930E9417F880E5A1
:10BB700091E19F938F930E9417F80E9460800F902D
:10BB80000F900F900F9044E050E066EA7EE0C7010E
:10BB90000E94CBF6892B39F444E050E061EA7EE064
:10BBA000C7010E9483F6A0DC882309F4F9C45E0172
:10BBB000FFEBAF1AFEEFBF0A10E060E381E090E018
:10BBC0000E94C58360E081E090E00E94C583612F00
:10BBD00081E090E00E94C58360E081E090E00E94F7
:10BBE000C583F50181935F011F5F133031F76EDC70
:10BBF00083E00E949783F7018081882309F41BC5A5
:10BC000088E291E255DC80E00E9497830E94578091
:10BC10001092F80C68E871E1C6010E94907E892BB1
:10BC200099F487EE9DE09F938F930E9417F880E52B
:10BC300091E19F938F930E9417F80E9460800F906C
:10BC40000F900F900F90F7C4CE0101965C01BC01DC
:10BC500088E891E10E94956A0197B1F468E871E182
:10BC6000C6010E945C7E8D5E9E4FFC01EE0FFF1FA1
:10BC7000EC0DFD1D60817181C5010E9474F711E01A
:10BC8000892B19F410E001C011E0FF92EF9282EDD0
:10BC90009DE09F938F930E9417F868E871E1C601B9
:10BCA0000E945C7E8D5E9E4FFC01EE0FFF1FEC0D2F
:10BCB000FD1D95014DEC5DE0B7018081918192DC25
:10BCC000C501DEDC4C010F900F900F900F9097FF95
:10BCD00007C09F928F93BF92AF9282EA9DE010C0FF
:10BCE00060E070E053DD3C01883C9105D9F0C4016F
:10BCF0000E94418C7F926F92BF92AF9289E79DE044
:10BD00009F938F930E9417F880E591E19F938F9303
:10BD10000E9417F80E9460800FB6F894DEBF0FBE35
:10BD2000CDBF89C4112391F068E871E1C6010E947A
:10BD30005C7E8D5E9E4FFC01EE0FFF1FEC0DFD1D26
:10BD40006081718188E891E10E943C6B512C8E01E9
:10BD500007531F4F852D90E0A801480F591F6FE32F
:10BD600070E0681B790BC4010E9403943C01452DCF
:10BD700050E060E070E084E69DE00E945998A301E5
:10BD8000072C000C660B770B80E59DE00E9459980C
:10BD900077FE0BC0C4010E94418C1F9288EC8F93E8
:10BDA000BF92AF9281E39DE0ABCF560CC55BDE4FF7
:10BDB0005882CB54D140852D90E0C45BDE4F9983EF
:10BDC0008883CC54D140FC01E00FF11F10828DE13B
:10BDD0009DE00E944298C8010E94119887E19DE071
:10BDE0000E944298312C232D30E0F801E20FF31F1E
:10BDF00090819150903210F43394F5CF532CF80188
:10BE0000E50DF11DC75BDE4FF983E883C954D140CE
:10BE10004080F0E2F41510F45394F1CFC75BDE4F8D
:10BE2000E881F981C954D140108243E050E0BE015D
:10BE3000625C7E4FC801820F931F0E94FB7B682EBD
:10BE4000712CC75BDE4FE881F981C954D140408233
:10BE5000432D50E060E070E08CEF9CE00E94599828
:10BE6000452D50E060E070E08FEE9CE00E94599814
:10BE70006114710409F04DC033243394350C232D23
:10BE800030E0F801E20FF31F90819150903210F4EE
:10BE90003394F5CF232C822D90E0C75BDE4F99833E
:10BEA0008883C954D1402C01400E511EF201F0810B
:10BEB000C25BDE4FF883CE54D140F13210F02394B0
:10BEC000EACFF201108243E050E0BE01655C7E4F94
:10BED000C801820F931F0E94FB7B682E712CC25BEE
:10BEE000DE4F2881CE54D140F2012083432D50E013
:10BEF00060E070E089ED9CE00E945998422D50E08E
:10BF000060E070E08CEC9CE00E9459986114710430
:10BF100091F1A301770C660B770B8AEB9CE00E94F2
:10BF20005998C4010E94418CF801E30DF11D8081F4
:10BF30008B3269F4BF92AF928AE79CE09F938F9314
:10BF40000E9417F80F900F900F900F9011C01F9242
:10BF50003F921F930F93BF92AF928AE39CE09F930F
:10BF60008F930E9417F80FB6F894DEBF0FBECDBFB7
:10BF700080E591E107C3C45BDE4F48815981CC5411
:10BF8000D140C75BDE4FE881F981C954D1404E1BD7
:10BF90005F0BB201C8010E9415F7C55BDE4F5880E8
:10BFA000CB54D1405218CF5BDE4F9881C154D14061
:10BFB000C25CDE4F8881CE53D1409813CBCECE5B8E
:10BFC000DE4F9881C254D140C15CDE4F8881CF538F
:10BFD000D1409813BFCECD5BDE4F9881C354D14082
:10BFE000C05CDE4F8881C054D1409813B3CEC401E9
:10BFF0000E94418CC35CDE4F8881CD53D1401F929B
:10C000008F93C45CDE4F8881CC53D1401F928F93B5
:10C01000C55CDE4F8881CB53D1401F928F93C05CAB
:10C02000DE4F8881C054D1401F928F93C15CDE4F98
:10C030008881CF53D1401F928F93C25CDE4F88819D
:10C04000CE53D1401F928F93BF92AF928AEF9BE065
:10C050009F938F930E9417F868E871E1C6010E94D0
:10C060005C7E8D5E9E4FFC01EE0FFF1FEC0DFD1DF3
:10C07000950145EF5BE0B70180819181B3DABF9212
:10C08000AF9285ED9BE09F938F930E9417F883E01A
:10C090000E948E8387E79BE09F938F930E9417F8FF
:10C0A0000E9460800E946A7BF601E65BFD4F808102
:10C0B00091810E94418CC501E3DA7C010FB6F894AE
:10C0C000DEBF0FBECDBF97FF05C0FF928F938BE5FC
:10C0D0009BE024C0BE016C5B7E4F58DB6C01AC0161
:10C0E000990F660B770B89E49BE00E945998CC5B13
:10C0F000DE4F48815981C454D14060E070E089E34B
:10C100009BE00E94599898ECC916D104C9F0C70168
:10C110000E94418CDF92CF928FE19BE09F938F939F
:10C1200088EF9CE09F938F930E943EF883E00E94EB
:10C1300097830F900F900F900F900F900F907BC2EE
:10C1400088E291E2B5D980E00E94978381E00E9465
:10C150008E83CAD9811107C062EE7AE088EF9CE035
:10C160000E94ABF63CC2FE01E55CFE4F6F012F0161
:10C17000F3E04F0E511C612C712C2FE3822E2CE921
:10C18000922E34E7A32E39E0B32EF60181916F0190
:10C19000882309F44CC0C55CDE4F3880CB53D140B6
:10C1A0006CEA81E090E00E94C58360EA81E090E063
:10C1B0000E94C58360E081E090E00E94C583632D0A
:10C1C00081E090E00E94C583C4010197F1F700006F
:10C1D00000C060E581E090E00E94C58360E081E0FE
:10C1E00090E00E94C58360E081E090E00E94C583FA
:10C1F00060E081E090E00E94C5833816C1F0E8EF6E
:10C20000FCE001900020E9F71F921F92BF92AF92CD
:10C21000CF0101979F938F930E943EF8FFEF6F1A13
:10C220007F0A0F900F900F900F900F900F90C414F3
:10C23000D50409F0AACF6114710409F0C8C16CEAF1
:10C2400081E090E00E94C58360E881E090E00E9478
:10C25000C58360E081E090E00E94C58360E081E0FA
:10C2600090E00E94C5838FE39CE9A0E0B0E00197D5
:10C27000A109B109000001F0D1F7C895000081E0E3
:10C280000E949783CE018A5B9E4F12D9A12CB12CBC
:10C29000C12CD12C88E291E20BD980E00E949783D7
:10C2A000C7010E94A3944C0182E0C6FC03C00E9417
:10C2B0008E8302C00E9497832FB7F8948091B0229A
:10C2C0009091B122CA5BDE4F48815981C654D1405A
:10C2D000841B950B2FBF853F914048F065EB7AE0BA
:10C2E00088EF9CE00E94ABF684E99AE036C018140F
:10C2F0001904CCF480E490E08A199B09881599050B
:10C3000008F44C01A8014A0D5B1DB401C7010E944D
:10C3100003941816190614F4A80EB91ECE018A5BF0
:10C320009E4FC6D866C1C7010E942F8C811161C182
:10C330002FB7F8948091B0229091B122CA5BDE4F62
:10C3400048815981C654D140841B950B2FBF8D3233
:10C35000914008F44EC18BE69AE00E944298A114E5
:10C36000B10409F461C1F1E0C75BDE4FF883C95441
:10C37000D14081E00E948E834D2C46944801512C7F
:10C380001601201A310A50FE02C068E401C060E4C0
:10C3900081E090E00E94C583642D81E090E00E94DE
:10C3A000C583B101680D791D7695679581E090E0B0
:10C3B0000E94C583F40161914F0181E090E00E94E9
:10C3C000C5835394F0E45F12DECF6CE481E090E02B
:10C3D0000E94C583642D81E090E00E94C583B60170
:10C3E0007695679581E090E00E94C58360E081E0EA
:10C3F00090E00E94C5838FE39CE90197F1F700006C
:10C4000000C0212C822C912C8A149B0408F03FC080
:10C4100024014C0C5D1CBE01685B7E4FC201B9D883
:10C4200081110DC069E57AE088EF9CE00E94ABF6CF
:10C4300021E0C75BDE4F2883C954D14028C0C85BC8
:10C44000DE4F8881C854D140F801E80DF91D908174
:10C450009817D9F061147104A9F41F929F931F9249
:10C460008F935F924F928CE29AE09F938F9388EF25
:10C470009CE09F938F930E943EF80FB6F894DEBF26
:10C480000FBECDBF9FEF691A790A2394BBCF81E01D
:10C490000E949783CA0CDB1CCC5BDE4FA880B9805E
:10C4A000C454D140CA14DB0459F0A12CB12CC75B91
:10C4B000DE4FE881C954D140EE2309F4EBCE56019A
:10C4C00005D8C7010E94418CA50160E070E089E1B8
:10C4D0009AE00E945998A30160E070E086E09AE03B
:10C4E0000E9459986114710419F5CC5BDE4F888164
:10C4F0009981C454D140009719F08A159B05C1F465
:10C50000E8EFFCE001900020E9F7BF92AF9225ED43
:10C5100039E03F932F93CF0101979F938F930E9410
:10C520003EF80F900F900F900F900F900F9024C037
:10C53000E8EFFCE001900020E9F77F926F92BF9254
:10C54000AF92CB5BDE4F2881C554D1402F93CC5B9B
:10C55000DE4F2881C454D1402F9326E939E03F9320
:10C560002F93CF0101979F938F930E943EF80FB6B0
:10C57000F894DEBF0FBECDBF82E035C00E94578069
:10C5800089E09EE09F938F930E9417F80E9460803D
:10C590000F900F9050C010E0033008F4BECAA9CA33
:10C5A0000E9457808AE59EE09F938F930E9417F820
:10C5B00080E591E19F938F930E9417F80E9460801D
:10C5C000F70110820F900F900F900F9011CB66EC37
:10C5D0007AE088EF9CE00E948CF60E94665AC701C0
:10C5E0000E94418C81E00E94978383E00E949783A0
:10C5F00022C0C75BDE4F1882C954D140F0E4AF16A9
:10C60000B10409F4B6CECC5BDE4F88819981C45465
:10C61000D14096012A0D3B1D2817390708F447CF52
:10C62000892B09F444CFA5CE21E0C75BDE4F2883D8
:10C63000C954D140E8CFC25BDE4F0FB6F894DEBFDD
:10C640000FBECDBFDF91CF911F910F91FF90EF9063
:10C65000DF90CF90BF90AF909F908F907F906F9022
:10C660005F904F903F902F9008950E94635A81E011
:10C6700090E00E94B5831092F80C6CE679E087EBAD
:10C680009CE50C94FA7F880F991FFC01E60FF11DC1
:10C69000EE0FFF1FEF56FE4E8591949108950E9474
:10C6A0003A4F9C0180910C0390910D032817390794
:10C6B0002CF490910E039F5F90930E0330930D0323
:10C6C00020930C0380910E0308951F93CF93DF9363
:10C6D000D82F162FC0910F03C11122C0882311F04B
:10C6E0000A9801C00A9A8091110390E00E94284F95
:10C6F000DD2331F002990CC084E08093240E3EC00B
:10C70000029B06C081E18093240E0A980B9836C0E4
:10C710000B9810920E038091110390E00E94284F15
:10C72000039B11C010920F038091110390E00E94AF
:10C73000284F0B9A8091110390E00E94284F039993
:10C7400017C0C1E01BC0112351F081E080930F039B
:10C75000A6DF853690F083E18093240E0DC0039907
:10C76000E1CF9DDF8536D8F383E18093240E05C0A9
:10C7700082E18093240E0B980A98C0E08C2FDF9101
:10C78000CF911F910895EF92FF920F931F93CF9334
:10C79000DF937C01C62F80910F0381110CC00A9892
:10C7A0008091110390E00E94284F0B988091100314
:10C7B00090E00E94284F039B0CC010920F038091C1
:10C7C000110390E00E94284F06E010E0D2E0C0E0A4
:10C7D0002EC0CC2371F081E080930F0360DF85369B
:10C7E00008F447C083E18093240E43C058DF8536A8
:10C7F000C8F7039BFBCFE1CF81E090E00E94284F78
:10C80000029B19C0CF5F98010E5F1F4F8C2F0C2E1B
:10C81000000C990B97FF03C0919581959109AC018C
:10C82000440F551F840F951F8217930734F4DF5F61
:10C83000D53611F702C0C150E6CF81E01C160CF0CE
:10C8400080E0F701808380911103D81728F490E0ED
:10C850008D1B91090E94284F0B9A8091110390E043
:10C860000E94284F039B07C082E18093240E0B98FF
:10C870000A9880E001C081E0DF91CF911F910F9174
:10C88000FF90EF90089510920F0310920E030399FA
:10C8900010C00A980B98039907C001DF8536D8F3BA
:10C8A00083E18093240E27C08091110390E00E94C1
:10C8B000284F0A9A8091110390E00E94284F029B12
:10C8C00006C081E18093240E0A980B9814C08091D1
:10C8D000110390E00E94284F0B9A8091110390E081
:10C8E000880F991F0E94284F039B07C082E1809305
:10C8F000240E0B980A9880E0089581E00895CF9364
:10C90000DF93D82FC0910F03C11117C0029B0EC037
:10C910000A9A8091110390E00E94284F029B07C061
:10C9200081E18093240E0A980B9836C00A9A0B98DE
:10C930008091110390E00E94284F039B0EC010923B
:10C940000F038091110390E00E94284F0A98809174
:10C95000110390E00E94284F15C0DD2369F081E0AB
:10C9600080930F039CDE8536B0F083E18093240E24
:10C9700012C095DE8536C8F7039BFBCFE0CF8FDE74
:10C98000853698F7029BFBCF8091110390E00E94BF
:10C99000284FC1E001C0C0E08C2FDF91CF910895F6
:10C9A000CF93DF930B9A8091110390E0880F991F2A
:10C9B0000E94284F0A988091110390E0880F991FD8
:10C9C0000E94284FDFEFC0E00B9A8091110390E0A6
:10C9D000880F991F0E94284F0B988091110390E0B7
:10C9E000880F991F0E94284F029BC0E0CF5FCB3079
:10C9F00010F4D15049F70A9A8091110324E0829FE4
:10CA0000C00111240E94284F0B988091110324E04B
:10CA1000829FC00111240E94284F0A98809111031F
:10CA200024E0829FC0011124DF91CF910C94284F04
:10CA3000EF92FF920F931F93CF93DF93E82EEB01BA
:10CA4000642F881F8827881F40DE811102C080E084
:10CA50001AC007E010E080E4F82E81E09E2D9F21AF
:10CA600009F480E060E031DE882389F3F694015018
:10CA7000110999F760E0CE0186DE882341F3288111
:10CA800091E092279883DF91CF911F910F91FF90B2
:10CA9000EF900895CF92DF92EF92FF920F931F9342
:10CAA000CF93DF931F92CDB7DEB76C01E62E642FD4
:10CAB000CE01019668DE811102C080E01EC089812E
:10CAC000811180E8F601808307E010E080E4F82E11
:10CAD00060E0CE01019657DE882379F389818823AF
:10CAE00021F0F60180818F298083F694015011098D
:10CAF00079F760E081E08E25E8DD0F90DF91CF913E
:10CB00001F910F91FF90EF90DF90CF9008951092BA
:10CB10000F0310920E031092240E12980A98139885
:10CB20000B980A980B9885E08093110384E080931A
:10CB3000100336CF8091120381111BC081E08093D6
:10CB400012031092260E1092250E1092310E1092A2
:10CB5000300E10923C0E10923B0E1092470E109227
:10CB6000460E1092520E1092510E10925D0E1092BF
:10CB70005C0E0895E5E2FEE020E030E04081518166
:10CB8000452BB1F44BE0429FF001439FF00D11247F
:10CB9000EB5DF14F918380837383628317821682EA
:10CBA00015821482118610868FEF8287C90108953D
:10CBB0002F5F3F4F3B962630310501F78FEF9FEFF8
:10CBC00008958630910574F42BE0289FF001299F89
:10CBD000F00D1124EB5DF14F82858F3F19F48085B4
:10CBE000918508958FEF9FEF0895AF92BF92CF92F6
:10CBF000DF92EF92FF920F931F93CF93DF937C010D
:10CC00008B0106970CF068C08BE08E9DE0018F9D34
:10CC1000D00D1124CB5DD14F8A858F3F09F05CC0C8
:10CC2000EA81FB81888599859F01281B390B26178E
:10CC3000370708F451C0BA012C813D81A801420F89
:10CC4000531F4E175F0758F0FB019B01200F311F48
:10CC50005E01DE011496AE014E5F5F4F2AC0E8818F
:10CC6000F981A801CF01820F931F0E94E6F68C8103
:10CC70009D81800F911F9D838C831EC06191E50172
:10CC8000C880D9808D919C9111978C0D9D1DEC01D0
:10CC900068838D919C911197019611969C938E9328
:10CCA000EA01688179818617970719F411961C9219
:10CCB0001E922E173F0711F78BE08E9DF0018F9D7E
:10CCC000F00D1124EB5DF14F80859185800F911F50
:10CCD00091878087C80102C08FEF9FEFDF91CF91CE
:10CCE0001F910F91FF90EF90DF90CF90BF90AF908A
:10CCF000089586309105B4F52BE0289FF001299F17
:10CD0000F00D1124EB5DF14F22852F3F59F5408541
:10CD10005185228133814217530720F5A081B181CB
:10CD200024813581A20FB31F6C93248135812F5F3D
:10CD30003F4F35832483428153812417350711F4F3
:10CD4000158214822BE0289FF001299FF00D1124F9
:10CD5000EB5DF14F8085918501969187808780E01A
:10CD600090E008958FEF9FEF0895CF92DF92EF92BA
:10CD7000FF920F931F93CF93DF93863091050CF0B2
:10CD800063C02BE0289FE001299FD00D1124CB5DCB
:10CD9000D14F2A852F3F09F057C02885398526179E
:10CDA000370708F454C09A018B017C016E817F81A2
:10CDB000A801460F571F8A819B814817590738F0F1
:10CDC0006901FE013696AE014E5F5F4F27C0888134
:10CDD0009981680F791FA801C9010E94E6F68E812A
:10CDE0009F81800F911F9F838E831EC068817981F0
:10CDF00080819181860F971FDC018C91D6018D93E4
:10CE00006D0180819181019691838083DA016D911A
:10CE10007C918617970711F411821082C601821B3C
:10CE2000930B8017910714F38BE08E9DF0018F9D7B
:10CE3000F00D1124EB5DF14F80859185801B910BE6
:10CE400091878087C80104C08FEF9FEF01C0CB019D
:10CE5000DF91CF911F910F91FF90EF90DF90CF90D6
:10CE60000895BC01069784F58BE0869FF001879FAB
:10CE7000F00D1124EB5DF14F82858F3F29F5408540
:10CE800051854115510501F126813781A081B1817C
:10CE9000A20FB31F9C912F5F3F4F37832683A28140
:10CEA000B3812A173B0711F4178216828BE0869F05
:10CEB000F001879FF00D1124EB5DF14F41505109B6
:10CEC00051874087892F089580E008958630910525
:10CED000A4F42BE0289FF001299FF00D1124EB5DB5
:10CEE000F14F82858F3F49F4178216821582148292
:10CEF0001186108680E090E008958FEF9FEF0895EF
:10CF0000863091057CF42BE0289FF001299FF00DDD
:10CF10001124EB5DF14F8281938120853185821B45
:10CF2000930B08958FEF9FEF08950F931F93CF9367
:10CF3000DF934AE050E06EE97DE383E193E00E94F5
:10CF400083F683EF9FE090931E0380931D0303E11C
:10CF500013E0C0E0D0E0F80161918F01CE010E94A2
:10CF600041FB2196CC30D105B1F78DE090E0909354
:10CF7000010180930001809100019091010160E026
:10CF8000DF91CF911F910F910C9441FB0F931F9351
:10CF9000CF93DF9380910201909103018F3F2FEF98
:10CFA0009207B1F000911D0310911E03C0E0D0E084
:10CFB000C017D10764F480910001909101018C0F9A
:10CFC0009D1F0E9439FB882311F02196F1CFCE01DD
:10CFD000DF91CF911F910F910895CF92DF92EF9241
:10CFE000FF920F931F93CF93DF93D0DF8C0180913B
:10CFF0000001909101019F938F931F930F93809154
:10D000001E038F9380911D038F9380EB9DE39F936D
:10D010008F930E9417F88DB79EB708960FB6F894B5
:10D020009EBF0FBE8DBFC0E0D0E08DEAE82E8DE33D
:10D03000F82E9BEAC92E9DE3D92EC017D107F4F52F
:10D0400080910001909101018C0F9D1F0E9439FB7E
:10D05000863281F480910001909101018C0F9D1F17
:10D060000E9439FB8D3041F121960C171D0791F775
:10D07000E80122C080910001909101018C0F9D1F59
:10D080000E9439FB1F928F93FF92EF920E9417F834
:10D0900080910001909101018C0F9D1F0E9439FB2E
:10D0A0000F900F900F900F908D3031F4DF92CF9250
:10D0B0000E9417F80F900F902196BFCF88EA9DE34A
:10D0C0009F938F930E9417F80F900F90DF91CF914D
:10D0D0001F910F91FF90EF90DF90CF9008954F92A6
:10D0E0005F926F927F928F929F92AF92BF92CF92F8
:10D0F000DF92EF92FF920F931F93CF93DF93CDB701
:10D10000DEB76E970FB6F894DEBF0FBECDBF4C01F1
:10D110003DDF5C01E12CF12CCE0101966C01EA149B
:10D12000FB041CF08FEF9FEF50C0360187012301F5
:10D130004C185D088091000190910101800F911FB2
:10D140000E9439FBF30181933F018D3359F4F601BD
:10D15000E40DF51D1082B401C6010E9474F7892BFD
:10D1600001F532C0882399F30F5F1F4FA016B10657
:10D17000F1F6850119C08091000190910101800FA5
:10D18000911F0E9439FB8D3079F0809100019091C0
:10D190000101800F911F0E9439FB882329F00F5F46
:10D1A0001F4F0A151B053CF380910001909101016E
:10D1B000800F911F0E9439FB882309F4B3CF7801B7
:10D1C000FFEFEF1AFF0AABCFC7016E960FB6F894C8
:10D1D000DEBF0FBECDBFDF91CF911F910F91FF90AA
:10D1E000EF90DF90CF90BF90AF909F908F907F9007
:10D1F0006F905F904F9008954F925F926F927F92E1
:10D200008F929F92AF92BF92CF92DF92EF92FF9256
:10D210000F931F93CF93DF93CDB7DEB76E970FB603
:10D22000F894DEBF0FBECDBF4C016B01AFDE5C01D9
:10D23000C40155DF8C010F3F8FEF180751F1FE013C
:10D2400031967F013F0104C08823A9F00F5F1F4F73
:10D2500023014E185F080A151B058CF4809100010C
:10D2600090910101800F911F0E9439FBF30181937E
:10D270003F018D3349F7F701E40DF51D10828091D0
:10D28000000190910101800F911F0E9439FB8D33A5
:10D2900019F08FEF9FEF28C0B401C7010E9474F707
:10D2A000892BB9F70F5F1F4F46017401EC18FD0879
:10D2B0000A151B056CF48091000190910101800F0B
:10D2C000911F0E9439FBF40181934F018D3039F495
:10D2D000F601EE0DFF1D108281E090E005C088236D
:10D2E000B9F30F5F1F4FE1CF6E960FB6F894DEBF14
:10D2F0000FBECDBFDF91CF911F910F91FF90EF90A7
:10D30000DF90CF90BF90AF909F908F907F906F9065
:10D310005F904F900895CF92DF92EF92FF920F931C
:10D320001F93CF93DF938C01EB01D9DE019609F0B7
:10D330006AC080911F03909120038130910509F408
:10D3400064C024DE009771F07C013FEFE31AF30A1A
:10D3500020910001309101016DE0820F931F0E9426
:10D3600041FBC7016801F80101900020E9F73197FE
:10D37000E01BF10B9C012F5F3F4F79019601201BB1
:10D38000310B2E173F0768F4F60161916F01209170
:10D39000000130910101820F931F0E9441FBC701E0
:10D3A000E2CF20910001309101016DE3820F931FC4
:10D3B0000E9441FB8E01FE0101900020E9F73197A8
:10D3C000EC1BFD0BC8018C1B9D0B8E179F0778F47F
:10D3D000F80161918F0180910001909101018E0D02
:10D3E0009F1D0E9441FBFFEFEF1AFF0AE4CF8091DF
:10D3F00000019091010160E08E0D9F1D0E9441FB94
:10D4000081E090E002C08FEF9FEFDF91CF911F91FD
:10D410000F91FF90EF90DF90CF9008958F929F92A1
:10D42000AF92BF92CF92DF92EF92FF921F93CF9372
:10D43000DF9320911F03309120032130310509F43F
:10D4400052C07C01A3DD5C01C70149DE4C018FEFB6
:10D450008816980609F445C0E4011DE06E01C8185D
:10D46000D908CA15DB057CF4809100019091010177
:10D470008C0F9D1F0E9439FB182F8D3021F08823BF
:10D4800011F02196EBCFC7012ADEEC011D30E1F44B
:10D490008FEFC81AD80A8091000190910101CA1536
:10D4A000DB05BCF48C0D9D1D8C0F9D1F0E9439FB6C
:10D4B0002091000130910101682FC9018C0F9D1F3F
:10D4C0000E9441FB2196E7CF8091000190910101DC
:10D4D000019760E08C0F9D1F0E9441FB21E030E02E
:10D4E00002C02FEF3FEFC901DF91CF911F91FF9055
:10D4F000EF90DF90CF90BF90AF909F908F90089566
:10D500000F931F93CF93DF93EC018B01E8DD01961E
:10D5100011F0CE0183DFB801CE01FDDE81E090E0A5
:10D52000DF91CF911F910F910895AF92BF92CF924B
:10D53000DF92EF92FF920F931F93CF93DF93CDB7BC
:10D54000DEB77C015B01CDB6DEB60E94B2F6019675
:10D550002DB73EB7281B390B0FB6F8943EBF0FBE50
:10D560002DBF0DB71EB70F5F1F4FB701C8010E9437
:10D57000ABF6B501C80140DE0FB6F894DEBE0FBEB3
:10D58000CDBEDF91CF911F910F91FF90EF90DF9073
:10D59000CF90BF90AF9008950F931F93CF93DF93D9
:10D5A000CDB7DEB7A0970FB6F894DEBF0FBECDBFE4
:10D5B00000E010E04AE050E0B80183E193E00E940F
:10D5C00029FB4AE050E06EE371E083E193E00E94C2
:10D5D000D9F6892BA9F44CE050E0B80183E193E03F
:10D5E0000E9429FB10930301009302018091020124
:10D5F000909103010D96909301018093000106C064
:10D600000F5F1F4F033F2FE01207A1F68091020129
:10D61000909103018F3F2FEF9207E9F0BE016F5FFA
:10D620007F4F85EF9DE381DF019699F061EF7DE308
:10D63000CE0101960E94A2F6009729F410922003D1
:10D6400010921F0308C081E090E090932003809324
:10D650001F0380E090E0A0960FB6F894DEBF0FBEE7
:10D66000CDBFDF91CF911F910F91089595DF019666
:10D6700011F45BDC91CF0895AF92BF92CF92DF920D
:10D68000EF92FF920F931F93CF93DF93CDB7DEB747
:10D690007C015B01CDB6DEB60E94B2F601962DB7D5
:10D6A0003EB7281B390B0FB6F8943EBF0FBE2DBFF7
:10D6B0000DB71EB70F5F1F4FB701C8010E94ABF631
:10D6C000B501C8011DDF0FB6F894DEBE0FBECDBE9A
:10D6D000DF91CF911F910F91FF90EF90DF90CF904E
:10D6E000BF90AF900895CF92DF92EF92FF920F9389
:10D6F0001F93CF93DF93CDB7DEB77C01CDB6DEB6F7
:10D700000E94B2F601962DB73EB7281B390B0FB613
:10D71000F8943EBF0FBE2DBF0DB71EB70F5F1F4F52
:10D72000B701C8010E94ABF6C80178DE0FB6F894C5
:10D73000DEBE0FBECDBEDF91CF911F910F91FF9046
:10D74000EF90DF90CF900895CF92DF92EF92FF920B
:10D750000F931F93CF93DF93CDB7DEB77C01CDB688
:10D76000DEB60E94B2F601962DB73EB7281B390BE4
:10D770000FB6F8943EBF0FBE2DBF0DB71EB70F5F9B
:10D780001F4FB701C8010E94ABF6C801A8DC0FB655
:10D79000F894DEBE0FBECDBEDF91CF911F910F91E9
:10D7A000FF90EF90DF90CF900895DB01FC0140E007
:10D7B00050E0BA01A230B10584F0208130E0322F70
:10D7C00022278181280F311D20953095420F531F4C
:10D7D000611D711D12973296EDCF119751F4808122
:10D7E00090E0982F882780959095480F591F611DCC
:10D7F000711DDB01CA01AA27BB27AB01662777276A
:10D80000480F591F6A1F7B1FDB01CA01AA27BB27CC
:10D81000AB0166277727840F951FA61FB71F0895B2
:10D8200089279827892708958091710E882319F0F8
:10D8300081508093710E80917C0E882319F0815065
:10D8400080937C0E0895E7E6FEE01286158A62E07A
:10D8500084E19CE60C94E584EF92FF920F931F9372
:10D86000CF93DF938C01EB018C899D89FAD58130B0
:10D87000910559F0029709F083C04C8D5D8D6E8D36
:10D880007F8DE7E6FEE02EE171C04EA15FA168A5A5
:10D8900079A58091170190911801A0911901B0917B
:10D8A0001A01481759076A077B0709F069C082E027
:10D8B00090E0D7D59D8B8C8BFE017696CE014C9651
:10D8C000DF012D9119962C931997A817B907C9F75D
:10D8D00024E0E22E21E0F22E9701D9014D919D0125
:10D8E0004193E817F907C9F74C8D5D8D6E8D7F8DDB
:10D8F0004EA35FA368A779A7409117015091180123
:10D900006091190170911A014C8F5D8F6E8F7F8F1E
:10D91000FE01CE01069626812193D7012D917D012E
:10D9200025838E179F07B9F7BE01C801DF91CF91FC
:10D930001F910F91FF90EF9004C622877E0186E130
:10D94000E80EF11C80E090E0D7013D917D018F0150
:10D95000080F191FD80114963C9301968630910543
:10D9600099F73B96BEE0ED37FB0751F0808191813E
:10D97000A281B38184179507A607B70791F7DDCF7A
:10D98000DF91CF911F910F91FF90EF9008952F920B
:10D990003F924F925F926F927F928F929F92AF923F
:10D9A000BF92CF92DF92EF92FF920F931F93CF938C
:10D9B000DF93CDB7DEB71B012C01742E652E8DB61B
:10D9C0009EB68091710E882369F04091670E509148
:10D9D000680E6091690E70916A0E2416350646062F
:10D9E0005706E1F090917C0E992381F04091720EE0
:10D9F0005091730E6091740E7091750E2416350659
:10DA00004606570621F581E090E00AC021E090E04B
:10DA1000811101C020E0C22ED92E1DC080E090E00F
:10DA2000E72DF62D2BE0289FA001299F500D1124F2
:10DA300080E090E0DC01A40FB51FA959B14F149606
:10DA40002C912193019686309105A1F7A9C0C12C94
:10DA5000D12C81110CC08BE08C9DF0018D9DF00DBF
:10DA60001124E959F14F20823182428253828DB7CD
:10DA70009EB78A970FB6F8949EBF0FBE8DBF0DB7A5
:10DA80001EB70F5F1F4F81E090E0EBD4D8011F96C7
:10DA90009C938E931E9780E098E0E3D4F801918BDD
:10DAA000808B86E0828B84E0838B81E090E0D9D408
:10DAB000D80155969C938E93549790961C9290976C
:10DAC00091961C92919792961C92929793961C9283
:10DAD000939794961C92949795961C92F80126A27F
:10DAE00037A240A651A684E0E82E81E0F82E769673
:10DAF0009801245E3F4FC701DC014D91CD01419358
:10DB0000E217F307C9F7409117015091180160918E
:10DB1000190170911A01F801448F558F668F778F24
:10DB2000C80106963FEF3193D7012D917D012583E2
:10DB3000E817F907C1F786E098E093D4F8019587D4
:10DB40008487B8018AE290E0FCD40E941D857C01A4
:10DB5000FF2441E064E670E0C7010E9441858BE04C
:10DB60008C9D50018D9DB00C1124C5018F58914F93
:10DB70006C01D6018C918823B1F0E72DF62D80E061
:10DB800090E0DC01AA0DBB1DA959B14F14962C9150
:10DB90002193019686309105A1F7C7010E947D85EA
:10DBA00080E090E015C0C7010E946285892B31F4A6
:10DBB000C7010E947D8581E090E00AC0C7010E94F4
:10DBC0006285C297B1F6B8018AE290E0BAD4D1CFAB
:10DBD0000FB6F8949EBE0FBE8DBEDF91CF911F9100
:10DBE0000F91FF90EF90DF90CF90BF90AF909F90FC
:10DBF0008F907F906F905F904F903F902F900895FF
:10DC0000CF93DF93FC01D62FC72F85811F928F936F
:10DC100084811F928F9383811F928F9382811F92A1
:10DC20008F9381811F928F9380811F928F9383E0C6
:10DC30009EE39F938F937F936F930E943EF88DB7DF
:10DC40009EB740960FB6F8949EBF0FBE8DBF8D2F26
:10DC50009C2FDF91CF910895E0E0F0E0D901AE0F65
:10DC6000BF1F9C919F3F59F03196D901AE0FBF1F46
:10DC70009C91E90FF11D3196E036F1057CF3D90155
:10DC8000AE0FBF1F8533B9F130F4823309F43FC0C2
:10DC90008333E9F162C0873309F44DC0B8F18D33A5
:10DCA00009F05BC08C9387E011968C93119781E00B
:10DCB00012968C9312978091040113968C9313976C
:10DCC0008091050114968C93149780910601159606
:10DCD0008C9315978091070116968C9316978091D7
:10DCE000080117968C9380910901DF011896A20F05
:10DCF000B31F399631C08C9381E011968C93DF016C
:10DD00001296A20FB31F33964C9327C086E38C93D1
:10DD100084E011968C93119712964C931297139658
:10DD20005C93139714966C93DF011596A20FB31FA3
:10DD300036967C9312C08C9383E011968C93119746
:10DD400091E012969C93129713968C93DF01149690
:10DD5000A20FB31F359686E08C93D901AE0FBF1F7B
:10DD60008FEF8C93CF0101960895AF92BF92CF921F
:10DD7000DF92EF92FF920F931F93CF93DF93AC014B
:10DD800090E020E030E05A018CE0A80EB11C8A013E
:10DD9000005F1F4F7A0184E1E80EF11C6A0188E000
:10DDA000C80ED11C4C5F5F4FFB01E20FF31F808157
:10DDB0008F3F09F443C02F5F3F4FEB01C20FD31FCA
:10DDC000863001F158F48130B1F0833071F5F901FA
:10DDD0003196E60FF71F84E0DA011AC0853321F18E
:10DDE0008633D9F0833309F5F9013196E60FF71F31
:10DDF00084E0D7010DC0F9013196E60FF71F84E0EA
:10DE0000D60106C0F9013196E60FF71F84E0D5016F
:10DE100001900D928A95E1F708C0F9013196E60F5D
:10DE2000F71F84E0D801F4CF99818881280F311D34
:10DE30002F5F3F4F203631050CF4B6CF892FDF918D
:10DE4000CF911F910F91FF90EF90DF90CF90BF90F7
:10DE5000AF900895CF93DF93EC0181E088838983AD
:10DE600086E08A831B82DE01149684E0E6E0F1E01E
:10DE700001900D928A95E1F7198618861B861A86FD
:10DE80001C861D861E861F86188A198A1A8A1B8A76
:10DE90001C8A1D8A1E8A1F8A188E198E1A8E1B8E46
:10DEA000A4E0B1E0FE017C96CE0182962D912193F3
:10DEB000E817F907D9F7DE019C96FE01E459FF4FF8
:10DEC0001D92AE17BF07E1F7DE01A451BF4F1192BB
:10DED000AE17BF07E1F743E652E863E573E64D93FB
:10DEE0005D936D937C931397FE01E051FF4FC05BF0
:10DEF000DE4FDF011192CE17DF07E1F78FEF8C9332
:10DF0000DF91CF910895CF92DF92EF92FF920F931E
:10DF10001F93CF93DF936C017B01EA01CB019ADF62
:10DF2000870100511F4F980143E050E060E070E02E
:10DF300085E392DE488959896A897B89980186E35D
:10DF40008BDE4C895D896E897F89980183E384DE4D
:10DF5000488159816A817B81980182E37DDE980145
:10DF600040E050E0BA018DE377DE980140E050E0F8
:10DF7000BA0187E371DEA70160E571E0C6010E9486
:10DF8000EF790E941D857C018FEFE816F80609F4F1
:10DF90005FC041E068EE73E0C7010E944185C601A1
:10DFA0000E9429788097A9F4C7010E947D85B80155
:10DFB000CE01DBDE8530C9F01F928F938DE39EE3A7
:10DFC0009F938F930E9417F80F900F900F900F90D0
:10DFD0003FC0C7010E946285892B09F7C7010E94D3
:10DFE0007D85C6010E946B7833C088819981AA81A2
:10DFF000BB818093170190931801A0931901B093EE
:10E000001A0188859985AA85BB8580931301909311
:10E010001401A0931501B09316018C819D81AE81EE
:10E02000BF8180930F0190931001A0931101B093D1
:10E0300012018C859D85AE85BF8580930B019093E1
:10E040000C01A0930D01B0930E0180E090E002C09E
:10E050008FEF9FEFDF91CF911F910F91FF90EF9086
:10E06000DF90CF900895AF92BF92CF92DF92EF9260
:10E07000FF920F931F93CF93DF937C016B015A01A3
:10E08000CB01E8DE860100511F4F980141E050E0CE
:10E0900060E070E085E3E0DD98014FEF5FEF6FE057
:10E0A00070E083E3D9DD980140E050E0BA018DE3F0
:10E0B000D3DD980140E050E0BA0187E3CDDDA60151
:10E0C00060E571E0C7010E94EF790E941D85EC01B7
:10E0D000CF3F8FEFD807C9F141E068EE73E0CE0182
:10E0E0000E944185C701B5D78097A9F4CE010E944F
:10E0F0007D85B801C50139DE8230C1F01F928F9352
:10E1000081E29EE39F938F930E9417F80F900F90E8
:10E110000F900F901AC0CE010E946285892B11F7D3
:10E12000CE010E947D85C701D6D70FC0F601808938
:10E130009189A289B389F50180839183A283B383F6
:10E14000C701AFD780E090E002C08FEF9FEFDF9173
:10E15000CF911F910F91FF90EF90DF90CF90BF90E4
:10E16000AF9008954F925F926F927F929F92AF927D
:10E17000BF92CF92DF92EF92FF920F931F93CF93B4
:10E18000DF93CDB7DEB7ADB6BEB640901701509065
:10E1900018016090190170901A01109217011092E5
:10E1A00018011092190110921A018DB79EB7489765
:10E1B0000FB6F8949EBF0FBE8DBF01966C018155BE
:10E1C00091400FB6F8949EBF0FBE8DBF01967C01A3
:10E1D0008C0120E531E043E450E06FEF7FEFCB01AD
:10E1E0000E94837A8C010F3F9FEF190771F08AE03C
:10E1F000982EA601B701C80136DF9A94992019F02C
:10E200000196B9F30DC0019659F44092170150924E
:10E2100018016092190170921A018FEF9FEF15C0DB
:10E22000A601B701C8016FDE8F3F2FEF920749F4B7
:10E2300040921701509218016092190170921A01D0
:10E2400004C0C80148D780E090E00FB6F894BEBE85
:10E250000FBEADBEDF91CF911F910F91FF90EF9058
:10E26000DF90CF90BF90AF909F907F906F905F9026
:10E270004F9008951F93CF93DF93FC0101900020EE
:10E28000E9F731979F01281B390BA901415051092A
:10E29000DB01A20FB31FFC01E20FF31F80E090E04F
:10E2A000ED0157FD0DC012911E3221F48C9380E0D8
:10E2B00090E002C01C930196415051091197F1CF93
:10E2C000A90137FF02C040E050E0F901E41BF50B63
:10E2D000AF01FB01E40FF51F80831982C90101968C
:10E2E000DF91CF911F9108956F927F928F929F92AD
:10E2F000AF92BF92CF92DF92EF92FF920F931F9354
:10E30000CF93DF93CDB7DEB78C016DB67EB68DB7F8
:10E310009EB7825D91090FB6F8949EBF0FBE8DBF68
:10E32000EDB7FEB731967F018DEC9AE1EDB7FEB700
:10E330009283818380E091E094D0F701938382837C
:10E3400081E090E08ED0F701958384831782168256
:10E350001186108613861286B701645F7F4FC8014D
:10E3600089DF6C01F701E80FF91F158681E08687C8
:10E370001786808B60910B0170910C0180910D01CB
:10E3800090910E01870122ED30E045E350E00E94BC
:10E39000837A5C018F3FFFEF9F0779F186010F5E63
:10E3A0001F4FA701B8010E94EF790E941D854C0103
:10E3B0008F3F2FEF920709F141E068EC70E00E9477
:10E3C0004185C50146D6809771F4C4010E947D85C0
:10E3D000C50181D6F7018281938122DA8F70992756
:10E3E000892B59F40EC0C4010E946285892B49F71C
:10E3F000C4010E947D85C5016ED66FEF7FEFCB0112
:10E400001CC0F5E0CF0ED11C0E0D1F1DF80182813E
:10E41000938106DAF801019761F08285938500DA2D
:10E42000FCE0CF0ED11CC80ED91E8601045F1F4F21
:10E43000EBCF64857585868597850FB6F8947EBE8B
:10E440000FBE6DBEDF91CF911F910F91FF90EF90A6
:10E45000DF90CF90BF90AF909F908F907F906F9004
:10E460000895892798278927089569279627692776
:10E4700078278727782708950F931F93CF93DF93EB
:10E48000CDB7DEB7C855D2400FB6F894DEBF0FBE89
:10E49000CDBFBE016F5F7F4F88E592E00E94F281A1
:10E4A0008C01892B09F441C080917D0E90917E0EE4
:10E4B000A0917F0EB091800E0196A11DB11D809399
:10E4C0007D0E90937E0EA0937F0EB093800E4091B0
:10E4D000810E5091820E6091830E7091840EC8015E
:10E4E000012E000CAA0BBB0B840F951FA61FB71F94
:10E4F0008093810E9093820EA093830EB093840E2E
:10E500008D859E85AEDF811528E0920749F0863023
:10E51000984059F4BE016F5F7F4FC8019DD905C077
:10E52000BE016F5F7F4FC80151D1C85ADD4F0FB692
:10E53000F894DEBF0FBECDBFDF91CF911F910F9139
:10E540000895CF92DF92EF92FF929B0140917D0E52
:10E5500050917E0E60917F0E7091800E4F5F5F4FE5
:10E560006F4F7F4F40937D0E50937E0E60937F0ED2
:10E570007093800EAC01092E000C660B770BC090D7
:10E58000810ED090820EE090830EF090840E4C0DA0
:10E590005D1D6E1D7F1D4093810E5093820E609312
:10E5A000830E7093840EB901FF90EF90DF90CF90AF
:10E5B0000C94C381CF93DF9328E030E0EB013D87DB
:10E5C0002C87A4E0B1E0FB012D912683EC01299179
:10E5D000CE012193D1E0AA30BD07B1F7DF91CF91F1
:10E5E0000895CF9380912503823069F4CFB7F894D2
:10E5F00081E0809325030E94B98882E090E00E9428
:10E60000284ECFBF13C08091210390912203A09187
:10E610002303B09124030196A11DB11D8093210312
:10E6200090932203A0932303B0932403CF910895E2
:10E63000CF9380912503813069F4CFB7F89482E0BD
:10E640008093250382E090E00E94EC4D0E94BC88FC
:10E65000CFBF13C08091210390912203A091230387
:10E66000B09124030196A11DB11D809321039093C5
:10E670002203A0932303B0932403CF910895CF9353
:10E68000DF93CDB7DEB7C855D2400FB6F894DEBFE2
:10E690000FBECDBF0E94698184E091E00E941F817E
:10E6A000BE016F5F7F4F88E592E00E94F281892B67
:10E6B000B9F74CE352E760E070E082E090E00E943E
:10E6C000FC4D81E0809325031092210310922203D8
:10E6D0001092230310922403ABDFC85ADD4F0FB60C
:10E6E000F894DEBF0FBECDBFDF91CF910895EF92BA
:10E6F000FF920F931F93CF93DF937C01FB0126853D
:10E700002F70F4E02F9F900111248901025F1F4FA9
:10E71000060F171FF8019081992309F443C0983020
:10E7200009F04DC0EB018A8D9B8DAC8DBD8D8E8F18
:10E730009F8FA8A3B9A38091170190911801A09170
:10E740001901B0911A018A8F9B8FAC8FBD8F198EE2
:10E75000188EB901CE010E9628D883DE998F888F46
:10E76000F801108211829281983F18F083818F5FA7
:10E770008383985FF8019283FE01A4E0B1E0CE01AB
:10E780000696268121932D912583E817F907C9F76D
:10E79000BE01C7010497DF91CF911F910F91FF90A8
:10E7A000EF90CFCEF801848195818D319C4A39F468
:10E7B00080910A01813019F482E080930A01DF918F
:10E7C000CF911F910F91FF90EF900895EF92FF92DC
:10E7D0000F931F93CF93DF938C01EB01EC88FD889F
:10E7E0008FEF9FE33EDE8E219F21892B09F046C0EB
:10E7F0008F898630F9F08131C1F1813009F03EC056
:10E800004E8D5F8D68A179A18091170190911801BB
:10E81000A0911901B0911A01481759076A077B079F
:10E8200069F5BE01C801DF91CF911F910F91FF9053
:10E83000EF905DCF4E8D5F8D68A179A1809117011A
:10E8400090911801A0911901B0911A014817590728
:10E850006A077B0799F4BE01C801DF91CF911F9130
:10E860000F91FF90EF900C949E8DBE01C801DF9137
:10E87000CF911F910F91FF90EF90DDC4DF91CF9169
:10E880001F910F91FF90EF900895BF92CF92DF926A
:10E89000EF92FF920F931F93CF93DF936B017C0155
:10E8A000B42EE80185E48E871F86C9014496D9DD20
:10E8B000998B888B8CEA9DE19B8B8A8B80E490E01E
:10E8C0009D8B8C8B8E8BBF8A198E188E8091170131
:10E8D00090911801A0911901B0911A018A8F9B8F14
:10E8E000AC8FBD8FCE8EDF8EE8A2F9A26E856F70E1
:10E8F00084E0689FB0011124C8010E960E94D56B78
:10E90000B0DD998F888FDF91CF911F910F91FF908C
:10E91000EF90DF90CF90BF9008956F927F928F928B
:10E920009F92AF92BF92CF92DF92EF92FF920F939E
:10E930001F93CF93DF936C01FC0101900020E9F756
:10E9400031973F01681A790A60E070E0CB01E12C51
:10E95000F12CC0E0D0E0C615D70530F524E0E21672
:10E96000F104A8F58824962EA72EB82E86010C0F48
:10E970001D1FC8010E9433F6092E000CAA0BBB0B09
:10E98000BC01CD01682979298A299B29F8012191A7
:10E990002E3221F42FEFE21AF20A04C02196C61596
:10E9A000D705A8F32196D7CF23E0E216F10479F436
:10E9B000DF91CF911F910F91FF90EF90DF90CF905B
:10E9C000BF90AF909F908F907F906F904ECD60E002
:10E9D00070E0CB01DF91CF911F910F91FF90EF90ED
:10E9E000DF90CF90BF90AF909F908F907F906F906F
:10E9F0000895CF93DF93D42FC52F1F929F931F921B
:10EA00008F931F927F931F926F9389E59EE39F934D
:10EA10008F935F934F930E943EF88DB79EB70C96ED
:10EA20000FB6F8949EBF0FBE8DBF8D2F9C2FDF9128
:10EA3000CF910895CF92DF92EF92FF920F931F93A1
:10EA4000CF93DF93CDB7DEB7E3970FB6F894DEBF71
:10EA50000FBECDBF85E190E40E94A46B019671F0DA
:10EA6000BE016F5F7F4F81E190E40E94956A4CE0A8
:10EA700050E064E071E0CE010196BDD600DEC090AA
:10EA80000901D0900801E0900701F0900601009183
:10EA90000501109104010E9465811F92CF921F927F
:10EAA000DF921F92EF921F92FF921F920F931F927D
:10EAB0001F939F938F9385EC9FE39F938F930E9467
:10EAC00017F80E94888288EB9FE39F938F930E94A0
:10EAD00017F80FB6F894DEBF0FBECDBF0E947E823E
:10EAE0008111FCCF8AEA9FE39F938F930E9417F8CE
:10EAF0000E94236C81E99FE39F938F930E9417F8F4
:10EB000014D387E69FE39F938F930E9417F80E9488
:10EB1000018D8CE39FE39F938F930E9417F887E307
:10EB20009FE30E94A46B0FB6F894DEBF0FBECDBF6B
:10EB30000196B9F489E190E49F938F930E9417F8AE
:10EB400011DB0F900F90892B19F48BE590E402C034
:10EB50008EE390E49F938F930E9417F80F900F908D
:10EB6000BAC0BE016F5F7F4F82E39FE30E94956A48
:10EB70006FE27FE3CE0101960E94A2F6892B09F095
:10EB80005AC089E190E49F938F930E9417F8EADAC4
:10EB90000F900F90892BC9F28EE390E49F938F938F
:10EBA0000E9417F8BE016F5F7F4F8EE790E40E94CE
:10EBB000956ACE010196B1DE60931701709318013A
:10EBC0008093190190931A01BE016F5F7F4F89E70F
:10EBD00090E40E94956ACE0101969FDE6093130136
:10EBE000709314018093150190931601BE016F5F1D
:10EBF0007F4F80E790E40E94956ACE0101968DDEFA
:10EC000060930F0170931001809311019093120192
:10EC1000BE016F5F7F4F85E790E40E94956ACE0149
:10EC200001967BDE60930B0170930C0180930D01C4
:10EC300090930E0193CFBE016F5F7F4F8EE790E4FC
:10EC40000E94956A019659F0CE01019666DE6093A6
:10EC50001701709318018093190190931A01BE0156
:10EC60006F5F7F4F89E790E40E94956A019659F0A3
:10EC7000CE01019652DE60931301709314018093CC
:10EC8000150190931601BE016F5F7F4F80E790E4FE
:10EC90000E94956A019659F0CE0101963EDE60937E
:10ECA0000F01709310018093110190931201BE0126
:10ECB0006F5F7F4F85E790E40E94956A019659F057
:10ECC000CE0101962ADE60930B0170930C018093B4
:10ECD0000D0190930E0160911701709118018091C0
:10ECE000190190911A01AE014F5F5F4F82DE9F9331
:10ECF0008F938CE19FE39F938F930E9417F860910D
:10ED00001301709114018091150190911601AE01CB
:10ED10004F5F5F4F6EDE9F938F9389E09FE39F93DA
:10ED20008F930E9417F860910F01709110018091EC
:10ED3000110190911201AE014F5F5F4F5ADE9F9318
:10ED40008F9386EF9EE39F938F930E9417F86091B5
:10ED50000B0170910C0180910D0190910E01AE019B
:10ED60004F5F5F4F46DE9F938F9383EE9EE39F93AB
:10ED70008F930E9417F8BE016F5F7F4F8FED9EE368
:10ED80000E94956A0FB6F894DEBF0FBECDBF019604
:10ED900009F457C06CED7EE3CE0101960E94A2F605
:10EDA000892B09F04EC088EB9EE39F938F930E94BE
:10EDB00017F8BE016F5F7F4F80EB9EE30E94956A5C
:10EDC0000F900F900196A9F1CE0101960E9433F6A3
:10EDD0008C01BE016F5F7F4F86EA9EE30E94956AB9
:10EDE000CE0101969ADD9801AE014F5F5F4F38D09A
:10EDF000892BE1F4CE0181960E948A8539A12AA14E
:10EE00009BA18CA11F923F931F922F931F929F93C0
:10EE10001F928F9389E89EE39F938F930E9417F828
:10EE20000FB6F894DEBF0FBECDBF0BC087E79EE3E1
:10EE300002C085E69EE39F938F930E9417F80F9080
:10EE40000F90E3960FB6F894DEBF0FBECDBFDF91F3
:10EE5000CF911F910F91FF90EF90DF90CF90089589
:10EE60004F925F926F927F92AF92BF92CF92DF925A
:10EE7000EF92FF920F931F93CF93DF93CDB7DEB73F
:10EE8000C156D1090FB6F894DEBF0FBECDBF2B011E
:10EE90003C018A0159018BE391E49F938F930E9477
:10EEA00017F80F900F90411451046104710481F41C
:10EEB0000115110519F48FEF9FEFB5C0C80114DAE1
:10EEC0002B013C018FEF481658066806780699F327
:10EED000FE0131966F018F0120E330E04BE750E0F7
:10EEE000C301B20110D37C01019629F3AE014F5C3E
:10EEF0005F4FC301B2017DDD9F938F938BE191E45E
:10EF00009F938F930E9417F880E3F60111928A95E0
:10EF1000E9F78BE18983A60160E370E0C7015FD266
:10EF200084E091E49F938F930E9417F80E941D85BF
:10EF30006C010F900F900F900F900F900F908F3FDC
:10EF4000FFEF9F0709F4B7CF41E06CED75E00E9439
:10EF5000418581EF90E49F938F930E9417F80F9063
:10EF60000F90C70176D0809709F03FC0C6010E947C
:10EF70006285892BD1F1C70180D0C0979CF169A52A
:10EF80007AA58BA59CA50E940DF62B013C01CE0114
:10EF9000815B9F4F0E948A85A1964CAE5DAE6EAE9E
:10EFA0007FAEA197C5010C96499720F46996AFAE44
:10EFB000699703C069961FAE6997CE01815B9F4F29
:10EFC0000E94BF85CE01815B9F4F0E949E858DED83
:10EFD00090E49F938F930E9417F80F900F9000E09A
:10EFE00010E013C08EEB90E408C0C6010E94628559
:10EFF000892B09F0B6CF8BE990E49F938F930E9401
:10F0000017F80F900F900FEF1FEFC6010E947D853C
:10F01000C70161D081E890E49F938F930E9417F815
:10F02000C8010F900F90CF59DF4F0FB6F894DEBF95
:10F030000FBECDBFDF91CF911F910F91FF90EF9049
:10F04000DF90CF90BF90AF907F906F905F904F9088
:10F0500008958330910574F42FB7F89438E1389F00
:10F06000F001399FF00D1124EB57F14F8081918110
:10F070002FBF08958FEF9FEF08958330910574F4AB
:10F080002FB7F89438E1389FF001399FF00D112423
:10F09000EB57F14F828993892FBF08958FEF9FEF30
:10F0A000089583309105A4F42FB7F89438E1389F80
:10F0B000F001399FF00D1124EB57F14F138A128A9A
:10F0C00080E190E0918380832FBF80E090E00895FD
:10F0D0008FEF9FEF08958330910524F52FB7F894B3
:10F0E00038E1389FF001399FF00D1124EB57F14FB3
:10F0F00080819181892B91F011821082128213827A
:10F10000148215821186108617821682138A128A3B
:10F11000118A108A158A148A178A168A2FBF80E0EE
:10F1200090E008958FEF9FEF089580E090E0D3DFA7
:10F1300081E090E0D0DF82E090E0CDCF9F92AF926F
:10F14000BF92CF92DF92EF92FF920F931F93CF93D4
:10F15000DF937C01FC0186858F70970144E0849FDA
:10F16000200D311D1124F9013E966F019FB6F894D0
:10F1700005E81EE0C0E0D0E0F801A680B780F60107
:10F18000828193816ED9A816B90609F03DC0F801B5
:10F19000A084B184F6018081918163D9A816B90653
:10F1A000E1F1F80180859185892B71F58281938148
:10F1B000A481B581892B8A2B8B2B31F588E18C9F1B
:10F1C00080018D9F100D112498012B57314F59014B
:10F1D000F701828D938DA48DB58DF9018283938380
:10F1E000A483B583F601808191813BD9F501918794
:10F1F0008087D801A157B14FF701369686E001907C
:10F200000D928A95E1F709C02196085E1F4FC33021
:10F21000D10509F0B1CFCFEFDFEF9FBECE01DF9177
:10F22000CF911F910F91FF90EF90DF90CF90BF9003
:10F23000AF909F9008958F929F92AF92BF92CF927E
:10F24000DF92EF92FF920F931F93CF93DF938B0187
:10F25000FB01C685CB0172DF6C01019609F478C011
:10F26000CF70C80124E0C29F800D911D1124FC01C4
:10F270003E967F0184819581F4D8089709F468C08F
:10F28000F801C685CF70F4E0CF9FE00111244E0154
:10F2900026E1820E911C28E12C9DC0012D9D900D30
:10F2A0001124EC01CB57D14FAE88BF88A114B10413
:10F2B000C9F0F70184819581D4D8BC0168507109E7
:10F2C000C801880D991DF501099580E190E09983A9
:10F2D0008883198618861A821B821C821D821B8ACB
:10F2E0001A8A36C088819981409791F5F701848107
:10F2F0009581B7D84889598908978417950738F4B4
:10F30000F70184819581ADD8AC014850510988E15D
:10F310008C9DF0018D9DF00D1124EB57F14F538B17
:10F32000428B80E290E091838083B801680D791D63
:10F3300084899589DF91CF911F910F91FF90EF9074
:10F34000DF90CF90BF90AF909F908F900C94E6F697
:10F35000DF91CF911F910F91FF90EF90DF90CF90B1
:10F36000BF90AF909F908F900895EF92FF920F9370
:10F370001F93CF93DF938330910544F5EA017B011E
:10F380002E852F7034E0239FC00DD11D11242E96A1
:10F3900028E1289F8001299F100D11240B57114F40
:10F3A000F801808591855DD89B838A83F8018681E9
:10F3B000978157D8998388831F821E82C701089638
:10F3C00050D89D838C8380E090E002C08FEF9FEF48
:10F3D000DF91CF911F910F91FF90EF9008954F9281
:10F3E0005F926F927F928F929F92AF92BF92CF92D5
:10F3F000DF92EF92FF920F931F93CF93DF93CDB7DE
:10F40000DEB75C016B013A014DB65EB683E0A8162B
:10F41000B1040CF03FC0E5D846019AE2890E911C78
:10F42000EDB7FEB7E819F9090FB6F894FEBF0FBEA5
:10F43000EDBF8DB79EB701967C0185E4F701868705
:10F440008DB79EB78B96A601B3010E94E6F6960192
:10F45000285F3F4F88E18A9D30018B9D700C1124FD
:10F46000F301EB57F14F62817381848195818701AC
:10F4700041E10BDAA701B601C50177DFB701C3018E
:10F480008157914F97D8B701C4015BD8D1D880E09C
:10F4900090E002C08FEF9FEF0FB6F8945EBE0FBEF4
:10F4A0004DBEDF91CF911F910F91FF90EF90DF90B4
:10F4B000CF90BF90AF909F908F907F906F905F9014
:10F4C0004F9008952FB7F8948091850E9091860EF5
:10F4D000892B79F080919D0E90919E0E892B61F081
:10F4E0008091B50E9091B60E892B49F482E090E0A0
:10F4F00008C080E090E005C081E090E002C08FEF9E
:10F500009FEF2FBF08957F928F929F92AF92BF92ED
:10F51000CF92DF92EF92FF920F931F93CF93DF93DF
:10F520004B015C01EA0169017FB6F894CBDF7C01F5
:10F530008FEFE816F80609F47DC088E18E9DF00192
:10F540008F9DF00D1124EB57F14F80E190E09183F6
:10F550008083D187C087C334D10529F484E490E047
:10F560009783868304C0C095D095D783C68388E1EE
:10F570008E9DA0018F9D500D1124FA01EB57F14F84
:10F5800082829382A482B582138A128AD18AC08A27
:10F59000158B048B178A168A8FEF88169806A80693
:10F5A000B80659F18091130190911401A0911501B1
:10F5B000B0911601009117011091180120911901C5
:10F5C00030911A01082519252A253B2508231923DE
:10F5D0002A233B23012B022B032BE9F480959095E2
:10F5E000A095B09595018401082319232A233B2374
:10F5F00080179107A207B30741F48FEF82878387B3
:10F60000848785878687878715C07FBE4157514F7E
:10F61000C501B4010BC07FBE4157514F60910F012E
:10F620007091100180911101909112010E94C76C9C
:10F630007FB6F8947FBEC701DF91CF911F910F91E4
:10F64000FF90EF90DF90CF90BF90AF909F908F9002
:10F650007F9008958091CD0E813019F0823089F02D
:10F6600021C08091CE0E9091CF0E0E942D51181680
:10F670001906C4F48091CE0E9091CF0E0E941F51B6
:10F680000FC08091CE0E9091CF0E0E94A3941816B9
:10F69000190644F48091CE0E9091CF0E0E94B8943A
:10F6A00090E008958FEF9FEF0895E4E3F5E28BE19A
:10F6B00091E0918380839383828395838483EDECAF
:10F6C000FEE08FEF808386E293E09483838316824B
:10F6D000158208958091CD0E8230C9F48091D20EAA
:10F6E0009091D30E892B79F06091D20E7091D30E48
:10F6F0008091CE0E9091CF0E4091D00E5091D10EB0
:10F7000020E00E945C931092D30E1092D20E0895C6
:10F71000CF93C82F8091CD0E813019F0823049F0FF
:10F7200023C08091CE0E9091CF0E6C2F0E9410516D
:10F730001BC08091D20E9091D30E8038910509F4B0
:10F74000C9DF2091D00E3091D10E8091D20E9091D0
:10F75000D30EAC014F5F5F4F5093D30E4093D20E48
:10F76000F901E80FF91FC08380E090E0CF91089580
:10F770001F93CF93DF93182FEB01ACDFEDECFEE08E
:10F780001083D283C18316821582DF91CF911F919E
:10F790000895CF93DF93EC019DDF87E0EDECFEE071
:10F7A000DE0101900D928A95E1F7DF91CF910895E6
:10F7B000CF93DF93EC018EDF87E0FE01ADECBEE07E
:10F7C00001900D928A95E1F7DF91CF910895982FDE
:10F7D00080ED890F8A3070F08FE9890F863010F440
:10F7E00089EA05C08FEB890F863018F489EC890F00
:10F7F00008958FEF0895AF92BF92CF92DF92EF926C
:10F80000FF920F931F93CF93DF937C016B018A01CB
:10F81000000F111FA12CB12CF7018081882301F169
:10F82000A016B10624F5E501D595C795A0FC06C044
:10F83000CC0DDD1DCCDF8295807F05C0C8DFCC0DEF
:10F84000DD1D9881890F88838FEFA81AB80AF70108
:10F8500031967F0181918A33E1F38D32D1F3DCCF90
:10F8600081E00A151B0509F480E0819501C08FEF46
:10F87000DF91CF911F910F91FF90EF90DF90CF908C
:10F88000BF90AF90089580E090E0FC01EE0FFF1F65
:10F89000EE0FFF1FEC52F14F118210820196803162
:10F8A000910599F7089520E030E0F901EE0FFF1F70
:10F8B000EE0FFF1FEC52F14F40815181481759075D
:10F8C00081F040815181452B39F49183808373838A
:10F8D000628380E090E008952F5F3F4F2031310533
:10F8E00021F78FEF9FEF0895E091A603F091A70312
:10F8F000EE0FFF1FEE0FFF1FEC52F14F8081918141
:10F90000892B21F41092A7031092A603E091A6037D
:10F91000F091A703EE0FFF1FEE0FFF1FEC52F14F08
:10F920000190F081E02D09958091A6039091A703A5
:10F9300001969093A7038093A6030895AF92BF9278
:10F94000CF92DF92EF92FF920F931F93CF93DF93AB
:10F95000CDB7DEB727970FB6F894DEBF0FBECDBF89
:10F960005C01CE01019615DF60E070E081E000DF10
:10F97000F50181818F9380818F938AE192E49F9337
:10F980008F930E9417F8A6DECE01019611DF8BE05F
:10F9900092E40E944298F501808191810E94119821
:10F9A00084E092E40E944298F501EA5BFD4F608199
:10F9B0007181828193810E94919881E092E40E94FA
:10F9C000429808E411E00F900F900F900F90E12CF7
:10F9D000F12CF801C580D680C114D10409F475C09A
:10F9E000F80160817181F501808191810E94A2F608
:10F9F000095F1F4F892B09F064C083ED91E49F9349
:10FA00008F930E9417F80F900F9087E08E9DF00162
:10FA10008F9DF00D1124E85BFE4F8481813031F021
:10FA200040F0823049F48FEC91E408C08AEC91E414
:10FA300005C080EC91E402C08CEB91E49F938F931E
:10FA40000E9417F80F900F90DF92CF9283E791E416
:10FA50009F938F930E9417F83DDE87E08E9DF00103
:10FA60008F9DF00D1124E85BFE4F42815381F5011B
:10FA7000E65BFD4F21E0B601808191810E945C939D
:10FA8000CE01019686DE60E070E081E071DEC601A5
:10FA9000DD0CAA0BBB0BBF93AF939F938F9382E5B3
:10FAA00091E49F938F930E9417F814DECE01019684
:10FAB0007FDE0FB6F894DEBF0FBECDBF81E090E0D1
:10FAC00006C09FEFE91AF90A84CF8FEF9FEF2796C0
:10FAD0000FB6F894DEBF0FBECDBFDF91CF911F915F
:10FAE0000F91FF90EF90DF90CF90BF90AF9008956F
:10FAF000EF92FF920F931F93CF93DF93EC018C0152
:10FB00008881F8018823C9F080838881853289F44F
:10FB10007E01F2E0EF0EF11C898159DE8295807F33
:10FB2000F80180838A8153DEF8019081892B8083DC
:10FB3000E7010F5F1F4F2196E3CF1082DF91CF9136
:10FB40001F910F91FF90EF900895DF92EF92FF9237
:10FB50000F931F93CF93DF93DC01FC01329620E0DB
:10FB600030E08191B9016F5F7F4F8F3239F0882388
:10FB700029F09B0161157240A1F796C02D5F3F4FA0
:10FB8000AD01420F531F11965C934E939B01C0E051
:10FB9000D0E02115F2E03F07CCF4FD01E20FF31FA6
:10FBA0008F010E5F1F4F92819F3341F41282E90152
:10FBB0002396CA0FDB1F2F5F3F4F05C09F7D19F4AF
:10FBC000F801108203C02F5F3F4FE3CF8D017D010D
:10FBD0008AEFE81A8DEFF80AF70111821082FD0111
:10FBE000E60FF71F8281811105C062E170E6CA014C
:10FBF0000E94ABF6209709F457C081E090E0F7012E
:10FC000091838083F801EA5DFD4FD183C083D801E1
:10FC1000A85FBD4F1196DC93CE9388818823B1F005
:10FC2000863291F41992F701808191819C012F5FB6
:10FC30003F4F31832083FC01EC5FFE4FEE0FFF1F2F
:10FC4000E00FF11FD183C0832196E7CFED0100E0E3
:10FC500010E080E2D82EF701808191810817190702
:10FC60001CF59E01E881F981FF8FEE8F808188234A
:10FC700049F08D3399F4DF011D92BF8FAE8F8181E2
:10FC800081110BC02296F9018081918131DF8C8D29
:10FC90009D8D2EDF0F5F1F4FDECFFD0180818B32E8
:10FCA00009F4D0823196E2CFDF91CF911F910F916D
:10FCB000FF90EF90DF900895AF92BF92CF92DF92C6
:10FCC000EF92FF920F931F93CF93DF935B01FC01A1
:10FCD000EA5FFD4FC080D1808C01085F1D4FC0E0FE
:10FCE000D0E0EE24EA94FF24FA94CC15DD0564F408
:10FCF000B501F801819191918F010E94A2F6892BA3
:10FD000009F47E012196F1CFC701DF91CF911F91B8
:10FD10000F91FF90EF90DF90CF90BF90AF9008953C
:10FD2000AF92BF92CF92DF92EF92FF920F931F9309
:10FD3000CF93DF936B01FC01EA5FFD4FE080F18020
:10FD4000EC01C85FDD4F00E010E0A12CB12C0E15D6
:10FD50001F056CF4B601899199910E94A2F6892B36
:10FD600019F4AA24AA94BA2C0F5F1F4FF0CFC50133
:10FD7000DF91CF911F910F91FF90EF90DF90CF9087
:10FD8000BF90AF900895FF920F931F93CF93DF938F
:10FD9000CDB7DEB727970FB6F894DEBF0FBECDBF45
:10FDA0008091F2059091F3058F3F2FEF9207C1F5F7
:10FDB00080E590E00E94FF8B9093F3058093F2051D
:10FDC0008F3F2FEF920709F4D1C021E02093AA05BD
:10FDD0001092ED051092EC051092AA031092A9035F
:10FDE0001092A8031092AF051092AE051092AB05C9
:10FDF00022E332E0829FF001839FF00D929FF00D8D
:10FE00001124E451F04F86819781A085B1858093BC
:10FE1000EE059093EF05A093F005B093F105A6C011
:10FE20000E942F8C803159F08FEF9FEF9093F30554
:10FE30008093F2051092AA051092AB0597C08091AD
:10FE4000AA05813009F065C012E001E083E0F82ED8
:10FE50008091F2059091F3050E94A394181619065B
:10FE60000CF084C08091F2059091F3050E94B89443
:10FE70008A3071F39091AB052091EC053091ED053E
:10FE8000911110C0A9014F5F5F4F5093ED05409352
:10FE9000EC05F901E855FC4F8283FA01E855FC4F67
:10FEA000128206C02F5F3F4F3093ED052093EC0583
:10FEB0008D3071F691111CC043E050E060E970E6AE
:10FEC0008AEA93E00E9476F6892B31F40093AB0521
:10FED00088EA93E03ADE0CC044E050E06BE870E65C
:10FEE0008AEA93E00E9476F6892B11F41093AB0511
:10FEF0008091AB05882341F08091EC059091ED0550
:10FF0000019711F4F092AA051092ED051092EC05FC
:10FF10009FCF833059F5CE0101963BDC6091F2050D
:10FF20007091F30582E024DC88EA93E084D00197A5
:10FF300069F088EA93E002DD019741F08DE190E6F7
:10FF40009F938F930E9417F80F900F90C3DBCE0101
:10FF500001962EDC8091F2059091F3050E94418C70
:10FF60008FEF9FEF9093F3058093F20527960FB6DE
:10FF7000F894DEBF0FBECDBFDF91CF911F910F91DF
:10FF8000FF9008950F931F93CF93DF9323D080E5C5
:10FF900090E00E94D08BC2EFD5E00FEF1FEF1983E6
:10FFA00008831F9280E58F938AE990E69F938F9351
:10FFB0000E9417F864E970E683EC9EE774DC19830D
:10FFC00008830F900F900F900F90DF91CF911F91AA
:10FFD0000F91089580E090E0FC01EE0FFF1FEE0FFF
:10FFE000FF1FEC5EF04F1182108201968E31910559
:10FFF00099F7089520E030E0F901EE0FFF1FEE0FB2
:020000021000EC
:10000000FF1FEC5EF04F408151814817590781F086
:1000100040815181452B39F49183808373836283BE
:1000200080E090E008952F5F3F4F2E31310521F79A
:100030008FEF9FEF0895EF92FF920F931F93CF934F
:10004000DF937C0104E11FE0C0E0D0E0F8016281B1
:1000500073816115710511F1F701808191810E9411
:10006000A2F6892BA9F48AE591E69F938F930E94CB
:1000700017F8CC0FDD1FCC0FDD1FCC5ED04FE88111
:10008000F981C70109950F900F9081E090E008C0B9
:1000900021960C5F1F4FCE31D105C1F68FEF9FEF38
:1000A000DF91CF911F910F91FF90EF90089584EC15
:1000B00090E69F938F930E9417F80F900F900895EA
:1000C00081EB90E69F938F930E9417F80F900F900B
:1000D0000895CF93DF93C62FDFB7F8942C986F71F4
:1000E000682B80E090E051D360E080E090E04DD359
:1000F000C7FF04C060E080E090E047D393E09A95AA
:1001000001F0E9F7C8952C9ADFBFDF91CF910895F0
:10011000CF93DF93D42FCFB7F8942C986F71682BBF
:1001200080E090E032D36D2F80E090E02ED383E02A
:100130008A9501F0E9F7C8952C9ACFBFDF91CF914E
:100140000895EF92FF920F931F93CF937C018B0141
:10015000CFB7F8942C986AE380E090E016D3A7011B
:10016000B80180E090E023D383E08A9501F0E9F7BD
:10017000C8952C9ACFBFCF911F910F91FF90EF9010
:100180000895DF92EF92FF920F931F93CF93DF9327
:100190008C01D62EE72EFFB6F8942C986AE780E003
:1001A00090E0F3D2CD2DDE2D0C0F1D1FC017D1070F
:1001B00029F0699180E090E0E8D2F8CF83E08A9559
:1001C00001F0E9F7C8952C9AFFBEDF91CF911F91FE
:1001D0000F91FF90EF90DF9008951F93CF93DF93DF
:1001E000182F1076C12FD0E080918E0F90E0C817A5
:1001F000D90779F043E06FE180EA8ADFAE0185E05C
:10020000559547958A95E1F76FE180E881DF109376
:100210008E0FDF91CF911F910895CF93C82FDDDF0F
:100220006C2F80E0CF9155CFCF93DF93C82FD62F7F
:10023000D4DF4D2F6C2F80E4DF91CF9169CFCF9326
:10024000DF93EC01688184EEEFDF698185EEECDFFE
:100250006A8182EEE9DF6B8183EEE6DF6C8180EEFE
:10026000E3DF6D8181EEDF91CF91DECFCF93DF931E
:10027000682F84EDD9DF61E082EDD6DF8AEECDDF35
:1002800080FDFCCF60E082EDCFDF88EDC6DFC82FB8
:10029000D0E089EDC2DF9E01382BC901DF91CF91FB
:1002A0000895CF93DF93D62FC72F682F84EDBCDF3F
:1002B0006D2F86EDB9DF6C2F87EDB6DF8AEEADDFEF
:1002C00080FDFCCFDF91CF91089582E7A6DF90E01B
:1002D000089580E090E049D2249A2C9A4FEF60E094
:1002E0008FEF16DF8DE199DF80FFFCCF10928D0F2D
:1002F00010928C0F60E088E097DF60E089E094DF87
:1003000060E08CE091DF60E08DE08EDF6EEF8AE0F0
:100310008BDF67E18BE088DF60E084E085DF68E108
:1003200085E082DF61EA88E37FDF6DE080EC7CDFDF
:1003300060E081EC79DF63E088EC76DF42E362EC39
:1003400080E8E6DE62E186EC6FDF6CE087EC6CDF74
:1003500062E184EC69DF68E58AEC66DF62E08BECE1
:1003600063DF60E071E080E19CDF8FE136DF40EC2D
:100370006BE180E8CDDE44E06FE180E8C9DE66E74E
:1003800074E084E18ECF0F931F93CF93DF93EC0142
:100390008B018FE142DF83FDFCCF60E082E044DF30
:1003A00068E183E041DF6C2F86E03EDFCE01985E9E
:1003B000692F87E039DF40E060E08AE7A9DEB80115
:1003C000CE01DFDE40E86FE180E8A2DE40E86FE1C9
:1003D00080EA9EDE48E06FE180E8DF91CF911F91D7
:1003E0000F9196CEEF92FF920F931F93CF93DF93CF
:1003F0007C01EB018CE111DF86FF3BC060918C0F2B
:1004000080E012DF60918D0F81E00EDF60E08AE313
:1004100060DE90E090938D0F80938C0F60E08AE314
:1004200058DE20918C0F30918D0F382B30938D0F2B
:1004300020938C0F60E08AE34CDE082F10E060E030
:100440008AE347DE182B60E08AE343DE60E08AE35C
:1004500040DEE016F10694F460918C0F8CE0E4DE4F
:1004600060918D0F8DE0E0DE40E46EE180E850DECB
:100470003CC089E3D2DE8111C1CF37C0BE01C801C3
:1004800060DE89E0CADEE82EF12CFE2CEE2488E046
:10049000C4DEE82A8BE0C1DEC82FD0E0DC2FCC27F9
:1004A0008AE0BBDEC82B60918C0F70918D0FCB0161
:1004B00001978E159F0518F0C817D90728F46C2FDF
:1004C0008CE0B2DE6D2F09C061508CE0ADDE809112
:1004D0008C0F90918D0F0197692F8DE0A5DE40E480
:1004E0006EE180E815DEC80102C080E090E0DF9197
:1004F000CF911F910F91FF90EF90089581E0B6DEAC
:10050000969587959695879521E082278170089525
:100510004CE06FE180EAFCDD80E0A8DEBC017E7F7C
:1005200080E0BFDE82EC79DE682F70E06E7F82ECC7
:100530007BDE65E184EC78DE62E186EC75DE6CE002
:1005400087EC72DE44E06FE180E8E2CD85B180693E
:1005500085B984B1806B84B9269880E58CBD81E033
:100560008DBD08958EBD0DB407FEFDCF8EB50895E7
:10057000FC0121912EBD9F01281B390B261737073F
:1005800028F421910DB407FEFDCFF4CF0DB407FE82
:10059000FDCF08951EBC680F791F8617970749F095
:1005A0000DB407FEFDCF1EBC2EB5FC012193CF017B
:1005B000F4CF0DB407FEFDCF08955D988AB1846233
:1005C0008AB954980895282F98E080E0880F27FF73
:1005D00002C05A9A01C05A9835E33A95F1F70000E3
:1005E0005D9A35E33A95F1F700004C9981605D988A
:1005F000220F915059F70895680F791F68177907EE
:10060000B9F0FC013191CF0128E037FF02C05A9ABE
:1006100001C05A98F5E3FA95F1F700005D9A45E3B9
:100620004A95F1F70000330F5D98215071F7E6CF3E
:1006300008955A98FC01680F791F90E06E177F07A4
:1006400091F088E0990F25E32A95F1F700005D9A73
:1006500025E32A95F1F700004C9991605D9881504F
:1006600089F79193EBCF0895CF931092900F10924A
:100670008F0FC2E0C4BD092E000CAA0BBB0B2227B2
:10068000382F492F5A2F60E074E284EF90E00E94E7
:10069000E2F527BD84E085BDC0936E00CF9108953B
:1006A0001F920F920FB60F9211240BB60F922F9339
:1006B0003F934F935F936F937F938F939F93AF93EA
:1006C000BF93EF93FF93E0918F0FF091900F3097CE
:1006D00009F00995FF91EF91BF91AF919F918F9193
:1006E0007F916F915F914F913F912F910F900BBE32
:1006F0000F900FBE0F901F90189520918F0F309183
:10070000900F2817390731F0232B31F49093900F75
:1007100080938F0F8FEF089580E00895843030F438
:10072000E82FF0E0EF53FE498491DFC00895843054
:1007300030F4E82FF0E0EF53FE4984910CC10895A6
:100740000F931F93CF9301EC11E6C0E0F801649181
:1007500081E040D08C2FEBDF0F5F1F4FCF5FC430A5
:10076000A9F7CF911F910F9108958230910564F4FC
:100770002AE0289FF001299FF00D1124EA53FE4F33
:100780000190F081E02D09940895823091056CF478
:100790002AE0289FF001299FF00D1124EA53FE4F13
:1007A0000280F381E02D862F099480E008959B015B
:1007B0008230910574F46AE0689FF001699FF00D42
:1007C0001124EA53FE4F0680F781E02DBA01C901DA
:1007D00009940895962F9770669566956695613091
:1007E00039F138F0623009F442C0633009F45DC079
:1007F00079C0813061F441B121E030E0B90102C03B
:10080000660F771F9A95E2F7CB01842B0FC08230D9
:1008100009F068C041B121E030E0B90102C0660FC3
:10082000771F9A95E2F7CB018095842381B95AC04E
:10083000813061F444B121E030E0B90102C0660FBB
:10084000771F9A95E2F7CB01842B0FC0823009F015
:1008500049C044B121E030E0B90102C0660F771F02
:100860009A95E2F7CB018095842384B93BC081300F
:1008700061F447B121E030E0B90102C0660F771F93
:100880009A95E2F7CB01842B0EC0823059F547B11F
:1008900021E030E0B90102C0660F771F9A95E2F7B8
:1008A000CB018095842387B91DC0813061F44AB1A2
:1008B00021E030E0B90102C0660F771F9A95E2F798
:1008C000CB01842B0EC0823069F44AB121E030E0C4
:1008D000B90102C0660F771F9A95E2F7CB018095A8
:1008E00084238AB98FEF90E00895282F277086958A
:1008F000869586958130C9F070F0823001F18330A1
:1009000039F53BB181E090E001C0880F2A95EAF704
:10091000832B8BB91DC032B181E090E001C0880FFC
:100920002A95EAF7832B82B913C035B181E090E0B4
:1009300001C0880F2A95EAF7832B85B909C038B121
:1009400081E090E001C0880F2A95EAF7832B88B9EF
:100950008FEF90E00895282F2770869586958695CD
:100960008130D9F078F0823019F1833059F53BB1FC
:1009700081E090E001C0880F2A95EAF780958323F3
:100980008BB920C032B181E090E001C0880F2A9578
:10099000EAF78095832382B915C035B181E090E0F4
:1009A00001C0880F2A95EAF78095832385B90AC08C
:1009B00038B181E090E001C0880F2A95EAF7809570
:1009C000832388B98FEF90E008951F93CF93DF932F
:1009D000EC01162F0E94DE4E80E090E0FC01EE0F4D
:1009E000FF1FEE0FFF1FE754F04F208131812C17BE
:1009F0003D07A1F001968830910581F780E090E0F5
:100A0000FC01EE0FFF1FEE0FFF1FE754F04F208198
:100A10003181232B39F4D183C08312830E94E44EA9
:100A200080E007C001968830910551F70E94E44E9E
:100A30008FEFDF91CF911F910895CF93DF930E94A5
:100A4000DE4EC0E0D0E085E08C9FF0018D9FF00D80
:100A50001124EF56F04F9481963041F410821182A8
:100A6000128213820E94E44ECE0108C02196C83043
:100A7000D10551F70E94E44E8FEF9FEFDF91CF91A8
:100A80000895FF920F931F93CF93DF938C01EB0197
:100A9000F42E0E94DE4ECE01A0E0B0E025E0209FC3
:100AA000F001219FF00D1124EF56F04F80839183C8
:100AB000A283B383F482DF91CF911F910F91FF90B6
:100AC0000C94E44ECF92DF92EF92FF927C010E9451
:100AD000DE4E85E08E9DF0018F9DF00D1124EF56C6
:100AE000F04FC080D180E280F3800E94E44EC601C6
:100AF000FF90EF90DF90CF90089525E0AC01249F08
:100B0000C001259F900D1124FC01EF56F04F86E0A7
:100B100084830895CF93DF93EC010E94DE4E83E13E
:100B2000E9EDFFE0DE0101900D928A95E1F70E9468
:100B3000E44E80E090E0DF91CF910895CF93DF9372
:100B4000EC010E94DE4E83E1FE01A9EDBFE00190C1
:100B50000D928A95E1F70E94E44E80E090E0DF91EB
:100B6000CF910895613011F4845E0895673008F0E4
:100B7000615060FD02C08FE108958EE108954F92AB
:100B80005F926F927F928F929F92AF92BF92CF921D
:100B9000DF92EF92FF920F931F93CF93DF9300D0DA
:100BA00000D000D0CDB7DEB79E838D83DC011E96CA
:100BB0008D919D910D90BC91A02D89839A83AB83DB
:100BC000BC83ED81FE81A185C684D784E088F1884D
:100BD0000A2E000CBB0B20E13EE00E9423F6C60E5D
:100BE000D71EE81EF91EC686D786E08AF18A8CE6F3
:100BF00097E090878783668577858089918920E84B
:100C0000C22E21E5D22EEE24E394F12CA701960109
:100C10000E94E2F52B013C01ED81FE81668577851E
:100C200080899189A70196010E94E2F569017A0104
:100C300089013CE3832E912CA12CB12CC301B2017C
:100C4000A50194010E94E2F5AD81BE8111966C93DD
:100C5000C301B20120E13EE040E050E00E94E2F535
:100C6000722EA50194010E94E2F5ED81FE8122839E
:100C70007382C601019667E070E00E94BBF5848331
:100C800024E630E0E0E9F1E0AD81BE8117968D9178
:100C90009C91189783709927892BB9F417968D9199
:100CA0009C911897B9010E94BBF5892B59F4AD812D
:100CB000BE8117968D919C911897BF010E94BBF53C
:100CC000892B19F48EE691E002C08DE691E00817B9
:100CD000190788F1AD81BE8117968D919C91189767
:100CE00083709927892BB9F417968D919C91189749
:100CF000B9010E94BBF5892B59F4AD81BE811796CD
:100D00008D919C911897BF010E94BBF5892B19F416
:100D10008EE691E002C08DE691E0081B190BAD81D3
:100D2000BE8117968D919C911897019618969C9369
:100D30008E931797A9CFED81FE81168284E6E82E67
:100D4000F12C90E9C92EDD24D394ED81FE8126811A
:100D50008781908583709927892B99F48781908565
:100D6000B7010E94BBF5892B71F487819085B6018C
:100D70000E94BBF5AC0191E0452B09F090E0892F72
:100D800003C080E001C081E0622FECDE90E0AD8125
:100D9000BE810817190790F116962C911697179691
:100DA0008D919C91189783709927892BB9F4179688
:100DB0008D919C911897B7010E94BBF5892B81F406
:100DC000ED81FE8187819085B6010E94BBF5AC0163
:100DD00091E0452B09F090E0892F03C080E001C02D
:100DE00081E0622FBFDE081B1109AD81BE8116961E
:100DF0008C9116978F5F16968C93A7CF16968C9131
:100E000016978F5F16968C9316970F5F15960C9317
:100E1000159716968C911697833028F016968C911C
:100E200021E08B3008F020E0ED81FE818581348166
:100E300090E0831B910949976CF08481811103C074
:100E40008381823038F0AD81BE8116968C918A30D4
:100E500039F466C0ED81FE818681833009F460C07B
:100E6000222309F45DC0AD81BE8152968C915297C8
:100E7000882309F455C013968C9113978F5F1396AE
:100E80008C93139713968C911397883109F048C06F
:100E900013961C92139714968C9114978F5F149647
:100EA0008C93149714968C911497873011F41496A0
:100EB0001C92ED81FE8115812681215087819085CC
:100EC00083709927892BA9F48781908564E670E067
:100ED0000E94BBF5892B79F48781908560E971E0E8
:100EE0000E94BBF5AC0191E0452B09F090E0892F01
:100EF00003C080E001C081E0622F34DE18130BC014
:100F0000AD81BE8115961C92159716968C911697F9
:100F10008F5F16968C93ED81FE8185818F5F85832F
:100F200089819A81AB81BC81ED81FE81868797871B
:100F3000A08BB18B26960FB6F894DEBF0FBECDBF47
:100F4000DF91CF911F910F91FF90EF90DF90CF90A5
:100F5000BF90AF909F908F907F906F905F904F90D9
:100F6000089580E090E026E0FC01EE0FFF1FEE0FF9
:100F7000FF1FE754F04F11821082228301968830C0
:100F8000910591F780E090E035E026E0389FF00190
:100F9000399FF00D1124EF56F04F1082118212820A
:100FA0001382248301968830910581F71092E30F14
:100FB0001092E40F1092E50F1092E60F1092E70FD7
:100FC0001092E80F1092E90F1092EA0F1092E20FC0
:100FD00081E08093EB0F89ED9FE0D1DD60E070E070
:100FE00084E690E00E94BA4E88EF97E80C94174F81
:100FF0000F931F93CF93DF938091D90F8F5F8093CF
:10100000D90F8091D90F843609F04EC01092D90FB4
:101010008091DA0F8F5F8093DA0F8091E30F9091C8
:10102000E40FA091E50FB091E60F0196A11DB11D4F
:101030008093E30F9093E40FA093E50FB093E60F36
:101040008091E70F9091E80FA091E90FB091EA0F1E
:101050000196A11DB11D8093E70F9093E80FA09317
:10106000E90FB093EA0F8091DA0F8C33F9F4109204
:10107000DA0F8091DB0F8F5F8093DB0F8091DB0FA6
:101080008C33B1F41092DB0F8091DC0F8F5F809373
:10109000DC0F89ED9FE073DD8091DC0F883151F426
:1010A0001092DC0FC5E007C0C1E005C0C2E003C07C
:1010B000C3E001C0C4E000E010E0D1E0F801EE0FB1
:1010C000FF1FEE0FFF1FE754F04F8281C81748F053
:1010D000C23010F0D38305C013820190F081E02D5F
:1010E00009950F5F1F4F0830110541F780E090E030
:1010F000FC01EE0FFF1FEE0FFF1FE754F04FDF0163
:1011000013962381213049F41C920190F081E02D47
:10111000099580E090E025E005C0019688309105B2
:1011200039F7F7CF289FF001299FF00D1124EF56D2
:10113000F04F3481C317A0F04081518162817381E7
:10114000452B462B472B61F0408151816281738191
:10115000415051096109710940835183628373834E
:10116000019688309105F1F6DF91CF911F910F9193
:10117000089510922901089581E08093290108952E
:1011800020E030E082E392E0289FF001299FF00DFB
:10119000389FF00D1124E451F04F4081411104C0FB
:1011A00046895789452B41F02F5F3F4F233031054A
:1011B00059F78FEF9FEF0895C90108958F929F927D
:1011C000AF92BF92CF92DF92EF92FF920F931F9355
:1011D000CF93DF937C01FC0186858F708701F4E05B
:1011E0008F9F000D111D1124025F1F4F812C912C28
:1011F00082E3C82E82E0D82E8C9CE0018D9CD00D1D
:101200009C9CD00D1124C451D04F888181110AC0FB
:101210008FEF881A980A93E08916910469F78FEF87
:101220009FEF23C0AA80BB80F801808191810E943A
:101230003172A816B90661F7AC80BD80F8018281D1
:1012400093810E943172A816B90611F74E815F8111
:1012500068857985F701828D938DA48DB58D4817AA
:1012600059076A077B07A1F6C401DF91CF911F914F
:101270000F91FF90EF90DF90CF90BF90AF909F9035
:101280008F900895AF92BF92CF92DF92EF92FF922C
:101290000F931F93CF93DF937C01FC01C68570DF12
:1012A0005C01019609F478C0CF70870184E0C89F83
:1012B000000D111D1124025F1F4FF80180819181E3
:1012C0000E94317222E332E0A29E6001A39ED00C04
:1012D000B29ED00C1124E601C451D04F9B838A8367
:1012E000F801828193810E9431729D838C83F70182
:1012F000828D938DA48DB58D8E839F83A887B987AA
:10130000F80164817581868197810E943572DC01C4
:10131000CB0180959095A095B0958A879B87AC87E7
:10132000BD87F80164817581868197810E9435723D
:101330006E877F87888B998B19828EE190E09F8BD7
:101340008E8B1A8E1B8E1C8E1D8E6AE070E080E0E4
:1013500090E00E9435726E8F7F8F88A399A388A535
:1013600099A50E946667F801868597850E9431726B
:101370009B8B8A8B1D8A1C8AD601A25FBF4EF70108
:10138000369686E001900D928A95E1F788A599A599
:101390000E946667198E188EC501DF91CF911F914B
:1013A0000F91FF90EF90DF90CF90BF90AF90089596
:1013B0005F926F927F928F929F92AF92BF92CF92E5
:1013C000DF92EF92FF920F931F93CF93DF936C0105
:1013D000562E7A015901E80182E392E0C89E40014D
:1013E000C99E900CD89E900C112484010451104F7A
:1013F000F80186819781A085B1858E8B9F8BA88F00
:10140000B98F8091170190911801A0911901B091A5
:101410001A018A8F9B8FAC8FBD8F1E8E86E08F8FB7
:101420003A01F4E26F0E711CC3010E94317299A35C
:1014300088A3D80114968D919C9115970E943172C2
:101440009BA38AA3F801828193810E9431729DA39C
:101450008CA3D8011A966D917D918D919C911D97C9
:101460000E9435726EA37FA388A799A7F8016685AD
:101470007785808991890E9435726AA77BA78CA79E
:101480009DA780E98EA75FA6C5010E94317299AB26
:1014900088AB1BAA1AAA1DAA1CAAD8015E966D9138
:1014A0007D918D919C9191970E9435726F5F7F4FD6
:1014B0008F4F9F4F0E943572F801668F778F80A300
:1014C00091A3CE018296FE01F69620E1DF011D92E6
:1014D0002A95E9F7F8012081213019F522E02EAB99
:1014E00034E03FAB28AF19AE428D538D648D758DBE
:1014F000452B462B472BB1F128E02AAF2AE02BAF32
:10150000F401E65FFF4E24E0DE01DC9601900D92CF
:101510002A95E1F7DC015E96F401EA5FFF4E84E074
:101520001DC0F801828D938DA48DB58D892B8A2BDA
:101530008B2BC1F088E08EAB8AE08FABF401E65FC5
:10154000FF4E84E0DE01D89601900D928A95E1F776
:10155000F401EA5FFF4E84E0DE01DC9601900D921B
:101560008A95E1F7B701605D7F4FCE0146960E94F4
:10157000D56B0E9431729BAB8AAB82E392E0C89E2E
:101580005001C99EB00CD89EB00C1124F501E45155
:10159000F04F66817781808591858E01930146E0C9
:1015A0000E944574BE01C501825F9F4E0E94DA729F
:1015B000BE01C7018A5B9F4FDF91CF911F910F91B1
:1015C000FF90EF90DF90CF90BF90AF909F908F9063
:1015D0007F906F905F900C94A1727F928F929F92F8
:1015E000AF92BF92CF92DF92EF92FF920F931F9331
:1015F000CF93DF93CDB7DEB7C654D1090FB6F894B9
:10160000DEBF0FBECDBF80912901813009F061C0DE
:10161000C12CD12C82E3A82E82E0B82E812C92E03E
:10162000992E21E7722ECA9CC001CB9C900DDA9CAA
:10163000900D11249C012451304F7901F9018689C4
:101640009789892B91F18081882379F186899789FF
:101650000197978B868B868997890A97A9F480A52D
:1016600091A50E94E1659401281B390B8E010F5F43
:101670001F4F40E050E061E1C6019ADEF701808132
:101680008131F8F470821DC0F90186899789892B10
:10169000C1F48E010F5F1F4F20E030E040E050E0CA
:1016A00064E0C60185DEF70109C0CA9CF001CB9C4D
:1016B000F00DDA9CF00D1124E451F04F178A168AD0
:1016C0001082FFEFCF1ADF0A23E0C216D10409F01F
:1016D000AACFCA5BDF4F0FB6F894DEBF0FBECDBFF7
:1016E000DF91CF911F910F91FF90EF90DF90CF90FE
:1016F000BF90AF909F908F907F900895CF92DF9290
:10170000EF92FF920F931F93CF93DF93EB018A0128
:10171000FA0126852F7064E0269F400D511D11248B
:10172000FA013E966F0122E332E0AC01429FC00114
:10173000439F900D529F900D1124FC01E451F04FF6
:101740007F0180A591A50E9480678C179D07ECF012
:10175000F80146854F70F6012485F70180A591A513
:10176000F4E04F9FA0011124425F5F4F207F30E0E3
:101770003595279535952795420F531F400F511FDB
:10178000BE010E94F565CE0102C08FEF9FEFDF9191
:10179000CF911F910F91FF90EF90DF90CF90089520
:1017A00020E030E0F901EE0FFF1FEE57F94E4081C7
:1017B0005181452B29F49183808380E090E0089546
:1017C0002F5F3F4F2430310569F78FEF9FEF08956A
:1017D00020E030E0F901EE0FFF1FEE57F94E408197
:1017E00051814817590741F02F5F3F4F2430310591
:1017F00089F78FEF9FEF089580E090E008950F93B1
:101800001F93CF93BC0120E030E04EE150E08FEF1A
:101810009FEFA2E3B2E0C0E12A9FF0012B9FF00D01
:101820003A9FF00D1124E451F04F04811581061701
:10183000170761F410811F3049F4068917890417CE
:10184000150720F446895789C083C9012F5F3F4F90
:101850002330310509F7CF911F910F9108958330FF
:10186000910568F422E332E0829FF001839FF00D3E
:10187000929FF00D1124E451F04F808108958FEF75
:101880000895AF92BF92CF92DF92EF92FF920F93A3
:101890001F93CF93DF93CDB7DEB7C654D1090FB6F0
:1018A000F894DEBF0FBECDBF8330910508F097C01E
:1018B00022E332E0829FA001839F500D929F500D42
:1018C00011249A012451304F6901F90120812031FE
:1018D00009F085C07C01B1D88C018F3FFFEF9F07D5
:1018E00009F47DC041E068EC70E0CBD856012FEFE1
:1018F000A21AB20AF5018081811137C0C801E2D86D
:10190000892B99F1C801F9D80E94F172F60180A5DE
:1019100091A50E94E16520E032E0281B390B8E0181
:101920000F5F1F4F40E050E061E1C70141DD81E7FB
:10193000F60180830E94187380D88C018F3FFFEFDF
:101940009F0709F44CC041E068EC70E09AD822E3AC
:1019500032E0E29EC001E39E900DF29E900D1124B4
:101960009C012451304F690118C0C801ABD8892BA4
:1019700009F0C0CF82E392E0E89EF001E99EF00D0D
:10198000F89EF00D1124E451F04F178A168A108248
:10199000C801B3D824C00E9418730E94F172F601E6
:1019A0008081811104C0C8018DD8892BA1F4C801A0
:1019B00089D8892B81F782E392E0E89EF001E99EC5
:1019C000F00DF89EF00D1124E451F04F178A168A9D
:1019D0001082118E108EC80190D80E941873CA5BB5
:1019E000DF4F0FB6F894DEBF0FBECDBFDF91CF91B2
:1019F0001F910F91FF90EF90DF90CF90BF90AF902D
:101A00000895CF92DF92EF92FF920F931F93CF939F
:101A1000DF9362E08DEE9AE80E94E58410928B16C7
:101A200010928A16A2E9B6E1E2E9F8E18DEC28E12C
:101A3000A239B20711F08D93FACF85E598E1EA3922
:101A4000F90711F08193FACF81E0809329010CEE20
:101A50001FE0C0E0D0E082E3E82E82E0F82E9CEDAB
:101A6000D92E25E5C22E60E072E0C8018A960E9458
:101A7000BA65CE9DF001CF9DF00DDE9DF00D1124D5
:101A8000E451F04F91A780A7178A168A1082CE01E1
:101A9000F8DE80E090E0F801E80FF91FD2A6019689
:101AA000811522E09207B9F780E090E0FC01E65D45
:101AB000FD4FE00FF11FC082019688309105B1F70C
:101AC00021960E5C1D4FC330D10569F6DF91CF9191
:101AD0001F910F91FF90EF90DF90CF90089522E338
:101AE00032E0FC01E29FC001E39F900DF29F900D58
:101AF00011248A5F9F4E41155105F9F0FB01308199
:101B0000313071F0D0F021816E5F7F4F383069F451
:101B100034E0FB01DC0101900D923A95E1F705C03C
:101B20006F5F7F4F41505109E6CF30E0F9013297A6
:101B30006E0F7F1F421B530BDECF08952F923F92F3
:101B40004F925F926F927F928F929F92AF92BF92CD
:101B5000CF92DF92EF92FF920F931F93CF93DF9379
:101B6000CDB7DEB72A970FB6F894DEBF0FBECDBF54
:101B70006B01DB011E968C918F70FB0124E0829F2C
:101B8000E00DF11D11243E961F01CB0117DB7C01F6
:101B9000D1011D968C911D9783711D968C93BFEF7B
:101BA000EB16FB0679F0F1010485007F10E0159536
:101BB000079515950795045111098585823009F01F
:101BC0008AC00BC0D10112968D919C9113970E94EF
:101BD0003172FEDD019639F742C4C60153DB7C0148
:101BE000019609F43CC422E332E0E29EC001E39E88
:101BF000900DF29E900D11249C012451304F5901FB
:101C0000D90114964D915C91159716966D917D9121
:101C10008D919C9119970E94C3C9811102C0F50151
:101C2000FDC3A801B1016C5E7F4FC70158DFD5012C
:101C30008C91813110F481E08C93F1018685978538
:101C40000E94317222E332E0E29EA001E39E500D39
:101C5000F29E500D11244451504F5A834983DA01AA
:101C600053969C938E935297FA0186859785A08907
:101C7000B1890196A11DB11D86879787A08BB18B75
:101C8000860120E032E040E050E062E1C70190DBF5
:101C9000E981FA8182859385A485B5850196A11D88
:101CA000B11D82879387A487B5878081813110F425
:101CB00084E0808382E392E0E89EF001E99EF00DEB
:101CC000F89EF00D1124E451F04F11828EE190E066
:101CD000978B868BC4C3FFEFEF16FF0609F4BFC3D3
:101CE00082E392E0E89EF001E99EF00DF89EF00D8F
:101CF0001124E451F04F8081813120F48EE190E095
:101D0000978B868BA801B1016C5E7F4FC701E7DE20
:101D1000D1011D968C911D97823109F04DC0189606
:101D20006D917D918D919C911B970E94357222E35C
:101D300032E0E29E8001E39E100DF29E100D112410
:101D40000451104FF8016287738784879587D1010A
:101D500014966D917D918D919C9117970E9435728B
:101D6000F80166877787808B918B86859785A08918
:101D7000B1890196A11DB11D86879787A08BB18B74
:101D8000D1011E968D919C911F970E943172F8018E
:101D9000938B828B8081803110F480E1808382E399
:101DA00092E0E89EF001E99EF00DF89EF00D1124FE
:101DB000E451F04F118253C3D60150968D919C91FE
:101DC00051970E94106CF60146854F70D1011C9608
:101DD0002C91207F30E03595279535952795B4E0F7
:101DE0004B9F200D311D11248C01021B130B280168
:101DF000612C712C22E332E0E29EC001E39E900D43
:101E0000F29E900D1124FC01E451F04F5F0180A57A
:101E100091A50E948067092E000CAA0BBB0B8415AC
:101E20009505A605B7050CF41AC3411451046104C5
:101E3000710409F47EC1D5011E962D913D914D91FD
:101E40005C91519729833A834B835C83F1016481D0
:101E50007581868197810E94357229813A814B81F3
:101E60005C81261737074807590709F0BDC0A6014E
:101E7000B801C70143DC0196A1F0D10114966D9120
:101E80007D918D919C9117970E943572DC01CB0159
:101E9000840D951DA61DB71DF50186879787A08B1C
:101EA000B18B82E392E0E89ED001E99EB00DF89EEE
:101EB000B00D1124A451B04F5896ED91FC91599753
:101EC000309731F098966D917C919997C70109955B
:101ED00022E332E0E29EC001E39E900DF29E900D5F
:101EE00011249C012451304F5901D90198968D91AC
:101EF0009C9199970E94E165812C32E0932E940188
:101F0000281B390B860140E050E060E1C70150DA40
:101F100080918C1690918D168E159F0509F05FC0EB
:101F200060918A1670918B166115710509F457C07E
:101F3000D5011E962D913D914D915C915197CB010C
:101F4000A0E0B0E0280F391F4A1F5B1F2F8338879E
:101F500049875A8720918E1630918F16409190169E
:101F600050919116820F931FA41FB51F2F813885A2
:101F700049855A85281739074A075B0739F5D5017E
:101F800098968D919C91999742E956E10E94F5654A
:101F900080918E1690918F16A0919016B091911607
:101FA000480E591E6A1E7B1EF50146865786608ABA
:101FB000718A80A591A50E94E1659401281B390BC7
:101FC00040E050E060E1C701F3D909C08091FA0513
:101FD0009091FB0501969093FB058093FA05109272
:101FE0008B1610928A16A5C0F50186859785A08963
:101FF000B189A3019201280F391F4A1F5B1F298352
:102000003A834B835C83D10114966D917D918D91C0
:102010009C9117970E943572460E571E681E791EB6
:1020200029813A814B815C8142165306640675060C
:1020300080F5D5011E964D905D906D907C905197E6
:10204000F10184819581A681B781F5018687978703
:10205000A08BB18B80A591A50E94E16520E032E0C4
:10206000281B390B860140E050E060E1C701A0D990
:10207000D5011E964D925D926D927C925197809102
:10208000F8059091F90501969093F9058093F8056C
:1020900050C080918A1690918B16892B09F040C010
:1020A000F60166856F70A62ED1011C96BC901C9718
:1020B00014966D917D918D919C9117970E94357228
:1020C00060938E1670938F1680939016909391164E
:1020D000F0928D16E0928C16B4E0AB9EB001112404
:1020E000625F7F4F8B2D807F90E0959587959595CA
:1020F0008795680F791F6C0D7D1DA80182E996E117
:102100000E94E6F610938B1600938A168091F605CE
:102110009091F70501969093F7058093F60509C015
:102120008091FA059091FB0501969093FB058093B1
:10213000FA05F1018585813009F0ABC022E332E078
:10214000E29EC001E39E900DF29E900D11249C0131
:102150002451304F5901D9018C91823721F5648186
:102160007581868197810E943572DC01CB010196D1
:10217000A11DB11DF50186879787A08BB18B80A526
:1021800091A50E94E16520E032E0281B390B860111
:1021900040E050E060E1C7010BD9D50157961C9291
:1021A0001E9256971C9222E332E0E29EC001E39E0B
:1021B000900DF29E900D1124FC01E451F04F5F014F
:1021C0008081813741F5D10114966D917D918D917A
:1021D0009C9117970E943572DC01CB010196A11DDD
:1021E000B11DF50186879787A08BB18B80A591A53E
:1021F0000E94E16520E032E0281B390B860140E0B7
:1022000050E060E1C701D4D8D50157961C921E92C8
:1022100056971C9227C08081803121F5D1011896F4
:102220006D917D918D919C911B970E943572DC017F
:10223000CB010196A11DB11DF50182879387A4876B
:10224000B58780A591A50E94E16520E032E0281BBA
:10225000390B860140E050E061E1C701A9D882E76F
:10226000D5018C9382E392E0E89EF001E99EF00DA7
:10227000F89EF00D1124E451F04F82859385A485DA
:10228000B5850196A11DB11D82879387A487B58767
:10229000E6C0F1018585813109F0A4C022E332E076
:1022A000E29EC001E39E900DF29E900D11249C01D0
:1022B0002451304F5901D9018C91823721F5648125
:1022C0007581868197810E943572DC01CB01019670
:1022D000A11DB11DF50186879787A08BB18B80A5C5
:1022E00091A50E94E16520E032E0281B390B8601B0
:1022F00040E050E060E1C7015BD8D50157961C92E1
:102300001E9256971C9222E332E0E29EC001E39EA9
:10231000900DF29E900D1124FC01E451F04F5F01ED
:1023200080818137B1F5D10114966D917D918D91A8
:102330009C9117970E943572DC01CB010196A11D7B
:10234000B11DF50186879787A08BB18BD1011896B7
:102350006D917D918D919C911B970E943572F50135
:10236000628773878487958780A591A50E94E16520
:1023700020E032E0281B390B860140E050E060E1AC
:10238000C70116D8D50157961C921E9256971C92DB
:1023900066C08081803109F062C0D10114966D91D0
:1023A0007D918D919C9117970E943572DC01CB0134
:1023B0000196A11DB11DF50186879787A08BB18B72
:1023C00080A591A50E94E16520E032E0281B390B31
:1023D000860140E050E061E1C7010E94D88982E7B0
:1023E000D50125C0F10185858031C9F582E392E0F0
:1023F000E89E8001E99E100DF89E100D11240451F5
:10240000104FD8018C91843029F48FE08C93119671
:102410001C9225C0F8018081823721F4178A168A20
:1024200010821DC0D8018081813719F482E78C9316
:1024300016C0F801C284D384E484F584D1011896CF
:102440006D917D918D919C911B970E943572C6165E
:10245000D706E806F90619F4F801158A148A2A96AF
:102460000FB6F894DEBF0FBECDBFDF91CF911F91A5
:102470000F91FF90EF90DF90CF90BF90AF909F9023
:102480008F907F906F905F904F903F902F90089526
:102490004F925F926F927F928F929F92AF92BF9274
:1024A000CF92DF92EF92FF920F931F93CF93DF9320
:1024B000CDB7DEB7C654D2400FB6F894DEBF0FBE1C
:1024C000CDBF6C017B015801039708F0DBC082E3AC
:1024D00092E0C89EF001C99EF00DD89EF00D112427
:1024E000E451F04F8081803109F0CCC0222349F0C3
:1024F000213009F0C7C0DE01A95BBF4F80E090E04A
:102500000DC0DE01A95BBF4FFA01CF01841B950B03
:102510008E159F056CF481918D93F7CF8E159F05D5
:102520003CF4FA01E80FF91FE491ED930196F6CF20
:102530002701F7FE02C0412C512C0E94F17222E3C8
:1025400032E0C29EC001C39E900DD29E900D112418
:10255000FC01E451F04F4F0180A591A50E94E16577
:10256000612C22E0722E9301281B390B8E010F5F24
:102570001F4FA70168E1C6010E94D889F40180A518
:1025800091A50E94E1659301281B390B40E050E0C2
:1025900060E1C6010E94D889F40182859385A485F3
:1025A000B585052C000C66087708840D951DA61DC1
:1025B000B71D82879387A487B587F58AE48A0E942E
:1025C00018730E941D858C01019609F45BC01A14D2
:1025D0001B04A4F041E06CE070E0C8010E9441855A
:1025E00022E332E0C29EC001C39E900DD29E900DA8
:1025F00011249C012050304F59010AC033E0A3162A
:10260000B10474F741E068EC70E0E7CF0E94187302
:102610000E94F172C8010E946285892B39F5C801B8
:102620000E947D8582E392E0C89EF001C99EF00D74
:10263000D89EF00D1124E451F04F82859385A48536
:10264000B58584199509A609B70982879387A48758
:10265000B5878091FC059091FD0501969093FD054D
:102660008093FC05EE24EA94FE2C08C0F5018081DD
:102670009181892B59F6C8010E947D850E941873AB
:10268000C70102C08FEF9FEFCA5BDD4F0FB6F89412
:10269000DEBF0FBECDBFDF91CF911F910F91FF9095
:1026A000EF90DF90CF90BF90AF909F908F907F90F2
:1026B0006F905F904F9008953F924F925F926F920C
:1026C0007F928F929F92AF92BF92CF92DF92EF92C2
:1026D000FF920F931F93CF93DF938330910508F000
:1026E0007EC0A2E3B2E08A9FF0018B9FF00D9A9F1B
:1026F000F00D1124E451F04F3081303109F06FC0FA
:10270000FB0177FF02C0E150FE4F322E2A01EB01A0
:102710007C016F2E65947F2E770C77084A01C12CBF
:10272000D12CA12CB12CA614B7041CF5C12CD12C92
:1027300081E090E0009731F42FEFA21AB20A8EEFF9
:10274000981AF1CF23E0C216D104B4F721E0231583
:1027500088F38601232DA40160E072E0C70198DEB2
:10276000019621F48FEFC81AD80AE2CF80E090E0FA
:10277000E1CF77FE02C0612C712C83E0C816D10432
:1027800019F4C7017ED82BC0CE019170892B11F4AA
:10279000CE0127C0762C6624770C460C571CCE0140
:1027A00060E072E00E94CFF56C01A12CB12C83E0B7
:1027B000A816B1047CF421E02315C8F38501232D6C
:1027C000A201B601C70164DE019621F48FEFA81AB9
:1027D000B80AEDCF23E0A216B104D1F6D2CF8FEF25
:1027E0009FEFDF91CF911F910F91FF90EF90DF90BE
:1027F000CF90BF90AF909F908F907F906F905F90A1
:102800004F903F9008958F929F92AF92BF92CF9238
:10281000DF92EF92FF920F931F93CF93DF93CDB789
:10282000DEB7C654D1090FB6F894DEBF0FBECDBFD8
:102830006C017B015A0183E0C816D10408F06DC019
:1028400082E392E0C89E8001C99E100DD89E100DB3
:1028500011240451104FF80180A591A50E94E16553
:10286000009709F45CC00E94F172F80180A591A55F
:102870000E94E165F801E816F9063CF480A591A5EF
:10288000A501B7010E94B5661BC080A591A50E9455
:10289000E1657C014501085D1F4FC4018A199B0950
:1028A0008E159F054CF4F801808191810E9431675B
:1028B000F40181934F01F1CFF7FE02C0E12CF12C1E
:1028C00082E392E0C89E8001C99E100DD89E100D33
:1028D00011240451104FF80180818031D1F480A57A
:1028E00091A50E94E1658F3F910509F094F4F801EC
:1028F00080A591A50E94E16520E032E0281B390BFC
:102900008E010F5F1F4F40E050E060E1C6010E9462
:10291000D8890E941873C70102C08FEF9FEFCA5B6E
:10292000DF4F0FB6F894DEBF0FBECDBFDF91CF9162
:102930001F910F91FF90EF90DF90CF90BF90AF90DD
:102940009F908F9008958330910578F422E332E0D0
:10295000829FF001839FF00D929FF00D1124E451AE
:10296000F04F80A591A50C94E1658FEF9FEF08953E
:10297000DF92EF92FF920F931F93CF93DF93CDB728
:10298000DEB7C654D1090FB6F894DEBF0FBECDBF77
:102990008330910510F080E03AC07C0182E392E040
:1029A000E89E8001E99E100DF89E100D112404513F
:1029B000104FF80180A591A50E94E165892B59F37C
:1029C0000E94F172F80180A591A50E943167D82E6E
:1029D000F80180818031C1F480A591A50E94E16554
:1029E000892B91F4F80180A591A50E94E16520E072
:1029F00032E0281B390B8E010F5F1F4F40E050E083
:102A000060E1C7010E94D8890E9418738D2DCA5BAE
:102A1000DF4F0FB6F894DEBF0FBECDBFDF91CF9171
:102A20001F910F91FF90EF90DF9008958F929F92EA
:102A3000AF92BF92CF92DF92EF92FF920F931F93CC
:102A4000CF93DF93CDB7DEB7C955D1090FB6F89450
:102A5000DEBF0FBECDBF4B015C018A010E94C08862
:102A60006C01019619F48FEF9FEF36C1809113012D
:102A700090911401A0911501B09116014091170198
:102A8000509118016091190170911A01482559253A
:102A90006A257B25482359236A237B23452B462B14
:102AA000472B09F04AC080959095A095B095B50147
:102AB000A401482359236A237B2384179507A6077B
:102AC000B70769F582E392E0C89EF001C99EF00D58
:102AD000D89EF00D1124E451F04F8FEF82A383A311
:102AE00084A385A386A387A30E94F172CE01895B8C
:102AF0009F4F0E948A8582E392E0C89EF001C99EA2
:102B0000F00DD89EF00D1124E451F04F81E0808348
:102B10008091F4059091F50562E372E039C082E39B
:102B200092E0C89EA001C99E500DD89E500D112460
:102B3000425F5F4EC501B40113C082E392E0C89EBC
:102B4000A001C99E500DD89E500D1124425F5F4ECA
:102B500060910F017091100180911101909112010B
:102B60000E94C76C019709F0BFCF7DCF20E030E114
:102B700040E050E0469FF001479FF00D569FF00D5A
:102B80001124E451F04F828193812817390749F4C9
:102B90009C01305121155EEE350740F72F5F3F4E07
:102BA000E7CF848195812817390791F34F5F5F4FF5
:102BB00043305105F9F63093F5052093F40542E3CF
:102BC00052E0C49EC001C59E900DD49E900D11246C
:102BD000AC014451504F7A01FA01358324831383A9
:102BE000028386829782A086B18687E899EAABEC59
:102BF000BDEE82879387A487B58716861786108ACD
:102C0000118A11828EE190E0978B868B80A591A529
:102C10000E946667F701138A128A158A148A118E38
:102C2000108E80A591A50E94E16520E032E0281B6E
:102C3000390B8E010F5F1F4F40E050E062E0C6018C
:102C40000E94D8890E9418730E941D858C010196EC
:102C500009F409CF41E064EF71E0C8010E944185A9
:102C60000E94F172F70180818031A1F4C8010E94B5
:102C70006285892B79F0C8010E947D858E010F5FE6
:102C80001F4F20E032E040E050E060E1C6010E94CA
:102C9000D8891FC0C8010E946285892BB9F482E3DC
:102CA00092E0C89EF001C99EF00DD89EF00D11244F
:102CB000E451F04F178A168A1082118E108EC801C7
:102CC0000E947D85CC24CA94DC2C03C00E9418731A
:102CD000C7CF0E941873C601C75ADF4F0FB6F894CA
:102CE000DEBF0FBECDBFDF91CF911F910F91FF903F
:102CF000EF90DF90CF90BF90AF909F908F9008950E
:102D0000CF93DF93109268008BB38BBB10926E0051
:102D100085B385BB10926F0086B386BB109270009E
:102D200087B387BB1092C100E0ECF0E08081808324
:102D30001092C900E8ECF0E08081808380E8809305
:102D4000BC001CBC78940E949A6580E090E00E94D0
:102D500002510E94557B60E070E081E00E94B87BE8
:102D600085EF91E69F938F930E9417F880EF91E68D
:102D70009F938F930E9417F8C1E0D2E6DF93CF9321
:102D80000E9417F889EE91E69F938F930E9417F89F
:102D9000DF93CF930E9417F80E94B18783EE91E6EC
:102DA0009F938F930E9417F8DF93CF930E9417F899
:102DB0000E94A0838AED91E69F938F930E9417F85B
:102DC000DF93CF930E9417F80E94366B83ED91E654
:102DD0009F938F930E9417F8DF93CF930E9417F869
:102DE0000E94E94D8CEC91E69F938F930E9417F817
:102DF000DF93CF930E9417F80E94437C85EC91E605
:102E00009F938F930E9417F8DF93CF930E9417F838
:102E10008DB79EB74E960FB6F8949EBF0FBE8DBF6E
:102E2000DF91CF91089580916E00887F80936E002E
:102E300080916F00897F80936F008091C1008F71B6
:102E40008093C1008091C9008F718093C9008091E7
:102E5000BC008A7F8093BC000FB6F894A89580913F
:102E60006000886180936000109260000FBE9CE05B
:102E700088E10FB6F894A895809360000FBE9093F8
:102E80006000FFCF0F931F93CF939091C6189111BD
:102E900002C081E034C0811104C0909113069111E9
:102EA000F8CFC82F06EC18E18091C618882389F363
:102EB00080E090E00E943B51049724F0C111F4CFD0
:102EC00080E01DC06091C61880E090E00E94105123
:102ED00081E09091C6189A3009F080E08093140642
:102EE000F80101900020E9F73197AF01465C5841A5
:102EF00067EC78E186EC98E10E9415F7D5CFCF9189
:102F00001F910F9108951F93CF93DF93CDB7DEB735
:102F100063970FB6F894DEBF0FBECDBF20911206A7
:102F2000211102C01092130610929C18009709F408
:102F300063C0813022E092070CF05EC02091C61879
:102F4000222351F0E6ECF8E101900020E9F73297F6
:102F500011E020812A3009F010E01170A6ECB8E1F0
:102F6000FD0101900020E9F73197E65CF841E80F98
:102F7000F91FCF0141968115944060F4111105C0ED
:102F800080911406882359F00CC0E35BFF4FE115D4
:102F9000F440B0F381E076DF8111F2CF2EC011232F
:102FA00049F1CE0101960E948A851FB7F894598194
:102FB0004A813B812C81E6ECF8E101900020E9F7A1
:102FC0001F925F931F924F931F923F931F922F93D5
:102FD00028E132E63F932F93CF0101979F938F9380
:102FE0000E943EF8109214061FBF0FB6F894DEBF81
:102FF0000FBECDBF81E001C080E063960FB6F894AC
:10300000DEBF0FBECDBFDF91CF911F91089580919C
:103010009C18882311F081E035CF81E080939C18C3
:1030200008951F93CF93DF930097A1F0EC01FC016B
:1030300001900020E9F7CF0101978C1B9D0B63DF06
:10304000882341F01FB7F894BE0186EC98E10E94F6
:103050005EF71FBFDF91CF911F910895CF93C82FC7
:1030600081E090E050DF882359F08FB7F894E6ECC8
:10307000F8E101900020E9F73197C08311828FBFFA
:10308000CF9108951F93CF93DF93009771F0EC01D8
:103090000E94B2F638DF882341F01FB7F894BE01D2
:1030A00086EC98E10E948CF61FBFDF91CF911F91B3
:1030B0000895DF92EF92FF920F931F93CF93DF93C8
:1030C000009739F1E72EF62E052F142FEC010E9400
:1030D000B2F60A9618DF8823E1F0DFB6F894E6EC42
:1030E000F8E101900020E9F7EF92FF920F931F9310
:1030F000DF93CF93CF0101979F938F930E943EF868
:10310000DFBE8DB79EB708960FB6F8949EBF0FBE70
:103110008DBFDF91CF911F910F91FF90EF90DF90C6
:103120000895CF92DF92EF92FF92CF936B017C01D3
:103130008FE090E0E8DE882371F0CFB7F8944EEF8F
:1031400055E0C701B6010E94F974BC0186EC98E114
:103150000E945EF7CFBFCF91FF90EF90DF90CF90AE
:1031600008950F931F93CF938C0181E190E0CBDE04
:10317000882369F0CFB7F8946EEF75E0C8010E941C
:10318000006EBC0186EC98E10E945EF7CFBFCF9144
:103190001F910F910895CF92DF92EF92FF920F93BC
:1031A0001F93CF93DF93EC017C01E60EF71EFC0129
:1031B00000E010E0EE15FF0539F0819180528F3567
:1031C000C8F70F5F1F4FF6CF6B01D694C794C01698
:1031D000D10678F4C8019695879596958795800FC6
:1031E000911F601B710B9B01220F331F620F731F16
:1031F00003C0CB01880F991F860F971F84DE80E0E4
:10320000CE15DF05F9F0C016D10670F49881905202
:103210009F3550F4811104C080E220DF87E21EDF79
:1032200088811CDF81E00CC0882311F087E216DF63
:10323000488150E060E070E082E192E63ADF80E0B1
:103240002196DECF882351F087E2DF91CF911F9145
:103250000F91FF90EF90DF90CF9000CFDF91CF9153
:103260001F910F91FF90EF90DF90CF90089581E034
:1032700009DE81E080931306109212060895809172
:103280001306809312060895109212060895109264
:10329000130610921206089580911306882329F0D0
:1032A0001092C61881E08093140681E08093130683
:1032B000109212060895CF93C1E0C093C518C09331
:1032C0009A181092C61810929D18C0939C181092CC
:1032D0009B1863E087E098E90E94E584C093140698
:1032E0001092130610921206CF9108958F929F921A
:1032F000AF92BF92CF92DF92EF92FF92FC0180805B
:103300009180A280B380FB01C080D180E280F380F5
:10331000F0E0811481EE980685EFA80685E0B806F6
:1033200050F4AAE0B0E0A50194010E9429F64B01F7
:103330005C01FF5FEECFE0E0C11481EED80685EFBF
:10334000E80685E0F80650F4AAE0B0E0A70196018F
:103350000E9429F66B017C01EF5FEECF8C149D0477
:10336000AE04BF0470F08C149D04AE04BF0439F4A5
:10337000EF1738F081E0FE1305C080E003C081E064
:1033800001C08FEFFF90EF90DF90CF90BF90AF9094
:103390009F908F900895FC013496DF010D900020DE
:1033A000E9F711979D012E1B3F0BDC019E96EC91D6
:1033B0004E2F50E04730510588F5FA01EA5BFF4F88
:1033C0000C9404F68DE01BC0DC019F96FD0101907A
:1033D0000020E9F73197EA1BFB0B2F5E1CC084E14C
:1033E0000EC086E10CC0DC019F96FD01019000201B
:1033F000E9F73197EA1BFB0B205F0DC083E1820FD9
:103400000895DC019F96FD0101900020E9F73197B6
:10341000EA1BFB0B225F822F8E0F08958FEF08951A
:103420000F931F93FC013896DF010D900020E9F700
:103430001197AE1BBF0BA80FB91F19960D911D91C7
:103440002D913C911C97DB011896FD010190002005
:10345000E9F73197EA1BFB0BE60FF71F4185528511
:1034600063857485041715072607370740F081E048
:10347000041715072607370719F480E001C08FEFFE
:103480001F910F9108954F925F926F927F928F924A
:103490009F92AF92BF92CF92DF92EF92FF920F93E3
:1034A0001F93CF93DF93CDB7DEB763970FB6F89432
:1034B000DEBF0FBECDBF7C015B01442EDB014D9111
:1034C0005D916D917C91FC0180819181A281B3819C
:1034D000F50180839183A283B383481759076A0754
:1034E0007B0759F4C70157DF55245394D50114962F
:1034F0009C91981304C0512C02C055245394C701C9
:103500004ADFF5018483D7019C968D919C919D970C
:10351000511008C055245394258136812817390746
:1035200009F4512CF50196838583D7019E968C91E1
:10353000511006C0552453949781981301C0512C03
:10354000F50187834501F8E08F0E911CC7010496B1
:103550006C01511009C0BC01C4010E9474F75524CC
:103560005394892B09F4512CB601C4010E947DF7B4
:10357000F60101900020E9F78F010C191D09080DD3
:10358000191DD701A05ABF4F3D01511012C055243B
:103590005394F80140815181628173818D919D9195
:1035A0000D90BC91A02D481759076A077B0709F4B5
:1035B000512CF30180819181A281B381F801819323
:1035C0009193A193B1936F01D7019E96EC918E2FA9
:1035D00090E08730910508F040C1FC01E35BFF4FAC
:1035E0000C9404F6F701BF964F01511009C0BF01BA
:1035F000C6010E9474F755245394892B09F4512C69
:10360000B401C6010E947DF7F40101900020E9F7A2
:10361000E819F909EC0DFD1DD701A55ABF4F51104E
:103620000BC055245394208131818D919C91119729
:103630002817390709F4512C8D919C91918380832F
:10364000D701A35ABF4F511007C0552453949281FC
:103650008C91981301C0512C8C9182836F0183E06F
:10366000C80ED11C02C1F701E95AFF4F511013C017
:1036700055245394D80114964D915D916D917C9190
:10368000179780819181A281B381481759076A07F2
:103690007B0709F4512C80819181A281B381F801CB
:1036A00084839583A683B783F701E55AFF4F5110B2
:1036B0000DC055245394D80118962D913C9119971B
:1036C000808191812817390709F4512C80819181DB
:1036D000F80191878087F701E35AFF4F511009C025
:1036E00055245394D8011A969C918081981301C057
:1036F000512C8081F8018287D7019E968C9185306C
:1037000029F06801BBE0CB0ED11CAFC0F701E25A33
:10371000FF4F51100DC055245394D8011B962D9185
:103720003C911C97808191812817390709F4512C0D
:1037300080819181F801948783876801FDE0CF0E35
:10374000D11C93C0C7018F964C01511009C0BC0118
:10375000C6010E9474F755245394892B09F4512C07
:10376000B401C6010E947DF7F40101900020E9F741
:10377000CF0188199909D601A80FB91FF701E55A99
:10378000FF4F51100BC0552453942D913C9111972C
:10379000808191812817390709F4512C808191810A
:1037A0008D939D936D0161C0F701E95AFF4F511050
:1037B00013C055245394D80114964D915D916D9189
:1037C0007C91179780819181A281B3814817590715
:1037D0006A077B0709F4512C80819181A281B38112
:1037E000F80184839583A683B783F701E55AFF4FD9
:1037F00051100DC055245394D80118962D913C9129
:103800001997808191812817390709F4512C8081FB
:103810009181F801918780876801FAE0CF0ED11C71
:1038200024C0C7018F964C01511009C0BC01C601CC
:103830000E9474F755245394892B09F4512CB40138
:10384000C6010E947DF7F40101900020E9F7CF0145
:1038500088199909C80ED91E08C0F801319710823D
:10386000D7019E961C9255245394C70194DD90E095
:10387000CA18DB08C816D906E9F75520C1F044205C
:10388000B1F0CE0101960E948A858F859889A98919
:10389000BA89F30180839183A283B3838F8598894A
:1038A000A989BA89F80180839183A283B383852D86
:1038B00063960FB6F894DEBF0FBECDBFDF91CF91F8
:1038C0001F910F91FF90EF90DF90CF90BF90AF903E
:1038D0009F908F907F906F905F904F900895EF92A0
:1038E000FF920F931F93CF93DF931F92CDB7DEB755
:1038F000F82E00E117E2EE24E394E9820E9443648B
:10390000811105C00E94D0648FEF9FEF16C040E088
:10391000BE016F5F7F4F8F2D0E941865882391F342
:103920008981811108C00E947F640150110929F723
:1039300080E090E002C081E090E00F90DF91CF91B5
:103940001F910F91FF90EF900895685F7F4F089649
:103950000C9426F70895CF93DF93EFB7F8948091F6
:10396000180690911906A0911A06B0911B0627EB34
:1039700082272DE1922721ECA22724E0B227880F8D
:10398000991FAA1FBB1F811D209116063091170693
:10399000E901C05CDA4D488150E0BC016F707727C7
:1039A00002C0440F551F6A95E2F7052E000C660B06
:1039B000770B84279527A627B7278093180690931F
:1039C0001906A0931A06B0931B062F5F3F4F309342
:1039D000170620931606EFBF80E0DF91CF91089580
:1039E00024E6FC0111922A95E9F70895EF92FF92DF
:1039F0000F931F93CF93DF93EC018B01F1DFF8015D
:103A000080819181A281B38188839983AA83BB83BA
:103A1000858196819DA78CA787818EA7085F1F4F00
:103A20007E01F4E0EF0EF11CB801C7010E947DF7A2
:103A3000D7010D900020E9F7AE19BF09A00FB11F03
:103A4000FD0141915191619171918F01FE01E05A07
:103A5000FF4F4083518362837383CE01825A9F4F0D
:103A6000FC01118210822EA5422F50E047305105F3
:103A700008F080C0FA01EC5AFF4F0C9404F67E0166
:103A8000FFE2EF0EF11CB801C7010E947DF7F701BC
:103A900001900020E9F7EE19FF09E00FF11F808186
:103AA0009181DE01A55ABF4F8D939C938281C35AA9
:103AB000DF4F888360C014964D915D916D917C912C
:103AC0001797FE01E95AFF4F408351836283738346
:103AD00018964D915C9119973496518340831A96AC
:103AE0003C911A97C35ADF4F3883253009F043C001
:103AF0001B962D913C911C97FC01318320833BC088
:103B00007E01FFE2EF0EF11CB801C7010E947DF7B4
:103B1000F70101900020E9F73197EE19FF09E00F56
:103B2000F11F81819281FE01E55AFF4F12C0149668
:103B30004D915D916D917C911797FE01E95AFF4F70
:103B4000408351836283738318968D919C9119975A
:103B50003496918380830AC0B801CE018F960E946B
:103B60007DF7FE01E55AFF4F11821082C35ADF4FE5
:103B7000188201C01EA6DF91CF911F910F91FF9077
:103B8000EF9008953F924F925F926F927F928F9243
:103B90009F92AF92BF92CF92DF92EF92FF920F93DC
:103BA0001F93CF93DF93CDB7DEB7C456D1090FB6BD
:103BB000F894DEBF0FBECDBF10921C0620E038E0A7
:103BC0005901A81AB90A30E4832E35E2932E332422
:103BD000339480913E2590913F258A159B0508F4EA
:103BE00059C000E010E020E4E22E25E2F22E9C0114
:103BF000205C3A4D6901EC14FD0408F5B701CE01D3
:103C00000196F4DE8DA580FD15C00115110559F052
:103C1000A5968CAD9DADAEADBFADA59784159505B0
:103C2000A605B70538F4A5964CAC5DAC6EAC7FAC80
:103C3000A5978701F7018481E80EF11CDCCF0115FF
:103C4000110531F18091C518823040F0F8014081B2
:103C500051816281738183E997E62BDAF8016481EF
:103C600070E040913E2550913F25461B570B5093E5
:103C70003F2540933E25C401801B910B480F591FDF
:103C8000600F711FC8010E9415F730921C06A1CF6A
:103C900080E001C081E0CC59DF4F0FB6F894DEBF61
:103CA0000FBECDBFDF91CF911F910F91FF90EF908D
:103CB000DF90CF90BF90AF909F908F907F906F904C
:103CC0005F904F903F9008959F92AF92BF92CF9296
:103CD000DF92EF92FF920F931F93CF93DF936C01CC
:103CE000962EC0E4D5E280913E2590913F25805CE0
:103CF0009A4DC817D90708F048C08C817E01E80E9C
:103D0000F11C8E0180913E2590913F25805C9A4D5B
:103D1000E816F90668F4B801C701F601911037C03A
:103D2000099587FD8701F7018481E80EF11CEACF30
:103D3000E016F10631F1F801E480F12CC70122DF31
:103D4000882349F180911C068111CBCF80913E25BB
:103D500090913F259C01205C3A4D5901A701B80183
:103D6000C9010E9415F7A8014C1B5D0BBE01CE01D5
:103D70008E0D9F1D0E9415F7A701B501CE010E946F
:103D800015F78C81C80FD11DAECF81E004C0099515
:103D9000181644F2C8CFDF91CF911F910F91FF9079
:103DA000EF90DF90CF90BF90AF909F9008950F93CA
:103DB0001F9320913E2530913F25A901405C5A4D2B
:103DC000E0E4F5E2E417F50768F40081118122814F
:103DD0003381061717072807390739F02481E20FC6
:103DE000F11DF0CF80E090E001C0CF011F910F9155
:103DF0000895FF920F931F93CF93DF93F42E8901C1
:103E0000D6DFEC01009779F00115110519F0BC011E
:103E1000C801ECDD81E0F11004C09F81911101C067
:103E200080E0817001C080E0DF91CF911F910F9100
:103E3000FF9008955F926F927F928F929F92AF92C0
:103E4000BF92CF92DF92EF92FF920F931F93CF9387
:103E5000DF93CDB7DEB7C456D1090FB6F894DEBFF5
:103E60000FBECDBF5C01562E3C0180E6680E711C72
:103E7000F501608171818281938199DF7C01C501A7
:103E80008ADA082FE114F104E9F410E0C8017ADEBF
:103E9000811102C08FEF72C041E0511040E060918B
:103EA0003E2570913F25605C7A4DC501ECDA80912A
:103EB0003E2590913F25080F191F10933F25009331
:103EC0003E2554C0F1E05F1220C0B701CE0101963B
:103ED0008DDDA5964CAD5DAD6EAD7FADA597F301C3
:103EE00080819181A281B38184179507A607B707C6
:103EF00050F02DA520FD07C0481759076A077B071A
:103F000021F480E03BC082E039C0F701C4800C1589
:103F100079F110E0D12C48018C189D08C40132DEE3
:103F2000882309F4B7CF80911C068111A1CF60903E
:103F30003E2570903F25A301405C5A4D4E195F0904
:103F40004C195D09B7016C0D7D1DC701800F911FD4
:103F50000E9415F7860C971C90923F2580923E2573
:103F600041E0511040E0B701C5018DDA81E006C0A3
:103F700041E0511040E0B701C50185DACC59DF4F6F
:103F80000FB6F894DEBF0FBECDBFDF91CF911F916A
:103F90000F91FF90EF90DF90CF90BF90AF909F90E8
:103FA0008F907F906F905F90089520E435E2FC0140
:103FB0003183208320913E2530913F25205C3A4D6E
:103FC0002054354261F058F0DC0112968AE0E0E4BA
:103FD000F5E201900D928A95E1F781E0089580E085
:103FE0000895AF92BF92CF92DF92EF92FF920F931C
:103FF0001F93CF93DF93EC017B016C0182E0C80E2D
:10400000D11C80E4A82E85E2B82E688179810091C8
:104010003E2510913F25005C1A4D6017710740F551
:104020004AE050E0C6010E94D9F6892B11F0B9820E
:10403000A88268817981C701D9DCE881F98184810E
:10404000E80FF11DF983E883E017F10730F48AE007
:10405000D60101900D928A95E1F7F7018081918157
:10406000A281B381892B8A2B8B2B79F281E001C04D
:1040700080E0DF91CF911F910F91FF90EF90DF9043
:10408000CF90BF90AF9008952F923F924F925F9242
:104090006F927F928F929F92AF92BF92CF92DF9258
:1040A000EF92FF920F931F93CF93DF93CDB7DEB7BD
:1040B000CD58D1090FB6F894DEBF0FBECDBF182F73
:1040C000062F82E196E69F938F930E9417F80F9038
:1040D0000F908091CE1C612F811102C0002369F0E6
:1040E00080E690E00E9443639F938F930E9417F8AD
:1040F0000F900F90011126C00AC081E690E00E9447
:1041000043639F938F930E9417F80F900F9089EE4F
:1041100095E69F938F930E9417F8612F82E690E0B7
:104120000E9443639F938F930E9417F880EE95E659
:104130009F938F930E9417F80F900F900F900F90FE
:104140000F900F90612F83E690E00E9443639F934E
:104150008F930E9417F8CE01019642DCCE018B5955
:104160009F4F0E948A85E7964CAC5DAC6EAC7FACED
:10417000E797CE0188589F4F18DF0F900F90882344
:1041800009F4CDC15E0135E0A30EB11C82E8282EF2
:1041900085E6382E9EEB892E93E6992E7E0180E3EC
:1041A000E80EF11C6E0194E8C90ED11C20E8421AF9
:1041B0002AE3520A29E0620A7108BE016F5F7F4F4D
:1041C000CE0188589F4F0DDF882309F473C1809179
:1041D000CE1C811105C08DA580FF02C0002369F3AC
:1041E0008FA581110BC0A5968CAD9DADAEADBFADB9
:1041F000A59784159505A605B705F8F28C818F93D0
:104200008B818F938A818F9389818F9322EC35E6FE
:104210003F932F930E9417F8BF92AF922FE935E694
:104220003F932F930E9417F88DA50FB6F894DEBF29
:104230000FBECDBF80FF13C0612F8BE690E00E94C0
:1042400043639F938F930E9417F88DE995E69F93A0
:104250008F930E9417F80F900F900F900F908DA5DD
:1042600081FF13C0612F8CE690E00E9443639F930F
:104270008F930E9417F88BE995E69F938F930E9486
:1042800017F80F900F900F900F908FA5853099F42D
:10429000612F8EE690E00E9443639F938F930E946C
:1042A00017F889E995E69F938F930E9417F80F906E
:1042B0000F900F900F903F922F920E9417F80F903F
:1042C0000F908FA5833009F45CC028F4813059F138
:1042D000823001F175C08530E9F008F449C08630BC
:1042E00009F06EC0612F82E790E00E9443639F93C4
:1042F0008F930E9417F8FF92EF9286E794E69F93C0
:104300008F930E9417F80F900F900F900F900F90BF
:104310000F9069C06C966CAD7DAD8EAD9FAD6C9706
:10432000A7010E94F9746F968FAD6F97B601880F41
:104330000E94DCCE612F81E790E00E9443639F934F
:104340008F930E9417F8DF92CF926E968FAD6E9783
:104350008F936D968FAD6D978F93FF92EF92FF9233
:10436000EF9288E095E69F938F930E9417F822C002
:104370006C966CAD7DAD8EAD9FAD6C97A7010E9424
:10438000F974612F80E790E00E9443639F938F93BD
:104390000E9417F86E968FAD6E978F936D968FADC6
:1043A0006D978F93FF92EF9281EC94E69F938F939A
:1043B0000E9417F80FB6F894DEBF0FBECDBF13C032
:1043C000612F8FE690E00E9443639F938F930E943A
:1043D00017F883E494E69F938F930E9417F80F9049
:1043E0000F900F900F90A5968CAD9DADAEADBFAD6B
:1043F000A597E7968CAF9DAFAEAFBFAFE797CE0165
:104400008B599F4F0E94BF85A7966FADA797A8961F
:104410005FADA897A9964FADA997AE968EAD9FAD0B
:10442000AE97AC963FADAC97AB962FADAB971F92C6
:104430006F931F925F931F924F939F938F931F923F
:104440003F931F922F938DE094E69F938F930E944A
:1044500017F80FB6F894DEBF0FBECDBF002319F1D9
:104460008C818F938B818F938A818F9389818F9396
:1044700082EE93E69F938F930E9417F8612F83E754
:1044800090E00E9443639F938F930E9417F883EDFF
:1044900093E69F938F930E9417F80FB6F894DEBFB0
:1044A0000FBECDBF8ACE9F928F920E9417F80F90B9
:1044B0000F9083CE002351F189E193E69F938F9370
:1044C0000E9417F8612F84E790E00E9443639F9356
:1044D0008F930E9417F882E093E69F938F930E9438
:1044E00017F8612F84E690E00E9443639F938F93B7
:1044F0000E9417F88AEF92E69F938F930E9417F815
:104500000FB6F894DEBF0FBECDBF1CC08AEE92E698
:104510009F938F930E9417F80F900F9013C081EE16
:1045200092E69F938F930E9417F8612F85E690E0A3
:104530000E9443639F938F930E9417F80F900F90F0
:104540000F900F90C357DF4F0FB6F894DEBF0FBE2A
:10455000CDBFDF91CF911F910F91FF90EF90DF9032
:10456000CF90BF90AF909F908F907F906F905F9013
:104570004F903F902F900895FC018081882351F047
:10458000CB01BF0104960E9439F721E0892B19F471
:1045900020E001C021E0822F08952091160630917D
:1045A000170680913E2590913F2528173907B0F0D6
:1045B000409118065091190660911A0670911B06D9
:1045C00080913A2590913B25A0913C25B0913D25C5
:1045D00084179507A607B70729F414C0BCD9882308
:1045E00009F1E6CF40933A2550933B2560933C2553
:1045F00070933D258091C518823020F08FE497E6B6
:104600000E9459988FEE9EEBADEABEED809318069E
:1046100090931906A0931A06B0931B0610921706E2
:104620001092160608950F931F93CF93DF9300D037
:104630001F92CDB7DEB780EA52D997FF03C08D5ED7
:104640009240B9C040E0BE016D5F7F4F80E00E94A4
:104650001865811105C00E94D06488E09DEFABC051
:104660008B818823C1F340E0BE016D5F7F4F80E006
:104670000E941865882379F38B81882361F380E099
:104680000E947F64882339F381EA29D997FF03C008
:104690008150934090C040E061E0CE0102960E94BC
:1046A0004A65811105C00E94D06484EF9CEF83C0ED
:1046B00040E061E0CE0101960E944A65882399F3AB
:1046C000098110E0102F00278A81082B40E061E06B
:1046D000CE0102960E944A65811105C00E94D064F5
:1046E00087EE9CEF68C040E061E0CE0101960E9439
:1046F0004A65882399F3898190E0982F88272A8139
:10470000822B980147E8242745E43427220F331FE2
:104710008217930731F080E00E947F648EED9CEF5A
:104720004AC00115110561F440E060E0CE01029637
:104730000E944A6580E00E947F6480E090E03BC078
:1047400010933F2500933E2500E415E2C8018054F4
:10475000954220913E2530913F252150310940E07E
:104760008217930788F461E0C8010E944A650F5FD1
:104770001F4F8111EBCF0E94D06410923F25109201
:104780003E2584EC9CEF17C060E0805C9A4D0E944F
:104790004A65811109C00E94D06410923F25109291
:1047A0003E2589EB9CEF07C080E00E947F648091EA
:1047B0003E2590913F250F900F900F90DF91CF9164
:1047C0001F910F9108958F929F92AF92BF92CF92B7
:1047D000DF92EF92FF920F931F93CF93DF93CDB7AA
:1047E000DEB7C556D1090FB6F894DEBF0FBECDBFF8
:1047F00080EA75D897FF03C0875693406AC140E0AE
:10480000BE016B597F4F80E00E941865811105C081
:104810000E94D0648AE89CEF5CC1A6968FADA697F3
:104820008823B1F340E0BE016B597F4F80E00E94C6
:104830001865882369F3A6968FADA697882341F360
:1048400040E0BE016B597F4F80E00E9418658823CD
:10485000F9F2A6968FADA6978823D1F240E0BE016B
:104860006B597F4F80E00E941865882389F2A696D5
:104870008FADA697882361F240E0BE016B597F4F50
:104880008FEF0E941865882319F2A6968FADA69720
:10489000882309F4BDCF40E0BE016B597F4F8FEFF5
:1048A0000E941865882309F4B3CFA6968FADA6970A
:1048B000882309F4ADCFBB24B394E12CF12C04E0A0
:1048C00010E080913E2590913F25E816F90608F00A
:1048D0007BC0C701805C9A4D6C01BC01CE01019682
:1048E00085D889819A81AB81BC81892B8A2B8B2BBE
:1048F00009F463C08FA5882309F45FC0CE01019637
:104900000E94CB99A82E4701801A910A7401E00EEB
:10491000F11EAA20B1F2B11029C080EA0E946F9C5A
:1049200097FF03C08B589340D4C040E0BE016B5941
:104930007F4F812F0E941865811105C00E94D064AD
:104940008AE69CEFC6C0A6968FADA6978823B1F3E2
:1049500040E0BE016B597F4F802F0E94186588236D
:1049600069F3A6968FADA697882341F340E0BE0178
:104970006B597F4FF60181916F010E94186581117B
:1049800005C00E94D0648DE59CEFA3C00F5F1F4F50
:10499000C8018F739927892B51F480E00E947F64AE
:1049A000811108C00E94D0648FE49CEF92C0BB24A8
:1049B000B39401C0B12CAA94A9CFCE0101960E9454
:1049C000CB99E80EF11C7DCFBB2051F080E00E9416
:1049D0007F64811105C00E94D0648AE39CEF79C096
:1049E00080EA0E946F9C97FF03C0875D934071C06F
:1049F00040E0BE016B597F4F80E00E941865811135
:104A000005C00E94D0648BE19CEF63C0A6968FAD79
:104A1000A6978823B1F340E0BE016B597F4F80E039
:104A20000E941865882369F3A6968FADA697882300
:104A300041F30450110940E0BE016B597F4F802FB4
:104A40000E9418658823E9F2A6968FADA697882361
:104A5000C1F240E0BE016B597F4F812F0E94186563
:104A6000882379F2A6968FADA697882351F2780114
:104A7000F7E8EF26F5E4FF26EE0CFF1C40E0BE0150
:104A80006B597F4F8E2D0E941865882309F4B9CF8A
:104A9000A6968FADA697882309F4B3CF40E0BE0158
:104AA0006B597F4F8F2D0E941865882309F4A9CF79
:104AB000A6968FADA697882309F4A3CF80E00E9425
:104AC0007F64811105C00E94D06482E19CEF01C027
:104AD000C801CB59DF4F0FB6F894DEBF0FBECDBF74
:104AE000DF91CF911F910F91FF90EF90DF90CF90CA
:104AF000BF90AF909F908F9008952F923F924F92CA
:104B00005F926F927F928F929F92AF92BF92CF925D
:104B1000DF92EF92FF920F931F93CF93DF93CDB766
:104B2000DEB7C657D1090FB6F894DEBF0FBECDBFB2
:104B30008C0165E176E00E9430CB78012AEFE21A21
:104B40002DEFF20AF70180819181892B29F4809160
:104B5000CE1C811111C007C06AE477E6C8010E942B
:104B6000907E892BA1F741E060911506C8010E9453
:104B70003CCA882309F4DEC50E945780F701808172
:104B80009181892B09F459C06FE377E6C8010E942F
:104B9000907E892B09F051C06AE477E6C8010E9433
:104BA000907E892B09F454C06CE377E6C8010E941B
:104BB000907EFF24F394892B09F4F12C6AE477E6C4
:104BC000C8010E945C7E8D5E9E4FFC01EE0FFF1FB0
:104BD000E00FF11FC080D18065E377E6C6010E9437
:104BE000A2F6892B21F46F2D86E799E915C060E3C1
:104BF00077E6C6010E94A2F6892B21F46F2D85EA83
:104C00009CE90AC06AE277E6C6010E94A2F6892BF7
:104C100059F46F2D80E19AE957D881110EC0609147
:104C200015068FE190E07CC46091150686E890E05F
:104C30000E9443630E5F1F4FD4C440E0609115068D
:104C4000C8010E943CCA682F809115061DDA39C53B
:104C500065E277E6C8010E94907E892B09F429C19C
:104C600065E277E6C8010E945C7E8D5E9E4F880FEC
:104C7000991FF801E80FF91F808191810E9450F679
:104C800069837A838B839C83611571058105910506
:104C900091F41D8218AA81E08FA786E890E06E96B5
:104CA0009FAF8EAF6E976F961FAE6F9781E090E0CB
:104CB0009EA78DA707C09E012F5F3F4F41E099D867
:104CC000882339F382E197E60E945F51C980DA8038
:104CD000EB80FC806091150686E690E00E944363BD
:104CE000970186014AE050E065E377E60E94A35110
:104CF0008C818F938B818F938A818F9389818F93FE
:104D00008FED96E69F938F930E9417F8609115069A
:104D100087E690E00E9443639E012B5F3F4F47E28E
:104D200050E060E377E60E94CA511DA511706091C2
:104D300015068BE690E00E944363412F69ED76E60D
:104D40000E94EB514DA55EA556954795142F117005
:104D5000609115068CE690E00E944363412F64ED5C
:104D600076E60E94EB51609115068FE690E00E9476
:104D70004363E1969FAF8EAFE1976091150681E79F
:104D800090E00E944363E3969FAF8EAFE3976091FC
:104D9000150680E790E00E944363E5969FAF8EAFD3
:104DA000E5976091150682E790E00E944363E796DD
:104DB0009FAF8EAFE797EFA5E1500F900F900F9048
:104DC0000F900F900F90E63028F4F0E0E452FE4F81
:104DD000008101C000E0609115068DE690E00E9420
:104DE00043639E0121593F4F44E06FEC76E60E94F9
:104DF0000A528FA5823019F08450823058F46C9694
:104E00006CAD7DAD8EAD9FAD6C97AE01405D5F4FDB
:104E10000E94F9746091150688E690E00E94436351
:104E20009E01205D3F4F47E250E067EC76E60E942E
:104E3000CA516E96CEACDFAC6E97E12CF12C60912E
:104E4000150689E690E00E9443639701860145E0DC
:104E500050E062EC76E60E94A3516F968FAD6F979B
:104E6000BE016B597F4F880F0E94DCCE6091150602
:104E70008AE690E00E9443639E012B593F4F42E037
:104E800050E068EB76E60E94CA5189819A81AB8135
:104E9000BC8160911506892B8A2B8B2B19F484E732
:104EA00090E002C083E790E00E9443630E948B522F
:104EB000FCC365E377E6C8010E94907E892B09F464
:104EC00038C36EEA76E6C8010E945C7E8D5E9E4F16
:104ED000FC01EE0FFF1FE00FF11F808191810E9406
:104EE00050F64B015C0165E377E6C8010E945C7EE9
:104EF0008D5E9E4FFC01EE0FFF1FE00FF11F8081C2
:104F000091810E9450F66B017C016FEC76E6C8013E
:104F10000E945C7E8D5E9E4FFC01EE0FFF1FE00F36
:104F2000F11F808191810E9433F6782EC114D10443
:104F3000E104F10431F41FA6A1961FAE1EAEA197A5
:104F40000AC09E012F5F3F4F41E0C701B6010E949A
:104F5000F99E882381F3C982DA82EB82FC8260E3C6
:104F600077E6C8010E945C7E8D5E9E4FFC01EE0FCD
:104F7000FF1FE00FF11F608171816E01F5E0CF0E20
:104F8000D11C47E250E0C6010E9494F71EA61DA660
:104F900067EC76E6C8010E945C7E8D5E9E4FFC0148
:104FA000EE0FFF1FE00FF11F608171817E0120E392
:104FB000E20EF11C47E250E0C7010E9494F76896A8
:104FC0001FAE689729803A804B805C8060911506FF
:104FD000211431044104510461F485E790E00E94FA
:104FE00043639F938F930E9417F80F900F90D12CDB
:104FF00060C086E790E00E9443635F924F923F92C9
:105000002F929F938F930E9417F80F900F900F90FD
:105010000F900F900F9081149104A104B10469F4D2
:105020006091150684E790E00E9443639F938F93FD
:105030000E9417F80F900F901DC089819A81AB8153
:10504000BC8188169906AA06BB06A1F060911506D8
:1050500087E790E00E944363BF92AF929F928F9246
:105060009F938F930E9417F80F900F900F900F90BF
:105070000F900F9089EA96E69F938F930E9417F8FE
:105080006091150687E690E00E9443639F938F939B
:105090000E9417F8DF92CF9280EA96E69F938F9353
:1050A0000E9417F80FB6F894DEBF0FBECDBFDD2407
:1050B000D39469ED76E6C8010E94907E892BB9F001
:1050C00069ED76E6C8010E945C7E8D5E9E4FFC0114
:1050D000EE0FFF1FE00FF11F808191810E9433F6D8
:1050E000892B29F08DA59EA581609EA78DA78DA5F2
:1050F00080FF14C0609115068BE690E00E94436328
:105100009F938F930E9417F88BE996E69F938F9356
:105110000E9417F80F900F900F900F9064ED76E6B5
:10512000C8010E94907E892BB9F064ED76E6C80133
:105130000E945C7E8D5E9E4FFC01EE0FFF1FE00F14
:10514000F11F808191810E9433F6892B29F08DA572
:105150009EA582609EA78DA78DA581FF14C060913A
:1051600015068CE690E00E9443639F938F930E9404
:1051700017F886E996E69F938F930E9417F80F9091
:105180000F900F900F9088A9882311F0711016C00E
:105190001FA6609115068FE690E00E9443639F93DF
:1051A0008F930E9417F881E996E69F938F930E9450
:1051B00017F80F900F900F900F9083C1C7010E94B6
:1051C0008D746C966CAF7DAF8EAF9FAF6C97E1E046
:1051D0007E12C8C0611571058105910581F47FA615
:1051E0006091150681E790E00E9443639F938F933F
:1051F0000E9417F86091150688E790E01FC02FA560
:10520000253049F449805A806B807C808414950451
:10521000A604B70411F022E02FA7A7010E94F97499
:105220006091150681E790E00E9443639F938F93FE
:105230000E9417F86091150689E790E00E94436389
:10524000FF92EF929F938F930E9417F80F900F9009
:105250000F900F900F900F9062EC76E6C8010E94BD
:105260005C7E8D5E9E4FFC01EE0FFF1FE00FF11F75
:10527000808191810E9433F66E969FAF8EAF6E97BC
:1052800068EB76E6C8010E945C7E8D5E9E4F880FBB
:10529000991FF801E80FF91F608171818E010B5988
:1052A0001F4F42E050E0C8010E9494F7F8011282BB
:1052B0008181803209F41182F8018081803219F4F1
:1052C000818180831182F80101900020E9F73197F4
:1052D0007F01E01AF10AC8010E9433F66E2D0E9488
:1052E000A15986958E3621F06F968FAF6F9703C0C8
:1052F0006F961FAE6F976F968FAD6F97B801880F3F
:105300000E94DCCE6091150689E690E00E9443631E
:105310009F938F930E9417F86E968FAD6E978F9321
:105320006D968FAD6D978F938CE896E69F938F93D4
:105330000E9417F8609115068AE690E00E94436388
:105340009F938F930E9417F86F968FAD6F971F9260
:105350008F931F930F938FE796E69F938F930E94EF
:1053600017F89EC0E2E07E126DC0611571058105DF
:10537000910589F483E08FA76091150680E790E09E
:105380000E9443639F938F930E9417F860911506C4
:1053900088E790E013C024E02FA7A7010E94F974CA
:1053A0006091150680E790E00E9443639F938F937E
:1053B0000E9417F86091150689E790E00E94436308
:1053C000FF92EF929F938F930E9417F80F900F9088
:1053D0000F900F900F900F9062EC76E6C8010E943C
:1053E0005C7E8D5E9E4F880F991FF801E80FF91FB4
:1053F000808191810E9433F66E969FAF8EAF6E973B
:105400006F961FAE6F976091150689E690E00E9437
:1054100043639F938F930E9417F86E968FAD6E979C
:105420008F936D968FAD6D978F9387E796E69F93D9
:105430008F930E9417F80F900F900F900F900F907E
:105440000F903FC0F3E0609115067F122FC082E7F6
:1054500090E00E9443639F938F930E9417F884E724
:1054600096E69F938F930E9417F86091150688E641
:1054700090E00E9443639F938F930E9417F8FF92DE
:10548000EF928CE696E69F938F930E9417F886E042
:105490008FA76E961FAE1EAE6E976F961FAE6F975C
:1054A0000FB6F894DEBF0FBECDBF0BC08AE790E009
:1054B0000E9443639F938F930E9417F80F900F9061
:1054C000D12C8FA5853099F0A1961FAE1EAEA19765
:1054D000DD2009F4EAC081110DC081149104A104FA
:1054E000B10441F4609115068BE790E019C0DD200E
:1054F00009F4DBC069817A818B819C8186169706CD
:10550000A806B90609F4B3C020E030E040E00E94EC
:10551000F99E882309F4ABC0609115068DE790E0F1
:105520000E9443639F938F930E9417F80F900F90F0
:10553000BCC06AE576E6C8010E94907E892B49F1DD
:1055400042D98C0197FF07C0F090240E6091150698
:1055500081E890E02FC06091150682E890E00E94FB
:1055600043631F930F939F938F930E9417F860E0FC
:1055700081ED97E60E943C510F900F900F900F9095
:10558000811193C06AED71E081ED97E60E943C6B5A
:105590008CC065E576E6C8010E94907E892B61F19A
:1055A00042D88C0197FF17C0F090240E6091150629
:1055B00083E890E00E9443631F92FF921F930F9332
:1055C0009F938F930E9417F80F900F900F900F905A
:1055D0000F900F906AC06091150684E890E00E94D9
:1055E00043631F930F939F938F930E9417F80F901D
:1055F0000F900F900F9059C06FE476E6C8010E949B
:10560000907E60911506892B69F085E890E00E94F4
:1056100043639F938F930E9417F810923F25109237
:105620003E2584CF86E890E00E94436398012E5F78
:105630003F4F3F932F939F938F930E9417F8F8014A
:10564000EA5DFD4F81818F9380818F93F701818186
:105650008F9380818F9385E396E69F938F930E942B
:1056600017F80FB6F894DEBF0FBECDBF1EC060E0C6
:10567000CE0101960E941A9F87FD45C060911506D4
:10568000882311F18EE790E00E9443639F938F93EC
:105690000E9417F80F900F9089819A81AB81BC818D
:1056A00088169906AA06BB0691F46091150687E84C
:1056B00090E00E9443639F938F930E9417F80F908E
:1056C0000F900E94608036C08FE790E0DDCF81149C
:1056D0009104A104B10449F389829A82AB82BC820D
:1056E0001FA660E0CE0101960E941A9F87FFDDCFC2
:1056F0006091150680E890E00E944363BF92AF92EC
:105700009F928F925DCF88E696E69F938F930E943B
:1057100017F86091150689E890E00E9443639F9313
:105720008F930E9417F88FE596E69F938F930E94C0
:1057300017F84ACFCA58DF4F0FB6F894DEBF0FBE36
:10574000CDBFDF91CF911F910F91FF90EF90DF9030
:10575000CF90BF90AF909F908F907F906F905F9011
:105760004F903F902F900895CF93DF930E948765CD
:105770006EEC72E68DE795EA0E94FA7F009B6DC0A1
:10578000C0913E25D0913F25C13088E0D807A0F5D3
:105790008FEE9EEBADEABEED80931806909319064E
:1057A000A0931A06B0931B061092170610921606C5
:1057B00080911606909117068C179D07C0F04091B6
:1057C00018065091190660911A0670911B06809177
:1057D0003A2590913B25A0913C25B0913D25481755
:1057E00059076A077B0741F48CE892E632C00E94B1
:1057F000AB9C8823E9F2E3CF10923F2510923E251F
:105800000E9413A397FF23C0AC01990F660B770B7F
:105810008DE692E60E9459984091240E50E060E097
:1058200070E083E692E60E94599860E081ED97E689
:105830000E943C518823A9F06091AE2288E890E054
:105840000E94436361E0DF91CF910C9477BB8EE2BD
:1058500092E6DF91CF910C94429810923F251092DE
:105860003E25DF91CF910895FC019FB7F8942091D8
:105870001D1F30911E1F318320839FBF0895FC019F
:105880009FB7F89440911D1F50911E1F20813181B8
:105890009FBFCA01821B930B0895FC019FB7F89428
:1058A0002091B0223091B122318320839FBF08958F
:1058B000FC019FB7F8944091B0225091B122208111
:1058C00031819FBFCA01821B930B08958091201FD5
:1058D0009FEF980F9230C8F08430B9F093EF980F93
:1058E000923098F0823189F09BEE980F923068F0F8
:1058F000893159F097ED980F943038F09CEC980F5F
:1059000081E0923018F080E001C081E0817008955C
:105910009091F006911102C08093F0060895809155
:10592000C71C882301F18091AF22813039F010F03B
:105930008230C9F481E08093C61C15C08093C61CD8
:105940008091AB219091AC218E3F21E0920758F4D9
:10595000FC01EF5DF04E23E0208302969093AC2192
:105960008093AB2111821092B3221092760A10928A
:10597000750A089593EF980F9330A0F099EF980F60
:10598000943080F0873171F0853061F08B3151F0C7
:1059900090EE980F9F3530F091E0803A08F490E057
:1059A000892F01C081E081700895EF92FF920F93DB
:1059B0001F93CF93DF93109230087C0110E0D0E06A
:1059C000C0E001E0F70181917F01803348F48E321D
:1059D00020F5833231F18C3201F18032E1F028C0C0
:1059E0008A3330F5D11103C010ED180F09C0110F23
:1059F000912F990F990F190F1053180FD13009F4E7
:105A0000DF5F6D2F812F0E94A159EC2FF0E0EF5C3A
:105A1000F74F808319C0DD23B1F0CF5F10E0D0E0F5
:105A200013C0D1110EC0C11105C000933008CACFF8
:105A3000D11107C0C93058F4EC2FF0E0EF5CF74FFC
:105A40001082CF5FF7CF10E0C93009F0BBCFDF91F4
:105A5000CF911F910F91FF90EF9008954091F9061B
:105A60005091FA0660E070E084ED93E90C94599847
:105A7000CF93DF93EC018091C518823048F0EEDFC0
:105A8000488150E060E070E083E99DE70E9459980A
:105A900098819923F1F08091300881111CC02BE985
:105AA000290F2930C0F4E92FF0E0E453F84F2081AA
:105AB000222389F0269528838091C518823048F0EA
:105AC000CDDF488150E060E070E08EE69DE70E9407
:105AD000599881E01CC0E1E3F8E0219126959213EA
:105AE00012C08091C518823048F0B8DF488150E07C
:105AF00060E070E08BE49DE70E9459989091300837
:105B000081E0892704C028E0EA33F20731F7DF910A
:105B1000CF910895CF93DF93EC01A0DFCE01DF9109
:105B2000CF910C94429880915008909151089C011B
:105B300036952795820F931F803921E0920718F43C
:105B400080E991E006C0813E2EE2920710F080EEDF
:105B50009EE290935108809350088091C518882345
:105B600069F080E59AE7D6DF4091500850915108DE
:105B700060E070E083E49AE70E94599880914D08B4
:105B800093E028E28F5F833008F080E0289FF001E7
:105B90001124E654FB4D3081311102C0915091F730
:105BA00080934D0808950F931F93CF93DF938C013B
:105BB0000E94B2F6EC01DD27E091AB21F091AC211F
:105BC0009F012E5F3F4FA9014C0F5D1F463F514083
:105BD000C8F4EF5DF04E94E090833093AC212093B5
:105BE000AB218183B801C9018F5D904E0E94ABF655
:105BF0008091AB219091AC21C80FD91FD093AC21DB
:105C0000C093AB2181E08093C61CDF91CF911F919F
:105C10000F9108951F93CF93DF93182FCEEDDAE005
:105C200009900020E9F72197CE5DDA40C43581E084
:105C3000D80744F0EC97AE016AE17BE08EED9AE084
:105C40000E9415F7C252D54F18831982DF91CF9168
:105C50001F910895CF93DF9300D0CDB7DEB79E019B
:105C60002F5F3F4FAE014E5F5F4F6AEA71E20E94C5
:105C7000A3568823A9F06A8185EE9CE10E941B5AF5
:105C8000882341F069816F3F41F085EE9CE10E94DD
:105C90001B5A05C080E090E002C081E090E0817076
:105CA0000F900F90DF91CF910895CF93282F30E080
:105CB000220F331F225031092B3D3105F8F4C82F34
:105CC000CC0F8C2F0E940F5997FD18C087FF02C080
:105CD00085FF05C080913C08823061F40FC0C1117E
:105CE00021C00CC0CE5FCD3D08F0C2E080913E08DF
:105CF000C8130DC01092F20C80E031C080913E08B4
:105D0000811103C082E080933E08C0913E088C2F31
:105D10000E940F5997FD1DC087FF1BC085FD19C04C
:105D200084FD13C0C093F20C8091F30C86950E9401
:105D3000DC580E94D3589091F50C81E0911180E0DD
:105D40001092F50C1092D80C0AC080913E08C8172A
:105D500049F380913C088111C5CF1092F20CCF918C
:105D60000895CF93DF9360915408709155086115A1
:105D7000710509F467C080915A0A90915B0A8F3FC0
:105D80002FEF920709F446C020E046E558E00E9454
:105D90005C93EC018091C518853030F4843001F5B6
:105DA000809156088823E1F059DE409154085091C3
:105DB000550860E070E088E29AE70E945998609187
:105DC00054087091550886E598E00E94CB98AE0182
:105DD0000D2E000C660B770B8AE19AE70E9459980A
:105DE0008091540890915508C817D90711F188EE91
:105DF00099E790DE80915A0A90915B0A0E94418C4B
:105E00008FEF9FEF90935B0A80935A0A10925C0A7F
:105E10008ADE0FC08091C518823058F01FDE409195
:105E200054085091550860E070E087E999E70E94B6
:105E30005998109255081092540882E598E0DF9125
:105E4000CF912BCDDF91CF910895AF92BF92CF929A
:105E5000DF92EF92FF920F931F93CF93DF93D82F90
:105E6000162F072FC42F69011F928F937F936F9373
:105E7000E42EF12C1F924F938FE799E69F938F9317
:105E80000E9417F8C00FC10FCD0FC1958601EC0C11
:105E9000FD1C8DB79EB708960FB6F8949EBF0FBE37
:105EA0008DBF8AE7C82E89E6D82E0E151F0591F002
:105EB0005801F80181918F011F928F93DF92CF9249
:105EC0000E9417F8F5018081C81B0F900F900F906A
:105ED0000F90EBCF1F92CF9383E799E69F938F9319
:105EE0000E9417F80F900F900F900F90DF91CF91B5
:105EF0001F910F91FF90EF90DF90CF90BF90AF90E8
:105F00000895AF92BF92DF92EF92FF920F931F938B
:105F1000CF93DF93CDB7DEB760970FB6F894DEBFAF
:105F20000FBECDBFD82E00E015E1CE0101967C0159
:105F30005E0191E1A90EB11CF701C8018E199F09FC
:105F4000DC01AE0FBF1F3FB7DD2011F0F8945F9A60
:105F50002C915F983FBF2193EA15FB0589F79701C4
:105F600040E1B80180E071DF003F8FEF180719F0C2
:105F7000005F1F4FE1CF20E030E040E060E070E0E4
:105F800081E063DF60960FB6F894DEBF0FBECDBF31
:105F9000DF91CF911F910F91FF90EF90DF90BF9015
:105FA000AF900895CF93C82F65E27DE685E296E035
:105FB0000E94ABF6E5E2F6E001900020E9F7BF01B0
:105FC000615071094AE08C2F90E00E94A3F785E2AE
:105FD00096E0CF9108958091F20C8823F1F08091A2
:105FE000F20C0E940F5997FF09C038DD4091F20C66
:105FF00050E060E070E08FE792E90AC087FF0AC0D6
:106000002DDD4091F20C50E060E070E08CE492E90C
:106010000C9459988AEA0C94DC580895CF93DF9336
:10602000E3EBF2E22091B3222A3209F053C020912F
:10603000B422C0EDC20FCA30A0F52091B5222A3299
:1060400089F4882361F001900020E9F7AF01465BF5
:10605000524266EB72E283EB92E20E9415F761E036
:106060008C2F1CC0D0EDD20FDA30A0F52091B622D3
:106070002A3281F5882361F001900020E9F7AF0111
:10608000475B524267EB72E283EB92E20E9415F7A4
:1060900062E08D2F9AE0C99F800D11240E94A159C2
:1060A00016C02D32B9F42091B5222A3299F48823F2
:1060B00061F001900020E9F7AF01465B524266EBC8
:1060C00072E283EB92E20E9415F780913E0886957A
:1060D00090E009C081E090E0222311F080E090E0A0
:1060E000919581959109DF91CF9108959F92AF92FB
:1060F000BF92CF92DF92EF92FF920F931F93CF93B5
:10610000DF93CDB7DEB763970FB6F894DEBF0FBE4F
:10611000CDBF16B58091F706181710F41093F70647
:106120008091F606811710F41093F6068091F1061F
:106130009091F206A091F306B091F4060196A11D8C
:10614000B11D8093F1069093F206A093F306B093ED
:10615000F4068091A9218F5F8093A9218091A921C4
:10616000893040F18091B0229091B12201969093B4
:10617000B1228093B0221092A9218091AC229091FB
:10618000AD2201969093AD228093AC228091AC22F7
:106190009091AD22883E934068F01092AD2210920B
:1061A000AC2280911D1F90911E1F019690931E1F7F
:1061B00080931D1FE0907A0CF0907B0CE114F104A9
:1061C00011F4A89506C08CE79CE072DB8E159F0544
:1061D000C0F38091201F8336F9F088E291E268DBFA
:1061E0008932934240F083EA93E994DC81E00E9493
:1061F00042970E94139788E291E25ADBC39718F006
:1062000080E00E948E838091ED0C9091EE0C0196BF
:106210009093EE0C8093ED0C8091201F8E3069F0EE
:10622000843059F0982F9B7F923139F097ED980F79
:10623000943018F0853309F05AC18091AB2288233D
:1062400009F46FC08091AB22883009F46AC0809154
:10625000810C81508093810C833068F48091F60C1E
:10626000882349F08091820C9091830C0196909341
:10627000830C8093820C8091810C81114EC080919F
:10628000AB22813051F48091820C9091830C029763
:1062900004F582E08093AB2238C08091AB22873036
:1062A000D9F42091820C3091830C81E022303105A9
:1062B0000CF080E08093252188E08093AB228091D0
:1062C0002521811122C06091A7218EEA91E20E94CE
:1062D0001B5A1092AB2219C08091A721880F80937E
:1062E000A7218091820C9091830C02972CF08091D1
:1062F000A72181608093A7218091AB228F5F80933B
:10630000AB221092830C1092820C1092830C10928C
:10631000820C80917F0C8093810C86E79CE0BDDA33
:106320004EC08091F60C811112C081E08093AB22A7
:106330001092A721109225211092830C1092820CAA
:1063400080917F0C86958F5F8093810C38C08091FF
:10635000B222813081F48091AD218F71A4E08A9FB7
:10636000C001112483608093AD211092800C82E0E3
:106370008093B22224C08091B222811120C085EE88
:106380009CE10E94F65981111AC08EE69AE090DADB
:1063900087399105A0F080919921811110C085EE77
:1063A0009CE10E94385A8093AD2101E00093B22213
:1063B00085EE9CE10E94F65981110093420880917C
:1063C000B222823008F479C18091B2228830D9F4A7
:1063D0008091800C8F5F8093800C90E020917E0CE8
:1063E00030E040914008411103C041E050E002C05C
:1063F00043E050E0241B350B821793070CF45DC17A
:106400001092B2225AC19091AD218091800C8F5F81
:106410008093800C20917F0C821760F08091AD21D9
:10642000880F8093AD218091B2228F5F8093B2223A
:106430001092800C97FD41C180912A21882391F010
:1064400083E90E94DC5810922A2182E090E0909328
:10645000790C8093780C83E00E948E8382E00E9406
:10646000305727C08091780C9091790C892B31F0AE
:106470008091780C9091790C019717C08091D80C7D
:10648000882321F08091D80C853099F48091F70C05
:10649000882379F080912A21811102C086E901C008
:1064A0008AE90E94DC5882EC91E09093790C809309
:1064B000780C8091F60C882369F080E00E944357A5
:1064C0008091201F843011F482E001C081E00E949D
:1064D000978331C080E00E9430578091201F843024
:1064E00011F482E001C081E00E948E8324C0EED9C5
:1064F000882309F18091780C9091790C892B31F0E7
:106500008091780C9091790C019711C08091D80CF2
:10651000882321F08091D80C853069F48091F70CA4
:10652000882349F089EA0E94DC5882EC91E090933C
:10653000790C8093780C8091A4068130F9F018F0E2
:10654000823069F131C082EA96E0009934C0B0D956
:10655000059790F101E00093A40682EA96E09DD9A8
:1065600000932A07109226071092270710922807F7
:10657000109229078BE297E077D91EC000990AC0D4
:1065800082EA96E095D980359105B0F082E080935B
:10659000A40602C01092A40680931F1F0DC0009B8A
:1065A0000BC01092A40608C082E08093A40610924B
:1065B0001F1F82EA96E071D986B5811B9091F5067E
:1065C000981710F48093F5068091201F833689F484
:1065D0002DB73EB78091B7249091B824281739077A
:1065E00008F082C08DB79EB79093B8248093B724EB
:1065F0007BC08091CD1C882359F300E010E082E33A
:10660000A82E82E0B82E9BE0992E0A9DC0010B9D1A
:10661000900D1A9D900D1124FC01E451F04F7F0163
:10662000908198012E51334E6901D9018C919817B0
:10663000E9F1CE0101960E948A853FB7F8948091D6
:10664000F80690E0989EF001999EF00D1124E55D0A
:10665000FE4D00834F85588969897A894183528329
:1066600063837483D6012C912583D7012C912683D3
:1066700016964D915D916D917C9119974783508746
:10668000618772872091F806293028F42091F80656
:106690002F5F2093F8063FBF989EF001999EF00D62
:1066A0001124E55DFE4D8681F60180830F5F1F4F4B
:1066B0000330110509F0A9CF8BCF80912A218111D8
:1066C000D1CE8CE90E94DC5881E080932A2182E0BF
:1066D00090E09093790C8093780C83E00E949783EC
:1066E00082E00E944357E5CE63960FB6F894DEBF72
:1066F0000FBECDBFDF91CF911F910F91FF90EF9013
:10670000DF90CF90BF90AF909F900895FC0174836D
:106710006383128215821682178210861286118672
:1067200014861386168615860895CF93DF93EC01A1
:10673000B4D881E08A83DF91CF9108951F93CF93DE
:10674000DF93FC011281111102C010E026C0EC01A0
:10675000AFD81A824D815E816F817885480F591FAD
:10676000611D711D4D835E836F83788729853A850E
:106770002F5F3F4F3A8729872D853E852817390798
:1067800010F49E878D872B813C8128173907E8F606
:106790008B859C8501969C878B87812FDF91CF917C
:1067A0001F9108951F93CF93DF93DC01ED91FC912E
:1067B000119780E040E050E020E01AE0CE2F3F2F1C
:1067C00091919D3221F421111AC02FEFF7CF9B3206
:1067D00019F4222391F013C0D0EDD90FDA3078F4F8
:1067E000149FE001159FD00D1124AE01490F511DDA
:1067F0004053510981E02111E1CF21E0DFCF88230F
:1068000069F0CC9311963C932403C001259F900D11
:106810001124FB019183808381E001C080E0DF913E
:10682000CF911F910895CF92DF92EF92FF921F9325
:10683000CF93DF9300D000D0CDB7DEB7FC01A081AD
:10684000B181BC83AB838C918D3249F4DB011C9206
:106850008081918101969183808311E025C07B0125
:106860006F01BE016F5F7F4FCE0103969BDF182F34
:106870008823D1F089819A8184369105A0F46B81B7
:106880007C81F60120813181621B730B63307105BD
:1068900054F40E94A159D7018C938B819C81F601FD
:1068A0009183808301C010E0812F0F900F900F9093
:1068B0000F90DF91CF911F91FF90EF90DF90CF90DD
:1068C0000895DC01ED91FC912081203229F431966C
:1068D000DC01ED93FC93F5CF0895EF92FF920F93B7
:1068E0001F93CF93DF9300D000D01F92CDB7DEB7B8
:1068F000E82E8B017C836B83CE010396E2DFEB8174
:10690000FC8180818A3249F4FF24F394E11001C0B4
:10691000F12C3196FC83EB832EC0BE016B5F7F4F61
:10692000CE01039680DF882309F43BC0CE01039695
:10693000C8DFEB81FC8190818D81FF24F3949D322F
:10694000C1F4E81608F4F12C3196FC83EB83CE01F8
:106950000396B7DFBE016B5F7F4FCE01039663DF07
:106960008823F9F081E09D819E1508F480E0F822EB
:1069700002C08E11F12CCE010396A3DFEB81FC81C6
:1069800080818A3321F53196FC83EB83CE01039617
:1069900098DFBE016F5F7F4FCE01039603DF811149
:1069A00007C08B819C819801281B390BC90119C034
:1069B000FF2019F089819A8114C0CE01039681DFEE
:1069C000EB81FC818081882351F08C3221F0C80159
:1069D0008E1B9F0B06C03196FC83EB838DCF81E02D
:1069E00090E00F900F900F900F900F90DF91CF914C
:1069F0001F910F91FF90EF9008951092AB2210928B
:106A0000B2228091F20C67E078E067DF9C01029788
:106A100014F422E330E084E893E0B9010E94CFF55A
:106A200060937F0CB901660F771F8CE89AE00E9493
:106A3000CFF560937E0C8091C5188230A0F00ED8FF
:106A40004091F20C469550E060E070E08CE593E9EF
:106A50000E94599840917F0C50E060E070E082E421
:106A600093E90E94599880917F0C8093810C109239
:106A7000800C81E080932A210895FC0184858F9306
:106A800083858F9386858F9385858F9382858F935A
:106A900081858F9380858F9387818F9386818F9354
:106AA00085818F938CE694E99F938F9385EA96E096
:106AB0009F938F930E943EF88DB79EB70E960FB6A8
:106AC000F8949EBF0FBE8DBF85EA96E008958F9221
:106AD0009F92AF92BF92CF92DF92EF92FF920F936D
:106AE0001F93CF93DF93EC018C010A5F1D4FF801D8
:106AF00080819181892B89F16DEE78E7CE010E942A
:106B0000907E892BA1F01092E2218FEF8093F706FF
:106B10001092F6061092F5061092F00664E670E008
:106B200081E097E0F3DD1092D70C1092D60CF801BB
:106B300080819181892B89F060EE78E7CE010E94F7
:106B4000907E892B51F08CE79CE00E944DAC80ED4B
:106B500097E090937B0C80937A0C0E9457808091F1
:106B6000520790915307A0915407B0915507892B74
:106B70008A2B8B2B69F184E497E00E94BF8560919A
:106B80004507509146074091470780914B079091E8
:106B90004C0730914A07209149071F926F931F922B
:106BA0005F931F924F939F938F931F923F931F92D8
:106BB0002F938FEA98E79F938F930E9417F82DB732
:106BC0003EB7225F3F4F0FB6F8943EBF0FBE2DBFBA
:106BD00082EE91E29F938F938CE998E79F938F9336
:106BE0000E9417F8809100071F928F938FE798E714
:106BF0009F938F930E9417F88091201F1F928F936D
:106C000080E798E79F938F930E9417F88091EC0C90
:106C10001F928F938EE598E79F938F930E9417F8AA
:106C20008091C71C1F928F9384E498E79F938F9362
:106C30000E9417F8809133258F93809132258F938E
:106C400088E298E79F938F930E9417F880916B0AD0
:106C50008F9380916A0A8F938091690A8F938091B4
:106C6000680A8F938EE098E79F938F930E9417F89E
:106C70008091670A8F938091660A8F9384EF97E7DC
:106C80009F938F930E9417F88DB79EB782960FB689
:106C9000F8949EBF0FBE8DBF8091AF221F928F933D
:106CA00085ED97E79F938F930E9417F880915F0A75
:106CB0001F928F9384EB97E79F938F930E9417F80F
:106CC0008091C61C1F928F9382E997E79F938F93C1
:106CD0000E9417F888EC9CE10E9458AC9F938F9318
:106CE00081E697E79F938F930E9417F88091CB1CC2
:106CF0008F938091CA1C8F9388E497E79F938F931B
:106D00000E9417F88091AC218F938091AB218F93D3
:106D10008EE297E79F938F930E9417F88091B92492
:106D20001F928F9386E197E79F938F930E9417F8A6
:106D3000809147088F93809146088F9381EF96E763
:106D40009F938F930E9417F8EDB7FEB7B0960FB6DA
:106D5000F894FEBF0FBEEDBF809143081F928F9342
:106D60008BEC96E79F938F930E9417F880914508CC
:106D70008F93809144088F9385EA96E79F938F9332
:106D80000E9417F880915D0A1F928F9389E896E719
:106D90009F938F930E9417F880915C0A1F928F93A4
:106DA00089E696E79F938F930E9417F880915B0A7C
:106DB0008F9380915A0A8F9383E496E79F938F93E2
:106DC0000E9417F8809155088F93809154088F93F3
:106DD00080E296E79F938F930E9417F882E598E0F0
:106DE0000E9458AC9F938F9380EF95E79F938F936A
:106DF0000E9417F8809151088F93809150088F93CB
:106E000089EC95E79F938F930E9417F82DB73EB7B3
:106E1000205E3F4F0FB6F8943EBF0FBE2DBF8EE4ED
:106E200098E00E9458AC9F938F938AE995E79F93CF
:106E30008F930E9417F880914D081F928F9388E7D7
:106E400095E79F938F930E9417F880911E071F92DA
:106E50008F9383E695E79F938F930E9417F881E2C3
:106E600097E00E943FAC9F938F9382E395E79F93B7
:106E70008F930E9417F8809120078F9380911F07AE
:106E80008F938EE095E79F938F930E9417F88091E0
:106E900010071F928F9384EF94E79F938F930E9424
:106EA00017F8809111071F928F9382ED94E79F93BB
:106EB0008F930E9417F88CE197E00E9458AC9F9343
:106EC0008F9389EA94E79F938F930E9417F88DB769
:106ED0009EB780960FB6F8949EBF0FBE8DBF80916F
:106EE00019078F93809118078F938DE894E79F93EC
:106EF0008F930E9417F8809117078F938091160740
:106F00008F938CE694E79F938F930E9417F880915C
:106F100015078F93809114078F9389E494E79F93CB
:106F20008F930E9417F8809113078F938091120717
:106F30008F9384E294E79F938F930E9417F8809138
:106F400058071F928F9383E094E79F938F930E943B
:106F500017F881EE93E79F938F930E9417F881E0D3
:106F600097E08BDD9F938F930E9404F88091250713
:106F70008F93809124078F9381EC93E79F938F9356
:106F80000E9417F880913E071F928F9384E993E740
:106F90009F938F930E9417F8EDB7FEB7B0960FB688
:106FA000F894FEBF0FBEEDBF809123071F928F9311
:106FB0008AE793E79F938F930E9417F838E3E32EB5
:106FC00037E0F32E0FE317E0CAEBD4E20F900F90F7
:106FD0000F900F904EE3C42E43E7D42EC7010E94BA
:106FE0003FACF80121918F019F938F931F922F93B4
:106FF000DF93CF93DF92CF920E9417F832E0E30E37
:10700000F11CA8968DB79EB708960FB6F8949EBF50
:107010000FBE8DBF97E00234190701F78091F20C83
:107020001F928F9386E293E79F938F930E9417F8A6
:1070300080917F0C1F928F938CE093E79F938F93A7
:107040000E9417F88091F60C1F928F9387EF92E7BA
:107050009F938F930E9417F88091810C1F928F93BA
:1070600089ED92E79F938F930E9417F88091AB224E
:107070001F928F9381EC92E79F938F930E9417F852
:107080008091820C9091830C9F938F9385EA92E775
:107090009F938F930E9417F88091A7211F928F933F
:1070A0008DE892E79F938F930E9417F88091252196
:1070B0001F928F9384E792E79F938F930E9417F814
:1070C000EDB7FEB7B0960FB6F894FEBF0FBEEDBF9A
:1070D0008EEA91E20E94495A1F928F9381E592E7CE
:1070E0009F938F930E9417F8C091E121D0E00F90F9
:1070F0000F900F900F900BE412E78091E02190E049
:10710000C817D907A9F0C233D10510F0C0E0D0E00C
:10711000FE01E255FE4D80811F928F931F930F93C6
:107120000E9417F821960F900F900F900F90E5CFC7
:1071300080912A211F928F9388E392E79F938F93E8
:107140000E9417F88091800C1F928F938AE192E73A
:107150009F938F930E9417F88091B2221F928F9372
:1071600082E092E79F938F930E9417F88091AD2160
:107170001F928F938AEE91E79F938F930E9417F847
:1071800085EE9CE10E94495A1F928F9386EC91E70D
:107190009F938F930E9417F8C091181DD0E02DB7D0
:1071A0003EB72C5E3F4F0FB6F8943EBF0FBE2DBFCB
:1071B00000EC11E78091171D90E0C817D907A9F0DE
:1071C000C233D10510F0C0E0D0E0FE01EB51F34E28
:1071D00080811F928F931F930F930E9417F821961F
:1071E0000F900F900F900F90E5CF809105088F932F
:1071F000809104088F93809103088F9380910208F7
:107200008F938CEA91E79F938F930E9417F8809158
:1072100001081F928F9387E991E79F938F930E94B4
:1072200017F88AE997E00E9458AC9F938F9380E704
:1072300091E79F938F930E9417F886E79CE00E9446
:1072400058AC9F938F9386E491E79F938F930E940E
:1072500017F880E79AE00E943FAC9F938F938EE1EE
:1072600091E79F938F930E9417F884E79CE00E9418
:1072700058AC9F938F9388EF90E79F938F930E94D2
:1072800017F88091780C9091790C9F938F9387EDEC
:1072900090E79F938F930E9417F88091ED0C909147
:1072A000EE0C9F938F938DEB90E79F938F930E94AB
:1072B00017F88091F40CEDB7FEB7B2960FB6F894BC
:1072C000FEBF0FBEEDBF1F928F9380EA90E79F93A2
:1072D0008F930E9417F882E79CE00E9458AC9F931E
:1072E0008F9389E690E79F938F930E9417F888E227
:1072F00091E20E9458AC9F938F938AE390E79F930B
:107300008F930E9417F88091F0061F928F9384E26A
:1073100090E79F938F930E9417F88091D60C9091DD
:10732000D70C9F938F938FE090E79F938F930E944A
:1073300017F88091FA068F938091F9068F9384EF66
:107340009FE69F938F930E9417F88091F10690918A
:10735000F206A091F306B091F406BF93AF939F930A
:107360008F9387ED9FE69F938F930E9417F88091EC
:10737000F7061F928F9380EC9FE69F938F930E9456
:1073800017F88091F6062DB73EB72E5D3F4F0FB62A
:10739000F8943EBF0FBE2DBF1F928F9389EA9FE6E0
:1073A0009F938F930E9417F88091F5061F928F93F9
:1073B0008DE89FE69F938F930E9417F88DB79EB735
:1073C00008960FB6F8949EBF0FBE8DBFC0E0D0E008
:1073D00092E3C92E92E0D92E09EF1EE624E1E22EB7
:1073E0002FE6F22ECC9DF001CD9DF00DDC9DF00D31
:1073F0001124E451F04F8081882351F14689578947
:1074000086809780A084B184248135818281938194
:10741000718160815F934F93BF92AF929F928F92E1
:107420003F932F939F938F931F927F931F926F93FE
:10743000DF93CF93FF92EF920E9417F82DB73EB7DC
:107440002E5E3F4F0FB6F8943EBF0FBE2DBF0AC051
:10745000DF93CF931F930F930E9417F80F900F9015
:107460000F900F902196C330D10509F0BBCF8091CA
:107470005E078F9380915D078F9387EE9EE69F93C3
:107480008F930E9417F880915C078F9380915B0720
:107490008F9380915A078F93809159078F938FEC28
:1074A0009EE69F938F930E9417F88EEF96E00E94BE
:1074B0003FAC9F938F9380EA9EE69F938F930E94A9
:1074C00017F88091FD068F938091FC068F938CE7CF
:1074D0009EE69F938F930E9417F88091D50C8F930F
:1074E0008091D40C8F938EE59EE69F938F930E949C
:1074F00017F88091B8248F938091B7248F9384E4F8
:107500009EE69F938F930E9417F88FEC9CE10E9458
:10751000BF856091D01C5091D11C4091D21C8091AC
:10752000D61C9091D71C3091D51C2091D41C709101
:10753000BC2D1F927F931F926F931F925F931F9298
:107540004F939F938F931F923F931F922F938EEF92
:107550009DE69F938F930E9417F887E880937A00A7
:107560008EE580937C0010927B00EDB7FEB7BA9653
:107570000FB6F894FEBF0FBEEDBF8EEE9DE69F9353
:107580008F930E9417F80F900F90CAE0C12C80E3F0
:10759000D82E81E1E82EF12C09EE1DE680917A00CB
:1075A000806480937A0080917A0086FDFCCF2091E0
:1075B0007800309179002115310511F421E030E097
:1075C00040E050E0C701B6010E94E2F55F934F939F
:1075D0003F932F931F930F930E9417F8C1500F9062
:1075E0000F900F900F900F900F90C1F68091240391
:1075F0008F93809123038F93809122038F938091A7
:1076000021038F938091800E8F9380917F0E8F93B3
:1076100080917E0E8F9380917D0E8F938091840E4A
:107620008F938091830E8F938091820E8F938091A0
:10763000810E8F9389E69DE69F938F930E9417F8A2
:107640000E9460802DB73EB7225F3F4F0FB6F8947F
:107650003EBF0FBE2DBF81E0DF91CF911F910F91F3
:10766000FF90EF90DF90CF90BF90AF909F908F9062
:107670000C9442972091780C3091790CE091ED0CAC
:10768000F091EE0C6091D60C7091D70CA7E1A29FFF
:10769000A001A39F500D1124AFE1AE9F9001AF9FB9
:1076A000300D112424273527EFE2E69FA001E79F44
:1076B000500D1124242735276091F9067091FA06A0
:1076C000E3E5E69FA001E79F500D1124242735270D
:1076D0006091810E7091820EE5E6E69FA001E79F22
:1076E000500D112424273527822393230895DF92F8
:1076F000EF92FF920F931F93CF93DF93CDB7DEB737
:1077000063970FB6F894DEBF0FBECDBF7C01D62EB7
:107710000E942EAD4D2D50E060E070E081E594E9CF
:107720000E945998E114F10419F48AE494E901C023
:10773000C7010E9442988091E221882351F08091F4
:1077400000078D1530F483E194E90E94429880E0AF
:1077500050C0E114F10429F41092E22110920007C4
:1077600041C0CE0101960E948A856A815B814C816D
:10777000888599853F812E811F926F931F925F9319
:107780001F924F939F938F931F923F931F922F931C
:1077900084EF93E99F938F9302EE11E21F930F936F
:1077A0000E943EF8F80101900020E9F74AEA52E20F
:1077B0004E1B5F0BB701C8010E94BBF61092A922B5
:1077C000D09200078091201F81500FB6F894DEBF41
:1077D0000FBECDBF8A3030F48091F20C8695809335
:1077E000CC1C02C01092CC1C82EE93E90E944298FD
:1077F00081E063960FB6F894DEBF0FBECDBFDF9178
:10780000CF911F910F91FF90EF90DF90089580919D
:107810005807833020F48F5F809358070895609154
:10782000AE228DE190E00E94436361E060DF109240
:107830001E0710925D0A0895CF939091201F98170C
:1078400009F4E9C2C82F1092EE0C1092ED0C809151
:10785000C5188230B8F00E943F990E942EAD409129
:10786000201F50E060E070E08EE893E90E94599894
:107870004C2F50E060E070E083E893E90E94599853
:107880000E944499C63109F43DC208F0C6C0CC300C
:1078900009F4C8C108F0A1C0C23009F45CC108F005
:1078A0004FC0CC2309F429C1C13009F0B4C287E02C
:1078B0000E94305785E00E94305785E00E94305783
:1078C00081E00E94435780E00E94435783E00E947A
:1078D000305782E00E94305784E00E94305781E0A8
:1078E0000E948E8382E00E94978383E00E949783A8
:1078F000C093F60CC0932A2185EE9CE10E94F259B8
:107900008EEA91E20E94F2591092AA2176D8109242
:107910004008C093AF221092B3221092760A1092C0
:10792000750A109245081092440810924708109268
:10793000460810924308109241081092992143C1C1
:10794000C43009F41EC1CB3009F065C287E00E9443
:10795000305785E00E94305785E00E94305781E023
:107960000E94305780E00E94305783E00E943057D9
:1079700082E00E94305784E00E94435781E00E94D9
:10798000978382E00E948E8383E00E94978381E048
:107990008093F60C80932A2185EE9CE10E94F25997
:1079A0008EEA91E20E94F2591092AA211092B3221B
:1079B0001092760A1092750A1092400810923F08B1
:1079C00010924508109244081092470810924608F9
:1079D000109243081092410822C1C23109F441C1FA
:1079E000A8F4CD3009F42AC1CE3009F014C281E0E8
:1079F0000E94435780E00E94435785E00E9443570E
:107A000081E08093F60C80932A21D9C0C33109F418
:107A10002CC1C53109F435C1FEC1CB3209F4C1C155
:107A200098F5C03209F4D4C040F5C93109F429C130
:107A3000CF3109F0F0C187E00E94305785E00E9405
:107A4000305785E00E94305781E00E94305780E037
:107A50000E94305783E00E94305782E00E943057E6
:107A600084E00E94305781E00E94978382E00E9468
:107A7000978383E00E948E83CCC1C93209F453C13D
:107A8000CA3209F4C6C1C7C1C43309F49BC170F539
:107A9000CC3209F48BC1C33309F0BDC187E00E9429
:107AA000305785E00E94305785E00E94305781E0D2
:107AB0000E94305780E00E94305783E00E94305788
:107AC00082E00E94305784E00E94305781E00E949B
:107AD0008E8382E00E948E8383E00E9497831092BF
:107AE000B3221092760A1092750A93C1C53309F435
:107AF0008AC1C33609F48DC18EC185E00E9430571A
:107B000084E00E94305783E00E94305781E00E9459
:107B1000305782E00E94305780E00E94305787E063
:107B20000E94435785E00E94435781E00E9497835B
:107B300082E00E94978383E00E9497831092B32291
:107B40001092A6211092760A1092750A8CE197E0A5
:107B50000E944DAC64C0109202081092030810926B
:107B6000040810920508109201088DE997E00E9420
:107B7000F09C81E080939C070E94FDB48AE997E025
:107B80005AC085E00E94435781E00E94435780E03D
:107B90000E94435783E00E94435782E00E9443576C
:107BA00081E08093F60C80932A210E948E8382E0EC
:107BB0000E94978383E00E9497830E94FDB486E72A
:107BC0009CE00E944DAC80E79AE00E9434AC21C159
:107BD00085E00E94305784E00E94305783E00E9485
:107BE000305781E00E94305782E00E94305780E099
:107BF0000E94305787E00E94305785E00E9430573E
:107C000081E00E94978382E00E94978383E00E9434
:107C10008E831092B3221092760A1092750A1092F7
:107C20009921F7C083E00E94435782E00E944357A6
:107C3000119A82E497E00E944DACEBC083E00E9471
:107C4000435782E00E94435784E79CE00E944DAC7A
:107C500080E79AE00E9434AC109299210E94FDB412
:107C6000D8C085E00E943057AECF83E00E943057E5
:107C700082E00E94305785E00E94305784E79CE004
:107C8000DACF87E00E94305785E00E94305785E0C8
:107C90000E94305781E00E94305780E00E943057A8
:107CA00083E00E94435782E00E94435784E00E9491
:107CB000435781E00E94978382E00E948E8383E095
:107CC0000E94978385EE9CE10E94F2598EEA91E230
:107CD0000E94F2591092AA2181E08093F60C8093C1
:107CE0002A210E94FDB4109240081092450810927B
:107CF00044081092470810924608109243081092C8
:107D000041087CC081E00E94435780E00E944357B5
:107D100085E00E94435781E08093F60C80932A21EE
:107D200082E79AE04ECF85E00E94435781E00E94AF
:107D3000435780E00E94435783E00E94435782E00C
:107D40000E94435781E08093F60C80932A210E9481
:107D50008E8382E00E94978383E00E9497830E9433
:107D6000FDB486E79CE00E944DAC109271076091D3
:107D7000AE2281E190E00E944363BC0183EB92E27A
:107D80000E948CF6E3EBF2E201900020E9F73197D4
:107D9000E35BF242FF27ED54FD4D8EE080831182BC
:107DA00038C085E697E00E94D59F33C06091AE222F
:107DB00086E190E00E944363BC0183EB92E20E9463
:107DC0008CF627C084E00E94435783E00E9443570B
:107DD00083E00E948E8385EE9CE10E94F2598EEA38
:107DE00091E20E94F2591092AA2181E08093F60C50
:107DF00080932A210E94FDB41092400880E79AE007
:107E00000E9434AC0CCF81E00E94435785E00E9471
:107E10004357C093201FCF9108950F931F93CF9383
:107E2000DF93EC018091C5188230A8F00E942EAD3E
:107E300080E89FE80E944298FE0101900020E9F747
:107E40003197BF016C1B7D0BCE010E94CB988DE753
:107E50009FE80E94429880913B08882309F470C0F3
:107E600043E050E069E77FE8CE010E94CBF6892B22
:107E700029F46091AE2288E090E04CC042E050E0EE
:107E800066E77FE8CE010E94CBF6892B61F4609112
:107E9000AE2289E090E00E94436362E0DF91CF91DF
:107EA0001F910F9124CC42E050E063E77FE8CE01C0
:107EB0000E94CBF6892B29F46091AE228AE090E0F3
:107EC000EACF43E050E06FE67FE8CE010E94CBF6B8
:107ED000892B29F46091AE228BE090E0DCCF43E067
:107EE00050E06BE67FE8CE010E94CBF6892B29F4A7
:107EF0006091AE228CE090E0CECF42E050E068E6A8
:107F00007FE8CE010E94CBF66091AE22892B31F43E
:107F10008DE090E00E94436363E0C0CF8EE090E08C
:107F20000E94436362E0E3DB882309F44EC0BE0194
:107F300082EE91E2DF91CF911F910F910C945EF749
:107F400003EB12E2F80101900020E9F73197CF012D
:107F5000835B9242FE0101900020E9F73197EC1B10
:107F6000FD0BE80FF91FE63FF14078F563E67FE887
:107F7000C8010E948CF6F80101900020E9F7CF01BA
:107F8000BE0101970E947DF760E67FE8C8010E946C
:107F90008CF68091201F8230C1F480913A088823AA
:107FA00039F083EA0E94DC5881E08093992107C070
:107FB00085EA0E94DC588EE69AE00E944DAC82E190
:107FC000DF91CF911F910F9137CCDF91CF911F910E
:107FD0000F9108951092CB1C1092CA1C1092AC21E4
:107FE0001092AB2182E79CE00C944DAC80913E084E
:107FF0008093F20C209132253091332582E392E078
:10800000289FF001299FF00D389FF00D1124E451B5
:10801000F04F86819781A085B1858093680A9093FF
:10802000690AA0936A0AB0936B0A82E08093C71C26
:108030001092C61C10925F0A10925E0A1092AF2234
:1080400088EC9CE10E944DAC82E69AE00E944DAC27
:10805000C1DF8BE0F1CBCF93C82F8091C518823060
:1080600058F00E942EAD4091201F50E060E070E07B
:1080700080E193E90E9459988091201F873198F4FC
:108080008531F8F4843009F440C028F481508230FE
:1080900008F04DC016C08B3008F449C08E30E8F0AF
:1080A0008E3099F144C08D3228F4893250F48931F0
:1080B00041F03DC08333D8F1853348F0853329F151
:1080C00036C0CC23A1F10E94EBAF83E12EC08433F4
:1080D00011F40E94EBAF80E228C08091C518823075
:1080E00078F00E943F990E942EAD4091201F50E0F1
:1080F00060E070E08DEE92E90E9459980E944499E8
:108100008091201F8D3039F7E4CF8091C5188230DF
:1081100058F00E942EAD4091201F50E060E070E0CA
:1081200089EB92E90E94599882E1CF9185CBCF915A
:1081300008952F923F924F925F926F927F928F920B
:108140009F92AF92BF92CF92DF92EF92FF920F93E6
:108150001F93CF93DF93CDB7DEB72B970FB6F8946D
:10816000DEBF0FBECDBF612C712C00E010E05524A6
:108170005394A090CA1CB090CB1C0A151B0508F0A4
:1081800045C39801275E324E7901F901D080FDE0A8
:10819000DF16F1F02AE0D216D9F080EE8D0D8F3582
:1081A000B8F08D2D0E94BAAC882309F47CC0809170
:1081B000AF22823009F077C0C5010197081719076F
:1081C00039F0F70181810E94BAAC882309F46BC0B1
:1081D000F2E0F093AF22E3EBF2E201900020E9F746
:1081E0003197E35BF242EE3F21E0F2070CF001C36E
:1081F000ED54FD4D35E2D31203C087E0808307C004
:1082000090E4D91203C027E1208301C0D0821182FB
:1082100068013FEFC31AD30A809144089091450842
:10822000019690934508809344088FEF681A780A66
:108230001092C61C8091201F8B3009F0D8C280910B
:1082400057078823E1F080E00E940EB097FDCFC26F
:1082500081E00E940EB080933F08909157079130C3
:1082600011F4882361F08FE398E00E9438AD8823F1
:1082700011F08CE016C085E99FE70E94D3AD809194
:10828000C518823058F00E942EAD4091570750E03B
:1082900060E070E087E69FE70E9459985092C61C04
:1082A00080E2CADAA4C2D11005C068019FEFC91AE2
:1082B000D90A9DC2E1E0DE121CC0D092AF2210921A
:1082C000C61C8091201F8B3009F085C2F701828186
:1082D00080933F088FE398E00E9438AD882311F027
:1082E0008CE005C084E69FE70E94D3AD80E2A4DA6B
:1082F00072C2F2E0DF1293C05092AF22F7014180C8
:10830000842C912C1801F2E02F0E311C6101C80C55
:10831000D91CAC14BD0408F46AC085EE9CE10E942F
:10832000495A9401280F311D223331050CF05FC0EA
:108330008091C518833019F50E942EAD85EE9CE121
:108340000E94495A482F50E060E070E089E59FE7BD
:108350000E945998442D50E060E070E085E59FE769
:108360000E94599880914408A401480F511D052E80
:10837000000C660B770B8FE49FE70E945998809161
:10838000440890914508880E991E90924508809265
:1083900044088101075E124E442049F0F8016191C2
:1083A0008F0185EE9CE10E941B5A4A94F5CF809183
:1083B0004008882381F085EE9CE10E94495A89316A
:1083C00050F48091C518823020F085E39FE70E9429
:1083D0008AAD109240088091201F8B3009F007C2AF
:1083E0008CE02ADA88E19FE70E948AAD00C2809182
:1083F0004008811108C08091C518823020F08EEFAE
:108400009EE70E948AAD81E080934008A090CA1C3C
:10841000B090CB1C0A151B0508F0F8C1EAC18DEF1E
:108420008D0D823008F042C05092AF22F70191804A
:108430006801F2E0CF0ED11CC601890D911DA8166E
:10844000B90620F4AA94AA949A2C901A8091C5187F
:10845000092D10E0992089F08823B1F08FED9EE777
:108460000E948AADB8016E5F7F4FC7010E94CB9812
:108470008CED9EE70E94429807C0823080F08EEB20
:108480009EE70E948AAD0BC08091201F823009F4C4
:10849000FCC1843009F4F9C18E3009F4F6C1C00E74
:1084A000D11E81E0D8DD5092C61CA1C126E0D212B7
:1084B0005CC05092AF22F701D1808091201F8B3099
:1084C00051F580E00E9455AE8823F9F083EA0E94BE
:1084D000DC588DE0B1D98091C5188230C8F10E9476
:1084E0002EAD40913F0850E060E070E08DE99EE7DE
:1084F0000E9459984091F20C469550E060E070E07F
:108500008AE89EE70E94599823C086E89EE70E9469
:10851000D3AD80E21CC08230D9F48091C51882307E
:1085200020F08BE49EE70E948AAD80913A08882370
:1085300031F083EA0E94DC585092992107C085EA05
:108540000E94DC588EE69AE00E944DAC84E074D91B
:10855000DD2021F0F7018281809343080E5F1F4FD9
:1085600098012D0D311D690142C137E0D31261C060
:108570005092AF22F701D180DD2009F496C0F2803D
:108580008091C518823050F00E942EAD4F2D50E0E2
:1085900060E070E081E29EE70E94599880915E0A57
:1085A000F81203C0F0925F0A08C0F1E0FF1518F45A
:1085B00050925E0A02C0F0925E0A80915F0A8111B9
:1085C00074C08091AB219091AC21883F21E092074B
:1085D00008F06BC0FC01EF5DF04E37E0308325E022
:1085E000218303969093AC218093AB2120915E0A66
:1085F000228360E176E98F5D904E0E94ABF6809118
:10860000AB219091AC2104969093AC218093AB2147
:108610008091C518823008F448C00E942EAD409168
:108620005E0A50E060E070E08BEF9DE70E94599891
:108630003CC098E0D91240C05092AF22F701D180DF
:10864000F1E0FD1590F580911007813071F5F7018B
:10865000828190E0982F88272381820F911D90932B
:1086600013078093120780913225909133250E9441
:10867000418C2FEF3FEF309333252093322510921A
:10868000C71C1092680A1092690A10926A0A109226
:108690006B0A1092C61C1092AC211092AB21109262
:1086A000CB1C1092CA1C80E2C7D80E5F1F4FC801B6
:1086B0008D0D911D6C019BC099E0D91288C0F70106
:1086C0008180C80102966C01C80CD11CAC14BD0499
:1086D00008F458C0FC01E75EF24E208131818091A0
:1086E0005F07909160072817390709F0E7C0F70185
:1086F00094808FEE890D833008F0E2C0E82EF12CD3
:10870000F8E2FE9DC001FF9D900D11249C012654AE
:108710003B4D5901B801625E724E47E250E0C9011B
:108720000E9494F7F701EE0FFF1FEE0FFF1FE656B2
:10873000FE4D1082118212821382F701EE0FFF1F8D
:10874000E65DFE4FB501808191810E943C6B809176
:10875000AB219091AC21FC01EF5DF04E36E030830F
:1087600022E02183128204969093AC218093AB2166
:1087700093820E942EAD492D50E060E070E083E3CB
:108780009DE722C011E08FEE9DE70E94D3AD0E94CD
:108790002EAD412F50E060E070E084ED9DE70E9437
:1087A0005998482D50E060E070E08CEC9DE70E9405
:1087B000599823E0281508F085C0F701448150E05E
:1087C00060E070E08FEB9DE70E94599810C08091A7
:1087D000AF22813041F4F70181810E5F1F4F6801A4
:1087E000C80ED11C04C06801FFEFCF1ADF0A860152
:1087F000C0CCA01AB10AA501B70189E19DE10E9490
:1088000015F7B092CB1CA092CA1C04C01092CB1CCE
:108810001092CA1C8091C518833009F057C06114AA
:10882000710409F453C00E942EAD85EE9CE10E94B4
:10883000495AE3EBF2E201900020E9F73197AF01EA
:10884000435B5242E6E7FAE001900020E9F73197F6
:10885000E657FA404E0F5F1F480F511D60E070E071
:1088600084EB9DE70E945998A30160E070E080EBE3
:108870009DE70E9459984091440850E060E070E004
:108880008AEA9DE70E94599821C0892D8B3008F013
:108890008AE0A82EB12CA501B601675E724ECE010A
:1088A00001960E9494F7E1E0F0E0EC0FFD1FEA0D65
:1088B000FB1D1082CE010196B0DAF1CD12E063CF3C
:1088C00013E061CF40E050E0BA017CCF2B960FB6A9
:1088D000F894DEBF0FBECDBFDF91CF911F910F91F6
:1088E000FF90EF90DF90CF90BF90AF909F908F90D0
:1088F0007F906F905F904F903F902F90089528E267
:10890000289FF001299FF00D1124E654FB4D208192
:10891000222329F1FC01E15CF84F20812C30A0F0EA
:10892000880F991F885C984F0E943FAC20913E07AA
:10893000211103C048E354E002C048E750E021E0C1
:108940004817590778F00BC0263058F0880F991F48
:10895000885C984F0E943FAC21E04F9718F420E0CC
:1089600001C021E0822F08950F931F93CF93DF93CF
:108970008330910558F5EC01880F991F885C984F5A
:108980000E9434AC8E01015C184FF80180818C305C
:1089900010F48E5F808388E791E90E948AAD28E217
:1089A0002C9FC0012D9F900D112486549B4D0E9439
:1089B0001198F801408150E060E070E088E591E9AD
:1089C000DF91CF911F910F910C945998DF91CF9126
:1089D0001F910F9108950F931F93CF93DF938330CF
:1089E000910528F58C01015C184FF80120812223A4
:1089F000F1F0EC012150208385E491E90E948AADD9
:108A000028E22C9FC0012D9F900D112486549B4D70
:108A10000E941198F801408150E060E070E082E22D
:108A200091E9DF91CF911F910F910C945998DF91AB
:108A3000CF911F910F910895AF92BF92CF92DF9285
:108A4000EF92FF920F931F93CF93DF938C017B01E3
:108A500056DF882309F49CC088E2809FE001819F53
:108A6000D00D1124C654DB4D8881882309F490C0B1
:108A7000C801880F991F885C984F0E9434ACCE01C2
:108A80000E948D746801CC0CDD1CCC0CDD1C9601A1
:108A900026563E4D5901F901608371838283938389
:108AA000672B682B692B41F4CE010E947471F5018C
:108AB0006083718382839383F601E656FE4D608165
:108AC0007181828193816F3FFFEF7F078F079F073F
:108AD00009F44AC043E25EE20E9416956C0180915F
:108AE000C5182FEFC216D20661F18230B8F08BE2C2
:108AF00092E90E948AADCE010E941198A6010D2C28
:108B0000000C660B770B8DE092E90E945998C70123
:108B10000E94429889E092E90E944298C8015BDF76
:108B200080913E07882349F06091AE2284E090E076
:108B30000E94436361E00E9477BB10923E07C6012A
:108B400029C0882319F18EED91E90E948AADCE01EA
:108B50000E9411988BEC91E90E944298C7010E94F3
:108B6000429887EC91E910C082EB91E90E948AADAE
:108B7000CE010E94119880E991E90E944298C701B4
:108B80000E9442988BE891E90E944298C801ECDE6D
:108B90008FEF9FEFDF91CF911F910F91FF90EF909B
:108BA000DF90CF90BF90AF9008950F931F93CF9316
:108BB000DF9320912407309125072F3F3F4F29F560
:108BC0008C01C0E0D0E0B801CE0136DF90932507DC
:108BD00080932407019619F0C093230716C02196AD
:108BE000C330D10581F780913E07811109C06091A2
:108BF000AE2283E090E00E94436361E00E9477BB75
:108C000081E080933E0780E001C081E0DF91CF9159
:108C10001F910F910895CF93DF93CDB7DEB7C6565E
:108C2000D1090FB6F894DEBF0FBECDBF81E08093AF
:108C30009C078091C518823020F08EEF9CE70E943F
:108C40008AAD8CEE9CE7B1DF8823F1F083E0898365
:108C500085E08A838091020890910308A09104081E
:108C6000B09105088B839C83AD83BE8381E08F83A5
:108C700020E0AE014F5F5F4F67E070E08091240716
:108C8000909125070E945C93CA59DF4F0FB6F89464
:108C9000DEBF0FBECDBFDF91CF910895AF92BF92DF
:108CA000CF92DF92EF92FF921F93CF93DF93EC016D
:108CB000162F8EA5833009F448C030F4813009F4B2
:108CC00044C0823039F0D0C0863020F0863009F4BC
:108CD000B7C0CAC07E012BE5E20EF11CF70180810E
:108CE0009181892B39F4112319F082EE91E095D806
:108CF00081E073C18091C5189E01295A3F4F6901D7
:108D00008230A0F089E091E90E948AADF60160818D
:108D10007181828193810E949198F70140815181F4
:108D200060E070E08EEF90E90E945998F601808132
:108D30009181A281B3818093680A9093690AA0937C
:108D40006A0AB0936B0AF7014CC06E01FBE5CF0EC7
:108D5000D11CF60180819181892B29F27E01FFE2ED
:108D6000EF0EF11CC7010E9474715E0127E5A20E8F
:108D7000B11CF50160837183828393832091C518B0
:108D80006F3F7F4F8F4F9F4F09F447C02230D8F07D
:108D90008FED90E90E948AADC7010E9411988BED7A
:108DA00090E90E944298F5016081718182819381EE
:108DB0000E949198F6014081518160E070E080ED61
:108DC00090E90E945998F50180819181A281B38137
:108DD0008093680A9093690AA0936A0AB0936B0A19
:108DE000F601808191819093670A8093660A409191
:108DF000660A5091670A6091680A7091690A8091C9
:108E00006A0A90916B0A0E9416959093332580937D
:108E10003225019609F049C037C0222359F08EEB64
:108E200090E90E948AADC7010E9411988CEA90E9EE
:108E30000E944298112309F45BCF86EE91E057CF50
:108E40008FE890E90E948AAD112321F089EE91E02C
:108E50000E940DBF6091AE2286E090E00E944363C5
:108E600063E00E9477BBB8C08091C518882321F0C9
:108E700082E790E90E948AAD112309F4ADC082EE29
:108E800091E00E940DBFA8C08091C518882321F0F1
:108E900088E390E90E948AAD8FEF9FEF909333258E
:108EA000809332251092C71CC5CF94D881E080935F
:108EB000C71C1092C61C10925F0A80935E0A88EC51
:108EC0009CE10E944DAC82E69AE00E944DAC62E0CB
:108ED00080E090E00E9477BB8EA583509091C518EA
:108EE000823048F5923070F00E942EAD40913225CC
:108EF00050913325052E000C660B770B8BEE9FE807
:108F00000E94599880913A08882339F083EA0E9498
:108F1000DC5881E08093992107C085EA0E94DC58E3
:108F20008EE69AE00E944DAC84E00E941CBC82E078
:108F30008093AF224FC0C35ADF4F9230F8F00E94A7
:108F40002EAD4091322550913325052E000C660B35
:108F5000770B8BEB9FE80E945998488150E060E0C6
:108F600070E085EA9FE80E94599840915E0A50E0BF
:108F700060E070E083E99FE80E94599811E0109347
:108F8000AF228091AB219091AC21FC01EF5DF04EBE
:108F900027E0208325E0218303969093AC218093E2
:108FA000AB2120915E0A228360E176E98F5D904ECD
:108FB0000E94ABF68091AB219091AC21FC01EF5D5A
:108FC000F04E1483158307969093AC218093AB21C8
:108FD0008881868380E001C082E0DF91CF911F917C
:108FE000FF90EF90DF90CF90BF90AF900895DF9209
:108FF000EF92FF920F931F93CF93DF938091201FE7
:109000008E3061F0843051F0853341F0982F9B7F92
:10901000923121F08952843008F071C185EE9CE1D3
:109020000E94F659882309F46AC18091B3228823EB
:1090300009F4EAC08091760A8111E6C0D091750AE0
:1090400010E000E0C0E0802F90E09C012D543D4DE9
:109050007901F9018081882309F465C0C23608F0DE
:1090600062C09091740A9D1708F45DC061E00E948F
:109070008A560F5F8F3F61F021E02C0FF70180814E
:10908000EC2FF0E0EA58F54F80838D3049F443C06F
:1090900063E0F70180810E948A568F3F69F70AC01A
:1090A0008A3011F4C22F3FC0DF5F8032B9F18D32B8
:1090B000C1F534C0F7016081673141F421E02C0F24
:1090C000D0E0CA58D54F6883118226C070E08EEF79
:1090D00095E90E9497F6009719F121E02C0F8E5F19
:1090E0009549FC01E451FA46E491AC2FB0E0AA584E
:1090F000B54FEC93FC01E652FA468491E22FF0E082
:10910000EA58F54F8083803211F4DF5F0AC022E015
:109110002C0FDE5F06C010E0D0E003C0122F01C0AC
:109120002C2FC22F90CF8091740A8D1758F582E0B2
:10913000D82EDC0E1123C9F0E12EF12C1C1760F49F
:109140004C2F50E04E195F09B7016A58754FC7019F
:109150008858954F0E9415F7F701EA58F54F8DE0B2
:1091600080838AE08183CD2D0DC0E1E0EC0FD0E05B
:10917000CA58D54F8DE08883CD2DF0E0EA58F54FE1
:109180008AE08083D0E0FE01EA58F54F108280919A
:10919000C51810E0843038F18BE49FE80E948AAD56
:1091A000B80183EB92E20E94CB98E3EBF2E20190EC
:1091B0000020E9F73197AF01435B5242401B510B4E
:1091C00060E070E082E49FE80E9459988DE29FE899
:1091D0000E948AADBE0186E79AE00E94CB988AE29F
:1091E0009FE80E944298E3EBF2E201900020E9F749
:1091F000AF01401B510B435B5242B8016D547D4D92
:1092000083EB92E20E9415F78091760A882309F495
:1092100076C0C6E7DAE08E0106571A4088818111D0
:1092200018C08091C518843008F44EC00E942EAD3D
:10923000A80160E070E08AEE9EE80E945998409193
:10924000AA2150E060E070E088ED9EE80E94599805
:109250003BC085EE9CE10E94FD598111E2CF8991CE
:109260008D3019F41092750A1FC09091750A9F5F96
:109270009093750A8731C1F48091B3228111CBCFCD
:1092800088818D3059F489818A3029F68A8181114B
:10929000C2CF87E10E942AAE1882BDCF8111BBCF19
:1092A00087E10E942AAEB7CF0E942AAE882309F434
:1092B000B2CF8091201F863109F0ADCFFE013197EA
:1092C00080810E940AAEA7CF01151105C1F0E6E723
:1092D000FAE001900020E9F7AF01401B510B46571F
:1092E0005A40B8016A58754F86E79AE0DF91CF91EE
:1092F0001F910F91FF90EF90DF900C9415F7DF9185
:10930000CF911F910F91FF90EF90DF9008951F93E1
:10931000CF93DF93C82F162F0E9455AED82F809180
:10932000C518DD2371F0823040F04C2F50E060E032
:1093300070E08FEB9EE80E94599883EA0E94DC5807
:109340001DC0882341F04C2F50E060E070E08CE9B4
:109350009EE80E945998111109C06091AE228FE0D9
:1093600090E00E94436364E00E9477BB1092B322B6
:109370001092760A1092A6211092750A8D2FDF9115
:10938000CF911F9108958F929F92AF92BF92CF92EB
:10939000DF92EF92FF921F93CF93DF93CDB7DEB7AB
:1093A00063970FB6F894DEBF0FBECDBFE4E4FDE2D5
:1093B000A0E0B0E01AE0228533852115310521F4C3
:1093C000A117E8F41A2F1BC0C080D180E280F3807F
:1093D000C616D706E806F90691F4E480F580E4168F
:1093E000F50669F44CE04A9FF0014B9FF00D112403
:1093F000EC5BF24D2F5F3F4F338722872AC01196D7
:109400003C96AA30B105B9F61A3019F17A014B0130
:109410005C01CE0101960E948A858CE0189FF001C4
:109420001124EC5BF24D80829182A282B382F5829C
:10943000E4828F859889A989BA8986839783A087D2
:10944000B18781E090E09387828786E291E20E9473
:109450004DAC81E063960FB6F894DEBF0FBECDBF72
:10946000DF91CF911F91FF90EF90DF90CF90BF9051
:10947000AF909F908F900895EF92FF920F931F935C
:10948000CF93DF9320912D07222309F4C5C0F42E3A
:10949000062FEC0110912A07112309F44EC08BE22C
:1094A00097E00E943FAC4F9708F047C08BE297E0EF
:1094B0000E9434AC209709F4AFC040912607509128
:1094C00027076091280770912907C65BDD4F288127
:1094D000398182E392E0289FF001299FF00D389FA7
:1094E000F00D1124E451F04F86819781A085B1855C
:1094F000411551056105710549F480932607909344
:109500002707A0932807B0932907A2C084179507BF
:10951000A607B70709F480C0FF2009F498C00E948D
:109520005780602F83E290E00E9443639F938F9364
:109530000E9417F80E94608088C0209709F487C0B5
:10954000FF2009F484C07E018AEFE81A8DEFF80A43
:10955000F70180819181892BF9F410922A070E94EA
:10956000578088E199E70E945F51602F80E290E088
:109570000E94436320E030E04AE050E069E179E78F
:109580000E94CA51602F81E290E00E9443630E94D2
:109590008B520E9460805BC069E179E7CE010E9436
:1095A000907E892BD1F269E179E7CE010E945C7E41
:1095B0008D5E9E4FFC01EE0FFF1FEC0FFD1F6DE255
:1095C00077E0808191810E9474F7892B39F581E0E1
:1095D00080932A07C65BDD4F2881398182E392E0C0
:1095E000289FF001299FF00D389FF00D1124E451C0
:1095F000F04F86819781A085B1858093260790934F
:109600002707A0932807B09329078BE297E00E94D1
:1096100034ACF7011182108211E01AC00E94578009
:10962000602F82E290E00E9443639F938F930E9499
:1096300017F80E94608010922A07602F84E290E061
:109640000E94436363E00E9477BB0F900F9010E08D
:10965000812FDF91CF911F910F91FF90EF9008958F
:10966000EF92FF920F931F93CF93DF93009711F424
:1096700080E096C08B01EC018091C5189E012A5FA5
:109680003D4F7901823008F440C088E099E70E949C
:109690008AADFE01E65BFD4F2081318182E392E0DD
:1096A000289FF001299FF00D389FF00D1124E451FF
:1096B000F04F66817781808591850E94919886E040
:1096C00099E70E944298F70120813181CE010296EC
:1096D0002115310511F4FC010AC0F901EE5EFE4FBF
:1096E000EE0FFF1FEC0FFD1F0190F081E02D0190A8
:1096F0000020E9F7BF0161507109681B790B0E94D6
:10970000CB9883E099E70E944298F701808191818C
:10971000892B09F4ADCF6FEF78E7CE010E94907EE0
:10972000892B09F4A5CF6FEF78E7CE010E945C7E0C
:109730008D5E9E4F880F991FC80FD91F0990D88141
:10974000C02D6CEF78E7CE010E94A2F6892B19F4A8
:10975000F80110821DC069EF78E7CE010E94A2F6E1
:10976000892B11F481E012C066EF78E7CE010E94E8
:10977000A2F6892B11F482E009C063EF78E7CE01ED
:109780000E94A2F6892B09F073CF83E0F801808351
:10979000F70180819181019711F41182108281E09B
:1097A000DF91CF911F910F91FF90EF9008959F92BD
:1097B000AF92BF92CF92DF92EF92FF920F931F93DF
:1097C000CF93DF93CDB7DEB7C05BD1090FB6F89466
:1097D000DEBF0FBECDBF8C01FC01EA5FFD4FE08014
:1097E000F18069E376E03CDF41E01E141F040CF0D9
:1097F00040E060913906C8013FDE982E1982CE55AF
:10980000DF4F1882C25AD0400E945780992009F435
:10981000F1C064ED75E9C8010E94907E9E012F5F42
:109820003F4F7901892B09F475C064ED75E9C801D2
:109830000E945C7E8D5E9E4FFC01EE0FFF1FE00FCD
:10984000F11F808191810E9433F65C018FEF8A0DB8
:109850006501DD248A3008F051C06FEC75E9C8015C
:109860000E94907E892BB9F06FEC75E9C8010E94C7
:109870005C7E8D5E9E4F880F991FF801E80FF91FDF
:10988000608171814FE450E0C7010E9494F76196B6
:109890001FAE619701C01982898181110AC08A2D8A
:1098A0000E94D2AFB7010E94FC680197F9F01982BB
:1098B0001DC08D3221F48A81811101C019828A2D47
:1098C0000E94D2AFB7010E94806A9F938F93FF924C
:1098D000EF92DF92CF9289E59DE69F938F930E944E
:1098E00017F80FB6F894DEBF0FBECDBF4AE0BE0139
:1098F0006E557F4FC6010E94A3F70CC0DF92CF9236
:1099000081E49DE69F938F930E9417F80F900F902C
:109910000F900F908EE29DE60E945F516091390694
:1099200087E490E00E9443639E012E553F4F42E042
:1099300050E064ED75E90E94CA516091390688E4EF
:1099400090E00E94436397014FE450E06FEC75E9AB
:109950000E94CA51609139068EE590E00E944363EF
:109960000E948B5201E010E07E0192E5E90EF11CAD
:109970008FE1A82E8DE6B82E98E1C92E9DE6D92E4E
:10998000802F0E94D2AFB7010E94FC68019711F0AE
:10999000F7011082992051F01F930F93BF92AF925D
:1099A0000E9417F80F900F900F900F90FF92EF9278
:1099B000DF92CF920E9417F80F5F1F4F0F900F900A
:1099C0000F900F900B301105D9F60E946080C055A2
:1099D000DF4F0FB6F894DEBF0FBECDBFDF91CF9142
:1099E0001F910F91FF90EF90DF90CF90BF90AF90BD
:1099F0009F9008951E141F0444F3B4CFCF93DF93B8
:109A000064E276E02DDE8AE69CE69F938F930E94C7
:109A100017F88091201F0F900F90609124068631D7
:109A200009F050C085E290E00E9443639F938F93BA
:109A30000E9417F883EB92E29F938F9386E79AE058
:109A40009F938F93CEEDDAE0DF93CF9388E49CE68B
:109A50009F938F930E9417F88DB79EB70A960FB603
:109A6000F8949EBF0FBE8DBF8091C518833008F457
:109A700055C088E29CE60E948AAD09900020E9F773
:109A8000CE0189972AE08E3D920710F48EED9AE080
:109A9000FC0101900020E9F73197BF01681B790BA9
:109AA0000E94CB98EEEDFAE001900020E9F73197A3
:109AB000AF014E5D5A4060E070E080E29CE60E949B
:109AC00059982CC0811113C086E290E00E94436334
:109AD0009F938F930E9417F81092DE0A0F900F90B9
:109AE0008091C5188330D0F089EF9BE615C08F3187
:109AF00019F488E290E002C087E290E00E9443639C
:109B00009F938F930E9417F80F900F908091C51824
:109B1000833020F08FEC9BE60E948AAD0E9460802B
:109B200082E79AE0DF91CF910C944DACEF92FF92D7
:109B30000F931F93CF93DF931F92CDB7DEB78C01A6
:109B400063E276E08DDDF801EA5FFD4F808191816F
:109B5000892B09F49AC067EC7BE6C8010E94907ECD
:109B6000892B09F492C08091201F882321F0855110
:109B7000823008F08AC067EC7BE6C8010E945C7EF8
:109B80008D5E9E4FFC01EE0FFF1FE00FF11FE08086
:109B9000F18003EB12E2F80101900020E9F741EBBC
:109BA00054E24E1B5F0BB701C8010E9484F710926C
:109BB000B024F80101900020E9F7329780818034C9
:109BC00019F487E1808306C064EC7BE683EB92E2C4
:109BD0000E948CF68091C518823058F080EB9BE68D
:109BE0000E948AADC7010E9411988DEA9BE60E94EF
:109BF000429880E79AE00E9434AC82E79AE00E94A3
:109C00004DAC1091201F11112CC080E00E940EB0AD
:109C1000181619062CF481E00E940EB0898301C049
:109C20001982CE0101960E9438AD811101C01982BE
:109C30008091C518823050F00E942EAD498150E0CD
:109C400060E070E08AE89BE60E94599860E08981B4
:109C50005EDB882311F085E101C080E20E941CBC1C
:109C600014C068E87BE6C7010E94A2F6892B69F45C
:109C7000163159F48091C518823020F08CE59BE6AE
:109C80000E948AAD81E00E942BC00E9457808AE327
:109C90009BE69F938F930E9417F86091230689E2B9
:109CA00090E00E9443639F938F930E9417F889ED81
:109CB0009AE69F938F930E9417F8609123068AE299
:109CC00090E00E9443639F938F930E9417F888EA65
:109CD0009AE69F938F930E9417F8609123068BE278
:109CE00090E00E9443639F938F930E9417F88CE942
:109CF0009AE69F938F930E9417F80E9460800FB698
:109D0000F894DEBF0FBECDBF0F90DF91CF911F91B2
:109D10000F91FF90EF90089560E276E0A1DC0E9441
:109D2000578080912D07811105C0609120068BE43A
:109D300090E006C010922A07609120068CE490E023
:109D40000E9443639F938F930E9417F80F900F9088
:109D50000C946080CF93DF93EC016DE176E080DCC2
:109D600041E060911D06CE0187DB8823A9F0FE014A
:109D7000EA5FFD4F80819181892B49F06DE879E69A
:109D8000CE010E94907E892B11F080E001C081E01D
:109D9000DF91CF910C9481AFDF91CF910895CF9354
:109DA000DF93EC016AE376E05BDC41E060913A0628
:109DB000CE01DF91CF9160CB0F931F93CF93DF93B1
:109DC0001F92CDB7DEB78B01BE016F5F7F4F0E9440
:109DD000B7599981911105C08DE2F80180831182F4
:109DE00011C04AE0B80190E00E94A3F78981823057
:109DF00048F0F8018181811105C012828081818340
:109E000080E380830F90DF91CF911F910F91089590
:109E10004F925F926F927F928F929F92AF92BF927A
:109E2000CF92DF92EF92FF920F931F93CF93DF9326
:109E3000CDB7DEB7CA57D1090FB6F894DEBF0FBE53
:109E4000CDBF8091F9069091FA0601969093FA069B
:109E50008093F90688E291E20E944DAC80E00E9476
:109E60009783CE0186589F4F0E94CD59882309F4CD
:109E700066C2EB968FADEB97863A09F456C168F44B
:109E8000833A09F43EC028F49FEF980F9F3798F06B
:109E900054C2853A09F447C050C28C3A09F418C23A
:109EA00020F48A3A09F437C248C290E5980F9A30F4
:109EB00008F445C142C28091C518823060F00E940A
:109EC0002EADEB964FADEB9750E060E070E082E78F
:109ED0009EE80E9459988091201F8111F5C181E070
:109EE0000E941CBCEB968FADEB97880F8093F20C11
:109EF00080913D08811123C28091F20C80933E082D
:109F00001EC28091C518823020F08AE49EE80E942B
:109F10008AAD8091201F813009F0D6C186EA0E9467
:109F2000DC5882E0F5C18091201F8D3009F0BDC062
:109F30008091C518823020F081E29EE80E948AADAF
:109F40008EE00E941CBC81E080934208CE018959BA
:109F50009F4F0E948A85AA965FADAA97AB964FAD98
:109F6000AB97E0968EAD9FADE097AE963FADAE97C6
:109F7000AD962FADAD971F925F931F924F939F9316
:109F80008F931F923F931F922F938BE394E89F939D
:109F90008F938E010F5F1F4F1F930F930E943EF808
:109FA000809106088D7F0FB6F894DEBF0FBECDBF3F
:109FB000813039F0809106088250823008F061C00B
:109FC0003BC06FE185EE9CE10E941B5A6FE185EE7C
:109FD0009CE10E941B5A6FE185EE9CE10E941B5A96
:109FE00062E085EE9CE10E941B5A68E085EE9CE1F0
:109FF0000E941B5A6BE185EE9CE10E941B5AF12CDA
:10A00000F80101900020E9F73197E01BF10B8F2D4B
:10A0100090E08E179F0770F6F801E80FF91F63E0D4
:10A0200080810E948A568F3F29F0682F85EE9CE13F
:10A030000E941B5AF394E4CF37E0F32E6FE18EEACF
:10A0400091E20E941B5AFA94F110F8CF62E08EEA76
:10A0500091E20E941B5A68E08EEA91E20E941B5A2C
:10A060006BE18EEA91E20E941B5AF80101900020F8
:10A07000E9F73197E01BF10B8F2D90E08E179F07CA
:10A0800020F083E08093AA215AC1F801E80FF91F5C
:10A0900063E080810E948A568F3F29F0682F8EEA04
:10A0A00091E20E941B5AF394E0CF853171F48091C4
:10A0B000C518823020F083EF9DE80E948AAD84E4C9
:10A0C00097E00E948A8586E123C1893151F480910D
:10A0D000C518823020F088EC9DE80E948AAD82E1AC
:10A0E00017C1843351F48091C518823020F08EE975
:10A0F0009DE80E948AAD85E30BC180919921882358
:10A1000091F08091C518823058F00E942EAD409198
:10A11000201F50E060E070E08CE59DE80E945998B7
:10A12000109299210CC185EA08C18091C51882302E
:10A1300020F084E39DE80E948AAD86EAFEC080910B
:10A14000C518823080F00E942EADEB964FADEB9794
:10A1500050E0405B5109052E000C660B770B80E147
:10A160009DE80E9459988091201F823009F0ACC070
:10A170008091C71C8111A8C0E0910108E11123C0A2
:10A18000EB968FADEB97803BF1F48091C518823050
:10A1900020F08BED9CE80E948AAD1092B322809152
:10A1A0003A08882339F083EA0E94DC5881E08093E2
:10A1B000992107C085EA0E94DC588EE69AE00E9449
:10A1C0004DAC89E2A5C0209102083091030840916E
:10A1D000040850910508AAE0B0E00E9429F6EB9629
:10A1E0002FADEB9730E0690140EBC41AD1080D2C7C
:10A1F000000CEE08FF08C60ED71EE81EF91EC0921E
:10A200000208D0920308E0920408F0920508EF5F7C
:10A21000E09301088AE997E00E944DAC10929C07F8
:10A22000109299072DE937E040E0C701B6010E947E
:10A23000F99E882309F43FC080910108853040F0E1
:10A240008091C9079091CA07E1E08E27817001C013
:10A2500080E0182F117060E08DE997E00E941A9F4E
:10A260008091C518823070F00E942EAD40919D07FC
:10A2700050919E0760919F077091A00789EA9CE822
:10A280000E94599811110E940BC68091C90780FF46
:10A290000EC061E08DE997E00E944EC6882379F0F8
:10A2A00081E00E942BC081E080939C0708C081E080
:10A2B0008093990704C08DE997E00E94F09C8AE999
:10A2C00097E00E944DAC3BC0EB968FADEB9735C04D
:10A2D0008091C518823020F08CE89CE80E948AADFD
:10A2E0008091201F833169F08091C518882321F067
:10A2F00086E69CE80E948AADEB968FADEB970E94B4
:10A3000088AC1092B3221092760A1092750A80E2FD
:10A310000E941CBC14C08091C518823020F08CE4CF
:10A320009CE80E948AAD8091201F882381F38CEAEB
:10A330000E94DC580E948FACEACF0E9488AC0E9439
:10A3400066AC882389F18091ED0C9091EE0C8131FF
:10A350009E4050F18091C518882321F08DE29CE841
:10A360000E948AAD6091AE2280E190E00E9443633A
:10A3700061E00E9477BB81E00E942BC081E0809366
:10A38000C61C8091AB219091AC218E3F21E09207B9
:10A3900058F4FC01EF5DF04E23E020830296909389
:10A3A000AC218093AB21118286E890E00E94FF8B64
:10A3B0008C01019609F4B6C08091C518823050F125
:10A3C0000E943F990E942EADA801012E000C660B41
:10A3D000770B87E194E80E94599882E392E0089F06
:10A3E0007001099FF00C189FF00C1124F701E45143
:10A3F000F04F66817781808591850E9491988FE0EA
:10A4000094E80E944298C701825F9F4E0E94B198D3
:10A410000E9444999091C71C8091C51891111BC04E
:10A420009091201F911111C0823040F00E943F99FD
:10A4300082E094E80E9442980E9444991093332548
:10A44000009332250E94F6BF6DC0882309F442C0F4
:10A450008DEE93E83DC09230B9F5209132253091D0
:10A4600033252F3F3F4F81F522E332E0029FF00179
:10A47000039FF00D129FF00D1124E451F04FC680A0
:10A48000D780E084F1844091680A5091690A609114
:10A490006A0A70916B0AC416D506E606F70679F4C7
:10A4A000882321F083ED93E80E944298109333258E
:10A4B0000093322582E69AE00E944DAC33C0882397
:10A4C00049F08DEA93E804C0882321F088E993E8F5
:10A4D0000E9442988091C518823020F08CE693E863
:10A4E0000E94429880916C0A90916D0A8F3FEFEF25
:10A4F0009E0711F00C9410E710936D0A00936C0AFC
:10A5000080E69AE00E944DAC8091201F21E08F31BF
:10A5100011F00C941EE74EE253E865E070E0C801CC
:10A520000E945C938091201F803291F48091CA1C1C
:10A530009091CB1C892B61F08091C518823020F05E
:10A5400084ED92E80E948AAD1092CB1C1092CA1C36
:10A5500080913225909133258F3FFFEF9F0709F4BB
:10A560006DC00E942F8C811169C08091CA1C90918E
:10A57000CB1C892B09F062C08091AF22813021F081
:10A5800080F0823079F50DC08091C61C811109C020
:10A590008091C5188823E9F18CE992E80E948AAD80
:10A5A00038C08091C518823040F00E943F9988E6FB
:10A5B00092E80E948AAD0E9444991092C71C1092A2
:10A5C000680A1092690A10926A0A10926B0A109235
:10A5D000C61C1092AC211092AB211092CB1C109291
:10A5E000CA1C17C08091C61C811103C08EE392E87B
:10A5F00006C08091C518823020F08AE092E80E945F
:10A600008AAD8091201F8333C1F680E20E941CBC7A
:10A61000D4CF80913225909133250E94418C88ECD3
:10A620009CE10E944DAC84E69AE00E944DAC8FEF15
:10A630009FEF9093332580933225F3C2809132258A
:10A6400090913325019609F4E0C08091C61C8823BF
:10A65000D1F182E69AE00E9458AC8739910560F109
:10A660008091AB219091AC21892B31F58091CA1C4E
:10A670009091CB1C892B01F58091C518823020F078
:10A680008AEE91E80E948AAD80913225909133251F
:10A690000E94418C8FEF9FEF90933325809332255A
:10A6A0001092C71C1092680A1092690A10926A0AE6
:10A6B00010926B0A1092C61C80913225909133251E
:10A6C000019609F4A2C08091CA1C9091CB1C8115FF
:10A6D000924008F09AC088EC9CE10E944DAC8091B9
:10A6E0003225909133250E94A3948C0118161906E7
:10A6F0000CF08BC08091CA1C9091CB1C800F911FD5
:10A700008130924048F18091C5188823C1F00E94A1
:10A710002EADA801110F660B770B84EB91E80E9418
:10A7200059988091CA1C9091CB1C40E052E0481B84
:10A73000590B60E070E081EA91E80E94599880919D
:10A74000CA1C9091CB1C40E052E08A01081B190BF7
:10A75000101611060CF059C04091CA1C5091CB1C28
:10A76000475E524EB80180913225909133250E9468
:10A7700003947C01E091CA1CF091CB1CE75EF24E81
:10A780008081883011F00E9447998091C5188430EB
:10A7900078F10E943F990E942EADA801110F660B1F
:10A7A000770B8CE891E80E945998A7010F2C000CB8
:10A7B000660B770B88E891E80E9459981E141F04D5
:10A7C0004CF48091CA1C9091CB1CB701875E924ECD
:10A7D0000E94CB984091CA1C5091CB1C4E0D5F1D1E
:10A7E00060E070E086E791E80E9459980E944499E1
:10A7F0001E141F0454F48091CA1C9091CB1CE80EC7
:10A80000F91EF092CB1CE092CA1C8091C71C8823D1
:10A8100009F488C08091AF22813049F582E79CE03D
:10A820000E9458AC8039914010F18091AB219091F9
:10A83000AC21892BE1F480914108811118C08091ED
:10A84000C61C811114C08091322590913325019648
:10A8500071F01092211F1092221F82E090E09093DD
:10A86000AC218093AB2182E79CE00E944DAC8091AB
:10A87000C71C813009F056C0809132259091332554
:10A88000019609F056C08091AB219091AC21892BA3
:10A8900009F432C18091C61C81112EC184E69AE070
:10A8A0000E9458AC893C9105E8F14091660A5091AC
:10A8B000670A6091680A7091690A80916A0A9091AA
:10A8C0006B0A0E9416959C01909333258093322544
:10A8D0009091C5182F3F3F4F89F4992321F08EE4C2
:10A8E00091E80E948AAD8FEF9FEF9093332580937C
:10A8F000322584E69AE00E944DAC93C1992371F011
:10A900000E942EAD4091322550913325052E000C2A
:10A91000660B770B80E291E80E94599882E69AE0F4
:10A920000E944DAC8091322590913325019609F417
:10A93000E3C08091AB219091AC21892B09F4DCC05C
:10A940008091410881111DC0E090AB21F090AC21B5
:10A95000F1E0EF16F2E0FF0618F0E12C92E0F92E9C
:10A9600020E041E25FE1B7018091322590913325EB
:10A970000E945C938C018091C518843008F445C016
:10A9800008C084E69AE00E9458AC87399105E0F649
:10A99000B3C00E942EADA70160E070E08BE091E8AB
:10A9A0000E945998B70181E29FE10E94CB98A801CB
:10A9B000012E000C660B770B8FEF90E80E945998E0
:10A9C000101611067CF44091AB215091AC21041774
:10A9D000150740F4401B510B60E070E085EF90E8F4
:10A9E0000E945998409146085091470860E070E0F5
:10A9F0008AEE90E80E9459984091460850E060E045
:10AA000070E082EE90E80E945998101611060CF43E
:10AA100053C0809141088F5F809341088A3008F4C9
:10AA200048C09091C61C8091C518992339F188239C
:10AA300021F08AE990E80E948AAD809132259091B8
:10AA400033250E94418C8FEF9FEF909333258093A5
:10AA500032251092C71C1092680A1092690A10924F
:10AA60006A0A10926B0A1092C61C1092AC211092C6
:10AA7000AB211092CB1C1092CA1C1BC0882321F062
:10AA800088E490E80E948AAD6091AE2281E090E077
:10AA90000E94436362E00E9477BB809132259091CF
:10AAA00033250E94418C8FEF9FEF90933325809345
:10AAB000322584E69AE01EC0E090AB21F090AC21F4
:10AAC0000E151F0578F4E01AF10AB8016F5D704E9B
:10AAD000A70181E29FE10E9415F7F092AC21E0927C
:10AAE000AB2104C01092AC211092AB21109241080E
:10AAF00082E69AE00E944DAC0E9466AC8823D1F0B9
:10AB00008091AF228230B1F42091322530913325EB
:10AB100082E392E0289FF001299FF00D389FF00D0D
:10AB20001124E451F04F8081803121F48EE190E0D6
:10AB3000978B868B8091C71C882391F18091322559
:10AB400090913325019661F588EC9CE10E9458AC08
:10AB5000883B9B4028F18091C518882321F08EE026
:10AB600090E80E948AAD6091AE2282E090E00E945F
:10AB7000436362E00E9477BB1092C71C1092C61C10
:10AB80001092680A1092690A10926A0A10926B0A6F
:10AB90001092AC211092AB211092CB1C1092CA1CC7
:10ABA00080916C0A90916D0A8F3F4FEF9407C9F125
:10ABB0000E942F8C811114C08091C518823020F022
:10ABC00088ED9FE70E948AAD80916C0A90916D0A92
:10ABD0000E94418C8FEF9FEF90936D0A80936C0AD7
:10ABE00080916C0A90916D0A0196D9F080E69AE006
:10ABF0000E9458AC8C329140A0F08091C5188230F0
:10AC000020F081EB9FE70E948AAD80916C0A9091C1
:10AC10006D0A0E94418C8FEF9FEF90936D0A809395
:10AC20006C0A8091201F8B3089F56091CA1C70914D
:10AC3000CB1C6530710550F124E030E04CEA5FE751
:10AC400089E19DE10E94EFF6892B01F18091C51801
:10AC5000823090F00E942EAD83E19CE80E944298E1
:10AC60006091CA1C7091CB1C89E19DE10E94CB9838
:10AC700080E19CE80E9442981092CB1C1092CA1C62
:10AC800081E08093C61C80E20E941CBC8091C71C9E
:10AC9000811110C08091201F843041F095EF980FF2
:10ACA000943020F08353833008F099C180E00E94F3
:10ACB0002BC095C18091AF22813009F498C018F063
:10ACC000823009F085C18091CA1C9091CB1C892BE0
:10ACD00011F00E9499C08EEA91E20E94495A082F11
:10ACE00010E00115110541F080E79AE00E9434ACB4
:10ACF000053111059CF407C085EE9CE10E94F659D0
:10AD000081116DC1F1CF012B09F469C186E79CE087
:10AD10000E9458AC8035910508F461C110E000E450
:10AD200085E2F82E2FC08091AB219091AC21833F1A
:10AD3000914070F58EEA91E20E94385A6AEA71E217
:10AD40000E946F562091AB213091AC21F901EF5D4B
:10AD5000F04E873019F5F082F901EF5DF04E8081F9
:10AD6000882381F02F5F3F4F3093AC212093AB219C
:10AD700080914608909147080196909347088093E8
:10AD800046081F5F8EEA91E20E94F659882359F225
:10AD90008091C518833009F016C106C0873111F4BF
:10ADA0000083DACF8083D8CF112309F40CC10E942D
:10ADB0002EAD4091460880914308481B50E060E06A
:10ADC00070E082EA9FE70E945998412F50E060E0CE
:10ADD00070E08EE99FE70E9459984091460850E044
:10ADE00060E070E088E99FE70E945998ECC080918C
:10ADF000CA1C9091CB1C892B11F00E9499C08EEA3D
:10AE000091E20E94495A082F10E00115110541F006
:10AE100080E79AE00E9434AC0531110594F407C034
:10AE200085EE9CE10E94F659882391F389C0012B9D
:10AE300009F486C086E79CE00E9458AC80359105F5
:10AE400048F08091AB219091AC21823F914008F075
:10AE500077C007C09091460880914308981370C04E
:10AE6000F0CF8EEA91E20E94495A082F10E08091BB
:10AE7000AB219091AC2123EF31E0281B390B233318
:10AE8000310510F022E330E02017310708F4890182
:10AE90008091C518833001F50E942EAD409146087F
:10AEA00080914308481B50E060E070E089E29DE734
:10AEB0000E945998A80160E070E085E29DE70E9439
:10AEC000599880914608A801480F511D60E070E034
:10AED0008FE19DE70E9459988091AB219091AC2120
:10AEE000FC01EF5DF04E22E0208302969093AC21AE
:10AEF0008093AB2101838091460890914708800F91
:10AF0000911F909347088093460801151105A9F0F9
:10AF1000E090AB21F090AC21C70101969093AC2159
:10AF20008093AB218EEA91E20E94385AF701EF5DDF
:10AF3000F04E808301501109E8CF81E080934208F0
:10AF40008091201F8E3019F0843009F048C0809124
:10AF50004208882329F08091C61C882349F03FC00D
:10AF600082E79CE00E9458AC8F359140A0F737C033
:10AF700080914108811133C08091AB219091AC2127
:10AF8000823FE1E09E0758F520913225309133252C
:10AF90002F3F3F4F21F18C010F5D104E26E0F8014D
:10AFA000208321E0218303969093AC218093AB21F1
:10AFB000F090440885EE9CE10E94495AF81AF80185
:10AFC000F2821092420882E79CE00E944DAC07C0DA
:10AFD00088EF9BE80E948AAD82E08093AF22809147
:10AFE000201F823019F585EE9CE10E94F6598111EF
:10AFF0001DC08091C518823020F08DEB9BE80E9427
:10B000008AAD80913A08882339F083EA0E94DC589F
:10B0100081E08093992107C085EA0E94DC588EE682
:10B020009AE00E944DAC84E00E941CBC8091201FDD
:10B030008C3009F049C080913F080E9455AE8823AA
:10B0400021F183EA0E94DC588DE00E941CBC8091B3
:10B05000C5188230A8F00E942EAD40913F0850E004
:10B0600060E070E08BEA9BE80E9459984091F20CF6
:10B07000469550E060E070E088E99BE80E945998AE
:10B0800084E497E00E948A851FC08091C5188823B8
:10B0900059F00E942EAD40913F0850E060E070E012
:10B0A00088E79BE80E9459986091AE228FE090E07B
:10B0B0000E94436361E00E9477BB84E79BE80E94A3
:10B0C000D3AD80E20E941CBC8091201F893209F020
:10B0D000C2C001E717E0F3EBEF2EF2E2FF2EAEE085
:10B0E000DA2EB0E2CB2E8EEA91E20E94F65981115F
:10B0F000B2C08EEA91E20E94385A6AEA71E20E9476
:10B100006F56F80101900020E9F731979F01215710
:10B110003740B22E8D3019F08A3009F071C0BB2053
:10B1200011F38AE59BE80E948AAD81E797E00E94CF
:10B1300011984B2D50E060E070E08DE49BE80E9498
:10B1400059986AE47BE883EB92E20E948CF6F2E085
:10B15000FB1568F06091AE2283E190E00E944363AA
:10B16000BC0183EB92E20E948CF682E146C08FE341
:10B170009BE80E94D5C5882349F18AE0898389E24A
:10B180008A8348E250E061E777E0CE0104960E94AE
:10B1900094F781E08B8320E0AE014F5F5F4F6BE25D
:10B1A00070E080912407909125070E945C938AE2C9
:10B1B0000E941CBC6091AE2282E190E00E94436339
:10B1C000BC0183EB92E20E948CF645C06091AE22F6
:10B1D00083E090E00E944363BC0183EB92E20E9413
:10B1E0008CF66091AE2285E190E00E944363BC0141
:10B1F00083EB92E20E948CF68BE20E941CBC2BC077
:10B20000873171F4F70101900020E9F73197E35B92
:10B21000F242FF27ED54FD4DD082C182128263CFEE
:10B22000803208F460CF833209F45DCF46E24217E2
:10B2300008F459CF803219F4222309F454CFF901CC
:10B24000FF27EF58F84F80832F5FE22FF0E0EF5891
:10B25000F84F108248CF8091201F8B52823008F027
:10B26000A4C003EB12E27E0195E0E90EF11C72E34B
:10B27000C72E7BE8D72EECE2AE2EEBE8BE2E8091F7
:10B28000B322811192C0BE016F5F7F4F85E697E0C8
:10B290000E94F19F81111EC08091201F6091AE22FB
:10B2A0008B3259F488E190E00E944363BC0183EB48
:10B2B00092E20E94ABF689E20AC087E190E00E9428
:10B2C0004363BC0183EB92E20E94ABF682E10E94F1
:10B2D0001CBC6BC0BE016F5F7F4F81E797E00E948F
:10B2E000BCA2882361F28FA5882349F28CE20E94D8
:10B2F0001CBCF80101900020E9F7FF92EF922C812D
:10B300002F932B812F932A812F9329812F93DF92C3
:10B31000CF92CF0101979F938F930E943EF80FB673
:10B32000F894DEBF0FBECDBF8FA5853028F48330E3
:10B3300050F5813098F109C0853039F0863071F5CB
:10B340006091AE2282E790E022C06F962FAD6F979A
:10B350002223A1F0F80101900020E9F71F922F931A
:10B36000BF92AF92CF0101979F938F930E943EF8B7
:10B370000F900F900F900F900F900F906091AE2252
:10B3800081E790E004C06091AE2280E790E00E94E7
:10B390004363BC0183EB92E20E948CF669E27BE896
:10B3A00083EB92E20E948CF66ACF8091201F82305C
:10B3B00089F480919C07811112C080910108853029
:10B3C00070F08AE997E00E9458AC883C910510F033
:10B3D0000E940BC68091201F823009F041C08AE98B
:10B3E00097E00E9458AC843F9140E0F0809199072B
:10B3F0008823C1F08091C71C811114C08091CB07B4
:10B40000882381F01092990760E08DE997E00E940F
:10B410004EC6823039F489EE91E00E940DBF81E082
:10B420000E942BC08091201F8230D1F48AE997E0DE
:10B430000E9458AC8C3D954098F08091C71C8111BA
:10B440000FC08091C518882321F081E09BE80E94FD
:10B450008AAD8DEE91E00E940DBF81E00E942BC06D
:10B460008091201F833191F484E79CE00E9458ACC6
:10B470008D32914058F08091C518882321F081EDDC
:10B480009AE80E948AAD80E20E941CBC8091201F35
:10B490008D30B1F484E79CE00E9458AC893B9B401E
:10B4A00078F08091C518882321F08FE99AE80E94EE
:10B4B0008AAD81E00E942BC08BE99AE80E94D3AD4F
:10B4C0000E9466AC8823B1F080E79AE00E943FAC0E
:10B4D000CD9780F08091C518882321F084E79AE801
:10B4E0000E948AAD81E00E942BC00E948FAC80E256
:10B4F0000E941CBC80911F1F882309F4B2C0909148
:10B50000201F923109F494C09F3109F480C0911139
:10B51000A6C0813011F48FE17DC080913C0881117B
:10B5200003C081E080933C086091AE2289E190E005
:10B530000E944363BC0183EB92E20E94ABF603EBF3
:10B5400012E2F80101900020E9F7AF0141505109E2
:10B5500060911701709118018091190190911A0161
:10B560000E94F97461E77AE8C8010E948CF6CE0166
:10B5700001960E948A856091AE228AE190E00E9445
:10B580004363F80101900020E9F79F938F93CF0167
:10B5900001979F938F930E943EF86A815B814C8153
:10B5A000888599853F812E81F80101900020E9F777
:10B5B0001F926F931F925F931F924F939F938F934E
:10B5C0001F923F931F922F938FE49AE89F938F933C
:10B5D0008F01015011091F930F930E943EF80FB67F
:10B5E000F894DEBF0FBECDBF03EB12E2F80101906D
:10B5F0000020E9F73197E35BF242E93CF14078F54E
:10B600006AE17AE883EB92E20E948CF6EFCF813018
:10B6100021F480E20E941CBC22C081E00E948E8343
:10B620000E94E3A381E00E9497830E94139717C0B2
:10B630008091C518823020F08BEE99E80E948AAD87
:10B640000E94EBAF83E10E941CBC1092B3221092C7
:10B65000760A1092750A85EE9CE10E94F2591092CA
:10B660001F1F8091201F811162C003EB12E28091A5
:10B67000B32281115CC08091E221882309F457C074
:10B68000909100078091AA22891708F44AC08091FE
:10B69000CC1C8093A6216091AE228BE190E00E94A9
:10B6A0004363BC01C8010E94ABF6F8010190002081
:10B6B000E9F7BF01615071098091F30C0E94DCCE63
:10B6C00068EE79E8C8010E948CF6F801019000202C
:10B6D000E9F741EB54E24E1B5F0B62EE71E2C801E9
:10B6E0000E9484F71092AD2463EE79E8C8010E94AD
:10B6F0008CF68091C5188250823098F483ED99E8D9
:10B700000E948AADF80101900020E9F73197BF014E
:10B71000635B7242C8010E94CB9880ED99E80E9459
:10B7200042981092E221109200071092CC1C809156
:10B73000201F81112DC08091B322882349F180916F
:10B74000C5188230A8F08EEB99E80E948AADE3EB31
:10B75000F2E201900020E9F73197BF01635B72428A
:10B7600083EB92E20E94CB988BEB99E80E9442987F
:10B7700061E08091A6210E9487C9882331F089E188
:10B780000E941CBC1092A62103C080E20E941CBC37
:10B790000E94F7C78091201F863109F053C08EEABE
:10B7A00091E20E94F65981110FC08EEA91E20E9447
:10B7B000385A6AEA71E20E946F560E940AAE80E728
:10B7C0009AE00E9434ACEBCF8091B32281113AC051
:10B7D0008091760A811136C08091B222811132C0E7
:10B7E00085EE9CE10E94F659882361F18EEA91E290
:10B7F0000E94F659882331F18091322590913325AA
:10B80000019631F08091CA1C9091CB1C892BD1F408
:10B8100082E79AE00E9458AC883B9B4048F08091B8
:10B82000C518823060F082E999E80E948AAD07C0AD
:10B8300080E79AE00E943FAC4E9788F703C081E012
:10B840000E942BC08091201F8231F9F48091B32295
:10B8500081113EC08091760A81113AC08091B22256
:10B86000811136C085EE9CE10E94F659882369F06B
:10B870008091C518823020F089E699E80E948AAD4F
:10B880000E94EBAF83E10E941CBC8091201F80329C
:10B89000F9F480913225909133250196C9F4809175
:10B8A000C71C811115C08091C518823040F00E94DC
:10B8B0003F998AE299E80E948AAD0E9444991092C9
:10B8C000F20C80E00E941CBC81E097E00E949EB3D5
:10B8D00080915A0A90915B0A8F3F3FEF930709F4DA
:10B8E0008CC00E94A3948C01181619060CF085C018
:10B8F000E12C62E0F62E8091540890915508F701F2
:10B90000E81BF90B0E171F0740F18091C51888231B
:10B91000B9F00E942EADA801110F660B770B80EBDA
:10B920009CE70E9459988091540890915508A7016E
:10B93000481B590B60E070E08DE99CE70E94599824
:10B94000809154089091550840E052E08A01081B0C
:10B95000190B101611060CF050C04091540850916C
:10B9600055084A5A574FB80180915A0A90915B0A7C
:10B970000E9403947C018091C518853030F4843096
:10B9800079F580915608882359F10E942EADA801BF
:10B99000110F660B770B82E89CE70E945998A7016C
:10B9A0000F2C000C660B770B8EE79CE70E945998D2
:10B9B0001E141F044CF48091540890915508B7014F
:10B9C0008A5A974F0E94CB9840915408509155083D
:10B9D0004E0D5F1D60E070E08CE69CE70E94599878
:10B9E0001E141F0454F48091540890915508E80ED9
:10B9F000F91EF0925508E0925408009154081091F5
:10BA000055080115110509F4F7C0809156088430D6
:10BA100009F498C038F4882309F482C0833009F40B
:10BA200093C0B3C0823819F0833869F1AEC08091F9
:10BA30005C0A813019F482E080935C0A8EE498E01D
:10BA40000E944DAC0230110530F00091570810E013
:10BA50000E5F1F4F02C001E010E010925807809166
:10BA60004A08882359F06091AE2284E090E00E9459
:10BA7000436361E00E9477BB10924A088BE498E030
:10BA80000E9434AC9DC09091C71C8091C518911143
:10BA90002AC09091201F911126C0823020F08BE2A5
:10BAA0009CE70E948AAD84E880935608109257085C
:10BAB00082E090E090935508809354080E94B1AEC4
:10BAC00080915A0A90915B0A909333258093322596
:10BAD0008FEF9FEF90935B0A80935A0A10925C0A53
:10BAE0000E94F6BF65C2823020F08AEE9BE70E947A
:10BAF0008AAD84E08093560883E0809357088FE6F0
:10BB00008093580883E68093590880935A0885E00B
:10BB100090E0909355088093540800E010E050C0E6
:10BB20008EE498E00E944DAC8BE498E00E9434AC27
:10BB30000230110508F442C00091570810E00E5F72
:10BB40001F4F3EC00E9407BC8091C518823020F074
:10BB50008FEB9BE70E948AAD009154081091550825
:10BB600080915A0A90915B0A0E94418C8FEF9FEF5F
:10BB700090935B0A80935A0A82E598E00E944DAC4C
:10BB800010925C0A0E9493AD1BC08091C518882357
:10BB900081F08FE89BE70E948AAD60915408709114
:10BBA000550886E598E00E94CB9889E79BE70E94BC
:10BBB0004298009154081091550802C001E010E02D
:10BBC00040915408509155080417150728F0109219
:10BBD00055081092540810C0101611066CF4401B42
:10BBE000510B5093550840935408B8016A5A774F47
:10BBF00086E598E00E9415F780915A0A90915B0AB9
:10BC00008F3FFFEF9F0739F10E942F8C811123C0D6
:10BC10008091C518823078F080915C0A843029F4D4
:10BC20008AE49BE70E948AAD06C087E19BE70E94F9
:10BC30008AAD0E9493AD8FEF9FEF90935B0A809344
:10BC40005A0A10925C0A82E598E00E944DAC10926C
:10BC500055081092540880915C0A823059F48EE4A1
:10BC600098E00E9458AC8C3A9D4068F083E0809345
:10BC70005C0A10C0813039F48EE498E00E9458AC20
:10BC8000843C994098F78091540890915508892BED
:10BC900009F08EC19091201F80915C0A911107C01C
:10BCA00090915D0A992319F0833009F069C08B7F68
:10BCB00009F452C08091C518823020F08DEF9AE7C8
:10BCC0000E948AAD8091201F882321F090915D0A07
:10BCD00091110FC083E08093560882E0809357084B
:10BCE0008EE68093580883E68093590884E090E0BC
:10BCF0001EC08F3169F483E0809356088093570803
:10BD000081E68093580882E68093590883E70BC048
:10BD100083E080935608809357088FE680935808F5
:10BD200083E68093590880935A0885E090E09093C9
:10BD300055088093540884E080935C0A82E598E07B
:10BD40000E944DAC8EE498E00E944DAC8CE291E0F4
:10BD5000909351088093500880915C0A81110CC027
:10BD600082E598E00E944DAC8EE498E00E944DACD4
:10BD70008BE498E00E9434AC8091201F8111DEC0DA
:10BD800080915D0A882309F4D9C080915C0A8111F1
:10BD9000D5C082E598E00E9458AC209150083091BF
:10BDA00051088217930708F4E4C080914A08811172
:10BDB00012C08BE498E00E943FACCC9760F0609199
:10BDC000AE2283E090E00E94436361E00E9477BB73
:10BDD00081E080934A0880914D0818E2189FC001C5
:10BDE000112486549B4D0E948D7461157105810547
:10BDF000910549F480914D08189FC0011124865483
:10BE00009B4D0E9474716F3F4FEF74078407940736
:10BE1000F9F48091C518882391F083EE9AE70E9487
:10BE20008AAD80914D08E8E28E9FC00111248654AE
:10BE30009B4D0E94119886ED9AE70E9442988FEFE1
:10BE40009FEF90935B0A80935A0A0E9493ADACC017
:10BE500040914808509149080E9416958C01909392
:10BE60005B0A80935A0A82E598E00E944DAC80916B
:10BE7000C5180F3F1F4FE9F4882391F085EC9AE72E
:10BE80000E948AAD80914D0828E2829FC001112452
:10BE900086549B4D0E94119884EA9AE70E9442982A
:10BEA0008FEF9FEF90935B0A80935A0A0E9493ADA5
:10BEB0007FC0823090F085E99AE70E948AAD809138
:10BEC0004D0838E2839FC001112486549B4D0E9487
:10BED00011988CE79AE70E94429881E8809356086F
:10BEE00086E0809357088091610790916207A09146
:10BEF0006307B09164078093580890935908A09302
:10BF00005A08B0935B0880915F0790916007909307
:10BF10005D0880935C0888E090E0909355088093DA
:10BF2000540881E080935C0A8EE498E00E944DAC56
:10BF30008CE291E0909351088093500880915C0AC4
:10BF40008230B9F48091540890915508892B89F476
:10BF500082E598E00E9458AC8C3D954050F01092DC
:10BF600056081092570882E090E09093550880930D
:10BF700054080E94B1AE80915C0A8430C9F482E515
:10BF800098E00E9458AC8D32914090F080915A0A0E
:10BF900090915B0A0E94418C8FEF9FEF90935B0A18
:10BFA00080935A0A10925C0A82E598E00E944DAC98
:10BFB00080911E07882309F474C240916107509153
:10BFC00062076091630770916407403157426105D1
:10BFD000710508F466C2813009F06EC08091201F9F
:10BFE000882319F08F3109F067C0C0902407D090E2
:10BFF00025072FEFC216D20609F05EC085E199E849
:10C000000E94D5C581110EC08FE090E00E943ABB1E
:10C010002AE530E0281B390B3093200720931F07B7
:10C0200085E044C081E0898388E08A83809161074C
:10C0300090916207A0916307B09164078B839C8302
:10C04000AD83BE8380915F079091600798878F834F
:10C0500080915D0790915E079A87898720E0AE0105
:10C060004F5F5F4F6AE070E0809124079091250751
:10C070000E945C937C010A8110E00E5F1F4F8017C5
:10C08000910779F080912407909125070E94418CB7
:10C09000D0922507C09224078091230790E00E9448
:10C0A000B4C4E016F10609F0AFCF82E080931E071A
:10C0B00081E297E00E9434AC809110078111F0C0BA
:10C0C0008091160790911707019609F09EC1809103
:10C0D0001A0790911B07892B09F497C180911E07BD
:10C0E0008350823020F08CE197E00E944DAC80912B
:10C0F000201F882331F08F3121F08CE197E00E94DE
:10C100004DAC8091322590913325019651F4809168
:10C11000240790912507019621F48091E22188233C
:10C1200021F08CE197E00E944DAC8CE197E00E94F9
:10C1300058AC20911807309119072817390708F0D3
:10C1400064C1C0905907D0905A07E0905B07F09007
:10C150005C07C114D104E104F10421F483E080936D
:10C1600010079EC08091F1069091F206A091F3060F
:10C17000B091F4062091F9063091FA0682279327B0
:10C180009093150780931407892B31F481E090E098
:10C1900090931507809314071092130710921207BB
:10C1A00081E097E00E9495B340915D0750915E0752
:10C1B000C701B6010E941695909317078093160742
:10C1C0008F3FFFEF9F07A1F48091C518882321F0CE
:10C1D00088EE98E80E948AAD8FEF9FEF9093170743
:10C1E00080931607809111078F5F809311073EC0DF
:10C1F00028E0298322E02A83209114073091150733
:10C200003B832C8321E02093100720E0AE014F5F99
:10C210005F4F64E070E00E945C932091C518049722
:10C22000B9F4253010F40E9437990E943F990E947A
:10C230002EAD4091160750911707052E000C660B86
:10C24000770B88EB98E80E9459980E94449910C097
:10C25000222321F080E998E80E948AAD809111079D
:10C260008F5F8093110782E080931007109203077D
:10C270008CE197E00E944DAC80911A0790911B07CA
:10C2800024E6289F8001299F100D112487E090E06B
:10C290000E943ABB081B190B10931907009318074B
:10C2A00080911007813009F0B0C0209112073091C1
:10C2B00013072115310509F458C040911407509116
:10C2C00015078091C5182417350791F5833040F084
:10C2D0000E943F9984E698E80E948AAD0E944499A2
:10C2E0008091C518853010F40E944C991092110766
:10C2F00080911A0790911B0724E6289F8001299FAF
:10C30000100D11248FE390E00E943ABB081B190B1B
:10C31000109319070093180780911E078430E9F4E1
:10C320008EE398E80E948AAD83E080931E0715C0D3
:10C33000882321F084E198E80E948AAD809111075A
:10C340008F5F8093110787E390E00E943ABB8C5087
:10C350009E4F90931907809318078CE197E00E94F5
:10C360004DAC82E08093100750C08091201F88233D
:10C3700029F18F3119F18B3009F18091C51888238B
:10C3800021F082EE97E80E948AAD8CE197E00E944E
:10C390004DAC80911A0790911B0724E6289F8001DD
:10C3A000299F100D11248FE390E00E943ABB081BD7
:10C3B000190B109319070093180722C08CE197E01E
:10C3C0000E9458AC853F9140B0F18091C5188823F8
:10C3D00021F08CEB97E80E948AAD809111078F5F66
:10C3E000809311078CE197E00E944DAC87E390E0C9
:10C3F0000E943ABB88519C4F90931907809318076D
:10C4000082E080931007109203078091100782301A
:10C4100091F480911607909117070E94418C8FEF3D
:10C420009FEF9093170780931607109210078CE1E7
:10C4300097E00E944DAC80911007811120C090912F
:10C4400011079330E0F080911E07833021F491E0D2
:10C4500090931E0712C0983090F0843081F41092AF
:10C460001B0710921A076091AE228CE190E00E94A7
:10C47000436361E00E9477BB83E08093100781E211
:10C4800097E00E943FAC20911F0730912007821750
:10C49000930738F080911E07823019F081E0809375
:10C4A0001E0780911607909117078F3F3FEF930764
:10C4B00091F10E942F8C81112EC08091C518882384
:10C4C00021F089E897E80E948AAD80911607909143
:10C4D00017070E94418C8FEF9FEF9093170780936F
:10C4E0001607109210078CE197E00E944DAC8091E6
:10C4F0001A0790911B0724E6289F8001299F100DA1
:10C50000112487E090E00E943ABB800F911F909326
:10C5100019078093180780912407909125078F3F72
:10C520004FEF940709F4ADC20E94A3948C0180914F
:10C530002407909125070736110518F14CE356E0C2
:10C5400066E670E00E9403947C018091C518882300
:10C5500009F465C20E942EADA801110F660B770B7E
:10C560008AE497E80E9459981E141F042CF4B7011E
:10C570008CE396E00E94CB9886E297E80E9442986E
:10C580004EC20115110509F456C24CE356E0B8013C
:10C590000E9403947C018091C5188430F8F00E94B9
:10C5A0002EADA801110F660B770B86E097E80E946D
:10C5B0005998A7010F2C000C660B770B82E097E8C7
:10C5C0000E9459981E141F042CF4B7018CE396E0C6
:10C5D0000E94CB988FEF96E80E94429880913C068B
:10C5E000853049F130F4823009F43FC1843041F0A4
:10C5F000F4C1893009F496C18F3F09F49DC1EDC1A2
:10C600008091C518823020F083ED96E80E948AADB3
:10C6100080913B08882349F06091AE228EE190E042
:10C620000E94436364E00E9477BB8091201F8A329E
:10C6300009F0F5C1A7C18091C518823090F087EA52
:10C6400096E80E948AAD6091950670919606809159
:10C650009706909198060E94919884EA96E80E9425
:10C6600042988091201F823009F0CAC08091CB0788
:10C67000882309F100919D0710919E0720919F0743
:10C680003091A00740913E0650913F0660914006D0
:10C6900070914106041715072607370719F08BE636
:10C6A00096E806C09091C90790FF05C084E396E81C
:10C6B0000E948AADB0C1C0909E06D0909F06E090C7
:10C6C000A006F090A1068090FD079090FE07A09034
:10C6D000FF07B09000088C149D04AE04BF0410F056
:10C6E000811162C080913E0690913F06A091400664
:10C6F000B091410680939D0790939E07A0939F075A
:10C70000B093A0078091A107811108C048E250E0D2
:10C7100062E476E081EA97E00E9494F780916A06ED
:10C7200090916B069093CA078093C90780916C061D
:10C730008093CB0748E250E06DE676E08CEC97E022
:10C740000E9494F78091950690919606A091970685
:10C75000B09198068093F4079093F507A093F6079D
:10C76000B093F7078091990690919A069093F907F4
:10C770008093F80780919B068093FA078C149D04A0
:10C78000AE04BF0440F4C092FD07D092FE07E092D1
:10C79000FF07F092000860E08DE997E00E941A9F81
:10C7A000082F880F110B02C000E010E08091C71C19
:10C7B000811141C040913E0650913F066091400674
:10C7C000709141068091020890910308A09104089D
:10C7D000B0910508481759076A077B0761F561E0C2
:10C7E0008DE997E00E944EC6811106C063E080E0AB
:10C7F00090E00E9477BB1FC081E00E942BC01BC04D
:10C800008A3209F00CC160E08EE396E00E941A9F24
:10C81000082F880F110B88E080933C0610923D068C
:10C8200020E04CE356E062E070E0809124079091B4
:10C8300025070E945C9317FFEEC00E942EAD409129
:10C840009D0750919E0760919F077091A00785EE0C
:10C8500095E80E9459986091AE228FE190E00E9485
:10C86000436362E00E9477BBD6C040913E06509180
:10C870003F06609140067091410600915907109162
:10C880005A0720915B0730915C078091C5184017CB
:10C8900051076207730739F4823018F18BEA95E883
:10C8A0000E948AAD1EC04093590750935A07609367
:10C8B0005B0770935C07882391F084E895E80E94F9
:10C8C0008AAD6091590770915A0780915B079091EA
:10C8D0005C070E94919881E895E80E944298109226
:10C8E000110784E080931E071092580781E297E0B9
:10C8F0000E9434AC8FE390E00E943ABB28E631E01E
:10C90000281B390B3093200720931F078CE197E0F9
:10C910000E944DAC80911007833009F07CC01092CA
:10C92000100779C083E695E80E948AAD8091201FA8
:10C930008A3209F074C03CC08AE395E80E948AAD4F
:10C940008EE396E00E94119887E395E80E94429852
:10C9500081E297E00E9434AC8FE090E00E943ABB05
:10C960002AE530E0281B390B3093200720931F075E
:10C970008091201F8A3201F56EE376E083EB92E22C
:10C980000E945EF76091AE2284E190E00E944363D2
:10C99000BC0183EB92E20E948CF66091AE2285E1AD
:10C9A00090E00E944363BC0183EB92E20E948CF60C
:10C9B0008BE20E941CBC2FC080911E07823051F474
:10C9C0000E9407BC80911007811125C083E08093ED
:10C9D000100721C082E195E86BCE83EE94E80E94B7
:10C9E0008AAD81E297E00E9434AC8FE090E00E9433
:10C9F0003ABB2AE530E0281B390B309320072093FF
:10CA00001F078091201F8A3209F4BCCF8091100744
:10CA10008823E1F204C08091201F8A3261F0809166
:10CA20002407909125070E94418C8FEF9FEF9093F0
:10CA300025078093240780912407909125078F3F35
:10CA4000EFEF9E07F1F00E942F8C811114C08091AE
:10CA5000C518823020F082EA94E80E948AAD809165
:10CA60002407909125070E94418C8FEF9FEF9093B0
:10CA7000250780932407809124079091250701962C
:10CA8000F9F480911E078230D9F48091C51888236B
:10CA900021F087E594E80E948AAD84E080931E0728
:10CAA00081E297E00E9434AC8FE090E00E943ABBB4
:10CAB0002EE130E0281B390B3093200720931F070D
:10CAC00080E00E94429780912A07882341F08BE200
:10CAD00097E00E943FAC4F9710F010922A07809188
:10CAE000F806882309F470C0CE0101960E948A8559
:10CAF000F12C5BE0E52E8091F806F81608F064C092
:10CB0000CF2CD12CEC9C8001ED9C100D1124055DE7
:10CB10001E4DF801408150E060E070E08FE799E73A
:10CB20000E945998B12C4801F4018081B81630F464
:10CB30008AE799E70E944298B394F6CFF8014581BD
:10CB400050E060E070E08FE699E70E945998F801A4
:10CB5000468150E060E070E083E699E70E945998D2
:10CB6000F80167817085818592850E949198F8010E
:10CB700081819281A381B4814F85588969897A899D
:10CB800084179507A607B70768F44F855889698900
:10CB90007A89481B590B6A0B7B0B81E599E70E9448
:10CBA000599804C08EE499E70E9442982FB7F894F0
:10CBB0008091F80690E00197C816D90614F01092FB
:10CBC000F8062FBFF39497CF8091201F8111A2C048
:10CBD0008091E22181119EC086E291E20E9458ACD0
:10CBE000843F914008F496C0CE0189599F4F0E941E
:10CBF0008A8504E41DE28CEB682E8DE2782E90E4A9
:10CC0000C92E99E7D92E9E012F5F3F4F790124E36A
:10CC1000A22E29E7B22E32EE432E31E2532E46ECFD
:10CC2000842E912CF80182859385892B09F46CC0A0
:10CC300085818F9384818F93DF92CF92FF92EF92C1
:10CC40000E943EF8F70101900020E9F7AF01415042
:10CC50005109F80160817181828193810E94F97488
:10CC6000E9968CAD9DADAEADBFADE997F7010190F2
:10CC70000020E9F79F01F8014681578160857185A1
:10CC8000841B950BA60BB70BBF93AF939F938F930A
:10CC900083858F9382858F93BF92AF92C90101974D
:10CCA0009F938F930E943EF80FB6F894DEBF0FBE9D
:10CCB000CDBF8091E22181112DC065E082E299E72C
:10CCC0000E9477BB882331F1F20101900020E9F73F
:10CCD000A4014E1B5F0B4D515E4DB70182EE91E2F8
:10CCE0000E9484F7F70101900020E9F73197BF0116
:10CCF0006E197F09C7010E94CB988FE199E70E94C6
:10CD00004298F80113861286045F1F4F6016710661
:10CD100009F088CF0E94CDA28EEF96E00E943FAC32
:10CD20002091FC063091FD0628173907A0F48EEFFC
:10CD300096E00E9434AC8AE590E09093FD068093E3
:10CD4000FC060E94B054882331F080EC91E290936D
:10CD5000FD068093FC06CE0101960E948A85809193
:10CD6000FB06882309F44EC09B8180913B069817EF
:10CD700009F448C08091201F8F3111F0811142C009
:10CD800080911007882311F08330E1F580913225DE
:10CD9000909133250196B1F58091F70C882391F19C
:10CDA0008091D80C882321F08091D80C853051F5E2
:10CDB0008B8180933B0683E68093DC0C8CE680932A
:10CDC000DD0C8BE68093DE0C88859985805D8093F1
:10CDD000DF0C8F818093E00C8E818093E10C8C813D
:10CDE0008093E20C8B818093E30C8D81882311F07A
:10CDF0008D8101C087E08093E40C89E08093DA0C98
:10CE00000E94FA5882E497E00E9458AC8D3291401B
:10CE100008F011984C9B02C05A9A71C05A986FC082
:10CE20000E94418C8091C518882311F40C947CD207
:10CE300084E393E80E9442980C947CD248E253E841
:10CE400065E070E0C8010E945C938091201F8B30E8
:10CE500011F40C94A8D26091AE2280E090E00E9480
:10CE6000436364E00E9477BB882311F40C9492D250
:10CE700022EEE22E21E2F22EF70101900020E9F7E6
:10CE80003197E25EF142E83AF10510F00C9492D24B
:10CE900065E273E8C7010E948CF6D7010D9000206F
:10CEA000E9F782E392E0089FF001099FF00D189FD7
:10CEB000F00D1124E451F04F6681778180859185D2
:10CEC000AD01415051090E94F974F7010190002011
:10CED000E9F72091201F1F922F932BE133E83F9316
:10CEE0002F93CF0101979F938F930E943EF80F904D
:10CEF0000F900F900F900F900F900C9492D2C658F5
:10CF0000DF4F0FB6F894DEBF0FBECDBFDF91CF91DC
:10CF10001F910F91FF90EF90DF90CF90BF90AF9057
:10CF20009F908F907F906F905F904F900895AF92F9
:10CF3000BF92CF92DF92EF92FF920F931F93CF9306
:10CF4000DF93CDB7DEB72A970FB6F894DEBF0FBEDA
:10CF5000CDBF6EE176E00E9430CB0E945780609199
:10CF60001E0687E590E00E9443639F938F930E9483
:10CF700017F80F900F90FF24F394CE0101965C01F7
:10CF800081E0F81204C099E0C92ED12C03C083E6D9
:10CF9000C82ED12CE12C8E2D90E0C816D90664F154
:10CFA0006F2D8E2D0E94A159182FB5010E94DCCE45
:10CFB0008091F30C181304C00091EC0C10E006C033
:10CFC000812F0E940F598C0197FD14C060911E069D
:10CFD00088E590E00E9443631F930F93BF92AF9246
:10CFE0009F938F930E9417F80F900F900F900F90C0
:10CFF0000F900F90E394CFCFF39493E0F912C0CF4A
:10D0000060911E0689E590E00E9443639F938F9391
:10D010000E9417F80E9460800F900F902A960FB61A
:10D02000F894DEBF0FBECDBFDF91CF911F910F915E
:10D03000FF90EF90DF90CF90BF90AF9008951F9337
:10D04000CF93DF9300D000D000D0CDB7DEB7909162
:10D05000AE229817E1F0182F4AE0BE016F5F7F4FB4
:10D0600090E00E94A3F7BE016F5F7F4F87EC95E9C8
:10D070000E943C6B1093AE22612F8CE790E00E94DF
:10D0800043639F938F930E9417F80F900F902696FB
:10D090000FB6F894DEBF0FBECDBFDF91CF911F91C9
:10D0A00008952F923F924F925F926F927F928F924C
:10D0B0009F92AF92BF92CF92DF92EF92FF920F9327
:10D0C0001F93CF93DF93CDB7DEB7AF970FB6F8942A
:10D0D000DEBF0FBECDBF3C0162E276E00E9430CBE6
:10D0E00041E060912206C3010E943CCA882309F4F2
:10D0F0009AC36091220680E390E00E9443639BA75D
:10D100008AA76091220681E390E00E9443639DA775
:10D110008CA76091220682E390E00E9443639FA760
:10D120008EA70E945780F301EA5FFD4F80819181B5
:10D13000892B09F087C086E89AE60E945F51BE01FC
:10D140006F5F7F4F8091F30C0E94DCCE60912206CE
:10D150008CE290E00E9443639E012F5F3F4F42E0CC
:10D1600050E060E775E90E94CA5110913D08609156
:10D1700022068DE290E00E944363412F66E675E946
:10D180000E94EB51BE016F5F7F4F80913E080E946D
:10D19000DCCE609122068EE290E00E9443639E0105
:10D1A0002F5F3F4F42E050E06DE775E90E94CA51A2
:10D1B00000913C08609122068FE290E00E94436358
:10D1C0009E01265D3F4F43E060E575E90E940A52EB
:10D1D000BE016F5F7F4F83E495E90E94956A60917D
:10D1E000220683E390E00E9443639E012F5F3F4F3E
:10D1F0004FE150E063E475E90E94CA516091220654
:10D2000084E390E00E94436327E038E048E250E086
:10D210006BE375E90E94CA5110913A0860912206A9
:10D2200085E390E00E944363412F64E375E90E9427
:10D23000EB51609122068EE590E00E9443630E94CC
:10D240008B52EFC2609122068AE590E00E94436310
:10D250009F938F930E9417F885E69AE69F938F938A
:10D260000E9417F8609122068BE590E00E944363CC
:10D270009F938F930E9417F880E69AE69F938F936F
:10D280000E9417F860E775E9C3010E94907E0FB60F
:10D29000F894DEBF0FBECDBF892B09F484C060E7D0
:10D2A00075E9C3010E945C7E8D5E9E4FFC01EE0F0E
:10D2B000FF1FE60DF71D6081718142E050E08E0195
:10D2C0000F5F1F4FC8010E9494F71B82F801019065
:10D2D0000020E9F731977F01E01AF10AC8010E94A6
:10D2E00033F66E2D0E94A159F82E8BE59AE69F9396
:10D2F0008F930E9417F8609122068CE290E00E94C2
:10D3000043639F938F930E9417F80F900F900F9095
:10D310000F908091F30CF8120FC0609122068CE5FB
:10D3200090E00E9443639F938F930E9417F81F938E
:10D330000F9386E59AE620C08091201F811127C0B7
:10D340008F2D0E943759882311F1B8018F2D0E942B
:10D35000DCCEB80180E795E90E943C6B6091220623
:10D360008DE590E00E9443639F938F930E9417F88E
:10D370001F930F9381E59AE69F938F930E9417F86E
:10D380000F900F900F900F900F900F900CC0609126
:10D39000220689E490E00E9443639F938F930E944A
:10D3A00017F80F900F906DE775E9C3010E94907E0A
:10D3B000892B09F470C06DE775E9C3010E945C7E9A
:10D3C0008D5E9E4FFC01EE0FFF1FE60DF71D608185
:10D3D000718142E050E08E010F5F1F4FC8010E9433
:10D3E00094F71B82F80101900020E9F731977F0143
:10D3F000E01AF10AC8010E9433F66E2D0E94A1596D
:10D40000F82E8CE49AE69F938F930E9417F8609110
:10D4100022068EE290E00E9443639F938F930E94C6
:10D4200017F80F900F900F900F9080913E08F81210
:10D430000FC0609122068CE590E00E9443639F93A9
:10D440008F930E9417F81F930F9387E49AE619C0F1
:10D45000B8018F2D0E94DCCEB8018DE795E90E94BE
:10D460003C6BF0923E08609122068DE590E00E94B0
:10D4700043639F938F930E9417F81F930F9382E447
:10D480009AE69F938F930E9417F80F900F900F903A
:10D490000F900F900F9010913D0800912206602F81
:10D4A0008DE290E00E944363212F46E655E9BC01DE
:10D4B000C3010E94EF5391E0811101C090E090936D
:10D4C0003D0820903C08312C412C512C1091220613
:10D4D000612F8FE290E00E9443631F9372E0872EDA
:10D4E000912CA12CB12CC12CD12C7601920181015F
:10D4F00040E555E9BC01C3010E943A5360933C08E2
:10D5000063E475E9C3010E94907E0F90892B09F4B2
:10D51000B2C08E010F5F1F4FB80183E495E90E94EE
:10D52000956A019709F163E475E9C3010E945C7E85
:10D530008D5E9E4FFC01EE0FFF1FE60DF71D608113
:10D54000718148E250E0C8010E9494F719A6C80111
:10D550000E94D5AC809130088823D1F183E2898381
:10D56000BE016E5F7F4F35C063E475E9C3010E9461
:10D570005C7E8D5E9E4FFC01EE0FFF1FE60DF71DDA
:10D5800060817181C8010E9474F7892B61F683E381
:10D590009AE69F938F930E9417F86091220683E387
:10D5A00090E00E9443639F938F930E9417F86091CD
:10D5B00022068CE590E00E9443639F938F930E9424
:10D5C00017F80F900F900F900F900F900F9053C07F
:10D5D000B801809131080E94DCCE22E3E22E28E0DF
:10D5E000F22E3AE3C32E38E0D32E4CE2B42EF801EB
:10D5F00001900020E9F73197E01BF10BFF27D801DC
:10D60000AE0FBF1FBC923196B8016E0F7F1FF7019E
:10D6100081917F010E94DCCECE14DF0441F7B80176
:10D6200083E495E90E943C6B8DE39AE69F938F9388
:10D630000E9417F86091220683E390E00E94436302
:10D640009F938F930E9417F8609122068DE590E0DA
:10D650000E9443639F938F930E9417F81F930F9329
:10D6600088E39AE69F938F930E9417F80FB6F89479
:10D67000DEBF0FBECDBF6BE375E9C3010E94907E94
:10D68000892B09F4B5C08EE29AE69F938F930E948E
:10D6900017F86091220684E390E00E9443639F9311
:10D6A0008F930E9417F88E010F5F1F4FB8018BE315
:10D6B00095E90E94956A0F900F900F900F90019737
:10D6C000E1F16BE375E9C3010E945C7E8D5E9E4FC4
:10D6D000FC01EE0FFF1FE60DF71D6081718148E22E
:10D6E00050E0C8010E9494F719A6B80180E00E949A
:10D6F0006DB47C018130910509F048C0609122062B
:10D700008DE590E00E9443639F938F930E9417F8EA
:10D710001F930F9389E29AE69F938F930E9417F8C5
:10D7200049E250E0B80187E098E00E9494F7B80120
:10D730008BE395E90E943C6B55C06BE375E9C3012F
:10D740000E945C7E8D5E9E4FFC01EE0FFF1FE60D7A
:10D75000F71D60817181C8010E9474F7892B09F05F
:10D76000B0CF609122068CE590E00E9443639F93C6
:10D770008F930E9417F887E098E09F938F9387E03C
:10D780009AE69F938F930E9417F82CC018161906DB
:10D790007CF183E29AE69F938F930E9417F8609141
:10D7A00022068FE590E00E9443639F938F930E942F
:10D7B00017F8F801EE19FF0920811082CF010196B8
:10D7C0009F938F931F922F931F930F938CE09AE652
:10D7D0009F938F930E9417F80FB6F894DEBF0FBE89
:10D7E000CDBF06C00F900F900F900F900F900F902D
:10D7F00010913A0800912206602F85E390E00E9484
:10D800004363212F44E355E9BC01C3010E94EF5358
:10D8100091E0811101C090E090933A088091220636
:10D820000EDC0E946080AF960FB6F894DEBF0FBE8C
:10D83000CDBFDF91CF911F910F91FF90EF90DF90BF
:10D84000CF90BF90AF909F908F907F906F905F90A0
:10D850004F903F902F9008952F923F924F925F925A
:10D860006F927F928F929F92AF92BF92CF92DF92F0
:10D87000EF92FF920F931F93CF93DF93CDB7DEB755
:10D88000E1970FB6F894DEBF0FBECDBF3C0161E259
:10D8900076E00E9430CB41E060912106C3010E94F6
:10D8A0003CCA882309F439C26091210683E490E0E0
:10D8B0000E9443639DA38CA36091210684E490E0C1
:10D8C0000E9443639FA38EA36091210685E490E0AC
:10D8D0000E94436399A788A76091210686E490E09F
:10D8E0000E9443639BA78AA7609121068BE390E087
:10D8F0000E9443639DA78CA7609121068AE390E074
:10D900000E9443639FA78EA76091210689E390E060
:10D910000E94436399AB88AB0E945780F301EA5F92
:10D92000FD4FE080F180E114F10409F0A9C081EF1E
:10D9300099E60E945F51009106086091210682E4F9
:10D9400090E00E9443639E012C5D3F4F44E06AE2F9
:10D9500075E90E940A52009157076091210688E3F9
:10D9600090E00E9443639E01245D3F4F43E060E2EC
:10D9700075E90E940A528091740A4AE0BE016F5F05
:10D980007F4F90E00E94A3F76091210686E390E02C
:10D990000E9443639E012F5F3F4F43E050E063E1ED
:10D9A00075E90E94CA511091FB066091210687E338
:10D9B00090E00E944363412F66E075E90E94EB51BD
:10D9C0000091C51810E08091CD1C882319F0FAE071
:10D9D000EF2EF12C609121068CE390E00E944363CE
:10D9E0000E0D1F1D012E000C220B330B42E050E0E8
:10D9F00068EA75E90E94A3514090AA22512C612C3B
:10DA0000712C609121068EE390E00E9443639301A4
:10DA1000820142E050E06DE575E90E94A3516091FA
:10DA200021068FE390E00E9443632DE237E04AE055
:10DA300050E06FEB75E90E94CA511091CE1C6091C5
:10DA4000210680E490E00E944363412F62EB75E978
:10DA50000E94EB5110913B086091210681E490E017
:10DA60000E944363412F69E875E90E94EB51609180
:10DA700021068EE590E00E9443630E948B524BC1C9
:10DA8000609121068AE590E00E9443639F938F9303
:10DA90000E9417F880ED99E69F938F930E9417F8E4
:10DAA000609121068BE590E00E9443639F938F93E2
:10DAB0000E9417F88BEC99E69F938F930E9417F8BA
:10DAC00020900608312C412C512C10912106612FF9
:10DAD00082E490E00E9443631F9353E0852E912CD3
:10DAE000A12CB12CC12CD12C7601920181014AE2EA
:10DAF00055E9BC01C3010E943A5360930608209087
:10DB00005707312C412C512C10912106612F88E3AD
:10DB100090E00E9443631F9362E0862E912CA12C1B
:10DB2000B12C9201810140E255E9BC01C3010E9480
:10DB30003A53609357072090740A312C412C512C92
:10DB400010912106612F86E390E00E9443631F93AA
:10DB5000812C912C54018A94EAE0CE2ED12CE12C18
:10DB6000F12C9201810143E155E9BC01C3010E94FE
:10DB70003A536093740A1091FB0600912106602FBE
:10DB800087E390E00E944363212F46E055E9BC0102
:10DB9000C3010E94EF5391E00FB6F894DEBF0FBEB1
:10DBA000CDBF811101C090E09093FB060091C51894
:10DBB000E02EF12C8091CD1C811103C000E010E01B
:10DBC00002C00AE010E050902106652D8CE390E041
:10DBD0000E9443630E0D1F1D012E000C220B330B00
:10DBE0005F9243E1842E912CA12CB12CC12CD12C1D
:10DBF000760148EA55E9BC01C3010E943A5360939B
:10DC0000C51881E00F906A3008F480E08093CD1C45
:10DC10006A3018F06A506093C5182090AA22312CFF
:10DC2000412C512C10912106612F8EE390E00E942F
:10DC300043631F9329E0822E912CA12CB12CC12C7F
:10DC4000D12C7601920181014DE555E9BC01C3015A
:10DC50000E943A536093AA226FEB75E9C3010E94B8
:10DC6000907E0F90892B41F16FEB75E9C3010E9403
:10DC70005C7E8D5E9E4FFC01EE0FFF1FE60DF71DD3
:10DC8000608171814AE050E08DE297E00E9494F754
:10DC9000109237076DE277E08FEB95E90E943C6BBD
:10DCA000609121068AE490E00E9443639F938F93E2
:10DCB0000E9417F80F900F901091CE1C0091210632
:10DCC000602F80E490E00E944363212F42EB55E9EE
:10DCD000BC01C3010E94EF5391E0811101C090E0AB
:10DCE0009093CE1C10913B0800912106602F81E497
:10DCF00090E00E944363212F49E855E9BC01C3012C
:10DD00000E94EF5391E0811101C090E090933B0895
:10DD10008091210694D90E946080E1960FB6F89414
:10DD2000DEBF0FBECDBFDF91CF911F910F91FF904E
:10DD3000EF90DF90CF90BF90AF909F908F907F90AB
:10DD40006F905F904F903F902F9008952F923F9249
:10DD50004F925F926F927F928F929F92AF92BF92FB
:10DD6000CF92DF92EF92FF920F931F93CF93DF93A7
:10DD7000CDB7DEB7A8970FB6F894DEBF0FBECDBF04
:10DD80003C016FE176E00E9430CB41E060911F06DC
:10DD9000C3010E943CCA882309F4F9C10E9457803C
:10DDA000F301EA5FFD4F80819181892B09F0ACC0BE
:10DDB000BE016F5F7F4F8CEC94E90E94956A0197DA
:10DDC00021F4CE0101964FD702C08DE290E09093EE
:10DDD0001B0780931A0786EB99E60E945F5180909B
:10DDE000610790906207A0906307B090640760910C
:10DDF0001F068DE490E00E944363950184014AE090
:10DE000050E06CEF74E90E94A35180905F079090FE
:10DE10006007A12CB12C60911F068FE490E00E9456
:10DE200043639501840146E050E068EF74E90E9485
:10DE3000A35180905D0790905E07A12CB12C60915A
:10DE40001F0682E590E00E9443639501840146E04D
:10DE500050E064EE74E90E94A35111E080911E0726
:10DE6000811101C010E060911F0680E590E00E94E2
:10DE70004363412F6DEE74E90E94EB5180901A07C5
:10DE800090901B07A12CB12C60911F0681E590E0BA
:10DE90000E9443639501840143E050E06CEC74E917
:10DEA0000E94A35110915D0A60911F0683E590E0E6
:10DEB0000E944363412F6FEB74E90E94EB517AE2B9
:10DEC000C72E71E0D72E0AEB14E2F601A190B190B3
:10DED0006F0160911F0685E590E00E944363980101
:10DEE00048E250E0B5010E94CA51085D1F4FF5E2BB
:10DEF00002331F0751F760911F068EE590E00E94E4
:10DF000043630E948B5241C160911F068AE590E0F5
:10DF10000E9443639F938F930E9417F886E999E6C6
:10DF20009F938F930E9417F860911F068BE590E0F6
:10DF30000E9443639F938F930E9417F881E999E6AB
:10DF40009F938F930E9417F820906107309062078B
:10DF5000409063075090640710911F06612F8DE475
:10DF600090E00E9443631F9388248A94982C540164
:10DF7000C12CD12C7601920181014CEF54E9BC01F6
:10DF8000C3010E943A5360936107709362078093C4
:10DF90006307909364070FB6F894DEBF0FBECDBF42
:10DFA000603177428105910560F460911F068EE42F
:10DFB00090E00E9443639F938F930E9417F80F9005
:10DFC0000F9020905F0730906007412C512C1091EA
:10DFD0001F06612F8FE490E00E9443631F93882403
:10DFE0008A94982CA12CB12CC12CD12C76019201B1
:10DFF000810148EF54E9BC01C3010E943A53709378
:10E00000600760935F0720905D0730905E07412CAA
:10E01000512C10911F06612F82E590E00E9443630E
:10E020001F93C12CD12C7601C3949201810144EE3F
:10E0300054E9BC01C3010E943A5370935E07609398
:10E040005D071092580711E00F900F9080911E0706
:10E05000811101C010E000911F06602F80E590E063
:10E060000E944363212F4DEE54E9BC01C3010E947D
:10E07000EF53882321F083E080931E0702C01092A3
:10E080001E0720901A0730901B07412C512C10912D
:10E090001F06612F81E590E00E9443631F9388244F
:10E0A0008A94982CA12CB12CC12CD12C76019201F0
:10E0B00081014CEC54E9BC01C3010E943A537093B6
:10E0C0001B0760931A0710915D0A00911F06602FCD
:10E0D00083E590E00E944363212F4FEB54E9BC019C
:10E0E000C3010E94EF530F908823A1F080911E0777
:10E0F000811104C081E080935D0A0EC060911F060B
:10E1000084E590E00E9443639F938F9390D70F9094
:10E110000F9002C010925D0A8AE2882E81E0982E4C
:10E120009AEBC92E94E2D92E2AE9A22E21E2B22E30
:10E13000F401419051904F01E0901F066E2D85E54E
:10E1400090E00E944363860128E230E0A201BC0116
:10E15000C3010E94A752F5011192119211921192DE
:10E160005F01F8E2CF0ED11C22E3C21625E2D206EF
:10E17000F9F680911F060E941FE8809110078330F6
:10E1800011F410921007109211070E946080A89657
:10E190000FB6F894DEBF0FBECDBFDF91CF911F91B8
:10E1A0000F91FF90EF90DF90CF90BF90AF909F9036
:10E1B0008F907F906F905F904F903F902F90089539
:10E1C0001F920F920FB60F9211240BB60F922F933E
:10E1D0003F934F935F936F937F938F939F93AF93EF
:10E1E000BF93EF93FF93F894A89580E00E948E83ED
:10E1F00081E00E948E8382E00E948E838DB79EB75D
:10E200009093432D8093422D8BEB9BEB9093412D6C
:10E210008093402D2091422D3091432D8FEF91E23C
:10E22000821B930B6091422D7091432D6F5F7F4F46
:10E23000AC01919581959109C9D58091422D90911C
:10E24000432D892BD1F78091422D9091432D9EBF74
:10E250008DBF8091422D9091432D4FEF51E2481B8D
:10E26000590B8091422D9091432D66277727641B8F
:10E27000750B0196ABD5FF91EF91BF91AF919F9137
:10E280008F917F916F915F914F913F912F910F905F
:10E290000BBE0F900FBE0F901F9018956F927F923C
:10E2A0008F929F92AF92BF92CF92DF92EF92FF92A6
:10E2B0000F931F93CF93DF93CDB7DEB7AA970FB617
:10E2C000F894DEBF0FBECDBF83E68093201F10926F
:10E2D0007B0C10927A0C0898109A529A54985C9879
:10E2E000099A0E945B994091BC2D50E060E070E07B
:10E2F00083E599E60E94599883E499E69F938F936A
:10E3000096D61092E221109200070E94FDB485EE8D
:10E310009CE10E94F2598EEA91E20E94F2590E9419
:10E32000EABF1092B3221092DE0A83E299E69F932D
:10E330008F937DD61092F806CE0101963C01BC0168
:10E3400080E795E90E94956A0F900F900F900F90CB
:10E35000019771F4F30101900020E9F731978F01E3
:10E3600006191709C3017FD4602F0E94A15901C06B
:10E370008CED8093F30C60E086E695E90E943C51B9
:10E3800091E0811101C090E090933D08B30180E5D8
:10E3900095E90E94956A019719F4C30164D401C0FC
:10E3A00081E080933C08B3018DE795E90E94956A6E
:10E3B000019781F4F30101900020E9F731978F0173
:10E3C00006191709C3014FD4602F0E94A1598093E9
:10E3D0003E0804C010923E0810923D08E1E3F8E0C8
:10E3E000119298E0EA33F907D9F710923008B30197
:10E3F00083E495E90E94956A019719F4C3010E948C
:10E40000D5AC67E078E08BE395E90E94956A892BAB
:10E4100029F46EE179E687E098E09DD460E084E33A
:10E4200095E90E943C5191E0811101C090E09093E8
:10E430003A08B3018CEF94E90E94956A019759F468
:10E44000C3012ED4609361077093620780936307C2
:10E450009093640708C010926107109262071092AF
:10E46000630710926407B30188EF94E90E94956AEC
:10E47000019739F4C301F7D39093600780935F0746
:10E4800004C01092600710925F0710925807B30102
:10E4900084EE94E90E94956A019739F4C30100D48F
:10E4A00070935E0760935D0706C086E890E09093E6
:10E4B0005E0780935D07B30188ED94E90E94956A39
:10E4C000019739F4C301ECD370934908609348086D
:10E4D00006C083E591EC909349088093480860E07A
:10E4E0008DEE94E90E943C51882321F085E08093D1
:10E4F0001E0702C010921E0760E08FEB94E90E9495
:10E500003C51882341F080911E07811104C081E0B5
:10E5100080935D0A02C010925D0AB3018CEC94E90D
:10E520000E94956A019719F4C3019DD302C08DE240
:10E5300090E090931B0780931A07B3018AE295E954
:10E540000E94956A019719F4C3018DD301C083E03D
:10E5500080930608B30180E295E90E94956A0197CD
:10E5600019F4C30180D301C082E080935707B3013F
:10E5700083E195E90E94956A019719F4C30173D369
:10E5800001C084E48093740A8091740A8A3018F47C
:10E590008AE08093740A8AE2E82E81E0F82E0AEB82
:10E5A00014E29AE9892E91E2992E2FE3A22E27E018
:10E5B000B22E38E3C32E37E0D32EB801F701819194
:10E5C00091917F010E94956A019711F0F8011082E4
:10E5D000F40111921192119211924F01F5011192D1
:10E5E0005F01C6010E9434AC085D1F4FF2E0CF0E00
:10E5F000D11C20E3E21621E0F206F9F610923E0764
:10E600006DE277E08FEB95E90E94956A019711F032
:10E6100010922D0710922A0761E082EB95E90E9483
:10E620003C5191E0811101C090E09093CE1C60E0DC
:10E6300089E895E90E943C5191E0811101C090E088
:10E6400090933B0861E086E095E90E943C5191E09F
:10E65000811101C090E09093FB06B3018DE595E92F
:10E660000E94956A019719F4C301FDD201C082E0AE
:10E670008093AA22B30187EC95E90E94956A0197DD
:10E6800029F4C301F0D28093AE2202C01092AE22D0
:10E69000B30188EA95E90E94956A019719F4C301CC
:10E6A000E2D201C081E08093C5188091C51891E045
:10E6B0008A3008F490E09093CD1C8A3018F08A508C
:10E6C0008093C518BE016F5F7F4F88E995E90E946E
:10E6D000956A019721F4CE010196C5D201C081E06F
:10E6E00080939A180FEF1FEF1093250700932407CC
:10E6F000109223078FE099E69F938F9398D481E03F
:10E700008093F00C10933325009332251092C71C90
:10E710001092680A1092690A10926A0A10926B0AA3
:10E720001092C61C88EC9CE10E944DAC1092AC216A
:10E730001092AB211092CB1C1092CA1C10936D0A40
:10E7400000936C0A80E69AE00E944DAC1092590743
:10E7500010925A0710925B0710925C0783E0809337
:10E76000100710921107109317070093160764E61D
:10E7700070E081E097E00E9486B310935B0A0093FB
:10E780005A0A10925C0A109255081092540810927E
:10E790004D0810925108109250088BE498E00E94A6
:10E7A00034AC10924A080F900F908091BC2D8830A5
:10E7B00071F0E4E4FDE28CEB9DE2138612863C9658
:10E7C0008E179F07D1F786E291E20E944DAC0E941E
:10E7D000695985EC8093BC001092F6061092F506FC
:10E7E00081E297E00E9434AC83E090E090932007B0
:10E7F00080931F0780EA8093EC0C84E893E00E94EA
:10E80000348386E790EB0E947D83882309F4ACC0B3
:10E810008FEE98E69F938F930AD40F900F900099F4
:10E82000A1C080E00E94978381E00E948E8382E0F5
:10E830000E94978383E00E949783CE0189960E946D
:10E840004DACCE0189960E9458AC459718F40099BA
:10E85000F8CFF3CF80E00E948E8381E00E949783FF
:10E86000CE0189960E944DAC10E0CE0189960E949F
:10E8700058AC8D32914008F067C0009937C0CE0186
:10E880008996111107C00E944DAC82E00E948E83D0
:10E8900011E0EBCF0E9458AC8D329140E0F080E067
:10E8A0000E94978381E00E948E8382E00E948E8383
:10E8B00083E00E948E830E949567CE0189960E9414
:10E8C0004DACCE0189960E9458AC85369105C8F3AF
:10E8D0000E941397CACFCE0189960E9458AC893CFA
:10E8E000910518F283E00E948E83BFCF112309F4B3
:10E8F000BCCFCE0189960E9458AC4597E8F080E0E5
:10E900000E94978381E00E948E8382E00E94978319
:10E9100083E00E948E838AEE98E60E94736BCE019C
:10E9200089960E944DACCE0189960E9458AC8536DE
:10E930009105C8F30E941397CE0189960E944DACB1
:10E9400082E00E94978390CF111197CF80E00E94C0
:10E95000978381E00E94978382E00E94978383E0FF
:10E960000E948E8310921F1FAA960FB6F894DEBFE6
:10E970000FBECDBFDF91CF911F910F91FF90EF9010
:10E98000DF90CF90BF90AF909F908F907F906F90CF
:10E9900008958091A8018093A8218091A701809378
:10E9A000A821809102008093A8218091000080938B
:10E9B000A82108958AED98E69F938F9338D38CEC25
:10E9C0009CEC9093432D8093422D8DED9DED909383
:10E9D000412D8093402D10925207109253071092B0
:10E9E00054071092550798E288E10FB6F894A8955D
:10E9F000809360000FBE909360009FB7F894809161
:10EA000060008861809360008091600088648093DA
:10EA100060009FBF88E291E20E944DAC68EC78E60E
:10EA200086E99DEC0E94FA7F65EB78E68EEF9CEC20
:10EA30000E94FA7F6EE978E687E997EE0E94FA7FF6
:10EA400068E878E681E598EE0E94FA7F62E778E66A
:10EA50008CE29CEE0E94FA7F6DE578E686EA9EEEF7
:10EA60000E94FA7F67E478E68CE89EEC0E94FA7FC9
:10EA700066E378E687E695EB0E94FA7F63E278E644
:10EA800087ED9BEC0E94FA7F67E178E68AEA9EECCC
:10EA90000E94FA7F0E9435636FE078E684E395E593
:10EAA0000E94FA7F83E098E69F938F93C0D286E816
:10EAB00090E00E94D08B8FEF8093F7061F9286E83C
:10EAC0008F9381EF97E69F938F93B1D26AEE77E6AB
:10EAD00088E09FEC0E94537C0E94B4AB8AED97E6DD
:10EAE0009F938F93A4D28FEF9FEF9093B82480933E
:10EAF000B7248FEC9CE10E948A858EEF96E00E94FD
:10EB000034AC8091D61C9091D71C2DB73EB7265FB0
:10EB10003F4F0FB6F8943EBF0FBE2DBF803D9740CC
:10EB200018F088E590E202C08AE590E09093FD0637
:10EB30008093FC061092D50C1092D40C2ADF80E052
:10EB40000C941CBC0E94809682E00E948E83A6DBFF
:10EB50000E941A750E943E4B83E00E948E830E94A1
:10EB6000E04D82E00E94978325DF83E00E94978337
:10EB70000E94747CFDCFAA1BBB1B51E107C0AA1FDA
:10EB8000BB1FA617B70710F0A61BB70B881F991F4E
:10EB90005A95A9F780959095BC01CD01089597FBF2
:10EBA000072E16F4009406D077FD08D0E4DF07FCAA
:10EBB00005D03EF4909581959F4F0895709561958D
:10EBC0007F4F0895A1E21A2EAA1BBB1BFD010DC0A9
:10EBD000AA1FBB1FEE1FFF1FA217B307E407F5070D
:10EBE00020F0A21BB30BE40BF50B661F771F881FE9
:10EBF000991F1A9469F760957095809590959B017F
:10EC0000AC01BD01CF010895EE0FFF1F0024001CD1
:10EC10000BBE0790F691E02D099469279627692786
:10EC20007827872778270895A29FB001B39FC00156
:10EC3000A39F700D811D1124911DB29F700D811D28
:10EC40001124911D0895F0DFB7FF0895821B930BE7
:10EC50000895EADFA59F900DB49F900DA49F800DAD
:10EC6000911D11240895FC0188279927E89421918A
:10EC70002032E9F3293010F02E30C8F32B3239F06E
:10EC80002D3231F4689403C07DD1820F911D219102
:10EC900020532A30C8F31EF4909581959F4F089514
:10ECA0001F93FC0199278827BC01E8941191103229
:10ECB000E9F3193010F01E30C8F31B3249F01D3251
:10ECC00041F4689405C049D1610F711D811D911DEA
:10ECD000119110531A30B8F33EF4909580957095C9
:10ECE00061957F4F8F4F9F4F1F910895FB01DC016E
:10ECF00004C08D910590801921F441505040C8F70F
:10ED0000881B990B0895FB01DC0102C005900D9250
:10ED100041505040D8F70895FB01DC010D900020D0
:10ED2000E9F7119705900D920020E1F70895FC0195
:10ED30000590061621F00020D9F7C00108953197FB
:10ED4000CF010895FB01DC018D9105908019011020
:10ED5000D9F3990B0895FB01DC0105900D92002079
:10ED6000E1F70895FC0105900020E9F78095909562
:10ED70008E0F9F1F0895FB01DC010D900020E9F725
:10ED800011974150504028F0059000200D92C9F78E
:10ED900008951C920895FB01DC014150504030F071
:10EDA0008D910590801919F40020B9F7881B990BF3
:10EDB0000895FB01DC0104C08D910190801921F4BC
:10EDC00041505040C8F7881B990B0895FB01DC01A6
:10EDD00002C001900D9241505040D8F7089521157E
:10EDE000310511F11F930F93240F351F680F791F01
:10EDF000FA011591AF01DC01A617B70780F40D9158
:10EE00000117D1F7CD01FA01E217F30750F4A61765
:10EE1000B70728F40D9105900015B1F3ECCF81E010
:10EE200090E001970F911F9108956817790768F492
:10EE3000FB01DC01E40FF51FA40FB51F02C0029017
:10EE40000E9241505040D8F70895C0CFFB01DC012D
:10EE50008D9181341CF08B350CF4805E61916134AE
:10EE60001CF06B350CF4605E861B611189F3990B05
:10EE70000895FB0151915523B1F0BF01DC01052E2E
:10EE80004D91442369F010D0D9F7CD0101900020B5
:10EE900049F04D91411108D0C9F3FB014111EECF6A
:10EEA00081E090E001970895402539F0403229F43F
:10EEB00040294B57465E08F018940895FB01DC0189
:10EEC0000D900020E9F7119701900D920020E1F7D5
:10EED0000895FC018191861721F08823D9F799279D
:10EEE00008953197CF010895FB01DC018D910190C8
:10EEF00080190110D9F3990B0895FB01DC010190F1
:10EF00000D920020E1F70895FB01DC010D90002037
:10EF1000E9F711974150504028F0019000200D92E0
:10EF2000C9F708951C920895FB01DC01415050403F
:10EF300048F001900D920020C9F701C01D92415088
:10EF40005040E0F70895BB274A3031F4992322F46A
:10EF5000BDE2909581959F4F3FC0592F482F372F85
:10EF6000262F660F771F881F991F660F771F881F30
:10EF7000991F620F731F841F951F660F771F881FCD
:10EF8000991F08957AE0979F902D879F802D910D6E
:10EF900011240895BB27FA01A62F62177105810578
:10EFA0009105330B30FB66F0AA27660F771F881F89
:10EFB000991FAA1FA21710F0A21B63953850A9F73A
:10EFC000A05DAA3308F0A95DA19336F7B111B19302
:10EFD0001082CA0194C2BB27FB015527AA27880FBC
:10EFE000991FAA1FA41710F0A41B83955051B9F7BD
:10EFF000A05DAA3308F0A95DA193009779F7B1113C
:10F00000B1931192CB017BC2CF93DF93CDB7DEB723
:10F01000AE014B5F5F4FFA0161917191AF01809139
:10F0200036259091372558D0DF91CF9108950F93D1
:10F030001F93CF93DF93CDB7DEB7AE01495F5F4F2C
:10F04000DA016D917D91AD0104E315E2F801828151
:10F050009381DC0113962C911397286013962C93BF
:10F060003BD0D8011296ED91FC9113972381277F15
:10F070002383DF91CF911F910F9108950F931F93D9
:10F08000CF93DF93CDB7DEB72E970FB6F894DEBFE0
:10F090000FBECDBF0D891E898EE08C831A83098334
:10F0A0008FEF9FE79E838D83AE01475E5F4F6F8931
:10F0B000788DCE01019610D0EF81F885E00FF11F19
:10F0C00010822E960FB6F894DEBF0FBECDBFDF9133
:10F0D000CF911F910F9108952F923F924F925F927F
:10F0E0006F927F928F929F92AF92BF92CF92DF9258
:10F0F000EF92FF920F931F93CF93DF93CDB7DEB7BD
:10F100002B970FB6F894DEBF0FBECDBF6C017B010D
:10F110008A01FC0117821682838181FFBFC1CE0163
:10F1200001963C01F6019381F70193FD859193FFD0
:10F1300081917F01882309F4ADC1853239F493FDB3
:10F14000859193FF81917F01853221F4B60190E092
:10F15000E6D1E8CF912C212C312CFFE1F315D8F02A
:10F160008B3279F038F4803279F08332A1F4232D98
:10F1700020611DC08D3261F0803369F4232D216040
:10F1800016C0832D8260382EE32DE4603E2E2AC007
:10F19000F32DF8601DC037FC2DC020ED280F2A305C
:10F1A00040F08E32B9F436FC75C1232D2064322E26
:10F1B00019C036FE06C08AE0989E200D1124922EBA
:10F1C00011C0EAE02E9E200D1124222EF32DF062B4
:10F1D0003F2E08C08C3621F4832D8068382E02C063
:10F1E000883641F4F70193FD859193FF81917F016A
:10F1F0008111B3CF982F9F7D9554933028F40C5FE5
:10F200001F4F9FE399830DC0833631F0833771F030
:10F21000833509F055C020C0F801808189830E5FD5
:10F220001F4F88248394912C530112C02801F2E0CF
:10F230004F0E511CF801A080B18036FE03C0692D2D
:10F2400070E002C06FEF7FEFC5014ED14C0182012B
:10F25000F32DFF773F2E15C0280122E0420E511CEE
:10F26000F801A080B18036FE03C0692D70E002C0B5
:10F270006FEF7FEFC5012DD14C01F32DF0683F2ECC
:10F28000820133FC19C0822D90E088169906A0F403
:10F29000B60180E290E043D12A94F5CFF50137FC26
:10F2A000859137FE81915F01B60190E038D1211040
:10F2B0002A9421E0821A91088114910479F7E1C01F
:10F2C000843611F0893639F5F80137FE07C06081C0
:10F2D0007181828193810C5F1F4F08C060817181B1
:10F2E000072E000C880B990B0E5F1F4FF32DFF7636
:10F2F0003F2E97FF09C090958095709561957F4F3F
:10F300008F4F9F4FF0683F2E2AE030E0A30143D19A
:10F31000882E861844C0853731F4232D2F7EB22ED7
:10F320002AE030E025C0932D997FB92E8F36C1F0A9
:10F3300018F4883579F0AEC0803719F0883721F09D
:10F34000A9C0E92FE061BE2EB4FE0DC0FB2DF46014
:10F35000BF2E09C034FE0AC0292F2660B22E06C077
:10F3600028E030E005C020E130E002C020E132E0DA
:10F37000F801B7FE07C060817181828193810C5FC3
:10F380001F4F06C06081718180E090E00E5F1F4FCB
:10F39000A30101D1882E8618FB2DFF773F2E36FE64
:10F3A0000DC0232D2E7FA22E891458F434FE0BC0DD
:10F3B00032FC09C0832D8E7EA82E05C0B82CA32C4C
:10F3C00003C0B82C01C0B92CA4FE0FC0FE01E80D8B
:10F3D000F11D8081803321F49A2D997EA92E09C0D8
:10F3E000A2FE06C0B394B39404C08A2D867809F0B7
:10F3F000B394A3FC10C0A0FE06C0B21480F4280C85
:10F40000922C9B180DC0B21458F4B60180E290E023
:10F4100086D0B394F8CFB21418F42B1802C0982CED
:10F42000212CA4FE0FC0B60180E390E078D0A2FEAC
:10F4300016C0A1FC03C088E790E002C088E590E018
:10F44000B6010CC08A2D867851F0A1FE02C08BE275
:10F4500001C080E2A7FC8DE2B60190E060D0891483
:10F4600030F4B60180E390E05AD09A94F8CF8A94B1
:10F47000F301E80DF11D8081B60190E050D08110BC
:10F48000F6CF222009F44ECEB60180E290E047D0BC
:10F490002A94F7CFF6018681978102C08FEF9FEF04
:10F4A0002B960FB6F894DEBF0FBECDBFDF91CF9184
:10F4B0001F910F91FF90EF90DF90CF90BF90AF9092
:10F4C0009F908F907F906F905F904F903F902F9084
:10F4D0000895FC010590615070400110D8F78095A7
:10F4E00090958E0F9F1F0895FC0161507040019010
:10F4F0000110D8F7809590958E0F9F1F0895DC011D
:10F50000FC01672F71917723E1F7329704C07C915A
:10F510006D9370836291AE17BF07C8F308950F9380
:10F520001F93CF93DF93FB01238121FD03C08FEF56
:10F530009FEF2CC022FF16C0468157812481358160
:10F540004217530744F4A081B1819D012F5F3F4FC3
:10F55000318320838C93268137812F5F3F4F378300
:10F56000268314C08B01EC01FB010084F185E02DA2
:10F570000995892BE1F6D80116968D919C911797E4
:10F58000019617969C938E931697CE01DF91CF919B
:10F590001F910F910895FA01AA27283051F12031C7
:10F5A00081F1E8946F936E7F6E5F7F4F8F4F9F4F17
:10F5B000AF4FB1E03ED0B4E03CD0670F781F891F59
:10F5C0009A1FA11D680F791F8A1F911DA11D6A0F27
:10F5D000711D811D911DA11D20D009F468943F91DA
:10F5E0002AE0269F11243019305D3193DEF6CF01D9
:10F5F0000895462F4770405D4193B3E00FD0C9F79F
:10F60000F6CF462F4F70405D4A3318F0495D31FD0B
:10F610004052419302D0A9F7EACFB4E0A69597955E
:10F62000879577956795BA95C9F700976105710534
:10F6300008959B01AC010A2E06945795479537957E
:10F640002795BA95C9F7620F731F841F951FA01DD8
:10F650000895DC01CB01FC01F999FECF06C0F2BD93
:10F66000E1BDF89A319600B40D9241505040B8F780
:10F670000895F999FECF92BD81BDF89A992780B57A
:10F680000895262FF999FECF1FBA92BD81BD20BDE6
:10F690000FB6F894FA9AF99A0FBE01960895F89465
:02F6A000FFCF9A
:10F6A200FFFFFFFF02036F5A16C8FFC0A801FAC08E
:10F6B200A801FAFFFFFF00C0A8018E0000000300AE
:10F6C200000000887B2A7B000001B494A9949E94D8
:10F6D2006F6666003F4FF64F3F50555061504D43A5
:10F6E20050636F6E666967000760305E00D6012264
:10F6F2005E485D00D9001D5ACC58005001BC589993
:10F702005700220189576D56001B015E561D550098
:10F7120040010E55D453003901CA534450008503A9
:10F722003A50794E00C001654E774C00ED01634CB2
:10F73200844A00DE016D4AEA47008202D3477145DE
:10F742000061025E45F643006701E3437B420067C6
:10F7520001345D2B5A02090370422B42004400001F
:10F76200000000000000A682B282B882CA820000B5
:10F77200DD82E382FC821983000031000101020272
:10F782000103616273006E630064657200626B0064
:00000001FF
